frame,time_s,ped1,ped2,distance,heading_diff_deg,lateral_ratio,formation,ttc
1,0.000000,1,2,0.551723,1.071643,0.989380,True,
1,0.000000,1,3,1.651063,11.025073,0.248201,False,
1,0.000000,1,4,2.086115,7.625235,0.585513,False,
1,0.000000,1,5,4.880259,8.732069,0.168462,False,
1,0.000000,2,3,1.473170,12.096716,0.074664,False,
1,0.000000,2,4,1.714061,8.696878,0.407777,False,
1,0.000000,2,5,4.767321,7.660426,0.067896,False,
1,0.000000,3,4,0.780552,3.399839,0.973547,True,
1,0.000000,3,5,3.294182,19.757142,0.039829,False,
1,0.000000,3,6,4.085530,174.546218,0.110495,False,
1,0.000000,4,5,3.338694,16.357303,0.246853,False,
1,0.000000,4,6,4.305090,177.946057,0.159168,False,
1,0.000000,5,6,1.225161,165.696640,0.994418,False,
1,0.000000,5,7,2.572584,152.113849,0.974712,False,
1,0.000000,6,7,1.891760,13.582791,0.004976,False,
1,0.000000,7,8,4.251598,1.375782,0.697574,False,
11,0.400000,1,2,0.542687,1.071643,0.987547,True,
11,0.400000,1,3,1.575960,11.025073,0.317405,False,
11,0.400000,1,4,2.071004,7.625235,0.621383,False,
11,0.400000,1,5,4.712152,8.732069,0.160415,False,
11,0.400000,1,6,4.511315,174.428709,0.781482,False,
11,0.400000,2,3,1.358857,12.096716,0.007643,False,
11,0.400000,2,4,1.680191,8.696878,0.460609,False,
11,0.400000,2,5,4.599505,7.660426,0.057686,False,
11,0.400000,2,6,4.521602,173.357066,0.709895,False,
11,0.400000,3,4,0.764416,3.399839,0.959833,True,
11,0.400000,3,5,3.247243,19.757142,0.082144,False,
11,0.400000,3,6,3.256051,174.546218,0.001216,False,
11,0.400000,3,7,4.976847,171.870991,0.901014,False,
11,0.400000,4,5,3.281610,16.357303,0.286693,False,
11,0.400000,4,6,3.525674,177.946057,0.299770,False,
11,0.400000,5,6,1.052768,165.696640,0.644858,False,
11,0.400000,5,7,1.807628,152.113849,0.998625,False,
11,0.400000,5,8,4.933792,150.738067,0.994561,False,
11,0.400000,6,7,1.889889,13.582791,0.058065,False,
11,0.400000,7,8,4.443487,1.375782,0.665706,False,
21,0.800000,1,2,0.533732,1.071643,0.985503,True,
21,0.800000,1,3,1.509847,11.025073,0.391190,False,
21,0.800000,1,4,2.060134,7.625235,0.656426,False,
21,0.800000,1,5,4.544382,8.732069,0.151762,False,
21,0.800000,1,6,3.502577,174.428709,0.748838,False,
21,0.800000,2,3,1.251760,12.096716,0.071276,False,
21,0.800000,2,4,1.652329,8.696878,0.513741,False,
21,0.800000,2,5,4.432217,7.660426,0.046697,False,
21,0.800000,2,6,3.541451,173.357066,0.649967,False,
21,0.800000,3,4,0.750590,3.399839,0.942618,True,
21,0.800000,3,5,3.206316,19.757142,0.125465,False,
21,0.800000,3,6,2.494256,174.546218,0.184162,False,
21,0.800000,3,7,4.161083,171.870991,0.938897,False,
21,0.800000,4,5,3.230337,16.357303,0.327353,False,
21,0.800000,4,6,2.859306,177.946057,0.499612,False,
21,0.800000,4,7,4.300985,168.471152,0.969947,False,
21,0.800000,5,6,1.486551,165.696640,0.093809,False,
21,0.800000,5,7,1.168148,152.113849,0.944020,False,
21,0.800000,5,8,4.480301,150.738067,0.999693,False,
21,0.800000,6,7,1.895534,13.582791,0.120751,False,
21,0.800000,7,8,4.643106,1.375782,0.635416,False,
31,1.200000,1,2,0.524694,0.805045,0.980144,True,
31,1.200000,1,3,1.452922,8.625333,0.431560,False,
31,1.200000,1,4,2.046326,5.225494,0.664968,False,
31,1.200000,1,5,4.387752,11.131809,0.113941,False,
31,1.200000,1,6,2.527896,176.828449,0.666021,False,
31,1.200000,1,7,4.359545,167.803610,0.957446,False,
31,1.200000,1,9,2.845270,16.148677,0.271211,False,
31,1.200000,2,3,1.174815,9.430378,0.110717,False,
31,1.200000,2,4,1.637974,6.030540,0.526244,False,
31,1.200000,2,5,4.293508,10.326764,0.004235,False,
31,1.200000,2,6,2.637794,176.023404,0.768610,False,
31,1.200000,2,7,4.375622,166.998565,0.948614,False,
31,1.200000,2,9,3.054814,15.343632,0.431050,False,
31,1.200000,3,4,0.739205,3.399839,0.921701,True,
31,1.200000,3,5,3.171633,19.757142,0.169572,False,
31,1.200000,3,6,1.884086,174.546218,0.485508,False,
31,1.200000,3,7,3.369832,176.428943,0.811841,False,
31,1.200000,3,9,4.224251,24.774010,0.351880,False,
31,1.200000,4,5,3.185145,16.357303,0.368620,False,
31,1.200000,4,6,2.401964,177.946057,0.749471,False,
31,1.200000,4,7,3.574699,173.029104,0.998010,False,
31,1.200000,4,9,4.643076,21.374171,0.491383,False,
31,1.200000,5,6,2.192174,165.696640,0.182466,False,
31,1.200000,5,7,0.918446,156.671801,0.532840,False,
31,1.200000,5,8,4.125552,162.365117,0.968461,False,
31,1.200000,6,7,1.889543,9.024839,0.124288,False,
31,1.200000,6,9,5.245198,160.679772,0.868467,False,1.701133
31,1.200000,7,8,4.895148,5.693317,0.687565,False,
31,1.200000,7,9,7.128421,151.654933,0.933527,False,2.376928
41,1.600000,1,2,0.526806,1.242631,0.982340,True,
41,1.600000,1,3,1.385777,2.011190,0.471762,False,
41,1.600000,1,4,1.983327,1.667892,0.688897,False,
41,1.600000,1,5,4.245060,17.237278,0.090958,False,
41,1.600000,1,6,1.678808,175.239171,0.788019,False,
41,1.600000,1,7,3.375182,174.683347,0.996020,False,
41,1.600000,1,9,2.788842,18.658047,0.323444,False,
41,1.600000,2,3,1.128767,0.768559,0.109207,False,4.722747
41,1.600000,2,4,1.594713,2.910523,0.521749,False,9.197697
41,1.600000,2,5,4.203777,18.479910,0.039737,False,
41,1.600000,2,6,1.927828,173.996540,0.997799,False,
41,1.600000,2,7,3.479969,175.925979,0.867345,False,
41,1.600000,2,9,3.000281,19.900679,0.473406,False,
41,1.600000,3,4,0.716729,3.679081,0.939095,True,2.277156
41,1.600000,3,5,3.142799,19.248468,0.143869,False,
41,1.600000,3,6,1.548394,173.227981,0.251538,False,
41,1.600000,3,7,2.618712,176.694537,0.847812,False,
41,1.600000,3,9,4.115815,20.669237,0.432893,False,
41,1.600000,4,5,3.166826,15.569387,0.333109,False,
41,1.600000,4,6,2.204690,176.907063,0.567883,False,
41,1.600000,4,7,2.940697,173.015456,0.997942,False,
41,1.600000,4,9,4.567723,16.990156,0.564870,False,
41,1.600000,5,6,2.885056,167.523550,0.640237,False,
41,1.600000,5,7,1.324865,157.446069,0.077833,False,
41,1.600000,5,8,3.901393,176.991775,0.947449,False,
41,1.600000,6,7,1.785242,10.077481,0.097005,False,
41,1.600000,6,9,4.223616,166.102781,0.616294,False,1.514475
41,1.600000,7,9,6.008542,156.025300,0.944951,False,1.943225
51,2.000000,1,2,0.531661,1.242626,0.993212,True,
51,2.000000,1,3,1.316750,0.979738,0.510048,False,
51,2.000000,1,4,1.891896,4.909111,0.720477,True,
51,2.000000,1,5,4.111864,25.016110,0.112470,False,
51,2.000000,1,6,0.977262,173.532897,0.979580,False,
51,2.000000,1,7,2.431020,174.683347,0.998394,False,
51,2.000000,1,9,2.766270,14.591301,0.333255,False,
51,2.000000,2,3,1.081706,0.262888,0.120915,False,4.104641
51,2.000000,2,4,1.523719,6.151737,0.538118,False,5.303100
51,2.000000,2,5,4.132115,26.258736,0.019740,False,
51,2.000000,2,6,1.426943,172.290270,0.956822,False,
51,2.000000,2,7,2.656885,175.925974,0.944031,False,
51,2.000000,2,9,2.972180,15.833927,0.484648,False,
51,2.000000,3,4,0.673799,5.888849,0.947830,True,0.689386
51,2.000000,3,5,3.137687,25.995848,0.123034,False,
51,2.000000,3,6,1.603829,172.553159,0.095221,False,
51,2.000000,3,7,2.033778,175.663085,0.985684,False,
51,2.000000,3,9,4.032054,15.571039,0.437377,False,
51,2.000000,4,5,3.188492,20.106999,0.278189,False,
51,2.000000,4,6,2.277575,178.442008,0.664327,False,
51,2.000000,4,7,2.505007,169.774236,0.953064,False,
51,2.000000,4,8,4.907406,170.680058,0.328003,False,
51,2.000000,4,9,4.482380,9.682190,0.576796,False,
51,2.000000,5,6,3.589467,161.450993,0.922798,False,
51,2.000000,5,7,2.041053,149.667237,0.534353,False,
51,2.000000,5,8,3.787811,169.212944,0.999591,False,
51,2.000000,6,7,1.666158,11.783756,0.148489,False,
51,2.000000,6,9,3.260728,171.875803,0.463382,False,1.148604
51,2.000000,7,9,4.924382,160.092047,0.969679,False,1.596304
61,2.400000,1,2,0.581378,5.857792,0.999142,True,
61,2.400000,1,3,1.322825,11.715633,0.660769,False,
61,2.400000,1,4,1.884593,5.826784,0.814606,True,
61,2.400000,1,5,4.002179,14.280215,0.196779,False,
61,2.400000,1,6,0.688024,175.021052,0.863274,False,
61,2.400000,1,7,1.558415,163.947452,0.926296,False,
61,2.400000,1,9,2.732537,3.505008,0.345880,False,
61,2.400000,2,3,1.033681,5.857841,0.229745,False,
61,2.400000,2,4,1.471109,0.031008,0.605756,False,
61,2.400000,2,5,4.047766,20.138007,0.000947,False,
61,2.400000,2,6,1.250174,169.163260,0.730080,False,
61,2.400000,2,7,1.950829,169.805245,0.892699,False,
61,2.400000,2,9,2.953059,2.352784,0.473388,False,
61,2.400000,3,4,0.630944,5.888849,0.944111,True,0.289376
61,2.400000,3,5,3.143568,25.995848,0.181529,False,
61,2.400000,3,6,1.955428,163.305419,0.247051,False,
61,2.400000,3,7,1.793295,175.663085,0.950478,False,
61,2.400000,3,8,4.870824,164.791208,0.325167,False,
61,2.400000,3,9,3.972599,8.210625,0.388106,False,
61,2.400000,4,5,3.216364,20.106999,0.319974,False,
61,2.400000,4,6,2.547798,169.194268,0.015415,False,
61,2.400000,4,7,2.380418,169.774236,0.770523,False,
61,2.400000,4,8,4.410550,170.680058,0.382477,False,
61,2.400000,4,9,4.408532,2.321776,0.526232,False,
61,2.400000,5,6,4.283212,170.698733,0.999990,False,
61,2.400000,5,7,2.860460,149.667237,0.654804,False,
61,2.400000,5,8,3.752348,169.212944,0.984829,False,
61,2.400000,6,7,1.532613,21.031496,0.197161,False,
61,2.400000,6,9,2.384965,171.516044,0.272265,False,0.850998
61,2.400000,7,9,3.894755,167.452460,0.999604,False,1.330855
71,2.800000,1,2,0.609492,4.161049,0.984915,True,
71,2.800000,1,3,1.420570,22.957054,0.810924,False,
71,2.800000,1,4,1.967431,16.942821,0.901431,True,
71,2.800000,1,5,3.910244,3.164178,0.300923,False,
71,2.800000,1,6,1.084525,170.548458,0.210471,False,
71,2.800000,1,7,0.934456,149.290100,0.467876,False,
71,2.800000,1,9,2.657527,14.621045,0.397341,False,
71,2.800000,2,3,1.005897,18.796005,0.511489,False,
71,2.800000,2,4,1.471492,12.781772,0.770252,True,
71,2.800000,2,5,3.915577,7.325227,0.107257,False,
71,2.800000,2,6,1.438692,166.387409,0.485005,False,
71,2.800000,2,7,1.515262,153.451149,0.163351,False,
71,2.800000,2,9,2.911478,10.459996,0.544753,False,
71,2.800000,3,4,0.586727,6.014233,0.939911,True,
71,2.800000,3,5,3.159434,26.121232,0.240950,False,
71,2.800000,3,6,2.424347,147.591404,0.474085,False,
71,2.800000,3,7,2.054654,172.247153,0.500809,False,
71,2.800000,3,8,4.385420,166.100338,0.391593,False,
71,2.800000,3,9,3.917270,8.336009,0.409743,False,
71,2.800000,4,5,3.250301,20.106999,0.360368,False,
71,2.800000,4,6,2.909792,153.605637,0.287760,False,
71,2.800000,4,7,2.641101,166.232921,0.341155,False,
71,2.800000,4,8,3.926096,172.114571,0.457498,False,
71,2.800000,4,9,4.335718,2.321776,0.539355,False,
71,2.800000,5,6,4.946838,173.712636,0.301156,False,
71,2.800000,5,7,3.718031,146.125922,0.756666,False,
71,2.800000,5,8,3.793330,167.778430,0.941962,False,
71,2.800000,6,7,1.423810,40.161442,0.347690,False,
71,2.800000,6,9,1.578607,155.927413,0.418303,False,
71,2.800000,7,9,2.875761,163.911145,0.997733,False,0.992825
81,3.200000,1,2,0.640687,4.161049,0.994358,True,
81,3.200000,1,3,1.543220,23.449444,0.863867,False,
81,3.200000,1,4,2.058118,16.942821,0.925932,True,
81,3.200000,1,5,3.841820,5.085706,0.252613,False,
81,3.200000,1,6,1.865097,160.541750,0.813630,False,
81,3.200000,1,7,1.119556,148.898794,0.478409,False,
81,3.200000,1,9,2.622089,22.683125,0.272295,False,
81,3.200000,2,3,1.019071,19.288395,0.656025,False,
81,3.200000,2,4,1.487516,12.781772,0.831366,True,
81,3.200000,2,5,3.798082,0.924658,0.048552,False,
81,3.200000,2,6,2.039869,156.380701,0.512056,False,
81,3.200000,2,7,1.705765,153.059842,0.459061,False,
81,3.200000,2,8,4.919290,172.092175,0.842393,False,
81,3.200000,2,9,2.891159,18.522076,0.440510,False,
81,3.200000,3,4,0.536715,6.506623,0.936456,True,
81,3.200000,3,5,3.183177,18.363738,0.351505,False,
81,3.200000,3,6,3.014084,137.092306,0.834923,False,
81,3.200000,3,7,2.662298,172.348238,0.175324,False,
81,3.200000,3,8,3.903351,168.619430,0.471955,False,
81,3.200000,3,9,3.885059,0.766319,0.338583,False,
81,3.200000,4,5,3.281074,11.857114,0.446261,False,
81,3.200000,4,6,3.385169,143.598929,0.768724,False,
81,3.200000,4,7,3.172159,165.841614,0.063881,False,
81,3.200000,4,8,3.453570,175.126053,0.559087,False,
81,3.200000,4,9,4.269954,5.740304,0.471410,False,
81,3.200000,5,7,4.621656,153.984500,0.774022,False,
81,3.200000,5,8,3.852608,173.016833,0.955483,False,
81,3.200000,6,7,1.503910,50.559457,0.499191,False,
81,3.200000,6,9,0.888776,137.858625,0.604922,False,
81,3.200000,7,9,1.934306,171.581918,0.946626,False,
91,3.600000,1,2,0.656958,2.013247,0.996928,True,
91,3.600000,1,3,1.667894,22.945510,0.912077,False,
91,3.600000,1,4,2.204344,23.563299,0.929451,False,
91,3.600000,1,5,3.746391,5.473759,0.260269,False,
91,3.600000,1,6,2.818377,155.554154,0.967157,False,
91,3.600000,1,7,1.930768,156.579605,0.750045,False,
91,3.600000,1,9,2.634706,23.171392,0.191061,False,
91,3.600000,2,3,1.070435,20.932263,0.800566,False,
91,3.600000,2,4,1.584850,21.550052,0.872826,False,
91,3.600000,2,5,3.666804,3.460512,0.068082,False,
91,3.600000,2,6,2.887087,153.540907,0.843997,False,
91,3.600000,2,7,2.372324,158.592852,0.667568,False,
91,3.600000,2,8,4.527711,170.448307,0.919129,False,
91,3.600000,2,9,2.889607,21.158145,0.387192,False,
91,3.600000,3,4,0.545692,0.617788,0.906798,True,
91,3.600000,3,5,3.212297,17.471751,0.394731,False,
91,3.600000,3,6,3.707536,132.608643,0.953228,False,
91,3.600000,3,7,3.430408,179.525115,0.534446,False,
91,3.600000,3,8,3.457277,168.619430,0.564222,False,
91,3.600000,3,9,3.854487,0.225882,0.332264,False,
91,3.600000,4,5,3.324637,18.089539,0.545478,False,
91,3.600000,4,6,4.021909,131.990855,0.901243,False,
91,3.600000,4,7,3.907729,179.857096,0.621321,False,
91,3.600000,4,8,2.966073,168.001641,0.491133,False,
91,3.600000,4,9,4.252607,0.391907,0.412932,False,
91,3.600000,5,8,3.989656,173.908820,0.914650,False,
91,3.600000,6,7,1.692437,47.866241,0.609828,False,
91,3.600000,6,9,0.826125,132.382762,0.308438,False,
91,3.600000,7,9,1.024164,179.750997,0.648337,False,
101,4.000000,1,2,0.647601,0.921282,0.995990,True,2.040004
101,4.000000,1,3,1.795168,22.292497,0.953280,False,
101,4.000000,1,4,2.355051,23.647837,0.955121,False,
101,4.000000,1,5,3.606497,4.820746,0.276810,False,
101,4.000000,1,6,3.854875,154.901141,0.934299,False,
101,4.000000,1,7,2.956930,157.969482,0.936651,False,
101,4.000000,1,8,4.840099,169.088073,0.985328,False,
101,4.000000,1,9,2.725730,11.224125,0.235651,False,
101,4.000000,2,3,1.171900,23.213779,0.913711,False,
101,4.000000,2,4,1.725346,24.569119,0.933723,False,
101,4.000000,2,5,3.513097,5.742029,0.109436,False,
101,4.000000,2,6,3.853997,155.822423,0.847849,False,
101,4.000000,2,7,3.283145,157.048200,0.862320,False,
101,4.000000,2,8,4.233475,168.166791,0.980139,False,
101,4.000000,2,9,2.949128,12.145407,0.445720,False,
101,4.000000,3,4,0.561353,1.355340,0.897191,True,
101,4.000000,3,5,3.246281,17.471751,0.429823,False,
101,4.000000,3,6,4.466538,132.608643,0.980389,False,
101,4.000000,3,7,4.294797,179.738021,0.465215,False,
101,4.000000,3,8,3.062964,168.619430,0.672269,False,
101,4.000000,3,9,3.876491,11.068373,0.444506,False,
101,4.000000,4,5,3.374870,18.827091,0.584662,False,
101,4.000000,4,6,4.743444,131.253304,0.944488,False,
101,4.000000,4,7,4.750808,178.382681,0.596950,False,
101,4.000000,4,8,2.524872,167.264090,0.604545,False,
101,4.000000,4,9,4.299700,12.423712,0.512041,False,
101,4.000000,5,8,4.202533,173.908820,0.853777,False,
101,4.000000,6,7,1.957627,47.129377,0.748384,False,
101,4.000000,6,9,1.547968,143.677016,0.738195,False,
101,4.000000,7,9,0.593870,169.193607,0.608689,False,
111,4.400000,1,2,0.638249,0.921282,0.996298,True,1.639975
111,4.400000,1,3,1.942403,22.292497,0.978152,False,
111,4.400000,1,4,2.519357,23.647837,0.973726,False,
111,4.400000,1,5,3.468447,4.820746,0.299343,False,
111,4.400000,1,6,4.865456,148.293776,0.926434,False,
111,4.400000,1,7,4.002785,160.282058,0.989263,False,
111,4.400000,1,8,4.723502,176.697928,0.992014,False,
111,4.400000,1,9,2.837950,0.401035,0.310010,False,
111,4.400000,2,3,1.310950,23.213779,0.966925,False,
111,4.400000,2,4,1.887929,24.569119,0.965671,False,
111,4.400000,2,5,3.360595,5.742029,0.128591,False,
111,4.400000,2,6,4.820180,149.215058,0.857564,False,
111,4.400000,2,7,4.261608,159.360776,0.959352,False,
111,4.400000,2,8,4.098537,177.619210,0.990797,False,
111,4.400000,2,9,3.049861,0.520247,0.504826,False,
111,4.400000,3,4,0.577145,1.355340,0.890540,True,
111,4.400000,3,5,3.284975,17.471751,0.463523,False,
111,4.400000,3,8,2.789254,154.405430,0.766620,False,
111,4.400000,3,9,3.955714,22.693532,0.567981,False,
111,4.400000,4,5,3.430392,18.827091,0.615825,False,
111,4.400000,4,8,2.215051,153.050091,0.735469,False,
111,4.400000,4,9,4.409866,24.048872,0.624288,False,
111,4.400000,5,8,4.477151,171.877181,0.866955,False,
111,4.400000,6,7,2.277864,51.424166,0.796433,False,
111,4.400000,6,9,2.446799,148.694811,0.900714,False,
111,4.400000,7,9,1.224055,159.881023,0.524541,False,
121,4.800000,1,2,0.631047,0.713028,0.999674,True,1.860324
121,4.800000,1,3,2.017503,12.800601,0.982353,True,
121,4.800000,1,4,2.624660,16.407323,0.970068,False,
121,4.800000,1,5,3.322040,2.419767,0.232940,False,7.625501
121,4.800000,1,8,4.648199,158.248049,0.984750,False,
121,4.800000,1,9,2.958081,7.641549,0.255346,False,
121,4.800000,2,3,1.388089,13.513629,0.978169,True,
121,4.800000,2,4,1.996709,17.120351,0.964541,True,
121,4.800000,2,5,3.225118,1.706740,0.051590,False,7.796935
121,4.800000,2,8,4.018981,158.961077,0.985076,False,
121,4.800000,2,9,3.162410,6.928522,0.445024,False,
121,4.800000,3,4,0.610267,3.606722,0.895060,True,
121,4.800000,3,5,3.321999,15.220369,0.473196,False,
121,4.800000,3,8,2.630917,145.447448,0.885748,False,
121,4.800000,3,9,4.029103,20.442151,0.612287,False,
121,4.800000,4,5,3.490956,18.827091,0.645062,False,
121,4.800000,4,8,2.024273,141.840726,0.867760,False,
121,4.800000,4,9,4.525003,24.048872,0.649489,False,
121,4.800000,4,10,6.700157,167.811257,0.516216,False,3.240398
121,4.800000,5,8,4.789172,160.667817,0.844812,False,
121,4.800000,6,7,2.612174,48.248278,0.821863,False,
121,4.800000,6,9,3.358520,147.938631,0.927883,False,
121,4.800000,7,9,2.090517,163.813091,0.755392,False,
131,5.200000,1,2,0.625112,0.503790,0.998385,True,2.238942
131,5.200000,1,3,2.046936,6.171554,0.992400,True,
131,5.200000,1,4,2.702130,12.948230,0.976077,False,
131,5.200000,1,5,3.155453,3.518060,0.187163,False,6.140825
131,5.200000,1,8,4.630150,155.084785,0.994772,False,
131,5.200000,1,9,2.971767,4.237441,0.192082,False,
131,5.200000,2,3,1.421936,6.675344,0.992050,True,
131,5.200000,2,4,2.078415,13.452019,0.972831,True,
131,5.200000,2,5,3.077497,3.014270,0.005539,False,7.253925
131,5.200000,2,8,4.005646,155.588574,0.996083,False,
131,5.200000,2,9,3.166160,3.733651,0.382213,False,
131,5.200000,3,4,0.662886,6.776675,0.912949,True,
131,5.200000,3,5,3.328271,9.689614,0.482556,False,
131,5.200000,3,8,2.589131,148.913230,0.975549,False,
131,5.200000,3,9,3.979492,10.408995,0.625551,False,
131,5.200000,4,5,3.535694,16.466290,0.682672,False,
131,5.200000,4,8,1.959950,142.136555,0.965622,False,
131,5.200000,4,9,4.529278,17.185671,0.651173,False,
131,5.200000,4,10,5.956421,167.515428,0.552312,False,2.882241
131,5.200000,5,10,4.982113,151.049138,0.930923,False,
131,5.200000,6,7,2.967213,48.248278,0.863703,False,
131,5.200000,6,9,4.339214,141.371258,0.997771,False,
131,5.200000,7,9,3.115697,170.380464,0.963994,False,
141,5.600000,1,2,0.619599,0.503790,0.999532,True,1.838845
141,5.600000,1,3,2.085977,6.171554,0.998429,True,
141,5.600000,1,4,2.767488,11.626740,0.989894,False,
141,5.600000,1,5,2.987090,3.275461,0.187099,False,5.683847
141,5.600000,1,8,4.706701,91.322587,1.000000,False,
141,5.600000,1,9,2.958160,2.955205,0.192382,False,
141,5.600000,2,3,1.466659,6.675344,0.999150,True,
141,5.600000,2,4,2.148092,12.130530,0.989470,True,
141,5.600000,2,5,2.927899,2.771671,0.015194,False,6.633495
141,5.600000,2,8,4.093411,91.826377,0.999687,False,
141,5.600000,2,9,3.141836,2.451415,0.382633,False,
141,5.600000,3,4,0.691128,5.455186,0.937162,True,
141,5.600000,3,5,3.333495,9.447015,0.503661,False,
141,5.600000,3,8,2.642408,85.151033,0.998607,False,
141,5.600000,3,9,3.908376,9.126759,0.647927,False,
141,5.600000,4,5,3.597006,14.902201,0.688012,False,
141,5.600000,4,8,2.018825,79.695847,0.999755,False,
141,5.600000,4,9,4.478881,14.581946,0.689788,False,
141,5.600000,4,10,5.250656,166.193939,0.718464,False,2.640403
141,5.600000,5,10,4.533099,151.291738,0.884636,False,
141,5.600000,6,7,3.302033,48.784902,0.841655,False,
141,5.600000,7,9,4.207911,179.844472,0.216673,False,
151,6.000000,1,2,0.616727,0.157881,0.999954,True,
151,6.000000,1,3,2.115597,4.235483,0.999979,True,
151,6.000000,1,4,2.824130,9.690669,0.995056,False,
151,6.000000,1,5,2.808156,5.211531,0.163037,False,4.984117
151,6.000000,1,8,4.829456,80.166525,0.996833,False,
151,6.000000,1,9,2.984938,1.213455,0.146018,False,
151,6.000000,2,3,1.499437,4.393364,0.999962,True,
151,6.000000,2,4,2.207538,9.848550,0.994409,True,
151,6.000000,2,5,2.791252,5.053651,0.053809,False,
151,6.000000,2,8,4.225274,80.324406,0.994685,False,
151,6.000000,2,9,3.135269,1.055574,0.337336,False,
151,6.000000,3,4,0.720965,5.455186,0.952227,True,
151,6.000000,3,5,3.340323,9.447015,0.522464,False,
151,6.000000,3,8,2.757324,75.931042,0.995635,False,
151,6.000000,3,9,3.845128,5.448939,0.639794,False,
151,6.000000,3,10,4.888087,163.520088,0.946236,False,
151,6.000000,4,5,3.660151,14.902201,0.703943,False,
151,6.000000,4,8,2.145948,70.475856,0.988095,False,
151,6.000000,4,9,4.434451,10.904125,0.685675,False,
151,6.000000,4,10,4.505824,168.975274,0.860128,False,2.110866
151,6.000000,5,10,4.131567,154.073074,0.675059,False,
151,6.000000,6,7,3.664444,57.888648,0.773790,False,
161,6.400000,1,2,0.641211,2.633302,0.999184,True,
161,6.400000,1,3,2.147227,3.422761,0.998544,True,
161,6.400000,1,4,2.883247,8.877947,0.998897,False,
161,6.400000,1,5,2.624809,6.024254,0.146989,False,4.533143
161,6.400000,1,8,4.991694,55.539880,0.983038,False,
161,6.400000,1,9,3.086124,8.694850,0.027120,False,
161,6.400000,2,3,1.506152,0.789459,0.999403,True,
161,6.400000,2,4,2.242879,6.244645,0.995988,True,
161,6.400000,2,5,2.675353,8.657556,0.117541,False,
161,6.400000,2,8,4.365858,52.906578,0.986679,False,
161,6.400000,2,9,3.172727,6.061548,0.201126,False,
161,6.400000,2,10,4.787802,169.607348,0.818203,False,
161,6.400000,3,4,0.752209,5.455186,0.964286,True,
161,6.400000,3,5,3.348749,9.447015,0.540932,False,
161,6.400000,3,8,2.909957,52.117119,0.970946,False,
161,6.400000,3,9,3.787519,5.272089,0.556367,False,
161,6.400000,3,10,4.004906,170.396807,0.372441,False,
161,6.400000,4,5,3.725031,14.902201,0.718999,False,
161,6.400000,4,8,2.311207,46.661933,0.947092,False,
161,6.400000,4,9,4.385084,0.183097,0.610662,False,
161,6.400000,4,10,3.605692,175.851993,0.168432,False,1.392164
161,6.400000,5,10,3.792391,160.949792,0.399401,False,
161,6.400000,6,7,4.048011,57.530967,0.843741,False,
161,6.400000,8,10,4.773462,137.486074,0.308761,False,
171,6.800000,1,2,0.670207,2.633302,0.992720,True,
171,6.800000,1,3,2.201696,4.991609,0.992652,True,
171,6.800000,1,4,2.952496,8.877947,0.999940,False,
171,6.800000,1,5,2.441639,6.024254,0.138243,False,4.133138
171,6.800000,1,9,3.189363,8.694850,0.002111,False,
171,6.800000,1,10,4.516428,166.974046,0.886843,False,
171,6.800000,2,3,1.531590,2.358307,0.995056,True,
171,6.800000,2,4,2.284269,6.244645,0.999256,True,
171,6.800000,2,5,2.561879,8.657556,0.148684,False,
171,6.800000,2,8,4.420089,4.654158,0.943831,False,
171,6.800000,2,9,3.211314,6.061548,0.182763,False,
171,6.800000,2,10,4.018852,169.607348,0.722570,False,
171,6.800000,3,4,0.779396,3.886338,0.961052,True,
171,6.800000,3,5,3.386024,11.015863,0.566296,False,
171,6.800000,3,8,2.931671,7.012465,0.914442,False,
171,6.800000,3,9,3.715235,3.703241,0.547843,False,
171,6.800000,3,10,3.162512,171.965656,0.091675,False,
171,6.800000,4,5,3.791569,14.902201,0.733219,False,
171,6.800000,4,8,2.338943,10.898803,0.843027,True,
171,6.800000,4,9,4.336063,0.183097,0.617881,False,
171,6.800000,4,10,2.708800,175.851993,0.130267,False,0.992166
171,6.800000,5,10,3.640522,160.949792,0.601562,False,
171,6.800000,8,10,4.068961,164.953191,0.637206,False,
181,7.200000,1,2,0.732144,6.495646,0.979582,True,
181,7.200000,1,3,2.321140,11.488661,0.971665,True,
181,7.200000,1,4,3.092824,16.270158,0.993663,False,
181,7.200000,1,5,2.267801,8.943072,0.184166,False,
181,7.200000,1,9,3.257825,13.999568,0.028608,False,
181,7.200000,1,10,4.031089,160.664276,0.521445,False,
181,7.200000,2,3,1.591226,4.993014,0.979681,True,
181,7.200000,2,4,2.361026,9.774512,0.999316,True,
181,7.200000,2,5,2.391002,2.447426,0.193680,False,4.247414
181,7.200000,2,8,4.513900,2.206732,0.911717,False,
181,7.200000,2,9,3.254975,7.503921,0.190844,False,
181,7.200000,2,10,3.396609,167.159922,0.608645,False,
181,7.200000,3,4,0.809675,4.781497,0.962207,True,
181,7.200000,3,5,3.366071,2.545588,0.637154,False,
181,7.200000,3,8,2.958624,7.199746,0.894026,False,
181,7.200000,3,9,3.643695,2.510907,0.560174,False,
181,7.200000,3,10,2.363184,172.152937,0.075647,False,
181,7.200000,4,5,3.806773,7.327086,0.798340,False,
181,7.200000,4,8,2.365458,11.981243,0.812478,True,
181,7.200000,4,9,4.286630,2.270590,0.629692,False,
181,7.200000,4,10,1.828660,176.934434,0.025308,False,0.596153
181,7.200000,5,10,3.635173,169.607348,0.945340,False,
181,7.200000,8,10,3.383279,164.953191,0.697277,False,
191,7.600000,1,2,0.763705,4.083146,0.973556,True,
191,7.600000,1,3,2.468119,14.381408,0.952621,True,
191,7.600000,1,4,3.273086,20.906170,0.984972,False,
191,7.600000,1,5,2.116213,11.835819,0.269549,False,
191,7.600000,1,9,3.285711,8.373102,0.097811,False,
191,7.600000,1,10,3.820645,160.262274,0.231189,False,
191,7.600000,2,3,1.716583,10.298262,0.944138,True,
191,7.600000,2,4,2.510995,16.823024,0.988493,False,
191,7.600000,2,5,2.185407,7.752674,0.123802,False,3.205135
191,7.600000,2,8,4.679500,3.098516,0.856453,False,
191,7.600000,2,9,3.299396,4.289956,0.290053,False,
191,7.600000,2,10,3.072353,164.345420,0.473633,False,
191,7.600000,3,4,0.846178,6.524762,0.968064,True,
191,7.600000,3,5,3.346538,2.545588,0.645772,False,
191,7.600000,3,8,2.992733,7.199746,0.871181,False,
191,7.600000,3,9,3.594336,6.008306,0.647640,False,
191,7.600000,3,10,1.685365,174.643682,0.486634,False,
191,7.600000,4,5,3.841197,9.070350,0.814447,False,
191,7.600000,4,8,2.383072,13.724508,0.786079,True,
191,7.600000,4,9,4.263881,12.533068,0.709748,False,
191,7.600000,4,10,0.999846,178.831556,0.473821,False,0.218519
191,7.600000,5,10,3.844930,172.098093,0.999997,False,
191,7.600000,8,10,2.723413,167.443936,0.724924,False,
201,8.000000,1,2,0.796498,4.083146,0.981626,True,
201,8.000000,1,3,2.619005,14.381408,0.940565,False,
201,8.000000,1,4,3.458506,20.906170,0.977800,False,
201,8.000000,1,5,1.972828,11.835819,0.333140,False,
201,8.000000,1,9,3.315422,8.373102,0.074538,False,
201,8.000000,1,10,3.878026,160.895757,0.021080,False,
201,8.000000,2,3,1.851057,10.298262,0.919765,True,
201,8.000000,2,4,2.671125,16.823024,0.977696,False,
201,8.000000,2,5,1.980305,7.752674,0.107403,False,2.805136
201,8.000000,2,8,4.872911,5.622751,0.835342,False,
201,8.000000,2,9,3.344705,4.289956,0.274513,False,
201,8.000000,2,10,3.088919,164.978903,0.171847,False,
201,8.000000,2,11,4.938659,146.182144,0.587293,False,
201,8.000000,3,4,0.883706,6.524762,0.975870,True,
201,8.000000,3,5,3.327432,2.545588,0.654406,False,
201,8.000000,3,8,3.048362,4.675511,0.855895,False,
201,8.000000,3,9,3.547788,6.008306,0.668974,False,
201,8.000000,3,10,1.301161,175.277165,0.889704,False,
201,8.000000,3,11,4.105809,156.480406,0.413534,False,
201,8.000000,4,5,3.876255,9.070350,0.821776,False,
201,8.000000,4,8,2.423891,11.200273,0.761366,True,
201,8.000000,4,9,4.246485,12.533068,0.734365,False,
201,8.000000,4,10,0.421583,178.198073,0.999911,False,
201,8.000000,4,11,3.572905,163.005168,0.437321,False,1.284005
201,8.000000,5,10,4.222453,172.731576,0.976674,False,
201,8.000000,5,11,4.558534,153.934818,0.420359,False,
201,8.000000,8,10,2.130888,170.601654,0.795591,False,
201,8.000000,8,11,4.967631,151.804895,0.704202,False,
201,8.000000,9,10,4.560654,169.268859,0.562268,False,
201,8.000000,10,11,3.438161,18.796758,0.012888,False,
211,8.400000,1,2,0.838475,4.667075,0.984947,True,
211,8.400000,1,3,2.795063,18.181932,0.942810,False,
211,8.400000,1,4,3.643733,20.584211,0.971402,False,
211,8.400000,1,5,1.842403,11.513860,0.398531,False,
211,8.400000,1,9,3.342494,8.051143,0.049468,False,
211,8.400000,1,10,4.181715,161.217716,0.278062,False,
211,8.400000,2,3,1.996953,13.514857,0.920256,True,
211,8.400000,2,4,2.821661,15.917135,0.970554,False,
211,8.400000,2,5,1.804230,6.846785,0.102302,False,2.843423
211,8.400000,2,9,3.366491,3.384068,0.255134,False,
211,8.400000,2,10,3.413146,165.884791,0.285832,False,
211,8.400000,2,11,4.263796,147.088033,0.357822,False,
211,8.400000,3,4,0.893562,2.402278,0.974439,True,
211,8.400000,3,5,3.325427,6.668072,0.696215,False,
211,8.400000,3,8,3.147565,3.698711,0.890130,False,
211,8.400000,3,9,3.525307,10.130789,0.670622,False,
211,8.400000,3,10,1.434415,179.399648,0.910292,False,
211,8.400000,3,11,3.189329,160.602890,0.284901,False,
211,8.400000,4,5,3.911932,9.070350,0.828841,False,
211,8.400000,4,8,2.531328,1.296433,0.780838,False,
211,8.400000,4,9,4.234513,12.533068,0.758213,False,
211,8.400000,4,10,0.931381,178.198073,0.356049,False,
211,8.400000,4,11,2.627049,163.005168,0.407526,False,0.884004
211,8.400000,5,10,4.723598,172.731576,0.932439,False,
211,8.400000,5,11,4.232009,153.934818,0.588840,False,
211,8.400000,8,10,1.713588,176.901640,0.859807,False,
211,8.400000,8,11,4.265910,164.301601,0.652049,False,
211,8.400000,9,10,4.012385,169.268859,0.394296,False,
211,8.400000,10,11,3.347559,18.796758,0.039542,False,
221,8.800000,1,2,0.857701,2.490567,0.993121,True,
221,8.800000,1,3,2.969014,20.953226,0.965148,False,
221,8.800000,1,4,3.798549,18.484987,0.974498,False,
221,8.800000,1,5,1.745975,8.328939,0.418834,False,
221,8.800000,1,9,3.342264,9.916457,0.049761,False,
221,8.800000,1,10,4.634830,164.119541,0.657295,False,
221,8.800000,1,11,4.671046,152.611370,0.210189,False,
221,8.800000,2,3,2.161948,18.462659,0.936559,True,
221,8.800000,2,4,2.967868,15.994420,0.964684,False,
221,8.800000,2,5,1.656989,5.838372,0.099058,False,2.971750
221,8.800000,2,9,3.364607,7.425890,0.184802,False,
221,8.800000,2,10,3.947357,166.610108,0.659216,False,
221,8.800000,2,11,3.821919,155.101937,0.148341,False,
221,8.800000,3,4,0.862845,2.468239,0.973619,True,
221,8.800000,3,5,3.350496,12.624287,0.754807,False,
221,8.800000,3,8,3.224008,2.257504,0.894419,False,
221,8.800000,3,9,3.514355,11.036769,0.621419,False,
221,8.800000,3,10,1.982593,174.927233,0.315281,False,
221,8.800000,3,11,2.304921,173.564596,0.323494,False,
221,8.800000,4,5,3.965880,10.156048,0.836785,False,
221,8.800000,4,8,2.624094,0.210735,0.760978,False,
221,8.800000,4,9,4.184711,8.568531,0.743139,False,
221,8.800000,4,10,1.725023,177.395472,0.129304,False,
221,8.800000,4,11,1.705723,171.096357,0.034895,False,0.544722
221,8.800000,5,9,4.969448,1.587517,0.031101,False,
221,8.800000,5,11,4.160067,160.940309,0.885780,False,
221,8.800000,8,10,1.522311,177.184737,0.994085,False,
221,8.800000,8,11,3.546092,171.307092,0.579736,False,
221,8.800000,9,10,3.610246,174.035997,0.017001,False,
221,8.800000,10,11,3.240395,11.508171,0.009659,False,
231,9.200000,1,2,0.877239,2.490562,0.995124,True,
231,9.200000,1,3,3.143309,20.953226,0.962443,False,
231,9.200000,1,4,3.969224,20.435116,0.967157,False,
231,9.200000,1,5,1.656216,8.328939,0.477056,False,
231,9.200000,1,9,3.352756,13.357616,0.112515,False,
231,9.200000,1,11,4.675484,167.207805,0.897105,False,
231,9.200000,2,3,2.327493,18.462664,0.931276,True,
231,9.200000,2,4,3.134186,17.944554,0.952695,False,
231,9.200000,2,5,1.510200,5.838377,0.081036,False,2.571748
231,9.200000,2,9,3.365100,10.867054,0.128409,False,
231,9.200000,2,10,4.610656,164.022081,0.724575,False,
231,9.200000,2,11,3.808091,169.698367,0.925017,False,
231,9.200000,3,4,0.841532,0.518110,0.990655,True,
231,9.200000,3,5,3.378287,12.624287,0.773051,False,
231,9.200000,3,8,3.311376,2.257504,0.867631,False,
231,9.200000,3,9,3.489550,7.595610,0.616212,False,
231,9.200000,3,10,2.709820,177.515256,0.296456,False,
231,9.200000,3,11,1.689582,171.838969,0.994395,False,
231,9.200000,4,5,4.046508,12.106177,0.843094,False,
231,9.200000,4,8,2.688888,1.739394,0.752876,False,
231,9.200000,4,9,4.100448,7.077500,0.737476,False,
231,9.200000,4,10,2.502746,178.033365,0.127068,False,
231,9.200000,4,11,0.929355,172.357079,0.880545,False,
231,9.200000,5,9,4.839842,5.028677,0.011016,False,
231,9.200000,5,11,4.470851,175.536744,0.952757,False,
231,9.200000,8,10,1.653446,179.772759,0.921799,False,
231,9.200000,8,11,2.734630,174.096473,0.336254,False,
231,9.200000,9,10,3.397748,174.889135,0.170958,False,
231,9.200000,10,11,3.072882,5.676287,0.136439,False,
241,9.600000,1,2,0.881218,0.625860,0.994897,True,
241,9.600000,1,3,3.317894,20.953226,0.959938,False,
241,9.600000,1,4,4.144401,20.435116,0.958462,False,
241,9.600000,1,9,3.366914,13.357616,0.145208,False,
241,9.600000,1,11,4.949883,167.207805,0.974327,False,
241,9.600000,2,3,2.506216,20.327366,0.921322,False,
241,9.600000,2,4,3.320222,19.809256,0.932792,False,
241,9.600000,2,9,3.362995,12.731756,0.112589,False,
241,9.600000,2,11,4.144439,167.833665,0.986272,False,
241,9.600000,3,4,0.830720,0.518110,0.999730,True,
241,9.600000,3,8,3.376733,13.329046,0.798894,False,
241,9.600000,3,9,3.467185,7.595610,0.636972,False,
241,9.600000,3,10,3.515913,177.515256,0.173183,False,
241,9.600000,3,11,1.638292,171.838969,0.853732,False,
241,9.600000,4,8,2.728652,12.810936,0.669868,False,
241,9.600000,4,9,4.022236,7.077500,0.763366,False,
241,9.600000,4,10,3.291535,178.033365,0.079247,False,
241,9.600000,4,11,0.847173,172.357079,0.787316,False,
241,9.600000,8,9,4.961706,5.733436,0.999098,False,
241,9.600000,8,10,1.997385,169.155699,0.649216,False,
241,9.600000,8,11,1.946940,174.831986,0.553970,False,
241,9.600000,9,10,3.455438,174.889135,0.439954,False,
241,9.600000,9,11,4.404450,179.434579,0.905255,False,
241,9.600000,10,11,2.907423,5.676287,0.163481,False,
251,10.000000,1,2,0.861559,2.193230,0.993170,True,5.537999
251,10.000000,1,3,3.492724,20.953226,0.957616,False,
251,10.000000,1,4,4.323533,20.435116,0.949602,False,
251,10.000000,1,9,3.384704,13.357616,0.177438,False,
251,10.000000,2,3,2.704170,23.146456,0.909741,False,
251,10.000000,2,4,3.530510,22.628347,0.908776,False,
251,10.000000,2,9,3.357503,15.550847,0.098170,False,
251,10.000000,2,11,4.682429,155.683474,0.973704,False,
251,10.000000,3,4,0.830821,0.518110,0.995791,True,
251,10.000000,3,8,3.433450,20.333691,0.731106,False,
251,10.000000,3,9,3.447314,7.595610,0.657526,False,
251,10.000000,3,10,4.357335,177.515256,0.095116,False,
251,10.000000,3,11,2.142276,178.829930,0.774497,False,
251,10.000000,4,8,2.755349,19.815581,0.593842,False,
251,10.000000,4,9,3.950440,7.077500,0.788999,False,
251,10.000000,4,10,4.084997,178.033365,0.049858,False,
251,10.000000,4,11,1.559929,178.311820,0.527881,False,
251,10.000000,8,9,4.903083,12.738081,0.998721,False,
251,10.000000,8,10,2.475905,162.151053,0.382768,False,
251,10.000000,8,11,1.320457,158.496239,0.956552,False,
251,10.000000,9,10,3.770937,174.889135,0.652253,False,
251,10.000000,9,11,3.898409,171.234320,0.787801,False,
251,10.000000,10,11,2.683381,3.654814,0.061297,False,3.797536
261,10.400000,1,2,0.841974,2.193230,0.994224,True,5.138019
261,10.400000,1,3,3.782707,37.552193,0.984554,False,
261,10.400000,1,4,4.506151,20.435116,0.940720,False,
261,10.400000,1,9,3.416150,11.528197,0.186373,False,
261,10.400000,2,3,3.017979,39.745423,0.953766,False,
261,10.400000,2,4,3.743947,22.628347,0.896684,False,
261,10.400000,2,9,3.371636,13.721427,0.081531,False,
261,10.400000,3,4,0.726013,17.117077,0.999269,True,0.558386
261,10.400000,3,8,3.399702,36.932658,0.804173,False,
261,10.400000,3,9,3.502725,26.023996,0.612035,False,
261,10.400000,3,11,2.916514,166.700482,0.309632,False,
261,10.400000,4,8,2.788083,19.815581,0.555979,False,
261,10.400000,4,9,3.906349,8.906919,0.823860,False,
261,10.400000,4,10,4.870299,173.942698,0.163576,False,
261,10.400000,4,11,2.502799,176.182442,0.390620,False,
261,10.400000,8,9,4.874026,10.908662,0.991908,False,
261,10.400000,8,10,3.011610,166.241720,0.338503,False,
261,10.400000,8,11,1.196775,156.366861,0.879689,False,
261,10.400000,9,10,4.309123,177.150382,0.946738,False,
261,10.400000,9,11,3.704308,167.275523,0.899753,False,
261,10.400000,10,11,2.429042,9.874860,0.032497,False,
271,10.800000,3,4,0.741438,3.479015,0.999275,True,
271,10.800000,3,8,3.385590,36.932658,0.756432,False,
271,10.800000,3,9,3.571463,26.234723,0.655650,False,
271,10.800000,3,11,3.860127,167.462907,0.162730,False,
271,10.800000,4,8,2.728765,40.411672,0.664260,False,
271,10.800000,4,9,3.922784,29.713737,0.786773,False,
271,10.800000,4,11,3.436464,163.983892,0.072791,False,
271,10.800000,8,9,4.860357,10.697935,0.983263,False,
271,10.800000,8,10,3.573936,170.528678,0.346241,False,
271,10.800000,8,11,1.689995,155.604436,0.479584,False,
271,10.800000,9,10,4.985229,178.773387,0.338877,False,
271,10.800000,9,11,3.872223,166.302371,0.985622,False,
271,10.800000,10,11,2.162523,14.924242,0.009571,False,
281,11.200000,3,4,0.773981,3.479015,0.983027,True,
281,11.200000,3,8,3.391358,36.932658,0.704139,False,
281,11.200000,3,9,3.650519,26.234723,0.694451,False,
281,11.200000,3,11,4.876577,170.459303,0.159665,False,
281,11.200000,4,8,2.680565,40.411672,0.614274,False,
281,11.200000,4,9,3.956208,29.713737,0.825393,False,
281,11.200000,4,11,4.404356,166.980289,0.077129,False,
281,11.200000,8,9,4.860518,10.697935,0.972142,False,
281,11.200000,8,10,4.170583,170.528678,0.267205,False,
281,11.200000,8,11,2.472582,152.608039,0.184928,False,
281,11.200000,9,11,4.337475,163.305974,0.999999,False,
281,11.200000,10,11,1.904723,17.920638,0.142273,False,
291,11.600000,3,4,0.798497,1.064593,0.964411,True,
291,11.600000,3,8,3.419689,33.652885,0.704272,False,
291,11.600000,3,9,3.725923,28.649144,0.727279,False,
291,11.600000,4,8,2.673770,34.717478,0.613626,False,
291,11.600000,4,9,4.006195,29.713737,0.859796,False,
291,11.600000,8,9,4.902106,5.003741,0.966408,False,
291,11.600000,8,10,4.774350,176.222872,0.298855,False,
291,11.600000,8,11,3.325267,158.302233,0.123461,False,
291,11.600000,10,11,1.671807,17.920638,0.269062,False,
301,12.000000,3,4,0.807160,1.703462,0.949349,True,
301,12.000000,3,8,3.435634,36.420940,0.673384,False,
301,12.000000,3,9,3.850114,30.405137,0.709527,False,
301,12.000000,4,8,2.677371,34.717478,0.563239,False,
301,12.000000,4,9,4.099605,28.701675,0.853673,False,
301,12.000000,8,9,4.921384,6.015804,0.959037,False,
301,12.000000,8,11,4.209103,157.470672,0.040210,False,
301,12.000000,10,11,1.510195,16.152446,0.432761,False,
311,12.400000,4,8,2.731195,36.107518,0.534227,False,
311,12.400000,4,9,4.267036,28.938106,0.812987,False,
311,12.400000,8,9,4.919871,7.169412,0.955390,False,
311,12.400000,10,11,1.398240,16.438405,0.598551,False,
321,12.800000,4,8,2.806800,36.231005,0.470104,False,
321,12.800000,4,9,4.440380,29.061594,0.813684,False,
321,12.800000,8,9,4.920032,7.169412,0.949780,False,
321,12.800000,10,11,1.342261,16.438405,0.752831,True,
331,13.200000,8,9,4.899240,60.544186,0.843036,False,
331,13.200000,10,11,1.237763,6.612296,0.796028,True,
331,13.200000,11,12,6.213772,173.670621,0.293268,False,1.760046
341,13.600000,8,9,4.832586,79.235403,0.443166,False,
341,13.600000,9,13,13.379403,23.703031,0.026889,False,8.932997
341,13.600000,10,11,1.120813,4.490522,0.852358,True,
341,13.600000,10,12,4.629047,175.381563,0.276494,False,
341,13.600000,10,13,4.770510,179.386892,0.497284,False,
341,13.600000,11,12,4.918214,179.872085,0.151606,False,
341,13.600000,11,13,4.906032,176.122586,0.051884,False,
341,13.600000,12,13,0.673999,4.005328,0.964658,True,
351,14.000000,8,9,4.765933,79.235403,0.442900,False,
351,14.000000,9,13,12.807081,23.703031,0.027060,False,8.532998
351,14.000000,10,11,1.088533,9.006506,0.946564,True,
351,14.000000,10,12,3.718413,170.865580,0.366536,False,
351,14.000000,10,13,3.944859,174.870908,0.315031,False,
351,14.000000,11,12,3.630467,179.872085,0.202865,False,
351,14.000000,11,13,3.652813,176.122586,0.164534,False,
351,14.000000,12,13,0.722331,4.005328,0.955168,True,
361,14.400000,8,9,4.699280,79.235403,0.442627,False,
361,14.400000,9,13,12.237120,23.608662,0.028970,False,8.169726
361,14.400000,10,11,1.138250,9.842554,0.997231,True,
361,14.400000,10,12,2.896083,170.865580,0.180092,False,
361,14.400000,10,13,3.270250,174.776539,0.511529,False,
361,14.400000,11,12,2.366410,179.291867,0.249682,False,
361,14.400000,11,13,2.493972,175.380908,0.316626,False,
361,14.400000,12,13,0.769657,3.910959,0.947049,True,
371,14.800000,8,9,4.637716,62.451168,0.655661,False,
371,14.800000,9,13,11.688406,22.724132,0.045391,False,8.122720
371,14.800000,10,11,1.271115,11.850545,0.989750,True,
371,14.800000,10,12,2.250953,171.272341,0.330984,False,
371,14.800000,10,13,2.850758,173.892008,0.621833,False,
371,14.800000,11,12,1.162599,176.877114,0.359460,False,
371,14.800000,11,13,1.611707,174.257447,0.664439,False,
371,14.800000,12,13,0.790851,2.619667,0.956317,True,
381,15.200000,8,9,4.588610,33.623324,0.903881,False,
381,15.200000,9,13,11.139717,22.724132,0.046490,False,7.722726
381,15.200000,10,11,1.431420,10.646867,0.955156,True,
381,15.200000,10,12,1.994733,172.572294,0.770021,False,
381,15.200000,10,13,2.781281,175.095687,0.877123,False,
381,15.200000,11,12,0.733602,176.780839,0.966832,False,
381,15.200000,11,13,1.528420,174.257447,0.999985,False,
381,15.200000,12,13,0.810035,2.523392,0.964626,True,
391,15.600000,8,9,4.540424,33.623324,0.909908,False,
391,15.600000,10,11,1.562627,6.092120,0.909865,True,
391,15.600000,10,12,2.275904,176.927954,0.987277,False,
391,15.600000,10,13,3.046803,175.245310,0.728528,False,
391,15.600000,11,12,1.784393,176.979925,0.560271,False,
391,15.600000,11,13,2.306034,178.662570,0.691561,False,
391,15.600000,12,13,0.789315,1.682645,0.977768,True,4.113627
401,16.000000,8,9,4.493186,33.623324,0.915871,False,
401,16.000000,10,11,1.679648,4.258805,0.880924,True,
401,16.000000,10,12,2.911893,169.484612,0.765899,False,
401,16.000000,10,13,3.568029,165.509673,0.735503,False,
401,16.000000,11,12,2.990652,173.743417,0.152523,False,
401,16.000000,11,13,3.370599,169.768478,0.181957,False,
401,16.000000,12,13,0.751823,3.974939,0.996120,True,1.711192
411,16.400000,8,9,4.401438,48.053590,0.798576,False,
411,16.400000,8,12,8.948094,36.169716,0.250566,False,7.544184
411,16.400000,8,13,8.972605,39.271132,0.281443,False,7.061971
411,16.400000,10,11,1.806908,4.258805,0.844321,True,
411,16.400000,10,12,3.756030,168.611089,0.863304,False,
411,16.400000,10,13,4.315736,165.509673,0.859606,False,
411,16.400000,11,12,4.228485,172.869894,0.257322,False,
411,16.400000,11,13,4.549378,169.768478,0.307431,False,
411,16.400000,12,13,0.723677,3.101416,0.993616,True,1.955513
421,16.800000,8,9,4.299946,50.400494,0.784164,False,
421,16.800000,8,13,8.506362,40.380080,0.312999,False,6.801611
421,16.800000,10,12,4.697381,165.859383,0.957464,False,
421,16.800000,12,13,0.707963,1.863459,0.988688,True,3.361125
431,17.200000,8,9,4.200271,50.400494,0.797040,False,
431,17.200000,8,12,8.095512,36.607924,0.292580,False,7.502766
431,17.200000,8,13,8.055417,37.417624,0.356647,False,6.685637
431,17.200000,12,13,0.710118,0.809700,0.967811,True,
441,17.600000,8,9,4.177374,24.006504,0.983118,False,
441,17.600000,12,13,0.714257,1.038272,0.948217,True,
451,18.000000,8,9,4.163575,18.362168,0.996318,False,
451,18.000000,12,13,0.721553,1.038272,0.925254,True,
461,18.400000,8,9,4.150501,18.362168,0.997366,False,
461,18.400000,12,13,0.711269,1.176330,0.924849,True,4.356190
461,18.400000,14,15,0.930884,2.478130,0.926297,True,
471,18.800000,8,9,4.112569,32.210510,0.962201,False,
471,18.800000,12,13,0.689304,1.133087,0.941358,True,2.070326
471,18.800000,14,15,0.912619,2.478130,0.914442,True,
481,19.200000,8,9,4.059205,37.952144,0.937716,False,
481,19.200000,8,12,5.969741,24.255011,0.273772,False,5.470761
481,19.200000,12,13,0.668686,1.133087,0.955724,True,1.670370
481,19.200000,14,15,0.895228,2.478130,0.901222,True,
491,19.600000,8,9,4.007757,37.952144,0.945132,False,
491,19.600000,8,12,5.559490,24.255011,0.279865,False,5.070763
491,19.600000,8,15,12.184121,20.810313,0.177198,False,8.939823
491,19.600000,8,16,1.431044,111.635182,0.999517,False,1.634628
491,19.600000,9,16,4.288045,149.587326,0.378141,False,
491,19.600000,12,13,0.649537,1.133087,0.968807,True,1.270414
491,19.600000,12,16,6.969310,135.890193,0.407153,False,4.039239
491,19.600000,13,16,6.939782,137.023281,0.489980,False,4.396825
491,19.600000,14,15,0.907769,1.012112,0.915249,True,
491,19.600000,15,16,13.613597,132.445495,0.314560,False,6.993203
501,20.000000,8,9,3.958298,37.952144,0.952262,False,
501,20.000000,8,12,5.166971,25.873442,0.263816,False,4.711213
501,20.000000,8,15,11.630556,24.370402,0.122409,False,8.022993
501,20.000000,8,16,1.218563,111.635182,0.999911,False,1.234626
501,20.000000,9,16,4.144360,149.587326,0.395800,False,
501,20.000000,12,13,0.651037,0.707067,0.978795,True,
501,20.000000,12,16,6.356850,137.508624,0.385558,False,3.775770
501,20.000000,13,16,6.349064,136.801557,0.502540,False,4.042850
501,20.000000,14,15,0.925483,2.627555,0.947663,True,
501,20.000000,14,16,12.646319,133.378029,0.364857,False,6.554318
511,20.400000,8,9,4.038800,42.008452,0.609902,False,
511,20.400000,8,12,4.796679,49.739286,0.017252,False,
511,20.400000,8,13,4.834325,54.890545,0.210302,False,
511,20.400000,8,16,1.077270,168.404221,0.570036,False,
511,20.400000,9,13,4.866698,12.882093,0.479977,False,
511,20.400000,9,16,4.002303,149.587326,0.414558,False,
511,20.400000,12,13,0.696182,5.151259,0.980871,True,
511,20.400000,13,16,5.760745,136.705233,0.512393,False,3.661282
511,20.400000,14,15,0.944702,2.627555,0.959532,True,
511,20.400000,14,16,11.908011,133.378029,0.366018,False,6.154316
521,20.800000,8,9,4.174469,61.838025,0.300190,False,
521,20.800000,8,12,4.424635,69.568859,0.090668,False,
521,20.800000,8,13,4.487373,74.720118,0.163489,False,
521,20.800000,8,16,1.023260,148.574649,0.027640,False,
521,20.800000,8,17,1.531607,116.849457,0.447797,False,
521,20.800000,9,13,4.468586,12.882093,0.521114,False,
521,20.800000,9,16,3.862056,149.587326,0.434493,False,
521,20.800000,9,17,3.431438,178.687482,0.816234,False,
521,20.800000,12,13,0.741717,5.151259,0.976298,True,
521,20.800000,13,16,5.172890,136.705233,0.520824,False,3.261284
521,20.800000,13,17,5.283424,168.430425,0.504461,False,2.469406
521,20.800000,14,15,0.971097,2.377693,0.959367,True,
521,20.800000,14,16,11.169732,133.378029,0.367331,False,5.754319
521,20.800000,14,17,11.353618,165.103220,0.358500,False,4.656946
521,20.800000,16,17,0.594029,31.725192,0.999708,False,
531,21.200000,8,9,4.310180,61.838025,0.297238,False,
531,21.200000,8,12,4.061773,69.568859,0.041296,False,
531,21.200000,8,13,4.161456,74.720118,0.235729,False,
531,21.200000,8,16,1.028822,139.445423,0.127836,False,
531,21.200000,8,17,1.460671,116.849457,0.666007,False,
531,21.200000,9,12,4.715736,7.730834,0.716456,False,
531,21.200000,9,13,4.082516,12.882093,0.568616,False,
531,21.200000,9,16,3.760797,158.716552,0.594564,False,
531,21.200000,9,17,3.250296,178.687482,0.861472,False,
531,21.200000,12,13,0.787577,5.151259,0.971852,True,
531,21.200000,12,16,4.665170,150.985718,0.198063,False,2.999248
531,21.200000,12,17,4.654306,173.581684,0.170768,False,
531,21.200000,13,16,4.605368,145.834459,0.452218,False,
531,21.200000,13,17,4.503025,168.430425,0.516266,False,2.069406
531,21.200000,14,15,0.940623,4.428762,0.955780,True,
531,21.200000,14,16,10.442261,148.881516,0.175677,False,5.447217
531,21.200000,14,17,10.419238,171.477483,0.154430,False,4.286370
531,21.200000,15,16,10.672265,144.452754,0.194200,False,6.287774
531,21.200000,16,17,0.542928,22.595966,0.964584,False,
541,21.600000,8,9,4.340761,63.723794,0.487223,False,
541,21.600000,8,12,3.646099,72.970762,0.212418,False,
541,21.600000,8,13,3.779654,77.413040,0.492240,False,
541,21.600000,8,16,0.981525,91.669394,0.157820,False,
541,21.600000,8,17,1.408625,114.963688,0.969363,False,
541,21.600000,9,12,4.411391,9.246968,0.745392,False,
541,21.600000,9,13,3.703877,13.689246,0.612180,False,
541,21.600000,9,16,3.748029,155.393188,0.998041,False,
541,21.600000,9,17,3.094252,178.687482,0.904653,False,
541,21.600000,12,13,0.829261,4.442278,0.961663,True,
541,21.600000,12,16,4.141900,164.640156,0.015418,False,2.828885
541,21.600000,12,17,3.896136,172.065550,0.219790,False,1.880830
541,21.600000,13,16,4.085783,169.082434,0.307270,False,
541,21.600000,13,17,3.719856,167.623272,0.554491,False,1.676658
541,21.600000,14,15,0.886213,7.175880,0.937937,True,
541,21.600000,14,16,9.746038,162.481105,0.029252,False,5.362253
541,21.600000,16,17,0.655772,23.294294,0.901172,False,
551,22.000000,8,9,4.342445,72.536470,0.866130,False,
551,22.000000,8,12,3.222049,92.758739,0.533039,False,
551,22.000000,8,13,3.397767,91.379226,0.707156,False,
551,22.000000,8,16,0.924776,84.186296,0.512060,False,
551,22.000000,8,17,1.312964,85.074726,0.917515,False,
551,22.000000,9,12,4.030027,20.222270,0.648561,False,
551,22.000000,9,13,3.276740,18.842756,0.589539,False,
551,22.000000,9,16,3.732902,156.722765,0.980552,False,
551,22.000000,9,17,3.081258,157.611195,0.996211,False,
551,22.000000,12,13,0.831723,1.379513,0.887063,True,
551,22.000000,12,16,3.593293,176.945035,0.315507,False,
551,22.000000,12,17,3.168205,177.833465,0.132013,False,1.579961
551,22.000000,13,16,3.555618,175.565521,0.502464,False,
551,22.000000,13,17,3.007355,176.453952,0.349970,False,
551,22.000000,14,15,0.834852,7.498702,0.901301,True,
551,22.000000,14,16,9.049914,162.481105,0.025668,False,4.962252
551,22.000000,14,17,8.632264,163.369536,0.215711,False,3.796361
551,22.000000,15,17,9.013665,170.868237,0.111600,False,4.253381
551,22.000000,16,17,0.697196,0.888430,0.934932,True,
561,22.400000,8,9,4.334270,73.705701,0.946818,False,
561,22.400000,8,12,2.822987,92.758739,0.614808,False,
561,22.400000,8,13,3.060460,91.379226,0.791018,False,
561,22.400000,8,16,0.870742,91.949285,0.693846,False,
561,22.400000,8,17,1.184726,63.515075,0.798137,False,
561,22.400000,9,12,3.692468,19.053039,0.716417,False,
561,22.400000,9,13,2.900022,17.673525,0.671830,False,
561,22.400000,9,16,3.691843,165.654985,0.708866,False,
561,22.400000,9,17,3.154960,137.220776,0.689921,False,
561,22.400000,12,13,0.835477,1.379513,0.868254,True,
561,22.400000,12,16,3.039793,175.291976,0.397935,False,
561,22.400000,12,17,2.501681,156.273814,0.036395,False,
561,22.400000,13,16,3.037918,176.671490,0.609074,False,
561,22.400000,13,17,2.405484,154.894301,0.288579,False,
561,22.400000,14,15,0.767452,9.332143,0.836661,True,
561,22.400000,14,16,8.345666,171.246493,0.013015,False,4.523768
561,22.400000,16,17,0.667874,28.434210,0.942004,False,
571,22.800000,8,9,4.327364,73.705701,0.952197,False,
571,22.800000,8,12,2.461101,92.758739,0.712573,False,
571,22.800000,8,13,2.783984,91.379226,0.876085,False,
571,22.800000,8,16,0.824466,97.794247,0.837205,False,
571,22.800000,8,17,1.083906,63.515075,0.887063,False,
571,22.800000,9,12,3.375443,19.053039,0.770771,False,
571,22.800000,9,13,2.549921,17.673525,0.748045,False,
571,22.800000,9,16,3.646440,171.499948,0.973746,False,
571,22.800000,9,17,3.251013,137.220776,0.628453,False,
571,22.800000,12,13,0.840508,1.379513,0.848324,True,
571,22.800000,12,16,2.486630,169.447014,0.500119,False,
571,22.800000,12,17,1.863284,156.273814,0.101488,False,
571,22.800000,13,16,2.549205,170.826527,0.734652,False,
571,22.800000,13,17,1.898334,154.894301,0.515140,False,
571,22.800000,14,15,0.765136,0.516945,0.794384,True,
571,22.800000,16,17,0.653210,34.279172,0.821174,False,
581,23.200000,8,9,4.321736,73.705701,0.957311,False,
581,23.200000,8,12,2.153196,91.315733,0.801986,False,
581,23.200000,8,13,2.555375,87.167663,0.920189,False,
581,23.200000,8,16,0.789324,97.794247,0.897419,False,
581,23.200000,8,17,1.000808,54.038325,0.877591,False,
581,23.200000,9,12,3.103780,17.610033,0.840967,False,
581,23.200000,9,13,2.277262,13.461962,0.870415,True,
581,23.200000,9,16,3.609329,171.499948,0.961645,False,
581,23.200000,9,17,3.367011,127.744025,0.331238,False,
581,23.200000,12,13,0.826585,4.148071,0.844638,True,
581,23.200000,12,16,1.966702,170.890019,0.578355,False,
581,23.200000,12,17,1.345246,145.354058,0.300210,False,
581,23.200000,13,16,2.111958,175.038090,0.798782,False,
581,23.200000,13,17,1.577617,141.205988,0.709881,False,
581,23.200000,14,15,0.762987,0.516945,0.803461,True,
581,23.200000,16,17,0.622906,43.755922,0.751740,False,
591,23.600000,8,9,4.336122,86.885636,0.999627,False,
591,23.600000,8,12,1.898191,84.610951,0.832157,False,
591,23.600000,8,13,2.333226,76.794189,0.921664,False,
591,23.600000,8,16,0.766845,97.794247,0.947336,False,
591,23.600000,8,17,0.940565,52.744885,0.936853,False,
591,23.600000,8,18,1.282613,157.926708,0.973467,False,
591,23.600000,9,12,2.961807,2.274685,0.920035,False,
591,23.600000,9,13,2.181544,10.091447,0.977720,True,
591,23.600000,9,16,3.598479,175.320116,0.695959,False,
591,23.600000,9,17,3.515469,139.630521,0.151277,False,
591,23.600000,9,18,3.578186,115.187655,0.286899,False,
591,23.600000,12,13,0.803364,7.816762,0.864047,True,
591,23.600000,12,16,1.504084,177.594802,0.585239,False,
591,23.600000,12,17,0.975775,137.355836,0.471083,False,
591,23.600000,12,18,2.111838,117.462341,0.719360,False,1.123040
591,23.600000,13,16,1.712921,174.588436,0.807385,False,
591,23.600000,13,17,1.418451,129.539074,0.828137,False,
591,23.600000,13,18,2.073402,125.279103,0.826123,False,
591,23.600000,14,15,0.818718,5.245553,0.833236,True,
591,23.600000,14,18,7.082087,112.926994,0.532476,False,3.898908
591,23.600000,15,16,6.700911,178.305008,0.071999,False,3.830296
591,23.600000,16,17,0.612553,45.049362,0.610272,False,
591,23.600000,16,18,0.753784,60.132461,0.775234,False,
591,23.600000,17,18,1.345360,105.181824,0.199413,False,
601,24.000000,8,9,4.365301,93.064357,0.993284,False,
601,24.000000,8,12,1.714697,84.610951,0.931711,False,
601,24.000000,8,13,2.205185,76.794189,0.983148,False,
601,24.000000,8,16,0.744920,91.499732,0.960979,False,
601,24.000000,8,17,0.909038,52.744885,0.984726,False,
601,24.000000,8,18,1.346537,157.926708,0.932553,False,
601,24.000000,9,12,2.867961,8.453406,0.949709,False,
601,24.000000,9,13,2.175119,16.270168,0.998801,True,
601,24.000000,9,16,3.623246,175.435911,0.590326,False,
601,24.000000,9,17,3.690240,145.809242,0.012619,False,
601,24.000000,9,18,3.393221,109.008934,0.307563,False,
601,24.000000,12,13,0.791465,7.816762,0.796976,True,
601,24.000000,12,14,4.893766,3.693173,0.116366,False,
601,24.000000,12,16,1.110247,176.110683,0.770148,False,
601,24.000000,12,17,0.867368,137.355836,0.896859,False,
601,24.000000,12,18,1.571607,117.462341,0.732202,False,0.723040
601,24.000000,13,16,1.474946,168.293921,0.953504,False,
601,24.000000,13,17,1.527484,129.539074,0.985737,False,
601,24.000000,13,18,1.503839,125.279103,0.901716,False,
601,24.000000,14,15,0.874903,4.964206,0.841379,True,
601,24.000000,14,18,6.411991,113.769167,0.515840,False,3.494537
601,24.000000,15,16,6.043988,174.839650,0.039790,False,3.435731
601,24.000000,16,17,0.618122,38.754847,0.475039,False,
601,24.000000,16,18,0.824481,66.426976,0.855287,False,
601,24.000000,17,18,1.418501,105.181824,0.391061,False,
611,24.400000,8,9,4.396993,93.064357,0.990246,False,
611,24.400000,8,12,1.638829,86.058795,0.994923,False,
611,24.400000,8,13,2.179647,75.890643,0.999633,False,
611,24.400000,8,16,0.694175,75.454226,0.949053,False,
611,24.400000,8,17,0.952242,73.318135,0.960828,False,
611,24.400000,8,18,1.365928,132.002207,0.992068,False,
611,24.400000,8,19,1.537418,156.129170,0.515705,False,
611,24.400000,9,12,2.800333,7.005562,0.973278,False,
611,24.400000,9,13,2.248610,17.173714,0.990188,True,
611,24.400000,9,16,3.712877,168.518583,0.685289,False,
611,24.400000,9,17,3.803103,166.382492,0.039893,False,
611,24.400000,9,18,3.193106,134.933436,0.463587,False,
611,24.400000,12,13,0.783886,10.168152,0.700205,True,
611,24.400000,12,14,4.731288,1.076817,0.095297,False,
611,24.400000,12,16,0.945004,161.513021,0.958369,False,
611,24.400000,12,17,1.033732,159.376930,0.940300,False,
611,24.400000,12,18,0.916317,141.938998,0.944762,False,0.198683
611,24.400000,12,19,2.814507,117.812035,0.999252,False,
611,24.400000,13,16,1.523876,151.344869,0.998933,False,
611,24.400000,13,17,1.782404,149.208778,0.948025,False,
611,24.400000,13,18,0.956078,152.107150,0.993603,False,
611,24.400000,13,19,3.021178,127.980187,0.999925,False,
611,24.400000,14,15,0.907204,1.642060,0.844307,True,
611,24.400000,14,17,4.445377,158.300113,0.203280,False,
611,24.400000,14,18,5.586731,143.015815,0.565226,False,2.453311
611,24.400000,15,17,4.772113,156.658053,0.023422,False,
611,24.400000,15,19,7.014687,120.530912,0.645841,False,3.715595
611,24.400000,16,17,0.581914,2.136091,0.380866,False,
611,24.400000,16,18,0.866171,56.547981,0.799164,False,
611,24.400000,16,19,2.004851,80.674944,0.287286,False,
611,24.400000,17,18,1.372607,58.684072,0.653542,False,
611,24.400000,17,19,2.456671,82.811035,0.036698,False,
611,24.400000,18,19,2.069914,24.126963,0.384345,False,
621,24.800000,8,9,4.431144,93.064357,0.986703,False,
621,24.800000,8,12,1.750461,103.354732,0.928497,False,
621,24.800000,8,13,2.244352,73.705710,0.978819,False,
621,24.800000,8,14,4.758831,84.981978,0.417534,False,
621,24.800000,8,16,0.678647,75.454226,0.996229,False,
621,24.800000,8,17,1.018481,80.928741,0.876369,False,
621,24.800000,8,18,1.400813,120.466775,0.983741,False,
621,24.800000,8,19,1.341852,156.129170,0.596536,False,
621,24.800000,9,12,2.681223,10.290375,0.923010,False,
621,24.800000,9,13,2.399850,19.358647,0.948063,True,
621,24.800000,9,16,3.819493,168.518583,0.635911,False,
621,24.800000,9,17,3.908287,173.993098,0.134770,False,
621,24.800000,9,18,3.048870,146.468868,0.809287,False,
621,24.800000,12,13,0.823589,29.649022,0.359714,False,
621,24.800000,12,14,4.455216,18.372754,0.184205,False,
621,24.800000,12,15,4.999522,14.452944,0.081076,False,
621,24.800000,12,16,1.153759,178.808958,0.816740,False,
621,24.800000,12,17,1.383621,175.716527,0.481122,False,
621,24.800000,12,18,0.424736,136.178493,0.424837,False,
621,24.800000,12,19,2.522235,100.516098,0.852515,False,
621,24.800000,13,16,1.795693,149.159936,0.970808,False,
621,24.800000,13,17,2.146919,154.634451,0.847743,False,
621,24.800000,13,18,0.901696,165.827515,0.520057,False,
621,24.800000,13,19,2.603649,130.165120,0.986128,False,
621,24.800000,14,15,0.900545,3.919810,0.781731,True,
621,24.800000,14,16,4.322713,160.436204,0.203421,False,
621,24.800000,14,17,3.798079,165.910719,0.301105,False,
621,24.800000,14,18,4.678642,154.551247,0.612125,False,1.798338
621,24.800000,15,16,4.675826,164.356014,0.101582,False,
621,24.800000,15,17,4.133425,169.830529,0.174407,False,
621,24.800000,15,19,6.342273,114.969042,0.724449,False,3.460197
621,24.800000,16,17,0.543649,5.474515,0.375346,False,
621,24.800000,16,18,0.894676,45.012549,0.901726,False,
621,24.800000,16,19,1.860178,80.674944,0.177893,False,
621,24.800000,17,18,1.271291,39.538034,0.737434,False,
621,24.800000,17,19,2.327732,75.200429,0.102631,False,
621,24.800000,18,19,2.097501,35.662395,0.424379,False,
631,25.200000,8,9,4.467698,93.064357,0.982685,False,
631,25.200000,8,12,1.913823,103.354732,0.858512,False,
631,25.200000,8,14,4.246721,84.981978,0.472130,False,
631,25.200000,8,15,4.521747,92.641201,0.421142,False,
631,25.200000,8,16,0.700684,75.454226,0.989560,False,
631,25.200000,8,17,1.093057,80.928741,0.832710,False,
631,25.200000,8,18,1.424089,102.131676,0.986826,False,
631,25.200000,8,19,1.163200,156.129170,0.694694,False,
631,25.200000,9,12,2.576118,10.290375,0.949334,False,
631,25.200000,9,14,4.897628,8.082379,0.463988,False,
631,25.200000,9,16,3.941718,168.518583,0.586881,False,
631,25.200000,9,17,4.023321,173.993098,0.086292,False,
631,25.200000,9,18,3.080444,164.803967,0.999997,False,
631,25.200000,9,19,4.785233,110.806473,0.090682,False,
631,25.200000,12,14,4.180780,18.372754,0.164193,False,
631,25.200000,12,15,4.779663,10.713531,0.111138,False,
631,25.200000,12,16,1.501435,178.808958,0.636519,False,
631,25.200000,12,17,1.777352,175.716527,0.359308,False,
631,25.200000,12,18,0.700026,154.513592,0.996949,False,
631,25.200000,12,19,2.276568,100.516098,0.764406,False,
631,25.200000,14,15,0.873340,7.659223,0.699716,False,
631,25.200000,14,16,3.657068,160.436204,0.280629,False,
631,25.200000,14,17,3.171378,165.910719,0.382911,False,
631,25.200000,14,18,3.683673,172.886346,0.465009,False,1.303041
631,25.200000,15,16,4.018419,168.095427,0.246711,False,
631,25.200000,15,17,3.512584,173.569942,0.309962,False,
631,25.200000,15,18,4.210735,165.227123,0.722718,False,1.514982
631,25.200000,16,17,0.506962,5.474515,0.428177,False,
631,25.200000,16,18,0.865191,26.677450,0.946778,False,
631,25.200000,16,19,1.742795,80.674944,0.049264,False,
631,25.200000,17,18,1.079286,21.202935,0.725338,False,
631,25.200000,17,19,2.215583,75.200429,0.190941,False,
631,25.200000,18,19,2.119232,53.997494,0.495931,False,
641,25.600000,8,12,2.026929,79.306642,0.945621,False,
641,25.600000,8,14,3.794992,87.153773,0.569111,False,
641,25.600000,8,15,4.045757,92.641201,0.475168,False,
641,25.600000,8,16,0.757011,75.454226,0.938757,False,
641,25.600000,8,17,1.174382,80.928741,0.790062,False,
641,25.600000,8,18,1.507038,97.700345,0.953924,False,
641,25.600000,8,19,1.010478,156.129170,0.807217,False,
641,25.600000,8,20,1.681414,117.280432,0.986847,False,
641,25.600000,12,14,4.058859,7.847132,0.044397,False,
641,25.600000,12,15,4.655562,13.334559,0.039336,False,
641,25.600000,12,16,1.887523,154.760868,0.883027,False,
641,25.600000,12,17,2.197974,160.235383,0.708054,False,
641,25.600000,12,18,1.360586,177.006986,0.550889,False,
641,25.600000,12,19,1.939431,124.564189,0.913495,False,
641,25.600000,12,20,0.372094,163.412926,0.748983,False,
641,25.600000,14,15,0.843228,5.487427,0.647148,False,
641,25.600000,14,16,3.065060,162.608000,0.425537,False,
641,25.600000,14,17,2.620637,168.082514,0.534234,False,
641,25.600000,14,18,2.817895,175.145882,0.393413,False,
641,25.600000,14,19,4.716943,116.717057,0.820224,False,
641,25.600000,14,20,4.060849,155.565794,0.642954,False,1.621144
641,25.600000,15,16,3.378712,168.095427,0.321494,False,
641,25.600000,15,17,2.907989,173.569942,0.385893,False,
641,25.600000,15,18,3.337039,169.658455,0.417797,False,1.272807
641,25.600000,15,20,4.604389,150.078367,0.653870,False,1.923220
641,25.600000,16,17,0.472222,5.474515,0.487233,False,
641,25.600000,16,18,0.895257,22.246118,0.983789,False,
641,25.600000,16,19,1.658510,80.674944,0.095988,False,
641,25.600000,16,20,1.628488,41.826206,0.671507,False,
641,25.600000,17,18,0.967062,16.771604,0.804005,True,
641,25.600000,17,19,2.122887,75.200429,0.286022,False,
641,25.600000,17,20,1.988883,36.351691,0.597626,False,
641,25.600000,18,19,2.113116,58.428825,0.367250,False,
641,25.600000,18,20,1.267538,19.580087,0.219554,False,
641,25.600000,19,20,1.573865,38.848738,0.719005,False,
651,26.000000,8,14,3.431546,90.962280,0.692220,False,
651,26.000000,8,15,3.694097,93.731206,0.538949,False,
651,26.000000,8,16,0.865347,63.191052,0.881594,False,
651,26.000000,8,17,1.317372,76.249044,0.742844,False,
651,26.000000,8,18,1.610991,93.323152,0.923531,False,
651,26.000000,8,19,0.800115,136.680199,0.722165,False,
651,26.000000,8,20,1.676727,117.280432,0.999335,False,
651,26.000000,14,15,0.893174,2.768927,0.556310,False,
651,26.000000,14,16,2.585276,154.153332,0.346227,False,
651,26.000000,14,17,2.160711,167.211324,0.683889,False,
651,26.000000,14,18,2.086863,175.714569,0.521445,False,
651,26.000000,14,19,4.039214,132.357521,0.941536,False,
651,26.000000,14,20,3.260219,151.757288,0.796813,False,1.352189
651,26.000000,15,16,2.830662,156.922259,0.063796,False,
651,26.000000,15,17,2.377658,169.980251,0.393667,False,
651,26.000000,15,18,2.639976,172.945642,0.431207,False,1.226090
651,26.000000,15,19,4.399380,129.588594,0.938803,False,
651,26.000000,15,20,3.884403,148.988361,0.859666,False,1.871311
651,26.000000,16,17,0.453012,13.057992,0.767271,False,
651,26.000000,16,18,1.036397,30.132099,0.940674,False,
651,26.000000,16,19,1.591457,73.489147,0.138240,False,
651,26.000000,16,20,1.752808,54.089380,0.632057,False,
651,26.000000,17,18,0.972281,17.074107,0.791462,True,
651,26.000000,17,19,2.037007,60.431155,0.026454,False,
651,26.000000,17,20,1.981487,41.031388,0.595667,False,
651,26.000000,18,19,2.031052,43.357048,0.382733,False,
651,26.000000,18,20,1.255003,23.957281,0.302507,False,
651,26.000000,19,20,1.527446,19.399767,0.756799,True,
661,26.400000,8,14,3.105628,90.962280,0.770701,False,
661,26.400000,8,15,3.330962,91.253876,0.563145,False,
661,26.400000,8,16,1.043053,63.191052,0.746685,False,
661,26.400000,8,17,1.483134,75.972818,0.673236,False,
661,26.400000,8,18,1.747035,90.397439,0.878665,False,
661,26.400000,8,19,0.555247,123.763824,0.820007,False,
661,26.400000,8,20,1.737220,117.280432,0.973926,False,
661,26.400000,14,15,0.939323,0.291596,0.541933,False,
661,26.400000,14,16,2.270519,154.153332,0.600510,False,
661,26.400000,14,17,1.860124,166.935098,0.872715,False,
661,26.400000,14,18,1.413449,178.640282,0.662493,False,
661,26.400000,14,19,3.310066,145.273897,0.996038,False,
661,26.400000,14,20,2.461054,151.757288,0.812972,False,0.952189
661,26.400000,15,16,2.334361,154.444928,0.119553,False,
661,26.400000,15,17,1.874783,167.226694,0.496034,False,
661,26.400000,15,18,1.917831,178.348686,0.262946,False,0.772019
661,26.400000,15,19,3.664659,144.982300,0.983984,False,
661,26.400000,15,20,3.143386,151.465692,0.772464,False,1.439411
661,26.400000,16,17,0.459603,12.781766,0.877086,False,
661,26.400000,16,18,1.164363,27.206386,0.947973,False,
661,26.400000,16,19,1.500050,60.572771,0.017166,False,
661,26.400000,16,20,1.911421,54.089380,0.726157,False,
661,26.400000,17,18,0.979493,14.424620,0.829679,True,
661,26.400000,17,19,1.896536,47.791005,0.037346,False,
661,26.400000,17,20,2.008494,41.307614,0.671788,False,
661,26.400000,18,19,1.899282,33.366385,0.418207,False,
661,26.400000,18,20,1.267007,26.882994,0.387797,False,
661,26.400000,19,20,1.486754,6.483392,0.813186,True,9.048654
671,26.800000,8,14,2.830234,90.962280,0.852099,False,
671,26.800000,8,15,2.924463,86.300323,0.566085,False,
671,26.800000,8,16,1.261137,63.191052,0.630209,False,
671,26.800000,8,17,1.661064,75.972818,0.611595,False,
671,26.800000,8,18,1.903477,84.186296,0.857763,False,
671,26.800000,8,19,0.471728,123.763824,0.997600,False,
671,26.800000,8,20,2.002528,152.718409,0.570998,False,
671,26.800000,14,15,0.968624,4.661956,0.601425,False,
671,26.800000,14,16,2.193038,154.153332,0.835302,False,
671,26.800000,14,17,1.808578,166.935098,0.992888,False,
671,26.800000,14,18,0.968118,175.148575,0.906856,False,
671,26.800000,14,19,2.626372,145.273897,0.998433,False,
671,26.800000,14,20,1.766132,116.319312,0.807554,False,0.692857
671,26.800000,15,16,1.914089,149.491375,0.382659,False,
671,26.800000,15,17,1.436036,162.273142,0.679947,False,
671,26.800000,15,18,1.140652,170.486619,0.022239,False,0.300310
671,26.800000,15,19,2.874452,149.935853,0.929519,False,
671,26.800000,15,20,2.505434,120.981268,0.549017,False,
671,26.800000,16,17,0.482960,12.781766,0.950014,False,
671,26.800000,16,18,1.259468,20.995243,0.948304,False,
671,26.800000,16,19,1.475682,60.572771,0.232657,False,
671,26.800000,16,20,2.292773,89.527356,0.944232,False,
671,26.800000,17,18,0.957421,8.213477,0.852038,True,
671,26.800000,17,19,1.782050,47.791005,0.161472,False,
671,26.800000,17,20,2.255704,76.745590,0.942647,False,
671,26.800000,18,19,1.772493,39.577528,0.381634,False,
671,26.800000,18,20,1.502905,68.532113,0.745836,False,
671,26.800000,19,20,1.574116,28.954585,0.678335,False,
681,27.200000,8,14,2.662002,95.292252,0.951866,False,
681,27.200000,8,15,2.657136,94.492513,0.749292,False,
681,27.200000,8,16,1.523740,69.458626,0.459861,False,
681,27.200000,8,17,1.837662,75.141027,0.573732,False,
681,27.200000,8,18,2.110753,94.936534,0.684339,False,
681,27.200000,8,19,0.589038,116.727410,0.827450,False,
681,27.200000,8,20,2.284419,152.718409,0.504269,False,
681,27.200000,14,15,1.042286,0.799740,0.480157,False,
681,27.200000,14,16,2.385334,164.750878,0.997357,False,
681,27.200000,14,17,2.047741,170.433279,0.942862,False,
681,27.200000,14,18,1.048270,169.771214,0.709869,False,
681,27.200000,14,19,2.093146,147.980337,0.902866,False,
681,27.200000,14,20,1.104690,111.989339,0.813813,False,0.313095
681,27.200000,15,16,1.786045,163.951138,0.734172,False,
681,27.200000,15,17,1.333570,169.633540,0.979029,False,
681,27.200000,15,18,0.547702,170.570953,0.916714,False,
681,27.200000,15,19,2.207167,148.780077,0.974901,False,
681,27.200000,15,20,1.996105,112.789079,0.646510,False,
681,27.200000,16,17,0.482610,5.682401,0.982963,False,
681,27.200000,16,18,1.387552,25.477909,0.982875,False,
681,27.200000,16,19,1.494997,47.268785,0.382724,False,
681,27.200000,16,20,2.679323,83.259783,0.971124,False,
681,27.200000,17,18,1.006128,19.795507,0.937627,True,
681,27.200000,17,19,1.660124,41.586383,0.210085,False,
681,27.200000,17,20,2.518789,77.577382,0.972421,False,
681,27.200000,18,19,1.662763,21.790876,0.299158,False,
681,27.200000,18,20,1.724177,57.781875,0.884077,False,
681,27.200000,19,20,1.709914,35.990998,0.789847,False,
691,27.600000,8,14,2.590672,97.242057,0.995122,False,
691,27.600000,8,15,2.467717,97.571063,0.849327,False,
691,27.600000,8,16,1.816407,75.361409,0.316713,False,
691,27.600000,8,17,2.013560,74.541989,0.540829,False,
691,27.600000,8,18,2.345781,108.119926,0.458493,False,
691,27.600000,8,19,0.803172,93.323156,0.742783,False,
691,27.600000,8,20,2.266675,58.131477,0.751090,False,
691,27.600000,14,15,1.150813,0.329006,0.398456,False,
691,27.600000,14,16,2.780514,172.603466,0.930311,False,
691,27.600000,14,17,2.466407,171.784046,0.807444,False,
691,27.600000,14,18,1.491603,154.638017,0.114661,False,
691,27.600000,14,19,1.919921,169.434787,0.467902,False,
691,27.600000,14,20,0.638262,155.373534,0.493034,False,0.036410
691,27.600000,15,16,1.898900,172.932472,0.926845,False,
691,27.600000,15,17,1.491864,172.113051,0.971420,False,
691,27.600000,15,18,0.379701,154.309012,0.192246,False,
691,27.600000,15,19,1.665239,169.105781,0.171769,False,
691,27.600000,15,20,1.598850,155.702540,0.133942,False,1.006115
691,27.600000,16,17,0.465289,0.819420,0.999697,False,
691,27.600000,16,18,1.547765,32.758517,0.997603,False,
691,27.600000,16,19,1.409660,17.961747,0.318934,False,
691,27.600000,16,20,2.880145,17.229932,0.540682,False,
691,27.600000,17,18,1.123972,33.577937,0.987060,False,
691,27.600000,17,19,1.434246,18.781167,0.021965,False,1.825467
691,27.600000,17,20,2.653236,16.410512,0.385525,False,
691,27.600000,18,19,1.550717,14.796770,0.517683,False,
691,27.600000,18,20,1.868504,49.988449,0.518006,False,
691,27.600000,19,20,1.743816,35.191679,0.945734,False,
701,28.000000,8,14,2.555123,91.156428,0.999635,False,
701,28.000000,8,15,2.340578,100.920134,0.933720,False,
701,28.000000,8,16,2.112698,75.361409,0.280533,False,
701,28.000000,8,17,2.193891,74.541989,0.504238,False,
701,28.000000,8,18,2.469990,114.738269,0.372278,False,
701,28.000000,8,19,1.143650,93.323156,0.537488,False,
701,28.000000,8,20,2.249664,58.131477,0.762934,False,
701,28.000000,14,15,1.235738,9.763706,0.347915,False,
701,28.000000,14,16,3.269396,166.517837,0.962191,False,
701,28.000000,14,17,2.938435,165.698416,0.817618,False,
701,28.000000,14,18,1.954375,154.105303,0.287827,False,
701,28.000000,14,19,2.094102,175.520417,0.353704,False,
701,28.000000,14,20,0.314166,149.287904,0.958949,False,
701,28.000000,15,16,2.221159,176.281543,0.996675,False,
701,28.000000,15,17,1.820714,175.462122,0.809272,False,
701,28.000000,15,18,0.719234,144.341597,0.014391,False,
701,28.000000,15,19,1.390613,165.756710,0.583794,False,
701,28.000000,15,20,1.213278,159.051611,0.059327,False,0.637015
701,28.000000,16,17,0.470780,0.819420,0.980589,False,
701,28.000000,16,18,1.699618,39.376860,0.971751,False,
701,28.000000,16,19,1.339054,17.961747,0.419056,False,
701,28.000000,16,20,3.090099,17.229932,0.495880,False,
701,28.000000,17,18,1.247292,40.196281,0.963010,False,
701,28.000000,17,19,1.214781,18.781167,0.099909,False,1.425465
701,28.000000,17,20,2.790150,16.410512,0.358631,False,
701,28.000000,18,19,1.347259,21.415113,0.661587,False,
701,28.000000,18,20,1.911164,56.606792,0.457922,False,
701,28.000000,19,20,1.859790,35.191679,0.859338,False,
711,28.400000,8,14,2.550629,84.788630,0.999248,False,
711,28.400000,8,15,2.329095,112.859511,0.999976,False,
711,28.400000,8,16,2.411355,77.400406,0.223409,False,
711,28.400000,8,17,2.377648,74.541989,0.472524,False,
711,28.400000,8,18,2.480194,144.568116,0.996236,False,
711,28.400000,8,19,1.420168,82.315363,0.569960,False,
711,28.400000,8,20,2.233402,58.131477,0.774697,False,
711,28.400000,14,15,1.298092,28.070880,0.160478,False,
711,28.400000,14,16,3.799725,162.189036,0.977984,False,
711,28.400000,14,17,3.433705,159.330619,0.850023,False,
711,28.400000,14,18,2.325545,59.779485,0.383061,False,
711,28.400000,14,19,2.530839,167.103993,0.998755,False,
711,28.400000,14,20,0.505192,142.920107,0.696418,False,
711,28.400000,15,16,2.702525,169.740084,0.322278,False,
711,28.400000,15,17,2.276350,172.598501,0.281896,False,
711,28.400000,15,18,1.035963,31.708605,0.011616,False,
711,28.400000,15,19,1.603309,164.825127,0.491005,False,
711,28.400000,15,20,0.835751,170.990988,0.283950,False,0.260658
711,28.400000,16,17,0.487363,2.858417,0.926020,False,
711,28.400000,16,18,1.867801,138.031479,0.885510,False,
711,28.400000,16,19,1.312979,4.914957,0.352601,False,
711,28.400000,16,20,3.299978,19.268929,0.480594,False,
711,28.400000,17,18,1.391876,140.889896,0.844841,False,
711,28.400000,17,19,1.074551,7.773374,0.009595,False,1.390357
711,28.400000,17,20,2.929188,16.410512,0.334010,False,
711,28.400000,18,19,1.211187,133.116522,0.930572,False,
711,28.400000,18,20,1.840529,157.300407,0.239942,False,
711,28.400000,19,20,2.044520,24.183886,0.666513,False,
721,28.800000,8,14,2.389326,55.132753,0.955660,False,
721,28.800000,8,15,2.387236,115.549129,0.981741,False,
721,28.800000,8,16,2.711040,85.784211,0.077944,False,
721,28.800000,8,17,2.680536,96.985809,0.084710,False,
721,28.800000,8,18,2.490929,144.568116,0.997393,False,
721,28.800000,8,19,1.708756,80.766650,0.502752,False,
721,28.800000,8,20,2.217908,58.131477,0.786361,False,
721,28.800000,14,15,1.312184,60.416376,0.115381,False,
721,28.800000,14,16,4.184807,140.916964,0.952753,False,
721,28.800000,14,17,3.845784,152.118563,0.990850,False,
721,28.800000,14,18,2.597624,89.435363,0.679363,False,
721,28.800000,14,19,2.918444,135.899403,0.897860,False,
721,28.800000,14,20,0.840381,113.264230,0.691692,False,
721,28.800000,15,16,3.225812,158.666660,0.548663,False,
721,28.800000,15,17,2.793901,147.465062,0.673959,False,
721,28.800000,15,18,1.364150,29.018987,0.043348,False,
721,28.800000,15,19,2.052962,163.684221,0.606548,False,
721,28.800000,15,20,0.483775,173.680606,0.606547,False,
721,28.800000,16,17,0.545562,11.201598,0.994296,True,
721,28.800000,16,18,2.035588,129.647673,0.893524,False,
721,28.800000,16,19,1.270283,5.017561,0.395043,False,6.593014
721,28.800000,16,20,3.488322,27.652734,0.544353,False,
721,28.800000,17,18,1.532788,118.446075,0.928452,False,
721,28.800000,17,19,1.031793,16.219160,0.066870,False,
721,28.800000,17,20,3.101108,38.854332,0.589426,False,
721,28.800000,18,19,1.185574,134.665235,0.998745,False,
721,28.800000,18,20,1.770425,157.300407,0.222764,False,
721,28.800000,19,20,2.253243,22.635173,0.573153,False,
731,29.200000,8,14,2.310746,55.132753,0.994524,False,
731,29.200000,8,15,2.514807,118.084563,0.929211,False,
731,29.200000,8,16,3.010736,85.784210,0.076174,False,
731,29.200000,8,17,3.012816,100.359195,0.026507,False,
731,29.200000,8,18,2.502189,144.568116,0.998331,False,
731,29.200000,8,19,2.005657,84.394891,0.390979,False,
731,29.200000,8,20,2.203198,58.131477,0.797905,False,
731,29.200000,14,15,1.459995,62.951809,0.212966,False,
731,29.200000,14,16,4.651933,140.916963,0.983360,False,
731,29.200000,14,17,4.364811,155.491948,0.997613,False,
731,29.200000,14,18,2.919831,89.435363,0.583889,False,
731,29.200000,14,19,3.405866,139.527644,0.974112,False,
731,29.200000,14,20,1.278574,113.264230,0.526861,False,
731,29.200000,15,16,3.801113,156.131227,0.621898,False,
731,29.200000,15,17,3.370989,141.556243,0.820115,False,
731,29.200000,15,18,1.702810,26.483553,0.081456,False,
731,29.200000,15,19,2.596871,157.520547,0.635575,False,
731,29.200000,15,20,0.323324,176.216039,0.990453,False,
731,29.200000,16,17,0.624070,14.574984,0.999911,True,
731,29.200000,16,18,2.236891,129.647674,0.835114,False,
731,29.200000,16,19,1.249305,1.389319,0.426869,False,
731,29.200000,16,20,3.685162,27.652733,0.504624,False,
731,29.200000,17,18,1.722553,115.072690,0.875125,False,
731,29.200000,17,19,1.034156,15.964304,0.049635,False,
731,29.200000,17,20,3.296185,42.227718,0.581053,False,
731,29.200000,18,19,1.240355,131.036994,0.987672,False,
731,29.200000,18,20,1.700919,157.300407,0.204099,False,
731,29.200000,19,20,2.454496,26.263414,0.550277,False,
741,29.600000,8,15,2.648180,105.805528,0.942996,False,
741,29.600000,8,16,3.313566,86.291448,0.066389,False,
741,29.600000,8,17,3.345123,100.359195,0.029229,False,
741,29.600000,8,18,2.513966,144.568116,0.999055,False,
741,29.600000,8,19,2.293828,94.169464,0.210719,False,
741,29.600000,8,20,2.189285,58.131477,0.809310,False,
741,29.600000,15,16,4.464085,167.903024,0.012505,False,
741,29.600000,15,17,4.052838,153.835277,0.461140,False,
741,29.600000,15,18,2.132461,38.762587,0.085211,False,
741,29.600000,15,19,3.193915,160.025008,0.063156,False,
741,29.600000,15,20,0.590482,163.937005,0.595391,False,
741,29.600000,16,17,0.701856,14.067746,0.999530,True,
741,29.600000,16,18,2.463643,129.140436,0.782570,False,
741,29.600000,16,19,1.280772,7.878015,0.524755,False,
741,29.600000,16,20,3.890359,28.159971,0.474495,False,
741,29.600000,17,18,1.955058,115.072690,0.799873,False,
741,29.600000,17,19,1.069539,6.189731,0.099907,False,
741,29.600000,17,20,3.505530,42.227718,0.529663,False,
741,29.600000,18,19,1.320526,121.262421,0.979722,False,
741,29.600000,18,20,1.632087,157.300407,0.183767,False,
741,29.600000,19,20,2.614990,36.037987,0.604105,False,
751,30.000000,8,15,2.597396,72.906226,0.998326,False,
751,30.000000,8,16,3.644588,90.430938,0.002501,False,
751,30.000000,8,17,3.654926,88.245521,0.224556,False,
751,30.000000,8,18,2.751928,157.409710,0.843452,False,
751,30.000000,8,19,2.582845,94.169464,0.194152,False,
751,30.000000,8,20,2.429868,175.549088,0.008554,False,
751,30.000000,15,17,4.673848,161.151747,0.951508,False,
751,30.000000,15,18,2.236887,84.503484,0.342307,False,
751,30.000000,15,19,3.702776,167.075690,0.924280,False,
751,30.000000,15,20,0.844984,111.544686,0.110786,False,
751,30.000000,16,17,0.690488,2.185417,0.997651,True,4.335293
751,30.000000,16,18,3.141073,112.159352,0.859428,False,
751,30.000000,16,19,1.325543,3.738526,0.551095,False,
751,30.000000,16,20,4.278164,85.118150,0.937135,False,
751,30.000000,17,18,2.634140,114.344769,0.920983,False,
751,30.000000,17,19,1.093390,5.923943,0.017737,False,
751,30.000000,17,20,3.879533,87.303567,0.879027,False,
751,30.000000,18,19,1.914770,108.420826,0.671054,False,
751,30.000000,18,20,1.391922,27.041203,0.937403,False,
751,30.000000,19,20,2.958736,81.379624,0.974946,False,
761,30.400000,8,15,2.488898,56.137602,0.987304,False,
761,30.400000,8,16,3.975710,90.430938,0.002266,False,
761,30.400000,8,17,3.956579,82.787052,0.296569,False,
761,30.400000,8,18,3.086562,157.488586,0.753286,False,
761,30.400000,8,19,2.872452,94.169464,0.180882,False,
761,30.400000,8,20,2.799200,177.785673,0.097215,False,
761,30.400000,15,18,2.484572,101.350985,0.532148,False,
761,30.400000,15,19,4.196229,150.307065,0.998900,False,
761,30.400000,15,20,1.353129,121.648072,0.581394,False,
761,30.400000,16,17,0.650462,7.643886,0.988613,True,0.518998
761,30.400000,16,18,3.868781,112.080476,0.836231,False,
761,30.400000,16,19,1.370335,3.738526,0.547838,False,
761,30.400000,16,20,4.769477,91.783389,0.997384,False,
761,30.400000,17,18,3.374477,119.724362,0.884381,False,
761,30.400000,17,19,1.114744,11.382412,0.022829,False,
761,30.400000,17,20,4.358480,99.427275,0.978240,False,
761,30.400000,18,19,2.582152,108.341950,0.686374,False,
761,30.400000,18,20,1.191207,20.297087,0.964392,False,
761,30.400000,19,20,3.409210,88.044863,0.998177,False,
771,30.800000,8,15,2.302092,34.273462,0.933288,False,
771,30.800000,8,16,4.306908,90.430938,0.006300,False,
771,30.800000,8,17,4.259667,82.787052,0.279672,False,
771,30.800000,8,18,3.463422,156.677248,0.681856,False,
771,30.800000,8,19,3.190477,85.919216,0.290730,False,
771,30.800000,8,20,3.236488,175.537196,0.118812,False,
771,30.800000,15,18,2.837965,122.403786,0.678246,False,
771,30.800000,15,19,4.633393,120.192677,0.898640,False,
771,30.800000,15,20,1.991187,141.263734,0.805543,False,
771,30.800000,16,17,0.611405,7.643886,0.981610,True,0.119003
771,30.800000,16,18,4.591327,112.891814,0.844067,False,
771,30.800000,16,19,1.359948,4.511722,0.472822,False,
771,30.800000,17,18,4.111203,120.535700,0.876731,False,
771,30.800000,17,19,1.097702,3.132164,0.029635,False,
771,30.800000,17,20,4.898674,101.675753,0.999385,False,
771,30.800000,18,19,3.309196,117.403536,0.780224,False,
771,30.800000,18,20,1.015773,18.859947,0.974914,True,1.003207
771,30.800000,19,20,3.978392,98.543589,0.996001,False,
781,31.200000,8,16,4.617195,90.853706,0.004642,False,
781,31.200000,8,17,4.567747,84.987674,0.230213,False,
781,31.200000,8,18,3.870300,156.120282,0.618590,False,
781,31.200000,8,19,3.523161,82.961742,0.311371,False,
781,31.200000,8,20,3.671657,167.714234,0.226363,False,
781,31.200000,16,17,0.579356,5.866031,0.984711,True,
781,31.200000,16,19,1.307181,7.891963,0.433314,False,6.617842
781,31.200000,17,18,4.838986,118.892044,0.872894,False,
781,31.200000,17,19,1.065076,2.025932,0.049922,False,6.158591
781,31.200000,18,19,4.061564,120.917976,0.826044,False,
781,31.200000,18,20,0.900810,11.593952,0.973679,True,1.155817
781,31.200000,19,20,4.618275,109.324024,0.988165,False,
791,31.600000,8,16,4.906578,91.337556,0.002102,False,
791,31.600000,8,17,4.885239,90.033489,0.137881,False,
791,31.600000,8,18,4.304360,156.120282,0.557942,False,
791,31.600000,8,19,3.858189,82.961742,0.288980,False,
791,31.600000,8,20,4.108871,156.747299,0.368695,False,
791,31.600000,16,17,0.569523,1.304067,0.996937,True,
791,31.600000,16,19,1.235394,8.375813,0.422550,False,3.667308
791,31.600000,17,19,1.037622,7.071747,0.047357,False,
791,31.600000,18,19,4.816891,120.917976,0.838450,False,
791,31.600000,18,20,0.878831,0.627017,0.967800,True,
801,32.000000,8,18,4.771758,158.549897,0.471957,False,
801,32.000000,8,19,4.180282,81.935551,0.287628,False,
801,32.000000,8,20,4.552956,156.747299,0.334334,False,
801,32.000000,16,17,0.561093,1.304067,0.999611,True,
801,32.000000,16,19,1.174641,9.402004,0.393387,False,4.448694
801,32.000000,17,19,1.026296,8.097937,0.100707,False,
801,32.000000,18,20,0.881843,1.802598,0.987479,True,
811,32.400000,8,19,4.445140,76.845734,0.357149,False,
811,32.400000,16,17,0.563351,0.367478,0.999359,True,
811,32.400000,16,19,1.159770,14.491822,0.302195,False,
811,32.400000,17,19,1.074650,14.859300,0.186928,False,
811,32.400000,18,20,0.936668,7.306136,0.991936,True,
821,32.800000,8,19,4.711538,76.845734,0.340672,False,
821,32.800000,16,17,0.532436,2.285201,0.975311,True,
821,32.800000,16,19,1.180895,32.558837,0.323503,False,
821,32.800000,17,19,1.127733,30.273636,0.180962,False,
821,32.800000,18,20,1.003054,8.186865,0.996934,True,
831,33.200000,8,19,4.974416,81.917209,0.248072,False,
831,33.200000,16,17,0.497113,3.747439,0.995220,False,
831,33.200000,16,19,1.252303,28.949600,0.231814,False,
831,33.200000,17,19,1.197258,25.202160,0.233126,False,
831,33.200000,18,20,1.100743,11.890507,0.997556,True,
841,33.600000,16,17,0.472770,3.747439,0.998246,False,
841,33.600000,16,19,1.364118,15.655440,0.238174,False,
841,33.600000,17,19,1.268520,11.908001,0.163533,False,
851,34.000000,8,22,1.656243,151.742880,0.305250,False,1.928884
851,34.000000,16,17,0.454360,4.041726,0.981891,False,
851,34.000000,16,19,1.497687,16.586150,0.168165,False,
851,34.000000,17,19,1.368363,12.544423,0.188144,False,
861,34.400000,8,22,1.398720,151.742880,0.367774,False,1.528882
861,34.400000,16,17,0.437932,4.364146,0.952790,False,
861,34.400000,16,19,1.622913,15.621049,0.113912,False,
861,34.400000,17,19,1.465916,11.256904,0.202359,False,
861,34.400000,17,21,8.202500,74.222510,0.941420,False,5.653593
871,34.800000,8,22,1.150114,151.742880,0.454961,False,1.128885
871,34.800000,16,17,0.429345,4.364146,0.902280,False,
871,34.800000,16,19,1.734988,14.600088,0.057931,False,
871,34.800000,17,19,1.544377,10.235942,0.225928,False,
871,34.800000,17,21,7.663520,74.222510,0.940998,False,5.253589
881,35.200000,8,22,0.917697,151.742880,0.579821,False,0.728883
881,35.200000,16,17,0.429091,4.364146,0.833217,False,
881,35.200000,16,19,1.852395,14.600088,0.006201,False,
881,35.200000,17,19,1.624005,10.235942,0.251194,False,
881,35.200000,17,21,7.124561,74.222510,0.940511,False,4.853590
891,35.600000,8,22,0.717382,151.742880,0.754052,False,0.328881
891,35.600000,16,17,0.457966,6.298135,0.835601,False,
891,35.600000,16,19,1.918723,5.865193,0.100824,False,
891,35.600000,17,19,1.710157,12.163328,0.262187,False,
901,36.000000,8,22,0.501162,142.649644,0.941203,False,
901,36.000000,16,17,0.492632,7.113232,0.873263,False,
901,36.000000,16,19,1.938235,16.754482,0.253564,False,
901,36.000000,17,19,1.774054,23.867713,0.428963,False,
911,36.400000,8,22,0.537036,139.018473,0.879630,False,
911,36.400000,16,17,0.529120,7.113232,0.899398,True,
911,36.400000,16,19,1.963387,16.754482,0.304687,False,
911,36.400000,17,19,1.848505,23.867713,0.494629,False,
921,36.800000,8,22,0.858756,139.018473,0.564149,False,
921,36.800000,16,17,0.571654,7.044546,0.912690,True,
921,36.800000,16,19,2.012779,13.465839,0.306556,False,
921,36.800000,16,21,4.460593,97.026602,0.844740,False,
921,36.800000,17,19,1.932167,20.510385,0.511003,False,
921,36.800000,19,21,5.184691,110.492441,0.992037,False,3.017091
931,37.200000,8,22,1.055283,100.941625,0.795016,False,
931,37.200000,16,17,0.619347,2.661563,0.856970,True,
931,37.200000,16,19,2.125878,4.304998,0.224701,False,
931,37.200000,16,21,3.902692,102.626586,0.802572,False,
931,37.200000,17,19,1.988938,6.966561,0.479378,False,
931,37.200000,17,21,4.499685,99.965023,0.748338,False,
931,37.200000,19,21,4.587363,106.931584,0.948385,False,2.672407
941,37.600000,8,22,1.302650,105.071629,0.584672,False,
941,37.600000,16,17,0.670820,2.661563,0.817666,True,
941,37.600000,16,19,2.238978,4.304991,0.225265,False,
941,37.600000,16,21,3.382503,102.626586,0.730387,False,
941,37.600000,17,19,2.045816,6.966554,0.485568,False,
941,37.600000,17,21,3.990977,99.965023,0.696409,False,
941,37.600000,19,21,3.990055,106.931577,0.949136,False,2.272408
951,38.000000,8,22,1.594574,103.722786,0.332732,False,
951,38.000000,16,17,0.725252,2.661563,0.780756,True,
951,38.000000,16,19,2.334457,2.960001,0.215435,False,
951,38.000000,16,21,2.894883,101.951168,0.596811,False,
951,38.000000,17,19,2.085096,5.621565,0.483942,False,
951,38.000000,17,21,3.486126,99.289604,0.605332,False,
951,38.000000,19,21,3.367385,104.911169,0.949845,False,1.779847
961,38.400000,8,22,1.892494,115.804045,0.371826,False,
961,38.400000,16,17,0.773175,4.790311,0.761210,True,
961,38.400000,16,19,2.327869,3.415583,0.191036,False,
961,38.400000,16,21,2.461568,103.669259,0.386034,False,
961,38.400000,17,19,2.053826,1.374728,0.464712,False,
961,38.400000,17,21,3.006534,98.878947,0.487064,False,
961,38.400000,19,21,2.705315,100.253675,0.965410,False,1.286308
971,38.800000,8,22,2.237863,120.637205,0.262726,False,
971,38.800000,16,17,0.764891,5.940402,0.785418,True,
971,38.800000,16,19,2.274128,7.273914,0.204994,False,
971,38.800000,16,21,2.119631,107.527589,0.095867,False,
971,38.800000,17,19,2.060404,1.333513,0.479069,False,
971,38.800000,17,21,2.584178,101.587188,0.403792,False,
971,38.800000,19,21,2.044245,100.253675,0.958652,False,0.886305
981,39.200000,8,22,2.621525,132.369876,0.197979,False,
981,39.200000,16,17,0.735930,4.495898,0.849872,True,
981,39.200000,16,19,2.214058,8.334749,0.175814,False,
981,39.200000,16,21,2.011637,116.410137,0.355900,False,
981,39.200000,17,19,2.084023,3.838851,0.464426,False,
981,39.200000,17,21,2.338888,111.914239,0.091113,False,
981,39.200000,19,21,1.356922,108.075388,0.880967,False,0.481150
991,39.600000,8,22,3.101309,130.092063,0.116854,False,
991,39.600000,16,17,0.719153,4.495898,0.911947,True,
991,39.600000,16,19,2.094893,16.530832,0.041071,False,
991,39.600000,16,21,2.308360,135.076564,0.891029,False,
991,39.600000,17,19,2.031599,12.034934,0.360453,False,
991,39.600000,17,21,2.473153,130.580666,0.545487,False,
991,39.600000,19,21,0.780213,118.545732,0.226095,False,
1001,40.000000,8,22,3.624041,126.278125,0.052089,False,
1001,40.000000,16,17,0.737205,8.832260,0.956068,True,
1001,40.000000,16,19,1.969603,20.867194,0.004576,False,
1001,40.000000,16,21,2.842119,143.425825,0.997483,False,
1001,40.000000,17,19,1.982401,12.034934,0.322019,False,
1001,40.000000,17,21,2.924517,134.593565,0.819663,False,
1001,40.000000,19,21,0.945628,122.558631,0.783928,False,
1011,40.400000,8,22,4.149607,120.156159,0.011219,False,
1011,40.400000,16,17,0.740266,2.146259,0.935488,True,
1011,40.400000,16,19,1.846930,20.120237,0.025317,False,
1011,40.400000,16,21,3.653475,158.837639,0.827420,False,
1011,40.400000,17,19,1.845628,17.973978,0.359726,False,
1011,40.400000,17,21,3.627345,156.691380,0.950935,False,
1011,40.400000,19,21,1.814821,138.717402,0.995892,False,
1021,40.800000,8,22,4.661347,115.798524,0.121094,False,
1021,40.800000,16,17,0.727958,2.726357,0.913160,True,4.704251
1021,40.800000,16,19,1.717283,9.546365,0.048813,False,
1021,40.800000,16,21,4.522345,158.837639,0.767871,False,
1021,40.800000,17,19,1.690563,12.272722,0.477881,False,2.823376
1021,40.800000,17,21,4.398009,161.563997,0.836009,False,
1021,40.800000,19,21,2.805063,149.291274,0.961946,False,
1021,40.800000,21,22,4.374615,160.388183,0.923281,False,
1031,41.200000,16,17,0.715837,2.726357,0.906428,True,4.304416
1031,41.200000,16,19,1.589638,9.546365,0.011949,False,
1031,41.200000,17,19,1.535544,12.272722,0.472419,False,2.423357
1031,41.200000,19,21,3.836543,154.025176,0.913202,False,
1031,41.200000,21,22,3.340169,162.004060,0.909220,False,
1041,41.600000,16,17,0.703904,2.726357,0.899220,True,3.904252
1041,41.600000,16,19,1.464531,9.546365,0.031298,False,
1041,41.600000,17,19,1.380606,12.272722,0.465701,False,2.023360
1041,41.600000,19,21,4.877521,154.566986,0.893363,False,
1041,41.600000,21,22,2.339012,162.545871,0.953170,False,
1051,42.000000,17,19,1.271484,2.606453,0.659319,False,
1051,42.000000,21,22,1.434268,161.219109,0.998640,False,
1061,42.400000,21,22,0.947250,154.556892,0.462397,False,
1071,42.800000,21,22,1.441788,154.378274,0.362896,False,
1081,43.200000,21,22,2.365834,154.378274,0.625876,False,
1091,43.600000,21,22,3.418268,163.049956,0.601428,False,
1091,43.600000,22,23,5.707571,152.440668,0.997641,False,2.133114
1101,44.000000,8,21,4.442966,134.153145,0.573320,False,
1101,44.000000,21,22,4.507564,165.140500,0.591430,False,
1101,44.000000,22,23,4.729127,152.978336,0.997523,False,1.721161
1101,44.000000,23,24,3.784056,17.594731,0.998579,False,
1101,44.000000,23,25,3.313202,19.127043,0.979499,False,
1101,44.000000,24,25,0.652386,1.532313,0.881481,True,
1111,44.400000,8,21,3.902593,134.153145,0.642105,False,
1111,44.400000,22,23,3.705910,165.812218,0.880114,False,
1111,44.400000,23,24,3.739864,4.126092,0.987837,False,
1111,44.400000,23,25,3.233793,5.658405,0.959318,False,
1111,44.400000,24,25,0.643000,1.532313,0.919259,True,
1121,44.800000,8,21,3.397437,134.682850,0.717132,False,
1121,44.800000,22,23,2.689823,165.754139,0.854109,False,
1121,44.800000,22,24,4.326039,168.522005,0.974024,False,
1121,44.800000,22,25,4.126372,170.054318,0.948121,False,
1121,44.800000,23,24,3.709445,2.767866,0.986773,False,
1121,44.800000,23,25,3.169668,4.300180,0.961673,False,
1121,44.800000,24,25,0.638627,1.532313,0.950637,True,
1131,45.200000,8,21,2.913555,139.519802,0.749728,False,
1131,45.200000,22,23,1.740084,164.379250,0.772990,False,
1131,45.200000,22,24,3.538068,163.936486,0.813997,False,
1131,45.200000,22,25,3.143105,170.054318,0.987647,False,
1131,45.200000,23,24,3.711514,0.442763,0.994524,False,
1131,45.200000,23,25,3.092344,5.675068,0.970077,False,
1131,45.200000,24,25,0.680678,6.117832,0.973360,True,
1141,45.600000,8,21,2.502487,139.519802,0.857872,False,
1141,45.600000,22,23,0.974773,150.326996,0.688246,False,
1141,45.600000,22,24,2.991579,159.240206,0.552428,False,
1141,45.600000,22,25,2.323472,173.257675,0.991954,False,
1141,45.600000,23,24,3.635137,8.913210,0.997258,False,
1141,45.600000,23,25,2.869679,22.930679,0.989661,False,
1141,45.600000,24,25,0.811482,14.017469,0.984608,True,
1151,46.000000,8,21,2.205329,139.519801,0.956434,False,
1151,46.000000,22,23,0.869807,150.377596,0.379603,False,
1151,46.000000,22,24,2.765680,159.290806,0.307042,False,
1151,46.000000,22,25,1.830122,173.308275,0.892933,False,
1151,46.000000,23,24,3.560266,8.913210,0.995505,False,
1151,46.000000,23,25,2.648356,22.930679,0.992738,False,
1151,46.000000,24,25,0.945109,14.017469,0.992111,True,
1161,46.400000,8,21,1.999001,147.516614,0.983584,False,
1161,46.400000,8,26,4.070079,55.624793,0.874988,False,
1161,46.400000,21,26,2.292550,156.858594,0.273395,False,
1161,46.400000,22,23,1.579190,148.971117,0.784969,False,
1161,46.400000,22,24,2.910811,157.884327,0.188650,False,
1161,46.400000,22,25,1.903825,171.901795,0.206685,False,
1161,46.400000,23,24,3.486999,8.913210,0.993219,False,
1161,46.400000,23,25,2.428736,22.930679,0.995678,False,
1161,46.400000,23,26,11.376769,176.994776,0.160293,False,3.832720
1161,46.400000,24,25,1.080509,14.017469,0.996118,True,
1161,46.400000,25,26,11.467233,160.074546,0.970001,False,3.751398
1171,46.800000,8,21,1.946529,147.516614,0.993991,False,
1171,46.800000,8,26,3.764362,55.624793,0.934092,False,
1171,46.800000,21,26,1.832343,156.858594,0.251531,False,
1171,46.800000,22,23,2.528106,155.278816,0.852348,False,
1171,46.800000,22,24,3.319652,166.849620,0.576900,False,
1171,46.800000,22,25,2.516089,170.562637,0.565704,False,
1171,46.800000,23,24,3.382800,11.570803,0.999852,False,
1171,46.800000,23,25,2.280794,15.283820,0.992989,True,
1171,46.800000,23,26,10.249325,175.833943,0.215137,False,3.454272
1171,46.800000,24,25,1.116289,3.713017,0.999890,True,
1181,47.200000,8,21,2.059707,147.516614,0.924150,False,
1181,47.200000,8,26,3.544628,55.624793,0.979300,False,
1181,47.200000,21,26,2.048919,156.858594,0.755792,False,
1181,47.200000,22,23,3.513226,156.079405,0.888435,False,
1181,47.200000,22,24,3.957864,171.211324,0.774375,False,
1181,47.200000,22,25,3.361397,169.340146,0.939563,False,
1181,47.200000,23,24,3.246025,15.131919,0.998724,False,
1181,47.200000,23,25,2.160510,13.260741,0.995370,True,5.836293
1181,47.200000,23,26,9.122507,175.033354,0.248829,False,3.070473
1181,47.200000,24,25,1.098613,1.871179,0.999423,True,
1191,47.600000,8,26,3.360218,61.905735,0.990246,False,
1191,47.600000,22,23,4.509414,156.079405,0.906918,False,
1191,47.600000,22,24,4.758200,171.211324,0.868860,False,
1191,47.600000,22,25,4.307312,169.340146,0.976235,False,
1191,47.600000,23,24,3.109848,15.131919,0.999338,False,
1191,47.600000,23,25,2.040648,13.260741,0.996681,True,5.436268
1191,47.600000,23,26,8.015144,168.752412,0.617105,False,2.686305
1191,47.600000,24,25,1.081006,1.871179,0.999660,True,
1201,48.000000,8,26,3.252174,64.680976,0.999990,False,
1201,48.000000,23,24,2.956027,17.147925,0.999999,False,
1201,48.000000,23,25,1.899150,15.722072,0.998805,True,3.765016
1201,48.000000,23,26,6.900997,168.438502,0.723053,False,2.360594
1201,48.000000,24,25,1.067715,1.425853,0.999859,True,
1211,48.400000,8,26,3.291237,5.778907,0.979658,False,
1211,48.400000,23,24,2.759713,21.295879,0.997983,False,4.401238
1211,48.400000,23,25,1.706226,20.929718,0.999994,False,2.299699
1211,48.400000,23,26,5.730763,178.039970,0.276708,False,1.836007
1211,48.400000,24,25,1.064364,0.366161,0.999962,True,
1221,48.800000,8,26,3.432909,2.174924,0.933545,False,
1221,48.800000,23,24,2.563403,21.295879,0.997939,False,4.001240
1221,48.800000,23,25,1.525469,19.914180,0.999968,True,2.088755
1221,48.800000,23,26,4.539626,177.795670,0.122401,False,1.341414
1221,48.800000,24,25,1.051990,1.381698,0.999898,True,
1221,48.800000,24,26,4.832455,160.908451,0.987572,False,
1221,48.800000,25,26,4.674357,162.290149,0.896538,False,
1231,49.200000,8,26,3.578242,0.846191,0.906957,False,
1231,49.200000,23,24,2.367093,21.295879,0.997886,False,3.601239
1231,49.200000,23,25,1.346597,19.797328,0.999602,True,1.710089
1231,49.200000,23,26,3.378333,179.183215,0.206246,False,0.998990
1231,49.200000,24,25,1.038875,1.498551,0.999497,True,
1231,49.200000,24,26,3.856051,157.887336,0.988996,False,
1231,49.200000,25,26,3.604619,159.385887,0.978849,False,
1241,49.600000,8,26,3.659910,16.679707,0.847423,False,
1241,49.600000,23,24,2.124736,27.294868,0.991421,False,2.634705
1241,49.600000,23,25,1.118046,25.796317,0.999815,False,0.906711
1241,49.600000,23,26,2.288432,178.081660,0.101625,False,
1241,49.600000,24,25,1.026049,1.498551,0.998822,True,
1241,49.600000,24,26,3.036820,154.623472,0.867638,False,
1241,49.600000,25,26,2.620513,156.122023,0.993532,False,
1251,50.000000,8,23,4.932852,160.183351,0.946176,False,
1251,50.000000,8,26,3.769719,17.898310,0.788921,False,
1251,50.000000,23,24,1.899103,25.693615,0.986910,False,2.339163
1251,50.000000,23,25,0.889500,25.796317,0.999865,False,0.506712
1251,50.000000,23,26,1.259091,178.081660,0.359600,False,
1251,50.000000,24,25,1.026721,0.102703,0.998263,True,
1251,50.000000,24,26,2.477742,156.224725,0.714635,False,
1251,50.000000,25,26,1.769239,156.122023,0.907480,False,
1261,50.400000,8,23,4.412352,165.299694,0.938562,False,
1261,50.400000,8,25,4.970295,177.626309,0.652516,False,
1261,50.400000,8,26,3.975231,5.728846,0.643297,False,
1261,50.400000,23,24,1.734028,19.435428,0.990773,True,2.790031
1261,50.400000,23,25,0.742676,17.073996,0.999989,True,0.388735
1261,50.400000,23,26,0.511261,171.028540,0.518686,False,
1261,50.400000,24,25,1.006030,2.361432,0.995209,True,7.894098
1261,50.400000,24,26,2.212110,169.536032,0.648514,False,
1261,50.400000,25,26,1.243693,171.897464,0.809714,False,
1271,50.800000,8,23,3.901736,179.807735,0.738982,False,
1271,50.800000,8,25,4.489638,178.701616,0.780737,False,
1271,50.800000,8,26,4.209286,2.856688,0.596677,False,
1271,50.800000,23,24,1.685349,5.969639,0.999384,True,
1271,50.800000,23,25,0.731523,1.106119,0.998552,True,
1271,50.800000,23,26,0.995221,176.951047,0.255985,False,
1271,50.800000,24,25,0.965131,4.863519,0.991884,True,3.616396
1271,50.800000,24,26,2.409288,170.981408,0.317286,False,
1271,50.800000,25,26,1.489613,175.844927,0.486423,False,
1281,51.200000,8,23,3.477654,177.522226,0.807399,False,
1281,51.200000,8,24,4.852947,171.552587,0.818040,False,
1281,51.200000,8,25,4.101384,176.416107,0.843008,False,
1281,51.200000,8,26,4.483848,5.420966,0.521120,False,
1281,51.200000,23,24,1.637296,5.969639,0.998491,True,
1281,51.200000,23,25,0.721405,1.106119,0.999877,True,
1281,51.200000,23,26,1.923620,177.056808,0.535372,False,
1281,51.200000,24,25,0.924295,4.863519,0.990748,True,3.216377
1281,51.200000,24,26,2.935480,176.973553,0.422481,False,
1281,51.200000,25,26,2.214288,178.162928,0.770301,False,
1291,51.600000,8,23,3.155557,177.522226,0.904065,False,
1291,51.600000,8,24,4.609442,172.640100,0.910857,False,
1291,51.600000,8,25,3.815601,176.416107,0.922125,False,
1291,51.600000,8,26,4.766329,6.969846,0.483855,False,
1291,51.600000,23,24,1.599504,4.882126,0.996055,True,
1291,51.600000,23,25,0.712363,1.106119,0.999726,True,
1291,51.600000,23,26,2.899779,175.507928,0.585055,False,
1291,51.600000,24,25,0.893498,3.776006,0.987227,True,4.025097
1291,51.600000,24,26,3.685348,179.609946,0.557679,False,
1291,51.600000,25,26,3.111312,176.614047,0.794606,False,
1301,52.000000,8,23,2.955286,176.480840,0.971234,False,
1301,52.000000,8,24,4.484731,173.702803,0.974716,False,
1301,52.000000,8,25,3.654807,176.210521,0.977341,False,
1301,52.000000,23,24,1.576830,2.778038,0.994998,True,
1301,52.000000,23,25,0.710037,0.270320,0.999949,True,
1301,52.000000,23,26,3.913609,174.998114,0.753344,False,
1301,52.000000,24,25,0.874868,2.507718,0.982261,True,
1301,52.000000,24,26,4.552058,177.776152,0.834069,False,
1301,52.000000,25,26,4.064745,175.268434,0.832940,False,
1311,52.400000,8,23,2.910448,178.580266,0.999600,False,
1311,52.400000,8,24,4.463527,176.211622,0.999986,False,
1311,52.400000,8,25,3.604842,176.832752,0.999492,False,
1311,52.400000,23,24,1.556242,2.368644,0.995148,True,
1311,52.400000,23,25,0.695686,1.747514,0.999097,True,4.405640
1311,52.400000,23,26,4.908173,161.192248,1.000000,False,
1311,52.400000,24,25,0.873991,0.621130,0.980083,True,
1311,52.400000,25,26,4.980118,162.939763,0.999980,False,
1321,52.800000,8,23,3.011652,179.021794,0.968406,False,
1321,52.800000,8,24,4.537550,176.653150,0.989410,False,
1321,52.800000,8,25,3.665160,177.274280,0.989114,False,
1321,52.800000,23,24,1.535659,2.368644,0.994969,True,
1321,52.800000,23,25,0.682120,1.747514,0.997052,True,4.005589
1321,52.800000,24,25,0.873780,0.621130,0.974235,True,
1331,53.200000,8,23,3.245026,179.021794,0.901105,False,
1331,53.200000,8,24,4.707857,177.069333,0.956870,False,
1331,53.200000,8,25,3.830625,177.274280,0.952035,False,
1331,53.200000,23,24,1.519129,1.952461,0.994116,True,
1331,53.200000,23,25,0.669389,1.747514,0.993683,True,3.605616
1331,53.200000,24,25,0.878932,0.204947,0.965682,True,
1331,53.200000,26,27,4.476155,149.277558,0.777395,False,
1341,53.600000,8,23,3.587108,177.524910,0.771458,False,
1341,53.600000,8,25,4.088491,177.274280,0.897280,False,
1341,53.600000,23,24,1.518037,1.976288,0.975284,True,
1341,53.600000,23,25,0.625675,5.200810,0.997596,True,0.235512
1341,53.600000,24,25,0.928727,3.224522,0.936604,True,
1341,53.600000,26,27,3.546714,141.315678,0.711181,False,
1351,54.000000,8,23,3.995048,178.025294,0.682155,False,
1351,54.000000,8,25,4.446223,178.154465,0.807174,False,
1351,54.000000,23,24,1.516930,2.921155,0.957556,True,
1351,54.000000,23,25,0.593543,3.820241,0.999891,True,
1351,54.000000,24,25,0.958286,0.899086,0.909677,True,
1351,54.000000,26,27,2.777854,141.813046,0.454913,False,
1361,54.400000,8,23,4.433063,162.277731,0.698185,False,
1361,54.400000,8,25,4.907971,163.383633,0.729392,False,
1361,54.400000,23,24,1.521698,2.921155,0.937820,True,
1361,54.400000,23,25,0.611095,1.105902,0.985051,True,
1361,54.400000,24,25,0.934784,4.027057,0.873430,True,
1361,54.400000,26,27,2.346006,144.341922,0.125949,False,
1371,54.800000,8,23,4.920824,162.395973,0.638888,False,
1371,54.800000,23,24,1.518634,3.039397,0.921033,True,
1371,54.800000,23,25,0.627695,0.987659,0.972820,True,
1371,54.800000,24,25,0.912733,4.027057,0.853079,True,
1371,54.800000,26,27,2.514919,152.746846,0.496060,False,
1381,55.200000,23,24,1.485742,3.265578,0.918662,True,
1381,55.200000,23,25,0.628324,0.761479,0.983000,True,
1381,55.200000,24,25,0.892238,4.027057,0.830268,True,
1381,55.200000,26,27,3.271556,157.957368,0.751121,False,
1391,55.600000,23,25,0.630547,0.761479,0.990981,True,
1391,55.600000,26,27,4.261111,165.430601,0.833095,False,
1401,56.000000,8,27,4.681313,146.879716,0.190980,False,
1411,56.400000,8,27,4.131012,26.908637,0.288964,False,
1421,56.800000,8,27,3.583790,26.908637,0.318593,False,
1431,57.200000,8,27,2.985440,24.845549,0.399393,False,
1441,57.600000,8,27,2.488026,15.583655,0.469422,False,
1451,58.000000,8,27,2.004016,15.583655,0.546475,False,
1461,58.400000,8,27,1.570790,17.601883,0.618973,False,
1471,58.800000,8,27,1.177031,18.154703,0.748439,True,
1481,59.200000,8,27,0.864631,16.452106,0.926388,True,
1491,59.600000,8,27,0.686102,20.456317,0.994980,False,
1501,60.000000,8,27,0.755998,23.976812,0.765109,False,
1511,60.400000,8,27,1.049954,23.976812,0.449219,False,
1521,60.800000,8,27,1.378196,22.204850,0.359440,False,
1531,61.200000,8,27,1.678711,30.745161,0.349574,False,
1541,61.600000,8,27,1.938400,38.988093,0.298034,False,
1551,62.000000,8,27,2.156479,49.176296,0.279561,False,
1561,62.400000,8,27,2.414759,49.024822,0.177023,False,
1561,62.400000,8,28,3.235441,177.046773,0.739672,False,
1561,62.400000,8,29,2.620430,179.050704,0.645984,False,
1561,62.400000,27,28,3.631055,128.021951,0.577029,False,
1561,62.400000,27,29,2.727133,131.924474,0.580691,False,
1561,62.400000,28,29,0.903936,3.902523,0.999495,True,3.983569
1571,62.800000,8,27,2.671342,54.560458,0.249111,False,
1571,62.800000,8,28,2.868671,174.881512,0.842503,False,
1571,62.800000,8,29,2.187795,178.784035,0.764323,False,
1571,62.800000,27,28,4.032511,120.321054,0.811084,False,
1571,62.800000,27,29,3.175651,124.223576,0.845182,False,
1571,62.800000,28,29,0.869624,3.902523,0.998387,True,3.583568
1571,62.800000,28,30,13.576253,177.971266,0.158462,False,4.310720
1571,62.800000,28,31,13.864629,174.182799,0.342461,False,4.364278
1571,62.800000,29,31,13.969594,178.085322,0.065478,False,4.604294
1571,62.800000,30,31,0.873484,7.845935,0.945031,True,1.239810
1581,63.200000,8,27,2.900394,60.900532,0.245202,False,
1581,63.200000,8,28,2.616852,175.915192,0.943455,False,
1581,63.200000,8,29,1.858440,178.784035,0.902755,False,
1581,63.200000,27,28,4.523898,115.014660,0.920031,False,
1581,63.200000,27,29,3.715628,117.883503,0.948743,False,
1581,63.200000,28,29,0.844939,2.868843,0.996497,True,4.375678
1581,63.200000,28,30,12.369562,176.937586,0.207610,False,3.918548
1581,63.200000,28,31,12.654740,175.216479,0.279613,False,3.985424
1581,63.200000,29,31,12.773075,178.085322,0.061628,False,4.204295
1581,63.200000,30,31,0.783779,7.845935,0.933018,True,0.839813
1591,63.600000,8,28,2.506196,177.570365,0.998808,False,
1591,63.600000,8,29,1.669804,178.072868,0.991386,False,
1591,63.600000,28,29,0.849127,0.502503,0.996955,True,
1591,63.600000,28,30,11.201508,178.924837,0.042155,False,3.662848
1591,63.600000,28,31,11.455267,176.823157,0.189776,False,3.625340
1591,63.600000,29,30,11.268918,179.427340,0.088561,False,3.760970
1591,63.600000,30,31,0.725531,4.252006,0.926020,True,0.865852
1601,64.000000,8,28,2.537230,176.233487,0.980775,False,
1601,64.000000,8,29,1.669952,179.306272,0.981833,False,
1601,64.000000,28,29,0.876171,3.072785,0.999251,True,
1601,64.000000,28,31,10.276341,179.090094,0.088905,False,3.312161
1601,64.000000,29,30,10.114482,174.108188,0.437086,False,3.334057
1601,64.000000,30,31,0.752979,3.728933,0.949783,True,
1611,64.400000,8,28,2.695776,177.882112,0.925837,False,
1611,64.400000,8,29,1.884956,179.306272,0.868348,False,
1611,64.400000,28,29,0.888977,1.424160,0.999838,True,
1611,64.400000,29,30,8.960224,174.108188,0.432959,False,2.934058
1611,64.400000,30,31,0.818184,6.585540,0.971690,True,
1621,64.800000,8,28,2.955521,178.459485,0.870857,False,
1621,64.800000,8,29,2.254154,179.306272,0.724877,False,
1621,64.800000,28,29,0.868240,2.234243,0.999999,True,5.851318
1621,64.800000,28,30,7.746062,177.478195,0.245453,False,2.451268
1621,64.800000,30,31,0.824491,0.981289,0.987783,True,
1631,65.200000,8,28,3.293759,163.174929,0.724977,False,
1631,65.200000,8,29,2.702920,160.483312,0.522768,False,
1631,65.200000,28,29,0.843385,2.691618,0.999858,True,4.072424
1631,65.200000,28,30,6.578576,177.478195,0.243016,False,2.051268
1631,65.200000,30,31,0.859114,3.287186,0.993426,True,
1641,65.600000,8,28,3.702393,156.378802,0.596589,False,
1641,65.600000,8,29,3.217076,152.644945,0.363969,False,
1641,65.600000,28,29,0.808505,3.733857,0.999595,True,2.392635
1641,65.600000,28,30,5.409601,177.436177,0.328506,False,1.696291
1641,65.600000,30,31,0.841481,1.536655,0.998173,True,5.666530
1651,66.000000,8,28,4.177865,153.954082,0.462912,False,
1651,66.000000,8,29,3.767860,152.644945,0.278686,False,
1651,66.000000,28,29,0.796149,1.309137,0.998954,True,6.424446
1651,66.000000,28,30,4.245753,171.676345,0.696687,False,1.325574
1651,66.000000,28,31,4.456347,176.825323,0.518768,False,
1651,66.000000,29,30,4.375430,170.367208,0.858792,False,
1651,66.000000,29,31,4.713640,175.516186,0.736458,False,
1651,66.000000,30,31,0.784549,5.148978,0.998955,True,1.304749
1661,66.400000,8,28,4.693321,152.902538,0.368519,False,
1661,66.400000,8,29,4.341351,152.644945,0.214032,False,
1661,66.400000,28,29,0.793475,0.257592,0.998841,True,
1661,66.400000,28,30,3.089340,170.614886,0.757933,False,0.916084
1661,66.400000,28,31,3.369097,176.975615,0.664157,False,
1661,66.400000,29,30,3.269820,170.357293,0.909866,False,
1661,66.400000,29,31,3.690778,176.718022,0.842075,False,
1661,66.400000,30,31,0.720489,6.360729,0.992431,True,0.844998
1671,66.800000,8,29,4.904248,152.347907,0.224523,False,
1671,66.800000,8,32,3.361102,155.648093,0.937722,False,
1671,66.800000,8,33,2.596198,153.796940,0.898959,False,
1671,66.800000,28,29,0.808290,1.611006,0.999708,True,
1671,66.800000,28,30,1.959062,170.523223,0.852759,False,0.528106
1671,66.800000,28,31,2.316760,176.975615,0.762642,False,
1671,66.800000,29,30,2.253095,172.134229,0.972471,False,
1671,66.800000,29,31,2.763045,178.586620,0.812897,False,
1671,66.800000,30,31,0.657374,6.452392,0.983477,True,0.379808
1671,66.800000,30,32,7.853122,175.434415,0.423630,False,2.571614
1671,66.800000,31,32,8.011693,178.113193,0.172965,False,2.746717
1671,66.800000,32,33,0.871694,1.851153,0.999854,True,
1681,67.200000,8,32,3.177770,19.851419,0.961922,False,
1681,67.200000,8,33,2.382109,18.000266,0.935788,True,
1681,67.200000,28,29,0.812727,0.389710,0.998740,True,
1681,67.200000,28,30,0.916352,174.978739,0.848176,False,0.151003
1681,67.200000,28,31,1.474534,172.792624,0.998881,False,
1681,67.200000,29,30,1.470538,175.368450,0.997930,False,
1681,67.200000,29,31,2.134190,173.182334,0.882665,False,
1681,67.200000,30,31,0.682596,2.186116,0.988228,True,
1681,67.200000,30,32,6.726813,176.803377,0.348604,False,2.187135
1681,67.200000,32,33,0.856351,1.851153,0.998782,True,
1691,67.600000,8,32,3.064300,19.851419,0.992541,False,
1691,67.600000,8,33,2.246330,18.000266,0.986161,True,
1691,67.600000,28,29,0.811198,0.417246,0.995576,True,
1691,67.600000,28,30,0.512531,178.042238,0.985004,False,
1691,67.600000,28,31,1.200428,172.792024,0.658385,False,
1691,67.600000,29,30,1.292120,178.459485,0.915716,False,
1691,67.600000,29,31,2.011581,172.374778,0.458123,False,
1691,67.600000,30,31,0.767015,9.165737,0.992066,True,
1691,67.600000,30,32,5.655165,177.024557,0.616597,False,1.894873
1691,67.600000,30,33,5.769620,178.875710,0.056067,False,2.128105
1691,67.600000,32,33,0.841931,1.851153,0.996577,True,
1701,68.000000,8,32,3.021355,20.635231,0.999734,False,
1701,68.000000,8,33,2.176720,21.079766,0.999999,False,
1701,68.000000,28,29,0.810786,0.417246,0.991404,True,
1701,68.000000,28,30,1.418866,176.662412,0.637015,False,
1701,68.000000,28,31,1.782930,168.901860,0.207684,False,
1701,68.000000,29,30,1.901442,177.079658,0.941696,False,
1701,68.000000,29,31,2.489767,168.484614,0.245372,False,
1701,68.000000,30,31,0.913950,14.435728,0.995666,True,
1701,68.000000,30,32,4.565124,174.860919,0.542977,False,1.466926
1701,68.000000,30,33,4.685413,174.416384,0.421875,False,
1701,68.000000,31,32,4.769947,170.703353,0.893018,False,
1701,68.000000,32,33,0.845766,0.444535,0.998881,True,
1711,68.400000,8,30,4.937339,165.340965,0.519624,False,
1711,68.400000,8,32,3.052610,20.837578,0.984315,False,
1711,68.400000,8,33,2.213294,21.079766,0.976146,False,
1711,68.400000,28,29,0.791276,2.078345,0.999257,True,4.064832
1711,68.400000,28,30,2.519985,179.705464,0.234084,False,
1711,68.400000,28,31,2.702783,163.326892,0.719375,False,
1711,68.400000,29,30,2.823796,178.216191,0.289166,False,
1711,68.400000,29,31,3.252850,161.248547,0.544230,False,
1711,68.400000,30,31,1.091628,16.967644,0.995022,True,
1711,68.400000,30,32,3.458026,173.821457,0.540050,False,1.047325
1711,68.400000,30,33,3.583241,173.579269,0.359838,False,1.252412
1711,68.400000,31,32,3.751479,169.210899,0.955317,False,
1711,68.400000,31,33,4.098493,169.453087,0.996867,False,
1711,68.400000,32,33,0.847681,0.242188,0.999215,True,
1721,68.800000,8,30,4.467001,159.168095,0.672970,False,
1721,68.800000,8,32,3.157084,20.837578,0.946663,False,
1721,68.800000,8,33,2.321521,24.437242,0.932720,False,
1721,68.800000,28,29,0.774402,1.799191,0.999994,True,5.243970
1721,68.800000,28,30,3.624964,173.209652,0.802649,False,
1721,68.800000,28,31,3.725108,162.414878,0.831498,False,
1721,68.800000,29,30,3.843382,171.410462,0.605156,False,
1721,68.800000,29,31,4.159518,160.615687,0.672177,False,
1721,68.800000,30,31,1.200451,10.794774,0.999424,True,
1721,68.800000,30,32,2.379887,179.994327,0.021011,False,0.660801
1721,68.800000,30,33,2.555405,176.394663,0.050283,False,
1721,68.800000,31,32,2.778838,169.210899,0.987939,False,
1721,68.800000,31,33,3.269723,172.810563,0.995897,False,
1721,68.800000,32,33,0.879124,3.599664,0.999937,True,
1731,69.200000,8,30,4.132937,148.722749,0.859519,False,
1731,69.200000,8,32,3.137717,43.027125,0.995513,False,
1731,69.200000,8,33,2.405471,38.318627,0.944444,False,
1731,69.200000,28,29,0.757912,1.799191,0.999811,True,4.843974
1731,69.200000,28,30,4.693728,162.764306,0.999257,False,
1731,69.200000,28,31,4.778880,171.195950,0.642756,False,
1731,69.200000,29,30,4.871250,160.965115,0.954470,False,
1731,69.200000,30,31,1.117097,8.431644,0.999812,True,3.428612
1731,69.200000,30,32,1.452748,168.250126,0.346366,False,0.520211
1731,69.200000,30,33,1.775736,172.958624,0.022887,False,
1731,69.200000,31,32,2.029113,159.818482,0.038755,False,
1731,69.200000,31,33,2.658791,164.526980,0.152461,False,
1731,69.200000,32,33,0.860126,4.708498,0.931477,True,
1741,69.600000,8,30,3.852534,148.722749,0.915494,False,
1741,69.600000,8,31,4.742300,158.107973,0.893276,False,
1741,69.600000,8,32,3.128185,49.211173,0.992011,False,
1741,69.600000,8,33,2.575984,38.318627,0.871014,False,
1741,69.600000,28,29,0.732024,2.776412,0.999431,True,2.046903
1741,69.600000,30,31,1.026188,9.385224,0.998112,True,2.365683
1741,69.600000,30,32,0.735719,162.066079,0.149619,False,
1741,69.600000,30,33,1.384732,172.958624,0.562936,False,
1741,69.600000,31,32,1.645124,152.680854,0.449823,False,
1741,69.600000,31,33,2.390524,163.573400,0.515437,False,
1741,69.600000,32,33,0.806928,10.892546,0.862623,True,
1751,70.000000,8,30,3.531445,169.711924,0.912810,False,
1751,70.000000,8,31,4.423156,173.792096,0.921697,False,
1751,70.000000,8,32,3.198528,28.711178,0.915158,False,
1751,70.000000,8,33,2.834176,16.216666,0.686269,False,
1751,70.000000,28,29,0.765542,3.316637,0.990593,True,
1751,70.000000,30,31,0.983916,4.080172,0.999967,True,
1751,70.000000,30,32,0.809927,161.576898,0.992991,False,
1751,70.000000,30,33,1.534835,174.071410,0.990929,False,
1751,70.000000,31,32,1.727597,157.496726,0.915066,False,
1751,70.000000,31,33,2.470627,169.991238,0.943116,False,
1751,70.000000,32,33,0.743036,12.494512,0.881205,True,
1761,70.400000,8,30,3.277948,172.523492,0.967534,False,
1761,70.400000,8,31,4.123078,179.383508,0.941454,False,
1761,70.400000,8,32,3.305738,23.097305,0.834592,False,
1761,70.400000,8,33,3.104262,13.228997,0.597912,False,
1761,70.400000,28,29,0.809954,4.268411,0.989802,True,
1761,70.400000,30,31,0.899791,8.093000,0.999388,True,
1761,70.400000,30,32,1.607821,164.379203,0.909283,False,
1761,70.400000,30,33,2.211051,174.247511,0.953450,False,
1761,70.400000,31,32,2.255416,156.286203,0.999997,False,
1761,70.400000,31,33,2.934481,166.154511,0.995319,False,
1761,70.400000,32,33,0.707748,9.868308,0.836392,True,
1771,70.800000,8,30,3.143843,172.523492,0.998509,False,
1771,70.800000,8,31,3.939101,179.383508,0.986088,False,
1771,70.800000,8,32,3.473713,5.327284,0.633060,False,
1771,70.800000,8,33,3.267014,16.738684,0.579931,False,
1771,70.800000,28,29,0.854369,4.268411,0.990157,True,
1771,70.800000,30,31,0.822819,8.093000,0.991255,True,
1771,70.800000,30,32,2.420120,177.850776,0.267453,False,
1771,70.800000,30,33,2.970599,170.737824,0.694844,False,
1771,70.800000,31,32,2.926585,174.056224,0.736912,False,
1771,70.800000,31,33,3.575343,162.644824,0.914871,False,
1771,70.800000,32,33,0.769422,11.411400,0.910371,True,
1781,71.200000,8,30,3.066186,179.427018,0.999991,False,
1781,71.200000,8,31,3.917907,177.744389,0.997210,False,
1781,71.200000,8,32,3.652361,2.863957,0.575221,False,
1781,71.200000,8,33,3.308154,25.258114,0.607971,False,
1781,71.200000,28,29,0.876553,2.211528,0.993972,True,
1781,71.200000,30,31,0.854441,2.828593,0.993602,True,
1781,71.200000,30,32,3.273156,176.563061,0.409235,False,
1781,71.200000,30,33,3.650793,154.168903,0.691778,False,
1781,71.200000,31,32,3.714634,179.391654,0.496605,False,
1781,71.200000,31,33,4.219879,156.997496,0.750720,False,
1781,71.200000,32,33,0.817395,22.394158,0.973110,False,
1791,71.600000,8,30,3.142884,179.427018,0.976371,False,
1791,71.600000,8,31,4.035928,176.449949,0.961948,False,
1791,71.600000,8,32,3.785715,3.524304,0.557679,False,
1791,71.600000,8,33,3.339359,25.295173,0.577728,False,
1791,71.600000,28,29,0.880566,0.472490,0.997496,True,
1791,71.600000,30,31,0.898483,4.123033,0.991375,True,
1791,71.600000,30,32,4.097759,175.902713,0.333219,False,
1791,71.600000,30,33,4.343863,154.131845,0.614572,False,
1791,71.600000,31,32,4.504874,179.974254,0.383854,False,
1791,71.600000,31,33,4.891261,158.254878,0.655939,False,
1791,71.600000,32,33,0.880654,21.770868,0.992220,False,
1801,72.000000,8,30,3.338944,160.982143,0.926681,False,
1801,72.000000,8,31,4.248888,165.105176,0.922879,False,
1801,72.000000,8,32,3.789799,8.213466,0.814464,False,
1801,72.000000,8,33,3.327717,11.929383,0.664787,False,
1801,72.000000,28,29,0.884711,0.472490,0.998283,True,
1801,72.000000,30,31,0.942563,4.123033,0.990520,True,
1801,72.000000,30,32,4.705677,152.768676,0.274738,False,
1801,72.000000,30,33,4.888080,149.052760,0.422566,False,
1801,72.000000,32,33,0.872363,3.715917,0.933818,True,
1811,72.400000,8,30,3.595460,16.091781,0.871758,False,
1811,72.400000,8,32,3.864913,136.676895,0.495118,False,
1811,72.400000,8,33,3.392200,132.960978,0.159380,False,
1811,72.400000,28,29,0.893671,0.953027,0.998898,True,
1811,72.400000,32,33,0.864749,3.715917,0.943505,True,
1821,72.800000,8,32,3.940569,136.676895,0.505173,False,
1821,72.800000,8,33,3.456726,132.960978,0.162853,False,
1821,72.800000,8,34,2.012446,170.185458,0.476633,False,
1821,72.800000,28,29,0.921912,2.926575,0.999419,True,
1821,72.800000,32,33,0.857830,3.715917,0.952591,True,
1831,73.200000,8,32,4.016736,136.676895,0.514783,False,
1831,73.200000,8,33,3.521293,132.960978,0.166196,False,
1831,73.200000,8,34,1.766096,170.185458,0.528607,False,
1831,73.200000,28,29,0.950915,2.926575,0.999980,True,
1831,73.200000,32,33,0.851623,3.715917,0.961020,True,
1841,73.600000,8,32,4.093385,136.676895,0.523974,False,
1841,73.600000,8,33,3.585900,132.960978,0.169417,False,
1841,73.600000,8,34,1.528178,170.185458,0.594134,False,
1841,73.600000,32,33,0.846144,3.715917,0.968740,True,
1851,74.000000,8,32,4.170491,136.676895,0.532769,False,
1851,74.000000,8,33,3.650543,132.960978,0.172522,False,
1851,74.000000,8,34,1.304587,164.855648,0.770498,False,
1851,74.000000,32,33,0.841407,3.715917,0.975698,True,
1851,74.000000,33,34,4.805785,62.183374,0.327893,False,
1861,74.400000,8,32,4.248029,136.676895,0.541190,False,
1861,74.400000,8,33,3.715231,132.960978,0.175518,False,
1861,74.400000,8,34,1.121036,158.276811,0.940268,False,
1861,74.400000,8,35,2.192729,172.624553,0.933930,False,
1861,74.400000,32,33,0.837423,3.715917,0.981848,True,
1861,74.400000,32,34,4.997666,65.046294,0.246240,False,
1861,74.400000,33,34,4.587044,68.762211,0.462427,False,
1861,74.400000,34,35,1.164183,14.347742,0.999980,True,3.931749
1871,74.800000,8,32,4.325974,136.676895,0.549257,False,
1871,74.800000,8,33,3.779942,132.960978,0.178410,False,
1871,74.800000,8,34,1.005070,158.276811,0.997523,False,
1871,74.800000,8,35,2.087634,172.624553,0.971960,False,
1871,74.800000,32,33,0.834205,3.715917,0.987152,True,
1871,74.800000,32,34,4.782848,65.046294,0.270972,False,
1871,74.800000,33,34,4.372573,68.762211,0.490575,False,
1871,74.800000,33,35,4.956713,54.414469,0.449024,False,
1871,74.800000,34,35,1.101972,14.347742,0.999876,True,3.531746
1881,75.200000,8,32,4.404305,136.676895,0.556989,False,
1881,75.200000,8,33,3.844685,132.960978,0.181202,False,
1881,75.200000,8,34,0.980960,158.276811,0.969547,False,
1881,75.200000,8,35,2.020066,172.624553,0.995185,False,
1881,75.200000,32,33,0.831762,3.715917,0.991574,True,
1881,75.200000,32,34,4.571458,65.046294,0.297806,False,
1881,75.200000,33,34,4.163044,68.762211,0.521008,False,
1881,75.200000,33,35,4.762381,54.414469,0.471667,False,
1881,75.200000,34,35,1.040365,14.347742,0.999180,True,3.131751
1891,75.600000,8,32,4.499846,140.312685,0.929102,False,
1891,75.600000,8,33,3.909458,132.960978,0.183901,False,
1891,75.600000,8,34,0.972342,174.657194,0.988819,False,
1891,75.600000,8,35,1.993841,172.624553,0.998866,False,
1891,75.600000,32,33,0.832417,7.351706,0.999895,True,
1891,75.600000,32,34,4.439133,45.030122,0.033230,False,
1891,75.600000,32,35,4.858085,47.062762,0.234815,False,
1891,75.600000,33,34,3.999336,52.381828,0.266225,False,
1891,75.600000,33,35,4.571409,54.414469,0.495872,False,
1891,75.600000,34,35,1.038917,2.032640,0.990946,True,
1901,76.000000,8,32,4.745060,179.256822,0.610387,False,
1901,76.000000,8,33,4.067782,168.224303,0.553135,False,
1901,76.000000,8,34,0.925286,145.734674,0.192483,False,
1901,76.000000,8,35,1.850170,151.881976,0.664008,False,
1901,76.000000,32,33,0.856382,11.032519,0.975820,True,
1901,76.000000,32,34,4.401402,35.008504,0.223644,False,
1901,76.000000,32,35,4.773150,28.861202,0.038556,False,
1901,76.000000,33,34,3.846671,46.041023,0.169844,False,
1901,76.000000,33,35,4.364303,39.893721,0.286984,False,
1901,76.000000,34,35,1.000257,6.147302,0.962625,True,
1911,76.400000,8,33,4.253743,170.354659,0.560955,False,
1911,76.400000,8,34,0.991519,143.604319,0.708108,False,
1911,76.400000,8,35,1.710267,164.211171,0.498303,False,
1911,76.400000,32,33,0.901605,11.032519,0.931989,True,
1911,76.400000,32,34,4.365506,35.008504,0.203483,False,
1911,76.400000,32,35,4.679049,14.401651,0.182056,False,
1911,76.400000,33,34,3.694519,46.041023,0.181663,False,
1911,76.400000,33,35,4.138361,25.434170,0.056467,False,6.509390
1911,76.400000,34,35,0.907050,20.606853,0.927572,False,1.405113
1921,76.800000,8,33,4.443876,170.354659,0.535907,False,
1921,76.800000,8,34,1.173984,143.604319,0.882968,False,
1921,76.800000,8,35,1.683942,164.211171,0.252157,False,
1921,76.800000,32,33,0.926776,9.768731,0.921798,True,
1921,76.800000,32,34,4.261323,36.272291,0.090438,False,
1921,76.800000,32,35,4.509525,15.665439,0.147274,False,9.256906
1921,76.800000,33,34,3.542945,46.041023,0.194465,False,
1921,76.800000,33,35,3.912551,25.434170,0.062459,False,6.109389
1921,76.800000,34,35,0.815702,20.606853,0.945130,False,1.005114
1931,77.200000,8,33,4.666044,161.478979,0.371136,False,
1931,77.200000,8,34,1.490871,164.945415,0.919043,False,
1931,77.200000,8,35,1.794207,173.442539,0.970864,False,
1931,77.200000,32,33,0.945313,8.863541,0.914725,True,
1931,77.200000,32,34,4.092008,24.712065,0.201492,False,8.254194
1931,77.200000,32,35,4.362346,16.214942,0.149072,False,
1931,77.200000,33,34,3.337978,33.575606,0.003645,False,5.408372
1931,77.200000,33,35,3.727909,25.078482,0.057598,False,7.059473
1931,77.200000,34,35,0.795635,8.497124,0.902029,True,
1941,77.600000,8,33,4.955844,145.338439,0.081541,False,
1941,77.600000,8,34,1.942933,177.877418,0.240653,False,
1941,77.600000,8,35,2.054266,169.873297,0.539314,False,
1941,77.600000,32,33,0.965192,8.863541,0.899243,True,
1941,77.600000,32,34,3.917375,23.675438,0.214767,False,7.603260
1941,77.600000,32,35,4.256429,15.671318,0.166890,False,
1941,77.600000,33,34,3.127074,32.538979,0.009358,False,4.823652
1941,77.600000,33,35,3.584373,24.534858,0.046825,False,8.662406
1941,77.600000,34,35,0.804471,8.004120,0.858160,True,
1951,78.000000,8,34,2.415543,177.877418,0.161789,False,
1951,78.000000,8,35,2.366817,169.873297,0.418100,False,
1951,78.000000,32,33,0.986322,8.863541,0.883263,True,
1951,78.000000,32,34,3.742743,23.675438,0.215450,False,7.203260
1951,78.000000,32,35,4.150517,15.671318,0.165944,False,
1951,78.000000,33,34,2.916212,32.538979,0.005444,False,4.423651
1951,78.000000,33,35,3.440918,24.534858,0.051706,False,8.262405
1951,78.000000,34,35,0.819349,8.004120,0.811327,True,
1961,78.400000,8,34,2.898668,177.877418,0.108340,False,
1961,78.400000,8,35,2.721442,166.375637,0.171825,False,
1961,78.400000,32,33,1.008627,8.863541,0.866942,True,
1961,78.400000,32,34,3.568115,23.675438,0.216200,False,6.803262
1961,78.400000,32,35,4.026395,12.173658,0.208348,False,
1961,78.400000,33,34,2.705402,32.538979,0.000920,False,4.023651
1961,78.400000,33,35,3.277325,21.037199,0.000593,False,6.591005
1961,78.400000,34,35,0.818673,11.501780,0.745397,True,
1971,78.800000,32,33,0.854625,20.858981,0.742222,False,0.829502
1971,78.800000,32,34,3.447365,0.938522,0.554818,False,
1971,78.800000,32,35,3.860019,6.466006,0.287737,False,
1971,78.800000,33,34,2.760341,21.797503,0.217680,False,
1971,78.800000,33,35,3.287611,14.392975,0.037312,False,
1971,78.800000,34,35,0.812581,7.404527,0.576028,False,
1981,79.200000,32,33,0.847900,22.801502,0.672507,False,
1981,79.200000,32,34,3.475365,47.732008,0.280919,False,
1981,79.200000,32,35,3.819568,37.352189,0.008813,False,
1981,79.200000,33,34,2.846989,24.930506,0.255638,False,
1981,79.200000,33,35,3.323587,14.550687,0.026257,False,
1981,79.200000,34,35,0.813592,10.379818,0.601972,False,
1991,79.600000,32,33,0.829776,17.539966,0.700259,True,
1991,79.600000,32,34,3.571607,51.351352,0.231378,False,
1991,79.600000,32,35,3.839170,40.971534,0.030974,False,
1991,79.600000,33,34,3.022234,33.811386,0.169222,False,
1991,79.600000,33,35,3.435308,23.431567,0.101525,False,
1991,79.600000,34,35,0.817185,10.379818,0.645830,False,
2001,80.000000,32,33,0.756298,12.244285,0.824472,True,
2001,80.000000,32,34,3.676190,51.351352,0.276827,False,
2001,80.000000,32,35,3.910109,47.169697,0.022825,False,
2001,80.000000,33,34,3.290729,39.107067,0.122573,False,
2001,80.000000,33,35,3.671859,34.925412,0.121417,False,
2001,80.000000,34,35,0.835802,4.181655,0.601604,False,
2011,80.400000,32,33,0.715727,2.670288,0.899592,True,1.296109
2011,80.400000,32,34,4.012237,49.667682,0.297035,False,
2011,80.400000,32,35,4.134428,32.255124,0.143612,False,
2011,80.400000,33,34,3.669175,52.337970,0.081666,False,
2011,80.400000,33,35,3.917822,34.925412,0.074245,False,
2011,80.400000,34,35,0.777600,17.412558,0.640861,False,
2021,80.800000,32,33,0.757784,8.083953,0.971975,True,
2021,80.800000,32,34,4.386592,59.243953,0.285577,False,
2021,80.800000,32,35,4.377655,31.235775,0.173509,False,
2021,80.800000,33,34,4.091795,51.160000,0.238143,False,
2021,80.800000,33,35,4.203419,23.151822,0.088804,False,
2021,80.800000,34,35,0.715399,28.008178,0.738937,False,
2031,81.200000,32,33,0.806181,8.083953,0.988581,True,
2031,81.200000,32,34,4.760970,59.243953,0.283597,False,
2031,81.200000,32,35,4.622947,31.235775,0.193690,False,
2031,81.200000,33,34,4.514467,51.160000,0.235367,False,
2031,81.200000,33,35,4.490572,23.151822,0.106622,False,
2031,81.200000,34,35,0.674415,28.008178,0.849693,False,
2031,81.200000,34,36,3.639022,63.053521,0.523439,False,
2031,81.200000,35,36,3.405419,35.045343,0.319488,False,
2041,81.600000,32,33,0.864163,6.998469,0.988481,True,
2041,81.600000,32,35,4.985941,18.921799,0.112855,False,
2041,81.600000,33,34,4.937158,51.160000,0.233065,False,
2041,81.600000,33,35,4.835834,11.923330,0.038924,False,
2041,81.600000,34,35,0.700210,39.236670,0.934037,False,
2041,81.600000,34,36,3.094596,63.053521,0.649724,False,
2041,81.600000,35,36,2.832823,23.816851,0.481640,False,
2051,82.000000,32,33,0.915440,6.118688,0.986033,True,
2051,82.000000,34,35,0.733534,39.236670,0.964817,False,
2051,82.000000,34,36,2.651696,61.395874,0.770542,False,
2051,82.000000,35,36,2.322255,22.159204,0.591557,False,
2061,82.400000,32,33,0.948985,3.994721,0.986340,True,
2061,82.400000,34,35,0.773415,39.236670,0.984504,False,
2061,82.400000,34,36,2.327554,57.073013,0.861607,False,
2061,82.400000,35,36,1.894282,17.836343,0.688019,False,
2071,82.800000,32,33,0.951476,0.296272,0.991078,True,
2071,82.800000,34,35,0.818855,13.322020,0.986955,True,
2071,82.800000,34,36,2.185357,20.747755,0.954291,False,
2071,82.800000,35,36,1.600080,7.425736,0.839967,True,
2081,83.200000,32,33,0.953970,0.296272,0.990955,True,
2081,83.200000,32,37,4.584035,165.569705,0.745099,False,
2081,83.200000,33,37,4.615409,165.273433,0.594682,False,
2081,83.200000,34,35,0.866018,8.943864,0.967011,True,
2081,83.200000,34,36,2.166229,9.205064,0.989478,True,
2081,83.200000,35,36,1.428433,0.261200,0.937794,True,
2091,83.600000,32,33,0.926115,3.801922,0.987282,True,5.432089
2091,83.600000,32,37,3.504086,163.923715,0.841731,False,
2091,83.600000,33,37,3.471202,167.725637,0.588736,False,
2091,83.600000,34,35,0.913495,8.943864,0.971439,True,
2091,83.600000,34,36,2.215238,9.205064,0.999556,True,
2091,83.600000,35,36,1.346384,0.261200,0.996426,True,
2101,84.000000,32,33,0.844285,11.295661,0.976949,True,1.357060
2101,84.000000,32,37,2.525617,162.793522,0.974048,False,
2101,84.000000,33,36,6.060659,5.535282,0.273691,False,8.013020
2101,84.000000,33,37,2.428957,174.089183,0.548703,False,
2101,84.000000,34,35,0.961237,8.943864,0.975159,True,
2101,84.000000,34,36,2.323483,8.284237,0.980990,True,
2101,84.000000,34,37,8.843349,160.269665,0.446816,False,3.504436
2101,84.000000,35,36,1.364354,0.659627,0.978573,True,
2111,84.400000,32,33,0.765870,11.295661,0.959656,True,0.957064
2111,84.400000,32,37,1.711922,163.539315,0.989401,False,
2111,84.400000,33,36,5.749013,6.111533,0.271267,False,6.880028
2111,84.400000,33,37,1.457003,174.834977,0.709332,False,
2111,84.400000,34,35,0.947672,0.677794,0.970523,True,
2111,84.400000,34,36,2.423085,1.356747,0.926992,True,
2111,84.400000,35,36,1.495674,2.034540,0.882557,True,
2121,84.800000,32,33,0.769311,2.147740,0.922842,True,
2121,84.800000,32,36,5.612112,0.834432,0.113178,False,9.265243
2121,84.800000,32,37,1.405485,169.776640,0.625088,False,
2121,84.800000,33,37,0.738090,171.924380,0.981905,False,
2121,84.800000,34,35,0.973754,6.625219,0.971124,True,
2121,84.800000,34,36,2.563149,2.126528,0.866865,False,
2121,84.800000,35,36,1.686529,8.751747,0.724158,True,
2131,85.200000,32,33,0.820405,4.100858,0.915876,True,
2131,85.200000,32,36,5.395638,2.596573,0.134450,False,8.861257
2131,85.200000,32,37,1.945955,172.131070,0.025896,False,
2131,85.200000,33,37,1.169277,168.030212,0.100041,False,
2131,85.200000,34,35,1.003742,6.625219,0.983948,True,
2131,85.200000,34,36,2.756977,1.641722,0.798013,False,
2131,85.200000,35,36,1.964984,8.266941,0.584035,False,
2131,85.200000,36,37,4.705959,169.534497,0.197455,False,
2141,85.600000,32,33,0.872175,4.100858,0.904756,True,
2141,85.600000,32,36,5.179165,2.596573,0.134482,False,8.461263
2141,85.600000,32,37,2.869786,175.312548,0.052525,False,
2141,85.600000,33,36,4.980143,1.504285,0.269483,False,
2141,85.600000,33,37,2.162537,171.211690,0.283884,False,
2141,85.600000,34,35,1.037298,6.625219,0.992604,True,
2141,85.600000,34,36,2.984753,1.641722,0.732143,False,
2141,85.600000,34,37,4.807443,174.357697,0.295842,False,1.741997
2141,85.600000,35,36,2.291164,8.266941,0.471373,False,
2141,85.600000,35,37,4.887059,179.017084,0.323439,False,
2141,85.600000,36,37,3.587176,172.715975,0.180903,False,
2151,86.000000,32,33,0.924501,4.100858,0.894344,True,
2151,86.000000,32,36,4.962681,2.596573,0.134516,False,8.061252
2151,86.000000,32,37,3.898863,179.764255,0.430605,False,
2151,86.000000,33,36,4.738104,1.504285,0.286625,False,
2151,86.000000,33,37,3.223688,176.134887,0.078214,False,
2151,86.000000,34,35,1.032932,0.105235,0.982844,True,
2151,86.000000,34,36,3.234555,9.704202,0.621538,False,
2151,86.000000,34,37,3.843742,172.656626,0.101935,False,1.419121
2151,86.000000,35,36,2.650174,9.809437,0.371734,False,
2151,86.000000,35,37,3.998258,172.551391,0.182820,False,
2151,86.000000,36,37,2.680224,177.639172,0.749485,False,
2161,86.400000,32,33,0.977299,4.100858,0.884619,True,
2161,86.400000,32,36,4.703295,2.922280,0.130691,False,6.327870
2161,86.400000,32,37,4.992551,177.684792,0.065253,False,
2161,86.400000,33,36,4.455809,1.178578,0.304447,False,
2161,86.400000,33,37,4.316027,173.583934,0.353659,False,
2161,86.400000,34,35,1.042745,2.912397,0.981883,True,
2161,86.400000,34,36,3.547543,11.013918,0.540755,False,
2161,86.400000,34,37,2.894398,174.223569,0.032626,False,1.155320
2161,86.400000,35,36,3.077090,13.926315,0.274763,False,
2161,86.400000,35,37,3.178083,171.311173,0.332325,False,
2161,86.400000,36,37,2.320800,174.762512,0.960399,False,
2171,86.800000,32,33,1.030491,4.100858,0.875557,True,
2171,86.800000,32,36,4.443909,2.922280,0.130824,False,5.927867
2171,86.800000,33,36,4.175928,1.178578,0.327917,False,
2171,86.800000,34,35,1.053829,2.912397,0.987849,True,
2171,86.800000,34,36,3.890351,11.013918,0.468775,False,
2171,86.800000,34,37,1.981572,179.797347,0.401203,False,
2171,86.800000,35,36,3.523225,13.926315,0.208359,False,
2171,86.800000,35,37,2.482150,177.290257,0.700858,False,
2171,86.800000,36,37,2.805880,168.783428,0.999992,False,
2181,87.200000,33,36,3.898709,1.988316,0.365603,False,
2181,87.200000,34,35,1.066148,2.912397,0.992540,True,
2181,87.200000,34,36,4.265260,10.204180,0.399212,False,
2181,87.200000,34,37,1.158886,179.797347,0.680815,False,
2181,87.200000,35,36,3.989331,13.116577,0.149142,False,
2181,87.200000,35,37,1.989982,177.290257,0.906433,False,
2181,87.200000,36,37,3.797648,169.593167,0.936384,False,
2191,87.600000,34,35,1.088907,4.391103,0.997020,True,
2191,87.600000,34,36,4.697031,5.585188,0.327376,False,
2191,87.600000,34,37,0.707222,174.603586,0.994691,False,
2191,87.600000,35,36,4.490894,9.976291,0.080674,False,
2191,87.600000,35,37,1.794791,170.212483,0.978522,False,
2201,88.000000,34,35,1.111780,4.121805,0.999056,True,
2201,88.000000,34,37,1.215122,173.208856,0.733617,False,
2201,88.000000,35,36,4.990838,9.334676,0.059670,False,
2201,88.000000,35,37,2.033505,169.087052,0.977434,False,
2211,88.400000,34,35,1.133918,3.852482,0.999822,True,
2211,88.400000,34,37,2.074109,173.208856,0.523228,False,
2211,88.400000,35,37,2.606271,169.356374,0.859065,False,
2221,88.800000,34,35,1.156598,3.852482,0.999996,True,
2221,88.800000,34,37,2.966015,170.284507,0.538084,False,
2221,88.800000,35,37,3.310388,166.432025,0.818341,False,
2231,89.200000,34,35,1.187382,5.252735,0.999735,True,
2231,89.200000,34,37,3.857970,170.919931,0.466223,False,
2231,89.200000,35,37,4.088216,165.667196,0.761111,False,
2241,89.600000,34,35,1.233979,9.271228,0.999460,True,
2241,89.600000,34,37,4.703101,177.843551,0.258208,False,
2241,89.600000,35,37,4.938021,168.572324,0.704843,False,
2251,90.000000,34,35,1.279946,8.186590,0.999533,True,
2261,90.400000,34,35,1.332168,8.186590,0.995222,True,
2271,90.800000,34,35,1.389947,8.186590,0.987276,True,
2281,91.200000,34,35,1.442064,6.787618,0.980215,True,
2291,91.600000,34,35,1.401784,8.121884,0.996421,True,
2301,92.000000,34,35,1.333631,15.362237,0.982299,True,
2311,92.400000,34,35,1.265987,16.226263,0.968587,True,
2321,92.800000,34,35,1.202834,16.226263,0.951108,True,
2331,93.200000,34,35,1.144916,16.226263,0.927434,True,
2341,93.600000,34,35,1.093068,16.226263,0.896231,True,
2351,94.000000,34,35,1.043242,8.594926,0.876025,True,3.607044
2361,94.400000,34,35,1.039904,4.354925,0.849880,True,
2371,94.800000,34,35,1.038954,4.354925,0.874154,True,
2381,95.200000,34,35,1.040391,4.354925,0.896414,True,
2391,95.600000,34,35,1.044206,4.354925,0.916520,True,
2401,96.000000,34,35,1.050377,4.354925,0.934381,True,
2411,96.400000,34,35,1.058860,4.354925,0.949952,True,
2531,101.200000,38,39,0.608858,1.122691,0.945605,True,
2541,101.600000,38,39,0.614858,1.122691,0.952784,True,
2551,102.000000,38,39,0.621175,1.122691,0.959335,True,
2561,102.400000,38,39,0.672351,5.647194,0.961396,True,
2571,102.800000,38,39,0.717390,5.661487,0.985263,True,
2581,103.200000,38,39,0.769345,5.661487,0.996776,True,
2591,103.600000,38,39,0.819470,5.037214,0.999473,True,
2601,104.000000,38,39,0.843531,2.624625,0.998412,True,
2611,104.400000,38,39,0.867648,2.624625,0.998829,True,
2621,104.800000,38,39,0.891818,2.624625,0.999165,True,
2631,105.200000,38,39,0.916035,2.624625,0.999430,True,
2641,105.600000,38,39,0.900129,2.077497,0.992698,True,
2651,106.000000,38,39,0.887318,1.933200,0.986690,True,
2661,106.400000,38,39,0.876056,1.933200,0.978926,True,
2671,106.800000,38,39,0.866401,1.933200,0.969161,True,
2681,107.200000,38,39,0.947735,7.662491,0.951136,True,
2691,107.600000,38,39,1.102769,15.520787,0.931606,True,
2701,108.000000,38,39,1.257845,15.520787,0.929650,True,
2711,108.400000,38,39,1.347050,8.463632,0.906209,True,
2721,108.800000,38,39,1.313843,1.749400,0.840050,True,
2731,109.200000,38,39,1.294515,0.183445,0.843788,True,
2741,109.600000,38,39,1.262020,1.713605,0.858928,True,
2751,110.000000,38,39,1.188203,6.983396,0.885282,True,3.210924
2761,110.400000,38,39,1.127769,6.043863,0.884219,True,3.575431
2771,110.800000,38,39,1.066330,6.300605,0.877966,True,3.147885
2781,111.200000,38,39,1.038452,3.685982,0.894737,True,
2791,111.600000,38,39,1.021908,2.474738,0.889564,True,
2881,115.200000,40,41,0.652087,1.642764,0.704178,True,
2891,115.600000,40,41,0.699737,1.642764,0.676603,False,
2901,116.000000,40,41,0.748281,1.642764,0.651763,False,
2911,116.400000,40,41,0.754567,1.194328,0.666629,False,
2921,116.800000,40,41,0.757400,3.579474,0.720264,True,
2931,117.200000,40,41,0.762347,3.579474,0.755549,True,
2941,117.600000,40,41,0.811561,5.956669,0.760885,True,
2941,117.600000,41,42,12.105185,170.493085,0.795359,False,4.412010
2951,118.000000,40,41,0.893462,4.233490,0.711663,True,
2951,118.000000,41,42,11.092096,173.123928,0.465610,False,4.148939
2961,118.400000,40,41,0.978452,3.905867,0.681895,False,
2961,118.400000,41,42,10.084155,173.451550,0.429942,False,3.767594
2971,118.800000,40,41,1.064679,3.905867,0.657790,False,
2971,118.800000,41,42,9.105901,169.958270,0.708601,False,3.491404
2981,119.200000,40,41,1.070432,2.040907,0.679449,False,
2981,119.200000,41,42,8.147612,167.430370,0.852718,False,3.210351
2991,119.600000,40,41,1.021692,14.332151,0.514654,False,
3001,120.000000,40,41,0.979663,15.667067,0.397737,False,
3011,120.400000,40,41,0.960661,14.988210,0.274552,False,
3011,120.400000,40,42,4.442446,168.629267,0.999959,False,
3021,120.800000,40,41,0.972711,11.817014,0.193089,False,
3021,120.800000,40,42,3.493289,169.072198,0.995104,False,
3021,120.800000,41,42,4.398820,179.110789,0.085234,False,
3031,121.200000,40,41,1.032706,0.103064,0.273929,False,
3031,121.200000,40,42,2.558521,169.072198,0.983213,False,
3031,121.200000,41,42,3.503760,168.969134,0.862201,False,
3041,121.600000,40,41,1.092970,0.103064,0.259562,False,
3041,121.600000,40,42,1.650584,169.124623,0.975155,False,
3041,121.600000,41,42,2.602942,169.021559,0.852229,False,
3051,122.000000,40,41,1.131927,3.779536,0.244761,False,
3051,122.000000,40,42,0.947222,172.850691,0.977253,False,
3051,122.000000,41,42,1.709980,169.071155,0.882676,False,
3051,122.000000,44,45,0.861708,7.861584,0.998898,True,
3061,122.400000,40,41,1.137100,3.366324,0.217669,False,
3061,122.400000,40,42,0.984741,175.569717,0.585039,False,
3061,122.400000,40,44,4.913905,179.506468,0.048674,False,2.005757
3061,122.400000,41,42,0.908005,172.203393,0.991616,False,
3061,122.400000,43,44,11.801961,175.381256,0.251349,False,3.839418
3061,122.400000,44,45,0.934914,7.861584,0.998911,True,
3071,122.800000,40,41,1.133833,2.090499,0.221566,False,
3071,122.800000,40,42,1.690260,175.569717,0.123287,False,
3071,122.800000,40,44,3.981485,179.652636,0.186102,False,1.633488
3071,122.800000,40,45,4.204775,173.379046,0.745977,False,
3071,122.800000,41,42,0.742570,173.479218,0.485890,False,
3071,122.800000,44,45,0.998287,6.273591,0.994461,True,
3081,123.200000,40,41,1.130811,2.090499,0.236238,False,
3081,123.200000,40,42,2.554675,176.324433,0.010500,False,
3081,123.200000,40,44,3.027626,177.850649,0.379076,False,
3081,123.200000,40,45,3.352632,178.829969,0.330240,False,
3081,123.200000,41,42,1.447723,174.233933,0.084550,False,
3081,123.200000,41,44,4.158262,179.941148,0.244617,False,
3081,123.200000,41,45,4.453568,176.739470,0.014287,False,
3081,123.200000,42,43,4.256881,172.418924,0.782774,False,
3081,123.200000,43,44,9.453974,166.594005,0.784133,False,3.049498
3081,123.200000,43,45,9.539359,169.913388,0.513828,False,3.106376
3081,123.200000,44,45,0.967005,3.319382,0.999911,True,
3091,123.600000,40,41,1.104285,3.618589,0.281830,False,
3091,123.600000,40,42,3.428562,170.444712,0.391429,False,
3091,123.600000,40,44,2.120535,175.501640,0.091525,False,
3091,123.600000,40,45,2.600795,172.182258,0.054522,False,
3091,123.600000,41,42,2.327936,174.063301,0.292901,False,
3091,123.600000,41,44,3.219700,179.120229,0.247540,False,
3091,123.600000,41,45,3.622491,175.800847,0.036238,False,
3091,123.600000,42,43,3.166808,177.103991,0.609605,False,
3091,123.600000,43,44,8.239543,172.047064,0.509894,False,2.516293
3091,123.600000,44,45,0.937179,3.319382,0.999644,True,
3101,124.000000,40,41,1.085056,0.601948,0.321731,False,
3101,124.000000,40,42,4.322049,169.682134,0.470916,False,
3101,124.000000,40,44,1.293466,174.739062,0.337898,False,
3101,124.000000,40,45,1.999244,171.419680,0.321720,False,
3101,124.000000,41,42,3.236997,170.284082,0.554373,False,
3101,124.000000,41,43,4.906823,7.502578,0.086167,False,
3101,124.000000,41,44,2.329565,175.341010,0.130821,False,
3101,124.000000,41,45,2.881075,172.021628,0.044326,False,
3101,124.000000,42,43,2.124036,177.786660,0.524614,False,
3101,124.000000,43,44,6.999484,177.156413,0.121550,False,2.112106
3101,124.000000,44,45,0.908951,3.319382,0.997601,True,
3111,124.400000,40,41,1.065822,0.601948,0.323321,False,9.724191
3111,124.400000,40,44,0.826757,175.190269,0.951812,False,
3111,124.400000,40,45,1.723310,173.722470,0.892493,False,
3111,124.400000,41,42,4.162167,170.284082,0.597421,False,
3111,124.400000,41,43,4.648068,7.502578,0.106145,False,
3111,124.400000,41,44,1.537259,175.792217,0.500729,False,
3111,124.400000,41,45,2.288369,174.324418,0.563153,False,
3111,124.400000,42,43,1.394526,177.786660,0.901940,False,
3111,124.400000,43,44,5.744474,176.705205,0.157518,False,1.693298
3111,124.400000,44,45,0.896554,1.467799,0.997251,True,
3121,124.800000,40,41,1.046593,0.601948,0.324967,False,9.324156
3121,124.800000,40,43,5.394257,1.603703,0.030988,False,7.200849
3121,124.800000,40,44,1.259620,175.190269,0.841744,False,
3121,124.800000,40,45,1.954024,175.118732,0.981151,False,
3121,124.800000,41,43,4.400812,1.001755,0.040393,False,6.283501
3121,124.800000,41,44,1.125445,175.792217,0.940662,False,
3121,124.800000,41,45,2.021534,175.720680,0.937887,False,
3121,124.800000,42,43,1.393217,177.326888,0.956666,False,
3121,124.800000,43,44,4.520369,176.793972,0.423624,False,
3121,124.800000,43,45,4.792266,176.722436,0.578387,False,
3121,124.800000,44,45,0.896155,0.071536,0.997737,True,
3131,125.200000,40,41,1.020653,4.154016,0.344641,False,
3131,125.200000,40,43,5.120888,2.974283,0.089579,False,6.616425
3131,125.200000,40,44,2.093329,170.942042,0.755528,False,
3131,125.200000,40,45,2.568140,170.870506,0.932117,False,
3131,125.200000,40,46,3.229473,159.950622,0.199283,False,
3131,125.200000,40,47,3.788514,155.674138,0.543392,False,
3131,125.200000,41,43,4.145048,1.179733,0.002610,False,5.570626
3131,125.200000,41,44,1.457055,175.096058,0.926739,False,
3131,125.200000,41,45,2.209281,175.024522,0.995064,False,
3131,125.200000,41,46,4.186416,164.104638,0.273661,False,
3131,125.200000,41,47,4.679339,159.828153,0.705227,False,
3131,125.200000,42,43,2.144133,175.142094,0.781165,False,
3131,125.200000,43,44,3.322964,173.916325,0.690338,False,
3131,125.200000,43,45,3.685549,173.844789,0.833201,False,
3131,125.200000,44,45,0.895778,0.071536,0.997387,True,
3131,125.200000,44,46,4.583443,10.991420,0.121958,False,
3131,125.200000,44,47,4.855994,15.267904,0.257096,False,
3131,125.200000,45,46,4.410689,10.919884,0.074472,False,
3131,125.200000,45,47,4.537188,15.196368,0.080128,False,
3131,125.200000,46,47,0.804526,4.276484,0.963822,True,
3141,125.600000,40,41,0.998675,9.085139,0.360847,False,
3141,125.600000,40,43,4.828089,9.708145,0.122679,False,
3141,125.600000,40,44,2.969162,162.351205,0.866346,False,
3141,125.600000,40,45,3.353827,164.136644,0.925514,False,
3141,125.600000,40,46,2.536181,153.216760,0.026595,False,
3141,125.600000,40,47,3.262389,148.940276,0.335428,False,
3141,125.600000,41,43,3.859141,0.623006,0.008574,False,4.560945
3141,125.600000,41,44,2.161300,171.436344,0.845647,False,
3141,125.600000,41,45,2.738994,173.221783,0.915597,False,
3141,125.600000,41,46,3.368431,162.301899,0.076314,False,
3141,125.600000,41,47,4.016817,158.025415,0.471008,False,
3141,125.600000,42,43,3.163364,175.142094,0.623248,False,
3141,125.600000,43,44,2.182869,172.059350,0.797280,False,
3141,125.600000,43,45,2.687197,173.844789,0.936686,False,
3141,125.600000,44,45,0.911050,1.785439,0.997900,True,
3141,125.600000,44,46,4.537260,9.134445,0.086060,False,
3141,125.600000,44,47,4.904701,13.410929,0.211591,False,
3141,125.600000,45,46,4.401910,10.919884,0.098810,False,
3141,125.600000,45,47,4.624984,15.196368,0.050120,False,
3141,125.600000,46,47,0.807432,4.276484,0.913637,True,
3151,126.000000,40,41,0.980217,9.085139,0.303761,False,
3151,126.000000,40,43,4.533653,13.116929,0.065394,False,
3151,126.000000,40,44,3.844923,161.016424,0.886368,False,
3151,126.000000,40,45,4.177585,160.242566,0.943747,False,
3151,126.000000,40,46,2.049760,153.216760,0.322110,False,
3151,126.000000,40,47,2.877535,148.940276,0.104777,False,
3151,126.000000,41,43,3.573008,4.031790,0.041292,False,4.653282
3151,126.000000,41,44,2.967079,170.101563,0.821894,False,
3151,126.000000,41,45,3.420587,169.327705,0.920267,False,
3151,126.000000,41,46,2.641565,162.301899,0.129535,False,
3151,126.000000,41,47,3.429717,158.025415,0.324851,False,
3151,126.000000,42,43,4.276606,178.550877,0.349744,False,
3151,126.000000,43,44,1.157519,174.133352,0.895345,False,
3151,126.000000,43,45,1.901867,173.359495,1.000000,False,
3151,126.000000,44,45,0.901195,0.773857,0.996798,True,
3151,126.000000,44,46,4.478570,7.799664,0.058373,False,
3151,126.000000,44,47,4.944909,12.076148,0.175575,False,
3151,126.000000,45,46,4.386635,7.025806,0.148400,False,
3151,126.000000,45,47,4.713926,11.302290,0.008678,False,
3151,126.000000,46,47,0.827875,4.276484,0.845513,True,
3161,126.400000,40,41,0.965481,9.085139,0.243541,False,
3161,126.400000,40,43,4.240411,16.498894,0.004445,False,
3161,126.400000,40,44,4.729459,161.016424,0.868215,False,
3161,126.400000,40,46,1.915839,151.196656,0.631349,False,
3161,126.400000,40,47,2.701240,149.915116,0.216116,False,
3161,126.400000,41,43,3.288356,7.413755,0.105306,False,
3161,126.400000,41,44,3.817850,170.101563,0.765951,False,
3161,126.400000,41,45,4.189254,167.631213,0.899226,False,
3161,126.400000,41,46,2.097951,160.281796,0.317194,False,
3161,126.400000,41,47,2.966893,159.000255,0.066069,False,
3161,126.400000,43,44,0.842620,177.515318,0.846995,False,
3161,126.400000,43,45,1.678913,175.044968,0.867806,False,
3161,126.400000,43,46,4.289953,167.695551,0.841598,False,
3161,126.400000,43,47,4.943537,166.414010,0.778120,False,
3161,126.400000,44,45,0.876355,2.470350,0.997722,True,
3161,126.400000,44,46,4.443611,9.819767,0.021460,False,
3161,126.400000,44,47,4.983831,11.101308,0.162719,False,
3161,126.400000,45,46,4.394327,7.349417,0.194904,False,
3161,126.400000,45,47,4.798301,8.630957,0.032831,False,
3161,126.400000,46,47,0.869920,1.281540,0.785508,True,
3171,126.800000,40,41,0.984300,10.145350,0.212296,False,
3171,126.800000,40,43,3.971649,19.551553,0.023644,False,
3171,126.800000,40,46,2.208534,146.706408,0.809190,False,
3171,126.800000,40,47,2.871622,154.839344,0.679142,False,
3171,126.800000,41,43,2.995245,9.406203,0.129890,False,
3171,126.800000,41,44,4.679353,168.109115,0.742287,False,
3171,126.800000,41,46,1.882487,156.851758,0.639721,False,
3171,126.800000,41,47,2.758044,164.984694,0.665512,False,
3171,126.800000,43,44,1.720363,177.515318,0.311716,False,
3171,126.800000,43,45,2.241533,175.044968,0.463437,False,
3171,126.800000,43,46,3.127800,166.257961,0.882142,False,
3171,126.800000,43,47,3.894879,174.390897,0.752884,False,
3171,126.800000,44,45,0.852228,2.470350,0.999269,True,
3171,126.800000,44,46,4.425874,11.257357,0.013341,False,
3171,126.800000,44,47,4.990199,3.124421,0.220032,False,
3171,126.800000,45,46,4.420536,8.787007,0.223658,False,
3171,126.800000,45,47,4.837501,0.654071,0.029301,False,
3171,126.800000,46,47,0.947731,8.132936,0.827963,True,
3181,127.200000,40,41,1.049674,12.004256,0.171989,False,
3181,127.200000,40,43,3.745383,24.366803,0.059603,False,
3181,127.200000,40,46,2.830255,142.731249,0.893744,False,
3181,127.200000,40,47,3.336597,150.864185,0.745221,False,
3181,127.200000,41,43,2.699342,12.362547,0.179969,False,
3181,127.200000,41,46,2.076110,154.735505,0.912360,False,
3181,127.200000,41,47,2.827931,162.868441,0.862755,False,
3181,127.200000,43,44,2.877566,178.802791,0.178006,False,
3181,127.200000,43,45,3.193770,175.885059,0.252478,False,
3181,127.200000,43,46,2.016407,167.098052,0.943631,False,
3181,127.200000,43,47,2.945173,175.230988,0.847848,False,
3181,127.200000,44,45,0.824842,2.917732,0.998883,True,3.416203
3181,127.200000,44,46,4.447091,11.704739,0.030783,False,
3181,127.200000,45,46,4.448141,8.787007,0.240766,False,
3181,127.200000,45,47,4.876723,0.654071,0.027845,False,
3181,127.200000,46,47,1.025803,8.132936,0.836411,True,
3191,127.600000,40,41,1.124450,12.004256,0.084390,False,
3191,127.600000,40,43,3.540186,25.628726,0.145632,False,
3191,127.600000,40,46,3.606024,147.016215,0.954882,False,
3191,127.600000,40,47,3.967690,150.864185,0.856370,False,
3191,127.600000,40,48,3.402879,155.992784,0.347607,False,
3191,127.600000,41,43,2.418276,13.624470,0.263727,False,
3191,127.600000,41,46,2.596202,159.020471,0.998938,False,
3191,127.600000,41,47,3.143052,162.868441,0.966486,False,
3191,127.600000,41,48,3.478178,167.997040,0.597111,False,
3191,127.600000,43,44,4.082358,179.889245,0.208202,False,
3191,127.600000,43,45,4.287275,175.686948,0.594270,False,
3191,127.600000,43,46,1.160230,172.644941,0.997095,False,
3191,127.600000,43,47,2.220332,176.492911,0.964245,False,
3191,127.600000,43,48,4.520569,178.378490,0.413518,False,
3191,127.600000,44,45,0.864512,4.202297,0.999651,True,
3191,127.600000,44,46,4.491187,7.465813,0.007638,False,
3191,127.600000,45,46,4.473668,11.668110,0.165090,False,
3191,127.600000,45,47,4.890165,7.820140,0.076818,False,
3191,127.600000,46,47,1.060112,3.847970,0.861597,True,
3191,127.600000,46,48,3.643514,8.976569,0.273930,False,
3191,127.600000,47,48,3.008850,5.128599,0.054082,False,
3201,128.000000,40,41,1.206878,12.004256,0.007666,False,
3201,128.000000,40,43,3.356254,25.628726,0.225968,False,
3201,128.000000,40,46,4.451120,151.635895,0.979128,False,
3201,128.000000,40,47,4.698434,150.864185,0.917140,False,
3201,128.000000,40,48,3.582559,155.992784,0.584479,False,
3201,128.000000,41,43,2.152821,13.624470,0.349238,False,
3201,128.000000,41,46,3.281173,163.640151,0.971360,False,
3201,128.000000,41,47,3.640271,162.868441,0.998723,False,
3201,128.000000,41,48,3.252534,167.997040,0.780177,False,
3201,128.000000,43,46,1.241721,177.264621,0.755088,False,
3201,128.000000,43,47,1.999510,176.492911,0.957661,False,
3201,128.000000,43,48,3.532864,178.378490,0.563223,False,
3201,128.000000,44,45,0.973507,11.812616,0.999890,True,
3201,128.000000,44,46,4.552166,2.846134,0.025312,False,
3201,128.000000,45,46,4.498785,14.658749,0.086143,False,
3201,128.000000,45,47,4.880642,15.430459,0.115040,False,
3201,128.000000,46,47,1.050512,0.771710,0.883155,True,
3201,128.000000,46,48,3.632665,4.356889,0.324382,False,
3201,128.000000,47,48,2.995150,5.128599,0.069569,False,
3211,128.400000,40,41,1.151254,22.651162,0.102557,False,
3211,128.400000,40,43,3.081874,45.317536,0.296926,False,
3211,128.400000,40,48,3.981154,137.514193,0.915464,False,
3211,128.400000,41,43,1.936296,22.666374,0.450182,False,
3211,128.400000,41,46,4.051382,155.808467,0.983737,False,
3211,128.400000,41,47,4.319990,157.253698,0.996063,False,
3211,128.400000,41,48,3.310773,160.165355,0.815662,False,
3211,128.400000,42,49,1.745653,179.069106,0.915552,False,
3211,128.400000,42,50,1.047250,175.880757,0.014662,False,0.195953
3211,128.400000,43,46,2.120016,178.474841,0.426129,False,
3211,128.400000,43,47,2.446547,179.920072,0.809731,False,
3211,128.400000,43,48,2.710564,177.168271,0.717861,False,
3211,128.400000,44,45,1.068347,10.218841,0.999350,True,
3211,128.400000,44,46,4.605190,4.439908,0.030572,False,
3211,128.400000,44,49,5.841361,174.465579,0.819986,False,1.851194
3211,128.400000,45,46,4.527445,14.658749,0.113884,False,
3211,128.400000,45,47,4.846619,13.213518,0.107240,False,
3211,128.400000,46,47,1.046629,1.445231,0.907919,True,
3211,128.400000,46,48,3.622354,4.356889,0.335925,False,
3211,128.400000,46,49,10.435739,170.025670,0.723908,False,3.684851
3211,128.400000,47,48,3.008779,2.911657,0.096313,False,
3211,128.400000,49,50,0.977948,5.050138,0.999075,True,
3221,128.800000,40,41,1.090356,22.157626,0.032132,False,
3221,128.800000,40,43,2.878238,50.837211,0.478838,False,
3221,128.800000,40,48,4.477857,133.984550,0.961140,False,
3221,128.800000,41,43,1.802835,28.679585,0.630210,False,
3221,128.800000,41,46,4.856717,152.578799,0.981252,False,
3221,128.800000,41,48,3.603729,156.142176,0.878474,False,
3221,128.800000,42,49,1.454915,174.822307,0.609391,False,
3221,128.800000,42,50,0.467156,179.872444,0.904679,False,
3221,128.800000,43,46,3.195286,178.741616,0.404062,False,
3221,128.800000,43,47,3.291894,177.296384,0.740479,False,
3221,128.800000,43,48,2.222045,175.178239,0.903848,False,
3221,128.800000,44,45,1.099109,3.440831,0.999923,True,
3221,128.800000,44,46,4.627170,11.217919,0.068538,False,
3221,128.800000,44,49,4.733136,178.756411,0.081231,False,1.563562
3221,128.800000,44,50,4.922379,176.193452,0.705407,False,
3221,128.800000,45,46,4.559577,14.658749,0.141168,False,
3221,128.800000,45,47,4.815408,13.213518,0.083103,False,
3221,128.800000,45,49,4.996463,175.315580,0.164095,False,
3221,128.800000,46,47,1.044105,1.445231,0.922467,True,
3221,128.800000,46,48,3.618162,3.563377,0.337989,False,
3221,128.800000,46,49,9.357348,170.025670,0.726546,False,3.284849
3221,128.800000,47,48,3.030572,2.118146,0.095027,False,
3221,128.800000,49,50,1.031454,5.050138,0.998314,True,
3231,129.200000,41,43,1.753390,28.679585,0.787461,False,
3231,129.200000,41,48,4.025882,152.676532,0.870554,False,
3231,129.200000,43,46,4.378969,174.463924,0.551219,False,
3231,129.200000,43,47,4.322441,177.296384,0.611947,False,
3231,129.200000,43,48,2.288547,178.643882,0.967401,False,
3231,129.200000,44,45,1.121391,2.460240,0.999987,True,
3231,129.200000,44,46,4.609252,6.940227,0.088671,False,
3231,129.200000,44,49,3.627792,178.756411,0.050110,False,1.163567
3231,129.200000,44,50,3.884832,176.193452,0.774232,False,
3231,129.200000,45,46,4.548541,9.400467,0.135532,False,
3231,129.200000,45,47,4.792370,12.232928,0.052307,False,
3231,129.200000,45,49,3.975110,176.296171,0.006346,False,
3231,129.200000,45,50,4.489933,178.653692,0.750112,False,
3231,129.200000,46,47,1.021697,2.832461,0.930884,True,
3231,129.200000,46,48,3.662796,4.179959,0.332005,False,
3231,129.200000,47,48,3.084296,1.347498,0.060908,False,
3231,129.200000,49,50,1.085169,5.050138,0.997431,True,
3241,129.600000,41,43,1.794917,28.679585,0.905493,False,
3241,129.600000,41,48,4.563484,152.676532,0.934103,False,
3241,129.600000,43,48,2.876341,178.643882,0.794418,False,
3241,129.600000,44,45,1.065731,5.717279,0.998480,True,3.669154
3241,129.600000,44,46,4.567867,4.491505,0.101678,False,
3241,129.600000,44,49,2.519699,179.068173,0.342669,False,0.792114
3241,129.600000,44,50,2.927686,176.156782,0.657481,False,
3241,129.600000,45,46,4.536644,1.225774,0.180175,False,
3241,129.600000,45,47,4.813387,3.845992,0.021713,False,
3241,129.600000,45,49,2.940371,173.350895,0.998782,False,
3241,129.600000,45,50,3.616705,178.125939,0.129640,False,
3241,129.600000,46,47,0.987381,5.071766,0.923152,True,
3241,129.600000,46,48,3.726653,6.672508,0.332899,False,
3241,129.600000,47,48,3.142968,1.600742,0.057645,False,
3241,129.600000,49,50,1.037936,4.775045,0.999549,True,
3251,130.000000,43,48,3.747688,178.643882,0.628679,False,
3251,130.000000,44,45,1.006939,6.083680,0.998071,True,2.817397
3251,130.000000,44,46,4.562110,4.857906,0.095789,False,
3251,130.000000,44,49,1.409566,178.507549,0.710159,False,0.391808
3251,130.000000,44,50,2.059114,175.790381,0.962106,False,
3251,130.000000,45,46,4.524770,1.225774,0.178000,False,
3251,130.000000,45,47,4.813907,2.879239,0.019696,False,
3251,130.000000,45,49,2.041074,172.423870,0.963241,False,
3251,130.000000,45,50,2.898104,178.125939,0.125499,False,
3251,130.000000,46,47,0.954299,4.105013,0.916089,True,5.902231
3251,130.000000,46,48,3.792524,6.672508,0.311274,False,
3251,130.000000,47,48,3.221322,2.567496,0.058226,False,
3251,130.000000,49,50,0.984782,5.702070,0.996137,True,
3261,130.400000,44,45,0.948304,6.083680,0.997155,True,2.417380
3261,130.400000,44,46,4.562848,5.334081,0.080438,False,
3261,130.400000,44,49,0.594922,178.507549,0.985852,False,
3261,130.400000,44,50,1.547723,177.504825,0.892440,False,
3261,130.400000,45,46,4.519814,0.749598,0.180747,False,
3261,130.400000,45,47,4.814598,2.879239,0.025487,False,
3261,130.400000,45,49,1.536973,172.423870,0.645890,False,
3261,130.400000,45,50,2.489768,176.411496,0.374066,False,
3261,130.400000,46,47,0.923744,3.628837,0.906394,True,4.813275
3261,130.400000,46,48,3.840388,5.823107,0.291015,False,
3261,130.400000,46,49,4.791316,173.173468,0.933189,False,
3261,130.400000,47,48,3.283127,2.194270,0.053662,False,
3261,130.400000,49,50,0.953539,3.987626,0.988632,True,
3271,130.800000,44,45,0.868167,8.068138,0.993108,True,1.338533
3271,130.800000,44,46,4.616630,8.751220,0.012407,False,
3271,130.800000,44,49,1.176287,176.505198,0.504012,False,
3271,130.800000,44,50,1.733407,176.953283,0.992956,False,
3271,130.800000,45,46,4.584524,0.683082,0.247865,False,
3271,130.800000,45,47,4.829453,0.488160,0.053745,False,
3271,130.800000,45,49,1.766944,168.437060,0.433440,False,
3271,130.800000,45,50,2.525451,168.885145,0.643856,False,
3271,130.800000,46,47,0.911684,1.171242,0.911688,True,
3271,130.800000,46,48,3.840350,0.788130,0.247759,False,
3271,130.800000,46,49,3.734818,167.753978,0.939979,False,
3271,130.800000,46,50,4.280986,168.202063,0.960249,False,
3271,130.800000,47,48,3.333894,1.959372,0.049134,False,
3271,130.800000,47,49,4.285137,168.925221,0.981633,False,
3271,130.800000,47,50,4.948232,169.373306,0.616940,False,
3271,130.800000,49,50,0.957974,0.448085,0.984750,True,
3281,131.200000,44,45,0.894927,3.591678,0.981046,True,
3281,131.200000,44,46,4.650167,4.295800,0.097369,False,
3281,131.200000,44,49,2.124909,161.796996,0.974591,False,
3281,131.200000,44,50,2.336175,163.906264,0.822411,False,
3281,131.200000,45,46,4.652590,0.704121,0.255087,False,
3281,131.200000,45,47,4.858379,0.681697,0.074487,False,
3281,131.200000,45,49,2.506489,165.388674,0.956279,False,
3281,131.200000,45,50,2.976291,167.497942,0.869262,False,
3281,131.200000,46,47,0.894366,0.022424,0.924487,True,
3281,131.200000,46,48,3.840323,0.788130,0.245954,False,
3281,131.200000,46,49,2.752968,166.092796,0.985867,False,
3281,131.200000,46,50,3.376706,168.202063,0.918435,False,
3281,131.200000,47,48,3.378041,0.765706,0.035599,False,
3281,131.200000,47,49,3.340842,166.070371,0.751671,False,
3281,131.200000,47,50,4.082390,168.179639,0.589265,False,
3281,131.200000,49,50,0.939984,2.109268,0.985573,True,8.269692
3291,131.600000,44,45,0.923535,3.591678,0.988627,True,
3291,131.600000,44,46,4.684106,4.295800,0.088290,False,
3291,131.600000,44,49,3.142113,161.796996,0.993098,False,
3291,131.600000,44,50,3.181810,163.906264,0.930450,False,
3291,131.600000,45,46,4.720798,0.704121,0.249999,False,
3291,131.600000,45,47,4.905989,2.227697,0.102254,False,
3291,131.600000,45,49,3.440440,165.388674,0.994754,False,
3291,131.600000,45,50,3.703603,167.497942,0.963294,False,
3291,131.600000,46,47,0.859483,2.931819,0.920521,True,3.100621
3291,131.600000,46,48,3.840301,0.788130,0.244150,False,
3291,131.600000,46,49,1.817269,166.092796,0.938122,False,
3291,131.600000,46,50,2.560353,168.202063,0.816988,False,
3291,131.600000,47,48,3.406562,2.143689,0.015024,False,
3291,131.600000,47,49,2.493168,163.160977,0.711972,False,
3291,131.600000,47,50,3.324634,165.270245,0.582859,False,
3291,131.600000,49,50,0.922092,2.109268,0.983834,True,7.869872
3301,132.000000,44,45,0.924003,0.447422,0.988153,True,
3301,132.000000,44,46,4.709566,3.967266,0.082487,False,
3301,132.000000,44,49,4.178103,161.796996,0.998046,False,
3301,132.000000,44,50,4.123643,168.787761,0.942332,False,
3301,132.000000,45,46,4.761309,3.519844,0.270907,False,
3301,132.000000,45,47,4.938631,0.916559,0.127909,False,
3301,132.000000,45,49,4.422845,162.244418,0.990840,False,
3301,132.000000,45,50,4.539702,169.235183,0.950840,False,
3301,132.000000,46,47,0.830780,2.603285,0.922691,True,3.257248
3301,132.000000,46,48,3.855443,1.337072,0.230151,False,
3301,132.000000,46,49,1.050281,165.764262,0.598797,False,
3301,132.000000,46,50,1.891943,172.755027,0.704432,False,
3301,132.000000,47,48,3.442584,1.266214,0.010706,False,
3301,132.000000,47,49,1.859654,163.160977,0.392529,False,
3301,132.000000,47,50,2.712543,170.151742,0.464201,False,
3301,132.000000,48,49,4.734261,164.427191,0.961253,False,
3301,132.000000,49,50,0.857439,6.990765,0.973423,True,1.597734
3311,132.400000,44,45,0.880223,4.492436,0.980589,True,2.560211
3311,132.400000,44,46,4.699862,2.760747,0.086464,False,
3311,132.400000,45,46,4.740752,7.253184,0.307502,False,
3311,132.400000,45,47,4.949194,5.856417,0.159674,False,
3311,132.400000,46,47,0.826293,1.396766,0.907850,True,
3311,132.400000,46,48,3.912194,0.730644,0.210121,False,
3311,132.400000,46,49,0.944612,173.205134,0.873312,False,
3311,132.400000,46,50,1.632460,174.651269,0.185120,False,
3311,132.400000,47,48,3.483578,0.666122,0.007260,False,
3311,132.400000,47,49,1.619671,171.808368,0.368974,False,
3311,132.400000,47,50,2.402746,173.254503,0.283255,False,
3311,132.400000,48,49,3.841509,172.474490,0.968120,False,
3311,132.400000,48,50,4.508090,173.920625,0.988068,False,
3311,132.400000,49,50,0.833502,1.446135,0.956084,True,
3321,132.800000,44,45,0.836441,4.492436,0.980642,True,2.160206
3321,132.800000,44,46,4.690307,2.760747,0.081027,False,
3321,132.800000,45,46,4.721154,7.253184,0.294019,False,
3321,132.800000,45,47,4.962475,5.752336,0.149288,False,
3321,132.800000,46,47,0.822442,1.500848,0.894546,True,
3321,132.800000,46,48,3.969017,0.730644,0.205446,False,
3321,132.800000,46,49,1.642400,173.217284,0.365341,False,
3321,132.800000,46,50,2.035264,174.651269,0.682716,False,
3321,132.800000,47,48,3.522626,0.770204,0.008201,False,
3321,132.800000,47,49,1.881736,174.718132,0.058215,False,
3321,132.800000,47,50,2.547447,173.150421,0.118191,False,
3321,132.800000,48,49,2.948722,173.947929,0.702109,False,
3321,132.800000,48,50,3.718970,173.920625,0.999962,False,
3321,132.800000,49,50,0.922615,12.131446,0.948046,True,
3331,133.200000,46,47,0.820480,2.473138,0.865184,True,
3331,133.200000,46,48,4.015873,1.020591,0.198332,False,
3331,133.200000,46,49,2.592609,173.217284,0.560264,False,
3331,133.200000,46,50,2.830473,174.651269,0.875053,False,
3331,133.200000,47,48,3.534386,1.452546,0.000936,False,
3331,133.200000,47,49,2.548808,175.690422,0.638988,False,
3331,133.200000,47,50,3.065876,172.178132,0.244404,False,
3331,133.200000,48,49,2.138501,174.237875,0.659510,False,
3331,133.200000,48,50,3.070776,173.630678,0.930527,False,
3331,133.200000,49,50,1.017563,12.131446,0.968430,True,
3341,133.600000,46,47,0.827769,1.742493,0.834758,True,
3341,133.600000,46,48,4.025556,1.344447,0.179134,False,
3341,133.600000,46,49,3.600942,173.947929,0.579224,False,
3341,133.600000,46,50,3.771527,173.999130,0.969734,False,
3341,133.600000,47,48,3.506877,0.398046,0.007050,False,
3341,133.600000,47,49,3.393851,175.690422,0.774254,False,
3341,133.600000,47,50,3.808014,172.256637,0.491295,False,
3341,133.600000,48,49,1.550173,175.292376,0.852466,False,
3341,133.600000,48,50,2.664829,172.654683,0.208539,False,
3341,133.600000,49,50,1.116542,12.052941,0.980468,True,
3351,134.000000,46,47,0.843930,1.016493,0.804027,True,
3351,134.000000,46,48,4.038341,0.618447,0.170828,False,
3351,134.000000,46,49,4.654357,177.699931,0.617360,False,
3351,134.000000,46,50,4.733624,174.045224,0.910521,False,
3351,134.000000,47,48,3.479372,0.398046,0.006056,False,
3351,134.000000,47,49,4.347749,176.683438,0.899033,False,
3351,134.000000,47,50,4.629666,173.028731,0.945336,False,
3351,134.000000,48,49,1.620233,177.081484,0.903926,False,
3351,134.000000,48,50,2.646434,173.426777,0.707615,False,
3351,134.000000,49,50,1.151068,3.654707,0.988297,True,
3361,134.400000,46,47,0.861890,1.016493,0.776320,True,
3361,134.400000,46,48,4.051141,0.618447,0.168832,False,
3361,134.400000,47,48,3.451870,0.398046,0.005047,False,
3361,134.400000,48,49,2.307513,169.887024,0.807447,False,
3361,134.400000,48,50,3.009000,173.426777,0.905218,False,
3361,134.400000,49,50,1.123256,3.539753,0.992347,True,
3371,134.800000,46,47,0.886254,0.536644,0.751837,True,
3371,134.800000,46,48,4.062620,0.480469,0.168387,False,
3371,134.800000,47,48,3.420534,0.056176,0.000421,False,
3371,134.800000,48,49,3.213944,170.025002,0.920369,False,
3371,134.800000,48,50,3.642441,173.564756,0.986960,False,
3371,134.800000,49,50,1.096896,3.539753,0.987129,True,
3371,134.800000,49,51,4.742368,174.436956,0.616812,False,
3371,134.800000,50,53,6.607373,172.307024,0.981712,False,2.388263
3371,134.800000,51,53,4.304158,9.716266,0.843949,False,
3381,135.200000,46,47,0.954209,3.973465,0.758332,True,
3381,135.200000,46,48,4.062086,0.726000,0.180472,False,
3381,135.200000,47,48,3.354693,3.247466,0.040673,False,
3381,135.200000,48,49,4.217040,171.231471,0.994703,False,
3381,135.200000,48,50,4.452594,174.404916,0.978028,False,
3381,135.200000,49,50,1.074853,3.173445,0.981229,True,
3381,135.200000,49,51,3.832119,175.581805,0.819698,False,
3381,135.200000,50,51,4.680112,178.755251,0.422594,False,
3381,135.200000,50,53,5.598762,172.673333,0.984690,False,1.983297
3381,135.200000,51,52,2.349937,0.156784,0.332534,False,
3381,135.200000,51,53,4.252361,8.571417,0.829217,False,
3381,135.200000,52,53,2.907486,8.414633,0.999326,False,
3391,135.600000,46,47,1.022763,3.973465,0.742782,True,
3391,135.600000,46,48,4.061545,0.726000,0.182227,False,
3391,135.600000,47,48,3.289068,3.247466,0.032503,False,
3391,135.600000,49,50,1.018383,6.158723,0.995834,True,3.235186
3391,135.600000,49,51,3.101843,169.402836,0.201749,False,
3391,135.600000,49,52,4.587747,169.559620,0.402840,False,
3391,135.600000,49,53,4.557075,177.974253,0.674411,False,
3391,135.600000,50,51,4.000380,175.561559,0.153239,False,
3391,135.600000,50,53,4.574100,175.867025,0.991508,False,1.553684
3391,135.600000,51,52,2.311947,0.156784,0.337343,False,
3391,135.600000,51,53,4.201514,8.571417,0.820669,False,
3391,135.600000,52,53,2.831332,8.414633,0.998183,False,
3401,136.000000,46,47,1.091825,3.973465,0.728847,True,
3401,136.000000,46,48,4.061037,0.726000,0.183980,False,
3401,136.000000,47,48,3.223671,3.247466,0.024000,False,
3401,136.000000,49,50,0.962541,6.158723,0.997886,True,2.835196
3401,136.000000,49,51,2.570647,170.081179,0.266624,False,
3401,136.000000,49,52,3.641525,169.864981,0.284094,False,
3401,136.000000,49,53,3.556851,168.208146,0.953316,False,
3401,136.000000,50,51,3.506960,176.239901,0.443320,False,
3401,136.000000,50,52,4.274385,176.023704,0.082400,False,
3401,136.000000,50,53,3.503662,174.366869,0.812094,False,1.107643
3401,136.000000,51,52,2.291835,0.216197,0.333147,False,
3401,136.000000,51,53,4.212894,1.873032,0.864536,False,
3401,136.000000,52,53,2.847509,1.656835,0.999916,False,
3411,136.400000,47,48,3.163746,2.301442,0.026891,False,
3411,136.400000,49,50,0.904611,6.461370,0.998632,True,2.117115
3411,136.400000,49,51,2.403694,170.416649,0.639832,False,
3411,136.400000,49,52,2.769067,170.278544,0.198305,False,
3411,136.400000,49,53,2.567901,165.745372,0.999443,False,
3411,136.400000,50,51,3.301462,176.878019,0.860804,False,
3411,136.400000,50,52,3.479820,176.739914,0.345940,False,
3411,136.400000,50,53,2.425789,172.206742,0.864257,False,0.709548
3411,136.400000,51,52,2.289325,0.138105,0.322901,False,
3411,136.400000,51,53,4.250501,4.671276,0.874432,False,
3411,136.400000,52,53,2.892902,4.533172,0.999649,False,
3421,136.800000,47,48,3.124924,1.661643,0.068665,False,
3421,136.800000,49,50,0.826349,10.303449,0.983888,True,
3421,136.800000,49,51,2.716449,169.790288,0.651089,False,
3421,136.800000,49,52,2.078449,169.652183,0.225157,False,
3421,136.800000,49,53,1.643909,165.610887,0.824295,False,
3421,136.800000,50,51,3.399923,179.906263,0.967495,False,
3421,136.800000,50,52,2.881169,179.955632,0.884994,False,
3421,136.800000,50,53,1.429701,175.914336,0.591225,False,0.369531
3421,136.800000,51,52,2.286819,0.138105,0.323856,False,
3421,136.800000,51,53,4.287890,4.179401,0.874231,False,
3421,136.800000,52,53,2.932871,4.041297,0.999807,False,
3431,137.200000,49,50,0.759852,11.232467,0.942446,True,
3431,137.200000,49,51,3.383151,169.790288,0.843046,False,
3431,137.200000,49,52,1.857610,169.652183,0.329314,False,
3431,137.200000,49,53,1.095821,167.741337,0.016773,False,
3431,137.200000,50,51,3.772477,178.977245,0.837988,False,
3431,137.200000,50,52,2.566783,179.115350,0.997598,False,
3431,137.200000,50,53,0.569972,178.973804,0.790555,False,
3431,137.200000,51,52,2.284315,0.138105,0.324812,False,
3431,137.200000,51,53,4.323807,2.048951,0.862145,False,
3431,137.200000,52,53,2.951481,1.910846,0.999913,False,
3441,137.600000,49,50,0.714808,11.232467,0.867497,True,
3441,137.600000,49,51,4.249956,167.090576,0.982296,False,
3441,137.600000,49,52,2.252120,167.773351,0.889027,False,
3441,137.600000,49,53,1.411700,167.741337,0.738675,False,
3441,137.600000,50,51,4.356608,178.323043,0.825277,False,
3441,137.600000,50,52,2.626571,179.005818,0.978789,False,
3441,137.600000,50,53,0.714716,178.973804,0.492649,False,
3441,137.600000,51,52,2.275594,0.682775,0.360502,False,
3441,137.600000,51,53,4.354786,0.650761,0.866624,False,
3441,137.600000,52,53,2.952597,0.032014,0.999722,False,
3451,138.000000,49,50,0.665662,10.803574,0.829443,True,
3451,138.000000,49,52,3.036691,164.091724,0.999679,False,
3451,138.000000,49,53,2.196109,166.146270,0.708011,False,
3451,138.000000,50,52,3.100199,174.895297,0.939475,False,
3451,138.000000,50,53,1.606042,176.949843,0.008796,False,
3451,138.000000,51,52,2.273149,1.306873,0.359873,False,
3451,138.000000,51,53,4.366934,3.361419,0.850943,False,
3451,138.000000,52,53,2.936244,2.054546,0.997770,False,
3461,138.400000,49,50,0.711725,4.613815,0.891733,True,
3461,138.400000,49,52,3.976540,164.091724,0.989922,False,
3461,138.400000,49,53,3.133087,177.164442,0.661721,False,
3461,138.400000,50,52,3.908338,159.477909,0.999884,False,
3461,138.400000,50,53,2.590822,178.221743,0.202501,False,
3461,138.400000,51,52,2.270800,1.306873,0.354087,False,
3461,138.400000,51,53,4.212625,20.050707,0.742843,False,
3461,138.400000,52,53,2.744200,18.743834,0.973612,False,
3471,138.800000,49,50,0.757804,4.613815,0.889759,True,
3471,138.800000,49,52,4.984589,164.091724,0.970433,False,
3471,138.800000,49,53,4.155796,177.164442,0.567921,False,
3471,138.800000,50,52,4.821681,159.477909,0.993357,False,
3471,138.800000,50,53,3.633589,178.221743,0.105123,False,
3471,138.800000,51,52,2.263061,2.071178,0.351756,False,
3471,138.800000,51,53,4.055283,20.815012,0.721814,False,
3471,138.800000,52,53,2.553115,18.743834,0.968846,False,
3481,139.200000,49,50,0.803896,4.613815,0.887996,True,
3481,139.200000,50,53,4.704463,176.397478,0.083495,False,
3481,139.200000,51,52,2.248525,2.542863,0.409777,False,
3481,139.200000,51,53,3.906777,19.320344,0.709420,False,
3481,139.200000,52,53,2.326659,21.863206,0.976207,False,
3491,139.600000,49,50,0.766475,8.272368,0.933425,True,
3491,139.600000,51,52,2.234599,2.542863,0.424729,False,
3491,139.600000,51,53,3.772089,16.651004,0.703473,False,
3491,139.600000,52,53,2.125098,19.193866,0.974844,True,
3501,140.000000,49,50,0.747810,7.498451,0.886153,True,
3501,140.000000,51,52,2.221294,2.542863,0.439746,False,
3501,140.000000,51,53,3.641190,16.651004,0.679790,False,
3501,140.000000,52,53,1.925498,19.193866,0.966857,True,
3511,140.400000,51,52,2.210620,1.437949,0.425219,False,
3511,140.400000,51,53,3.540004,15.707397,0.646728,False,
3511,140.400000,52,53,1.754246,17.145346,0.948126,True,
3521,140.800000,51,52,2.167240,1.201596,0.401801,False,
3521,140.800000,51,53,3.526285,6.154739,0.689185,False,
3521,140.800000,52,53,1.726855,4.953143,0.947504,True,
3531,141.200000,51,52,2.123858,1.201596,0.403449,False,
3531,141.200000,51,53,3.514372,6.154739,0.672559,False,
3531,141.200000,52,53,1.705263,4.953143,0.927108,True,
3541,141.600000,51,52,2.080492,1.201596,0.405162,False,
3541,141.600000,51,53,3.504288,6.154739,0.655478,False,
3541,141.600000,52,53,1.689685,4.953143,0.902962,True,
3551,142.000000,51,52,2.073254,2.178045,0.387289,False,
3551,142.000000,51,53,3.437055,14.839059,0.562078,False,
3551,142.000000,52,53,1.588557,12.661013,0.831449,True,
3561,142.400000,51,52,2.075456,2.443332,0.371820,False,
3561,142.400000,51,53,3.362929,16.937821,0.503531,False,
3561,142.400000,52,53,1.471090,14.494489,0.777492,True,
3571,142.800000,51,52,2.078090,2.443332,0.358268,False,
3571,142.800000,51,53,3.297819,16.937821,0.457169,False,
3571,142.800000,52,53,1.361846,14.494489,0.724278,True,
3581,143.200000,51,52,2.058632,5.184338,0.310449,False,
3581,143.200000,51,53,3.245969,17.642946,0.400412,False,
3581,143.200000,51,54,1.593746,157.809441,0.891509,False,
3581,143.200000,52,53,1.295609,12.458607,0.635174,False,
3581,143.200000,52,54,2.354385,162.993779,0.215896,False,
3581,143.200000,53,54,3.023327,175.452386,0.178709,False,
3591,143.600000,52,53,1.289514,9.297641,0.527524,False,
3591,143.600000,52,54,1.648179,166.873311,0.628783,False,
3591,143.600000,52,55,2.217356,107.936380,0.933390,False,
3591,143.600000,53,54,2.172214,176.170952,0.316642,False,
3591,143.600000,53,55,2.624742,98.638739,0.771350,False,1.412902
3591,143.600000,54,55,0.571291,85.190310,0.566839,False,
3601,144.000000,52,53,1.294748,9.297641,0.445818,False,
3601,144.000000,52,54,1.337902,160.986797,0.951727,False,
3601,144.000000,52,55,1.656954,107.936380,0.995191,False,
3601,144.000000,53,54,1.451111,170.284437,0.501130,False,
3601,144.000000,53,55,1.975687,98.638739,0.815937,False,1.012902
3601,144.000000,54,55,0.526771,91.076824,0.027231,False,
3611,144.400000,52,53,1.240023,8.591065,0.385152,False,
3611,144.400000,52,54,1.537746,127.785745,0.979141,False,
3611,144.400000,52,55,1.315560,107.936380,0.933682,False,
3611,144.400000,53,54,1.019040,136.376809,0.848744,False,
3611,144.400000,53,55,1.286283,99.345315,0.883608,False,
3611,144.400000,54,55,0.520013,124.277876,0.725304,False,
3621,144.800000,53,54,1.107555,135.988190,0.969377,False,
3621,144.800000,53,55,0.674142,113.192315,0.980598,False,
3621,144.800000,54,55,0.627616,110.819495,0.939184,False,
3631,145.200000,53,54,1.572591,156.066658,0.793734,False,
3631,145.200000,53,55,0.918677,142.207134,0.385543,False,
3631,145.200000,53,58,1.576643,168.858453,0.988862,False,
3631,145.200000,54,55,0.778309,61.726208,0.999251,False,
3631,145.200000,54,58,0.796738,12.791795,0.709672,True,0.369443
3631,145.200000,55,58,1.204055,48.934413,0.833456,False,
3641,145.600000,54,55,0.973373,26.596851,0.986223,False,
3641,145.600000,54,58,0.830936,22.337563,0.688102,False,
3641,145.600000,55,58,1.531853,48.934413,0.894647,False,
3651,146.000000,54,55,0.982999,0.858210,0.993446,True,
3651,146.000000,54,58,0.853672,19.082164,0.813105,True,
3651,146.000000,54,59,1.639848,17.447871,0.116788,False,
3651,146.000000,55,58,1.724042,19.940373,0.959280,True,
3651,146.000000,55,59,1.943399,18.306081,0.570506,False,
3651,146.000000,58,59,1.233976,1.634293,0.280568,False,4.481508
3661,146.400000,54,55,0.952184,5.614618,0.965938,True,
3661,146.400000,54,58,0.932804,19.916681,0.874572,True,
3661,146.400000,54,59,1.576207,23.920699,0.181527,False,
3661,146.400000,55,58,1.850256,14.302063,0.961390,True,
3661,146.400000,55,59,2.047926,18.306081,0.627652,False,
3661,146.400000,56,57,2.421297,31.044661,0.541581,False,
3661,146.400000,58,59,1.249996,4.004017,0.291195,False,
3671,146.800000,54,55,0.909306,6.105092,0.946213,True,
3671,146.800000,54,58,1.073597,21.088172,0.937239,False,
3671,146.800000,54,59,1.572825,25.092189,0.311536,False,
3671,146.800000,55,58,1.975710,14.983080,0.973011,True,
3671,146.800000,55,59,2.143759,18.987098,0.681553,False,
3671,146.800000,56,57,2.508953,31.044661,0.636177,False,
3671,146.800000,58,59,1.267770,4.004017,0.255661,False,
3681,147.200000,54,55,0.872492,3.498579,0.952648,True,3.042419
3681,147.200000,54,58,1.174505,12.026097,0.929322,True,
3681,147.200000,54,59,1.627174,23.236695,0.443817,False,
3681,147.200000,55,58,2.041771,8.527518,0.959794,True,
3681,147.200000,55,59,2.233545,19.738116,0.733773,True,
3681,147.200000,56,57,2.624436,36.855224,0.705296,False,
3681,147.200000,58,59,1.210479,11.210598,0.239991,False,
3691,147.600000,54,55,0.846836,1.055641,0.976400,True,
3691,147.600000,54,58,1.260313,7.533995,0.922275,True,
3691,147.600000,54,59,1.685912,9.412161,0.406626,False,
3691,147.600000,55,58,2.093414,6.478353,0.958176,True,
3691,147.600000,55,59,2.255638,8.356519,0.685490,False,
3691,147.600000,56,57,2.741088,33.837268,0.743545,False,
3691,147.600000,56,58,8.272768,175.786289,0.545496,False,3.225522
3691,147.600000,56,59,9.346359,173.908123,0.519229,False,3.521688
3691,147.600000,58,59,1.178354,1.878166,0.348893,False,7.353519
3701,148.000000,54,55,0.836469,0.107989,0.987577,True,
3701,148.000000,54,58,1.346503,7.533995,0.915868,True,
3701,148.000000,54,59,1.725169,4.436326,0.384053,False,
3701,148.000000,55,57,8.974133,161.247566,0.933360,False,3.227435
3701,148.000000,55,58,2.156828,7.641984,0.958642,True,
3701,148.000000,55,59,2.256760,4.544315,0.662534,False,
3701,148.000000,56,57,2.723975,15.324161,0.665181,False,
3701,148.000000,56,58,7.306912,175.786289,0.550547,False,2.825526
3701,148.000000,56,59,8.351174,178.883958,0.065502,False,3.156799
3701,148.000000,58,59,1.163942,3.097669,0.419658,False,
3711,148.400000,54,55,0.830995,0.518370,0.982253,True,
3711,148.400000,54,58,1.481144,12.701519,0.901097,True,
3711,148.400000,54,59,1.744136,6.039328,0.387823,False,
3711,148.400000,55,57,7.888758,159.547241,0.953745,False,2.741118
3711,148.400000,55,58,2.278744,12.183149,0.950480,True,
3711,148.400000,55,59,2.284638,5.520958,0.659785,False,
3711,148.400000,56,57,2.743483,13.623784,0.712706,False,
3711,148.400000,56,59,7.335903,178.691982,0.410531,False,2.680034
3711,148.400000,58,59,1.099892,6.662191,0.480883,False,
3721,148.800000,54,55,0.813088,3.296622,0.964197,True,
3721,148.800000,54,56,4.912609,168.886350,0.739179,False,
3721,148.800000,54,58,1.612115,15.479770,0.894396,True,
3721,148.800000,54,59,1.744737,8.036645,0.399884,False,
3721,148.800000,55,58,2.402100,12.183149,0.942806,True,
3721,148.800000,55,59,2.322551,4.740023,0.661471,False,
3721,148.800000,56,57,2.879794,23.249690,0.821950,False,
3721,148.800000,56,59,6.314054,176.922994,0.812996,False,2.258739
3721,148.800000,58,59,1.064090,7.443126,0.558862,False,
3731,149.200000,54,55,0.797909,3.296622,0.946866,True,
3731,149.200000,54,56,3.975524,168.886350,0.688135,False,
3731,149.200000,54,58,1.750515,16.353054,0.898779,True,
3731,149.200000,54,59,1.748445,8.036645,0.438191,False,
3731,149.200000,55,56,4.142548,172.182972,0.825728,False,
3731,149.200000,55,58,2.533917,13.056432,0.937292,False,
3731,149.200000,55,59,2.360683,4.740023,0.668628,False,
3731,149.200000,56,57,3.052438,25.862157,0.870005,False,
3731,149.200000,56,58,4.526479,174.760596,0.239256,False,
3731,149.200000,56,59,5.292519,176.922994,0.808060,False,1.858737
3731,149.200000,58,59,1.036761,8.316409,0.631954,False,
3741,149.600000,54,55,0.730914,8.502802,0.951664,True,0.796321
3741,149.600000,54,56,3.073226,164.661580,0.784538,False,
3741,149.600000,54,58,1.955494,24.988844,0.921653,False,
3741,149.600000,54,59,1.828788,15.575155,0.539859,False,
3741,149.600000,55,56,3.289219,173.164382,0.500891,False,
3741,149.600000,55,57,4.813710,153.106169,0.995659,False,
3741,149.600000,55,58,2.674971,16.486042,0.966287,False,
3741,149.600000,55,59,2.416517,7.072353,0.753148,True,
3741,149.600000,56,57,3.184877,20.058213,0.902656,False,
3741,149.600000,56,58,3.674525,170.349576,0.226902,False,
3741,149.600000,56,59,4.330504,179.763265,0.019889,False,1.570914
3741,149.600000,58,59,1.016507,9.413689,0.594978,False,
3751,150.000000,54,55,0.710262,2.933709,0.959555,True,2.291992
3751,150.000000,54,56,2.195638,159.560210,0.869314,False,
3751,150.000000,54,57,4.174452,157.036799,0.997396,False,
3751,150.000000,54,58,2.117421,19.419751,0.937105,True,
3751,150.000000,54,59,1.884347,10.006062,0.607120,False,
3751,150.000000,55,56,2.493862,162.493919,0.753205,False,
3751,150.000000,55,57,3.846862,159.970508,0.998142,False,
3751,150.000000,55,58,2.817185,16.486042,0.961014,False,
3751,150.000000,55,59,2.472573,7.072353,0.759373,True,
3751,150.000000,56,57,3.179656,2.523411,0.920484,False,
3751,150.000000,56,58,2.907056,178.979960,0.595677,False,
3751,150.000000,56,59,3.408136,169.566271,0.995851,False,
3751,150.000000,58,59,1.005541,9.413689,0.669959,False,
3761,150.400000,54,55,0.709460,0.498591,0.960582,True,
3761,150.400000,54,56,1.381569,161.995328,0.704624,False,
3761,150.400000,54,57,3.323206,159.471917,0.983452,False,
3761,150.400000,54,58,2.253972,16.332859,0.941536,True,
3761,150.400000,54,59,1.988978,19.701874,0.750717,True,
3761,150.400000,55,56,1.849349,162.493919,0.503185,False,
3761,150.400000,55,57,2.908897,159.970508,0.998731,False,
3761,150.400000,55,58,2.953726,15.834268,0.956701,False,
3761,150.400000,55,59,2.602072,19.203283,0.845979,False,
3761,150.400000,55,60,7.680909,178.349284,0.797436,False,3.108933
3761,150.400000,56,57,3.175900,2.523411,0.928692,False,
3761,150.400000,56,58,2.202697,178.328187,0.798346,False,
3761,150.400000,56,59,2.500956,178.302798,0.957823,False,
3761,150.400000,57,60,4.840823,21.680208,0.150382,False,
3761,150.400000,58,59,0.924274,3.369015,0.608022,False,1.666581
3771,150.800000,54,55,0.729221,2.866962,0.957898,True,
3771,150.800000,54,56,0.880453,163.834049,0.013102,False,
3771,150.800000,54,57,2.543705,162.955326,0.970189,False,
3771,150.800000,54,58,2.361775,14.164533,0.944382,True,
3771,150.800000,54,59,2.146345,26.867234,0.842972,False,
3771,150.800000,55,56,1.595094,160.967088,0.184038,False,
3771,150.800000,55,57,2.014190,160.088364,0.999550,False,
3771,150.800000,55,58,3.080696,17.031495,0.951243,False,
3771,150.800000,55,59,2.794720,29.734196,0.899080,False,
3771,150.800000,55,60,6.759148,178.285163,0.893396,False,2.695374
3771,150.800000,56,57,3.153449,0.878724,0.919137,False,
3771,150.800000,56,58,1.622404,177.998583,0.972011,False,
3771,150.800000,56,59,1.673239,169.298716,0.899023,False,
3771,150.800000,57,58,4.775816,177.119859,0.987403,False,
3771,150.800000,57,59,4.683564,170.177440,0.024135,False,
3771,150.800000,57,60,4.920365,18.196799,0.084885,False,
3771,150.800000,58,59,0.825063,12.702701,0.508106,False,1.044360
3771,150.800000,60,61,0.611524,0.674472,0.943008,True,
3771,150.800000,60,62,1.238460,7.032781,0.983515,True,4.953235
3771,150.800000,61,62,0.656516,7.707254,0.999412,True,0.354216
3781,151.200000,54,55,0.766375,4.843013,0.966460,True,
3781,151.200000,54,56,1.309401,179.181330,0.604925,False,
3781,151.200000,54,57,1.863869,177.170258,0.951398,False,
3781,151.200000,54,58,2.452783,12.188478,0.954896,True,
3781,151.200000,54,59,2.299787,24.891183,0.886435,False,
3781,151.200000,55,56,1.987093,175.975657,0.969644,False,
3781,151.200000,55,57,1.145913,172.327245,0.957551,False,
3781,151.200000,55,58,3.208491,17.031490,0.955968,False,
3781,151.200000,55,59,2.996745,29.734196,0.921357,False,
3781,151.200000,55,60,5.837573,178.285163,0.896158,False,2.295370
3781,151.200000,56,57,3.131012,3.648412,0.819164,False,
3781,151.200000,56,58,1.363265,166.992852,0.610664,False,
3781,151.200000,56,59,1.010235,154.290147,0.246742,False,
3781,151.200000,57,58,4.312793,170.641264,0.682988,False,
3781,151.200000,57,59,4.139438,157.938559,0.101256,False,
3781,151.200000,58,59,0.731626,12.702705,0.425165,False,0.644410
3781,151.200000,60,61,0.610393,0.674472,0.953914,True,
3781,151.200000,60,62,1.184053,7.032781,0.980868,True,4.553237
3781,151.200000,61,62,0.592760,7.707254,0.999972,True,
3791,151.600000,54,55,0.843563,9.680217,0.976951,True,
3791,151.600000,54,56,2.124562,174.344126,0.021453,False,
3791,151.600000,54,57,1.719397,177.992538,0.997293,False,
3791,151.600000,54,58,2.487542,5.448968,0.966332,True,
3791,151.600000,54,59,2.212373,8.419678,0.760970,True,7.395932
3791,151.600000,55,56,2.708380,175.975657,0.855666,False,
3791,151.600000,55,57,0.957155,172.327245,0.713559,False,
3791,151.600000,55,58,3.320934,15.129185,0.955702,False,
3791,151.600000,55,59,2.980554,1.260539,0.796112,False,
3791,151.600000,55,60,4.921833,179.960501,0.189714,False,1.896765
3791,151.600000,56,57,3.111407,3.648412,0.836195,False,
3791,151.600000,56,58,1.746946,168.895158,0.961359,False,
3791,151.600000,56,59,0.955506,177.236196,0.494575,False,
3791,151.600000,57,58,4.079685,172.543570,0.876783,False,
3791,151.600000,57,59,3.610553,173.587784,0.996270,False,
3791,151.600000,58,59,0.794650,13.868646,0.749270,True,
3791,151.600000,60,61,0.621819,2.428808,0.964069,True,
3791,151.600000,60,62,1.142853,5.278445,0.975971,True,5.409907
3791,151.600000,61,62,0.530285,7.707254,0.998249,True,
3801,152.000000,54,55,0.920763,9.680217,0.977605,True,
3801,152.000000,54,56,3.039624,174.344126,0.160454,False,
3801,152.000000,54,57,2.005922,161.021398,0.962540,False,
3801,152.000000,54,58,2.377588,9.663622,0.928783,True,
3801,152.000000,54,59,2.102047,11.520845,0.735584,True,5.715442
3801,152.000000,54,60,4.401662,168.479155,0.917516,False,
3801,152.000000,54,61,4.758449,172.847459,0.811383,False,
3801,152.000000,54,62,4.985230,177.823020,0.155014,False,
3801,152.000000,55,56,3.564364,175.975657,0.759790,False,
3801,152.000000,55,57,1.567092,170.701615,0.921324,False,
3801,152.000000,55,58,3.289726,0.016595,0.916566,False,
3801,152.000000,55,59,2.939845,1.840628,0.784220,False,
3801,152.000000,55,60,4.011763,178.159372,0.963521,False,1.502181
3801,152.000000,55,61,4.261023,177.472324,0.905173,False,
3801,152.000000,55,62,4.399920,172.496763,0.999090,False,
3801,152.000000,56,57,2.972845,13.322728,0.730486,False,
3801,152.000000,56,58,2.483802,175.992252,0.717105,False,
3801,152.000000,56,59,1.709005,174.135029,0.448466,False,
3801,152.000000,57,58,3.830782,170.685020,0.518576,False,
3801,152.000000,57,59,3.183071,172.542243,0.638563,False,
3801,152.000000,58,59,0.825433,1.857222,0.831503,True,
3801,152.000000,60,61,0.655093,4.368304,0.963876,True,
3801,152.000000,60,62,1.215496,9.343865,0.995740,True,
3801,152.000000,61,62,0.572549,4.975561,0.995454,True,
3811,152.400000,54,55,0.997969,9.680217,0.978150,True,
3811,152.400000,54,56,3.994485,175.827960,0.082865,False,
3811,152.400000,54,57,2.627491,153.554230,0.990710,False,
3811,152.400000,54,58,2.268852,9.663622,0.937308,True,
3811,152.400000,54,59,1.991921,11.520845,0.728717,True,5.315473
3811,152.400000,54,60,3.561212,168.479155,0.884827,False,
3811,152.400000,54,61,3.986351,172.885229,0.836171,False,
3811,152.400000,54,62,4.270759,179.165075,0.552306,False,
3811,152.400000,55,56,4.483131,174.491824,0.751091,False,
3811,152.400000,55,57,2.459554,163.234447,0.941119,False,
3811,152.400000,55,58,3.260016,0.016595,0.924963,False,
3811,152.400000,55,59,2.899380,1.840628,0.789854,False,
3811,152.400000,55,60,3.101821,178.159372,0.965406,False,1.102182
3811,152.400000,55,61,3.384069,177.434554,0.673464,False,
3811,152.400000,55,62,3.552944,171.154708,0.987292,False,
3811,152.400000,56,57,2.781324,22.273730,0.659262,False,
3811,152.400000,56,58,3.419520,174.508418,0.738406,False,
3811,152.400000,56,59,2.678039,172.651196,0.606771,False,
3811,152.400000,57,58,3.828563,163.217852,0.525676,False,
3811,152.400000,57,59,3.028285,165.075075,0.611785,False,
3811,152.400000,58,59,0.856535,1.857222,0.820919,True,
3811,152.400000,60,61,0.690592,4.406074,0.964281,True,
3811,152.400000,60,62,1.300393,10.685920,0.998663,True,
3811,152.400000,61,62,0.627930,6.279846,0.987193,True,
3811,152.400000,62,63,12.715903,162.527903,0.999206,False,5.172872
3821,152.800000,54,55,1.000787,0.095069,0.985996,True,
3821,152.800000,54,56,4.979148,177.935091,0.006233,False,
3821,152.800000,54,57,3.450723,155.299792,0.998438,False,
3821,152.800000,54,58,2.174832,8.196814,0.939762,True,
3821,152.800000,54,59,1.905257,10.183839,0.706295,True,
3821,152.800000,54,60,2.737698,170.646932,0.875534,False,
3821,152.800000,54,61,3.256286,174.630792,0.884862,False,
3821,152.800000,54,62,3.635959,179.089363,0.919459,False,
3821,152.800000,55,57,3.456514,155.394861,0.954620,False,
3821,152.800000,55,58,3.171857,8.101745,0.950600,False,
3821,152.800000,55,59,2.815492,10.088770,0.821786,False,
3821,152.800000,55,60,2.190973,170.742001,0.999933,False,0.724098
3821,152.800000,55,61,2.541956,174.725861,0.999553,False,
3821,152.800000,55,62,2.796372,178.994294,0.938426,False,
3821,152.800000,56,57,2.595101,22.635299,0.622047,False,
3821,152.800000,56,58,4.425539,173.868095,0.796947,False,
3821,152.800000,56,59,3.683638,171.881070,0.608476,False,
3821,152.800000,56,63,4.910945,165.503449,0.434767,False,
3821,152.800000,57,58,4.142565,163.496606,0.737676,False,
3821,152.800000,57,59,3.250631,165.483631,0.875134,False,
3821,152.800000,58,59,0.895326,1.987025,0.808322,True,
3821,152.800000,58,60,4.597028,178.843746,0.760898,False,
3821,152.800000,59,60,4.591452,179.169229,0.339045,False,
3821,152.800000,60,61,0.723354,3.983859,0.964723,True,
3821,152.800000,60,62,1.383061,10.263705,0.999690,True,
3821,152.800000,61,62,0.684720,6.279846,0.979368,True,
3821,152.800000,62,63,11.771540,162.527903,0.999289,False,4.772876
3831,153.200000,54,55,0.918329,9.396676,0.982539,True,1.549508
3831,153.200000,54,57,4.405055,162.776351,0.987350,False,
3831,153.200000,54,58,2.122789,4.452028,0.916261,True,
3831,153.200000,54,59,1.892915,4.361663,0.651740,False,
3831,153.200000,54,60,1.922698,178.557422,0.839308,False,
3831,153.200000,54,61,2.564366,179.119001,0.662790,False,
3831,153.200000,54,62,3.016682,176.474925,0.954687,False,
3831,153.200000,55,57,4.489183,153.379676,0.940827,False,
3831,153.200000,55,58,3.037604,13.848703,0.953977,False,7.903306
3831,153.200000,55,59,2.716390,13.758339,0.824762,False,
3831,153.200000,55,60,1.290507,169.160746,0.981618,False,0.339723
3831,153.200000,55,61,1.782087,171.484323,0.947370,False,
3831,153.200000,55,62,2.148818,167.078249,0.582303,False,
3831,153.200000,56,57,2.419156,21.408947,0.587243,False,
3831,153.200000,56,59,4.693148,171.453039,0.593013,False,
3831,153.200000,56,63,4.050551,172.289626,0.053858,False,
3831,153.200000,57,58,4.708973,167.228379,0.916292,False,
3831,153.200000,57,59,3.787849,167.138014,0.994691,False,
3831,153.200000,58,59,0.926601,0.090365,0.794896,True,
3831,153.200000,58,60,3.912449,176.990551,0.533915,False,
3831,153.200000,58,61,4.618589,174.666974,0.489449,False,
3831,153.200000,59,60,3.813699,177.080915,0.218216,False,
3831,153.200000,59,61,4.450983,174.757338,0.088512,False,
3831,153.200000,59,62,4.864963,179.163412,0.162834,False,
3831,153.200000,60,61,0.745268,2.323577,0.964589,True,
3831,153.200000,60,62,1.365055,2.082497,0.995023,True,
3831,153.200000,61,62,0.653383,4.406074,0.988114,True,0.737943
3831,153.200000,61,63,10.930392,175.593926,0.832692,False,4.562550
3831,153.200000,62,63,10.830189,180.000000,0.007190,False,4.348989
3841,153.600000,54,55,0.835956,9.396676,0.984413,True,1.149508
3841,153.600000,54,58,2.070917,4.452028,0.919891,True,
3841,153.600000,54,59,1.881370,4.361663,0.635981,False,
3841,153.600000,54,60,1.316004,178.557422,0.994508,False,
3841,153.600000,54,61,2.041933,177.264384,0.939227,False,
3841,153.600000,54,62,2.618258,176.474925,0.815350,False,
3841,153.600000,55,58,2.903533,13.848703,0.956344,False,7.503299
3841,153.600000,55,59,2.618548,13.758339,0.811974,False,
3841,153.600000,55,60,0.508521,169.160746,0.680150,False,
3841,153.600000,55,61,1.213232,167.867708,0.379382,False,
3841,153.600000,55,62,1.782712,167.078249,0.175257,False,
3841,153.600000,56,57,2.248737,20.887950,0.541925,False,
3841,153.600000,56,63,3.385185,160.619146,0.018552,False,
3841,153.600000,57,59,4.529625,167.659014,0.992921,False,
3841,153.600000,57,63,4.154059,178.492904,0.574700,False,
3841,153.600000,58,59,0.959937,0.090365,0.766460,True,
3841,153.600000,58,60,3.385738,176.990551,0.714415,False,
3841,153.600000,58,61,4.112839,178.283589,0.793093,False,
3841,153.600000,58,62,4.679137,179.073048,0.883465,False,
3841,153.600000,59,60,3.127015,177.080915,0.033398,False,
3841,153.600000,59,61,3.808303,178.373953,0.039516,False,
3841,153.600000,59,62,4.295572,179.163412,0.324769,False,
3841,153.600000,60,61,0.732272,1.293038,0.958464,True,4.209280
3841,153.600000,60,62,1.347114,2.082497,0.995694,True,
3841,153.600000,61,62,0.647063,0.789459,0.991985,True,2.989613
3851,154.000000,54,55,0.920323,10.622961,0.952863,True,
3851,154.000000,54,58,2.023700,4.091646,0.924589,True,
3851,154.000000,54,59,1.870626,4.361663,0.619762,False,
3851,154.000000,54,60,1.259650,177.787445,0.679376,False,
3851,154.000000,54,61,1.906446,177.264384,0.666883,False,
3851,154.000000,54,62,2.532632,174.697481,0.156792,False,
3851,154.000000,55,58,2.938024,6.531315,0.906024,False,
3851,154.000000,55,59,2.662681,6.261298,0.706784,False,
3851,154.000000,55,60,0.686105,171.589594,0.985895,False,
3851,154.000000,55,61,1.087719,172.112655,0.556563,False,
3851,154.000000,55,62,1.705721,174.679558,0.324648,False,
3851,154.000000,56,57,2.079070,20.887947,0.484864,False,
3851,154.000000,56,63,2.997183,147.127913,0.168339,False,
3851,154.000000,57,63,3.392573,168.015859,0.341663,False,
3851,154.000000,58,59,0.995288,0.270017,0.739574,True,
3851,154.000000,58,60,3.095962,178.120909,0.929866,False,
3851,154.000000,58,61,3.814762,178.643970,0.931701,False,
3851,154.000000,58,62,4.413985,178.789127,0.997545,False,
3851,154.000000,59,60,2.598062,177.850892,0.332653,False,
3851,154.000000,59,61,3.317407,178.373953,0.189105,False,
3851,154.000000,59,62,3.861220,179.059144,0.110344,False,
3851,154.000000,60,61,0.725788,0.523062,0.959225,True,9.049741
3851,154.000000,60,62,1.319374,3.089964,0.994882,True,
3851,154.000000,61,62,0.627492,2.566903,0.990757,True,0.577414
3861,154.400000,54,55,0.922028,0.207155,0.921370,True,
3861,154.400000,54,58,2.095340,9.784849,0.910294,True,
3861,154.400000,54,59,1.888749,3.467068,0.536904,False,
3861,154.400000,54,60,1.721036,178.435841,0.964205,False,
3861,154.400000,54,61,2.147644,172.319810,0.693567,False,
3861,154.400000,54,62,2.693639,178.872186,0.989463,False,
3861,154.400000,55,58,3.013077,9.992004,0.923671,False,
3861,154.400000,55,59,2.686598,3.674223,0.696467,False,
3861,154.400000,55,60,1.586198,178.228686,0.969942,False,
3861,154.400000,55,61,1.653206,172.112655,0.923086,False,
3861,154.400000,55,62,2.120646,179.079341,0.885553,False,
3861,154.400000,56,57,2.031989,21.209218,0.417959,False,
3861,154.400000,56,63,2.882962,142.402148,0.465196,False,
3861,154.400000,56,64,3.112704,136.626175,0.706511,False,
3861,154.400000,57,63,2.896213,163.611366,0.173730,False,
3861,154.400000,57,64,4.490745,157.835393,0.946857,False,
3861,154.400000,58,59,1.045411,6.317781,0.750867,True,
3861,154.400000,58,60,3.085033,171.779310,0.121501,False,
3861,154.400000,58,61,3.796120,177.895341,0.803766,False,
3861,154.400000,58,62,4.346939,169.087337,0.402820,False,
3861,154.400000,59,60,2.266093,178.097091,0.442047,False,
3861,154.400000,59,61,3.029779,175.786878,0.269587,False,
3861,154.400000,59,62,3.550883,175.405117,0.664121,False,
3861,154.400000,60,61,0.777419,6.116031,0.943944,True,
3861,154.400000,60,62,1.284966,2.691973,0.984687,True,
3861,154.400000,61,62,0.560596,8.808004,0.978363,True,
3861,154.400000,63,64,2.559417,5.775973,0.101246,False,
3871,154.800000,54,55,0.902925,2.414029,0.908648,True,6.668534
3871,154.800000,54,58,2.187953,12.406033,0.911542,True,
3871,154.800000,54,59,1.914693,5.452872,0.530104,False,
3871,154.800000,54,60,2.484295,175.814657,0.957342,False,
3871,154.800000,54,61,2.709142,169.698626,0.844564,False,
3871,154.800000,54,62,3.178414,178.506630,0.611554,False,
3871,154.800000,55,58,3.088761,9.992004,0.928995,False,
3871,154.800000,55,59,2.705517,3.038842,0.697278,False,
3871,154.800000,55,60,2.539946,178.228686,0.942909,False,
3871,154.800000,55,61,2.474232,172.112655,0.988881,False,
3871,154.800000,55,62,2.863828,179.079341,0.715972,False,
3871,154.800000,56,57,2.015569,21.254553,0.330483,False,
3871,154.800000,56,63,3.067534,135.017899,0.706012,False,
3871,154.800000,56,64,2.533348,136.626175,0.469465,False,
3871,154.800000,57,63,2.667230,156.272452,0.346027,False,
3871,154.800000,57,64,3.708753,157.880728,0.911973,False,
3871,154.800000,58,59,1.099429,6.953162,0.772089,True,
3871,154.800000,58,60,3.372683,171.779310,0.169205,False,
3871,154.800000,58,61,4.019900,177.895341,0.637131,False,
3871,154.800000,58,62,4.522495,169.087337,0.601413,False,
3871,154.800000,59,60,2.318795,178.732472,0.297143,False,
3871,154.800000,59,61,3.025900,175.151498,0.541306,False,
3871,154.800000,59,62,3.517648,176.040498,0.875162,False,
3871,154.800000,60,61,0.829102,6.116031,0.946417,True,
3871,154.800000,60,62,1.252627,2.691973,0.991027,True,
3871,154.800000,61,62,0.505883,8.808004,0.931617,True,
3871,154.800000,63,64,2.400737,1.608276,0.159706,False,4.585148
3881,155.200000,54,55,0.953465,4.328519,0.875394,True,
3881,155.200000,54,58,2.281898,12.406033,0.921001,True,
3881,155.200000,54,59,1.941410,5.452872,0.546815,False,
3881,155.200000,54,60,3.354760,176.123596,0.997096,False,
3881,155.200000,54,61,3.407952,179.180970,0.839129,False,
3881,155.200000,54,62,3.881792,178.506630,0.429220,False,
3881,155.200000,55,58,3.234708,16.734552,0.909128,False,
3881,155.200000,55,59,2.790419,9.781391,0.662716,False,
3881,155.200000,55,60,3.526612,171.795077,0.915961,False,
3881,155.200000,55,61,3.354549,174.852451,0.890075,False,
3881,155.200000,55,62,3.746934,174.178111,0.741929,False,
3881,155.200000,56,57,2.033121,23.967977,0.249913,False,
3881,155.200000,56,63,3.438696,132.110979,0.866227,False,
3881,155.200000,56,64,2.179063,139.454132,0.038579,False,
3881,155.200000,57,63,2.699603,156.078956,0.644049,False,
3881,155.200000,57,64,3.040788,163.422109,0.703160,False,
3881,155.200000,58,59,1.154179,6.953162,0.787495,True,
3881,155.200000,58,60,3.890095,171.470371,0.373397,False,
3881,155.200000,58,61,4.380116,168.412997,0.186031,False,
3881,155.200000,58,62,4.914724,169.087337,0.750548,False,
3881,155.200000,59,60,2.736140,178.423532,0.034010,False,
3881,155.200000,59,61,3.241176,175.366159,0.050039,False,
3881,155.200000,59,62,3.774683,176.040498,0.973367,False,
3881,155.200000,60,61,0.809587,3.057374,0.906471,True,5.575544
3881,155.200000,60,62,1.224984,2.383034,0.995796,True,
3881,155.200000,61,62,0.534744,0.674339,0.916295,True,
3881,155.200000,63,64,2.282082,7.343153,0.088858,False,
3891,155.600000,54,55,0.982982,1.344410,0.849134,True,
3891,155.600000,54,58,2.398199,15.390143,0.921896,True,
3891,155.600000,54,59,1.979888,8.436981,0.551045,False,
3891,155.600000,54,60,4.247762,174.399179,0.999953,False,
3891,155.600000,54,61,4.196870,176.196860,0.999157,False,
3891,155.600000,54,62,4.659774,175.924424,0.514748,False,
3891,155.600000,55,58,3.381143,16.734552,0.913956,False,
3891,155.600000,55,59,2.875895,9.781391,0.673069,False,
3891,155.600000,55,60,4.512956,173.054770,0.829646,False,
3891,155.600000,55,61,4.286060,174.852451,0.843680,False,
3891,155.600000,55,62,4.672176,174.580014,0.999962,False,
3891,155.600000,56,57,2.021688,11.999460,0.297041,False,
3891,155.600000,56,63,3.912822,128.940435,0.978633,False,
3891,155.600000,56,64,2.132794,148.998834,0.646525,False,
3891,155.600000,57,63,2.850375,140.939895,0.864137,False,
3891,155.600000,57,64,2.374968,160.998293,0.024911,False,
3891,155.600000,58,59,1.209565,6.953162,0.801085,True,
3891,155.600000,58,60,4.548939,170.210678,0.474780,False,
3891,155.600000,58,61,4.907686,168.412997,0.354521,False,
3891,155.600000,59,60,3.374925,177.163840,0.244967,False,
3891,155.600000,59,61,3.700811,175.366159,0.192550,False,
3891,155.600000,59,62,4.248481,175.638595,0.842196,False,
3891,155.600000,60,61,0.796921,1.797681,0.897419,True,6.704511
3891,155.600000,60,62,1.209082,1.525245,0.996770,True,
3891,155.600000,61,62,0.550920,0.272436,0.895077,True,
3891,155.600000,63,64,2.178608,20.058399,0.061462,False,
3901,156.000000,54,55,0.999409,0.656265,0.820524,True,
3901,156.000000,54,58,2.380775,1.048682,0.857790,True,
3901,156.000000,54,59,2.019535,9.779291,0.563124,False,
3901,156.000000,55,58,3.378697,0.392417,0.850572,False,
3901,156.000000,55,59,2.953347,9.123026,0.679285,False,
3901,156.000000,56,57,2.010086,10.765337,0.254980,False,
3901,156.000000,56,63,4.489069,128.940435,0.997781,False,
3901,156.000000,56,64,2.499751,148.998834,0.889638,False,
3901,156.000000,57,63,3.206566,139.705772,0.958422,False,
3901,156.000000,57,64,1.963446,159.764171,0.415059,False,
3901,156.000000,58,59,1.162079,8.730609,0.851137,True,
3901,156.000000,59,60,4.142938,177.822204,0.105962,False,
3901,156.000000,59,61,4.328632,176.024523,0.173428,False,
3901,156.000000,59,62,4.843528,175.581907,0.090014,False,
3901,156.000000,60,61,0.784333,1.797681,0.892932,True,6.304599
3901,156.000000,60,62,1.192819,2.240298,0.994718,True,
3901,156.000000,61,62,0.540274,0.442617,0.908927,True,
3901,156.000000,63,64,2.083597,20.058399,0.126374,False,
3911,156.400000,54,55,1.002960,4.150197,0.798360,True,
3911,156.400000,54,58,2.364260,1.048682,0.867738,True,
3911,156.400000,54,59,2.041776,8.308754,0.582708,False,
3911,156.400000,55,58,3.358791,3.101515,0.862727,False,
3911,156.400000,55,59,3.006355,4.158557,0.693496,False,
3911,156.400000,57,63,3.737782,121.516917,0.990243,False,
3911,156.400000,57,64,2.075530,142.807337,0.762947,False,
3911,156.400000,58,59,1.120010,7.260072,0.830059,True,
3911,156.400000,59,60,4.989166,179.292741,0.318000,False,
3911,156.400000,60,61,0.771824,1.797681,0.888210,True,5.904523
3911,156.400000,60,62,1.176911,2.240298,0.992769,True,
3911,156.400000,61,62,0.529992,0.442617,0.919814,True,
3911,156.400000,62,63,4.946462,131.390922,0.173866,False,
3911,156.400000,63,64,1.986522,21.290420,0.126596,False,
3921,156.800000,54,55,1.006877,5.563312,0.753108,True,
3921,156.800000,54,58,2.348675,1.048682,0.877480,True,
3921,156.800000,54,59,2.066564,8.308754,0.610712,False,
3921,156.800000,55,58,3.331783,4.514630,0.863250,False,
3921,156.800000,55,59,3.057343,2.745441,0.699118,False,
3921,156.800000,57,63,4.302432,105.006430,0.992748,False,
3921,156.800000,57,64,2.504257,130.080311,0.886165,False,
3921,156.800000,58,59,1.080989,7.260072,0.798714,True,
3921,156.800000,60,61,0.776462,1.501055,0.865469,True,
3921,156.800000,60,62,1.168103,1.943672,0.986122,True,
3921,156.800000,61,62,0.520114,0.442617,0.930413,True,
3921,156.800000,62,63,4.642830,119.744604,0.054926,False,
3921,156.800000,63,64,1.887368,25.073881,0.226823,False,
3931,157.200000,54,58,2.334036,1.048682,0.886991,True,
3931,157.200000,54,59,2.093806,8.308754,0.637304,False,
3931,157.200000,57,63,4.799480,93.034481,0.979901,False,
3931,157.200000,57,64,3.006857,118.108362,0.901000,False,
3931,157.200000,58,59,1.045356,7.260072,0.762541,True,
3931,157.200000,60,61,0.804957,4.290955,0.905719,True,
3931,157.200000,60,62,1.216838,5.536504,0.994724,True,
3931,157.200000,61,62,0.521619,1.245549,0.900587,True,
3931,157.200000,61,63,4.840975,113.509977,0.131517,False,
3931,157.200000,62,63,4.349465,112.264428,0.052406,False,
3931,157.200000,62,64,4.751524,137.338310,0.519935,False,
3931,157.200000,63,64,1.798593,25.073881,0.150392,False,
3941,157.600000,57,64,3.641527,115.063274,0.946223,False,
3941,157.600000,58,59,1.047356,0.295880,0.795344,True,
3941,157.600000,60,61,0.837473,4.870055,0.924821,True,
3941,157.600000,60,62,1.279735,7.191830,0.996994,True,
3941,157.600000,60,64,4.833298,139.829726,0.140350,False,
3941,157.600000,61,62,0.535519,2.321775,0.907938,True,
3941,157.600000,61,63,4.630630,115.339961,0.321127,False,
3941,157.600000,61,64,4.574035,134.959670,0.333599,False,
3941,157.600000,62,63,4.109179,113.018187,0.247177,False,
3941,157.600000,62,64,4.136866,132.637896,0.451642,False,
3941,157.600000,63,64,1.671099,19.619709,0.086053,False,
3951,158.000000,60,61,0.860058,3.075158,0.938372,True,
3951,158.000000,60,62,1.328017,5.396933,0.998107,True,
3951,158.000000,60,64,4.553066,135.329481,0.026902,False,
3951,158.000000,61,62,0.550112,2.321775,0.921955,True,
3951,158.000000,61,63,4.455568,123.227653,0.575951,False,
3951,158.000000,61,64,4.128892,132.254323,0.216909,False,
3951,158.000000,62,63,3.908913,120.905878,0.518219,False,
3951,158.000000,62,64,3.638612,129.932548,0.329195,False,
3951,158.000000,63,64,1.465047,9.026670,0.016932,False,1.750883
3961,158.400000,60,61,0.856886,0.863078,0.943850,True,
3961,158.400000,60,62,1.342260,1.458697,0.998954,True,
3961,158.400000,60,64,4.392766,131.391245,0.166631,False,
3961,158.400000,61,62,0.565331,2.321775,0.934212,True,
3961,158.400000,61,63,4.381705,123.227653,0.694703,False,
3961,158.400000,61,64,3.839344,132.254323,0.008175,False,
3961,158.400000,62,63,3.816460,120.905878,0.656502,False,
3961,158.400000,62,64,3.296566,129.932548,0.104844,False,
3961,158.400000,63,64,1.260441,9.026670,0.019248,False,1.350882
3971,158.800000,60,61,0.853992,0.863078,0.937704,True,
3971,158.800000,60,62,1.354090,1.135424,0.997760,True,
3971,158.800000,60,64,4.394790,131.173722,0.429995,False,
3971,158.800000,61,62,0.578253,1.998501,0.945493,True,
3971,158.800000,61,63,4.414133,123.227653,0.797842,False,
3971,158.800000,61,64,3.728581,132.036800,0.294628,False,
3971,158.800000,62,63,3.842544,121.229152,0.780838,False,
3971,158.800000,62,64,3.151901,130.038299,0.232723,False,
3971,158.800000,63,64,1.090730,8.809147,0.058925,False,1.226222
3981,159.200000,60,61,0.855541,0.200482,0.941347,True,
3981,159.200000,60,62,1.340800,1.798859,0.993438,True,
3981,159.200000,60,64,4.512852,130.498941,0.724769,False,
3981,159.200000,61,62,0.552151,1.999342,0.962411,True,
3981,159.200000,61,64,3.754042,130.298458,0.653390,False,
3981,159.200000,62,64,3.205393,132.297800,0.657191,False,
3991,159.600000,60,61,0.858927,0.909429,0.945376,True,
3991,159.600000,60,62,1.333131,1.089912,0.991031,True,
3991,159.600000,60,64,4.768156,131.207887,0.821093,False,
3991,159.600000,61,62,0.527068,1.999342,0.973654,True,
3991,159.600000,61,64,3.943181,130.298458,0.791461,False,
3991,159.600000,62,64,3.436536,132.297800,0.807442,False,
4001,160.000000,60,61,0.864932,1.654166,0.954258,True,
4001,160.000000,60,62,1.330567,0.345175,0.989726,True,
4001,160.000000,61,62,0.503157,1.999342,0.983726,True,
4001,160.000000,61,64,4.274323,130.298458,0.886432,False,
4001,160.000000,62,64,3.813154,132.297800,0.902940,False,
4011,160.400000,60,61,0.871962,1.654166,0.963905,True,
4011,160.400000,60,62,1.341665,1.307572,0.992209,True,
4011,160.400000,61,62,0.496161,0.346595,0.988536,False,
4021,160.800000,60,61,0.871245,0.537077,0.967584,True,
4021,160.800000,60,62,1.366538,2.912381,0.995012,True,
4021,160.800000,61,62,0.516535,2.375304,0.991249,True,
4021,160.800000,65,66,0.711254,10.419608,0.998945,True,
4031,161.200000,60,61,0.865125,0.221380,0.970374,True,
4031,161.200000,60,62,1.391563,2.912381,0.995990,True,
4031,161.200000,61,62,0.544479,3.133761,0.993921,True,
4031,161.200000,65,66,0.666016,10.419608,0.988463,True,
4041,161.600000,60,61,0.859288,0.221380,0.974632,True,
4041,161.600000,60,62,1.416732,2.912381,0.996833,True,
4041,161.600000,61,62,0.572542,3.133761,0.995363,True,
4041,161.600000,65,66,0.649908,10.419608,0.932686,True,
4051,162.000000,60,61,0.853740,0.221380,0.978616,True,
4051,162.000000,60,62,1.442036,2.912381,0.997552,True,
4051,162.000000,61,62,0.600706,3.133761,0.996503,True,
4051,162.000000,65,66,0.665050,10.419608,0.833002,True,
4061,162.400000,60,61,0.848493,0.221380,0.982305,True,
4061,162.400000,60,62,1.467471,2.912381,0.998159,True,
4061,162.400000,61,62,0.628957,3.133761,0.997400,True,
4061,162.400000,65,66,0.686387,0.389358,0.774342,True,
4071,162.800000,65,66,0.691188,10.620959,0.833028,True,
4081,163.200000,65,66,0.706419,10.620959,0.893579,True,
4091,163.600000,65,66,0.731429,10.620959,0.938854,True,
4101,164.000000,65,66,0.765259,10.620959,0.969826,True,
4111,164.400000,65,66,0.774709,3.470275,0.966976,True,
4121,164.800000,65,66,0.776641,1.296258,0.969829,True,
4131,165.200000,65,66,0.779004,1.296258,0.975227,True,
4141,165.600000,65,66,0.781784,1.296258,0.980068,True,
4151,166.000000,65,66,0.776324,0.113060,0.983605,True,
4161,166.400000,65,66,0.763258,1.449297,0.988341,True,
4171,166.800000,65,66,0.751515,1.449297,0.993879,True,
4181,167.200000,65,66,0.805795,9.803332,0.979239,True,
4191,167.600000,65,66,0.867313,10.871064,0.977279,True,
4201,168.000000,65,66,0.864248,0.103374,0.955787,True,
4211,168.400000,65,66,0.857372,2.841193,0.910725,True,
4221,168.800000,65,66,0.895952,11.241247,0.916555,True,
4231,169.200000,65,66,0.846709,1.960440,0.851392,True,
4241,169.600000,65,66,0.860209,16.186009,0.834186,True,
4251,170.000000,65,66,0.882438,13.445653,0.900030,True,
4261,170.400000,65,66,0.745630,11.642215,0.798140,True,0.436866
4271,170.800000,65,66,0.757179,13.460176,0.785788,True,
4281,171.200000,65,66,0.807154,15.863489,0.867335,True,
4291,171.600000,65,66,0.764475,0.033062,0.825535,True,
4301,172.000000,65,66,0.737470,2.108496,0.866217,True,
4311,172.400000,65,66,0.766090,10.828706,0.899682,True,
4321,172.800000,65,66,0.808577,10.828706,0.948036,True,
4331,173.200000,65,66,0.834190,7.022096,0.966888,True,
4341,173.600000,65,66,0.828697,1.604254,0.970488,True,
4351,174.000000,65,66,0.831949,1.985221,0.983259,True,
4361,174.400000,65,66,0.838532,1.985221,0.992763,True,
4361,174.400000,68,69,1.306975,4.586971,0.999740,True,
4371,174.800000,65,66,0.848519,1.979606,0.997961,True,
4371,174.800000,68,69,1.388020,4.586971,0.974901,True,
4381,175.200000,65,66,0.861324,1.923668,0.998520,True,
4381,175.200000,68,69,1.502844,1.049737,0.885393,True,
4391,175.600000,65,66,0.853313,1.138508,0.999677,True,
4391,175.600000,68,69,1.631771,5.489405,0.774309,True,
4401,176.000000,65,66,0.824432,4.100977,0.999987,True,3.127275
4401,176.000000,66,68,4.656567,170.496812,0.290083,False,
4401,176.000000,66,69,4.374874,164.283787,0.498060,False,
4401,176.000000,68,69,1.779462,6.213025,0.679720,False,
4411,176.400000,65,66,0.795580,4.100977,0.999935,True,2.727272
4411,176.400000,65,67,4.979879,13.953692,0.226181,False,
4411,176.400000,65,68,4.594635,175.480326,0.178481,False,
4411,176.400000,65,69,4.566409,168.384764,0.765995,False,
4411,176.400000,66,67,4.987661,18.054669,0.037089,False,
4411,176.400000,66,68,3.999407,171.379348,0.172024,False,
4411,176.400000,66,69,3.797154,164.283787,0.688785,False,
4411,176.400000,68,69,1.960549,7.095561,0.578046,False,
4421,176.800000,65,66,0.809951,2.073469,0.999404,True,
4421,176.800000,65,67,4.905601,0.961681,0.106340,False,
4421,176.800000,65,68,4.075739,175.704988,0.338461,False,
4421,176.800000,65,69,4.308420,171.886656,0.952414,False,
4421,176.800000,66,67,4.907037,1.111787,0.042227,False,
4421,176.800000,66,68,3.395285,177.778457,0.504516,False,
4421,176.800000,66,69,3.498538,173.960125,0.965614,False,
4421,176.800000,68,69,2.202111,3.818332,0.468847,False,
4431,177.200000,65,66,0.819227,1.256767,0.998358,True,
4431,177.200000,65,67,4.812370,0.144980,0.115263,False,
4431,177.200000,65,68,3.684654,176.521689,0.706640,False,
4431,177.200000,65,69,4.346321,173.084751,0.999996,False,
4431,177.200000,66,67,4.826452,1.111787,0.044691,False,
4431,177.200000,66,68,2.915477,177.778457,0.682847,False,
4431,177.200000,66,69,3.569158,174.341519,0.996958,False,
4431,177.200000,68,69,2.461251,3.436938,0.402532,False,
4441,177.600000,65,66,0.826735,0.882435,0.996363,True,
4441,177.600000,65,67,4.709059,1.140202,0.109895,False,
4441,177.600000,65,68,3.452911,176.455539,0.821186,False,
4441,177.600000,65,69,4.663733,173.459083,0.968918,False,
4441,177.600000,66,67,4.745252,2.022638,0.057551,False,
4441,177.600000,66,68,2.628613,177.337974,0.748483,False,
4441,177.600000,66,69,3.985817,174.341519,0.934692,False,
4441,177.600000,67,69,4.371096,172.318881,0.572033,False,
4441,177.600000,68,69,2.743873,2.996455,0.353239,False,
4451,178.000000,65,66,0.834739,0.882435,0.994003,True,
4451,178.000000,65,67,4.588499,9.088257,0.017146,False,
4451,178.000000,65,68,3.404428,176.404904,0.926364,False,
4451,178.000000,66,67,4.659269,9.970692,0.153424,False,
4451,178.000000,66,68,2.590418,177.287339,0.907955,False,
4451,178.000000,66,69,4.672118,173.036247,0.847882,False,
4451,178.000000,67,69,3.750115,163.065555,0.622215,False,
4451,178.000000,68,69,3.072763,4.251092,0.315076,False,
4461,178.400000,65,66,0.857536,3.288362,0.990781,True,
4461,178.400000,65,67,4.468907,9.088257,0.002321,False,
4461,178.400000,65,68,3.546452,176.404904,0.987939,False,
4461,178.400000,65,70,2.928306,175.367930,0.999559,False,
4461,178.400000,66,67,4.562679,12.376619,0.160214,False,
4461,178.400000,66,68,2.790092,179.693266,0.941471,False,
4461,178.400000,66,70,2.262943,178.656292,0.886879,False,
4461,178.400000,67,68,4.443891,167.316648,0.977960,False,
4461,178.400000,67,69,3.498911,162.551386,0.857299,False,
4461,178.400000,67,70,3.798829,166.279674,0.949596,False,
4461,178.400000,68,69,3.426320,4.765262,0.274171,False,
4461,178.400000,68,70,0.792237,1.036974,0.938970,True,
4461,178.400000,69,70,3.424235,3.728288,0.492491,False,
4471,178.800000,65,66,0.902231,7.213566,0.989096,True,
4471,178.800000,65,67,4.355859,6.445952,0.018573,False,
4471,178.800000,65,68,3.871219,176.271702,0.982489,False,
4471,178.800000,65,70,3.366671,175.367930,0.967041,False,
4471,178.800000,66,67,4.451637,13.659518,0.132083,False,
4471,178.800000,66,68,3.180219,176.514733,0.650716,False,
4471,178.800000,66,70,2.806442,177.418504,0.509142,False,
4471,178.800000,67,68,3.804758,169.825749,0.817918,False,
4471,178.800000,67,69,3.692869,165.193690,0.992631,False,
4471,178.800000,67,70,3.087820,168.921978,0.893033,False,
4471,178.800000,68,69,3.755838,4.632059,0.236937,False,
4471,178.800000,68,70,0.797032,0.903771,0.942159,True,
4471,178.800000,69,70,3.724086,3.728288,0.442576,False,
4481,179.200000,65,66,0.874731,3.328472,0.976140,True,4.822129
4481,179.200000,65,67,4.267621,5.841750,0.202795,False,
4481,179.200000,65,68,4.316390,173.355329,0.520695,False,
4481,179.200000,65,70,3.896940,174.090032,0.208618,False,
4481,179.200000,66,67,4.345199,2.513278,0.025548,False,
4481,179.200000,66,68,3.752369,176.683800,0.563330,False,
4481,179.200000,66,70,3.463832,177.418504,0.364645,False,
4481,179.200000,67,68,3.216216,179.197079,0.945265,False,
4481,179.200000,67,69,4.225984,176.805705,0.890415,False,
4481,179.200000,67,70,2.460023,179.931782,0.803763,False,
4481,179.200000,68,69,4.069230,3.997217,0.203107,False,
4481,179.200000,68,70,0.786707,0.734704,0.962008,True,
4481,179.200000,69,70,4.059410,3.262513,0.393722,False,
4491,179.600000,65,66,0.839670,4.442817,0.979259,True,3.023485
4491,179.600000,65,67,4.179899,6.956095,0.203485,False,
4491,179.600000,65,68,4.885669,172.240984,0.326638,False,
4491,179.600000,65,70,4.518864,173.241114,0.029031,False,
4491,179.600000,66,67,4.238862,2.513278,0.030485,False,
4491,179.600000,66,68,4.426590,176.683800,0.443617,False,
4491,179.600000,66,70,4.177501,177.683931,0.277716,False,
4491,179.600000,67,68,2.856581,179.197079,0.999608,False,
4491,179.600000,67,70,2.075447,179.802791,0.988389,False,
4491,179.600000,68,69,4.396674,3.805909,0.176614,False,
4491,179.600000,68,70,0.781213,1.000130,0.978936,True,
4491,179.600000,69,70,4.418105,2.805779,0.354929,False,
4501,180.000000,65,66,0.805180,4.442817,0.984407,True,2.623483
4501,180.000000,65,67,4.092476,6.956095,0.195005,False,
4501,180.000000,66,67,4.132634,2.513278,0.035674,False,
4501,180.000000,66,70,4.887511,179.719971,0.438594,False,
4501,180.000000,67,68,2.806293,179.955859,0.994146,False,
4501,180.000000,67,70,2.046297,177.206693,0.839360,False,
4501,180.000000,68,69,4.737162,2.958847,0.162305,False,
4501,180.000000,68,70,0.788436,2.749167,0.991708,True,
4501,180.000000,69,70,4.820610,0.209681,0.338374,False,
4511,180.400000,65,66,0.771338,4.442817,0.989183,True,2.223485
4511,180.400000,65,67,4.005374,6.956095,0.186140,False,
4511,180.400000,66,67,4.026522,2.513278,0.041137,False,
4511,180.400000,67,68,2.983562,170.618344,0.300998,False,
4511,180.400000,67,70,2.382541,177.206693,0.578759,False,
4511,180.400000,68,70,0.741776,6.588348,0.973862,True,1.230394
4521,180.800000,65,66,0.776298,0.815590,0.999975,True,
4521,180.800000,65,67,3.897296,2.493442,0.114255,False,
4521,180.800000,66,67,3.904994,1.677852,0.078345,False,
4521,180.800000,67,68,3.395575,170.262949,0.027178,False,
4521,180.800000,67,70,2.963387,176.851297,0.300702,False,
4521,180.800000,68,70,0.695360,6.588348,0.969331,True,0.830419
4531,181.200000,65,66,0.804824,4.680902,0.986915,True,
4531,181.200000,65,67,3.774772,10.601077,0.017124,False,
4531,181.200000,65,71,2.149770,155.061475,0.865730,False,
4531,181.200000,66,67,3.769911,5.920176,0.160746,False,
4531,181.200000,66,71,1.560256,150.380574,0.968369,False,
4531,181.200000,67,68,3.977738,166.992982,0.369736,False,
4531,181.200000,67,70,3.661645,172.121963,0.240325,False,
4531,181.200000,68,70,0.656693,5.128981,0.966400,True,0.586563
4541,181.600000,65,66,0.833361,4.680902,0.986331,True,
4541,181.600000,65,67,3.653736,10.601077,0.037646,False,
4541,181.600000,65,71,2.216270,155.061475,0.591385,False,
4541,181.600000,66,67,3.634918,5.920176,0.155645,False,9.672686
4541,181.600000,66,71,1.409403,150.380574,0.661259,False,
4541,181.600000,67,68,4.684801,175.484091,0.021064,False,
4541,181.600000,67,70,4.396371,169.744867,0.296009,False,
4541,181.600000,67,71,4.391927,144.460398,0.921400,False,
4541,181.600000,68,70,0.692153,5.739224,0.986634,True,
4551,182.000000,65,66,0.861908,4.680902,0.985775,True,
4551,182.000000,65,67,3.534348,10.601077,0.059547,False,
4551,182.000000,65,71,2.611470,155.061475,0.291108,False,
4551,182.000000,66,67,3.500031,5.920176,0.150147,False,9.272682
4551,182.000000,66,71,1.760985,150.380574,0.200490,False,
4551,182.000000,67,71,3.732239,144.460398,0.834974,False,
4551,182.000000,68,70,0.744211,7.913563,0.994219,True,
4561,182.400000,65,66,0.890463,4.680902,0.985244,True,
4561,182.400000,65,67,3.416778,10.601077,0.082935,False,
4561,182.400000,65,71,3.192910,156.414040,0.073108,False,
4561,182.400000,66,67,3.365264,5.920176,0.144203,False,8.872684
4561,182.400000,66,71,2.380624,151.733138,0.090316,False,
4561,182.400000,67,71,3.235934,145.812962,0.659164,False,
4561,182.400000,68,70,0.805541,9.603180,0.997965,True,
4571,182.800000,67,71,2.957423,140.383800,0.518215,False,
4571,182.800000,68,70,0.888252,15.458088,0.999032,True,
4581,183.200000,67,71,2.951369,140.383800,0.230350,False,
4581,183.200000,68,70,0.925348,7.359755,0.996320,True,
4591,183.600000,67,71,3.174520,139.612755,0.231081,False,
4591,183.600000,68,70,0.963934,7.359755,0.998880,True,
4601,184.000000,67,71,3.588321,139.612755,0.437000,False,
4601,184.000000,68,70,1.011765,9.199723,0.999975,True,
4611,184.400000,67,71,4.135940,139.612755,0.580913,False,
4611,184.400000,68,70,0.972995,5.482745,0.994633,True,
4621,184.800000,68,70,0.928490,7.181555,0.998934,True,
4631,185.200000,68,70,0.858221,13.689338,0.993684,True,1.473937
4641,185.600000,68,70,0.788661,13.555557,0.994465,True,1.087025
4651,186.000000,68,70,0.773863,4.038256,0.973529,True,
4661,186.400000,68,70,0.758104,3.464130,0.968882,True,5.392966
4671,186.800000,68,70,0.740069,2.955996,0.970195,True,3.108864
4681,187.200000,68,70,0.737058,0.655853,0.971132,True,
4691,187.600000,68,70,0.770705,11.148089,0.989501,True,
4701,188.000000,68,70,0.827953,11.205146,0.998795,True,
4711,188.400000,68,70,0.910694,11.205146,0.978162,True,
4721,188.800000,68,70,0.958274,0.748336,0.896802,True,
4731,189.200000,68,70,0.987109,5.371278,0.750415,True,
4741,189.600000,68,70,1.022977,5.371278,0.694069,False,
4751,190.000000,68,70,1.065175,5.371278,0.637731,False,
4751,190.000000,68,73,1.931845,162.914396,0.990911,False,
4751,190.000000,68,74,1.337134,154.511462,0.743312,False,
4751,190.000000,70,73,2.376647,168.285674,0.928898,False,
4751,190.000000,70,74,2.003796,159.882740,0.578629,False,
4751,190.000000,72,73,10.083836,178.707247,0.180477,False,3.173643
4751,190.000000,73,74,0.677709,8.402934,0.835059,True,
4761,190.400000,70,73,2.493055,158.755277,0.979547,False,
4761,190.400000,70,74,1.829270,150.352343,0.727912,False,
4761,190.400000,72,73,8.888085,178.707247,0.181368,False,2.773643
4761,190.400000,73,74,0.791906,8.402934,0.824994,True,
4771,190.800000,70,73,2.964800,157.698599,0.998292,False,
4771,190.800000,70,74,2.077817,148.464775,0.931174,False,
4771,190.800000,72,73,7.706455,177.876357,0.347561,False,2.410110
4771,190.800000,73,74,0.904653,9.233824,0.823823,True,
4781,191.200000,70,73,3.631421,161.421773,0.958696,False,
4781,191.200000,70,74,2.624353,148.464775,0.997622,False,
4781,191.200000,72,73,6.577613,174.051116,0.999867,False,2.157265
4781,191.200000,73,74,1.013846,12.956997,0.845816,True,
4791,191.600000,72,73,5.440196,173.818413,0.989489,False,1.736112
4791,191.600000,73,74,1.113811,12.899929,0.888548,True,
4801,192.000000,72,73,4.300788,178.530900,0.911556,False,1.303224
4801,192.000000,72,74,4.887189,173.294924,0.987591,False,
4801,192.000000,73,74,1.175759,8.174176,0.929584,True,
4811,192.400000,72,73,3.161632,166.895414,0.999817,False,
4811,192.400000,72,74,3.782158,176.855269,0.895157,False,
4811,192.400000,73,74,1.073113,9.959855,0.971443,True,1.878476
4821,192.800000,72,73,2.075866,175.368772,0.979149,False,
4821,192.800000,72,74,2.783398,174.671373,0.283791,False,
4821,192.800000,73,74,0.970878,9.959855,0.966119,True,1.478476
4831,193.200000,72,73,1.150927,175.368772,0.967692,False,
4831,193.200000,72,74,1.970464,172.070856,0.398249,False,
4831,193.200000,73,74,0.854565,12.560372,0.940488,True,0.959559
4831,193.200000,73,75,4.518300,5.131529,0.120382,False,
4831,193.200000,74,75,4.251235,7.428843,0.161152,False,
4841,193.600000,72,73,0.899940,172.611488,0.576423,False,
4841,193.600000,72,74,1.617859,172.070856,0.205839,False,
4841,193.600000,72,75,4.139580,179.499699,0.273635,False,
4841,193.600000,73,74,0.849960,0.540632,0.897339,True,
4841,193.600000,73,75,4.361482,6.888211,0.046636,False,
4841,193.600000,74,75,4.079600,7.428843,0.147299,False,
4851,194.000000,72,73,1.586784,179.603379,0.753729,False,
4851,194.000000,72,74,1.864292,172.703990,0.354426,False,
4851,194.000000,72,75,2.885781,164.875623,0.876481,False,
4851,194.000000,73,74,0.919073,7.692631,0.883079,True,
4851,194.000000,73,75,4.208620,15.520998,0.027996,False,
4851,194.000000,74,75,3.913712,7.828367,0.127166,False,
4861,194.400000,72,73,2.616692,178.742386,0.444326,False,
4861,194.400000,72,74,2.627398,171.049755,0.716127,False,
4861,194.400000,72,75,1.744639,159.356261,0.999748,False,
4861,194.400000,73,74,0.989489,7.692631,0.898930,True,
4861,194.400000,73,75,4.118882,19.386124,0.113117,False,
4861,194.400000,74,75,3.794311,11.693493,0.062039,False,
4871,194.800000,72,73,3.718299,178.742386,0.537436,False,
4871,194.800000,72,74,3.582382,172.853954,0.892702,False,
4871,194.800000,72,75,0.908036,159.356261,0.721929,False,
4871,194.800000,73,74,1.048085,5.888431,0.898227,True,
4871,194.800000,73,75,4.041226,19.386124,0.167822,False,
4871,194.800000,74,75,3.665542,13.497693,0.038004,False,
4881,195.200000,72,73,4.823180,177.107685,0.980964,False,
4881,195.200000,72,74,4.620062,172.853954,0.938074,False,
4881,195.200000,72,75,1.288037,159.502229,0.342338,False,
4881,195.200000,73,74,1.137559,10.038361,0.900161,True,
4881,195.200000,73,75,3.968447,23.390086,0.201231,False,
4881,195.200000,74,75,3.545977,13.351725,0.000336,False,
4891,195.600000,72,75,2.321445,160.670052,0.743268,False,
4891,195.600000,73,74,1.250150,12.888200,0.910924,True,
4891,195.600000,73,75,3.933578,24.847209,0.228956,False,
4891,195.600000,74,75,3.464905,11.959009,0.019718,False,
4901,196.000000,72,75,3.472184,160.614775,0.830876,False,
4901,196.000000,73,74,1.365312,12.888200,0.927221,True,
4901,196.000000,73,75,3.917609,24.847209,0.296208,False,
4901,196.000000,74,75,3.388556,11.959009,0.057448,False,
4911,196.400000,72,75,4.653811,160.614775,0.865974,False,
4911,196.400000,73,74,1.460029,11.077725,0.938124,True,
4911,196.400000,73,75,3.920791,24.847209,0.362233,False,
4911,196.400000,74,75,3.335932,13.769484,0.085730,False,
4921,196.800000,73,74,1.458689,0.785822,0.963183,True,
4921,196.800000,73,75,3.957083,17.081155,0.470091,False,
4921,196.800000,74,75,3.337611,16.295333,0.126270,False,
4931,197.200000,73,74,1.458121,0.785822,0.969116,True,
4931,197.200000,73,75,4.004463,17.177865,0.509507,False,
4931,197.200000,74,75,3.351553,16.392043,0.178486,False,
4941,197.600000,73,74,1.458325,0.785822,0.974538,True,
4941,197.600000,73,75,4.059643,17.177865,0.546494,False,
4941,197.600000,74,75,3.374586,16.392043,0.229140,False,
4951,198.000000,73,74,1.454498,0.070591,0.972797,True,
4951,198.000000,73,75,4.114169,16.806419,0.571951,False,
4951,198.000000,74,75,3.381000,16.877010,0.264956,False,
4961,198.400000,73,74,1.446696,1.621528,0.954745,True,
4961,198.400000,73,75,4.160717,17.572329,0.586591,False,
4961,198.400000,74,75,3.342563,19.193857,0.291607,False,
4971,198.800000,73,74,1.439413,1.621528,0.948901,True,
4971,198.800000,73,75,4.215453,17.572329,0.621475,False,
4971,198.800000,74,75,3.317244,19.193857,0.351407,False,
4981,199.200000,73,74,1.432659,1.621528,0.942649,True,
4981,199.200000,73,75,4.278054,17.572329,0.654260,False,
4981,199.200000,74,75,3.305331,19.193857,0.410454,False,
4991,199.600000,73,74,1.467940,3.054089,0.951923,True,
4991,199.600000,73,75,4.348172,17.572329,0.684913,False,
4991,199.600000,74,75,3.290877,14.518240,0.490431,False,
5001,200.000000,73,74,1.513748,4.225289,0.952440,True,
5001,200.000000,73,75,4.425463,17.572329,0.713435,False,
5001,200.000000,74,75,3.280887,13.347041,0.540613,False,
5011,200.400000,73,74,1.559652,4.225289,0.950033,True,
5011,200.400000,73,75,4.509551,17.572329,0.739861,False,
5011,200.400000,74,75,3.278877,13.347041,0.581482,False,
5031,201.200000,76,77,4.085489,45.763971,0.739501,False,
5041,201.600000,76,77,3.732341,42.848158,0.664154,False,3.577339
5051,202.000000,76,77,3.370461,33.328781,0.586029,False,
5051,202.000000,76,78,3.777785,44.028470,0.318301,False,3.394166
5051,202.000000,77,78,0.686560,10.699689,0.563214,False,
5061,202.400000,76,77,3.167808,31.214076,0.656845,False,
5061,202.400000,76,78,3.398997,44.028470,0.311463,False,2.994165
5061,202.400000,77,78,0.624930,12.814395,0.755241,True,
5071,202.800000,75,79,4.044444,119.974982,0.504494,False,
5071,202.800000,76,77,2.961065,35.034991,0.685970,False,
5071,202.800000,76,78,3.036059,47.328088,0.331562,False,2.767255
5071,202.800000,77,78,0.611905,12.293097,0.892551,True,
5081,203.200000,76,77,2.750612,42.618724,0.732565,False,4.121884
5081,203.200000,76,78,2.695363,53.841475,0.376215,False,2.810178
5081,203.200000,77,78,0.632089,11.222752,0.966912,True,
5091,203.600000,76,77,2.569447,43.583115,0.738737,False,4.374837
5091,203.600000,76,78,2.356695,53.841475,0.347219,False,2.410193
5091,203.600000,77,78,0.670101,10.258361,0.999983,True,
5101,204.000000,76,77,2.388325,43.583115,0.735682,False,3.974832
5101,204.000000,76,78,2.050479,47.923462,0.409217,False,1.980230
5101,204.000000,76,79,11.026022,176.646901,0.060794,False,7.022295
5101,204.000000,76,81,4.037593,10.766878,0.751176,False,
5101,204.000000,76,82,3.473223,3.818819,0.738969,False,
5101,204.000000,77,78,0.698724,4.340348,0.991069,True,
5101,204.000000,77,81,1.938955,32.816237,0.138998,False,
5101,204.000000,77,82,1.838220,47.401934,0.256672,False,
5101,204.000000,78,81,1.992856,37.156585,0.384560,False,
5101,204.000000,78,82,1.563824,51.742282,0.014855,False,
5101,204.000000,79,80,1.619119,13.133499,0.056702,False,
5101,204.000000,80,81,15.225128,179.013522,0.074303,False,6.732745
5101,204.000000,81,82,0.911105,14.585697,0.989993,True,
5111,204.400000,76,77,2.210551,44.119479,0.743316,False,3.814839
5111,204.400000,76,78,1.822316,32.096468,0.622044,False,2.160862
5111,204.400000,76,79,10.412713,177.183265,0.061873,False,6.417202
5111,204.400000,76,81,3.888367,11.303242,0.773679,False,
5111,204.400000,76,82,3.422178,3.282455,0.754742,False,
5111,204.400000,77,78,0.640001,12.023011,0.993419,True,0.374464
5111,204.400000,77,81,1.878707,32.816237,0.232443,False,
5111,204.400000,77,82,1.794317,47.401934,0.146913,False,
5111,204.400000,78,81,2.068166,20.793226,0.569383,False,
5111,204.400000,78,82,1.700892,35.378923,0.268193,False,
5111,204.400000,79,80,1.514051,13.133499,0.013304,False,
5111,204.400000,80,81,14.332748,179.013522,0.076635,False,6.332744
5111,204.400000,81,82,0.854493,14.585697,0.967272,True,
5121,204.800000,76,77,2.130522,19.115737,0.909709,True,7.687250
5121,204.800000,76,78,1.612425,32.991467,0.639963,False,1.946957
5121,204.800000,76,79,9.757094,178.078265,0.063511,False,5.608454
5121,204.800000,76,81,3.760726,12.198241,0.795407,False,
5121,204.800000,76,82,3.398622,2.387456,0.765415,False,
5121,204.800000,77,78,0.710900,13.875730,0.995287,True,
5121,204.800000,77,81,1.797101,6.917496,0.453216,False,
5121,204.800000,77,82,1.785028,21.503193,0.137066,False,
5121,204.800000,78,81,2.148331,20.793226,0.607065,False,
5121,204.800000,78,82,1.851034,35.378923,0.344738,False,
5121,204.800000,79,80,1.417487,13.133499,0.093189,False,
5121,204.800000,79,85,3.008742,1.859462,0.462917,False,
5121,204.800000,80,81,13.440468,179.013522,0.079277,False,5.932746
5121,204.800000,80,85,1.851624,11.274037,0.638629,False,
5121,204.800000,81,82,0.810655,14.585697,0.926493,True,
5131,205.200000,76,77,2.089009,7.910120,0.951247,True,
5131,205.200000,76,78,1.465377,20.437208,0.756455,False,2.435894
5131,205.200000,76,79,9.098143,177.430961,0.086577,False,5.198819
5131,205.200000,76,81,3.658133,15.062855,0.786910,False,
5131,205.200000,76,82,3.375606,2.387456,0.773517,False,
5131,205.200000,77,78,0.767740,12.527088,0.999991,True,
5131,205.200000,77,80,11.123269,179.841133,0.043885,False,5.639321
5131,205.200000,77,81,1.740072,7.152735,0.499934,False,8.082973
5131,205.200000,77,82,1.785170,10.297576,0.253415,False,
5131,205.200000,78,79,9.881321,156.993753,0.785742,False,4.880326
5131,205.200000,78,81,2.193080,5.374353,0.671050,False,
5131,205.200000,78,82,1.968261,22.824664,0.498314,False,
5131,205.200000,78,85,12.850291,159.500518,0.983006,False,7.389044
5131,205.200000,79,80,1.360599,10.320292,0.116881,False,
5131,205.200000,79,83,4.325800,37.600430,0.331762,False,
5131,205.200000,79,85,3.082201,2.506765,0.451752,False,
5131,205.200000,80,83,3.344015,47.920722,0.648215,False,
5131,205.200000,80,85,2.006937,7.813527,0.644747,False,
5131,205.200000,81,82,0.748049,17.450311,0.898487,True,1.266426
5131,205.200000,83,85,4.184211,40.107195,0.871725,False,5.452114
5141,205.600000,76,77,2.047800,7.910120,0.954969,True,
5141,205.600000,76,78,1.384087,6.578708,0.873096,True,
5141,205.600000,76,81,3.579620,19.147519,0.766606,False,
5141,205.600000,76,82,3.244182,31.100150,0.503174,False,
5141,205.600000,77,78,0.754363,1.331412,0.998879,True,
5141,205.600000,77,80,10.372527,178.903340,0.079974,False,5.411484
5141,205.600000,77,81,1.722196,11.237399,0.451258,False,
5141,205.600000,77,82,1.757371,23.190030,0.113350,False,
5141,205.600000,78,80,10.393929,179.765248,0.018528,False,4.754735
5141,205.600000,78,81,2.202448,12.568811,0.713001,True,
5141,205.600000,78,82,1.959216,24.521442,0.313925,False,
5141,205.600000,79,80,1.352521,14.756833,0.152632,False,
5141,205.600000,79,83,4.281482,32.226096,0.240218,False,
5141,205.600000,79,85,3.165538,7.881099,0.468990,False,
5141,205.600000,80,83,3.156737,46.982929,0.555914,False,
5141,205.600000,80,85,2.152317,6.875734,0.631608,False,
5141,205.600000,81,82,0.798448,11.952631,0.997670,True,
5141,205.600000,82,85,13.993676,148.837576,0.929444,False,8.801205
5141,205.600000,83,85,3.893393,40.107195,0.866513,False,5.052110
5151,206.000000,76,77,2.006914,7.910120,0.958689,True,
5151,206.000000,76,78,1.307600,6.578708,0.901740,True,
5151,206.000000,76,81,3.501264,19.147519,0.762217,False,
5151,206.000000,76,82,3.114483,31.100150,0.482319,False,
5151,206.000000,77,78,0.747921,1.331412,0.998772,True,
5151,206.000000,77,80,9.621950,178.903340,0.084257,False,5.011484
5151,206.000000,77,81,1.705502,11.237399,0.427412,False,
5151,206.000000,77,82,1.736474,23.190030,0.176161,False,
5151,206.000000,78,80,9.569370,179.765248,0.019362,False,4.354737
5151,206.000000,78,81,2.216191,12.568811,0.681196,False,
5151,206.000000,78,82,1.959259,24.521442,0.248470,False,
5151,206.000000,79,80,1.356573,14.756833,0.245370,False,
5151,206.000000,79,83,4.252805,32.226096,0.180682,False,
5151,206.000000,79,84,4.629572,17.080500,0.142452,False,
5151,206.000000,79,85,3.456883,10.567960,0.432854,False,
5151,206.000000,80,83,3.007270,46.982929,0.456730,False,
5151,206.000000,80,84,3.304235,31.837332,0.340119,False,
5151,206.000000,80,85,2.464123,4.188872,0.534497,False,
5151,206.000000,81,82,0.851375,11.952631,0.999878,True,
5151,206.000000,83,84,0.793633,15.145597,0.901592,True,0.544585
5151,206.000000,83,85,3.572705,42.794057,0.816737,False,
5151,206.000000,84,85,3.278505,27.648460,0.806704,False,
5161,206.400000,76,77,1.945589,11.361500,0.973391,True,
5161,206.400000,76,78,1.232928,11.012175,0.929303,True,4.196759
5161,206.400000,76,80,8.281533,170.697776,0.280363,False,4.181376
5161,206.400000,76,81,3.429958,23.580986,0.784508,False,
5161,206.400000,76,82,3.005875,35.533617,0.502206,False,
5161,206.400000,77,78,0.747675,0.349325,0.996925,True,
5161,206.400000,77,81,1.727724,12.219486,0.404768,False,
5161,206.400000,77,82,1.768662,24.172117,0.216263,False,
5161,206.400000,78,80,8.751405,178.290049,0.077355,False,3.989563
5161,206.400000,78,81,2.234252,12.568811,0.648527,False,
5161,206.400000,78,82,1.968405,24.521442,0.182169,False,
5161,206.400000,79,80,1.371249,12.812129,0.304958,False,
5161,206.400000,79,83,4.240084,32.226096,0.119885,False,
5161,206.400000,79,84,4.574460,17.080500,0.111759,False,
5161,206.400000,79,85,3.847972,20.575455,0.391989,False,
5161,206.400000,80,83,2.907817,45.038226,0.328016,False,
5161,206.400000,80,84,3.208016,29.892629,0.250867,False,
5161,206.400000,80,85,2.853256,7.763326,0.463939,False,
5161,206.400000,81,82,0.906380,11.952631,0.999527,True,
5161,206.400000,83,84,0.651409,15.145597,0.902190,True,0.144587
5161,206.400000,83,85,3.258896,52.801552,0.811858,False,
5161,206.400000,84,85,2.956253,37.655955,0.843179,False,
5171,206.800000,76,77,1.869835,15.595205,0.978411,True,
5171,206.800000,76,78,1.175363,9.501361,0.959563,True,4.005414
5171,206.800000,76,80,7.461792,168.458099,0.444921,False,3.348835
5171,206.800000,76,81,3.256996,37.248841,0.717756,False,
5171,206.800000,76,82,2.861988,34.384053,0.529132,False,
5171,206.800000,76,83,10.058235,174.234571,0.426671,False,5.081600
5171,206.800000,77,78,0.717010,6.093844,0.995292,True,
5171,206.800000,77,81,1.639092,21.653636,0.245583,False,
5171,206.800000,77,82,1.720712,18.788848,0.259053,False,
5171,206.800000,78,81,2.131711,27.747479,0.561184,False,
5171,206.800000,78,82,1.912854,24.882692,0.184718,False,
5171,206.800000,79,80,1.391933,10.818102,0.349119,False,
5171,206.800000,79,83,4.282993,6.489228,0.319072,False,
5171,206.800000,79,84,4.523837,17.080500,0.080237,False,
5171,206.800000,79,85,4.249368,20.575455,0.348667,False,
5171,206.800000,80,81,9.600890,154.293061,0.804125,False,4.413369
5171,206.800000,80,82,9.757076,157.157849,0.769633,False,4.441150
5171,206.800000,80,83,2.904903,17.307330,0.464201,False,
5171,206.800000,80,84,3.132612,27.898601,0.160964,False,
5171,206.800000,80,85,3.247066,9.757354,0.428420,False,
5171,206.800000,81,82,0.889540,2.864788,0.997058,True,
5171,206.800000,81,83,11.745936,136.985731,0.965919,False,6.221747
5171,206.800000,83,84,0.671880,10.591271,0.897696,True,
5171,206.800000,83,85,3.170292,27.064684,0.996364,False,
5171,206.800000,84,85,2.683779,37.655955,0.911190,False,
5181,207.200000,76,77,1.795738,15.595205,0.971544,True,
5181,207.200000,76,78,1.120106,8.914097,0.961052,True,3.764955
5181,207.200000,76,80,6.642044,168.458099,0.444312,False,2.948833
5181,207.200000,76,81,3.089916,37.248841,0.685883,False,
5181,207.200000,76,82,2.650622,30.998867,0.496470,False,
5181,207.200000,76,83,9.307565,174.234571,0.428940,False,4.681597
5181,207.200000,77,78,0.687309,6.681108,0.984713,True,
5181,207.200000,77,81,1.556872,21.653636,0.181241,False,
5181,207.200000,77,82,1.594642,15.403662,0.319408,False,
5181,207.200000,78,81,2.037329,28.334744,0.508379,False,
5181,207.200000,78,82,1.783843,22.084771,0.130498,False,
5181,207.200000,79,80,1.413310,10.584775,0.409262,False,
5181,207.200000,79,83,4.321980,6.722555,0.305871,False,
5181,207.200000,79,84,4.501316,12.230870,0.108463,False,
5181,207.200000,79,85,4.654721,20.342129,0.309187,False,
5181,207.200000,80,81,8.779740,154.293061,0.805721,False,4.013367
5181,207.200000,80,82,8.828362,160.543034,0.960430,False,3.592949
5181,207.200000,80,83,2.910164,17.307330,0.416629,False,
5181,207.200000,80,84,3.100756,22.815645,0.151576,False,
5181,207.200000,80,85,3.653934,9.757354,0.377192,False,
5181,207.200000,81,82,0.856782,6.249973,0.987045,True,
5181,207.200000,81,83,11.028910,136.985731,0.965782,False,5.821744
5181,207.200000,82,84,11.676149,137.727389,0.997750,False,5.178720
5181,207.200000,83,84,0.681291,5.508315,0.925781,True,
5181,207.200000,83,85,3.126360,27.064684,0.999368,False,
5181,207.200000,84,85,2.528450,32.572999,0.984642,False,
5191,207.600000,76,77,1.723508,15.595205,0.963042,True,
5191,207.600000,76,78,1.064848,8.914097,0.961187,True,3.364970
5191,207.600000,76,79,4.610507,178.983838,0.216225,False,
5191,207.600000,76,80,5.822296,168.458099,0.443531,False,2.548830
5191,207.600000,76,81,2.929731,37.248841,0.648834,False,
5191,207.600000,76,82,2.444403,30.998867,0.454549,False,
5191,207.600000,76,83,8.556965,174.234571,0.431604,False,4.281595
5191,207.600000,76,84,8.895681,177.003649,0.181113,False,4.328608
5191,207.600000,77,78,0.662845,6.681108,0.964902,True,
5191,207.600000,77,81,1.482147,21.653636,0.109167,False,
5191,207.600000,77,82,1.481156,15.403662,0.408415,False,
5191,207.600000,78,81,1.953460,28.334744,0.442484,False,
5191,207.600000,78,82,1.665203,22.084771,0.049219,False,
5191,207.600000,78,84,9.206694,174.082254,0.470897,False,4.529569
5191,207.600000,79,80,1.438795,10.525739,0.464183,False,
5191,207.600000,79,83,4.360785,6.781591,0.291511,False,
5191,207.600000,79,84,4.545475,1.980188,0.233138,False,
5191,207.600000,80,81,7.958672,154.293061,0.807638,False,3.613367
5191,207.600000,80,82,7.899818,160.543034,0.959043,False,3.192948
5191,207.600000,80,83,2.923560,17.307330,0.368200,False,
5191,207.600000,80,84,3.137106,8.545551,0.251797,False,
5191,207.600000,80,85,4.069949,9.757354,0.335474,False,
5191,207.600000,81,82,0.837275,6.249973,0.958543,True,
5191,207.600000,81,83,10.311898,136.985731,0.965626,False,5.421747
5191,207.600000,81,84,10.763868,145.747510,0.916821,False,5.560444
5191,207.600000,83,84,0.617291,8.761779,0.853746,True,0.108765
5191,207.600000,83,85,3.128980,27.064684,0.987544,False,
5191,207.600000,84,85,2.558629,18.302904,0.977259,False,
5201,208.000000,76,77,1.691390,8.704098,0.968507,True,
5201,208.000000,76,78,1.016551,9.557625,0.952918,True,3.986250
5201,208.000000,76,79,3.840586,179.052848,0.274115,False,
5201,208.000000,76,80,5.015486,175.631977,0.096719,False,2.281177
5201,208.000000,76,81,2.805466,30.977111,0.661030,False,
5201,208.000000,76,82,2.241262,30.929857,0.402868,False,
5201,208.000000,76,83,7.763442,171.604899,0.436591,False,3.786707
5201,208.000000,76,84,8.133555,177.072659,0.166657,False,3.956617
5201,208.000000,77,78,0.677278,0.853527,0.962050,True,
5201,208.000000,77,79,4.897776,172.243054,0.718417,False,
5201,208.000000,77,81,1.402380,22.273013,0.148569,False,
5201,208.000000,77,82,1.376359,22.225759,0.495225,False,
5201,208.000000,78,79,4.462120,171.389527,0.713040,False,
5201,208.000000,78,81,1.882960,21.419486,0.435293,False,
5201,208.000000,78,82,1.529010,21.372232,0.052146,False,
5201,208.000000,78,84,8.457286,173.369716,0.392084,False,4.302340
5201,208.000000,79,80,1.444897,3.420871,0.425387,False,
5201,208.000000,79,83,4.347239,9.342253,0.250094,False,
5201,208.000000,79,84,4.589632,1.980188,0.234315,False,
5201,208.000000,80,82,6.990253,153.438166,0.992147,False,2.815049
5201,208.000000,80,83,2.908517,12.763124,0.243579,False,
5201,208.000000,80,84,3.182188,1.440683,0.181258,False,
5201,208.000000,80,85,4.462743,16.862222,0.396966,False,
5201,208.000000,81,82,0.872891,0.047254,0.930975,True,
5201,208.000000,81,84,10.018086,151.950230,0.873814,False,5.053303
5201,208.000000,82,83,9.535877,140.675042,0.994699,False,4.194056
5201,208.000000,83,84,0.562555,11.322442,0.793971,True,
5201,208.000000,83,85,3.169873,29.625346,0.968956,False,
5201,208.000000,84,85,2.648207,18.302904,0.935258,False,
5211,208.400000,76,77,1.718461,3.220850,0.981122,True,
5211,208.400000,76,78,0.990381,11.825446,0.917579,True,
5211,208.400000,76,79,3.094757,179.160423,0.357136,False,
5211,208.400000,76,80,4.241475,167.550486,0.697779,False,
5211,208.400000,76,81,2.702703,26.399725,0.661504,False,
5211,208.400000,76,82,2.107246,42.473548,0.214960,False,
5211,208.400000,77,78,0.739678,15.046295,0.987645,True,
5211,208.400000,77,79,4.335195,175.939574,0.596688,False,
5211,208.400000,77,81,1.299725,29.620575,0.184398,False,
5211,208.400000,77,82,1.410334,45.694398,0.681773,False,
5211,208.400000,78,79,3.826861,169.014131,0.706109,False,
5211,208.400000,78,80,4.801309,155.725040,0.808919,False,
5211,208.400000,78,81,1.779189,14.574280,0.425703,False,5.054587
5211,208.400000,78,82,1.429907,30.648103,0.325556,False,
5211,208.400000,79,80,1.400518,13.289091,0.216380,False,
5211,208.400000,79,83,4.299580,10.762196,0.216210,False,
5211,208.400000,79,84,4.600959,6.517433,0.151712,False,
5211,208.400000,80,83,2.899545,2.526895,0.094296,False,
5211,208.400000,80,84,3.216897,6.771658,0.022803,False,
5211,208.400000,80,85,4.799446,36.120397,0.570299,False,
5211,208.400000,81,82,0.988105,16.073823,0.895738,True,
5211,208.400000,83,84,0.561380,4.244763,0.781079,True,
5211,208.400000,83,85,3.265050,33.593502,0.931585,False,
5211,208.400000,84,85,2.736181,29.348739,0.928034,False,
5221,208.800000,76,77,1.747627,3.220850,0.973908,True,
5221,208.800000,76,78,0.972942,11.825446,0.875332,True,
5221,208.800000,76,79,2.341970,170.841182,0.066136,False,
5221,208.800000,76,80,3.483144,167.550486,0.748126,False,
5221,208.800000,76,81,2.604231,26.399725,0.629943,False,
5221,208.800000,76,82,2.018392,46.000777,0.064342,False,
5221,208.800000,77,78,0.802758,15.046295,0.991613,True,
5221,208.800000,77,79,3.773427,167.620332,0.450611,False,
5221,208.800000,77,80,4.601925,170.771336,0.833110,False,
5221,208.800000,77,81,1.210266,29.620575,0.077081,False,
5221,208.800000,77,82,1.521547,49.221627,0.817457,False,
5221,208.800000,78,79,3.176388,177.333372,0.553731,False,
5221,208.800000,78,80,4.161733,155.725040,0.850719,False,
5221,208.800000,78,81,1.675914,14.574280,0.409746,False,4.654616
5221,208.800000,78,82,1.383473,34.175331,0.493323,False,
5221,208.800000,79,80,1.353798,21.608332,0.161807,False,
5221,208.800000,79,81,4.849313,162.759093,0.874051,False,
5221,208.800000,79,82,4.360158,143.158041,0.936030,False,1.881661
5221,208.800000,79,83,4.239473,19.081438,0.251681,False,
5221,208.800000,79,84,4.560599,25.824532,0.075832,False,
5221,208.800000,80,83,2.890763,2.526895,0.102179,False,
5221,208.800000,80,84,3.208902,4.216199,0.128344,False,
5221,208.800000,81,82,1.114405,19.601051,0.887715,True,
5221,208.800000,82,84,8.449904,117.333509,0.946460,False,4.180040
5221,208.800000,83,84,0.611057,6.743094,0.865407,True,
5221,208.800000,83,85,3.409378,41.287224,0.865011,False,
5221,208.800000,84,85,2.804052,48.030318,0.925030,False,
5231,209.200000,76,77,1.778784,3.220850,0.965850,True,
5231,209.200000,76,78,0.969645,10.392763,0.831808,True,
5231,209.200000,76,79,1.639839,170.841182,0.264529,False,
5231,209.200000,76,80,2.753506,167.550486,0.817886,False,
5231,209.200000,76,81,2.490784,32.581232,0.536938,False,
5231,209.200000,76,82,1.964110,46.000777,0.070677,False,
5231,209.200000,77,78,0.860324,13.613613,0.995519,True,
5231,209.200000,77,79,3.282921,167.620332,0.584992,False,
5231,209.200000,77,80,4.093055,170.771336,0.895997,False,
5231,209.200000,77,81,1.141399,35.802082,0.142723,False,
5231,209.200000,77,82,1.673178,49.221627,0.893776,False,
5231,209.200000,78,79,2.573778,178.766055,0.649199,False,
5231,209.200000,78,80,3.556478,157.157723,0.892945,False,
5231,209.200000,78,81,1.553718,22.188469,0.318898,False,
5231,209.200000,78,82,1.371857,35.608014,0.620110,False,
5231,209.200000,79,80,1.331016,21.608332,0.026598,False,
5231,209.200000,79,81,4.121098,156.577586,0.955407,False,
5231,209.200000,79,82,3.547448,143.158041,0.941640,False,1.481659
5231,209.200000,79,83,4.185003,19.081438,0.215729,False,
5231,209.200000,79,84,4.530803,25.824532,0.027406,False,
5231,209.200000,80,82,4.717542,121.549709,0.985503,False,
5231,209.200000,80,83,2.882153,2.526895,0.110104,False,
5231,209.200000,80,84,3.201347,4.216199,0.140108,False,
5231,209.200000,81,82,1.204702,13.419545,0.867500,True,
5231,209.200000,82,84,7.698219,117.333509,0.946778,False,3.780036
5231,209.200000,83,84,0.662327,6.743094,0.887979,True,
5231,209.200000,83,85,3.607985,41.287224,0.798964,False,
5231,209.200000,84,85,2.946385,48.030318,0.854710,False,
5241,209.600000,76,77,1.811822,3.220850,0.957072,True,
5241,209.600000,76,78,1.016845,2.477905,0.852644,True,
5241,209.600000,76,79,1.090964,170.841182,0.653260,False,
5241,209.600000,76,80,2.179028,166.032857,0.992339,False,
5241,209.600000,76,81,2.368670,38.402475,0.420059,False,
5241,209.600000,76,82,1.947311,46.000777,0.209266,False,
5241,209.600000,76,83,4.533857,168.083060,0.604618,False,
5241,209.600000,77,78,0.863778,0.742945,0.999668,True,
5241,209.600000,77,79,2.900044,167.620332,0.738133,False,
5241,209.600000,77,80,3.732772,169.253706,0.996202,False,
5241,209.600000,77,81,1.114661,41.623325,0.398503,False,
5241,209.600000,77,82,1.855362,49.221627,0.941649,False,
5241,209.600000,78,79,2.101094,168.363277,0.663269,False,
5241,209.600000,78,80,3.117560,168.510762,0.960047,False,
5241,209.600000,78,81,1.394448,40.880381,0.243180,False,
5241,209.600000,78,82,1.418483,48.478682,0.701354,False,
5241,209.600000,79,80,1.454442,23.125961,0.076814,False,
5241,209.600000,79,81,3.405738,150.756343,0.995460,False,
5241,209.600000,79,82,2.736249,143.158041,0.950063,False,1.081662
5241,209.600000,79,83,4.165081,21.075759,0.162481,False,
5241,209.600000,79,84,4.519272,25.355217,0.014148,False,
5241,209.600000,80,81,4.510563,127.630381,0.930254,False,
5241,209.600000,80,82,4.079024,120.032080,0.994281,False,2.258773
5241,209.600000,80,83,2.778167,2.050203,0.089989,False,
5241,209.600000,80,84,3.078349,2.229256,0.162934,False,
5241,209.600000,81,82,1.258892,7.598301,0.844578,True,
5241,209.600000,82,84,6.952511,117.802824,0.949038,False,3.407519
5241,209.600000,83,84,0.686033,4.279459,0.916282,True,
5241,209.600000,83,85,3.821416,43.281544,0.752048,False,
5241,209.600000,84,85,3.151470,47.561003,0.771043,False,
5251,210.000000,76,77,1.800202,4.778843,0.966246,True,
5251,210.000000,76,78,1.013750,4.397497,0.867749,True,
5251,210.000000,76,79,1.009384,163.965780,0.985988,False,
5251,210.000000,76,80,1.777892,171.896361,0.984217,False,
5251,210.000000,76,81,2.204995,45.277877,0.370348,False,
5251,210.000000,76,82,1.936788,38.785466,0.107614,False,
5251,210.000000,76,83,3.838368,172.711467,0.519712,False,
5251,210.000000,76,84,4.315242,171.840478,0.622832,False,
5251,210.000000,77,78,0.862075,0.381346,0.999970,True,
5251,210.000000,77,79,2.667566,168.744623,0.900903,False,
5251,210.000000,77,80,3.474630,167.117518,0.968355,False,
5251,210.000000,77,81,1.117191,40.499034,0.590775,False,
5251,210.000000,77,82,1.965877,34.006623,0.903756,False,
5251,210.000000,77,83,4.885252,167.932624,0.793828,False,
5251,210.000000,78,79,1.808927,168.363277,0.877362,False,
5251,210.000000,78,80,2.776034,167.498864,0.991377,False,
5251,210.000000,78,81,1.255817,40.880381,0.110380,False,
5251,210.000000,78,82,1.472577,34.387969,0.646143,False,
5251,210.000000,78,83,4.559546,168.313970,0.685281,False,
5251,210.000000,79,80,1.646010,24.137859,0.157901,False,
5251,210.000000,79,81,2.741024,150.756343,0.998547,False,
5251,210.000000,79,82,1.996857,157.248754,0.828115,False,
5251,210.000000,79,83,4.181996,23.322753,0.103883,False,
5251,210.000000,79,84,4.534868,24.193742,0.043993,False,
5251,210.000000,80,81,3.981817,126.618484,0.824706,False,
5251,210.000000,80,82,3.535897,133.110895,0.979970,False,
5251,210.000000,80,83,2.648384,0.815106,0.065571,False,6.446951
5251,210.000000,80,84,2.920854,0.055883,0.167618,False,6.364831
5251,210.000000,81,82,1.206080,6.492411,0.912698,True,6.034858
5251,210.000000,82,83,5.774767,133.926001,0.882203,False,3.033068
5251,210.000000,83,84,0.681624,0.870989,0.936042,True,
5251,210.000000,83,85,4.038675,45.528539,0.713273,False,
5251,210.000000,84,85,3.400762,46.399528,0.680094,False,
5261,210.400000,76,77,1.769851,9.705112,0.965852,True,
5261,210.400000,76,78,0.988834,8.032437,0.869291,True,
5261,210.400000,76,79,1.373329,157.121922,0.975507,False,
5261,210.400000,76,80,1.529896,175.531302,0.996042,False,
5261,210.400000,76,81,2.024964,53.899970,0.221565,False,
5261,210.400000,76,82,1.925208,42.420406,0.194345,False,
5261,210.400000,76,83,3.176657,176.346407,0.482863,False,
5261,210.400000,76,84,3.668381,175.475419,0.614898,False,
5261,210.400000,77,78,0.855629,1.672675,0.999538,True,
5261,210.400000,77,79,2.586506,166.827034,0.966063,False,
5261,210.400000,77,80,3.291642,165.826189,0.946655,False,
5261,210.400000,77,81,1.170042,44.194857,0.801216,False,
5261,210.400000,77,82,2.069181,32.715294,0.936013,False,
5261,210.400000,77,83,4.355310,166.641295,0.838079,False,
5261,210.400000,77,84,4.968592,165.770306,0.871692,False,
5261,210.400000,78,79,1.759946,165.154359,0.974517,False,
5261,210.400000,78,80,2.514089,167.498864,0.949539,False,
5261,210.400000,78,81,1.146012,45.867533,0.141469,False,
5261,210.400000,78,82,1.543120,34.387969,0.719840,False,
5261,210.400000,78,83,3.947264,168.313970,0.738041,False,
5261,210.400000,78,84,4.504011,167.442981,0.797204,False,
5261,210.400000,79,80,1.829967,27.346777,0.213193,False,
5261,210.400000,79,81,2.132510,148.978109,0.947470,False,
5261,210.400000,79,82,1.293166,160.457672,0.882673,False,0.527024
5261,210.400000,79,83,4.181762,26.531671,0.078053,False,
5261,210.400000,79,84,4.536376,27.402660,0.069890,False,
5261,210.400000,80,81,3.458204,121.631332,0.794161,False,
5261,210.400000,80,82,3.000143,133.110895,0.967996,False,
5261,210.400000,80,83,2.518671,0.815106,0.071042,False,6.046942
5261,210.400000,80,84,2.763606,0.055883,0.177290,False,5.964823
5261,210.400000,81,82,1.121144,11.479563,0.901476,True,2.579036
5261,210.400000,82,83,5.088099,133.926001,0.884570,False,2.633070
5261,210.400000,83,84,0.678524,0.870989,0.950649,True,
5261,210.400000,83,85,4.284341,45.528539,0.655667,False,
5261,210.400000,84,85,3.685978,46.399528,0.607639,False,
5271,210.800000,76,77,1.740673,9.705112,0.958726,True,
5271,210.800000,76,78,0.964752,8.032437,0.854277,True,
5271,210.800000,76,79,1.942375,157.121922,0.883924,False,
5271,210.800000,76,80,1.477376,175.531302,0.890411,False,
5271,210.800000,76,81,1.869383,58.517720,0.017632,False,
5271,210.800000,76,82,1.923351,40.512606,0.282179,False,
5271,210.800000,76,83,2.538898,176.346407,0.573338,False,
5271,210.800000,76,84,3.064860,175.113278,0.718088,False,
5271,210.800000,77,78,0.849837,1.672675,0.998297,True,
5271,210.800000,77,79,2.684796,166.827034,0.999997,False,
5271,210.800000,77,80,3.189140,165.826189,0.882066,False,
5271,210.800000,77,81,1.298762,48.812608,0.929191,False,
5271,210.800000,77,82,2.169221,30.807494,0.950424,False,
5271,210.800000,77,83,3.867666,166.641295,0.893167,False,
5271,210.800000,77,84,4.500295,165.408165,0.924262,False,
5271,210.800000,78,79,1.982029,165.154359,0.990720,False,
5271,210.800000,78,80,2.358396,167.498864,0.857513,False,
5271,210.800000,78,81,1.095623,50.485283,0.438059,False,
5271,210.800000,78,82,1.615775,32.480169,0.771928,False,
5271,210.800000,78,83,3.365335,168.313970,0.802869,False,
5271,210.800000,78,84,3.946299,167.080840,0.864112,False,
5271,210.800000,79,80,2.024891,27.346777,0.280743,False,
5271,210.800000,79,81,1.655959,144.360358,0.739209,False,
5271,210.800000,79,82,0.705666,162.365473,0.999804,False,0.145872
5271,210.800000,79,83,4.192154,26.531671,0.027811,False,
5271,210.800000,79,84,4.551572,27.764801,0.122059,False,
5271,210.800000,80,81,2.941554,117.013582,0.748818,False,
5271,210.800000,80,82,2.469195,135.018696,0.929872,False,
5271,210.800000,80,83,2.389051,0.815106,0.077102,False,5.646958
5271,210.800000,80,84,2.608929,0.418024,0.192814,False,5.838097
5271,210.800000,81,82,0.996623,18.005114,0.893730,True,1.280542
5271,210.800000,81,83,4.392930,117.828687,0.995191,False,2.273407
5271,210.800000,81,84,4.934126,116.595558,0.999122,False,
5271,210.800000,82,83,4.390706,135.833801,0.898184,False,2.199650
5271,210.800000,82,84,4.831393,134.600672,0.930225,False,
5271,210.800000,83,84,0.680100,1.233130,0.964008,True,
5271,210.800000,83,85,4.553823,45.528539,0.601149,False,
5271,210.800000,84,85,3.996255,46.761669,0.546126,False,
5281,211.200000,76,77,1.712737,9.705112,0.950669,True,
5281,211.200000,76,78,0.950125,5.560070,0.852507,True,
5281,211.200000,76,79,2.584419,157.121922,0.810290,False,
5281,211.200000,76,80,1.592447,174.373759,0.999995,False,
5281,211.200000,76,81,1.760322,58.517720,0.150200,False,
5281,211.200000,76,82,1.893257,33.777626,0.328831,False,
5281,211.200000,76,83,1.933130,176.346401,0.705566,False,
5281,211.200000,76,84,2.544490,173.638469,0.863667,False,
5281,211.200000,77,78,0.834098,4.145042,0.997900,True,
5281,211.200000,77,79,2.944525,166.827034,0.974976,False,
5281,211.200000,77,80,3.119227,175.921129,0.990678,False,
5281,211.200000,77,81,1.470542,48.812608,0.976443,False,
5281,211.200000,77,82,2.235766,24.072514,0.953211,False,
5281,211.200000,77,83,3.429788,166.641289,0.943187,False,
5281,211.200000,77,84,4.109972,163.933357,0.978032,False,
5281,211.200000,78,79,2.407405,162.681992,0.936501,False,
5281,211.200000,78,80,2.285375,179.933829,0.999978,False,
5281,211.200000,78,81,1.120998,52.957650,0.648661,False,
5281,211.200000,78,82,1.660056,28.217556,0.788550,False,
5281,211.200000,78,83,2.825285,170.786331,0.851517,False,
5281,211.200000,78,84,3.468982,168.078399,0.932707,False,
5281,211.200000,79,80,2.188153,17.251838,0.252247,False,
5281,211.200000,79,81,1.489284,144.360358,0.322253,False,
5281,211.200000,79,82,0.748346,169.100453,0.413664,False,
5281,211.200000,79,83,4.193337,26.531677,0.028641,False,
5281,211.200000,79,84,4.589013,29.239610,0.183463,False,
5281,211.200000,80,81,2.399844,127.108521,0.733484,False,
5281,211.200000,80,82,1.887433,151.848615,0.840557,False,
5281,211.200000,80,83,2.243248,9.279839,0.131293,False,
5281,211.200000,80,84,2.483989,11.987772,0.175215,False,
5281,211.200000,81,82,0.843494,24.740094,0.907863,False,0.643578
5281,211.200000,81,83,3.678424,117.828681,0.993927,False,1.860979
5281,211.200000,81,84,4.246288,115.120749,0.999658,False,
5281,211.200000,82,83,3.631562,142.568775,0.926975,False,1.664438
5281,211.200000,82,84,4.098534,139.860843,0.980528,False,
5281,211.200000,82,85,8.181911,172.821088,0.628026,False,4.985394
5281,211.200000,83,84,0.701381,2.707933,0.969431,True,
5281,211.200000,83,85,4.631767,30.252312,0.454566,False,
5281,211.200000,84,85,4.085555,32.960245,0.390023,False,
5291,211.600000,76,77,1.687343,8.073105,0.939829,True,
5291,211.600000,76,78,0.966371,5.806524,0.898145,True,
5291,211.600000,76,79,3.232225,157.183060,0.732467,False,
5291,211.600000,76,80,1.873377,176.005767,0.902202,False,
5291,211.600000,76,81,1.674241,19.647435,0.193703,False,
5291,211.600000,76,82,1.860289,32.145618,0.440667,False,
5291,211.600000,76,83,1.447140,174.714400,0.895033,False,
5291,211.600000,76,84,2.151583,172.006461,0.963471,False,
5291,211.600000,77,78,0.776692,13.879629,0.999954,True,1.295806
5291,211.600000,77,79,3.318991,165.256165,0.934877,False,
5291,211.600000,77,80,3.146169,175.921129,0.951431,False,
5291,211.600000,77,81,1.466007,11.574331,0.840171,True,
5291,211.600000,77,82,2.311724,24.072514,0.970303,False,
5291,211.600000,77,83,3.082091,166.641295,0.987456,False,
5291,211.600000,77,84,3.803900,163.933357,0.998497,False,
5291,211.600000,78,79,2.955725,151.376536,0.938777,False,
5291,211.600000,78,80,2.397032,170.199243,0.970225,False,
5291,211.600000,78,81,1.101040,25.453959,0.329792,False,
5291,211.600000,78,82,1.748755,37.952142,0.810461,False,
5291,211.600000,78,83,2.407789,179.479076,0.872883,False,
5291,211.600000,78,84,3.117258,177.812985,0.937677,False,
5291,211.600000,79,80,2.358790,18.822706,0.272762,False,
5291,211.600000,79,81,1.882012,176.830496,0.827276,False,
5291,211.600000,79,82,1.378872,170.671321,0.014398,False,
5291,211.600000,79,83,4.201247,28.102540,0.070025,False,
5291,211.600000,79,84,4.640520,30.810478,0.221016,False,
5291,211.600000,80,81,2.100429,164.346798,0.596856,False,
5291,211.600000,80,82,1.365450,151.848615,0.688818,False,
5291,211.600000,80,83,2.093211,9.279834,0.110249,False,
5291,211.600000,80,84,2.363409,11.987772,0.218313,False,
5291,211.600000,81,82,0.916538,12.498183,0.991671,True,
5291,211.600000,81,83,3.010873,155.066964,0.966372,False,
5291,211.600000,81,84,3.640516,152.359026,0.997937,False,
5291,211.600000,82,83,2.869966,142.568781,0.933786,False,1.256678
5291,211.600000,82,84,3.376632,139.860843,0.990787,False,
5291,211.600000,82,85,7.463077,171.900070,0.713275,False,3.848101
5291,211.600000,83,84,0.724055,2.707938,0.969727,True,
5291,211.600000,83,85,4.629041,29.331289,0.381099,False,
5291,211.600000,84,85,4.091851,32.039227,0.299575,False,
5291,211.600000,85,86,2.027502,3.315156,0.324463,False,3.579732
5301,212.000000,76,77,1.723141,11.278366,0.979247,True,
5301,212.000000,76,78,0.979067,8.861099,0.913293,True,
5301,212.000000,76,79,3.846236,147.163206,0.800893,False,
5301,212.000000,76,80,2.233373,179.060342,0.701617,False,
5301,212.000000,76,81,1.565709,11.926890,0.190100,False,3.878804
5301,212.000000,76,82,1.796652,25.776123,0.523871,False,
5301,212.000000,76,83,1.202317,171.659825,0.999128,False,
5301,212.000000,76,84,1.940020,168.951886,0.998724,False,
5301,212.000000,77,78,0.785683,2.417267,0.994076,True,
5301,212.000000,77,79,3.758111,135.884840,0.998782,False,
5301,212.000000,77,80,3.334743,167.781976,0.986640,False,
5301,212.000000,77,81,1.504196,23.205256,0.787417,False,
5301,212.000000,77,82,2.440875,37.054489,0.945291,False,
5301,212.000000,77,83,2.922378,177.061810,0.984062,False,
5301,212.000000,77,84,3.663023,179.769748,0.993751,False,
5301,212.000000,78,79,3.510447,138.302107,0.972271,False,
5301,212.000000,78,80,2.634246,170.199243,0.999421,False,
5301,212.000000,78,81,1.081165,20.787989,0.385436,False,
5301,212.000000,78,82,1.836712,34.637222,0.847272,False,
5301,212.000000,78,83,2.159073,179.479076,0.977972,False,
5301,212.000000,78,84,2.904486,177.812985,0.992073,False,
5301,212.000000,79,80,2.580684,31.897136,0.203531,False,
5301,212.000000,79,81,2.432902,159.090096,0.958908,False,
5301,212.000000,79,82,2.143641,172.939329,0.600346,False,
5301,212.000000,79,83,4.235466,41.176970,0.023023,False,
5301,212.000000,79,84,4.733270,43.884908,0.167232,False,
5301,212.000000,80,81,1.987975,169.012768,0.358920,False,
5301,212.000000,80,82,1.016259,155.163535,0.222782,False,
5301,212.000000,80,83,1.944208,9.279834,0.086399,False,
5301,212.000000,80,84,2.247882,11.987772,0.265447,False,
5301,212.000000,81,82,0.996857,13.849233,0.996009,True,
5301,212.000000,81,83,2.409700,159.732935,0.990243,False,
5301,212.000000,81,84,3.111953,157.024996,0.998666,False,
5301,212.000000,82,83,2.106591,145.883701,0.954984,False,0.872009
5301,212.000000,82,84,2.672001,143.175763,0.999634,False,
5301,212.000000,82,85,6.738955,175.214990,0.570024,False,3.392625
5301,212.000000,82,86,8.478496,171.899833,0.220493,False,3.632637
5301,212.000000,83,84,0.746735,2.707938,0.970031,True,
5301,212.000000,83,85,4.638048,29.331289,0.334143,False,
5301,212.000000,84,85,4.113170,32.039227,0.241471,False,
5301,212.000000,85,86,1.861441,3.315156,0.339356,False,3.179730
5311,212.400000,76,77,1.820193,24.487809,0.999674,False,
5311,212.400000,76,78,0.994800,8.861099,0.934222,True,
5311,212.400000,76,79,4.483711,147.163206,0.759521,False,
5311,212.400000,76,80,2.675831,175.442630,0.687740,False,
5311,212.400000,76,81,1.457806,11.926890,0.168805,False,3.478775
5311,212.400000,76,82,1.680723,13.492402,0.474363,False,
5311,212.400000,76,83,1.294286,173.570947,0.864514,False,
5311,212.400000,76,84,1.855502,179.230635,0.999093,False,
5311,212.400000,76,85,4.902432,159.008887,0.096310,False,
5311,212.400000,77,78,0.860285,15.626710,0.972059,True,
5311,212.400000,77,79,4.305397,122.675397,0.998735,False,
5311,212.400000,77,80,3.667258,150.954820,0.934280,False,
5311,212.400000,77,81,1.614441,36.414699,0.770870,False,
5311,212.400000,77,82,2.568168,37.980211,0.883163,False,
5311,212.400000,77,83,2.982091,161.941244,0.954605,False,
5311,212.400000,77,84,3.624113,154.742826,0.831217,False,
5311,212.400000,78,79,4.115988,138.302107,0.943548,False,
5311,212.400000,78,80,2.973152,166.581530,0.989425,False,
5311,212.400000,78,81,1.073284,20.787989,0.481350,False,
5311,212.400000,78,82,1.860624,22.353501,0.831355,False,
5311,212.400000,78,83,2.122602,177.567954,0.998560,False,
5311,212.400000,78,84,2.764717,170.369536,0.952476,False,
5311,212.400000,79,80,2.766256,28.279424,0.257453,False,
5311,212.400000,79,81,3.097240,159.090096,0.898864,False,
5311,212.400000,79,82,2.987218,160.655608,0.822560,False,
5311,212.400000,79,83,4.296022,39.265847,0.080972,False,
5311,212.400000,79,84,4.797606,32.067429,0.127455,False,
5311,212.400000,80,81,2.067426,172.630481,0.646107,False,
5311,212.400000,80,82,1.112961,171.064969,0.359782,False,
5311,212.400000,80,83,1.841298,10.986424,0.102687,False,
5311,212.400000,80,84,2.150788,3.788005,0.137638,False,
5311,212.400000,81,82,1.006394,1.565512,0.999350,True,
5311,212.400000,81,83,1.919079,161.644057,0.996639,False,
5311,212.400000,81,84,2.605325,168.842475,0.981806,False,
5311,212.400000,82,83,1.342450,160.078545,0.989373,False,
5311,212.400000,82,84,1.944141,167.276964,0.967362,False,
5311,212.400000,82,86,7.562310,175.816445,0.139773,False,3.059981
5311,212.400000,83,84,0.688914,7.198419,0.926546,True,0.619868
5311,212.400000,83,85,4.661057,27.420166,0.270813,False,
5311,212.400000,84,85,4.187998,20.221748,0.092946,False,
5311,212.400000,85,86,1.695935,3.315156,0.357049,False,2.779731
5321,212.800000,76,77,1.919962,24.487809,0.999940,False,
5321,212.800000,76,78,1.013418,8.861099,0.951780,True,
5321,212.800000,76,80,3.226997,169.622864,0.687895,False,
5321,212.800000,76,81,1.348095,13.850909,0.116156,False,3.277671
5321,212.800000,76,82,1.575003,13.492402,0.545773,False,
5321,212.800000,76,83,1.642114,178.209247,0.716612,False,
5321,212.800000,76,84,2.013205,179.230635,0.925767,False,
5321,212.800000,76,85,4.244358,170.562437,0.461474,False,
5321,212.800000,77,78,0.934925,15.626710,0.970770,True,
5321,212.800000,77,79,4.891044,122.675397,0.991188,False,
5321,212.800000,77,80,4.083077,145.135055,0.996536,False,
5321,212.800000,77,81,1.746637,38.338718,0.832973,False,
5321,212.800000,77,82,2.708402,37.980211,0.912714,False,
5321,212.800000,77,83,3.172912,157.302944,0.968864,False,
5321,212.800000,77,84,3.731079,154.742826,0.923998,False,
5321,212.800000,78,79,4.752975,138.302107,0.916092,False,
5321,212.800000,78,80,3.425590,160.761765,0.950426,False,
5321,212.800000,78,81,1.083530,22.712008,0.594357,False,
5321,212.800000,78,82,1.898570,22.353501,0.875661,False,
5321,212.800000,78,83,2.280592,172.929654,0.982777,False,
5321,212.800000,78,84,2.810494,170.369536,0.998766,False,
5321,212.800000,79,80,2.849678,22.459659,0.300448,False,
5321,212.800000,79,81,3.816274,161.014114,0.833564,False,
5321,212.800000,79,82,3.840300,160.655608,0.797884,False,
5321,212.800000,79,83,4.374500,34.627547,0.103320,False,
5321,212.800000,79,84,4.876535,32.067429,0.181082,False,
5321,212.800000,79,89,4.289049,177.086113,0.812389,False,
5321,212.800000,80,81,2.364634,176.526227,0.776649,False,
5321,212.800000,80,82,1.652323,176.884734,0.444478,False,
5321,212.800000,80,83,1.847013,12.167888,0.151935,False,
5321,212.800000,80,84,2.162857,9.607770,0.119305,False,
5321,212.800000,81,82,1.008824,0.358507,0.994191,True,
5321,212.800000,81,83,1.604931,164.358338,0.928444,False,
5321,212.800000,81,84,2.248736,166.918457,0.988769,False,
5321,212.800000,81,88,8.315153,174.847643,0.089803,False,3.476302
5321,212.800000,82,83,0.688894,164.716845,0.969133,False,0.088472
5321,212.800000,82,84,1.348188,167.276964,0.994181,False,
5321,212.800000,82,87,8.259256,176.819739,0.127260,False,3.486753
5321,212.800000,83,84,0.661969,2.560118,0.916318,True,0.928360
5321,212.800000,83,85,4.516980,11.228316,0.282333,False,
5321,212.800000,84,85,4.076141,8.668198,0.152348,False,
5321,212.800000,85,86,1.783852,2.398852,0.216925,False,
5321,212.800000,85,87,3.326528,7.235099,0.158098,False,
5321,212.800000,85,88,3.416742,9.565702,0.364348,False,
5321,212.800000,86,87,1.561956,4.836247,0.069314,False,
5321,212.800000,86,88,1.647594,7.166850,0.475010,False,
5321,212.800000,87,88,0.644146,2.330603,0.979724,True,
5321,212.800000,88,89,15.183769,169.080358,0.993948,False,5.097409
5331,213.200000,76,77,2.022028,24.487809,0.999038,False,
5331,213.200000,76,78,1.034768,8.861099,0.966148,True,
5331,213.200000,76,80,3.821294,169.622864,0.614844,False,
5331,213.200000,76,81,1.224058,29.529365,0.175268,False,
5331,213.200000,76,82,1.481648,13.492402,0.622222,False,
5331,213.200000,76,83,2.143769,178.209247,0.537759,False,
5331,213.200000,76,84,2.365162,179.230635,0.792209,False,
5331,213.200000,76,85,3.635070,170.562437,0.567873,False,
5331,213.200000,77,78,1.009582,15.626710,0.969645,True,
5331,213.200000,77,80,4.575165,145.135055,0.999257,False,
5331,213.200000,77,81,1.976930,54.017174,0.949072,False,
5331,213.200000,77,82,2.859676,37.980211,0.935728,False,
5331,213.200000,77,83,3.502165,157.302944,0.998236,False,
5331,213.200000,77,84,3.972145,154.742826,0.977455,False,
5331,213.200000,78,80,3.958379,160.761765,0.901262,False,
5331,213.200000,78,81,1.171435,38.390464,0.830590,False,
5331,213.200000,78,82,1.949722,22.353501,0.912012,False,
5331,213.200000,78,83,2.625126,172.929654,0.905608,False,
5331,213.200000,78,84,3.033429,170.369536,0.982626,False,
5331,213.200000,78,85,4.616619,161.701338,0.518093,False,
5331,213.200000,79,80,2.943681,22.459659,0.356187,False,
5331,213.200000,79,81,4.574289,176.692571,0.544117,False,
5331,213.200000,79,82,4.697716,160.655608,0.781456,False,
5331,213.200000,79,83,4.470722,34.627547,0.165107,False,
5331,213.200000,79,84,4.969354,32.067429,0.232350,False,
5331,213.200000,79,89,3.406252,177.086113,0.897030,False,
5331,213.200000,80,81,2.802339,160.847771,0.099142,False,
5331,213.200000,80,82,2.376752,176.884734,0.238540,False,
5331,213.200000,80,83,1.858288,12.167888,0.097836,False,
5331,213.200000,80,84,2.177791,9.607770,0.155119,False,
5331,213.200000,81,82,0.919238,16.036963,0.958143,True,1.604162
5331,213.200000,81,83,1.527336,148.679882,0.341568,False,
5331,213.200000,81,84,2.036129,151.240001,0.631697,False,
5331,213.200000,81,85,4.629913,159.908199,0.819833,False,
5331,213.200000,81,87,7.629122,167.143298,0.501375,False,3.315097
5331,213.200000,81,88,7.387198,169.473901,0.244183,False,3.021238
5331,213.200000,82,83,0.687647,164.716845,0.055865,False,
5331,213.200000,82,84,1.119493,167.276964,0.714607,False,
5331,213.200000,82,85,4.175248,175.945162,0.447081,False,
5331,213.200000,82,87,7.375670,176.819739,0.123808,False,3.086754
5331,213.200000,83,84,0.635160,2.560118,0.922335,True,0.528364
5331,213.200000,83,85,4.373725,11.228316,0.268872,False,
5331,213.200000,84,85,3.965239,8.668198,0.136801,False,
5331,213.200000,85,86,1.890389,0.558412,0.180236,False,
5331,213.200000,85,87,3.394354,7.235099,0.175186,False,
5331,213.200000,85,88,3.439627,9.565702,0.390137,False,
5331,213.200000,86,87,1.514180,7.793511,0.091432,False,
5331,213.200000,86,88,1.584607,10.124114,0.532313,False,
5331,213.200000,87,88,0.683686,2.330603,0.955852,True,
5331,213.200000,88,89,14.026097,169.080358,0.994202,False,4.697409
5341,213.600000,76,77,2.103819,18.054376,0.998562,True,
5341,213.600000,76,78,1.027071,1.009830,0.965703,True,
5341,213.600000,76,80,4.500941,164.129789,0.661256,False,
5341,213.600000,76,81,1.158695,34.184355,0.273075,False,
5341,213.600000,76,82,1.459791,21.838651,0.707732,False,
5341,213.600000,76,83,2.759253,177.135763,0.492222,False,
5341,213.600000,76,84,2.897466,171.697837,0.768734,False,
5341,213.600000,76,85,3.100890,165.907447,0.645588,False,
5341,213.600000,76,86,4.441656,166.465858,0.233338,False,
5341,213.600000,77,78,1.097153,19.064206,0.984699,True,
5341,213.600000,77,81,2.210605,52.238731,0.973649,False,
5341,213.600000,77,82,3.034200,39.893028,0.970051,False,
5341,213.600000,77,83,3.925776,159.081386,0.990439,False,
5341,213.600000,77,84,4.308425,153.643461,0.999607,False,
5341,213.600000,78,80,4.554777,165.139619,0.818679,False,
5341,213.600000,78,81,1.279381,33.174525,0.909019,False,
5341,213.600000,78,82,2.019740,20.828821,0.962381,False,
5341,213.600000,78,83,3.085878,178.145593,0.740349,False,
5341,213.600000,78,84,3.387307,172.707667,0.917744,False,
5341,213.600000,78,85,4.113937,166.917277,0.678651,False,
5341,213.600000,79,80,2.967396,25.507962,0.403424,False,
5341,213.600000,79,83,4.515060,38.513936,0.217459,False,
5341,213.600000,79,84,4.960416,33.076011,0.261768,False,
5341,213.600000,79,89,2.691400,173.199725,0.975024,False,
5341,213.600000,80,81,3.395829,161.685857,0.001438,False,
5341,213.600000,80,82,3.179531,174.031560,0.005901,False,
5341,213.600000,80,83,1.895587,13.005974,0.048791,False,
5341,213.600000,80,84,2.171521,7.568049,0.155614,False,
5341,213.600000,81,82,0.857784,12.345704,0.926418,True,
5341,213.600000,81,83,1.809508,148.679882,0.085418,False,
5341,213.600000,81,84,2.117568,154.117808,0.447829,False,
5341,213.600000,81,85,3.808434,159.908199,0.868343,False,
5341,213.600000,81,87,6.773402,167.143297,0.505509,False,2.915095
5341,213.600000,81,88,6.459752,169.473901,0.234942,False,2.621236
5341,213.600000,82,83,1.334385,161.025586,0.563093,False,
5341,213.600000,82,84,1.440568,166.463511,0.259626,False,
5341,213.600000,82,85,3.276698,172.253902,0.618509,False,
5341,213.600000,82,87,6.482508,179.489001,0.033871,False,2.635016
5341,213.600000,83,84,0.569282,5.437925,0.936197,True,
5341,213.600000,83,85,4.231385,11.228316,0.254445,False,
5341,213.600000,84,85,3.900847,5.790391,0.104223,False,
5341,213.600000,85,86,1.997249,0.558412,0.168083,False,
5341,213.600000,85,87,3.463161,7.235099,0.191549,False,
5341,213.600000,85,88,3.465143,9.565702,0.415269,False,
5341,213.600000,86,87,1.469745,7.793510,0.139511,False,
5341,213.600000,86,88,1.534701,10.124114,0.609414,False,
5341,213.600000,87,88,0.728875,2.330603,0.927349,True,
5341,213.600000,88,89,12.868514,169.080358,0.994495,False,4.297408
5351,214.000000,76,77,2.097710,2.183471,0.992206,True,
5351,214.000000,76,78,1.017891,1.946674,0.967898,True,
5351,214.000000,76,81,1.134901,35.121199,0.422710,False,
5351,214.000000,76,82,1.479232,25.135033,0.800163,False,
5351,214.000000,76,83,3.398301,163.545890,0.757187,False,
5351,214.000000,76,84,3.558819,167.233445,0.731288,False,
5351,214.000000,76,85,2.694380,161.744926,0.724153,False,
5351,214.000000,76,86,3.839515,164.358231,0.279620,False,
5351,214.000000,76,88,4.615393,158.367688,0.149949,False,
5351,214.000000,77,78,1.096399,0.236797,0.999756,True,
5351,214.000000,77,81,2.362825,32.937728,0.999943,False,
5351,214.000000,77,82,3.142422,22.951562,0.999878,False,
5351,214.000000,77,83,4.274726,165.729361,0.958206,False,
5351,214.000000,77,84,4.663219,169.416916,0.935554,False,
5351,214.000000,77,85,4.788269,163.928397,0.789290,False,
5351,214.000000,78,81,1.404901,33.174525,0.948223,False,
5351,214.000000,78,82,2.115192,23.188359,0.984291,False,
5351,214.000000,78,83,3.580160,165.492565,0.900966,False,
5351,214.000000,78,84,3.880801,169.180119,0.871727,False,
5351,214.000000,78,85,3.711363,163.691600,0.728222,False,
5351,214.000000,78,86,4.761709,166.304905,0.398804,False,
5351,214.000000,79,80,2.938661,27.669278,0.465839,False,
5351,214.000000,79,83,4.459783,29.149808,0.150424,False,
5351,214.000000,79,84,4.852085,32.837363,0.295051,False,
5351,214.000000,79,89,2.180583,172.403600,0.998968,False,
5351,214.000000,80,81,4.100116,162.813440,0.019134,False,
5351,214.000000,80,82,4.043217,172.799606,0.060388,False,
5351,214.000000,80,83,1.943403,1.480530,0.152771,False,
5351,214.000000,80,84,2.131085,5.168084,0.141978,False,
5351,214.000000,80,89,4.561768,159.927122,0.233194,False,
5351,214.000000,81,82,0.817327,9.986166,0.886741,True,
5351,214.000000,81,83,2.292575,161.332910,0.037353,False,
5351,214.000000,81,84,2.518018,157.645356,0.330873,False,
5351,214.000000,81,85,3.028917,163.133875,0.890704,False,
5351,214.000000,81,86,4.609928,160.520570,0.838879,False,
5351,214.000000,81,87,5.924166,165.690526,0.570702,False,2.564159
5351,214.000000,81,88,5.580184,166.511113,0.393490,False,2.296470
5351,214.000000,81,89,6.245318,2.886318,0.043801,False,8.079226
5351,214.000000,82,83,2.110509,171.319077,0.216393,False,
5351,214.000000,82,84,2.150472,167.631522,0.107980,False,
5351,214.000000,82,85,2.405027,173.120041,0.675858,False,
5351,214.000000,82,86,4.199585,170.506736,0.677506,False,1.853707
5351,214.000000,82,87,5.587563,175.676692,0.248622,False,2.229376
5351,214.000000,83,84,0.562099,3.687554,0.951862,True,
5351,214.000000,83,85,4.157528,1.800964,0.127092,False,
5351,214.000000,84,85,3.923966,5.488519,0.035110,False,
5351,214.000000,85,86,2.062326,2.613305,0.188835,False,
5351,214.000000,85,87,3.509174,2.556651,0.213125,False,
5351,214.000000,85,88,3.490172,3.377238,0.422363,False,
5351,214.000000,86,87,1.447648,5.169956,0.167888,False,
5351,214.000000,86,88,1.521029,5.990543,0.631412,False,
5351,214.000000,87,88,0.746284,0.820587,0.929615,True,
5351,214.000000,88,89,11.713789,163.624795,0.880907,False,3.882481
5361,214.400000,76,77,2.091964,2.183471,0.990485,True,
5361,214.400000,76,78,1.008721,1.946674,0.967966,True,
5361,214.400000,76,81,1.122480,29.672659,0.510577,False,
5361,214.400000,76,82,1.521046,25.135033,0.866238,False,
5361,214.400000,76,83,4.065004,158.662456,0.781636,False,
5361,214.400000,76,84,4.280977,167.233445,0.654255,False,
5361,214.400000,76,85,2.425090,153.359328,0.725986,False,
5361,214.400000,76,86,3.289846,164.233747,0.408019,False,
5361,214.400000,76,87,4.367862,161.411803,0.105442,False,
5361,214.400000,76,88,3.940069,163.881795,0.008535,False,
5361,214.400000,77,78,1.096411,0.236797,0.998818,True,
5361,214.400000,77,81,2.489015,27.489188,0.999825,False,
5361,214.400000,77,82,3.258340,22.951562,0.999485,False,
5361,214.400000,77,83,4.681170,160.845927,0.957150,False,
5361,214.400000,77,85,4.492258,155.542799,0.714309,False,
5361,214.400000,78,81,1.511082,27.725985,0.958012,False,
5361,214.400000,78,82,2.220489,23.188359,0.993680,False,
5361,214.400000,78,83,4.132031,160.609130,0.902129,False,
5361,214.400000,78,84,4.477910,169.180119,0.794130,False,
5361,214.400000,78,85,3.395870,155.306002,0.667120,False,
5361,214.400000,78,86,4.250994,166.180422,0.503695,False,
5361,214.400000,78,88,4.734434,165.828469,0.177683,False,
5361,214.400000,79,80,2.932349,27.669278,0.541553,False,
5361,214.400000,79,83,4.383387,24.266374,0.152737,False,
5361,214.400000,79,84,4.763683,32.837363,0.356813,False,
5361,214.400000,79,89,2.085672,172.964820,0.918375,False,
5361,214.400000,80,81,4.875635,168.261980,0.011930,False,
5361,214.400000,80,82,4.925038,172.799606,0.113944,False,
5361,214.400000,80,83,1.980791,3.402905,0.205054,False,
5361,214.400000,80,84,2.092118,5.168084,0.168582,False,
5361,214.400000,80,89,3.945662,159.365902,0.024824,False,
5361,214.400000,81,82,0.809187,4.537626,0.880380,True,
5361,214.400000,81,83,2.945286,171.664885,0.228424,False,
5361,214.400000,81,84,3.163286,163.093896,0.191192,False,
5361,214.400000,81,85,2.319336,176.968013,0.733957,False,
5361,214.400000,81,86,3.822398,166.093593,0.797263,False,
5361,214.400000,81,88,4.767330,166.445546,0.608811,False,2.062082
5361,214.400000,82,83,2.944408,176.202511,0.045400,False,
5361,214.400000,82,84,3.001264,167.631522,0.064920,False,
5361,214.400000,82,85,1.590967,178.494361,0.446074,False,
5361,214.400000,82,86,3.344218,170.631220,0.691833,False,1.442382
5361,214.400000,82,87,4.699676,173.453164,0.398113,False,1.853159
5361,214.400000,82,88,4.484903,170.983172,0.499517,False,1.892510
5361,214.400000,83,84,0.618750,8.570989,0.982817,True,
5361,214.400000,83,85,4.141258,5.303128,0.000682,False,
5361,214.400000,83,89,4.539359,162.768807,0.239620,False,
5361,214.400000,84,85,3.993980,13.874117,0.064649,False,
5361,214.400000,85,86,2.070064,10.874420,0.215660,False,
5361,214.400000,85,87,3.500400,8.052475,0.246956,False,
5361,214.400000,85,88,3.488320,10.522467,0.422897,False,
5361,214.400000,86,87,1.430579,2.821945,0.167885,False,
5361,214.400000,86,88,1.531288,0.351953,0.589791,False,
5361,214.400000,87,88,0.716826,2.469992,0.961820,True,1.743534
5371,214.800000,76,77,2.086581,2.183471,0.988584,True,
5371,214.800000,76,78,1.010410,0.259586,0.972163,True,
5371,214.800000,76,81,1.076458,17.233818,0.502002,False,
5371,214.800000,76,82,1.583448,25.135033,0.916703,False,
5371,214.800000,76,83,4.755827,158.662456,0.739456,False,
5371,214.800000,76,85,2.376576,153.359328,0.903728,False,
5371,214.800000,76,86,2.827174,164.233747,0.572042,False,
5371,214.800000,76,87,3.729557,161.411803,0.204759,False,
5371,214.800000,76,88,3.286856,163.881795,0.097077,False,
5371,214.800000,77,78,1.087017,2.443057,0.998706,True,
5371,214.800000,77,81,2.546886,15.050347,0.995487,False,
5371,214.800000,77,82,3.381166,22.951562,0.997078,False,
5371,214.800000,77,85,4.302542,155.542799,0.817573,False,
5371,214.800000,77,86,4.871126,166.417219,0.719768,False,
5371,214.800000,78,81,1.557253,17.493403,0.940921,True,
5371,214.800000,78,82,2.342232,25.394619,0.997976,False,
5371,214.800000,78,83,4.737991,158.402870,0.863908,False,
5371,214.800000,78,85,3.241473,153.099742,0.809454,False,
5371,214.800000,78,86,3.827925,163.974162,0.607210,False,
5371,214.800000,78,87,4.642389,161.152217,0.307025,False,
5371,214.800000,78,88,4.137318,163.622209,0.244305,False,
5371,214.800000,79,80,2.948573,27.669278,0.612874,False,
5371,214.800000,79,83,4.316191,24.266374,0.198556,False,
5371,214.800000,79,84,4.690272,31.492517,0.403212,False,
5371,214.800000,79,89,2.488929,169.337718,0.539854,False,
5371,214.800000,80,83,2.018477,3.402905,0.216431,False,
5371,214.800000,80,84,2.054392,3.823239,0.177316,False,
5371,214.800000,80,89,3.646346,162.993003,0.342719,False,
5371,214.800000,81,82,0.866922,7.901215,0.921599,True,
5371,214.800000,81,83,3.718123,175.896274,0.554630,False,
5371,214.800000,81,84,3.961081,176.877583,0.363149,False,
5371,214.800000,81,85,1.813755,170.593146,0.670710,False,
5371,214.800000,81,86,3.073197,178.532435,0.570106,False,
5371,214.800000,81,87,4.252511,178.645620,0.216625,False,
5371,214.800000,81,88,3.946377,178.884387,0.219988,False,
5371,214.800000,82,83,3.800671,176.202511,0.019367,False,
5371,214.800000,82,84,3.896106,168.976368,0.109464,False,
5371,214.800000,82,85,0.946980,178.494361,0.830441,False,
5371,214.800000,82,86,2.495907,170.631220,0.733620,False,1.042378
5371,214.800000,82,87,3.811944,173.453164,0.404684,False,1.453157
5371,214.800000,82,88,3.634494,170.983172,0.479803,False,1.492508
5371,214.800000,83,84,0.675804,7.226143,0.997743,True,
5371,214.800000,83,85,4.125513,5.303128,0.010736,False,
5371,214.800000,83,89,3.741759,166.395908,0.027962,False,
5371,214.800000,84,85,4.065424,12.529271,0.105244,False,
5371,214.800000,84,89,4.363694,159.169765,0.371517,False,
5371,214.800000,85,86,2.082585,10.874420,0.168752,False,
5371,214.800000,85,87,3.493114,8.052475,0.226877,False,
5371,214.800000,85,88,3.489338,10.522467,0.396727,False,
5371,214.800000,86,87,1.414045,2.821945,0.187139,False,
5371,214.800000,86,88,1.541556,0.351953,0.587778,False,
5371,214.800000,87,88,0.688224,2.469992,0.971044,True,1.343528
5381,215.200000,76,77,2.083813,1.783315,0.985684,True,
5381,215.200000,76,78,1.019267,1.631099,0.972003,True,
5381,215.200000,76,81,1.047032,16.833661,0.601952,False,
5381,215.200000,76,82,1.618802,16.293350,0.909018,True,
5381,215.200000,76,85,2.562001,153.759484,0.989363,False,
5381,215.200000,76,86,2.559583,170.389164,0.839091,False,
5381,215.200000,76,87,3.163855,163.971721,0.389422,False,
5381,215.200000,76,88,2.668607,164.281951,0.225907,False,
5381,215.200000,77,78,1.073776,3.414414,0.998002,True,
5381,215.200000,77,81,2.611366,15.050347,0.998972,False,
5381,215.200000,77,82,3.451094,14.510035,0.999904,False,
5381,215.200000,77,85,4.233435,155.542799,0.903858,False,
5381,215.200000,77,86,4.643295,172.172479,0.886400,False,
5381,215.200000,77,88,4.537686,166.065266,0.548192,False,
5381,215.200000,77,89,4.959551,30.217674,0.268788,False,
5381,215.200000,78,81,1.616302,18.464760,0.963060,True,
5381,215.200000,78,82,2.419097,17.924448,0.992877,True,
5381,215.200000,78,85,3.261815,152.128385,0.920939,False,
5381,215.200000,78,86,3.576326,168.758065,0.815239,False,
5381,215.200000,78,87,4.136045,162.340622,0.459149,False,
5381,215.200000,78,88,3.592105,162.650852,0.351873,False,
5381,215.200000,79,80,2.961628,24.269536,0.695984,False,
5381,215.200000,79,83,4.255279,19.995491,0.252662,False,
5381,215.200000,79,84,4.562143,15.732844,0.341213,False,
5381,215.200000,79,89,3.193011,170.085351,0.298803,False,
5381,215.200000,79,91,0.605655,150.343224,0.064287,False,0.019664
5381,215.200000,79,92,1.775678,145.235049,0.323978,False,
5381,215.200000,79,93,1.197286,160.146041,0.145817,False,
5381,215.200000,80,83,2.077828,4.274045,0.236788,False,
5381,215.200000,80,84,2.022824,8.536692,0.025475,False,
5381,215.200000,80,89,3.717508,165.645113,0.608583,False,
5381,215.200000,80,91,2.654528,174.612760,0.362879,False,
5381,215.200000,80,92,2.097347,169.504585,0.661674,False,
5381,215.200000,80,93,2.694516,175.584423,0.796633,False,
5381,215.200000,81,82,0.862493,0.540312,0.949531,True,
5381,215.200000,81,83,4.505216,174.913515,0.556939,False,
5381,215.200000,81,84,4.742435,170.650868,0.731450,False,
5381,215.200000,81,85,1.645670,170.593146,0.943628,False,
5381,215.200000,81,86,2.453403,172.777175,0.963294,False,
5381,215.200000,81,87,3.454096,179.194618,0.407585,False,
5381,215.200000,81,88,3.129874,178.884387,0.260209,False,
5381,215.200000,82,83,4.628352,174.373203,0.404513,False,
5381,215.200000,82,84,4.754964,170.110556,0.600741,False,
5381,215.200000,82,85,0.967673,170.052834,0.996556,False,
5381,215.200000,82,86,1.780504,173.317486,0.835175,False,
5381,215.200000,82,87,2.977386,179.734930,0.169929,False,1.217002
5381,215.200000,82,88,2.810635,179.424699,0.036330,False,1.083523
5381,215.200000,83,84,0.626283,4.262647,0.996914,True,0.249425
5381,215.200000,83,85,4.097271,4.320370,0.029057,False,
5381,215.200000,83,89,3.166245,169.919158,0.461643,False,
5381,215.200000,83,91,4.201360,170.338715,0.627739,False,
5381,215.200000,83,92,4.035982,165.230540,0.998395,False,1.482488
5381,215.200000,83,93,4.459509,179.858468,0.173055,False,
5381,215.200000,84,85,4.114850,0.057723,0.216041,False,
5381,215.200000,84,89,3.772199,174.181805,0.174823,False,
5381,215.200000,84,91,4.430570,166.076068,0.315751,False,
5381,215.200000,84,92,4.096966,160.967893,0.816945,False,
5381,215.200000,84,93,4.611381,175.878885,0.084155,False,
5381,215.200000,85,86,2.151529,16.629680,0.060776,False,
5381,215.200000,85,87,3.499479,10.212237,0.183863,False,
5381,215.200000,85,88,3.493226,10.522467,0.370268,False,
5381,215.200000,85,93,8.539013,175.821162,0.468857,False,3.296273
5381,215.200000,86,87,1.365005,6.417443,0.164105,False,
5381,215.200000,86,88,1.536238,6.107213,0.581835,False,
5381,215.200000,87,88,0.682051,0.310230,0.980503,True,
5381,215.200000,87,93,11.945912,173.966601,0.833471,False,5.010808
5381,215.200000,88,93,11.761708,173.656371,0.934460,False,4.799818
5381,215.200000,89,91,3.601707,19.742127,0.552760,False,
5381,215.200000,89,92,4.331693,24.850302,0.697886,False,
5381,215.200000,89,93,4.178313,9.939310,0.652331,False,
5381,215.200000,91,92,1.183962,5.108175,0.979698,True,
5381,215.200000,91,93,0.614264,9.802817,0.753395,True,
5381,215.200000,92,93,0.788068,14.910992,0.931578,True,0.849576
5391,215.600000,76,77,2.038968,10.095898,0.952565,True,
5391,215.600000,76,78,1.051067,4.847353,0.956915,True,
5391,215.600000,76,81,1.046859,13.617408,0.688222,False,
5391,215.600000,76,82,1.616063,3.170926,0.886003,True,
5391,215.600000,76,85,2.980331,160.078145,0.984779,False,
5391,215.600000,76,86,2.486009,178.202597,0.998287,False,
5391,215.600000,76,87,2.757561,177.122185,0.828203,False,
5391,215.600000,76,88,2.197272,178.840043,0.863740,False,
5391,215.600000,77,78,1.001285,14.943250,0.987591,True,2.249808
5391,215.600000,77,81,2.633911,3.521510,0.998241,False,
5391,215.600000,77,82,3.414930,6.924972,0.999938,False,
5391,215.600000,77,85,4.288760,170.174043,0.996418,False,
5391,215.600000,77,86,4.483267,171.701505,0.980209,False,
5391,215.600000,77,87,4.765981,172.781917,0.980876,False,
5391,215.600000,77,88,4.166773,168.744145,0.996474,False,
5391,215.600000,77,89,4.688330,18.688837,0.352385,False,
5391,215.600000,78,81,1.684757,18.464760,0.980185,True,
5391,215.600000,78,82,2.443276,8.018278,0.982089,True,
5391,215.600000,78,85,3.479055,155.230792,0.996045,False,
5391,215.600000,78,86,3.482686,173.355245,0.960158,False,
5391,215.600000,78,87,3.803429,172.274833,0.799213,False,
5391,215.600000,78,88,3.225907,176.312604,0.842756,False,
5391,215.600000,78,89,4.933875,33.632087,0.090095,False,
5391,215.600000,79,80,2.897946,9.229386,0.811570,False,
5391,215.600000,79,83,4.185050,0.691270,0.326930,False,
5391,215.600000,79,84,4.380657,0.942538,0.458020,False,
5391,215.600000,79,89,4.042010,175.124342,0.559481,False,
5391,215.600000,79,91,0.844510,165.133531,0.996006,False,
5391,215.600000,79,92,1.819377,160.025356,0.862675,False,
5391,215.600000,79,93,1.154844,174.936348,0.998584,False,
5391,215.600000,80,83,2.212594,8.538116,0.286650,False,
5391,215.600000,80,84,2.010527,8.286849,0.015835,False,
5391,215.600000,80,89,4.122086,165.894956,0.741880,False,
5391,215.600000,80,91,2.086670,174.362917,0.682318,False,
5391,215.600000,80,92,1.203286,169.254742,0.268203,False,
5391,215.600000,80,93,1.866565,175.834266,0.892803,False,
5391,215.600000,81,82,0.796005,10.446482,0.975762,True,1.189208
5391,215.600000,81,85,1.935538,173.695553,0.956052,False,
5391,215.600000,81,86,2.002193,168.179995,0.883888,False,
5391,215.600000,81,87,2.771799,169.260407,0.961473,False,
5391,215.600000,81,88,2.393339,165.222635,0.954299,False,
5391,215.600000,82,85,1.596945,163.249071,0.870344,False,
5391,215.600000,82,86,1.263190,178.626477,0.883263,False,
5391,215.600000,82,87,2.263359,179.706889,0.441894,False,
5391,215.600000,82,88,2.049335,175.669117,0.415565,False,0.809126
5391,215.600000,83,84,0.627099,0.251267,0.995566,True,
5391,215.600000,83,85,4.007379,3.295952,0.031611,False,
5391,215.600000,83,89,2.867317,174.433072,0.919655,False,
5391,215.600000,83,91,3.382962,165.824801,0.937592,False,
5391,215.600000,83,92,3.120941,160.716626,0.967493,False,1.132793
5391,215.600000,83,93,3.572385,175.627618,0.925746,False,1.406159
5391,215.600000,84,85,4.150549,3.044684,0.181921,False,
5391,215.600000,84,89,3.488196,174.181805,0.471226,False,
5391,215.600000,84,91,3.547228,166.076068,0.200713,False,
5391,215.600000,84,92,3.081035,160.967893,0.772797,False,
5391,215.600000,84,93,3.622641,175.878885,0.019676,False,
5391,215.600000,85,86,2.277907,18.124452,0.061628,False,
5391,215.600000,85,87,3.574306,17.044040,0.040084,False,
5391,215.600000,85,88,3.534317,21.081812,0.189162,False,
5391,215.600000,85,89,4.929450,171.137120,0.287512,False,
5391,215.600000,85,93,7.559174,178.923570,0.057809,False,2.972783
5391,215.600000,86,87,1.327517,1.080412,0.042023,False,8.114018
5391,215.600000,86,88,1.489904,2.957359,0.441269,False,7.689950
5391,215.600000,87,88,0.650693,4.037772,0.999992,True,0.647015
5391,215.600000,89,91,3.652491,19.742127,0.497154,False,
5391,215.600000,89,92,4.256793,24.850302,0.655074,False,
5391,215.600000,89,93,4.236995,9.939310,0.622008,False,
5391,215.600000,91,92,1.133268,5.108175,0.986834,True,
5391,215.600000,91,93,0.664926,9.802817,0.811255,True,
5391,215.600000,92,93,0.692346,14.910992,0.882397,True,0.449569
5401,216.000000,76,77,1.994423,10.095898,0.948767,True,
5401,216.000000,76,78,1.083579,4.847353,0.949292,True,
5401,216.000000,76,81,1.052423,13.118303,0.750606,True,
5401,216.000000,76,82,1.614352,3.170926,0.897451,True,
5401,216.000000,76,85,3.561823,163.071362,0.896291,False,
5401,216.000000,76,86,2.602602,178.202597,0.977734,False,
5401,216.000000,76,87,2.504064,177.122185,0.945140,False,
5401,216.000000,76,88,1.929802,175.207763,0.999883,False,
5401,216.000000,76,89,5.260997,11.461316,0.263984,False,5.915920
5401,216.000000,77,78,0.929021,14.943250,0.989976,True,1.849819
5401,216.000000,77,81,2.655645,3.022405,0.996560,False,
5401,216.000000,77,82,3.379425,6.924972,0.999684,False,
5401,216.000000,77,85,4.518823,173.167260,0.978968,False,
5401,216.000000,77,86,4.424102,171.701505,0.938598,False,
5401,216.000000,77,87,4.497315,172.781917,0.998692,False,
5401,216.000000,77,88,3.924058,165.111866,0.973040,False,
5401,216.000000,77,89,4.379467,1.365418,0.164775,False,
5401,216.000000,78,81,1.758426,17.965656,0.990812,True,
5401,216.000000,78,82,2.470011,8.018278,0.987616,True,
5401,216.000000,78,85,3.867946,158.224010,0.982248,False,
5401,216.000000,78,86,3.511996,173.355245,0.995493,False,
5401,216.000000,78,87,3.576670,172.274833,0.893226,False,
5401,216.000000,78,88,3.009481,179.944884,0.978221,False,
5401,216.000000,78,89,4.581280,16.308669,0.114270,False,
5401,216.000000,80,83,2.347917,8.538116,0.301159,False,
5401,216.000000,80,84,2.020359,7.479105,0.043141,False,
5401,216.000000,80,89,4.904130,176.781625,0.025895,False,
5401,216.000000,80,91,1.909228,174.362917,0.948010,False,
5401,216.000000,80,92,0.828794,169.254742,0.682262,False,
5401,216.000000,80,93,1.324275,175.834266,0.996586,False,
5401,216.000000,81,82,0.732138,9.947377,0.981258,True,0.837460
5401,216.000000,81,85,2.545211,176.189665,0.742870,False,
5401,216.000000,81,86,1.774397,168.679099,0.639349,False,
5401,216.000000,81,87,2.167229,169.759512,0.997335,False,
5401,216.000000,81,88,1.730558,162.089460,0.997857,False,
5401,216.000000,81,89,4.899452,1.656987,0.376385,False,
5401,216.000000,82,85,2.384825,166.242288,0.686405,False,
5401,216.000000,82,86,1.044893,178.626477,0.991610,False,
5401,216.000000,82,87,1.601607,179.706889,0.616581,False,
5401,216.000000,82,88,1.314143,172.036837,0.707332,False,0.445750
5401,216.000000,83,84,0.656501,1.059012,0.963938,True,
5401,216.000000,83,85,3.908328,6.289169,0.010896,False,
5401,216.000000,83,89,3.097207,168.243509,0.564295,False,
5401,216.000000,83,91,2.599255,165.824801,0.885252,False,
5401,216.000000,83,92,2.209212,160.716626,0.977699,False,0.732788
5401,216.000000,83,93,2.688873,175.627618,0.940449,False,1.006159
5401,216.000000,84,85,4.155116,5.230158,0.136628,False,
5401,216.000000,84,89,3.753655,169.302521,0.021926,False,
5401,216.000000,84,91,2.766914,166.883812,0.049402,False,
5401,216.000000,84,92,2.118606,161.775637,0.727235,False,
5401,216.000000,84,93,2.681630,176.686629,0.111351,False,
5401,216.000000,85,86,2.422611,15.131235,0.134683,False,
5401,216.000000,85,87,3.668331,14.050823,0.019819,False,
5401,216.000000,85,88,3.608609,21.720874,0.081577,False,
5401,216.000000,85,89,4.146193,174.532678,0.996954,False,
5401,216.000000,86,87,1.290102,1.080412,0.049431,False,7.714068
5401,216.000000,86,88,1.435683,6.589639,0.393029,False,
5401,216.000000,87,88,0.591443,7.670051,0.999228,True,
5401,216.000000,89,91,3.789588,2.418708,0.320148,False,
5401,216.000000,89,92,4.305785,7.526883,0.497588,False,
5401,216.000000,89,93,4.389793,7.384109,0.477354,False,
5401,216.000000,91,92,1.084495,5.108175,0.992874,True,
5401,216.000000,91,93,0.720522,9.802817,0.855024,True,
5401,216.000000,92,93,0.609174,14.910992,0.800595,True,0.049600
5411,216.400000,76,77,1.950190,10.095898,0.944643,True,
5411,216.400000,76,78,1.119756,3.277626,0.927032,True,
5411,216.400000,76,81,1.052331,11.180218,0.798666,True,
5411,216.400000,76,82,1.613679,3.170926,0.908335,True,
5411,216.400000,76,85,4.222096,163.071362,0.834451,False,
5411,216.400000,76,86,2.755583,157.892573,0.913375,False,
5411,216.400000,76,87,2.451237,177.122185,0.999317,False,
5411,216.400000,76,88,1.880520,179.601725,0.994284,False,
5411,216.400000,76,89,4.955399,4.113177,0.361570,False,
5411,216.400000,77,78,0.864065,13.373524,0.993991,True,1.966791
5411,216.400000,77,81,2.668416,1.084321,0.995412,False,
5411,216.400000,77,82,3.344591,6.924972,0.999223,False,
5411,216.400000,77,85,4.875691,173.167260,0.935346,False,
5411,216.400000,77,86,4.324179,167.988470,0.869689,False,
5411,216.400000,77,87,4.333340,172.781917,0.994158,False,
5411,216.400000,77,88,3.763432,170.302377,0.976350,False,
5411,216.400000,77,89,4.051450,5.982721,0.074257,False,4.237357
5411,216.400000,78,81,1.814867,14.457844,0.998589,True,
5411,216.400000,78,82,2.487451,6.448552,0.994996,True,
5411,216.400000,78,85,4.334148,159.793736,0.920425,False,
5411,216.400000,78,86,3.500849,154.614947,0.881604,False,
5411,216.400000,78,87,3.469360,173.844559,0.977492,False,
5411,216.400000,78,88,2.899745,176.324099,0.989266,False,
5411,216.400000,78,89,4.199522,7.390803,0.198974,False,3.878854
5411,216.400000,80,83,2.482389,7.863218,0.307130,False,
5411,216.400000,80,84,2.201372,3.562118,0.055543,False,
5411,216.400000,80,91,2.217972,174.362917,0.990166,False,
5411,216.400000,80,92,1.432312,171.919215,0.982845,False,
5411,216.400000,80,93,1.450280,177.624324,0.773388,False,
5411,216.400000,80,94,0.981749,164.807934,0.039481,False,
5411,216.400000,81,82,0.678659,8.009293,0.991055,True,0.610734
5411,216.400000,81,85,3.299440,174.251581,0.678314,False,
5411,216.400000,81,86,1.730067,169.072791,0.745775,False,
5411,216.400000,81,87,1.732567,171.697596,0.969090,False,
5411,216.400000,81,88,1.199296,169.218056,0.951958,False,
5411,216.400000,81,89,4.714242,7.067042,0.490543,False,
5411,216.400000,82,85,3.208130,166.242288,0.621757,False,
5411,216.400000,82,86,1.167480,161.063498,0.923319,False,
5411,216.400000,82,87,1.091763,179.706889,0.892939,False,
5411,216.400000,82,88,0.636224,177.227349,0.756850,False,0.025313
5411,216.400000,83,84,0.715287,11.425336,0.970407,True,
5411,216.400000,83,85,3.809482,5.614271,0.029014,False,
5411,216.400000,83,89,3.680470,161.570268,0.087146,False,
5411,216.400000,83,91,1.897467,166.499699,0.755557,False,
5411,216.400000,83,92,1.312233,164.055997,0.991418,False,0.330991
5411,216.400000,83,93,1.822490,174.512458,0.993626,False,0.637975
5411,216.400000,83,94,2.988072,156.944716,0.996977,False,1.123791
5411,216.400000,84,85,3.997651,5.811065,0.062237,False,
5411,216.400000,84,89,4.351751,172.995604,0.547180,False,
5411,216.400000,84,91,2.321612,177.925035,0.977607,False,
5411,216.400000,84,92,1.444152,175.481333,0.907313,False,
5411,216.400000,84,93,2.007905,174.062206,0.230341,False,
5411,216.400000,84,94,2.909263,168.370052,0.927673,False,
5411,216.400000,85,86,2.536419,5.178790,0.034437,False,
5411,216.400000,85,87,3.766079,14.050823,0.050826,False,
5411,216.400000,85,88,3.696836,16.530363,0.083442,False,
5411,216.400000,85,89,3.623612,167.184539,0.747176,False,
5411,216.400000,86,87,1.246219,19.229613,0.112238,False,
5411,216.400000,86,88,1.338024,21.709153,0.508530,False,
5411,216.400000,86,93,8.109665,174.947939,0.824428,False,3.551238
5411,216.400000,87,88,0.572474,2.479540,0.999955,True,
5411,216.400000,89,91,3.959409,4.929431,0.249640,False,
5411,216.400000,89,92,4.425822,2.485729,0.447199,False,
5411,216.400000,89,93,4.576116,12.942190,0.408061,False,
5411,216.400000,91,92,1.061761,2.443702,0.998339,True,
5411,216.400000,91,93,0.767900,8.012759,0.875761,True,
5411,216.400000,91,94,2.002082,9.554983,0.419080,False,
5411,216.400000,92,93,0.563762,10.456461,0.707258,True,
5411,216.400000,92,94,1.702436,7.111281,0.143826,False,
5411,216.400000,93,94,1.366307,17.567742,0.238559,False,
5421,216.800000,76,77,1.929408,8.663493,0.940261,True,
5421,216.800000,76,78,1.160658,2.474705,0.901022,True,
5421,216.800000,76,81,1.061417,11.180218,0.851015,True,
5421,216.800000,76,82,1.651691,12.554681,0.967482,True,
5421,216.800000,76,85,4.929575,163.071362,0.781777,False,
5421,216.800000,76,86,3.036822,153.262350,0.955942,False,
5421,216.800000,76,87,2.510159,163.386847,0.954999,False,
5421,216.800000,76,88,1.940858,158.009841,0.898150,False,
5421,216.800000,76,89,4.651354,4.113177,0.379168,False,
5421,216.800000,77,78,0.818421,11.138197,0.997511,True,2.026985
5421,216.800000,77,81,2.694839,2.516726,0.991177,False,
5421,216.800000,77,82,3.387942,3.891188,0.985843,False,
5421,216.800000,77,86,4.297940,161.925842,0.915939,False,
5421,216.800000,77,87,4.185321,172.050339,0.948101,False,
5421,216.800000,77,88,3.579322,166.673333,0.860406,False,
5421,216.800000,77,89,3.683642,4.550316,0.062742,False,3.354670
5421,216.800000,78,81,1.878246,13.654923,0.999263,True,
5421,216.800000,78,82,2.570229,15.029386,0.995825,False,
5421,216.800000,78,85,4.859739,160.596658,0.856523,False,
5421,216.800000,78,86,3.560169,150.787645,0.930450,False,
5421,216.800000,78,87,3.374420,160.912142,0.917558,False,
5421,216.800000,78,88,2.768948,155.535136,0.834696,False,
5421,216.800000,78,89,3.807181,6.587881,0.204529,False,3.413782
5421,216.800000,80,83,2.604930,1.720251,0.255182,False,
5421,216.800000,80,84,2.382522,3.562118,0.063027,False,
5421,216.800000,80,91,2.917088,172.030495,0.999374,False,
5421,216.800000,80,92,2.331272,176.174885,0.669351,False,
5421,216.800000,80,93,2.187319,165.950734,0.991704,False,
5421,216.800000,80,94,1.014854,164.807934,0.896830,False,
5421,216.800000,80,95,1.689928,168.633586,0.820958,False,
5421,216.800000,81,82,0.695620,1.374463,0.966833,True,
5421,216.800000,81,85,4.112576,174.251581,0.597920,False,
5421,216.800000,81,86,1.991031,164.442568,0.900582,False,
5421,216.800000,81,87,1.506837,174.567065,0.923513,False,
5421,216.800000,81,88,0.909006,169.190059,0.702904,False,
5421,216.800000,81,89,4.534945,7.067042,0.522303,False,
5421,216.800000,82,85,4.110735,175.626043,0.462565,False,
5421,216.800000,82,86,1.667602,165.817031,0.935757,False,
5421,216.800000,82,87,0.859895,175.941528,0.969465,False,
5421,216.800000,82,88,0.358574,170.564522,0.953571,False,
5421,216.800000,83,84,0.736723,5.282369,0.977424,True,
5421,216.800000,83,85,3.706252,0.528696,0.077979,False,
5421,216.800000,83,89,4.460148,167.713235,0.076778,False,
5421,216.800000,83,91,1.452350,170.310244,0.805468,False,
5421,216.800000,83,92,0.484038,174.454634,0.999644,False,
5421,216.800000,83,93,1.116871,164.230483,0.780592,False,
5421,216.800000,83,94,2.112111,163.087683,0.999101,False,0.796060
5421,216.800000,83,95,2.606377,166.913335,0.962633,False,
5421,216.800000,84,85,3.840946,5.811065,0.076446,False,
5421,216.800000,84,91,2.129374,175.592614,0.971800,False,
5421,216.800000,84,92,1.041529,179.737003,0.989301,False,
5421,216.800000,84,93,1.620817,169.512852,0.879461,False,
5421,216.800000,84,94,2.191663,168.370052,0.979051,False,
5421,216.800000,84,95,2.856112,172.195705,0.988157,False,
5421,216.800000,85,86,2.643770,9.809013,0.099443,False,
5421,216.800000,85,87,3.839115,0.315484,0.055691,False,
5421,216.800000,85,88,3.804707,5.061522,0.253560,False,
5421,216.800000,85,89,3.412111,167.184539,0.501730,False,
5421,216.800000,85,91,4.486376,169.781548,0.661370,False,
5421,216.800000,85,92,4.130478,173.925938,0.440498,False,
5421,216.800000,85,93,4.660462,163.701787,0.634178,False,
5421,216.800000,86,87,1.200655,10.124497,0.214793,False,
5421,216.800000,86,88,1.313285,4.747491,0.677853,False,
5421,216.800000,86,89,4.563412,157.375526,0.987632,False,
5421,216.800000,86,92,6.754549,164.116925,0.982076,False,2.791617
5421,216.800000,87,88,0.606031,5.377006,0.972713,True,
5421,216.800000,88,89,4.924351,162.123018,0.982427,False,
5421,216.800000,88,92,7.814009,168.864417,0.940028,False,3.228215
5421,216.800000,89,91,4.068437,2.597009,0.234132,False,
5421,216.800000,89,92,4.578421,6.741399,0.473154,False,
5421,216.800000,89,93,4.712335,3.482752,0.278002,False,
5421,216.800000,91,92,1.098406,4.144390,0.997517,True,
5421,216.800000,91,93,0.759249,6.079762,0.728920,True,
5421,216.800000,91,94,2.001120,7.222561,0.374334,False,
5421,216.800000,91,95,1.989760,3.396909,0.002726,False,
5421,216.800000,92,93,0.636083,10.224151,0.816224,True,
5421,216.800000,92,94,1.706276,11.366951,0.162714,False,
5421,216.800000,92,95,2.138012,7.541299,0.475726,False,
5421,216.800000,93,94,1.345006,1.142800,0.095236,False,
5421,216.800000,93,95,1.584429,2.682853,0.403327,False,
5421,216.800000,94,95,0.820392,3.825652,0.991403,True,3.533201
5431,217.200000,76,77,1.935377,6.637460,0.930338,True,
5431,217.200000,76,78,1.205141,2.474705,0.876542,True,
5431,217.200000,76,81,1.079452,11.180218,0.894992,True,
5431,217.200000,76,82,1.719360,15.573516,0.992158,True,
5431,217.200000,76,86,3.442163,153.262350,0.992942,False,
5431,217.200000,76,87,2.775200,163.386847,0.999324,False,
5431,217.200000,76,88,2.227387,155.644252,0.985013,False,
5431,217.200000,76,89,4.367021,3.914047,0.400573,False,
5431,217.200000,76,97,4.999963,165.552111,0.232845,False,
5431,217.200000,77,78,0.786757,9.112165,0.997875,True,2.492509
5431,217.200000,77,81,2.740288,4.542758,0.983465,False,
5431,217.200000,77,82,3.482873,8.936056,0.965925,False,
5431,217.200000,77,86,4.365204,159.899810,0.981159,False,
5431,217.200000,77,87,4.153482,170.024307,0.989038,False,
5431,217.200000,77,88,3.496733,162.281712,0.936127,False,
5431,217.200000,77,89,3.294317,2.723414,0.050326,False,2.769483
5431,217.200000,78,81,1.953689,13.654923,0.993334,True,
5431,217.200000,78,82,2.696142,18.048221,0.978161,False,
5431,217.200000,78,86,3.726558,150.787645,0.978411,False,
5431,217.200000,78,87,3.409920,160.912142,0.977582,False,
5431,217.200000,78,88,2.762250,153.169547,0.922627,False,
5431,217.200000,78,89,3.433829,6.388751,0.220162,False,3.190646
5431,217.200000,81,82,0.746275,4.393297,0.934560,True,
5431,217.200000,81,85,4.955722,174.251581,0.540775,False,
5431,217.200000,81,86,2.488653,164.442568,0.985357,False,
5431,217.200000,81,87,1.704604,174.567065,0.993681,False,
5431,217.200000,81,88,1.211552,166.824470,0.994723,False,
5431,217.200000,81,89,4.378328,7.266172,0.555104,False,
5431,217.200000,81,97,4.873124,176.732329,0.180169,False,
5431,217.200000,82,86,2.384182,168.835865,0.901270,False,
5431,217.200000,82,87,1.344098,178.960362,0.811288,False,
5431,217.200000,82,88,1.149683,171.217768,0.999992,False,
5431,217.200000,82,89,4.955763,11.659469,0.606980,False,
5431,217.200000,82,96,4.724225,175.219079,0.009412,False,
5431,217.200000,82,97,4.425187,178.874373,0.310628,False,
5431,217.200000,83,84,0.769365,6.184008,0.990875,True,
5431,217.200000,83,85,3.603007,0.528696,0.078987,False,
5431,217.200000,83,91,1.541214,169.809423,0.352562,False,
5431,217.200000,83,92,0.597010,174.454634,0.395198,False,
5431,217.200000,83,93,0.845963,164.230483,0.007341,False,
5431,217.200000,83,94,1.266239,163.087683,0.990115,False,0.396063
5431,217.200000,83,95,1.880991,166.913335,0.876345,False,
5431,217.200000,84,85,3.684890,6.712703,0.087010,False,
5431,217.200000,84,91,2.297364,175.993430,0.824236,False,
5431,217.200000,84,92,1.229481,179.361358,0.863474,False,
5431,217.200000,84,93,1.614501,170.414490,0.562710,False,
5431,217.200000,84,94,1.609154,169.271691,0.996025,False,
5431,217.200000,84,95,2.364411,173.097343,0.998577,False,
5431,217.200000,85,86,2.753083,9.809013,0.125358,False,
5431,217.200000,85,87,3.912170,0.315484,0.053952,False,
5431,217.200000,85,88,3.905896,7.427111,0.281517,False,
5431,217.200000,85,89,3.562173,166.985409,0.087685,False,
5431,217.200000,85,91,3.584278,169.280727,0.676307,False,
5431,217.200000,85,92,3.152358,173.925938,0.388005,False,
5431,217.200000,85,93,3.752619,163.701787,0.563633,False,
5431,217.200000,85,94,4.849675,162.558987,0.788993,False,
5431,217.200000,86,87,1.159354,10.124497,0.154104,False,
5431,217.200000,86,88,1.290838,2.381902,0.690453,False,
5431,217.200000,86,89,3.992139,157.176396,0.919543,False,
5431,217.200000,86,92,5.863115,164.116925,0.983329,False,2.391616
5431,217.200000,87,88,0.662802,7.742595,0.977635,True,
5431,217.200000,87,89,4.651156,167.300893,0.996216,False,
5431,217.200000,88,89,4.136267,159.558298,0.994525,False,
5431,217.200000,88,92,6.906801,166.498828,0.980491,False,2.821811
5431,217.200000,88,94,8.620160,155.131877,0.997997,False,3.706385
5431,217.200000,89,91,4.144734,2.295318,0.230090,False,
5431,217.200000,89,92,4.715277,6.940529,0.471851,False,
5431,217.200000,89,93,4.832648,3.283622,0.262748,False,
5431,217.200000,91,92,1.142389,4.645212,0.993386,True,
5431,217.200000,91,93,0.770136,5.578940,0.655123,False,
5431,217.200000,91,94,2.017456,6.721740,0.339305,False,
5431,217.200000,91,95,2.046983,2.896087,0.013367,False,
5431,217.200000,92,93,0.710669,10.224151,0.845737,True,
5431,217.200000,92,94,1.715204,11.366951,0.216094,False,
5431,217.200000,92,95,2.175192,7.541299,0.495456,False,
5431,217.200000,93,94,1.323743,1.142800,0.089780,False,
5431,217.200000,93,95,1.573349,2.682853,0.392630,False,
5431,217.200000,94,95,0.792220,3.825652,0.987472,True,3.133274
5431,217.200000,96,97,1.034127,5.906548,0.999280,True,4.805838
5441,217.600000,76,77,1.947881,3.778928,0.904902,True,
5441,217.600000,76,78,1.248801,5.333237,0.850785,True,
5441,217.600000,76,81,1.081398,8.321686,0.945339,True,
5441,217.600000,76,82,1.782854,12.714983,1.000000,True,
5441,217.600000,76,86,3.902132,156.120882,0.987378,False,
5441,217.600000,76,87,3.154615,165.190282,0.968620,False,
5441,217.600000,76,88,2.647786,157.004467,0.985880,False,
5441,217.600000,76,89,4.077393,0.915668,0.412740,False,
5441,217.600000,76,97,4.398592,168.410644,0.424024,False,
5441,217.600000,77,78,0.755459,9.112165,0.996154,True,2.092477
5441,217.600000,77,81,2.795146,4.542758,0.971430,False,
5441,217.600000,77,82,3.591314,8.936056,0.948525,False,
5441,217.600000,77,86,4.518766,159.899810,0.998325,False,
5441,217.600000,77,87,4.216044,168.969210,0.999616,False,
5441,217.600000,77,88,3.518768,160.783394,0.978304,False,
5441,217.600000,77,89,2.917194,2.863260,0.049962,False,2.458316
5441,217.600000,78,81,2.039856,13.654923,0.982652,True,
5441,217.600000,78,82,2.836822,18.048221,0.961129,False,
5441,217.600000,78,86,3.986628,150.787645,0.998249,False,
5441,217.600000,78,87,3.562273,159.857045,0.997925,False,
5441,217.600000,78,88,2.892956,151.671229,0.980705,False,
5441,217.600000,78,89,3.073447,6.248905,0.237424,False,2.904998
5441,217.600000,81,82,0.800725,4.393297,0.908904,True,
5441,217.600000,81,86,3.111372,164.442568,0.999985,False,
5441,217.600000,81,87,2.204580,173.511968,0.939173,False,
5441,217.600000,81,88,1.849163,165.326153,0.976096,False,
5441,217.600000,81,89,4.238809,7.406018,0.587703,False,
5441,217.600000,81,96,4.494475,170.825781,0.201370,False,
5441,217.600000,81,97,4.067883,176.732329,0.252014,False,
5441,217.600000,82,86,3.175357,168.835865,0.948836,False,
5441,217.600000,82,87,2.106783,177.905266,0.854662,False,
5441,217.600000,82,88,2.022142,169.719450,0.985092,False,
5441,217.600000,82,89,4.907254,11.799315,0.633932,False,
5441,217.600000,82,96,3.819314,175.219079,0.097119,False,
5441,217.600000,82,97,3.508501,178.874373,0.358145,False,
5441,217.600000,83,84,0.906883,20.331713,0.999178,False,
5441,217.600000,83,85,3.516519,5.495039,0.045368,False,
5441,217.600000,83,91,2.076006,163.785688,0.339541,False,
5441,217.600000,83,92,1.445968,168.430899,0.915595,False,
5441,217.600000,83,93,1.288259,158.206748,0.735204,False,
5441,217.600000,83,94,0.556038,156.981937,0.561162,False,
5441,217.600000,83,95,1.310997,160.889600,0.488442,False,
5441,217.600000,84,85,3.529742,14.836673,0.062241,False,
5441,217.600000,84,91,2.798127,175.882600,0.872197,False,
5441,217.600000,84,92,1.859201,171.237388,0.924896,False,
5441,217.600000,84,93,2.031632,178.538460,0.659478,False,
5441,217.600000,84,94,1.397455,177.313649,0.966329,False,
5441,217.600000,84,95,2.151193,178.778687,0.982875,False,
5441,217.600000,85,86,2.864135,9.809013,0.149203,False,
5441,217.600000,85,87,3.992264,0.739613,0.062766,False,
5441,217.600000,85,88,4.003119,8.925428,0.305784,False,
5441,217.600000,85,89,4.021502,166.845563,0.261508,False,
5441,217.600000,85,91,2.784001,169.280727,0.505190,False,
5441,217.600000,85,92,2.194080,173.925938,0.285678,False,
5441,217.600000,85,93,2.892148,163.701787,0.440727,False,
5441,217.600000,85,94,3.910766,162.476976,0.683705,False,
5441,217.600000,85,95,4.404889,166.384639,0.500930,False,
5441,217.600000,86,87,1.129450,9.069400,0.105948,False,
5441,217.600000,86,88,1.269742,0.883585,0.706136,True,
5441,217.600000,86,89,3.616461,157.036550,0.775056,False,
5441,217.600000,86,92,4.972066,164.116925,0.984959,False,1.991623
5441,217.600000,87,88,0.726975,8.185816,0.976425,True,
5441,217.600000,87,89,4.100968,166.105950,0.943807,False,
5441,217.600000,88,89,3.462688,157.920135,0.918560,False,
5441,217.600000,88,92,5.992963,165.000510,0.991757,False,2.432859
5441,217.600000,88,94,7.728508,153.551548,0.998634,False,3.253846
5441,217.600000,89,91,4.209377,2.435164,0.230997,False,
5441,217.600000,89,92,4.841643,7.080376,0.472032,False,
5441,217.600000,89,93,4.942405,3.143776,0.249718,False,
5441,217.600000,91,92,1.188018,4.645212,0.988534,True,
5441,217.600000,91,93,0.788250,5.578940,0.580598,False,
5441,217.600000,91,94,2.051158,6.803751,0.306002,False,
5441,217.600000,91,95,2.104470,2.896087,0.024607,False,
5441,217.600000,92,93,0.786876,10.224151,0.867851,True,
5441,217.600000,92,94,1.744067,11.448962,0.264397,False,
5441,217.600000,92,95,2.213433,7.541299,0.514275,False,
5441,217.600000,93,94,1.318177,1.224811,0.082216,False,
5441,217.600000,93,95,1.562477,2.682853,0.381728,False,
5441,217.600000,94,95,0.761756,3.907664,0.986050,True,2.141712
5441,217.600000,96,97,0.979278,5.906548,0.999997,True,4.405889
5451,218.000000,76,77,1.970833,17.271617,0.835849,True,
5451,218.000000,76,78,1.275292,24.651061,0.800051,False,
5451,218.000000,76,81,1.022928,10.541693,0.999462,True,
5451,218.000000,76,82,1.855058,1.806631,0.936667,True,
5451,218.000000,76,86,4.355855,167.750511,0.427300,False,
5451,218.000000,76,87,3.414804,175.336975,0.888451,False,
5451,218.000000,76,88,3.041771,178.843551,0.718229,False,
5451,218.000000,76,89,3.719926,20.134877,0.393545,False,
5451,218.000000,76,92,7.809096,14.949383,0.203201,False,9.296737
5451,218.000000,76,96,4.487044,176.445361,0.738964,False,
5451,218.000000,76,97,3.871024,170.538812,0.730244,False,
5451,218.000000,77,78,0.731100,7.379445,0.991646,True,2.367215
5451,218.000000,77,81,2.879729,6.729924,0.947168,False,
5451,218.000000,77,82,3.761866,15.464986,0.898001,False,
5451,218.000000,77,86,4.844833,174.977872,0.874839,False,
5451,218.000000,77,87,4.286738,158.065358,0.967188,False,
5451,218.000000,77,88,3.660877,161.571934,0.999688,False,
5451,218.000000,77,89,2.540067,2.863260,0.051596,False,2.058312
5451,218.000000,78,81,2.149976,14.109368,0.956384,True,
5451,218.000000,78,82,3.033123,22.844431,0.910214,False,
5451,218.000000,78,86,4.406838,167.598427,0.879434,False,
5451,218.000000,78,87,3.727470,150.685913,0.965120,False,
5451,218.000000,78,88,3.154301,154.192489,0.999894,False,
5451,218.000000,78,89,2.717539,4.516185,0.250635,False,2.590534
5451,218.000000,81,82,0.884506,8.735063,0.862038,True,
5451,218.000000,81,86,3.852065,178.292204,0.035547,False,
5451,218.000000,81,87,2.777100,164.795282,0.892299,False,
5451,218.000000,81,88,2.598076,168.301858,0.969545,False,
5451,218.000000,81,89,4.132200,9.593184,0.607257,False,
5451,218.000000,81,96,3.735173,173.012946,0.348362,False,
5451,218.000000,81,97,3.269314,178.919495,0.433534,False,
5451,218.000000,82,86,4.010722,169.557142,0.997787,False,
5451,218.000000,82,87,2.859206,173.530344,0.457810,False,
5451,218.000000,82,88,2.901110,177.036920,0.994502,False,
5451,218.000000,82,89,4.900809,18.328246,0.627056,False,
5451,218.000000,82,96,2.925121,178.251991,0.613678,False,
5451,218.000000,82,97,2.583148,172.345442,0.873368,False,
5451,218.000000,83,84,1.099217,25.908916,0.995108,False,
5451,218.000000,83,85,3.448785,11.072242,0.026967,False,
5451,218.000000,83,91,2.823418,158.208484,0.686693,False,
5451,218.000000,83,92,2.343955,160.958814,0.991854,False,
5451,218.000000,83,93,2.014186,156.609926,0.939837,False,
5451,218.000000,83,94,0.714236,151.189525,0.884288,False,
5451,218.000000,83,95,1.169277,155.701416,0.331383,False,
5451,218.000000,84,85,3.378951,14.836673,0.098844,False,
5451,218.000000,84,91,3.459017,175.882600,0.762942,False,
5451,218.000000,84,92,2.614122,173.132270,0.783164,False,
5451,218.000000,84,93,2.624894,177.481158,0.788766,False,
5451,218.000000,84,94,1.628051,177.098441,0.570033,False,
5451,218.000000,84,95,2.241669,178.389668,0.992006,False,
5451,218.000000,85,86,2.977960,5.269049,0.016737,False,
5451,218.000000,85,87,4.136356,11.643465,0.161470,False,
5451,218.000000,85,88,4.110786,8.136889,0.307720,False,
5451,218.000000,85,89,4.700023,166.845563,0.448438,False,
5451,218.000000,85,91,2.199617,169.280727,0.176764,False,
5451,218.000000,85,92,1.312108,172.031056,0.113104,False,
5451,218.000000,85,93,2.117417,167.682169,0.063272,False,
5451,218.000000,85,94,3.031319,162.261768,0.448553,False,
5451,218.000000,85,95,3.547596,166.773658,0.317948,False,
5451,218.000000,86,87,1.160025,16.912514,0.171615,False,
5451,218.000000,86,88,1.315025,13.405938,0.660468,False,
5451,218.000000,86,89,3.603569,172.114612,0.859613,False,
5451,218.000000,86,91,4.393561,174.549776,0.842792,False,
5451,218.000000,86,92,4.110851,177.300106,0.656678,False,
5451,218.000000,86,93,4.759818,172.951218,0.999998,False,
5451,218.000000,87,88,0.715609,3.506576,0.932931,True,
5451,218.000000,87,89,3.703708,155.202098,0.849707,False,
5451,218.000000,87,92,5.242231,160.387592,0.949836,False,2.203144
5451,218.000000,88,89,3.000373,158.708674,0.814522,False,
5451,218.000000,88,92,5.095227,163.894168,0.981511,False,2.030152
5451,218.000000,88,93,5.635489,159.545280,0.994749,False,2.435761
5451,218.000000,88,94,6.884883,154.124879,0.982955,False,3.045369
5451,218.000000,89,91,4.274028,2.435164,0.232894,False,
5451,218.000000,89,92,4.962386,5.185494,0.457001,False,
5451,218.000000,91,92,1.220405,2.750330,0.978999,True,
5451,218.000000,91,93,0.836908,1.598558,0.555766,False,
5451,218.000000,91,94,2.122971,7.018959,0.269668,False,
5451,218.000000,91,95,2.174164,2.507069,0.030026,False,
5451,218.000000,92,93,0.825848,4.348888,0.859962,True,
5451,218.000000,92,94,1.805563,9.769289,0.311128,False,
5451,218.000000,92,95,2.251000,5.257398,0.534951,False,
5451,218.000000,93,94,1.336587,5.420401,0.083990,False,
5451,218.000000,93,95,1.564822,0.908511,0.350267,False,
5451,218.000000,94,95,0.724538,4.511891,0.989233,True,1.378646
5451,218.000000,96,97,0.926219,5.906549,0.998864,True,4.006040
5461,218.400000,76,77,1.990151,18.723845,0.871336,True,
5461,218.400000,76,78,1.249073,10.483935,0.753260,True,
5461,218.400000,76,81,1.089719,3.853013,0.917945,True,
5461,218.400000,76,82,2.016541,4.307709,0.842436,True,
5461,218.400000,76,86,4.836468,167.750511,0.362582,False,
5461,218.400000,76,87,3.743019,175.336975,0.822047,False,
5461,218.400000,76,88,3.471276,177.474662,0.554440,False,
5461,218.400000,76,89,3.426301,23.983419,0.505281,False,
5461,218.400000,76,96,4.024471,176.186565,0.821229,False,
5461,218.400000,76,97,3.391724,170.538812,0.810837,False,
5461,218.400000,77,78,0.766041,8.239911,0.969148,True,
5461,218.400000,77,81,3.058698,14.870833,0.892916,False,
5461,218.400000,77,82,3.988534,23.031554,0.851284,False,
5461,218.400000,77,87,4.455919,156.613129,0.975781,False,
5461,218.400000,77,88,3.928932,163.801492,0.996571,False,
5461,218.400000,77,89,2.222485,5.259574,0.014783,False,2.078145
5461,218.400000,78,81,2.299387,6.630922,0.852678,True,
5461,218.400000,78,82,3.227781,14.791643,0.813345,False,
5461,218.400000,78,86,4.855778,178.234446,0.658081,False,
5461,218.400000,78,87,3.950335,164.853040,0.999997,False,
5461,218.400000,78,88,3.491212,172.041403,0.925128,False,
5461,218.400000,78,89,2.439548,13.499484,0.283228,False,
5461,218.400000,78,97,4.640084,178.977253,0.760820,False,
5461,218.400000,81,82,0.930392,8.160721,0.836282,True,
5461,218.400000,81,86,4.682285,171.603524,0.935085,False,
5461,218.400000,81,87,3.497245,171.483962,0.193780,False,
5461,218.400000,81,88,3.421339,178.672325,0.169728,False,
5461,218.400000,81,89,4.186648,20.130407,0.617965,False,
5461,218.400000,81,96,2.978408,179.960423,0.746495,False,
5461,218.400000,81,97,2.430246,174.391825,0.992026,False,
5461,218.400000,82,86,4.856788,163.442803,0.996599,False,
5461,218.400000,82,87,3.656036,179.644683,0.304795,False,
5461,218.400000,82,88,3.746842,173.166954,0.684655,False,
5461,218.400000,82,89,4.990485,28.291128,0.649066,False,
5461,218.400000,82,96,2.078131,171.878856,0.983818,False,
5461,218.400000,82,97,1.653802,166.231103,0.999263,False,0.528986
5461,218.400000,83,84,1.140373,5.234011,0.970299,True,
5461,218.400000,83,85,3.383857,11.072242,0.055965,False,
5461,218.400000,83,91,3.584833,161.649568,0.978148,False,
5461,218.400000,83,92,3.240374,153.219801,0.999841,False,
5461,218.400000,83,93,2.819128,162.853699,0.992195,False,
5461,218.400000,83,94,1.481339,151.189525,0.994702,False,
5461,218.400000,83,95,1.586174,156.697394,0.867956,False,
5461,218.400000,84,85,3.300821,5.838231,0.241105,False,
5461,218.400000,84,91,4.101781,166.883579,0.947544,False,
5461,218.400000,84,92,3.445399,158.453812,0.957813,False,
5461,218.400000,84,93,3.268313,168.087710,0.950251,False,
5461,218.400000,84,94,2.091271,156.423536,0.845931,False,
5461,218.400000,84,95,2.484225,161.931405,0.733230,False,
5461,218.400000,85,86,3.092465,5.269049,0.002090,False,
5461,218.400000,85,87,4.281665,11.643465,0.177867,False,
5461,218.400000,85,88,4.258031,4.455102,0.276252,False,
5461,218.400000,85,91,1.988279,172.721811,0.874800,False,
5461,218.400000,85,92,0.845545,164.292044,0.490077,False,
5461,218.400000,85,93,1.538813,173.925941,0.646774,False,
5461,218.400000,85,94,2.207995,162.261768,0.280660,False,
5461,218.400000,85,95,2.781489,167.769636,0.032082,False,
5461,218.400000,86,87,1.202384,16.912514,0.266664,False,
5461,218.400000,86,88,1.380944,9.724151,0.651019,False,
5461,218.400000,86,89,3.874571,168.266069,0.469897,False,
5461,218.400000,86,91,3.680373,177.990860,0.993244,False,
5461,218.400000,86,92,3.291742,169.561093,0.999831,False,
5461,218.400000,86,93,3.965884,179.194991,0.756838,False,
5461,218.400000,87,88,0.664312,7.188363,0.940700,True,0.501985
5461,218.400000,87,89,3.560724,151.353555,0.548434,False,
5461,218.400000,87,91,4.636250,161.078346,0.990279,False,
5461,218.400000,87,92,4.412149,152.648579,0.994633,False,
5461,218.400000,88,89,2.899817,158.541918,0.630114,False,
5461,218.400000,88,91,4.322610,168.266709,0.986468,False,
5461,218.400000,88,92,4.259524,159.836942,0.939747,False,1.775192
5461,218.400000,88,93,4.814386,169.470840,0.917931,False,2.125798
5461,218.400000,89,91,4.402129,9.724791,0.233066,False,
5461,218.400000,91,92,1.150723,8.429767,0.972599,True,3.202212
5461,218.400000,91,93,0.839296,1.204131,0.632259,False,
5461,218.400000,91,94,2.109667,10.460043,0.258632,False,
5461,218.400000,91,95,2.188198,4.952175,0.008922,False,
5461,218.400000,92,93,0.774360,9.633898,0.829141,True,
5461,218.400000,92,94,1.844227,2.030276,0.378074,False,
5461,218.400000,92,95,2.269219,3.477592,0.569273,False,
5461,218.400000,93,94,1.340061,11.664174,0.073175,False,
5461,218.400000,93,95,1.595987,6.156305,0.312267,False,
5461,218.400000,94,95,0.685737,5.507868,0.985368,True,0.892800
5461,218.400000,96,97,0.877685,5.647753,0.995081,True,
5471,218.800000,76,77,2.007430,20.346320,0.913600,False,
5471,218.800000,76,78,1.228001,10.483935,0.794627,True,
5471,218.800000,76,81,1.237190,3.853013,0.795469,True,
5471,218.800000,76,82,2.207804,4.307709,0.777567,True,
5471,218.800000,76,87,4.123044,175.336975,0.756720,False,
5471,218.800000,76,88,3.931952,177.474662,0.483407,False,
5471,218.800000,76,89,3.188759,26.804656,0.610751,False,
5471,218.800000,76,96,3.665036,173.812057,0.924081,False,
5471,218.800000,76,97,2.983177,171.155730,0.888193,False,
5471,218.800000,77,78,0.802214,9.862385,0.983743,True,
5471,218.800000,77,81,3.243198,16.493307,0.880491,False,
5471,218.800000,77,82,4.215096,24.654029,0.851988,False,
5471,218.800000,77,87,4.733689,154.990654,0.964467,False,
5471,218.800000,77,88,4.303596,162.179018,0.999605,False,
5471,218.800000,77,89,1.968424,6.458336,0.079880,False,2.341071
5471,218.800000,77,97,4.988151,168.497950,0.736358,False,
5471,218.800000,78,81,2.464080,6.630922,0.810526,True,
5471,218.800000,78,82,3.428382,14.791643,0.789213,False,
5471,218.800000,78,87,4.257551,164.853040,0.990423,False,
5471,218.800000,78,88,3.900829,172.041403,0.868550,False,
5471,218.800000,78,89,2.201883,16.320721,0.389672,False,
5471,218.800000,78,96,4.871746,175.704008,0.852158,False,
5471,218.800000,78,97,4.209764,178.360335,0.829557,False,
5471,218.800000,81,82,0.978951,8.160721,0.863103,True,
5471,218.800000,81,87,4.278000,171.483962,0.296046,False,
5471,218.800000,81,88,4.263620,178.672325,0.112232,False,
5471,218.800000,81,89,4.281765,22.951643,0.667696,False,
5471,218.800000,81,96,2.450220,177.665070,0.999150,False,
5471,218.800000,81,97,1.745997,175.008743,0.860123,False,
5471,218.800000,82,87,4.479265,179.644683,0.239621,False,
5471,218.800000,82,88,4.595583,173.166954,0.668102,False,
5471,218.800000,82,96,1.474080,169.504349,0.888196,False,
5471,218.800000,82,97,0.802208,166.848022,0.931746,False,0.126949
5471,218.800000,83,84,1.128210,0.506828,0.972714,True,
5471,218.800000,83,85,3.320305,9.157701,0.096972,False,
5471,218.800000,83,91,4.399523,163.564109,0.996208,False,
5471,218.800000,83,92,4.140651,155.134342,0.999982,False,
5471,218.800000,83,93,3.669203,164.768240,0.999976,False,
5471,218.800000,83,94,2.321876,154.217970,0.999600,False,
5471,218.800000,83,95,2.280964,158.611935,0.977124,False,
5471,218.800000,84,85,3.241603,9.664530,0.251865,False,
5471,218.800000,84,91,4.826553,163.057281,0.991741,False,
5471,218.800000,84,92,4.319193,154.627514,0.993390,False,
5471,218.800000,84,93,4.014753,164.261412,0.996304,False,
5471,218.800000,84,94,2.754898,153.711142,0.966109,False,
5471,218.800000,84,95,2.961998,158.105106,0.912836,False,
5471,218.800000,85,86,3.207596,5.269049,0.011510,False,
5471,218.800000,85,87,4.428092,11.643465,0.193140,False,
5471,218.800000,85,88,4.405284,4.455102,0.275024,False,
5471,218.800000,85,91,2.219828,172.721811,0.998406,False,
5471,218.800000,85,92,1.282293,164.292044,0.983054,False,
5471,218.800000,85,93,1.459638,173.925941,0.977756,False,
5471,218.800000,85,94,1.526111,163.375671,0.094479,False,
5471,218.800000,85,95,2.163512,167.769636,0.319836,False,
5471,218.800000,86,87,1.255333,16.912514,0.352248,False,
5471,218.800000,86,88,1.447691,9.724151,0.668638,False,
5471,218.800000,86,89,4.351173,165.444833,0.080405,False,
5471,218.800000,86,91,3.039085,177.990860,0.959978,False,
5471,218.800000,86,92,2.510433,169.561093,0.992987,False,
5471,218.800000,86,93,3.203857,179.194991,0.823551,False,
5471,218.800000,86,94,4.353197,168.644721,0.913212,False,
5471,218.800000,86,95,4.798673,173.038685,0.822046,False,
5471,218.800000,87,88,0.613059,7.188363,0.937686,True,0.101983
5471,218.800000,87,89,3.665486,148.532319,0.213727,False,
5471,218.800000,87,91,3.862082,161.078346,0.978786,False,
5471,218.800000,87,92,3.585816,152.648579,0.997658,False,
5471,218.800000,87,93,4.218260,162.282477,0.999372,False,
5471,218.800000,88,89,3.095843,155.720682,0.242953,False,
5471,218.800000,88,91,3.534917,168.266709,0.994235,False,
5471,218.800000,88,92,3.424507,159.836942,0.944928,False,1.375193
5471,218.800000,88,93,3.994454,169.470840,0.925122,False,1.725798
5471,218.800000,89,91,4.515043,12.546027,0.225863,False,
5471,218.800000,90,97,12.559852,86.262612,0.937878,False,8.412134
5471,218.800000,91,92,1.081151,8.429767,0.974949,True,2.802212
5471,218.800000,91,93,0.841803,1.204131,0.641162,False,
5471,218.800000,91,94,2.099429,9.346139,0.236056,False,
5471,218.800000,91,95,2.202837,4.952175,0.025448,False,
5471,218.800000,92,93,0.727646,9.633898,0.779597,True,
5471,218.800000,92,94,1.878853,0.916372,0.366359,False,
5471,218.800000,92,95,2.288325,3.477592,0.552970,False,
5471,218.800000,93,94,1.347633,10.550270,0.023719,False,
5471,218.800000,93,95,1.628029,6.156305,0.334149,False,
5471,218.800000,94,95,0.655410,4.393965,0.980137,True,0.739899
5471,218.800000,96,97,0.859345,2.656327,0.986667,True,
5481,219.200000,76,77,2.032587,20.346320,0.937022,False,
5481,219.200000,76,78,1.212351,10.483935,0.833694,True,
5481,219.200000,76,81,1.440776,3.853013,0.671852,False,
5481,219.200000,76,82,2.421802,4.307709,0.716254,True,
5481,219.200000,76,87,4.599732,169.505477,0.346390,False,
5481,219.200000,76,88,4.414282,176.145164,0.390786,False,
5481,219.200000,76,89,2.980779,26.735133,0.690622,False,
5481,219.200000,76,93,7.352164,13.054498,0.134328,False,9.860054
5481,219.200000,76,96,3.411479,173.812057,0.978337,False,
5481,219.200000,76,97,2.671465,172.115438,0.955690,False,
5481,219.200000,77,78,0.840037,9.862385,0.990599,True,
5481,219.200000,77,81,3.433981,16.493307,0.860049,False,
5481,219.200000,77,82,4.443854,24.654029,0.840462,False,
5481,219.200000,77,88,4.742920,163.508516,0.985553,False,
5481,219.200000,77,89,1.714472,6.388813,0.113775,False,1.918366
5481,219.200000,77,97,4.700804,167.538242,0.799561,False,
5481,219.200000,78,81,2.641202,6.630922,0.770014,False,
5481,219.200000,78,82,3.633947,14.791643,0.766701,False,
5481,219.200000,78,87,4.711461,179.989412,0.668460,False,
5481,219.200000,78,88,4.365677,173.370901,0.783552,False,
5481,219.200000,78,89,1.980299,16.251198,0.479034,False,
5481,219.200000,78,96,4.574837,175.704008,0.921235,False,
5481,219.200000,78,97,3.868687,177.400627,0.892523,False,
5481,219.200000,81,82,1.029805,8.160721,0.885412,True,
5481,219.200000,81,89,4.382800,22.882120,0.697316,False,
5481,219.200000,81,96,2.278800,177.665070,0.926813,False,
5481,219.200000,81,97,1.437547,175.968450,0.280392,False,
5481,219.200000,82,96,1.415963,169.504349,0.382018,False,
5481,219.200000,82,97,0.595891,167.807729,0.315804,False,
5481,219.200000,83,85,3.258168,8.333518,0.127865,False,
5481,219.200000,83,93,4.537224,165.592423,0.998127,False,
5481,219.200000,83,94,3.185251,159.436118,0.997202,False,
5481,219.200000,83,95,3.067601,159.436118,0.998164,False,
5481,219.200000,85,86,3.287745,3.767860,0.011107,False,
5481,219.200000,85,87,4.558629,3.514084,0.071992,False,
5481,219.200000,85,88,4.553798,3.125604,0.262179,False,
5481,219.200000,85,91,2.785943,172.721811,0.966722,False,
5481,219.200000,85,92,2.123595,164.292044,0.992069,False,
5481,219.200000,85,93,1.941977,173.925941,0.957313,False,
5481,219.200000,85,94,1.227218,167.769636,0.759255,False,
5481,219.200000,85,95,1.848736,167.769636,0.700316,False,
5481,219.200000,86,87,1.307375,0.253777,0.232964,False,
5481,219.200000,86,88,1.531596,6.893464,0.664728,False,
5481,219.200000,86,89,4.972673,164.013167,0.301666,False,
5481,219.200000,86,91,2.497143,176.489671,0.243775,False,
5481,219.200000,86,92,1.782050,168.059904,0.715863,False,
5481,219.200000,86,93,2.468729,177.693802,0.013138,False,
5481,219.200000,86,94,3.549043,171.537497,0.634429,False,
5481,219.200000,86,95,4.048585,171.537496,0.412980,False,
5481,219.200000,87,88,0.655393,6.639687,0.985024,True,
5481,219.200000,87,89,4.076100,163.759391,0.189586,False,
5481,219.200000,87,91,3.163288,176.235894,0.991260,False,
5481,219.200000,87,92,2.783816,167.806127,0.991399,False,
5481,219.200000,87,93,3.431574,177.440025,0.801927,False,
5481,219.200000,87,94,4.667913,171.283720,0.997789,False,
5481,219.200000,87,96,4.871169,4.306580,0.217824,False,
5481,219.200000,87,97,4.956964,2.609961,0.064488,False,
5481,219.200000,88,89,3.523725,157.119703,0.046569,False,
5481,219.200000,88,91,2.772133,169.596207,0.995387,False,
5481,219.200000,88,92,2.594393,161.166440,0.941166,False,0.988144
5481,219.200000,88,93,3.181285,170.800338,0.899319,False,1.356244
5481,219.200000,88,94,4.488774,164.644033,0.973653,False,2.052664
5481,219.200000,88,95,4.838389,164.644032,0.999892,False,
5481,219.200000,89,91,4.630930,12.476504,0.242840,False,
5481,219.200000,90,97,11.983600,87.222320,0.937565,False,7.925989
5481,219.200000,91,92,1.011709,8.429767,0.977497,True,2.402213
5481,219.200000,91,93,0.844415,1.204131,0.649933,False,
5481,219.200000,91,94,2.091679,4.952174,0.255840,False,
5481,219.200000,91,95,2.218081,4.952175,0.041746,False,
5481,219.200000,92,93,0.686681,9.633898,0.717199,True,
5481,219.200000,92,94,1.897750,3.477593,0.314223,False,
5481,219.200000,92,95,2.308322,3.477592,0.536732,False,
5481,219.200000,93,94,1.351973,6.156305,0.026727,False,
5481,219.200000,93,95,1.660929,6.156305,0.355005,False,
5481,219.200000,94,95,0.658321,0.000000,0.967450,True,
5481,219.200000,96,97,0.853581,1.696619,0.976932,True,
5491,219.600000,76,77,2.065340,20.346320,0.956342,False,
5491,219.600000,76,78,1.202331,10.483935,0.869690,True,
5491,219.600000,76,81,1.687248,1.229933,0.548616,False,
5491,219.600000,76,82,2.638120,4.522113,0.663237,False,
5491,219.600000,76,88,4.909264,163.015407,0.034515,False,
5491,219.600000,76,89,2.805199,26.461442,0.771723,False,
5491,219.600000,76,96,3.288384,173.812057,0.999994,False,
5491,219.600000,76,97,2.491964,172.115438,0.998346,False,
5491,219.600000,77,78,0.879301,9.862385,0.995231,True,
5491,219.600000,77,81,3.642645,19.116387,0.827645,False,
5491,219.600000,77,82,4.661446,24.868433,0.833011,False,
5491,219.600000,77,89,1.456181,6.115122,0.156511,False,1.447921
5491,219.600000,77,97,4.520326,167.538242,0.883959,False,
5491,219.600000,78,81,2.838821,9.254002,0.716053,False,
5491,219.600000,78,82,3.829545,15.006048,0.748674,False,
5491,219.600000,78,88,4.886897,173.499342,0.223443,False,
5491,219.600000,78,89,1.776502,15.977507,0.582582,False,
5491,219.600000,78,96,4.395119,175.704008,0.973239,False,
5491,219.600000,78,97,3.641048,177.400627,0.959732,False,
5491,219.600000,81,82,1.056156,5.752046,0.895367,True,
5491,219.600000,81,89,4.491633,25.231509,0.713881,False,
5491,219.600000,81,96,2.515048,175.041990,0.518319,False,
5491,219.600000,81,97,1.693861,173.345371,0.280609,False,
5491,219.600000,82,96,1.938321,169.289944,0.016917,False,
5491,219.600000,82,97,1.340217,167.593325,0.684313,False,
5491,219.600000,85,86,3.332584,2.480748,0.008221,False,
5491,219.600000,85,87,4.683324,9.866079,0.005999,False,
5491,219.600000,85,88,4.714824,10.004153,0.149410,False,
5491,219.600000,85,91,3.529133,172.721811,0.898288,False,
5491,219.600000,85,92,3.051389,164.292044,0.967732,False,
5491,219.600000,85,93,2.728995,165.904888,0.982250,False,
5491,219.600000,85,94,1.587765,167.769636,0.998136,False,
5491,219.600000,85,95,1.998588,166.466570,0.931261,False,
5491,219.600000,86,87,1.377324,7.385331,0.143785,False,
5491,219.600000,86,88,1.608212,7.523406,0.533687,False,
5491,219.600000,86,91,2.174535,175.202559,0.749701,False,
5491,219.600000,86,92,1.280462,166.772792,0.036162,False,
5491,219.600000,86,93,1.898135,168.385636,0.035727,False,
5491,219.600000,86,94,2.756425,170.250384,0.276482,False,
5491,219.600000,86,95,3.324599,168.947318,0.172988,False,
5491,219.600000,87,88,0.656104,0.138074,0.997496,True,
5491,219.600000,87,89,4.678848,170.385077,0.218669,False,
5491,219.600000,87,91,2.575883,177.412110,0.128470,False,
5491,219.600000,87,92,2.041945,174.158123,0.986429,False,
5491,219.600000,87,93,2.725366,175.770967,0.998837,False,
5491,219.600000,87,94,3.894686,177.635716,0.941731,False,
5491,219.600000,87,95,4.363260,176.332649,0.990428,False,
5491,219.600000,87,96,4.726816,10.658576,0.254577,False,
5491,219.600000,87,97,4.873288,8.961957,0.102882,False,
5491,219.600000,88,89,4.159394,170.523151,0.295461,False,
5491,219.600000,88,91,2.121587,177.274036,0.424528,False,
5491,219.600000,88,92,1.807243,174.296197,0.664046,False,0.767564
5491,219.600000,88,93,2.440704,175.909041,0.714396,False,
5491,219.600000,88,94,3.723712,177.773790,0.477685,False,
5491,219.600000,88,95,4.113064,176.470723,0.714973,False,
5491,219.600000,88,96,4.956369,10.796650,0.370597,False,9.113313
5491,219.600000,88,97,4.993396,9.100031,0.227979,False,
5491,219.600000,89,91,4.754336,12.202813,0.259614,False,
5491,219.600000,89,97,4.897591,161.423120,0.592742,False,
5491,219.600000,90,97,11.407365,87.222320,0.937874,False,7.525990
5491,219.600000,91,92,0.942428,8.429767,0.980250,True,2.002205
5491,219.600000,91,93,0.808117,6.816923,0.557565,False,3.532170
5491,219.600000,91,94,2.084570,4.952174,0.238934,False,
5491,219.600000,91,95,2.228180,6.255241,0.074001,False,
5491,219.600000,92,93,0.689706,1.612844,0.741384,True,
5491,219.600000,92,94,1.917268,3.477593,0.297036,False,
5491,219.600000,92,95,2.328041,2.174526,0.533931,False,
5491,219.600000,93,94,1.361552,1.864749,0.033186,False,
5491,219.600000,93,95,1.672808,0.561682,0.425353,False,
5491,219.600000,94,95,0.668925,1.303067,0.969328,True,
5491,219.600000,96,97,0.850922,1.696619,0.962219,True,
5501,220.000000,76,77,2.088232,17.404591,0.967896,True,
5501,220.000000,76,78,1.191621,11.447903,0.918789,True,
5501,220.000000,76,81,1.975101,9.822187,0.382737,False,
5501,220.000000,76,82,2.861829,4.578938,0.617569,False,
5501,220.000000,76,89,2.676350,26.461442,0.850706,False,
5501,220.000000,76,96,3.310335,173.812057,0.978496,False,
5501,220.000000,76,97,2.473628,172.115438,0.979368,False,
5501,220.000000,77,78,0.905635,5.956688,0.996015,True,
5501,220.000000,77,81,3.881123,27.226778,0.745254,False,
5501,220.000000,77,82,4.855239,21.983530,0.821350,False,
5501,220.000000,77,89,1.227759,9.056851,0.210119,False,1.337644
5501,220.000000,77,97,4.448443,170.479971,0.955015,False,
5501,220.000000,78,81,3.066689,21.270090,0.628071,False,
5501,220.000000,78,82,4.011534,16.026842,0.746354,False,
5501,220.000000,78,89,1.630087,15.013539,0.690154,False,
5501,220.000000,78,96,4.354095,174.740040,0.996832,False,
5501,220.000000,78,97,3.553453,176.436659,0.994116,False,
5501,220.000000,81,82,1.010768,5.243248,0.844280,True,3.633867
5501,220.000000,81,89,4.640075,36.283629,0.696832,False,
5501,220.000000,81,96,2.997748,163.989870,0.130032,False,
5501,220.000000,81,97,2.271085,162.293251,0.589377,False,
5501,220.000000,82,96,2.716543,169.233119,0.205955,False,
5501,220.000000,82,97,2.217595,167.536499,0.761977,False,
5501,220.000000,85,86,3.364212,4.945033,0.000569,False,
5501,220.000000,85,87,4.794749,12.330364,0.007796,False,
5501,220.000000,85,88,4.860528,12.468438,0.149238,False,
5501,220.000000,85,91,4.304076,172.996431,0.811772,False,
5501,220.000000,85,92,3.880613,171.143859,0.629861,False,
5501,220.000000,85,93,3.584797,162.561752,0.989745,False,
5501,220.000000,85,94,2.293936,165.305352,0.995093,False,
5501,220.000000,85,95,2.505790,163.456821,0.979517,False,
5501,220.000000,86,87,1.450694,7.385331,0.096781,False,
5501,220.000000,86,88,1.693151,7.523406,0.474634,False,
5501,220.000000,86,91,2.190882,177.941464,0.998921,False,
5501,220.000000,86,92,1.267482,176.088892,0.993410,False,
5501,220.000000,86,93,1.686456,167.506784,0.491224,False,
5501,220.000000,86,94,2.068375,170.250384,0.026210,False,
5501,220.000000,86,95,2.717098,168.401854,0.011813,False,
5501,220.000000,87,88,0.660500,0.138074,0.989454,True,
5501,220.000000,87,91,2.154976,174.673205,0.560156,False,
5501,220.000000,87,92,1.450172,176.525776,0.955936,False,
5501,220.000000,87,93,2.130592,174.892116,0.958935,False,
5501,220.000000,87,94,3.154934,177.635716,0.973568,False,
5501,220.000000,87,95,3.686542,175.787185,0.972551,False,
5501,220.000000,87,96,4.583024,10.658576,0.243708,False,
5501,220.000000,87,97,4.790385,8.961957,0.090126,False,
5501,220.000000,88,89,4.875008,170.523151,0.181664,False,
5501,220.000000,88,91,1.601733,174.535131,0.262265,False,
5501,220.000000,88,92,1.121098,176.387702,0.956318,False,0.343274
5501,220.000000,88,93,1.755656,175.030190,0.875964,False,
5501,220.000000,88,94,2.971274,177.773790,0.539277,False,
5501,220.000000,88,95,3.413299,175.925259,0.803203,False,
5501,220.000000,88,96,4.763059,10.796650,0.368579,False,8.713324
5501,220.000000,88,97,4.855871,9.100031,0.220878,False,
5501,220.000000,89,91,4.911638,14.941718,0.291551,False,
5501,220.000000,89,97,4.628620,161.423120,0.417662,False,
5501,220.000000,90,95,4.608780,107.155983,0.753945,False,
5501,220.000000,90,97,10.830667,86.018788,0.940686,False,7.098088
5501,220.000000,91,92,0.935220,1.852571,0.990435,True,
5501,220.000000,91,93,0.736157,10.434679,0.519958,False,0.813654
5501,220.000000,91,94,2.046495,7.691079,0.237660,False,
5501,220.000000,91,95,2.210280,9.539610,0.089282,False,
5501,220.000000,92,93,0.680465,8.582108,0.791523,True,
5501,220.000000,92,94,1.859879,5.838508,0.250108,False,
5501,220.000000,92,95,2.295162,7.687038,0.501624,False,
5501,220.000000,93,94,1.371929,2.743600,0.025532,False,
5501,220.000000,93,95,1.681669,0.895069,0.430282,False,
5501,220.000000,94,95,0.682777,1.848531,0.970975,True,
5501,220.000000,96,97,0.851395,1.696619,0.943928,True,
5511,220.400000,76,77,2.097756,13.813182,0.979110,True,
5511,220.400000,76,78,1.190421,11.797046,0.957309,True,
5511,220.400000,76,81,2.265940,9.822187,0.351544,False,
5511,220.400000,76,82,3.094026,4.578938,0.577281,False,
5511,220.400000,76,89,2.536262,13.041585,0.798560,False,
5511,220.400000,76,91,5.942698,10.231343,0.083517,False,9.588306
5511,220.400000,76,96,3.396845,177.946895,0.979433,False,
5511,220.400000,76,97,2.575926,177.999541,0.952656,False,
5511,220.400000,77,78,0.911896,2.016137,0.997800,True,
5511,220.400000,77,81,4.085772,23.635369,0.738436,False,
5511,220.400000,77,89,1.111672,0.771597,0.038406,False,1.763116
5511,220.400000,77,97,4.450516,168.187277,0.941822,False,
5511,220.400000,78,81,3.288104,21.619232,0.629968,False,
5511,220.400000,78,82,4.189054,16.375984,0.741397,False,
5511,220.400000,78,89,1.504076,1.244540,0.622659,False,
5511,220.400000,78,96,4.387289,166.149849,0.976661,False,
5511,220.400000,78,97,3.579826,170.203414,0.991716,False,
5511,220.400000,81,82,0.965402,5.243248,0.841705,True,3.233873
5511,220.400000,81,89,4.758118,22.863772,0.608760,False,
5511,220.400000,81,96,3.625978,172.230918,0.050489,False,
5511,220.400000,81,97,3.020557,168.177354,0.568664,False,
5511,220.400000,82,96,3.544629,177.474167,0.199938,False,
5511,220.400000,82,97,3.124381,173.420602,0.484826,False,
5511,220.400000,85,86,3.396400,4.945033,0.012314,False,
5511,220.400000,85,87,4.908250,12.330364,0.012525,False,
5511,220.400000,85,88,4.930207,12.023705,0.119959,False,
5511,220.400000,85,92,4.728242,171.143859,0.586009,False,
5511,220.400000,85,93,4.479269,162.561752,0.974986,False,
5511,220.400000,85,94,3.142098,161.398870,0.990353,False,
5511,220.400000,85,95,3.213823,163.456821,0.999884,False,
5511,220.400000,86,87,1.527009,7.385331,0.054197,False,
5511,220.400000,86,88,1.712898,7.078673,0.433295,False,
5511,220.400000,86,91,2.530066,179.229845,0.875960,False,
5511,220.400000,86,92,1.737556,176.088892,0.827090,False,
5511,220.400000,86,93,1.948356,167.506784,0.845686,False,
5511,220.400000,86,94,1.651778,166.343903,0.239924,False,
5511,220.400000,86,95,2.319052,168.401854,0.333915,False,
5511,220.400000,87,88,0.659250,0.306659,0.995338,True,
5511,220.400000,87,91,1.985252,173.384824,0.400414,False,
5511,220.400000,87,92,1.105022,176.525776,0.968328,False,
5511,220.400000,87,93,1.758466,174.892116,0.774857,False,
5511,220.400000,87,94,2.494370,173.729234,0.960055,False,
5511,220.400000,87,95,3.088849,175.787185,0.917804,False,
5511,220.400000,87,96,4.452108,18.899624,0.137656,False,
5511,220.400000,87,97,4.699464,14.846059,0.008856,False,
5511,220.400000,88,91,1.327910,173.691483,0.763989,False,
5511,220.400000,88,92,0.491154,176.832435,0.971965,False,
5511,220.400000,88,93,1.176245,174.585457,0.419066,False,
5511,220.400000,88,94,2.180353,173.422575,0.815225,False,
5511,220.400000,88,95,2.695487,175.480527,0.473133,False,
5511,220.400000,88,96,4.642617,18.592965,0.276639,False,
5511,220.400000,88,97,4.779047,14.539401,0.148494,False,
5511,220.400000,89,91,4.965911,2.810243,0.425975,False,
5511,220.400000,89,97,4.397248,168.958874,0.402558,False,
5511,220.400000,90,94,4.927765,109.213934,0.679751,False,
5511,220.400000,90,95,4.269909,107.155983,0.671682,False,
5511,220.400000,90,96,10.445142,95.956455,0.912274,False,6.069654
5511,220.400000,91,92,0.919604,3.140952,0.986465,True,
5511,220.400000,91,93,0.652820,11.723060,0.465768,False,0.264354
5511,220.400000,91,94,1.985606,12.885942,0.171434,False,
5511,220.400000,91,95,2.183604,10.827991,0.115965,False,
5511,220.400000,92,93,0.685663,8.582108,0.871747,True,
5511,220.400000,92,94,1.807926,9.744990,0.331747,False,
5511,220.400000,92,95,2.264981,7.687038,0.531374,False,
5511,220.400000,93,94,1.376084,1.162882,0.065513,False,
5511,220.400000,93,95,1.690611,0.895069,0.424012,False,
5511,220.400000,94,95,0.669707,2.057951,0.974618,True,2.289949
5511,220.400000,96,97,0.820949,4.053565,0.969802,True,3.785860
5521,220.800000,76,77,2.146171,14.726180,0.983585,True,
5521,220.800000,76,78,1.230212,12.710044,0.964511,True,
5521,220.800000,76,81,2.493582,8.909189,0.345192,False,
5521,220.800000,76,82,3.273583,3.665940,0.552066,False,
5521,220.800000,76,89,2.453962,9.796352,0.799026,True,
5521,220.800000,76,96,3.630356,177.913483,0.930086,False,
5521,220.800000,76,97,2.853611,178.510913,0.857235,False,
5521,220.800000,77,78,0.920587,2.016137,0.999885,True,
5521,220.800000,77,81,4.290431,23.635369,0.739497,False,
5521,220.800000,77,89,1.013607,4.929828,0.034050,False,1.781484
5521,220.800000,77,97,4.589666,166.762906,0.976833,False,
5521,220.800000,78,81,3.509566,21.619232,0.627230,False,
5521,220.800000,78,82,4.367219,16.375984,0.733357,False,
5521,220.800000,78,89,1.378462,2.913692,0.628777,False,
5521,220.800000,78,96,4.551580,165.203439,0.997065,False,
5521,220.800000,78,97,3.758091,168.779043,0.999576,False,
5521,220.800000,81,82,0.920060,5.243248,0.838855,True,2.833867
5521,220.800000,81,89,4.867894,18.705541,0.593714,False,
5521,220.800000,81,96,4.376305,173.177328,0.141775,False,
5521,220.800000,81,97,3.858551,169.601725,0.601801,False,
5521,220.800000,82,96,4.419745,178.420577,0.201892,False,
5521,220.800000,82,97,4.045322,174.844973,0.390178,False,
5521,220.800000,85,86,3.418033,1.126821,0.016784,False,
5521,220.800000,85,87,4.955761,2.990920,0.051416,False,
5521,220.800000,85,88,4.982604,11.936345,0.096711,False,
5521,220.800000,85,94,4.039226,159.768685,0.983132,False,
5521,220.800000,85,95,4.017891,163.456821,0.988688,False,
5521,220.800000,86,87,1.551351,1.864099,0.150211,False,
5521,220.800000,86,88,1.710776,10.809523,0.412103,False,
5521,220.800000,86,91,3.075570,175.411633,0.892180,False,
5521,220.800000,86,92,2.414843,172.270681,0.795796,False,
5521,220.800000,86,93,2.499397,165.576227,0.989306,False,
5521,220.800000,86,94,1.676854,160.895506,0.640499,False,
5521,220.800000,86,95,2.211681,164.583642,0.598830,False,
5521,220.800000,87,88,0.586800,8.945424,0.999221,True,
5521,220.800000,87,91,2.081514,177.275732,0.996757,False,
5521,220.800000,87,92,1.199217,174.134780,0.992165,False,
5521,220.800000,87,93,1.674625,167.440326,0.629929,False,
5521,220.800000,87,94,1.893443,162.759605,0.301483,False,
5521,220.800000,87,95,2.529727,166.447741,0.111686,False,
5521,220.800000,87,96,4.404239,10.506590,0.043737,False,
5521,220.800000,87,97,4.676473,6.930986,0.087134,False,
5521,220.800000,88,91,1.540260,173.778843,0.431996,False,
5521,220.800000,88,92,0.724903,176.919796,0.411856,False,
5521,220.800000,88,93,1.092700,176.385750,0.956497,False,
5521,220.800000,88,94,1.478454,171.705029,0.404291,False,
5521,220.800000,88,95,2.079788,175.393166,0.139555,False,
5521,220.800000,88,96,4.544313,19.452014,0.240817,False,
5521,220.800000,88,97,4.720332,15.876411,0.110828,False,
5521,220.800000,89,91,4.990834,1.347989,0.456037,False,
5521,220.800000,89,97,4.312917,171.692735,0.769083,False,
5521,220.800000,90,94,4.642557,110.844120,0.605990,False,
5521,220.800000,90,95,3.999569,107.155983,0.565377,False,
5521,220.800000,90,96,9.790526,96.902865,0.906948,False,5.680197
5521,220.800000,91,92,0.905345,3.140952,0.979316,True,
5521,220.800000,91,93,0.596233,9.835407,0.412050,False,
5521,220.800000,91,94,1.924359,14.516127,0.106713,False,
5521,220.800000,91,95,2.159871,10.827991,0.152884,False,
5521,220.800000,91,96,4.559288,166.769142,0.158373,False,
5521,220.800000,91,97,4.469181,170.344746,0.202388,False,
5521,220.800000,92,93,0.697899,6.694454,0.911751,True,
5521,220.800000,92,94,1.762699,11.375175,0.400156,False,
5521,220.800000,92,95,2.237597,7.687038,0.561224,False,
5521,220.800000,92,96,4.221044,163.628190,0.294304,False,
5521,220.800000,92,97,4.287925,167.203793,0.365823,False,
5521,220.800000,93,94,1.359666,4.680721,0.090784,False,
5521,220.800000,93,95,1.688243,0.992584,0.413894,False,
5521,220.800000,93,96,4.824309,156.933736,0.555718,False,
5521,220.800000,93,97,4.820745,160.509339,0.655320,False,
5521,220.800000,94,95,0.645556,3.688136,0.971237,True,0.784138
5521,220.800000,96,97,0.793644,3.575604,0.968053,True,3.312273
5531,221.200000,76,77,2.209603,14.965801,0.987859,True,
5531,221.200000,76,78,1.284583,12.949664,0.968908,True,
5531,221.200000,76,81,2.696387,13.119233,0.307225,False,
5531,221.200000,76,82,3.430241,3.426320,0.532763,False,
5531,221.200000,76,89,2.409452,9.353014,0.825887,True,
5531,221.200000,76,96,4.009474,178.153103,0.851861,False,
5531,221.200000,76,97,3.293937,178.271293,0.727803,False,
5531,221.200000,77,78,0.931640,2.016137,0.999391,True,
5531,221.200000,77,81,4.510419,28.085033,0.715312,False,
5531,221.200000,77,89,0.933155,5.612787,0.081364,False,1.835475
5531,221.200000,77,97,4.865941,166.762906,0.998676,False,
5531,221.200000,78,81,3.742087,26.068897,0.594810,False,
5531,221.200000,78,82,4.545956,16.375984,0.725856,False,
5531,221.200000,78,89,1.266113,3.596651,0.662502,False,
5531,221.200000,78,96,4.841077,165.203439,0.996779,False,
5531,221.200000,78,97,4.079552,168.779043,0.977950,False,
5531,221.200000,81,82,0.851546,9.692913,0.794815,True,1.573421
5531,221.200000,81,89,4.996542,22.472246,0.573249,False,
5531,221.200000,81,97,4.718682,165.152060,0.704883,False,
5531,221.200000,82,97,4.972313,174.844973,0.418210,False,
5531,221.200000,85,86,3.436920,0.197429,0.024064,False,
5531,221.200000,85,87,4.958417,1.889610,0.096026,False,
5531,221.200000,85,94,4.955183,159.768685,0.971755,False,
5531,221.200000,85,95,4.864792,149.294737,0.988488,False,
5531,221.200000,86,87,1.537703,2.087039,0.213923,False,
5531,221.200000,86,88,1.783366,9.463318,0.595627,False,
5531,221.200000,86,91,3.753560,174.482241,0.835479,False,
5531,221.200000,86,92,3.179952,171.341289,0.731750,False,
5531,221.200000,86,93,3.125083,174.161501,0.792514,False,
5531,221.200000,86,94,2.143282,159.966114,0.896560,False,
5531,221.200000,86,95,2.526996,149.492167,0.804820,False,
5531,221.200000,87,88,0.643406,7.376278,0.995940,True,
5531,221.200000,87,91,2.487054,172.395202,0.978497,False,
5531,221.200000,87,92,1.751526,169.254249,0.903597,False,
5531,221.200000,87,93,1.915517,172.074462,0.982956,False,
5531,221.200000,87,94,1.553564,157.879075,0.331358,False,
5531,221.200000,87,95,2.249130,147.405127,0.295237,False,
5531,221.200000,87,96,4.409329,5.626060,0.006201,False,
5531,221.200000,87,97,4.698821,2.050456,0.130706,False,
5531,221.200000,88,91,1.991920,165.018924,0.982819,False,
5531,221.200000,88,92,1.411096,161.877971,0.944082,False,
5531,221.200000,88,93,1.377928,164.698183,0.998454,False,
5531,221.200000,88,94,0.941908,150.502796,0.167222,False,
5531,221.200000,88,95,1.660992,140.028849,0.097143,False,
5531,221.200000,88,96,4.501346,1.750219,0.072864,False,
5531,221.200000,88,97,4.688502,5.325822,0.057216,False,
5531,221.200000,89,91,4.999467,2.030948,0.457615,False,
5531,221.200000,89,97,4.415022,172.375693,0.938261,False,
5531,221.200000,90,94,4.434190,110.844120,0.493239,False,
5531,221.200000,90,95,3.708074,121.318067,0.546077,False,
5531,221.200000,90,96,9.135970,96.902865,0.905844,False,5.280202
5531,221.200000,91,92,0.892510,3.140952,0.970386,True,
5531,221.200000,91,93,0.632041,0.320740,0.457985,False,
5531,221.200000,91,94,1.868204,14.516127,0.053927,False,
5531,221.200000,91,95,2.198130,24.990074,0.347853,False,
5531,221.200000,91,96,3.803848,166.769142,0.040202,False,
5531,221.200000,91,97,3.658964,170.344746,0.112054,False,
5531,221.200000,92,93,0.687459,2.820212,0.860357,True,4.817685
5531,221.200000,92,94,1.723595,11.375175,0.454676,False,
5531,221.200000,92,95,2.301159,21.849122,0.708392,False,
5531,221.200000,92,96,3.418327,163.628190,0.210288,False,
5531,221.200000,92,97,3.453241,167.203793,0.319285,False,
5531,221.200000,93,94,1.275546,14.195387,0.097881,False,
5531,221.200000,93,95,1.719179,24.669334,0.550418,False,
5531,221.200000,93,96,4.046913,166.448402,0.039907,False,
5531,221.200000,93,97,4.011395,170.024006,0.101473,False,
5531,221.200000,94,95,0.726325,10.473947,0.988588,True,
5531,221.200000,96,97,0.766979,3.575604,0.960250,True,2.912215
5541,221.600000,76,77,2.267462,13.510658,0.990284,True,
5541,221.600000,76,78,1.320114,10.153536,0.976676,True,
5541,221.600000,76,81,2.899613,13.621004,0.307906,False,
5541,221.600000,76,89,2.386121,5.996115,0.823623,True,
5541,221.600000,76,96,4.492992,178.153103,0.767803,False,
5541,221.600000,76,97,3.845230,178.178389,0.613374,False,
5541,221.600000,77,78,0.950444,3.357123,0.999999,True,
5541,221.600000,77,81,4.727114,27.131663,0.708296,False,
5541,221.600000,77,89,0.915972,7.514544,0.169934,False,
5541,221.600000,78,81,3.939383,23.774540,0.596347,False,
5541,221.600000,78,89,1.231058,4.157421,0.623066,False,7.227850
5541,221.600000,78,97,4.537651,171.668075,0.930978,False,
5541,221.600000,85,86,3.455829,0.197429,0.023420,False,
5541,221.600000,85,87,4.961141,1.889610,0.099449,False,
5541,221.600000,86,87,1.524361,2.087039,0.228057,False,
5541,221.600000,86,88,1.866191,11.677780,0.637412,False,
5541,221.600000,86,91,4.507914,174.482241,0.765520,False,
5541,221.600000,86,92,3.984486,171.341289,0.670233,False,
5541,221.600000,86,93,3.839418,174.161501,0.703374,False,
5541,221.600000,86,94,2.846460,159.966114,0.977548,False,
5541,221.600000,86,95,3.075719,147.862982,0.924135,False,
5541,221.600000,87,88,0.723548,9.590740,0.999360,True,
5541,221.600000,87,91,3.114728,172.395202,0.902172,False,
5541,221.600000,87,92,2.497726,169.254249,0.787422,False,
5541,221.600000,87,93,2.459357,172.074462,0.877989,False,
5541,221.600000,87,94,1.738731,157.879075,0.788577,False,
5541,221.600000,87,95,2.314374,145.775943,0.635205,False,
5541,221.600000,87,96,4.414998,5.626060,0.017748,False,
5541,221.600000,87,97,4.711595,1.957552,0.133474,False,
5541,221.600000,88,90,4.732650,102.093622,0.998845,False,
5541,221.600000,88,91,2.643964,162.804462,0.999999,False,
5541,221.600000,88,92,2.190542,159.663509,0.908318,False,
5541,221.600000,88,93,1.975524,162.483722,0.976905,False,
5541,221.600000,88,94,1.054318,148.288335,0.667724,False,
5541,221.600000,88,95,1.591554,136.185203,0.391691,False,
5541,221.600000,88,96,4.464507,3.964680,0.062398,False,
5541,221.600000,88,97,4.650621,7.633188,0.061281,False,
5541,221.600000,89,91,4.942587,5.387846,0.479111,False,
5541,221.600000,89,97,4.651141,175.825496,0.982000,False,
5541,221.600000,90,94,4.306539,109.618044,0.363432,False,
5541,221.600000,90,95,3.497611,121.721176,0.409081,False,
5541,221.600000,90,96,8.473743,98.128941,0.909122,False,4.806623
5541,221.600000,91,92,0.881159,3.140952,0.959577,True,
5541,221.600000,91,93,0.668545,0.320740,0.429883,False,
5541,221.600000,91,94,1.817605,14.516127,0.002124,False,
5541,221.600000,91,95,2.256600,26.619259,0.433409,False,
5541,221.600000,91,96,3.127611,166.769142,0.133083,False,
5541,221.600000,91,97,2.888590,170.437650,0.069630,False,
5541,221.600000,92,93,0.677436,2.820212,0.847333,True,4.417660
5541,221.600000,92,94,1.691039,11.375175,0.509745,False,
5541,221.600000,92,95,2.383071,23.478307,0.759387,False,
5541,221.600000,92,96,2.656867,163.628190,0.073541,False,
5541,221.600000,92,97,2.623256,167.296697,0.212514,False,
5541,221.600000,93,94,1.200019,14.195387,0.184230,False,
5541,221.600000,93,95,1.775544,26.298519,0.641620,False,
5541,221.600000,93,96,3.311283,166.448402,0.082437,False,
5541,221.600000,93,97,3.213731,170.116909,0.010595,False,
5541,221.600000,94,95,0.819213,12.103132,0.986986,True,
5541,221.600000,94,96,4.296116,152.253015,0.625096,False,
5541,221.600000,94,97,4.313585,155.921522,0.710409,False,
5541,221.600000,95,97,4.985742,143.818390,0.558178,False,
5541,221.600000,96,97,0.737041,3.668507,0.954245,True,1.897746
5551,222.000000,76,77,2.294433,7.340561,0.984288,True,
5551,222.000000,76,78,1.357232,9.886150,0.986384,True,
5551,222.000000,76,89,2.365933,5.996115,0.843834,True,
5551,222.000000,76,97,4.539541,177.476518,0.501646,False,
5551,222.000000,77,78,0.937526,2.545589,0.997144,True,
5551,222.000000,77,89,0.881133,1.344447,0.238526,False,3.434604
5551,222.000000,78,89,1.200451,3.890035,0.618408,False,7.951412
5551,222.000000,86,87,1.511346,2.087039,0.242390,False,
5551,222.000000,86,88,1.950968,11.677780,0.660925,False,
5551,222.000000,86,90,4.759250,92.214308,0.855762,False,
5551,222.000000,86,92,4.780259,178.791853,0.269104,False,
5551,222.000000,86,93,4.601302,174.161501,0.635563,False,
5551,222.000000,86,94,3.702631,149.668544,0.965766,False,
5551,222.000000,86,95,3.751065,147.862982,0.974254,False,
5551,222.000000,87,88,0.806785,9.590740,0.999745,True,
5551,222.000000,87,90,4.776547,94.301348,0.983270,False,
5551,222.000000,87,91,3.783808,175.382633,0.410820,False,
5551,222.000000,87,92,3.278264,179.121108,0.414377,False,
5551,222.000000,87,93,3.153102,172.074462,0.772479,False,
5551,222.000000,87,94,2.394182,147.581505,0.885205,False,
5551,222.000000,87,95,2.689738,145.775943,0.848257,False,
5551,222.000000,87,96,4.399903,2.029778,0.008927,False,
5551,222.000000,87,97,4.637903,1.255681,0.132985,False,
5551,222.000000,88,90,4.103535,103.892088,0.999902,False,
5551,222.000000,88,91,3.326348,175.026627,0.725814,False,
5551,222.000000,88,92,2.977038,169.530367,0.682298,False,
5551,222.000000,88,93,2.692137,162.483722,0.925927,False,
5551,222.000000,88,94,1.752072,137.990765,0.886558,False,
5551,222.000000,88,95,1.912770,136.185203,0.744392,False,
5551,222.000000,88,96,4.412831,7.560962,0.112399,False,
5551,222.000000,88,97,4.527328,8.335059,0.033587,False,
5551,222.000000,89,91,4.959224,6.834318,0.579365,False,
5551,222.000000,90,94,4.205292,118.117147,0.380796,False,
5551,222.000000,90,95,3.392288,119.922710,0.229612,False,
5551,222.000000,90,96,7.799831,96.331125,0.926410,False,4.291692
5551,222.000000,90,97,7.609516,95.557028,0.868861,False,3.879829
5551,222.000000,91,92,0.848638,5.496259,0.994249,True,3.168129
5551,222.000000,91,93,0.636078,12.542905,0.429822,False,0.677736
5551,222.000000,91,94,1.717664,37.035862,0.178176,False,
5551,222.000000,91,95,2.307903,38.841424,0.454806,False,
5551,222.000000,91,96,2.556784,177.412411,0.895283,False,
5551,222.000000,91,97,2.127278,176.638314,0.768422,False,
5551,222.000000,92,93,0.709732,7.046646,0.822441,True,
5551,222.000000,92,94,1.715248,31.539603,0.661338,False,
5551,222.000000,92,95,2.497698,33.345165,0.762074,False,
5551,222.000000,92,96,1.952906,177.091330,0.615332,False,
5551,222.000000,92,97,1.730802,177.865427,0.339931,False,
5551,222.000000,93,94,1.144638,24.492957,0.453097,False,
5551,222.000000,93,95,1.847995,26.298519,0.709106,False,
5551,222.000000,93,96,2.660086,170.044684,0.458377,False,
5551,222.000000,93,97,2.385610,170.818781,0.310148,False,
5551,222.000000,94,95,0.840333,1.805562,0.988995,True,
5551,222.000000,94,96,3.594660,145.551727,0.486982,False,
5551,222.000000,94,97,3.445605,146.325824,0.507989,False,
5551,222.000000,95,96,4.415389,143.746165,0.242271,False,
5551,222.000000,95,97,4.221613,144.520262,0.255890,False,
5551,222.000000,96,97,0.711505,0.774097,0.965251,True,
5561,222.400000,76,77,2.322571,7.340561,0.987978,True,
5561,222.400000,76,78,1.397974,9.886150,0.993393,True,
5561,222.400000,76,89,2.348968,5.996115,0.863206,True,
5561,222.400000,77,78,0.924938,2.545589,0.995529,True,
5561,222.400000,77,89,0.846601,1.344447,0.257286,False,3.034616
5561,222.400000,78,89,1.169863,3.890035,0.615146,False,7.551410
5561,222.400000,86,87,1.502236,5.719182,0.312105,False,
5561,222.400000,86,88,1.990095,8.475382,0.669669,False,
5561,222.400000,86,90,4.393911,92.340559,0.794494,False,
5561,222.400000,86,94,4.606068,147.229555,0.977337,False,
5561,222.400000,86,95,4.546946,150.990655,0.947608,False,
5561,222.400000,87,88,0.832288,2.756200,0.999653,True,
5561,222.400000,87,90,4.206448,98.059741,0.978159,False,
5561,222.400000,87,91,4.515407,179.141027,0.484266,False,
5561,222.400000,87,92,4.084702,177.925611,0.422414,False,
5561,222.400000,87,93,3.903259,169.604421,0.764941,False,
5561,222.400000,87,94,3.201971,141.510373,0.941595,False,
5561,222.400000,87,95,3.286260,145.271473,0.858078,False,
5561,222.400000,87,96,4.372700,5.055425,0.017565,False,
5561,222.400000,87,97,4.567886,2.502713,0.160529,False,
5561,222.400000,88,90,3.483609,100.815941,0.996938,False,
5561,222.400000,88,91,4.114152,178.102774,0.466395,False,
5561,222.400000,88,92,3.821737,175.169412,0.370750,False,
5561,222.400000,88,93,3.499755,166.848221,0.726130,False,
5561,222.400000,88,94,2.630854,138.754173,0.980903,False,
5561,222.400000,88,95,2.569652,142.515273,0.894141,False,
5561,222.400000,88,96,4.387174,7.811624,0.184085,False,
5561,222.400000,88,97,4.448758,5.258912,0.000380,False,
5561,222.400000,89,91,4.976161,6.834318,0.585782,False,
5561,222.400000,90,94,4.212672,120.429886,0.263341,False,
5561,222.400000,90,95,3.466758,116.668786,0.094620,False,
5561,222.400000,90,97,6.886476,95.557028,0.868367,False,3.479830
5561,222.400000,91,92,0.831809,2.933362,0.995032,True,6.320664
5561,222.400000,91,93,0.615966,11.254553,0.342818,False,0.575816
5561,222.400000,91,94,1.664747,39.348601,0.377365,False,
5561,222.400000,91,95,2.330653,35.587500,0.546999,False,
5561,222.400000,91,96,2.237453,174.085602,0.999041,False,
5561,222.400000,91,97,1.587988,176.638314,0.965397,False,
5561,222.400000,92,93,0.748822,8.321190,0.827929,True,
5561,222.400000,92,94,1.795326,36.415238,0.778774,False,
5561,222.400000,92,95,2.589750,32.654138,0.800506,False,
5561,222.400000,92,96,1.467160,177.018964,0.975405,False,
5561,222.400000,92,97,0.934260,179.571676,0.721928,False,
5561,222.400000,93,94,1.136116,28.094048,0.645296,False,
5561,222.400000,93,95,1.888211,24.332948,0.764231,False,
5561,222.400000,93,96,2.192042,174.659845,0.847092,False,
5561,222.400000,93,97,1.680407,172.107133,0.614303,False,
5561,222.400000,94,95,0.813428,3.761100,0.982423,True,4.657312
5561,222.400000,94,96,3.069538,146.565797,0.168592,False,
5561,222.400000,94,97,2.707182,144.013085,0.324609,False,
5561,222.400000,95,96,3.882155,150.326898,0.102823,False,
5561,222.400000,95,97,3.511735,147.774186,0.218017,False,
5561,222.400000,96,97,0.726269,2.552712,0.973569,True,
5571,222.800000,76,77,2.351836,7.340561,0.991105,True,
5571,222.800000,76,78,1.451769,11.715032,0.997849,True,
5571,222.800000,76,89,2.405086,14.965798,0.907053,True,
5571,222.800000,77,78,0.901433,4.374471,0.996822,True,5.130037
5571,222.800000,77,89,0.868787,7.625237,0.133921,False,
5571,222.800000,78,89,1.201051,3.250766,0.682408,False,
5571,222.800000,86,87,1.498512,8.116605,0.383472,False,
5571,222.800000,86,88,2.019669,7.751021,0.690733,False,
5571,222.800000,86,90,4.092675,92.372003,0.709437,False,
5571,222.800000,87,88,0.829001,0.365584,0.999790,True,
5571,222.800000,87,90,3.649192,100.488608,0.961803,False,
5571,222.800000,87,92,4.914363,175.496744,0.464076,False,
5571,222.800000,87,93,4.682189,170.251341,0.703036,False,
5571,222.800000,87,94,4.067366,139.081506,0.971490,False,
5571,222.800000,87,95,4.081493,146.448214,0.790670,False,
5571,222.800000,87,96,4.352472,7.484292,0.012907,False,
5571,222.800000,87,97,4.500507,4.931576,0.172326,False,
5571,222.800000,88,90,2.892140,100.123024,0.982763,False,
5571,222.800000,88,91,4.943479,178.795690,0.367032,False,
5571,222.800000,88,92,4.684875,175.862328,0.299691,False,
5571,222.800000,88,93,4.332745,170.616925,0.570607,False,
5571,222.800000,88,94,3.554633,139.447090,0.996561,False,
5571,222.800000,88,95,3.452402,146.813798,0.859286,False,
5571,222.800000,88,96,4.372588,7.118708,0.205286,False,
5571,222.800000,88,97,4.381592,4.565992,0.015142,False,
5571,222.800000,89,91,4.959056,15.804001,0.553137,False,
5571,222.800000,90,94,4.344770,120.429886,0.098109,False,
5571,222.800000,90,95,3.762569,113.063178,0.028113,False,
5571,222.800000,90,97,6.163445,95.557032,0.867755,False,3.079830
5571,222.800000,91,92,0.815168,2.933362,0.993407,True,5.920835
5571,222.800000,91,93,0.611653,8.178765,0.289524,False,
5571,222.800000,91,94,1.668364,39.348601,0.541867,False,
5571,222.800000,91,95,2.306868,31.981892,0.645210,False,
5571,222.800000,91,96,2.267467,174.085602,0.899737,False,
5571,222.800000,91,97,1.527473,176.638318,0.937122,False,
5571,222.800000,92,93,0.775722,5.245403,0.824615,True,
5571,222.800000,92,94,1.917140,36.415238,0.860467,False,
5571,222.800000,92,95,2.644039,29.048530,0.855406,False,
5571,222.800000,92,96,1.456703,177.018964,0.918852,False,
5571,222.800000,92,97,0.725418,179.571680,0.913067,False,
5571,222.800000,93,94,1.184960,31.169836,0.785825,False,
5571,222.800000,93,95,1.892485,23.803127,0.828070,False,
5571,222.800000,93,96,2.024137,177.735633,0.998818,False,
5571,222.800000,93,97,1.299455,175.182917,0.970068,False,
5571,222.800000,94,95,0.735850,7.366709,0.987576,True,0.763749
5571,222.800000,94,96,2.815729,146.565797,0.160928,False,
5571,222.800000,94,97,2.217185,144.013082,0.042312,False,
5571,222.800000,95,96,3.522753,153.932506,0.163988,False,
5571,222.800000,95,97,2.947768,151.379790,0.203691,False,
5571,222.800000,96,97,0.743700,2.552716,0.985374,True,
5581,223.200000,76,77,2.396436,9.689063,0.990270,True,
5581,223.200000,76,78,1.543528,19.277676,0.998324,True,
5581,223.200000,76,89,2.480432,17.314299,0.903104,True,
5581,223.200000,77,78,0.852992,9.588614,0.999976,True,2.801268
5581,223.200000,77,89,0.893050,7.625237,0.086639,False,
5581,223.200000,78,89,1.185009,1.963377,0.717382,True,
5581,223.200000,86,87,1.499124,8.116605,0.432597,False,
5581,223.200000,86,88,2.051494,7.751021,0.714164,True,
5581,223.200000,86,90,3.910793,98.114010,0.604942,False,
5581,223.200000,87,88,0.825790,0.365584,0.999545,True,
5581,223.200000,87,90,3.177144,106.230615,0.919142,False,
5581,223.200000,87,94,4.972428,150.056451,0.976566,False,
5581,223.200000,87,95,4.969448,146.448214,0.859185,False,
5581,223.200000,87,96,4.333441,7.484292,0.029490,False,
5581,223.200000,87,97,4.528611,7.046299,0.143517,False,
5581,223.200000,88,90,2.380016,105.865030,0.942779,False,
5581,223.200000,88,94,4.509132,150.422035,0.995537,False,
5581,223.200000,88,95,4.402900,146.813798,0.908726,False,
5581,223.200000,88,96,4.359208,7.118708,0.221426,False,
5581,223.200000,88,97,4.414001,6.680715,0.042882,False,
5581,223.200000,89,91,4.939198,15.131814,0.567120,False,
5581,223.200000,90,94,4.627171,103.712935,0.090869,False,
5581,223.200000,90,95,4.148125,107.321171,0.112099,False,
5581,223.200000,90,97,5.525734,99.184316,0.912938,False,3.090507
5581,223.200000,91,92,0.853748,6.171482,0.999231,True,
5581,223.200000,91,93,0.616078,7.506578,0.207695,False,
5581,223.200000,91,94,1.650578,27.701468,0.574601,False,
5581,223.200000,91,95,2.326374,31.309705,0.742787,False,
5581,223.200000,91,96,2.640260,174.757789,0.710646,False,
5581,223.200000,91,97,1.943472,175.195782,0.578804,False,
5581,223.200000,92,93,0.855170,13.678060,0.804409,True,
5581,223.200000,92,94,2.029035,33.872950,0.834215,False,
5581,223.200000,92,95,2.780009,37.481187,0.881482,False,
5581,223.200000,92,96,1.900432,168.586307,0.407878,False,
5581,223.200000,92,97,1.308583,169.024300,0.015632,False,
5581,223.200000,93,94,1.196020,20.194890,0.823635,False,
5581,223.200000,93,95,1.936321,23.803127,0.899141,False,
5581,223.200000,93,96,2.238942,177.735633,0.933994,False,
5581,223.200000,93,97,1.492428,177.297640,0.921378,False,
5581,223.200000,94,95,0.756238,3.608237,0.986687,True,
5581,223.200000,94,96,2.826005,157.540743,0.487358,False,
5581,223.200000,94,97,2.099492,157.102750,0.142282,False,
5581,223.200000,95,96,3.476907,153.932506,0.144817,False,
5581,223.200000,95,97,2.785220,153.494513,0.191925,False,
5581,223.200000,96,97,0.760894,0.437993,0.964999,True,
5591,223.600000,76,77,2.433015,6.577732,0.976838,True,
5591,223.600000,76,78,1.649657,21.357749,0.995461,False,
5591,223.600000,76,89,2.572308,18.857019,0.895471,False,
5591,223.600000,77,78,0.783360,14.780017,0.999632,True,1.054787
5591,223.600000,77,89,0.882328,12.279287,0.066803,False,
5591,223.600000,78,89,1.167695,2.500730,0.714462,True,
5591,223.600000,78,94,6.404023,0.320445,0.023801,False,9.208635
5591,223.600000,86,87,1.504067,8.116605,0.480295,False,
5591,223.600000,86,88,2.123997,12.736755,0.773083,True,
5591,223.600000,86,90,3.998645,131.423370,0.531712,False,
5591,223.600000,87,88,0.868734,4.620150,1.000000,True,
5591,223.600000,87,90,2.948373,139.539975,0.884299,False,
5591,223.600000,87,96,4.315613,7.484292,0.046207,False,
5591,223.600000,87,97,4.557763,7.046299,0.128608,False,
5591,223.600000,88,90,2.079655,144.160125,0.925010,False,
5591,223.600000,88,96,4.351276,12.104442,0.206795,False,
5591,223.600000,88,97,4.443309,11.666449,0.021837,False,
5591,223.600000,89,91,4.911932,13.610419,0.581723,False,
5591,223.600000,90,94,4.921589,60.117742,0.027933,False,
5591,223.600000,90,95,4.480583,74.011811,0.007198,False,
5591,223.600000,90,97,4.852286,132.493676,0.888409,False,
5591,223.600000,91,92,0.950150,14.605044,0.998925,True,
5591,223.600000,91,93,0.630651,6.522535,0.131300,False,
5591,223.600000,91,94,1.585540,16.431594,0.591656,False,
5591,223.600000,91,95,2.386340,30.325662,0.823106,False,
5591,223.600000,91,96,3.245453,175.741832,0.544774,False,
5591,223.600000,91,97,2.595096,176.179825,0.386044,False,
5591,223.600000,92,93,0.989016,21.127579,0.790964,False,
5591,223.600000,92,94,2.128661,31.036637,0.811915,False,
5591,223.600000,92,95,3.001799,44.930706,0.902805,False,
5591,223.600000,92,96,2.590854,161.136788,0.108461,False,
5591,223.600000,92,97,2.091962,161.574781,0.506081,False,
5591,223.600000,93,94,1.149389,9.909058,0.852886,True,
5591,223.600000,93,95,2.017147,23.803127,0.949334,False,
5591,223.600000,93,96,2.748131,177.735633,0.786196,False,
5591,223.600000,93,97,2.045763,177.297640,0.721603,False,
5591,223.600000,94,95,0.875604,13.894069,0.984222,True,
5591,223.600000,94,96,3.132714,167.826575,0.719417,False,
5591,223.600000,94,97,2.350729,167.388582,0.301701,False,
5591,223.600000,95,96,3.756112,153.932506,0.421901,False,
5591,223.600000,95,97,2.986960,153.494513,0.156009,False,
5591,223.600000,96,97,0.782135,0.437993,0.943953,True,
5601,224.000000,76,77,2.460224,3.943263,0.968657,True,
5601,224.000000,76,78,1.756040,21.357749,0.994288,False,
5601,224.000000,76,89,2.655254,16.678242,0.890247,False,
5601,224.000000,77,78,0.704183,17.414486,0.998173,True,0.527734
5601,224.000000,77,89,0.862123,12.734979,0.039944,False,
5601,224.000000,78,89,1.145310,4.679507,0.695261,False,
5601,224.000000,78,94,6.151599,0.320445,0.024458,False,8.808639
5601,224.000000,86,87,1.541105,13.059364,0.583663,False,
5601,224.000000,86,88,2.210249,13.986425,0.806655,True,
5601,224.000000,86,90,4.203875,131.423370,0.386127,False,
5601,224.000000,87,88,0.876807,0.927061,0.999148,True,
5601,224.000000,87,90,2.857847,144.482734,0.806450,False,
5601,224.000000,87,96,4.328442,14.215424,0.047078,False,
5601,224.000000,87,97,4.579906,11.989058,0.148455,False,
5601,224.000000,88,90,2.017879,145.409795,0.745895,False,
5601,224.000000,88,96,4.379530,15.142485,0.239425,False,
5601,224.000000,88,97,4.474418,12.916119,0.036399,False,
5601,224.000000,89,91,4.879338,11.431642,0.612234,False,
5601,224.000000,89,94,5.452803,4.999952,0.208158,False,8.211282
5601,224.000000,90,95,4.813327,61.433436,0.243832,False,
5601,224.000000,90,96,4.464188,130.267310,0.969970,False,
5601,224.000000,90,97,4.187555,132.493676,0.909692,False,
5601,224.000000,91,92,1.047042,14.605044,0.997764,True,
5601,224.000000,91,93,0.674786,2.410268,0.212994,False,
5601,224.000000,91,94,1.543467,16.431594,0.686900,False,
5601,224.000000,91,95,2.401206,17.747287,0.783285,True,
5601,224.000000,91,96,3.959765,173.953458,0.305090,False,
5601,224.000000,91,97,3.344152,176.179825,0.247748,False,
5601,224.000000,92,93,1.090220,12.194776,0.741870,True,
5601,224.000000,92,94,2.257083,31.036637,0.871058,False,
5601,224.000000,92,95,3.151740,32.352331,0.866751,False,
5601,224.000000,92,96,3.379878,159.348414,0.383920,False,
5601,224.000000,92,97,2.929771,161.574781,0.595076,False,
5601,224.000000,93,94,1.166921,18.841862,0.920767,True,
5601,224.000000,93,95,2.061553,20.157555,0.914988,False,
5601,224.000000,93,96,3.362179,171.543190,0.388989,False,
5601,224.000000,93,97,2.705919,173.769556,0.301934,False,
5601,224.000000,94,95,0.895402,1.315693,0.949489,True,
5601,224.000000,94,96,3.731080,169.614948,0.763779,False,
5601,224.000000,94,97,2.948829,167.388582,0.579556,False,
5601,224.000000,95,96,4.176526,168.299255,0.802005,False,
5601,224.000000,95,97,3.365422,166.072888,0.587584,False,
5601,224.000000,96,97,0.812072,2.226366,0.928631,True,
5611,224.400000,76,77,2.487803,3.943263,0.965574,True,
5611,224.400000,76,78,1.840633,16.616841,0.988769,True,
5611,224.400000,76,89,2.738345,16.678242,0.893474,False,
5611,224.400000,76,91,4.939430,5.246600,0.238218,False,
5611,224.400000,77,78,0.647303,12.673579,0.991487,True,0.336299
5611,224.400000,77,89,0.845908,12.734979,0.029462,False,
5611,224.400000,78,89,1.143654,0.061401,0.666707,False,
5611,224.400000,78,94,5.903106,5.664900,0.041995,False,9.242574
5611,224.400000,87,88,0.879886,0.380798,0.999484,True,
5611,224.400000,87,90,3.147913,176.229972,0.802791,False,
5611,224.400000,87,96,4.353011,15.237681,0.077687,False,
5611,224.400000,87,97,4.571924,14.476344,0.104013,False,
5611,224.400000,88,90,2.423995,176.610770,0.690026,False,
5611,224.400000,88,96,4.419971,15.618479,0.272795,False,
5611,224.400000,88,97,4.480239,14.857143,0.087474,False,
5611,224.400000,89,91,4.848929,11.431642,0.628955,False,
5611,224.400000,89,94,5.206059,5.603499,0.204130,False,7.591957
5611,224.400000,89,95,5.447330,4.736707,0.053695,False,9.581887
5611,224.400000,90,95,4.956686,28.653522,0.176574,False,
5611,224.400000,90,96,3.829946,160.992292,0.998933,False,
5611,224.400000,90,97,3.437977,161.753628,0.980173,False,
5611,224.400000,91,92,1.144300,14.605044,0.996481,True,
5611,224.400000,91,93,0.749276,12.288560,0.356089,False,
5611,224.400000,91,94,1.530017,17.035141,0.780476,True,
5611,224.400000,91,95,2.420042,16.168349,0.815091,True,
5611,224.400000,91,96,4.731229,173.477465,0.173916,False,
5611,224.400000,91,97,4.174197,174.238801,0.090443,False,
5611,224.400000,92,93,1.158538,2.316484,0.658647,False,
5611,224.400000,92,94,2.414780,31.640185,0.917606,False,
5611,224.400000,92,95,3.303873,30.773393,0.887947,False,
5611,224.400000,92,96,4.210659,158.872421,0.497732,False,
5611,224.400000,92,97,3.819032,159.633757,0.606489,False,
5611,224.400000,93,94,1.279093,29.323701,0.973056,False,
5611,224.400000,93,95,2.153086,28.456909,0.928017,False,
5611,224.400000,93,96,4.014071,161.188905,0.065019,False,
5611,224.400000,93,97,3.433320,161.950241,0.052271,False,
5611,224.400000,94,95,0.900552,0.866792,0.933140,True,
5611,224.400000,94,96,4.498698,169.487394,0.820834,False,
5611,224.400000,94,97,3.770566,168.726058,0.897905,False,
5611,224.400000,95,96,4.765930,170.354187,0.919465,False,
5611,224.400000,95,97,3.978134,169.592850,0.947012,False,
5611,224.400000,96,97,0.815605,0.761336,0.925476,True,
5621,224.800000,77,78,0.681348,3.374847,0.938713,True,
5621,224.800000,77,89,0.833917,12.734979,0.101066,False,
5621,224.800000,78,89,1.225694,16.109827,0.578595,False,
5621,224.800000,87,88,0.829106,5.353666,0.999903,True,1.806710
5621,224.800000,87,90,3.736967,176.432794,0.905197,False,
5621,224.800000,87,96,4.382048,15.237681,0.109415,False,
5621,224.800000,87,97,4.554413,15.237681,0.064435,False,
5621,224.800000,88,90,3.184424,178.213540,0.422368,False,
5621,224.800000,88,96,4.469230,9.884015,0.336588,False,
5621,224.800000,88,97,4.493100,9.884015,0.163930,False,
5621,224.800000,89,91,4.820759,11.431642,0.645587,False,
5621,224.800000,89,94,4.953288,6.996437,0.189037,False,6.894393
5621,224.800000,89,95,5.237577,4.736707,0.050301,False,9.181873
5621,224.800000,90,96,3.315895,168.329525,0.900363,False,
5621,224.800000,90,97,2.759686,168.329525,0.989238,False,
5621,224.800000,91,92,1.222486,11.469946,0.996668,True,
5621,224.800000,91,93,0.826807,12.288560,0.409275,False,
5621,224.800000,91,94,1.553368,18.428079,0.866354,True,
5621,224.800000,91,95,2.450362,16.168349,0.852657,True,
5621,224.800000,92,93,1.221643,0.818614,0.642059,False,
5621,224.800000,92,94,2.592681,29.898025,0.957154,False,
5621,224.800000,92,95,3.456431,27.638295,0.918358,False,
5621,224.800000,92,97,4.744601,162.007518,0.602187,False,
5621,224.800000,93,94,1.455958,30.716639,0.999353,False,
5621,224.800000,93,95,2.270435,28.456909,0.961696,False,
5621,224.800000,93,96,4.720174,161.188905,0.032645,False,
5621,224.800000,93,97,4.215302,161.188905,0.142133,False,
5621,224.800000,94,95,0.897003,2.259730,0.919197,True,
5621,224.800000,94,97,4.707262,168.094457,0.971744,False,
5621,224.800000,95,97,4.745521,170.354187,0.999747,False,
5621,224.800000,96,97,0.807510,0.000000,0.932173,True,
5631,225.200000,87,88,0.755312,7.696660,0.999775,True,0.845409
5631,225.200000,87,90,4.482124,165.628218,0.972953,False,
5631,225.200000,87,96,4.415475,15.237681,0.140586,False,
5631,225.200000,87,97,4.541403,15.237681,0.032869,False,
5631,225.200000,88,90,4.063870,173.324877,0.680209,False,
5631,225.200000,88,96,4.521682,7.541021,0.367200,False,
5631,225.200000,88,97,4.513838,7.541021,0.198715,False,
5631,225.200000,89,91,4.906943,40.610874,0.249686,False,
5631,225.200000,89,94,4.777628,34.499823,0.050708,False,
5631,225.200000,90,96,3.116733,179.134102,0.999983,False,
5631,225.200000,90,97,2.403082,179.134102,0.989213,False,
5631,225.200000,91,92,1.370695,23.025684,0.999784,False,
5631,225.200000,91,93,0.913009,24.605588,0.429368,False,
5631,225.200000,91,94,1.529391,6.111051,0.950624,True,
5631,225.200000,91,95,2.395455,0.969992,0.907229,True,
5631,225.200000,92,93,1.286409,1.579904,0.607704,False,
5631,225.200000,92,94,2.781485,29.136735,0.975584,False,
5631,225.200000,92,95,3.589990,23.995676,0.926112,False,
5631,225.200000,93,94,1.669363,30.716639,0.994822,False,
5631,225.200000,93,95,2.385525,25.575581,0.976701,False,
5631,225.200000,94,95,0.874737,5.141058,0.881003,True,
5631,225.200000,96,97,0.799914,0.000000,0.941025,True,
5641,225.600000,89,94,4.625801,37.453943,0.020201,False,
5641,225.600000,89,95,4.916533,43.830796,0.138275,False,
5641,225.600000,90,96,3.307886,162.425372,0.892609,False,
5641,225.600000,90,97,2.520542,162.425372,0.907436,False,
5641,225.600000,91,92,1.520937,23.025684,0.998472,False,
5641,225.600000,91,93,0.938478,22.770103,0.584545,False,
5641,225.600000,91,94,1.527326,6.111051,0.981010,True,
5641,225.600000,91,95,2.337622,0.265803,0.923381,True,
5641,225.600000,92,93,1.285226,0.255581,0.620932,False,
5641,225.600000,92,94,2.981311,29.136735,0.986780,False,
5641,225.600000,92,95,3.719290,22.759881,0.936033,False,
5641,225.600000,93,94,1.908920,28.881154,0.990733,False,
5641,225.600000,93,95,2.535377,22.504301,0.980997,False,
5641,225.600000,94,95,0.847675,6.376853,0.838005,True,
5641,225.600000,96,97,0.792844,0.000000,0.949416,True,
5651,226.000000,89,94,4.538433,45.672651,0.131853,False,
5651,226.000000,89,95,4.785989,43.830796,0.074389,False,
5651,226.000000,90,96,3.718987,162.425372,0.972441,False,
5651,226.000000,90,97,2.961443,164.478227,0.998611,False,
5651,226.000000,91,92,1.630358,17.457648,0.999874,True,
5651,226.000000,91,93,0.948951,21.957609,0.742429,False,
5651,226.000000,91,94,1.476265,2.107658,0.983703,True,
5651,226.000000,91,95,2.286604,0.265803,0.943165,True,
5651,226.000000,92,93,1.195490,4.499961,0.682663,False,3.008647
5651,226.000000,92,94,3.071468,15.349990,0.988545,False,
5651,226.000000,92,95,3.808505,17.191845,0.962937,False,
5651,226.000000,93,94,2.077800,19.849951,0.998193,True,
5651,226.000000,93,95,2.707349,21.691806,0.983310,False,
5651,226.000000,94,95,0.873067,1.841855,0.790236,True,
5651,226.000000,96,97,0.767953,2.052855,0.949132,True,2.841539
5661,226.400000,89,94,4.614540,70.920525,0.000221,False,
5661,226.400000,89,95,4.739091,65.391835,0.244727,False,
5661,226.400000,90,96,4.328472,152.055509,0.960297,False,
5661,226.400000,90,97,3.656950,157.375214,0.999763,False,
5661,226.400000,91,92,1.641573,1.586127,0.990624,True,
5661,226.400000,91,93,0.993096,20.309949,0.835009,False,
5661,226.400000,91,94,1.409660,5.794493,0.992981,True,
5661,226.400000,91,95,2.242869,0.265803,0.960722,True,
5661,226.400000,92,93,1.025065,18.723822,0.780927,True,1.000761
5661,226.400000,92,94,3.034622,4.208366,0.999839,False,
5661,226.400000,92,95,3.797542,1.320324,0.993770,False,
5661,226.400000,93,94,2.199718,14.515456,0.997971,True,
5661,226.400000,93,95,2.861698,20.044146,0.989724,False,
5661,226.400000,94,95,0.919906,5.528690,0.782160,True,
5661,226.400000,96,97,0.714665,5.319705,0.947593,True,0.860944
5671,226.800000,90,97,4.454304,155.223430,0.998426,False,
5671,226.800000,91,92,1.652892,1.586127,0.989512,True,
5671,226.800000,91,93,1.035245,12.173332,0.824945,True,
5671,226.800000,91,94,1.358498,5.794493,0.999953,True,
5671,226.800000,91,95,2.193321,3.338868,0.963146,True,
5671,226.800000,92,93,0.944462,10.587205,0.835635,True,1.710670
5671,226.800000,92,94,3.007008,4.208366,0.999287,False,
5671,226.800000,92,95,3.771775,1.752741,0.993501,False,
5671,226.800000,93,94,2.266366,6.378839,0.982860,True,
5671,226.800000,93,95,2.918718,8.834464,0.997113,False,
5671,226.800000,94,95,0.972234,2.455625,0.744375,True,
5671,226.800000,96,97,0.660247,5.453747,0.948830,True,0.442910
5681,227.200000,91,92,1.590133,10.549211,0.999629,True,6.952315
5681,227.200000,91,93,1.016481,1.146470,0.891607,True,
5681,227.200000,91,94,1.413843,8.517231,0.999911,True,
5681,227.200000,91,95,2.222424,9.123224,0.942729,True,
5681,227.200000,92,93,0.871583,9.402742,0.833102,True,1.492001
5681,227.200000,92,94,3.003928,2.031980,0.995489,False,
5681,227.200000,92,95,3.750864,1.425988,0.994415,False,
5681,227.200000,93,94,2.346725,7.370761,0.971010,True,
5681,227.200000,93,95,2.970713,7.976754,0.997884,False,
5681,227.200000,94,95,1.021492,0.605993,0.714604,True,
5681,227.200000,96,97,0.605837,5.453747,0.949840,True,0.042917
5691,227.600000,91,92,1.564825,4.206543,0.995765,True,
5691,227.600000,91,93,0.981803,4.350244,0.907090,True,4.494533
5691,227.600000,91,94,1.581627,20.511038,0.985383,False,
5691,227.600000,91,95,2.275683,12.326998,0.948886,True,
5691,227.600000,92,93,0.868105,0.143700,0.791552,True,
5691,227.600000,92,94,3.143276,16.304495,0.988220,False,
5691,227.600000,92,95,3.796177,8.120454,0.986656,False,
5691,227.600000,93,94,2.506369,16.160795,0.934489,False,
5691,227.600000,93,95,3.023834,7.976754,0.998944,False,
5691,227.600000,94,95,1.023910,8.184041,0.703012,True,
5691,227.600000,96,97,0.551433,5.453747,0.951041,True,
5701,228.000000,91,92,1.539718,4.206543,0.994642,True,
5701,228.000000,91,93,0.928909,5.064279,0.918763,True,3.021772
5701,228.000000,91,94,1.759761,20.511038,0.970481,False,
5701,228.000000,91,95,2.333276,12.326998,0.961458,True,
5701,228.000000,92,93,0.850141,0.857735,0.819243,True,
5701,228.000000,92,94,3.287088,16.304495,0.982069,False,
5701,228.000000,92,95,3.842764,8.120454,0.989441,False,
5701,228.000000,93,94,2.656484,15.446760,0.927680,False,
5701,228.000000,93,95,3.076301,7.262719,0.999401,False,
5701,228.000000,94,95,1.036323,8.184041,0.630141,False,
5701,228.000000,96,97,0.497041,5.453747,0.952481,False,
5711,228.400000,91,92,1.514821,4.206543,0.993343,True,
5711,228.400000,91,93,0.861039,5.676206,0.942537,True,
5711,228.400000,91,94,1.945935,21.525735,0.955363,False,
5711,228.400000,91,95,2.433872,17.118440,0.976403,True,
5711,228.400000,92,93,0.821287,1.469663,0.864235,True,
5711,228.400000,92,94,3.437337,17.319192,0.974834,False,
5711,228.400000,92,95,3.926052,12.911897,0.994959,False,
5711,228.400000,93,94,2.794555,15.849529,0.925264,False,
5711,228.400000,93,95,3.158882,11.442234,0.999912,False,
5711,228.400000,94,95,1.096250,4.407295,0.600836,False,
5711,228.400000,96,97,0.442663,5.453747,0.954244,False,
5711,228.400000,96,98,0.738996,165.932613,0.500063,False,
5711,228.400000,97,98,1.181113,171.386360,0.791429,False,
5721,228.800000,91,92,1.467304,7.871645,0.987084,True,9.901203
5721,228.800000,91,93,0.776308,9.341308,0.972557,True,0.963449
5721,228.800000,91,94,2.164449,38.612032,0.952668,False,
5721,228.800000,91,95,2.596363,26.794040,0.980030,False,
5721,228.800000,92,93,0.797699,1.469663,0.902780,True,
5721,228.800000,92,94,3.612987,30.740387,0.958267,False,
5721,228.800000,92,95,4.045191,18.922395,0.998109,False,
5721,228.800000,93,94,2.932666,29.270724,0.917590,False,
5721,228.800000,93,95,3.275402,17.452733,0.999993,False,
5721,228.800000,94,95,1.048725,11.817991,0.689011,False,
5731,229.200000,91,92,1.386570,13.100930,0.981266,True,4.142442
5731,229.200000,91,93,0.674666,12.949477,0.993194,True,0.313036
5731,229.200000,91,94,2.408901,42.220201,0.971158,False,
5731,229.200000,91,95,2.780950,30.402210,0.974942,False,
5731,229.200000,92,93,0.768976,0.151453,0.940807,True,
5731,229.200000,92,94,3.779868,29.119271,0.959322,False,
5731,229.200000,92,95,4.153541,17.301280,0.998713,False,
5731,229.200000,93,94,3.080184,29.270724,0.937677,False,
5731,229.200000,93,95,3.394818,17.452733,0.999470,False,
5731,229.200000,94,95,1.004073,11.817991,0.648391,False,
5741,229.600000,91,92,1.303518,13.510281,0.978578,True,3.581151
5741,229.600000,91,93,0.610805,10.432487,0.994357,True,0.067924
5741,229.600000,91,94,2.655665,42.220201,0.977444,False,
5741,229.600000,91,95,2.965749,30.402210,0.976721,False,
5741,229.600000,92,93,0.756585,3.077793,0.924375,True,
5741,229.600000,92,94,3.945435,28.709920,0.963080,False,
5741,229.600000,92,95,4.259252,16.891929,0.998691,False,
5741,229.600000,93,94,3.259699,31.787714,0.942706,False,
5741,229.600000,93,95,3.516104,19.969723,0.999258,False,
5741,229.600000,94,95,0.962691,11.817991,0.601937,False,
5751,230.000000,91,92,1.220893,13.510281,0.974426,True,3.181150
5751,230.000000,91,93,0.592016,6.233218,0.973495,True,
5751,230.000000,91,95,3.291770,62.359826,0.999132,False,
5751,230.000000,92,93,0.770730,7.277063,0.846260,True,
5751,230.000000,92,95,4.501444,48.849545,0.990791,False,
5751,230.000000,93,95,3.767554,56.126608,0.979030,False,
5761,230.400000,91,92,1.138789,13.510281,0.969228,True,2.781155
5761,230.400000,91,93,0.590796,6.233218,0.919154,True,
5761,230.400000,91,95,3.620106,62.359826,0.997844,False,
5761,230.400000,92,93,0.800026,7.277063,0.766366,True,
5761,230.400000,92,95,4.747717,48.849545,0.994248,False,
5761,230.400000,93,95,4.019423,56.126608,0.980994,False,
5771,230.800000,93,95,4.271638,56.126608,0.982647,False,
5781,231.200000,90,95,4.906460,48.085336,0.115848,False,
5781,231.200000,93,95,4.527963,59.073229,0.982047,False,
5791,231.600000,90,95,4.629280,83.497534,0.242185,False,
5801,232.000000,90,95,4.370115,83.497534,0.177616,False,
5811,232.400000,90,95,4.132360,83.497534,0.104362,False,
5861,234.400000,90,99,2.598005,177.318045,0.618433,False,
5861,234.400000,90,100,3.348673,174.224485,0.976391,False,
5861,234.400000,99,100,0.973131,3.093560,0.973399,True,
5871,234.800000,90,99,1.973954,177.318045,0.748541,False,
5871,234.800000,90,100,2.868746,174.224485,0.998460,False,
5871,234.800000,99,100,1.005927,3.093560,0.962853,True,
5881,235.200000,90,99,1.565028,165.771719,0.548740,False,
5881,235.200000,90,100,2.590434,168.865278,0.602665,False,
5881,235.200000,99,100,1.040404,3.093560,0.951434,True,
5891,235.600000,90,99,1.425689,160.841694,0.819249,False,
5891,235.600000,90,100,2.479654,163.935254,0.714797,False,
5891,235.600000,99,100,1.076401,3.093560,0.939420,True,
5901,236.000000,90,99,1.620842,164.680188,0.997920,False,
5901,236.000000,90,100,2.535797,164.304460,0.921335,False,
5901,236.000000,99,100,1.077936,0.375728,0.948081,True,
5911,236.400000,90,99,2.037190,165.117660,0.969956,False,
5911,236.400000,90,100,2.782417,165.004171,0.999712,False,
5911,236.400000,98,99,4.595560,167.476917,0.997402,False,
5911,236.400000,98,100,4.286698,167.590405,0.978702,False,
5911,236.400000,99,100,1.063213,0.113488,0.963523,True,
5921,236.800000,90,99,2.568276,149.455617,0.964348,False,
5921,236.800000,90,100,3.201738,149.342129,0.997607,False,
5921,236.800000,98,99,4.018367,167.476917,0.972951,False,
5921,236.800000,98,100,3.520796,167.590405,0.939065,False,
5921,236.800000,99,100,1.050498,0.113488,0.974369,True,
5931,237.200000,90,99,3.133301,124.053006,0.971790,False,
5931,237.200000,90,100,3.723503,123.939517,0.997905,False,
5931,237.200000,98,99,3.577308,167.476917,0.904514,False,
5931,237.200000,98,100,2.866269,167.590405,0.843296,False,
5931,237.200000,99,100,1.039868,0.113488,0.983505,True,
5941,237.600000,90,99,3.707526,124.053006,0.960179,False,
5941,237.600000,90,100,4.277303,123.939517,0.989534,False,
5941,237.600000,98,99,3.273404,173.514455,0.961546,False,
5941,237.600000,98,100,2.361871,173.627944,0.900155,False,
5941,237.600000,99,100,1.031387,0.113488,0.990763,True,
5951,238.000000,90,99,4.297462,123.547076,0.943991,False,
5951,238.000000,90,100,4.851382,123.529064,0.979479,False,
5951,238.000000,98,99,3.164222,179.758779,0.998629,False,
5951,238.000000,98,100,2.142295,179.776790,0.999689,False,
5951,238.000000,99,100,1.026734,0.018011,0.994003,True,
5961,238.400000,90,99,4.907303,122.850292,0.924733,False,
5961,238.400000,98,99,3.343725,179.544438,0.960896,False,
5961,238.400000,98,100,2.351743,179.822170,0.900462,False,
5961,238.400000,99,100,1.030195,0.633393,0.994811,True,
5971,238.800000,98,99,3.771375,179.544438,0.864933,False,
5971,238.800000,98,100,2.898471,179.822170,0.722246,False,
5971,238.800000,99,100,1.033856,0.633393,0.996134,True,
5981,239.200000,98,99,4.377623,179.707378,0.694991,False,
5981,239.200000,98,100,3.634580,179.073986,0.471585,False,
5981,239.200000,99,100,1.037717,0.633393,0.997255,True,
5981,239.200000,100,102,9.675993,177.688819,0.058158,False,2.802350
5981,239.200000,101,102,4.457601,17.352455,0.012206,False,
5991,239.600000,98,100,4.469362,172.069394,0.617934,False,
5991,239.600000,99,100,1.040638,0.494273,0.998124,True,
5991,239.600000,99,101,4.407720,169.525943,0.781726,False,
5991,239.600000,100,101,4.130162,169.031670,0.639887,False,
5991,239.600000,100,102,8.379836,177.549699,0.060230,False,2.401766
5991,239.600000,101,102,4.368681,13.418631,0.060702,False,
6001,240.000000,99,100,1.046681,0.730875,0.996302,True,
6001,240.000000,99,101,3.427427,173.525338,0.816641,False,
6001,240.000000,100,101,2.994478,172.794463,0.624564,False,
6001,240.000000,100,102,7.080396,176.308826,0.085142,False,1.998392
6001,240.000000,101,102,4.300514,10.896711,0.116761,False,
6011,240.400000,99,100,1.066194,2.087735,0.993196,True,
6011,240.400000,99,101,2.649562,174.882198,0.951125,False,
6011,240.400000,100,101,1.956451,172.794463,0.805288,False,
6011,240.400000,100,102,5.809264,178.245119,0.003893,False,1.657723
6011,240.400000,101,102,4.259113,8.960419,0.127302,False,
6021,240.800000,99,100,1.086060,2.087735,0.990966,True,
6021,240.800000,99,101,2.314311,174.882198,0.985263,False,
6021,240.800000,99,102,4.767969,174.663148,0.615623,False,
6021,240.800000,100,101,1.280908,172.794463,0.999893,False,
6021,240.800000,100,102,4.654712,172.575413,0.455027,False,
6021,240.800000,101,102,4.303610,0.219050,0.043699,False,
6031,241.200000,99,100,1.106254,2.087735,0.988521,True,
6031,241.200000,99,101,2.599002,174.882198,0.785050,False,
6031,241.200000,99,102,3.714794,174.663148,0.714790,False,
6031,241.200000,100,101,1.551107,172.794463,0.635696,False,
6031,241.200000,100,102,3.510534,172.575413,0.508218,False,
6031,241.200000,101,102,4.348122,0.219050,0.042610,False,
6041,241.600000,99,100,1.098711,1.055198,0.982756,True,
6041,241.600000,99,101,3.246651,178.443601,0.785238,False,
6041,241.600000,99,102,2.776914,174.663148,0.855381,False,
6041,241.600000,100,101,2.405928,177.388403,0.634661,False,
6041,241.600000,100,102,2.385619,175.718346,0.548099,False,
6041,241.600000,101,102,4.324242,6.893251,0.081034,False,
6051,242.000000,99,100,1.052174,4.599907,0.967648,True,4.138344
6051,242.000000,99,101,4.153138,175.415584,0.733506,False,
6051,242.000000,99,102,2.091116,178.560374,0.899631,False,
6051,242.000000,100,101,3.506552,170.815677,0.749672,False,
6051,242.000000,100,102,1.345697,173.960467,0.440100,False,
6051,242.000000,101,102,4.300057,3.144790,0.105582,False,
6061,242.400000,99,100,1.023399,2.615993,0.967781,True,7.324091
6061,242.400000,99,102,1.969169,174.106194,0.998179,False,
6061,242.400000,100,101,4.660203,170.815677,0.688687,False,
6061,242.400000,100,102,0.947006,171.490201,0.986670,False,
6061,242.400000,101,102,4.274959,0.674523,0.126090,False,
6071,242.800000,99,100,0.994947,2.615993,0.972217,True,6.924114
6071,242.800000,99,102,2.510960,174.106194,0.908753,False,
6071,242.800000,100,102,1.737090,171.490201,0.830299,False,
6071,242.800000,101,102,4.249873,0.674523,0.124886,False,
6081,243.200000,99,100,0.966845,2.615993,0.976559,True,6.524111
6081,243.200000,99,102,3.413896,174.106194,0.761039,False,
6081,243.200000,100,102,2.858831,171.490201,0.682177,False,
6081,243.200000,101,102,4.238038,0.648142,0.115788,False,
6081,243.200000,101,103,4.696761,151.538488,0.994517,False,
6081,243.200000,103,104,1.051614,6.406620,0.951892,True,3.325317
6091,243.600000,99,100,0.939125,2.615993,0.980761,True,6.124107
6091,243.600000,99,102,4.490266,178.183590,0.476404,False,
6091,243.600000,100,102,4.062321,175.567596,0.414037,False,
6091,243.600000,101,102,4.237655,1.525425,0.059244,False,
6091,243.600000,101,103,3.955052,149.634659,0.993469,False,
6091,243.600000,101,104,4.748698,143.228040,0.937856,False,
6091,243.600000,103,104,0.996556,6.406620,0.955113,True,2.925317
6101,244.000000,99,100,0.905442,2.100550,0.992741,True,
6101,244.000000,101,102,4.233950,3.254650,0.034480,False,
6101,244.000000,101,103,3.413261,150.059132,0.917552,False,
6101,244.000000,101,104,4.296574,146.136442,0.839290,False,
6101,244.000000,103,104,0.962542,3.922690,0.965751,True,4.343577
6111,244.400000,99,100,0.887168,1.551096,0.999872,True,
6111,244.400000,101,102,4.230631,3.254650,0.024814,False,
6111,244.400000,101,103,3.178819,152.959988,0.480651,False,
6111,244.400000,101,104,4.193639,157.185297,0.694848,False,
6111,244.400000,102,103,4.588437,149.705338,0.999162,False,
6111,244.400000,103,104,1.014879,4.225308,0.976428,True,
6121,244.800000,99,100,0.887964,1.551096,0.986681,True,
6121,244.800000,101,102,4.227723,3.254650,0.015132,False,
6121,244.800000,101,103,3.417264,152.959988,0.126996,False,
6121,244.800000,101,104,4.415096,157.185297,0.477891,False,
6121,244.800000,102,103,3.553679,149.705338,0.977788,False,
6121,244.800000,102,104,4.320742,153.930646,0.987878,False,
6121,244.800000,103,104,1.072289,4.225308,0.959812,True,
6131,245.200000,99,100,0.907782,1.551096,0.953116,True,
6131,245.200000,102,103,2.699564,149.705338,0.876028,False,
6131,245.200000,102,104,3.725636,153.930646,0.917590,False,
6131,245.200000,103,104,1.134002,4.225308,0.941298,True,
6141,245.600000,99,100,0.974485,7.983457,0.993334,True,
6141,245.600000,99,105,2.838290,147.996513,0.191950,False,
6141,245.600000,99,106,3.727249,153.128961,0.153724,False,
6141,245.600000,100,105,1.987272,155.979970,0.368994,False,
6141,245.600000,100,106,2.792492,161.112418,0.127961,False,
6141,245.600000,102,103,2.364309,162.163383,0.756655,False,
6141,245.600000,102,104,3.490240,161.015037,0.761089,False,
6141,245.600000,103,104,1.126327,1.148346,0.982522,True,
6141,245.600000,104,105,11.783566,173.331182,0.449499,False,3.893411
6141,245.600000,105,106,1.047817,5.132447,0.947316,True,
6151,246.000000,99,100,0.917173,6.677518,0.999942,True,2.387828
6151,246.000000,99,105,2.218253,146.653124,0.116289,False,
6151,246.000000,99,106,3.274590,151.785572,0.387177,False,
6151,246.000000,100,105,1.302056,139.975606,0.006684,False,
6151,246.000000,100,106,2.360964,145.108053,0.308900,False,
6151,246.000000,102,103,2.721894,172.372053,0.680764,False,
6151,246.000000,102,104,3.691336,163.863962,0.602808,False,
6151,246.000000,103,104,1.049648,8.508092,0.995246,True,2.346479
6151,246.000000,103,105,10.487272,176.555981,0.224890,False,3.398045
6151,246.000000,104,105,10.614044,174.935927,0.398463,False,3.514887
6151,246.000000,105,106,1.097109,5.132447,0.959085,True,
6161,246.400000,99,100,0.860676,6.677518,0.999780,True,1.987790
6161,246.400000,99,105,2.053312,148.736459,0.613511,False,
6161,246.400000,99,106,3.170275,151.785572,0.677675,False,
6161,246.400000,100,105,1.363538,142.058941,0.767527,False,
6161,246.400000,100,106,2.426071,145.108053,0.709041,False,
6161,246.400000,102,103,3.540652,172.372053,0.414952,False,
6161,246.400000,102,104,4.284427,163.863962,0.352544,False,
6161,246.400000,103,104,0.972974,8.508092,0.995013,True,1.946481
6161,246.400000,103,105,9.325963,178.639316,0.060292,False,3.044976
6161,246.400000,105,106,1.123928,3.049113,0.972407,True,
6171,246.800000,99,100,0.818888,4.919596,0.999550,True,2.208123
6171,246.800000,99,105,2.519471,155.519634,0.950472,False,
6171,246.800000,99,106,3.469752,150.829543,0.856090,False,
6171,246.800000,100,105,2.161320,150.600039,0.995286,False,
6171,246.800000,100,106,2.959086,145.909948,0.913068,False,
6171,246.800000,102,103,4.579575,172.372053,0.237017,False,
6171,246.800000,103,104,0.896306,8.508092,0.994732,True,1.546476
6171,246.800000,105,106,1.067123,4.690091,0.990476,True,3.468454
6181,247.200000,99,100,0.847169,3.031740,0.997493,True,
6181,247.200000,99,105,3.356121,149.136828,0.974318,False,
6181,247.200000,99,106,4.130278,145.703260,0.899639,False,
6181,247.200000,100,105,3.119669,152.168569,0.981497,False,
6181,247.200000,100,106,3.727335,148.735000,0.993592,False,
6181,247.200000,103,104,0.890307,0.298193,0.990868,True,
6181,247.200000,105,106,1.027600,3.433568,0.992577,True,4.353124
6191,247.600000,99,100,0.918552,7.537111,0.987047,True,
6191,247.600000,99,105,4.322955,149.136828,0.996914,False,
6191,247.600000,99,106,4.958478,145.703260,0.959615,False,
6191,247.600000,100,105,4.071798,156.673939,0.859607,False,
6191,247.600000,100,106,4.551042,153.240371,0.968861,False,
6191,247.600000,103,104,0.927303,4.576273,0.998254,True,
6191,247.600000,103,105,5.930254,163.522110,0.817500,False,2.037087
6191,247.600000,105,106,0.988099,3.433568,0.993173,True,3.953123
6201,248.000000,103,104,0.967849,4.576273,1.000000,True,
6201,248.000000,103,105,4.798374,163.644805,0.813291,False,1.619658
6201,248.000000,104,105,4.896968,168.221078,0.957879,False,
6201,248.000000,105,106,0.950729,3.310873,0.992677,True,3.762961
6211,248.400000,103,104,1.011516,4.576273,0.998514,True,
6211,248.400000,103,105,3.657989,163.822986,0.810377,False,1.199249
6211,248.400000,103,106,4.098566,166.907379,0.869629,False,
6211,248.400000,104,105,3.781274,168.399259,0.969315,False,
6211,248.400000,104,106,4.406684,171.483652,0.978595,False,
6211,248.400000,105,106,0.917414,3.084392,0.990216,True,4.156060
6221,248.800000,103,104,1.032107,1.894541,0.992667,True,
6221,248.800000,103,105,2.515705,167.573686,0.835435,False,
6221,248.800000,103,106,3.050345,170.216443,0.923292,False,
6221,248.800000,104,105,2.762162,169.468227,0.990008,False,
6221,248.800000,104,106,3.500143,172.110984,0.998585,False,
6221,248.800000,105,106,0.891008,2.642757,0.986491,True,
6231,249.200000,103,104,1.009594,1.241028,0.983779,True,
6231,249.200000,103,105,1.416073,175.410258,0.877147,False,
6231,249.200000,103,106,2.132771,178.053015,0.902139,False,
6231,249.200000,104,105,2.020339,174.169230,0.992797,False,
6231,249.200000,104,106,2.864262,176.811987,0.980870,False,
6231,249.200000,105,106,0.865367,2.642757,0.981087,True,
6241,249.600000,103,104,0.989750,1.241028,0.991836,True,
6241,249.600000,103,105,0.816766,175.410258,0.860397,False,
6241,249.600000,103,106,1.636367,178.053015,0.989067,False,
6241,249.600000,104,105,1.804100,174.169230,0.882498,False,
6241,249.600000,104,106,2.604421,176.811987,0.976851,False,
6241,249.600000,105,106,0.840572,2.642757,0.974375,True,
6251,250.000000,103,104,0.972741,1.241028,0.997308,True,
6251,250.000000,103,105,1.391502,172.228793,0.978264,False,
6251,250.000000,103,106,1.921335,178.053015,0.683325,False,
6251,250.000000,104,105,2.121465,173.469821,0.998564,False,
6251,250.000000,104,106,2.826303,176.811987,0.806280,False,
6251,250.000000,105,106,0.928505,9.718192,0.968420,True,
6261,250.400000,103,104,0.956158,1.530376,0.999864,True,
6261,250.400000,103,105,2.424541,172.228793,0.997219,False,
6261,250.400000,103,106,2.663076,177.901761,0.560470,False,
6261,250.400000,104,105,2.859172,173.759169,0.958143,False,
6261,250.400000,104,106,3.351011,179.432138,0.853522,False,
6261,250.400000,105,106,0.995167,5.672968,0.950754,True,
6271,250.800000,103,104,0.930708,2.811555,0.998744,True,
6271,250.800000,103,105,3.526629,173.464462,0.950608,False,
6271,250.800000,103,106,3.582903,178.612159,0.445002,False,
6271,250.800000,104,105,3.784078,176.276017,0.829412,False,
6271,250.800000,104,106,4.078002,178.576286,0.172232,False,
6271,250.800000,105,106,1.060087,5.147697,0.939464,True,
6281,251.200000,103,104,1.013717,9.414980,0.991034,True,
6281,251.200000,103,105,4.587932,174.309002,0.324409,False,
6281,251.200000,103,106,4.496526,169.161306,0.717816,False,
6281,251.200000,104,105,4.793418,176.276017,0.760109,False,
6281,251.200000,104,106,4.932154,178.576286,0.028796,False,
6281,251.200000,105,106,1.125841,5.147697,0.930108,True,
6291,251.600000,103,104,1.097173,9.414980,0.993428,True,
6291,251.600000,105,106,1.184266,4.910889,0.925964,True,
6291,251.600000,107,108,0.823628,0.703005,0.795796,True,
6301,252.000000,103,104,1.101912,0.640669,0.982646,True,
6301,252.000000,105,106,1.231575,4.468633,0.926093,True,
6301,252.000000,105,107,4.493039,171.136400,0.591668,False,
6301,252.000000,105,108,4.621674,170.433395,0.937165,False,
6301,252.000000,106,107,4.223965,175.605033,0.445715,False,
6301,252.000000,106,108,4.575398,174.902028,0.968587,False,
6301,252.000000,107,108,0.851731,0.703005,0.777844,True,
6311,252.400000,103,104,1.021213,8.858538,0.964671,True,2.102299
6311,252.400000,105,106,1.228204,2.354495,0.942567,True,
6311,252.400000,105,107,3.681736,171.136400,0.414137,False,
6311,252.400000,105,108,3.681200,170.433395,0.873818,False,
6311,252.400000,106,107,3.125387,173.490895,0.997774,False,
6311,252.400000,106,108,3.414223,172.787890,0.849468,False,
6311,252.400000,107,108,0.880509,0.703005,0.760454,True,
6321,252.800000,103,104,0.914896,11.883863,0.965328,True,1.205852
6321,252.800000,105,106,1.229712,2.354495,0.961735,True,
6321,252.800000,105,107,3.095553,167.756998,0.565946,False,
6321,252.800000,105,108,2.879275,170.433395,0.730090,False,
6321,252.800000,106,107,2.192915,170.111494,0.997668,False,
6321,252.800000,106,108,2.297036,172.787890,0.922676,False,
6321,252.800000,107,108,0.854889,2.676396,0.772342,True,4.118407
6331,253.200000,103,104,0.809263,11.883863,0.956851,True,0.805853
6331,253.200000,105,106,1.159436,5.574948,0.985246,True,
6331,253.200000,105,107,2.763865,175.276622,0.743332,False,
6331,253.200000,105,108,2.233503,173.794603,0.568937,False,
6331,253.200000,106,107,1.639133,169.701674,0.813973,False,
6331,253.200000,106,108,1.297195,168.219655,0.956941,False,
6331,253.200000,107,108,0.850199,1.482019,0.820914,True,
6341,253.600000,103,104,0.800236,1.931919,0.968336,True,
6341,253.600000,105,106,1.051885,9.585951,0.995685,True,1.744056
6341,253.600000,105,107,2.827409,179.691561,0.978837,False,
6341,253.600000,105,108,2.041478,178.826420,0.870004,False,
6341,253.600000,106,107,1.827427,170.722488,0.296461,False,
6341,253.600000,106,108,1.005145,169.240469,0.215020,False,
6341,253.600000,107,108,0.846657,1.482019,0.841419,True,
6351,254.000000,103,104,0.856681,5.420336,0.972109,True,
6351,254.000000,105,106,1.054477,0.246545,0.999999,True,
6351,254.000000,105,107,3.313561,179.691561,0.854051,False,
6351,254.000000,105,108,2.471146,178.826420,0.534155,False,
6351,254.000000,106,107,2.513217,179.445016,0.732507,False,
6351,254.000000,106,108,1.723275,179.072965,0.326036,False,
6351,254.000000,107,108,0.844275,1.482019,0.860912,True,
6361,254.400000,103,104,0.914690,5.420336,0.961964,True,
6361,254.400000,105,106,1.057103,0.246545,0.999976,True,
6361,254.400000,105,107,4.073732,179.691561,0.709995,False,
6361,254.400000,105,108,3.287146,178.826420,0.262800,False,
6361,254.400000,106,107,3.456936,179.445016,0.562139,False,
6361,254.400000,106,108,2.777933,179.072965,0.088840,False,
6361,254.400000,107,108,0.843064,1.482019,0.879291,True,
6371,254.800000,103,104,0.973987,5.420336,0.951765,True,
6371,254.800000,105,106,1.020546,3.627365,0.998004,True,6.035916
6371,254.800000,105,107,4.911483,177.387494,0.812756,False,
6371,254.800000,105,108,4.237300,177.433123,0.999914,False,
6371,254.800000,106,107,4.462217,178.985141,0.289795,False,
6371,254.800000,106,108,3.902983,178.939512,0.035825,False,
6371,254.800000,107,108,0.817466,0.045629,0.914408,True,
6381,255.200000,105,106,0.968077,5.350305,0.993823,True,3.424077
6381,255.200000,107,108,0.813474,1.292756,0.938151,True,
6391,255.600000,107,108,0.811698,1.292756,0.954960,True,
6401,256.000000,107,108,0.812142,1.292756,0.969184,True,
6401,256.000000,109,110,0.929219,5.079513,0.989839,True,2.905753
6411,256.400000,107,108,0.830166,2.236619,0.971762,True,
6411,256.400000,109,110,0.878782,5.079513,0.994113,True,2.505756
6421,256.800000,107,108,0.872397,3.471020,0.961470,True,
6421,256.800000,109,110,0.829490,5.079513,0.997526,True,2.105752
6431,257.200000,107,108,0.885548,1.150466,0.954979,True,
6431,257.200000,109,110,0.786062,4.563432,0.999262,True,1.893104
6441,257.600000,107,108,0.891338,0.604814,0.954325,True,
6441,257.600000,109,110,0.768837,1.841859,0.999792,True,4.180897
6451,258.000000,107,108,0.897134,0.604814,0.955062,True,
6451,258.000000,109,110,0.774126,0.581264,0.999999,True,
6461,258.400000,107,108,0.905246,0.806451,0.955111,True,
6461,258.400000,109,110,0.779414,0.581264,0.999999,True,
6471,258.800000,107,108,0.914349,0.892628,0.955388,True,
6471,258.800000,109,110,0.784703,0.581264,0.999999,True,
6481,259.200000,107,108,0.921811,0.628104,0.953936,True,
6481,259.200000,107,111,4.968815,160.520744,0.345147,False,
6481,259.200000,108,111,4.829170,159.892640,0.543398,False,
6481,259.200000,109,110,0.789990,0.581264,0.999999,True,
6491,259.600000,107,108,0.915313,1.889731,0.933426,True,
6491,259.600000,107,111,4.220231,160.520744,0.186880,False,
6491,259.600000,108,111,3.983402,162.410475,0.471413,False,
6491,259.600000,109,110,0.795557,0.613882,0.999985,True,
6501,260.000000,107,108,0.972378,5.547384,0.910514,True,
6501,260.000000,107,111,3.702778,167.957859,0.259074,False,
6501,260.000000,108,111,3.246697,162.410475,0.285850,False,
6501,260.000000,109,110,0.802803,0.751647,0.999253,True,
6511,260.400000,107,108,1.036537,6.394753,0.911853,True,
6511,260.400000,107,111,3.438721,170.061716,0.634237,False,
6511,260.400000,107,112,3.022380,162.225547,0.073754,False,
6511,260.400000,108,111,2.701338,163.666963,0.071654,False,
6511,260.400000,108,112,2.856213,155.830794,0.617317,False,
6511,260.400000,109,110,0.810973,0.751647,0.997387,True,
6511,260.400000,111,112,1.861551,7.836169,0.433851,False,
6521,260.800000,107,108,1.100798,6.394753,0.915700,True,
6521,260.800000,107,111,3.368962,176.427515,0.966378,False,
6521,260.800000,107,112,2.564848,162.225547,0.258240,False,
6521,260.800000,107,113,3.411314,167.334138,0.529728,False,
6521,260.800000,108,111,2.375060,177.177732,0.949286,False,
6521,260.800000,108,112,2.061131,155.830794,0.397948,False,
6521,260.800000,108,113,2.911746,160.939385,0.065879,False,
6521,260.800000,109,110,0.820045,0.751647,0.994467,True,
6521,260.800000,111,112,1.724202,21.346937,0.472146,False,
6521,260.800000,111,113,1.945026,16.238347,0.088026,False,
6521,260.800000,112,113,0.863038,5.108591,0.927619,True,
6531,261.200000,107,108,1.162664,6.570687,0.923925,True,
6531,261.200000,107,111,3.579305,176.427515,0.858866,False,
6531,261.200000,107,112,2.482883,162.225547,0.623310,False,
6531,261.200000,107,113,3.172920,167.334138,0.752147,False,
6531,261.200000,108,111,2.421021,177.001798,0.995855,False,
6531,261.200000,108,112,1.532549,155.654860,0.125992,False,
6531,261.200000,108,113,2.343434,160.763451,0.268009,False,
6531,261.200000,109,110,0.831205,0.859201,0.990174,True,
6531,261.200000,111,112,1.594429,21.346937,0.407906,False,
6531,261.200000,111,113,1.926830,16.238347,0.027546,False,
6531,261.200000,112,113,0.847684,5.108591,0.897280,True,
6531,261.200000,114,115,0.782343,4.575668,0.985250,True,
6531,261.200000,114,116,2.781983,14.500210,0.998012,False,8.225859
6531,261.200000,115,116,3.557060,9.924542,0.998216,False,
6541,261.600000,107,108,1.220078,6.953073,0.940197,True,
6541,261.600000,107,111,4.026086,176.427515,0.718462,False,
6541,261.600000,107,112,2.730305,174.214747,0.993509,False,
6541,261.600000,107,113,3.233735,167.334138,0.917187,False,
6541,261.600000,108,111,2.840778,176.619412,0.903751,False,
6541,261.600000,108,112,1.510948,167.261674,0.890633,False,
6541,261.600000,108,113,2.092796,160.381065,0.701546,False,
6541,261.600000,109,110,0.854897,1.795809,0.980411,True,
6541,261.600000,111,112,1.495743,9.357738,0.491763,False,3.905435
6541,261.600000,111,113,1.915816,16.238347,0.033957,False,
6541,261.600000,112,113,0.926291,6.880609,0.829817,True,
6541,261.600000,112,115,13.264380,169.552560,0.789123,False,4.990884
6541,261.600000,114,115,0.810957,4.575668,0.999745,True,
6541,261.600000,114,116,2.670706,14.500210,0.997599,False,7.825856
6541,261.600000,115,116,3.481624,9.924542,0.995281,False,
6551,262.000000,107,108,1.279284,6.953073,0.952005,True,
6551,262.000000,107,111,4.500111,168.269938,0.617728,False,
6551,262.000000,107,112,3.229050,169.669294,0.261740,False,
6551,262.000000,107,113,3.578544,167.334138,0.990732,False,
6551,262.000000,108,111,3.352444,175.223011,0.665520,False,
6551,262.000000,108,112,2.069616,176.622368,0.296726,False,
6551,262.000000,108,113,2.299747,160.381065,0.942420,False,
6551,262.000000,109,110,0.880556,1.795809,0.970181,True,
6551,262.000000,109,111,4.919677,177.945773,0.452930,False,
6551,262.000000,111,112,1.283601,1.399356,0.768911,True,
6551,262.000000,111,113,1.733767,24.395924,0.097940,False,
6551,262.000000,111,114,11.268943,168.356457,0.295473,False,6.247170
6551,262.000000,112,113,1.141545,22.996568,0.757625,False,
6551,262.000000,112,116,12.383173,175.743977,0.358037,False,4.844740
6551,262.000000,114,115,0.856238,4.575668,0.993529,True,
6551,262.000000,114,116,2.559542,14.500210,0.997107,False,7.425857
6551,262.000000,115,116,3.411282,9.924542,0.990734,False,
6561,262.400000,109,110,0.901937,2.751086,0.978565,True,
6561,262.400000,109,111,4.240298,176.244005,0.531082,False,
6561,262.400000,109,112,4.361808,179.345129,0.921420,False,
6561,262.400000,110,111,4.897984,173.492919,0.697126,False,
6561,262.400000,110,112,4.854070,176.594043,0.980328,False,
6561,262.400000,111,112,1.096266,3.101125,0.891088,True,
6561,262.400000,111,113,1.496174,4.304013,0.163382,False,1.514943
6561,262.400000,111,114,10.602644,166.921457,0.278729,False,6.005200
6561,262.400000,112,113,1.208926,1.202889,0.611075,False,
6561,262.400000,112,116,11.410180,175.743977,0.358329,False,4.444739
6561,262.400000,113,114,12.096183,171.225470,0.997980,False,5.087881
6561,262.400000,114,115,0.884211,1.964266,0.983167,True,
6561,262.400000,114,116,2.450527,14.233442,0.996272,True,7.301667
6561,262.400000,115,116,3.321579,12.269176,0.989063,False,
6571,262.800000,109,110,0.923555,3.095942,0.989242,True,
6571,262.800000,109,111,3.453773,179.200115,0.572224,False,
6571,262.800000,109,112,3.339539,179.219222,0.820943,False,
6571,262.800000,109,113,4.574855,179.451982,0.360267,False,
6571,262.800000,110,111,4.180205,177.703943,0.810598,False,
6571,262.800000,110,112,3.879669,176.123279,0.913621,False,
6571,262.800000,111,112,1.054794,1.580663,0.925788,True,
6571,262.800000,111,113,1.446130,0.251867,0.143296,False,6.938226
6571,262.800000,111,114,9.730562,173.781130,0.586095,False,4.195228
6571,262.800000,112,113,1.273948,1.328796,0.587953,False,
6571,262.800000,112,116,10.442452,175.869884,0.364555,False,4.068536
6571,262.800000,113,114,11.173758,173.529263,0.966358,False,4.623081
6571,262.800000,114,115,0.883713,1.429689,0.968215,True,
6571,262.800000,114,116,2.360112,11.929649,0.992679,True,
6571,262.800000,115,116,3.224461,13.359338,0.985795,False,
6581,263.200000,109,110,0.948019,3.095942,0.995707,True,
6581,263.200000,109,111,2.741164,178.648536,0.684279,False,
6581,263.200000,109,112,2.395408,177.961240,0.692500,False,
6581,263.200000,109,113,3.691787,179.451982,0.461807,False,
6581,263.200000,110,111,3.574385,178.255521,0.923194,False,
6581,263.200000,110,112,3.032505,174.865298,0.923019,False,
6581,263.200000,110,113,4.334044,177.452076,0.792800,False,
6581,263.200000,111,112,1.070147,3.390224,0.940220,True,
6581,263.200000,111,113,1.442978,0.803446,0.143147,False,
6581,263.200000,111,114,8.811593,174.332709,0.936012,False,3.579588
6581,263.200000,112,113,1.306620,2.586778,0.580936,False,
6581,263.200000,112,116,9.512753,174.325640,0.810261,False,3.880227
6581,263.200000,113,114,10.251387,173.529263,0.965679,False,4.223078
6581,263.200000,113,116,10.624903,171.738862,0.999408,False,4.590920
6581,263.200000,114,115,0.886452,1.429689,0.951347,True,
6581,263.200000,114,116,2.246544,14.731875,0.986924,True,
6581,263.200000,115,116,3.106249,16.161564,0.975121,False,
6591,263.600000,109,110,0.975117,3.095942,0.999142,True,
6591,263.600000,109,111,2.268289,176.279654,0.790221,False,
6591,263.600000,109,112,1.550071,177.961240,0.873289,False,
6591,263.600000,109,113,2.793345,177.916897,0.229028,False,
6591,263.600000,110,111,3.217513,179.375596,0.970198,False,
6591,263.600000,110,112,2.369253,174.865298,0.996616,False,
6591,263.600000,110,113,3.556036,174.820954,0.935544,False,
6591,263.600000,111,112,1.103463,5.759106,0.947410,True,
6591,263.600000,111,113,1.349752,5.803450,0.198168,False,
6591,263.600000,111,114,7.893908,176.701592,0.823788,False,3.180064
6591,263.600000,112,113,1.247376,0.044343,0.588973,False,
6591,263.600000,112,116,8.583184,174.325640,0.807865,False,3.480228
6591,263.600000,113,116,9.623112,174.369983,0.461198,False,3.644934
6591,263.600000,114,115,0.899552,1.695227,0.944051,True,
6591,263.600000,114,116,2.133579,14.731875,0.984000,True,
6591,263.600000,115,116,3.010422,13.036647,0.962839,False,
6601,264.000000,109,110,1.004636,3.095942,0.999976,True,
6601,264.000000,109,111,2.201780,172.695065,0.902120,False,
6601,264.000000,109,112,1.070860,177.961240,0.979119,False,
6601,264.000000,109,113,2.088118,177.916897,0.115496,False,
6601,264.000000,110,111,3.201528,175.791008,0.993098,False,
6601,264.000000,110,112,2.074524,174.865298,0.927157,False,
6601,264.000000,110,113,3.016223,174.820954,0.784967,False,
6601,264.000000,111,112,1.164221,9.343695,0.953366,True,
6601,264.000000,111,113,1.263492,9.388038,0.246558,False,
6601,264.000000,111,114,6.977748,177.993107,0.601569,False,2.793852
6601,264.000000,112,113,1.189561,0.044343,0.617263,False,
6601,264.000000,112,116,7.653793,174.325640,0.804867,False,3.080229
6601,264.000000,112,117,10.391503,174.410956,0.745407,False,4.310543
6601,264.000000,113,116,8.621468,174.369983,0.465022,False,3.244935
6601,264.000000,113,117,11.294334,174.366613,0.353725,False,4.373670
6601,264.000000,114,115,0.903550,1.534485,0.943756,True,
6601,264.000000,114,116,2.035343,13.011161,0.977391,True,
6601,264.000000,114,117,3.368333,1.747757,0.443765,False,
6601,264.000000,115,116,2.923471,11.476676,0.956143,False,
6601,264.000000,115,117,4.064726,0.213272,0.566014,False,
6601,264.000000,116,117,2.831395,11.263404,0.297937,False,
6611,264.400000,109,110,0.963521,4.028555,0.997499,True,3.541809
6611,264.400000,109,111,2.632022,179.819563,0.822365,False,
6611,264.400000,109,112,1.487674,172.488143,0.284766,False,
6611,264.400000,109,113,1.903630,172.071628,0.453583,False,
6611,264.400000,110,111,3.504789,175.791008,0.984115,False,
6611,264.400000,110,112,2.301665,176.516698,0.760989,False,
6611,264.400000,110,113,2.865053,176.100183,0.770461,False,
6611,264.400000,111,112,1.217193,7.692294,0.957512,True,
6611,264.400000,111,113,1.198700,8.108809,0.303515,False,
6611,264.400000,111,114,6.060936,175.417827,0.864120,False,2.382622
6611,264.400000,112,113,1.135392,0.416515,0.664213,False,
6611,264.400000,112,116,6.709683,177.826581,0.823016,False,2.590579
6611,264.400000,112,117,9.487688,176.062356,0.757642,False,3.944865
6611,264.400000,112,118,9.977084,178.304257,0.805628,False,4.089377
6611,264.400000,113,117,10.323493,175.645841,0.306897,False,4.130817
6611,264.400000,114,115,0.887915,1.040795,0.943011,True,
6611,264.400000,114,116,1.990794,5.283540,0.981415,True,
6611,264.400000,114,117,3.399243,0.827523,0.420914,False,
6611,264.400000,114,118,4.230910,4.805864,0.512611,False,
6611,264.400000,115,116,2.866255,6.324335,0.969522,False,
6611,264.400000,115,117,4.070565,0.213272,0.564797,False,
6611,264.400000,115,118,4.970028,5.846659,0.607984,False,
6611,264.400000,116,117,2.858069,6.111063,0.236236,False,
6611,264.400000,116,118,3.267877,0.477676,0.018407,False,
6611,264.400000,117,118,1.011714,5.633387,0.880925,True,3.531127
6621,264.800000,109,110,0.922413,4.028555,0.997283,True,3.141803
6621,264.800000,109,111,3.298732,176.380049,0.515196,False,
6621,264.800000,109,112,2.321957,179.757697,0.444197,False,
6621,264.800000,109,113,2.325937,178.208335,0.723034,False,
6621,264.800000,110,111,4.016371,179.591397,0.811518,False,
6621,264.800000,110,112,2.918044,175.729143,0.821445,False,
6621,264.800000,110,113,3.153673,177.763110,0.960512,False,
6621,264.800000,111,112,1.193785,3.862254,0.941789,True,
6621,264.800000,111,113,1.154525,1.828286,0.275774,False,5.026978
6621,264.800000,111,114,5.171818,179.218216,0.157898,False,2.067486
6621,264.800000,111,115,4.980934,179.497772,0.103691,False,
6621,264.800000,112,113,1.090299,2.033968,0.766031,True,6.378985
6621,264.800000,112,117,8.639881,176.183484,0.680680,False,3.882205
6621,264.800000,113,114,6.292752,177.389930,0.966241,False,2.516713
6621,264.800000,114,115,0.876108,1.284012,0.944555,True,9.426949
6621,264.800000,114,116,1.978911,0.729859,0.991079,True,
6621,264.800000,114,117,3.430167,0.827523,0.419028,False,
6621,264.800000,114,118,4.223069,4.805864,0.504381,False,
6621,264.800000,115,116,2.840524,2.013871,0.982006,False,
6621,264.800000,115,117,4.089301,0.456490,0.563151,False,
6621,264.800000,115,118,4.946682,6.089876,0.603448,False,
6621,264.800000,116,117,2.925379,1.557381,0.187279,False,
6621,264.800000,116,118,3.319776,4.076005,0.048948,False,
6621,264.800000,117,118,0.964865,5.633387,0.878186,True,3.131131
6631,265.200000,109,110,0.895532,2.574637,0.997012,True,4.521708
6631,265.200000,109,111,4.067088,172.061301,0.258743,False,
6631,265.200000,109,112,3.249419,179.757697,0.320992,False,
6631,265.200000,109,113,3.064927,178.208335,0.504525,False,
6631,265.200000,110,111,4.653219,174.635937,0.509995,False,
6631,265.200000,110,112,3.703364,177.183061,0.649212,False,
6631,265.200000,110,113,3.730156,179.217029,0.797207,False,
6631,265.200000,111,112,1.134021,8.181002,0.952825,True,3.575432
6631,265.200000,111,113,1.076183,6.147034,0.288529,False,2.541149
6631,265.200000,111,114,4.310979,176.463036,0.251620,False,1.769471
6631,265.200000,111,115,4.133389,174.952974,0.144875,False,
6631,265.200000,111,116,4.828614,177.192895,0.493010,False,
6631,265.200000,112,113,1.045999,2.033968,0.783708,True,5.978947
6631,265.200000,112,114,4.822779,175.355962,0.708487,False,
6631,265.200000,112,115,4.828577,176.866024,0.676581,False,
6631,265.200000,112,116,4.887474,174.626103,0.247978,False,
6631,265.200000,112,117,7.792311,176.183484,0.676448,False,3.482207
6631,265.200000,113,114,5.364004,177.389930,0.969230,False,2.116715
6631,265.200000,114,115,0.868014,1.510062,0.939670,True,
6631,265.200000,114,116,1.967790,0.729859,0.993517,True,
6631,265.200000,114,117,3.461107,0.827523,0.417174,False,
6631,265.200000,114,118,4.215615,4.805864,0.496076,False,
6631,265.200000,115,116,2.816236,2.239921,0.984033,False,
6631,265.200000,115,117,4.121071,0.682540,0.559233,False,
6631,265.200000,115,118,4.935588,6.315926,0.596743,False,
6631,265.200000,116,117,2.992920,1.557381,0.178773,False,
6631,265.200000,116,118,3.372084,4.076005,0.038043,False,
6631,265.200000,117,118,0.918051,5.633387,0.875134,True,2.731130
6641,265.600000,109,110,0.870333,2.409839,0.997724,True,4.471344
6641,265.600000,109,111,4.910734,172.061301,0.150219,False,
6641,265.600000,109,112,4.208897,179.757697,0.250581,False,
6641,265.600000,109,113,3.946542,178.208335,0.357512,False,
6641,265.600000,110,112,4.567039,177.347858,0.549806,False,
6641,265.600000,110,113,4.476349,179.381826,0.668535,False,
6641,265.600000,111,112,1.074262,8.181002,0.952367,True,3.175449
6641,265.600000,111,113,0.998384,6.147034,0.265297,False,2.141158
6641,265.600000,111,114,3.457299,178.956921,0.026632,False,1.418111
6641,265.600000,111,115,3.299697,174.952974,0.074183,False,
6641,265.600000,111,116,3.983962,177.192895,0.555333,False,
6641,265.600000,112,113,1.002582,2.033968,0.802241,True,5.579007
6641,265.600000,112,114,3.984789,172.862077,0.893017,False,
6641,265.600000,112,115,4.025958,176.866024,0.738584,False,
6641,265.600000,112,116,3.982118,174.626103,0.212620,False,
6641,265.600000,112,117,6.942547,176.787984,0.563850,False,3.095301
6641,265.600000,113,114,4.443003,174.896045,0.999186,False,1.795788
6641,265.600000,113,115,4.296475,178.899992,0.672213,False,
6641,265.600000,113,116,4.790728,176.660071,0.220595,False,
6641,265.600000,114,115,0.843009,4.003947,0.920602,True,
6641,265.600000,114,116,1.977265,1.764026,0.993763,True,
6641,265.600000,114,117,3.496098,3.925907,0.406368,False,
6641,265.600000,114,118,4.218165,1.177383,0.482733,False,
6641,265.600000,115,116,2.792171,2.239921,0.985590,False,
6641,265.600000,115,117,4.153356,0.078039,0.558867,False,
6641,265.600000,115,118,4.928599,5.181330,0.596639,False,
6641,265.600000,116,117,3.057309,2.161881,0.164416,False,
6641,265.600000,116,118,3.422985,2.941409,0.039400,False,
6641,265.600000,117,118,0.875065,5.103290,0.880094,True,2.566970
6651,266.000000,109,110,0.845250,2.409839,0.998458,True,4.071300
6651,266.000000,109,113,4.851779,172.715213,0.029007,False,
6651,266.000000,111,112,1.025011,6.436447,0.956935,True,3.472584
6651,266.000000,111,113,0.957767,0.327743,0.323159,False,3.616387
6651,266.000000,111,114,2.636298,170.473877,0.900804,False,
6651,266.000000,111,115,2.493291,175.279144,0.067245,False,
6651,266.000000,111,116,3.191104,172.627997,0.848139,False,
6651,266.000000,112,113,0.953945,6.108704,0.756127,True,2.981286
6651,266.000000,112,114,3.217349,164.037430,0.984632,False,
6651,266.000000,112,115,3.272941,178.284409,0.742968,False,
6651,266.000000,112,116,3.082760,179.064445,0.363615,False,
6651,266.000000,113,114,3.589087,170.146135,0.999593,False,
6651,266.000000,113,115,3.441003,175.606887,0.253165,False,
6651,266.000000,113,116,3.898110,172.955740,0.847970,False,
6651,266.000000,114,115,0.753656,14.246978,0.833249,True,0.838131
6651,266.000000,114,116,2.111383,16.898125,0.993652,True,
6651,266.000000,114,117,3.548622,19.277831,0.405553,False,
6651,266.000000,114,118,4.275067,18.776327,0.511425,False,
6651,266.000000,115,116,2.810683,2.651147,0.993758,False,
6651,266.000000,115,117,4.188685,5.030852,0.599674,False,
6651,266.000000,115,118,4.953156,4.529348,0.666010,False,
6651,266.000000,116,117,3.105674,2.379706,0.069744,False,
6651,266.000000,116,118,3.461227,1.878202,0.167026,False,
6651,266.000000,117,118,0.866284,0.501504,0.938922,True,
6661,266.400000,109,110,0.820297,2.409839,0.999081,True,3.671321
6661,266.400000,111,112,1.000644,2.445785,0.969226,True,
6661,266.400000,111,113,0.956005,6.570723,0.417682,False,
6661,266.400000,111,114,1.841652,169.708869,0.957218,False,
6661,266.400000,111,115,1.743128,176.349120,0.392675,False,
6661,266.400000,111,116,2.509973,168.683492,0.989145,False,
6661,266.400000,112,113,0.914935,9.016508,0.659830,False,
6661,266.400000,112,114,2.520871,167.263084,0.928227,False,
6661,266.400000,112,115,2.618533,178.794905,0.681394,False,
6661,266.400000,112,116,2.203256,171.129278,0.867722,False,
6661,266.400000,112,117,5.184130,173.459086,0.812807,False,2.247787
6661,266.400000,113,114,2.797219,176.279592,0.869089,False,
6661,266.400000,113,115,2.663292,169.778397,0.190457,False,
6661,266.400000,113,116,3.059242,162.112769,0.986332,False,
6661,266.400000,114,115,0.681444,13.942011,0.751592,True,0.622330
6661,266.400000,114,116,2.292078,21.607639,0.999526,False,
6661,266.400000,114,117,3.607080,19.277831,0.442001,False,
6661,266.400000,114,118,4.336765,18.776327,0.539517,False,
6661,266.400000,115,116,2.876204,7.665627,0.998384,False,
6661,266.400000,115,117,4.234419,5.335819,0.601184,False,
6661,266.400000,115,118,4.987742,4.834316,0.667298,False,
6661,266.400000,116,117,3.167858,2.329808,0.032240,False,
6661,266.400000,116,118,3.502789,2.831312,0.199521,False,
6661,266.400000,117,118,0.857659,0.501504,0.943523,True,
6671,266.800000,109,110,0.795483,2.409839,0.999568,True,3.271325
6671,266.800000,111,112,0.976870,2.445785,0.975047,True,
6671,266.800000,111,113,0.956954,6.570723,0.465529,False,
6671,266.800000,111,114,1.128275,169.708869,0.999651,False,
6671,266.800000,111,115,1.188547,176.782504,0.822234,False,
6671,266.800000,111,116,2.024531,168.683492,0.980185,False,
6671,266.800000,111,117,4.248398,171.013301,0.878331,False,
6671,266.800000,111,118,4.859834,171.514804,0.888514,False,
6671,266.800000,112,113,0.879167,9.016508,0.611944,False,
6671,266.800000,112,114,1.972983,167.263084,0.772001,False,
6671,266.800000,112,115,2.158651,179.228290,0.916463,False,
6671,266.800000,112,116,1.415294,171.129278,0.975788,False,
6671,266.800000,112,117,4.302947,173.459086,0.825983,False,1.847790
6671,266.800000,112,118,4.774120,173.960589,0.818427,False,
6671,266.800000,113,114,2.071631,176.279592,0.950671,False,
6671,266.800000,113,115,1.984412,170.211781,0.187614,False,
6671,266.800000,113,116,2.293261,162.112769,0.999383,False,
6671,266.800000,114,115,0.637869,13.508627,0.623731,False,
6671,266.800000,114,116,2.475338,21.607639,1.000000,False,
6671,266.800000,114,117,3.671189,19.277831,0.476551,False,
6671,266.800000,114,118,4.403055,18.776327,0.566230,False,
6671,266.800000,115,116,2.947973,8.099012,0.998612,False,
6671,266.800000,115,117,4.295612,5.769204,0.600322,False,
6671,266.800000,116,117,3.230147,2.329808,0.037866,False,
6671,266.800000,116,118,3.544679,2.831312,0.190137,False,
6671,266.800000,117,118,0.849198,0.501504,0.948036,True,
6681,267.200000,111,112,0.952249,3.122537,0.977867,True,5.856214
6681,267.200000,111,113,0.974288,3.010339,0.460712,False,
6681,267.200000,111,114,0.756305,172.658474,0.619421,False,
6681,267.200000,111,115,1.196633,176.105753,0.995501,False,
6681,267.200000,111,116,1.886809,168.006741,0.714512,False,
6681,267.200000,111,117,3.444319,168.923117,0.991115,False,
6681,267.200000,111,118,4.084828,170.838053,0.974357,False,
6681,267.200000,112,113,0.868289,6.132875,0.589311,False,
6681,267.200000,112,114,1.703642,169.535937,0.473369,False,
6681,267.200000,112,115,2.046697,179.228290,0.999528,False,
6681,267.200000,112,116,0.974431,171.129278,0.872553,False,
6681,267.200000,112,117,3.431115,172.045654,0.913466,False,
6681,267.200000,112,118,3.917286,173.960589,0.854122,False,
6681,267.200000,113,114,1.485267,175.668813,0.999508,False,
6681,267.200000,113,115,1.552539,173.095414,0.748451,False,
6681,267.200000,113,116,1.725510,164.996402,0.960345,False,
6681,267.200000,113,117,4.188435,165.912778,0.958832,False,
6681,267.200000,113,118,4.732838,167.827714,0.943336,False,
6681,267.200000,114,115,0.625101,11.235773,0.500935,False,
6681,267.200000,114,116,2.642343,19.334785,0.998976,False,
6681,267.200000,114,117,3.741880,18.418409,0.534233,False,
6681,267.200000,114,118,4.463389,16.503473,0.604647,False,
6681,267.200000,115,116,3.019969,8.099012,0.999025,False,
6681,267.200000,115,117,4.366875,7.182636,0.613522,False,
6681,267.200000,116,117,3.295244,0.916376,0.028153,False,
6681,267.200000,116,118,3.586886,2.831312,0.180956,False,
6681,267.200000,117,118,0.828952,1.914936,0.956009,True,4.896256
6691,267.600000,111,112,0.912286,6.678222,0.964903,True,
6691,267.600000,111,113,1.052364,6.598801,0.348663,False,
6691,267.600000,111,114,1.134896,164.751478,0.687505,False,
6691,267.600000,111,115,1.838688,173.901718,0.982121,False,
6691,267.600000,111,116,2.006514,172.138633,0.494866,False,
6691,267.600000,111,117,2.648699,160.886729,0.699179,False,
6691,267.600000,111,118,3.358447,162.580887,0.542348,False,
6691,267.600000,112,113,0.910060,0.079421,0.617934,False,
6691,267.600000,112,114,1.699759,171.429700,0.712064,False,
6691,267.600000,112,115,2.329218,179.420061,0.843088,False,
6691,267.600000,112,116,1.136945,165.460412,0.884817,False,
6691,267.600000,112,117,2.586723,167.564951,0.994939,False,
6691,267.600000,112,118,3.138476,169.259108,0.933819,False,
6691,267.600000,113,114,1.049032,171.350279,0.686466,False,
6691,267.600000,113,115,1.534716,179.499481,0.955285,False,
6691,267.600000,113,116,1.404226,165.539832,0.655057,False,
6691,267.600000,113,117,3.429903,167.485530,0.967016,False,
6691,267.600000,113,118,4.029081,169.179688,0.990462,False,
6691,267.600000,114,115,0.703963,9.150239,0.678969,False,
6691,267.600000,114,116,2.450032,23.109888,0.999720,False,3.974555
6691,267.600000,114,117,3.775953,3.864749,0.712602,False,
6691,267.600000,114,118,4.493341,2.170592,0.766786,False,
6691,267.600000,115,116,2.905856,13.959649,0.968617,False,
6691,267.600000,115,117,4.478499,13.014989,0.658249,False,
6691,267.600000,116,117,3.302012,26.974637,0.111924,False,
6691,267.600000,116,118,3.646986,25.280480,0.085383,False,
6691,267.600000,117,118,0.817737,1.694157,0.978542,True,
6701,268.000000,111,112,0.863706,7.970122,0.941776,True,
6701,268.000000,111,113,1.136897,6.598802,0.279893,False,
6701,268.000000,111,114,1.946228,164.751478,0.884183,False,
6701,268.000000,111,115,2.656345,166.701842,0.940023,False,
6701,268.000000,111,116,2.526033,172.138633,0.773608,False,
6701,268.000000,111,117,1.967615,160.886729,0.479920,False,
6701,268.000000,111,118,2.747964,162.580887,0.340899,False,
6701,268.000000,112,113,0.955199,1.371321,0.587611,False,
6701,268.000000,112,114,2.119766,172.721600,0.913842,False,
6701,268.000000,112,115,2.847676,174.671964,0.998737,False,
6701,268.000000,112,116,1.833417,164.168511,0.988532,False,
6701,268.000000,112,117,1.772079,168.856851,0.933599,False,
6701,268.000000,112,118,2.422118,170.551009,0.778779,False,
6701,268.000000,113,114,1.193566,171.350280,0.998682,False,
6701,268.000000,113,115,1.908726,173.300643,0.965900,False,
6701,268.000000,113,116,1.566361,165.539832,0.961768,False,
6701,268.000000,113,117,2.711111,167.485531,0.992325,False,
6701,268.000000,113,118,3.377314,169.179688,0.999992,False,
6701,268.000000,114,115,0.732465,1.950363,0.719679,True,
6701,268.000000,114,116,2.258003,23.109888,0.999377,False,3.574559
6701,268.000000,114,117,3.810051,3.864749,0.714405,False,
6701,268.000000,114,118,4.523309,2.170592,0.765536,False,
6701,268.000000,115,116,2.728719,21.159525,0.979418,False,5.680106
6701,268.000000,115,117,4.541479,5.815113,0.707917,False,
6701,268.000000,116,117,3.323855,26.974637,0.044933,False,
6701,268.000000,116,118,3.718002,25.280480,0.138744,False,
6701,268.000000,117,118,0.806686,1.694157,0.975479,True,
6711,268.400000,111,112,0.844033,3.862176,0.913833,True,
6711,268.400000,111,113,1.204814,2.204360,0.215334,False,
6711,268.400000,111,114,2.816567,168.859424,0.978340,False,
6711,268.400000,111,115,3.501598,165.859619,0.986411,False,
6711,268.400000,111,116,3.259417,168.030687,0.954056,False,
6711,268.400000,111,117,1.597447,164.994675,0.094036,False,
6711,268.400000,111,118,2.384318,166.688833,0.075303,False,
6711,268.400000,112,113,0.991187,1.657816,0.552222,False,
6711,268.400000,112,114,2.784787,172.721600,0.986973,False,
6711,268.400000,112,115,3.510542,169.721795,0.990404,False,
6711,268.400000,112,116,2.672017,164.168511,0.999700,False,
6711,268.400000,112,117,1.084944,168.856851,0.712001,False,
6711,268.400000,112,118,1.855582,170.551009,0.541113,False,
6711,268.400000,113,114,1.794387,171.063784,0.960354,False,
6711,268.400000,113,115,2.519504,168.063979,0.983483,False,
6711,268.400000,113,116,2.112093,165.826327,0.998991,False,
6711,268.400000,113,117,2.063136,167.199035,0.980014,False,
6711,268.400000,113,118,2.804075,168.893193,0.953802,False,
6711,268.400000,114,115,0.727756,2.999805,0.719909,True,
6711,268.400000,114,116,2.066335,23.109888,0.998796,False,3.174553
6711,268.400000,114,117,3.844180,3.864749,0.716170,False,
6711,268.400000,114,118,4.553300,2.170592,0.764299,False,
6711,268.400000,115,116,2.509616,26.109693,0.984797,False,3.693335
6711,268.400000,115,117,4.571894,0.864944,0.735678,False,
6711,268.400000,116,117,3.360476,26.974637,0.021090,False,
6711,268.400000,116,118,3.799322,25.280480,0.189588,False,
6711,268.400000,117,118,0.795808,1.694157,0.972121,True,
6721,268.800000,111,112,0.884703,6.968818,0.891172,True,
6721,268.800000,111,113,1.206907,9.612368,0.189994,False,
6721,268.800000,111,114,3.698044,173.571537,0.743741,False,
6721,268.800000,111,115,4.332812,176.690613,0.714169,False,
6721,268.800000,111,116,4.090841,159.194505,0.999274,False,
6721,268.800000,111,117,1.705628,174.844649,0.939813,False,
6721,268.800000,111,118,2.405530,178.687501,0.789724,False,
6721,268.800000,112,113,0.982792,2.643550,0.528334,False,
6721,268.800000,112,114,3.575824,166.602719,0.992377,False,
6721,268.800000,112,115,4.273595,169.721795,0.999998,False,
6721,268.800000,112,116,3.569763,166.163323,0.969395,False,
6721,268.800000,112,117,0.829196,178.186534,0.791612,False,
6721,268.800000,112,118,1.597251,171.718683,0.161145,False,
6721,268.800000,113,114,2.616178,163.959169,0.988964,False,
6721,268.800000,113,115,3.301983,167.078245,0.999943,False,
6721,268.800000,113,116,2.889596,168.806873,0.992720,False,
6721,268.800000,113,117,1.495247,175.542983,0.942112,False,
6721,268.800000,113,118,2.347819,169.075133,0.495526,False,
6721,268.800000,114,115,0.727787,3.119076,0.794079,True,
6721,268.800000,114,116,1.823613,27.233958,0.990996,False,2.019901
6721,268.800000,114,117,3.812473,11.583815,0.680020,False,
6721,268.800000,114,118,4.565724,5.115964,0.782248,False,
6721,268.800000,115,116,2.302933,24.114882,0.985802,False,3.360663
6721,268.800000,115,117,4.537195,8.464738,0.668900,False,
6721,268.800000,116,117,3.387831,15.650143,0.002103,False,
6721,268.800000,116,118,3.891862,22.117994,0.239156,False,
6721,268.800000,117,118,0.852723,6.467851,0.943934,True,
6731,269.200000,111,112,0.926781,6.968818,0.907764,True,
6731,269.200000,111,113,1.213431,9.612368,0.248848,False,
6731,269.200000,111,114,4.612053,172.970270,0.708929,False,
6731,269.200000,111,116,4.993425,163.521845,0.935498,False,
6731,269.200000,111,117,2.186800,169.129417,0.981518,False,
6731,269.200000,111,118,2.679452,171.914483,0.963308,False,
6731,269.200000,112,113,0.974746,2.643550,0.511874,False,
6731,269.200000,112,114,4.436722,166.001452,0.971621,False,
6731,269.200000,112,116,4.520266,170.490663,0.784108,False,
6731,269.200000,112,117,1.354032,176.098235,0.932559,False,
6731,269.200000,112,118,1.754588,178.883301,0.959279,False,
6731,269.200000,113,114,3.508939,163.357902,0.963244,False,
6731,269.200000,113,115,4.205096,173.640115,0.746591,False,
6731,269.200000,113,116,3.781514,173.134213,0.785882,False,
6731,269.200000,113,117,1.325442,178.741785,0.999597,False,
6731,269.200000,113,118,2.096917,178.473149,0.990081,False,
6731,269.200000,114,115,0.803438,10.282213,0.807767,True,
6731,269.200000,114,116,1.610793,23.507885,0.981179,False,1.966191
6731,269.200000,114,117,3.742323,17.900313,0.616798,False,
6731,269.200000,114,118,4.489767,15.115247,0.714819,False,
6731,269.200000,115,116,2.183413,13.225672,0.980643,True,5.785324
6731,269.200000,115,117,4.530467,7.618100,0.572431,False,
6731,269.200000,116,117,3.424910,5.607572,0.007021,False,
6731,269.200000,116,118,3.937296,8.392638,0.221302,False,
6731,269.200000,117,118,0.871259,2.785066,0.901725,True,
6741,269.600000,111,112,0.961397,5.412500,0.937655,True,
6741,269.600000,111,113,1.215340,5.777059,0.316303,False,
6741,269.600000,111,117,2.871548,172.964726,0.968816,False,
6741,269.600000,111,118,3.185595,175.749792,0.964506,False,
6741,269.600000,112,113,0.971518,0.364560,0.493393,False,
6741,269.600000,112,117,2.161956,178.377225,0.586020,False,
6741,269.600000,112,118,2.303025,178.837709,0.580649,False,
6741,269.600000,113,114,4.429741,163.357902,0.942584,False,
6741,269.600000,113,116,4.702911,173.134213,0.741340,False,
6741,269.600000,113,117,1.735247,178.741785,0.862815,False,
6741,269.600000,113,118,2.245279,178.473149,0.841318,False,
6741,269.600000,114,115,0.882909,10.282213,0.843031,True,
6741,269.600000,114,116,1.398987,23.507885,0.975254,False,1.566196
6741,269.600000,114,117,3.678136,17.900313,0.584319,False,
6741,269.600000,114,118,4.416898,15.115247,0.695946,False,
6741,269.600000,115,116,2.064226,13.225672,0.978011,True,5.385303
6741,269.600000,115,117,4.525108,7.618100,0.558083,False,
6741,269.600000,116,117,3.462709,5.607572,0.021365,False,
6741,269.600000,116,118,3.983870,8.392638,0.237601,False,
6741,269.600000,117,118,0.890121,2.785066,0.909702,True,
6751,270.000000,111,112,0.983393,3.145714,0.964999,True,
6751,270.000000,111,113,1.205080,0.000000,0.366167,False,
6751,270.000000,111,117,3.641601,178.741785,0.612119,False,
6751,270.000000,111,118,3.824225,178.473149,0.522824,False,
6751,270.000000,112,113,0.975494,3.145714,0.489295,False,
6751,270.000000,112,117,3.026081,178.112500,0.062248,False,
6751,270.000000,112,118,3.026426,175.327434,0.078736,False,
6751,270.000000,113,117,2.449213,178.741785,0.681643,False,
6751,270.000000,113,118,2.728540,178.473149,0.623727,False,
6751,270.000000,114,115,0.875165,2.096411,0.716621,True,
6751,270.000000,114,116,1.338692,6.865787,0.995533,True,5.770829
6751,270.000000,114,117,3.688488,1.258215,0.451331,False,
6751,270.000000,114,118,4.433003,1.526851,0.582191,False,
6751,270.000000,115,116,1.982111,8.962198,0.968146,True,6.843824
6751,270.000000,115,117,4.531645,3.354626,0.517973,False,
6751,270.000000,116,117,3.501195,5.607572,0.035392,False,
6751,270.000000,116,118,4.031517,8.392638,0.253457,False,
6751,270.000000,117,118,0.909281,2.785066,0.917047,True,
6761,270.400000,111,112,1.005466,3.145714,0.967221,True,
6761,270.400000,111,113,1.189374,4.295994,0.308048,False,
6761,270.400000,111,117,4.468684,178.741785,0.530230,False,
6761,270.400000,111,118,4.568154,178.361382,0.402605,False,
6761,270.400000,112,113,1.003261,7.441708,0.563007,False,
6761,270.400000,112,117,3.916877,178.112500,0.007269,False,
6761,270.400000,112,118,3.844852,175.215667,0.034264,False,
6761,270.400000,113,117,3.280813,174.445791,0.857470,False,
6761,270.400000,113,118,3.427455,177.342624,0.798596,False,
6761,270.400000,114,115,0.872728,0.995518,0.701593,True,
6761,270.400000,114,116,1.271181,7.689180,0.994426,True,4.359214
6761,270.400000,114,117,3.698924,1.258215,0.447084,False,
6761,270.400000,114,118,4.445141,1.638618,0.584714,False,
6761,270.400000,115,116,1.902971,8.684698,0.962429,True,6.711442
6761,270.400000,115,117,4.541128,2.253733,0.504044,False,
6761,270.400000,116,117,3.537634,6.430965,0.043948,False,
6761,270.400000,116,118,4.074060,9.327798,0.265862,False,
6761,270.400000,117,118,0.927618,2.896833,0.926542,True,
6771,270.800000,111,112,1.027611,3.145714,0.969281,True,
6771,270.800000,111,113,1.174364,4.295994,0.284521,False,
6771,270.800000,112,113,1.033323,7.441708,0.600835,False,
6771,270.800000,112,117,4.805515,178.865793,0.368258,False,
6771,270.800000,112,118,4.729461,174.792627,0.063070,False,
6771,270.800000,113,117,4.133972,171.424085,0.952396,False,
6771,270.800000,113,118,4.241824,177.765665,0.636078,False,
6771,270.800000,114,115,0.870394,0.995518,0.693245,False,
6771,270.800000,114,116,1.173151,11.063601,0.996006,True,2.373063
6771,270.800000,114,117,3.707481,4.279921,0.413103,False,
6771,270.800000,114,118,4.441473,2.061659,0.592699,False,
6771,270.800000,114,119,4.254102,179.060360,0.577232,False,
6771,270.800000,115,116,1.799149,12.059120,0.949004,True,5.334807
6771,270.800000,115,117,4.547315,5.275440,0.471250,False,
6771,270.800000,115,119,4.097873,178.064842,0.782842,False,
6771,270.800000,116,117,3.571394,6.783680,0.004696,False,
6771,270.800000,116,118,4.094383,13.125260,0.271717,False,
6771,270.800000,116,119,3.592678,169.876039,0.327250,False,
6771,270.800000,117,118,0.963291,6.341580,0.942547,True,
6771,270.800000,118,119,7.304068,176.998701,0.213732,False,2.381494
6781,271.200000,111,112,1.040465,1.830697,0.973193,True,
6781,271.200000,111,113,1.157608,5.611012,0.263328,False,
6781,271.200000,112,113,1.065495,7.441708,0.635264,False,
6781,271.200000,114,115,0.934011,2.499655,0.603847,False,
6781,271.200000,114,116,1.107726,7.389052,0.997644,True,3.162843
6781,271.200000,114,117,3.728502,1.378326,0.371526,False,
6781,271.200000,114,118,4.455260,5.736208,0.576963,False,
6781,271.200000,114,119,3.349452,177.265090,0.514768,False,
6781,271.200000,115,116,1.777431,4.889397,0.913591,True,
6781,271.200000,115,117,4.633532,1.121329,0.401561,False,
6781,271.200000,115,119,3.368458,174.765435,0.326692,False,
6781,271.200000,116,117,3.607744,6.010726,0.012575,False,
6781,271.200000,116,118,4.118090,13.125260,0.299155,False,
6781,271.200000,116,119,2.563236,169.876039,0.166592,False,
6781,271.200000,117,118,1.008222,7.114534,0.960476,True,
6781,271.200000,118,119,6.146197,176.998701,0.201968,False,1.981491
6791,271.600000,111,112,0.994789,5.768334,0.958456,True,3.457278
6791,271.600000,111,113,1.141291,6.173469,0.231242,False,
6791,271.600000,112,113,1.073636,0.405135,0.678976,False,
6791,271.600000,114,115,0.994489,0.756099,0.554086,False,
6791,271.600000,114,116,1.064019,4.936788,0.998371,True,4.355654
6791,271.600000,114,117,3.757852,1.073938,0.350741,False,
6791,271.600000,114,118,4.481552,8.188473,0.572893,False,
6791,271.600000,114,119,2.654781,174.812826,0.634509,False,
6791,271.600000,115,116,1.767533,4.180688,0.893599,True,
6791,271.600000,115,117,4.728795,1.830038,0.390902,False,
6791,271.600000,115,119,2.971822,174.056727,0.547280,False,
6791,271.600000,116,117,3.644838,6.010726,0.026789,False,
6791,271.600000,116,118,4.145150,13.125260,0.326015,False,
6791,271.600000,116,119,1.690850,169.876039,0.190247,False,
6791,271.600000,117,118,1.057028,7.114534,0.975234,True,
6791,271.600000,117,119,4.800051,175.886764,0.078155,False,
6791,271.600000,118,119,4.989638,176.998701,0.184693,False,1.581492
6801,272.000000,111,112,0.949112,5.768334,0.958490,True,3.057275
6801,272.000000,111,113,1.134484,5.369556,0.204625,False,
6801,272.000000,112,113,1.082928,0.398778,0.665310,False,
6801,272.000000,114,115,1.056002,0.756099,0.528572,False,
6801,272.000000,114,116,0.986202,8.802257,0.999787,True,1.986767
6801,272.000000,114,117,3.787194,1.073938,0.350472,False,
6801,272.000000,114,118,4.502307,6.670137,0.572428,False,
6801,272.000000,114,119,2.512134,169.868695,0.744980,False,
6801,272.000000,115,116,1.739314,8.046158,0.850134,True,
6801,272.000000,115,117,4.824153,1.830038,0.386650,False,
6801,272.000000,115,119,3.205509,170.624794,0.223229,False,
6801,272.000000,116,117,3.667913,9.876196,0.016117,False,
6801,272.000000,116,118,4.165873,15.472394,0.314662,False,
6801,272.000000,116,119,1.534031,178.670953,0.947519,False,
6801,272.000000,117,118,1.095686,5.596198,0.982499,True,
6801,272.000000,117,119,3.754209,168.794757,0.840250,False,
6801,272.000000,118,119,3.833244,163.198559,0.856817,False,1.144714
6811,272.400000,111,112,0.903436,5.768334,0.958527,True,2.657276
6811,272.400000,111,113,1.159841,1.877475,0.217999,False,
6811,272.400000,111,120,2.105900,169.846946,0.977795,False,
6811,272.400000,112,113,1.098100,3.890859,0.608708,False,
6811,272.400000,112,120,1.562746,164.078612,0.917995,False,
6811,272.400000,113,120,2.658696,167.969471,0.877763,False,
6811,272.400000,114,115,1.059688,14.687814,0.542987,False,
6811,272.400000,114,116,0.899893,9.799539,0.999991,True,1.393260
6811,272.400000,114,117,3.816536,1.073938,0.350207,False,
6811,272.400000,114,118,4.463980,7.402978,0.455533,False,
6811,272.400000,114,119,2.974478,160.436231,0.125342,False,
6811,272.400000,115,116,1.736906,4.888275,0.797287,True,
6811,272.400000,115,117,4.827115,15.761753,0.304533,False,
6811,272.400000,115,119,3.945843,175.124045,0.519878,False,
6811,272.400000,116,117,3.689500,10.873477,0.032658,False,
6811,272.400000,116,118,4.153206,2.396561,0.190724,False,
6811,272.400000,116,119,2.220553,170.235770,0.209955,False,
6811,272.400000,117,118,1.014287,8.476916,0.954401,True,2.056149
6811,272.400000,117,119,2.821916,159.362293,0.998179,False,
6811,272.400000,118,119,2.713366,167.839209,0.876280,False,
6821,272.800000,111,112,0.783847,15.429411,0.988586,True,0.651318
6821,272.800000,111,113,1.107277,11.538551,0.239348,False,
6821,272.800000,111,120,1.778355,179.508022,0.935179,False,
6821,272.800000,111,121,2.723184,167.297096,0.687036,False,
6821,272.800000,112,113,1.115398,3.890859,0.573753,False,
6821,272.800000,112,120,1.095177,164.078612,1.000000,False,
6821,272.800000,112,121,2.070091,177.273493,0.999964,False,
6821,272.800000,113,120,2.132400,167.969471,0.947112,False,
6821,272.800000,113,121,3.089270,178.835648,0.612692,False,
6821,272.800000,114,115,1.075943,13.751410,0.598684,False,
6821,272.800000,114,116,0.840969,6.820233,0.999970,True,1.658195
6821,272.800000,114,117,3.812711,7.599125,0.374717,False,
6821,272.800000,114,118,4.418930,4.423672,0.427281,False,
6821,272.800000,114,119,3.697145,167.269365,0.034165,False,
6821,272.800000,115,116,1.741787,6.931176,0.817614,True,
6821,272.800000,115,117,4.808372,21.350535,0.365197,False,
6821,272.800000,115,119,4.768019,178.979226,0.611424,False,
6821,272.800000,116,117,3.684586,14.419359,0.102136,False,
6821,272.800000,116,118,4.140670,2.396561,0.196444,False,
6821,272.800000,116,119,3.140253,174.089598,0.079914,False,
6821,272.800000,117,118,0.909957,12.022798,0.955354,True,1.222224
6821,272.800000,117,119,2.040409,159.670239,0.890459,False,
6821,272.800000,118,119,1.702945,171.693037,0.953452,False,
6821,272.800000,120,121,0.975227,13.194881,0.842059,True,
6831,273.200000,111,112,0.668793,15.429411,0.998022,True,0.251320
6831,273.200000,111,113,1.058720,11.538551,0.177819,False,
6831,273.200000,111,120,1.644812,179.508022,0.999987,False,
6831,273.200000,111,121,2.540323,167.297096,0.458062,False,
6831,273.200000,112,113,1.134727,3.890859,0.538901,False,
6831,273.200000,112,120,0.978356,164.078612,0.772479,False,
6831,273.200000,112,121,1.879277,177.273493,0.910441,False,
6831,273.200000,113,120,1.708172,167.969471,0.998458,False,
6831,273.200000,113,121,2.684326,178.835648,0.407779,False,
6831,273.200000,114,115,1.094852,5.672501,0.565404,False,
6831,273.200000,114,116,0.848788,1.258675,0.999994,True,
6831,273.200000,114,117,3.780762,16.042020,0.358791,False,
6831,273.200000,114,118,4.362540,4.330509,0.384939,False,
6831,273.200000,114,119,4.478055,177.565673,0.698199,False,
6831,273.200000,115,116,1.751062,6.931176,0.845366,True,
6831,273.200000,115,117,4.795880,21.714522,0.407218,False,
6831,273.200000,116,117,3.681137,14.783345,0.141625,False,
6831,273.200000,116,118,4.132585,3.071834,0.209220,False,
6831,273.200000,116,119,4.069322,178.824348,0.584267,False,
6831,273.200000,117,118,0.811185,11.711511,0.944666,True,0.890214
6831,273.200000,117,119,1.620723,166.392307,0.378390,False,
6831,273.200000,118,119,0.969275,178.103819,0.999999,False,
6831,273.200000,120,121,0.980227,13.194881,0.913658,True,
6841,273.600000,111,112,0.740621,10.716196,0.982802,True,
6841,273.600000,111,113,1.015164,5.774863,0.200815,False,5.332939
6841,273.600000,111,120,1.763964,178.805867,0.960420,False,
6841,273.600000,111,121,2.578264,167.297096,0.176988,False,
6841,273.600000,112,113,1.154250,16.491059,0.380936,False,
6841,273.600000,112,120,1.143737,168.089671,0.996879,False,
6841,273.600000,112,121,1.853038,156.580901,0.068831,False,
6841,273.600000,113,120,1.440196,175.419271,0.998821,False,
6841,273.600000,113,121,2.438086,173.071959,0.100406,False,
6841,273.600000,114,116,0.861068,1.258675,0.997674,True,
6841,273.600000,114,117,3.755027,16.042020,0.396657,False,
6841,273.600000,114,118,4.354842,10.749470,0.458768,False,
6841,273.600000,116,117,3.682459,14.783345,0.177241,False,
6841,273.600000,116,118,4.164086,9.490794,0.280232,False,
6841,273.600000,117,118,0.775406,5.292551,0.945950,True,
6841,273.600000,117,119,1.825230,168.715034,0.075364,False,
6841,273.600000,118,119,1.057461,174.007585,0.323816,False,
6841,273.600000,120,121,1.006114,11.508770,0.960517,True,
6851,274.000000,112,113,1.156211,15.439148,0.345216,False,
6851,274.000000,112,120,1.731151,151.518072,0.625237,False,
6851,274.000000,112,121,2.110189,149.488809,0.199714,False,
6851,274.000000,113,120,1.538613,166.957220,0.065342,False,
6851,274.000000,113,121,2.393784,164.927957,0.186751,False,
6851,274.000000,114,117,3.735670,16.042020,0.434301,False,
6851,274.000000,114,118,4.349501,10.749470,0.479307,False,
6851,274.000000,117,118,0.741995,5.292551,0.925646,True,
6851,274.000000,117,119,2.518575,177.027279,0.430322,False,
6851,274.000000,118,119,1.890059,177.680170,0.618680,False,
6851,274.000000,120,121,1.021050,2.029263,0.977443,True,
6861,274.400000,113,120,2.031302,166.957219,0.447547,False,
6861,274.400000,113,121,2.684126,165.162626,0.272264,False,
6861,274.400000,117,118,0.711286,5.292551,0.899993,True,
6861,274.400000,117,119,3.459891,177.027279,0.222499,False,
6861,274.400000,118,119,2.917339,177.680170,0.464160,False,
6861,274.400000,120,121,1.022187,1.794593,0.991022,True,
6871,274.800000,113,120,2.711224,166.957220,0.633540,False,
6871,274.800000,113,121,3.228355,165.162626,0.017312,False,
6871,274.800000,117,118,0.760335,5.397915,0.951472,True,
6871,274.800000,117,119,4.437663,174.543421,0.005840,False,
6871,274.800000,118,119,3.916641,169.145506,0.293185,False,
6871,274.800000,120,121,1.029751,1.794594,0.998474,True,
6881,275.200000,117,118,0.834215,8.645424,0.962083,True,
6881,275.200000,118,119,4.896209,167.271252,0.495214,False,
6881,275.200000,119,121,5.480697,177.605261,0.537313,False,1.948695
6881,275.200000,120,121,1.048303,2.394739,0.999534,True,
6891,275.600000,117,118,0.908098,8.645424,0.962552,True,
6891,275.600000,119,120,4.768639,179.999999,0.367269,False,
6891,275.600000,119,121,4.408794,177.755632,0.149378,False,
6891,275.600000,120,121,1.031810,2.244367,0.998046,True,
6901,276.000000,117,118,0.922941,2.453756,0.954703,True,
6901,276.000000,119,120,3.849066,179.892890,0.447868,False,
6901,276.000000,119,121,3.370670,172.768562,0.445405,False,
6901,276.000000,120,121,0.977562,7.124328,0.996190,True,
6911,276.400000,117,118,0.899646,1.184769,0.957370,True,
6911,276.400000,119,120,2.986455,179.461782,0.551984,False,
6911,276.400000,119,121,2.364747,172.337454,0.375030,False,
6911,276.400000,120,121,0.928687,7.124328,0.986357,True,
6921,276.800000,119,120,2.245034,173.084553,0.157736,False,
6921,276.800000,119,121,1.452784,172.337454,0.081663,False,
6921,276.800000,120,121,0.921250,0.747099,0.994345,True,
6931,277.200000,119,120,1.872128,172.492401,0.519769,False,
6931,277.200000,119,121,0.949466,173.294376,0.698209,False,
6931,277.200000,120,121,0.927127,0.801975,0.995446,True,
6941,277.600000,119,120,2.080887,172.492401,0.888259,False,
6941,277.600000,119,121,1.402949,178.866428,0.180491,False,
6941,277.600000,120,121,1.012532,8.641170,0.982605,True,
6951,278.000000,119,120,2.698788,168.922860,0.868235,False,
6951,278.000000,119,121,2.320033,177.564030,0.735630,False,
6951,278.000000,120,121,1.098293,8.641170,0.979263,True,
6961,278.400000,119,120,3.487426,164.988066,0.952714,False,
6961,278.400000,119,121,3.324951,175.001757,0.719984,False,
6961,278.400000,120,121,1.199880,10.013691,0.973830,True,
6971,278.800000,119,120,4.367543,164.826709,0.986783,False,
6971,278.800000,119,121,4.366512,175.001757,0.770743,False,
6971,278.800000,120,121,1.304515,10.175048,0.966546,True,
6981,279.200000,119,122,3.091001,155.504436,0.989148,False,
6981,279.200000,120,121,1.401554,9.615367,0.962592,True,
6991,279.600000,119,122,2.093150,157.206459,0.955954,False,
6991,279.600000,119,123,2.817346,162.452649,0.900411,False,
6991,279.600000,120,121,1.464302,7.147156,0.969745,True,
6991,279.600000,122,123,1.162806,5.246190,0.992691,True,
7001,280.000000,119,122,1.311208,172.338496,0.690807,False,
7001,280.000000,119,123,2.296189,177.584686,0.974116,False,
7001,280.000000,120,121,1.518399,6.157726,0.968298,True,
7001,280.000000,122,123,1.114362,5.246190,0.988816,True,
7011,280.400000,119,122,1.194896,174.140283,0.224424,False,
7011,280.400000,119,123,2.269756,177.584686,0.747104,False,
7011,280.400000,119,124,1.916043,175.047098,0.789639,False,
7011,280.400000,120,121,1.494547,2.355243,0.948328,True,
7011,280.400000,122,123,1.086215,3.444403,0.985334,True,
7011,280.400000,122,124,1.392024,10.812619,0.391425,False,
7011,280.400000,123,124,1.499119,7.368216,0.383348,False,
7021,280.800000,119,122,1.680774,155.484349,0.509180,False,
7021,280.800000,119,123,2.501313,161.513116,0.083248,False,
7021,280.800000,119,124,1.459334,164.426439,0.469285,False,
7021,280.800000,119,125,0.878626,168.534218,0.978208,False,
7021,280.800000,120,121,1.470716,2.355243,0.949505,True,
7021,280.800000,122,123,1.030120,6.028767,0.992011,True,3.107178
7021,280.800000,122,124,1.376642,8.942090,0.319270,False,
7021,280.800000,122,125,1.692225,13.049870,0.164443,False,
7021,280.800000,123,124,1.526394,2.913323,0.432011,False,
7021,280.800000,123,125,2.170084,7.021102,0.641764,False,
7021,280.800000,124,125,0.750155,4.107780,0.918646,True,
7031,281.200000,119,122,2.493859,155.484349,0.730413,False,
7031,281.200000,119,123,3.060931,162.051709,0.386959,False,
7031,281.200000,119,124,1.607429,164.426439,0.167476,False,
7031,281.200000,119,125,0.877850,168.534218,0.076830,False,
7031,281.200000,120,121,1.468420,0.237911,0.943653,True,
7031,281.200000,122,123,0.968707,6.567360,0.991796,True,2.410201
7031,281.200000,122,124,1.366285,8.942090,0.260969,False,
7031,281.200000,122,125,1.683305,13.049870,0.240427,False,
7031,281.200000,123,124,1.547546,2.374730,0.444659,False,
7031,281.200000,123,125,2.183818,6.482510,0.670148,False,
7031,281.200000,124,125,0.769191,4.107780,0.947037,True,
7041,281.600000,119,122,3.396553,158.663757,0.801045,False,
7041,281.600000,119,123,3.810013,162.051709,0.560827,False,
7041,281.600000,119,124,2.243601,164.426439,0.545221,False,
7041,281.600000,119,125,1.727403,168.534218,0.419468,False,
7041,281.600000,120,121,1.516407,4.322509,0.926230,True,
7041,281.600000,122,123,0.937653,3.387952,0.994158,True,4.431405
7041,281.600000,122,124,1.363175,5.762682,0.194956,False,
7041,281.600000,122,125,1.672341,9.870462,0.325532,False,
7041,281.600000,123,124,1.568824,2.374730,0.452665,False,
7041,281.600000,123,125,2.199871,6.482510,0.693813,False,
7041,281.600000,124,125,0.792809,4.107780,0.968428,True,
7051,282.000000,120,121,1.538359,1.134957,0.909429,True,
7051,282.000000,122,123,0.931219,0.949137,0.994577,True,
7051,282.000000,122,124,1.359662,4.748930,0.262818,False,
7051,282.000000,122,125,1.630575,3.388179,0.252069,False,
7051,282.000000,123,124,1.560369,5.698067,0.369478,False,
7051,282.000000,123,125,2.168635,4.337316,0.621626,False,
7051,282.000000,124,125,0.797507,1.360751,0.930479,True,
7061,282.400000,120,121,1.554181,0.337169,0.899366,True,
7061,282.400000,122,123,0.925177,1.034515,0.990529,True,
7061,282.400000,122,124,1.357761,4.748930,0.295943,False,
7061,282.400000,122,125,1.587002,4.516479,0.221760,False,
7061,282.400000,123,124,1.555688,5.783445,0.335574,False,
7061,282.400000,123,125,2.132733,5.550994,0.599326,False,
7061,282.400000,124,125,0.792458,0.232451,0.935501,True,
7071,282.800000,120,121,1.570434,0.337169,0.892037,True,
7071,282.800000,122,123,0.942735,1.551963,0.990586,True,
7071,282.800000,122,124,1.372415,7.335408,0.321633,False,
7071,282.800000,122,125,1.546437,7.102957,0.205778,False,
7071,282.800000,123,124,1.553156,5.783445,0.300249,False,
7071,282.800000,123,125,2.097637,5.550994,0.583403,False,
7071,282.800000,124,125,0.787872,0.232451,0.943801,True,
7081,283.200000,120,121,1.506917,7.823023,0.905028,True,
7081,283.200000,122,123,1.042312,9.946420,0.999559,True,
7081,283.200000,122,124,1.451653,16.119610,0.328703,False,
7081,283.200000,122,125,1.525747,16.541078,0.185118,False,
7081,283.200000,123,124,1.558960,6.173191,0.274991,False,
7081,283.200000,123,125,2.066028,6.594658,0.568650,False,
7081,283.200000,124,125,0.778641,0.421468,0.951606,True,
7091,283.600000,120,121,1.392964,12.055475,0.893507,True,2.906399
7091,283.600000,122,123,1.128800,8.456734,0.999759,True,
7091,283.600000,122,124,1.493764,10.529585,0.348877,False,
7091,283.600000,122,125,1.517633,11.265737,0.155723,False,
7091,283.600000,123,124,1.566209,2.072851,0.317961,False,
7091,283.600000,123,125,2.064543,2.809003,0.602920,False,
7091,283.600000,124,125,0.772585,0.736152,0.974596,True,
7101,284.000000,120,121,1.279543,12.055475,0.883795,True,2.506399
7101,284.000000,122,123,1.215304,8.456734,0.999676,True,
7101,284.000000,122,124,1.542086,10.529585,0.406769,False,
7101,284.000000,122,125,1.510570,6.125247,0.158741,False,
7101,284.000000,123,124,1.573849,2.072851,0.303056,False,
7101,284.000000,123,125,2.087582,2.331487,0.641969,False,
7101,284.000000,124,125,0.815402,4.404338,0.986344,True,
7111,284.400000,120,121,1.166806,12.055475,0.871682,True,2.106393
7111,284.400000,122,123,1.289388,7.243007,0.999118,True,
7111,284.400000,122,124,1.587605,9.315858,0.463763,False,
7111,284.400000,122,125,1.504076,4.911520,0.115758,False,
7111,284.400000,123,124,1.581860,2.072851,0.288227,False,
7111,284.400000,123,125,2.110677,2.331487,0.646197,False,
7111,284.400000,124,125,0.858395,4.404338,0.988539,True,
7121,284.800000,122,123,1.318065,3.084444,0.999468,True,
7121,284.800000,122,124,1.616598,6.420866,0.517360,False,
7121,284.800000,122,125,1.494035,2.016528,0.077578,False,
7121,284.800000,123,124,1.542197,3.336422,0.284363,False,
7121,284.800000,123,125,2.090345,1.067916,0.666298,False,
7121,284.800000,124,125,0.901538,4.404338,0.990359,True,
7131,285.200000,122,123,1.333389,1.584965,0.999333,True,
7131,285.200000,122,124,1.645175,2.877179,0.498799,False,
7131,285.200000,122,125,1.491023,1.585933,0.070990,False,
7131,285.200000,123,124,1.484272,1.292215,0.331253,False,6.193707
7131,285.200000,123,125,2.035265,0.000968,0.696899,False,
7131,285.200000,124,125,0.912423,1.291247,0.996599,True,
7141,285.600000,122,123,1.352761,1.584965,0.995875,True,
7141,285.600000,122,124,1.672105,0.923281,0.457445,False,
7141,285.600000,122,125,1.549181,2.774485,0.120546,False,
7141,285.600000,123,124,1.456557,2.508246,0.386100,False,
7141,285.600000,123,125,2.050693,4.359450,0.737457,True,
7141,285.600000,124,125,0.929840,1.851204,0.999437,True,
7151,286.000000,122,123,1.401117,4.322930,0.987350,True,
7151,286.000000,122,124,1.703407,1.814684,0.437685,False,
7151,286.000000,122,125,1.595561,0.036520,0.141427,False,
7151,286.000000,123,124,1.429725,2.508246,0.409113,False,
7151,286.000000,123,125,2.066880,4.359450,0.750279,True,
7151,286.000000,124,125,0.947680,1.851204,0.998513,True,
7161,286.400000,122,123,1.441071,3.620529,0.980989,True,
7161,286.400000,122,124,1.735814,2.511964,0.437860,False,
7161,286.400000,122,125,1.639058,0.660759,0.140007,False,
7161,286.400000,123,124,1.425322,1.108565,0.428052,False,
7161,286.400000,123,125,2.094304,2.959770,0.760574,True,
7161,286.400000,124,125,0.965923,1.851204,0.997209,True,
7171,286.800000,122,123,1.470145,2.771401,0.978458,True,
7171,286.800000,122,124,1.768288,2.511964,0.443383,False,
7171,286.800000,122,125,1.682650,0.660759,0.132705,False,
7171,286.800000,123,124,1.435447,0.259438,0.433277,False,
7171,286.800000,123,125,2.128908,2.110642,0.761921,True,
7171,286.800000,124,125,0.984544,1.851204,0.995569,True,
7181,287.200000,122,123,1.499272,2.771401,0.977268,True,
7181,287.200000,122,124,1.808660,3.572021,0.460097,False,
7181,287.200000,122,125,1.710572,5.674075,0.057529,False,
7181,287.200000,123,124,1.444609,0.800619,0.417117,False,
7181,287.200000,123,125,2.121178,2.902674,0.723374,True,
7181,287.200000,124,125,0.965932,2.102054,0.988191,True,8.247254
7191,287.600000,122,123,1.493166,0.288015,0.967901,True,
7191,287.600000,122,124,1.834643,5.568633,0.477945,False,
7191,287.600000,122,125,1.702635,10.149230,0.016552,False,
7191,287.600000,123,124,1.435384,5.856648,0.410894,False,
7191,287.600000,123,125,2.055137,10.437245,0.705878,True,
7191,287.600000,124,125,0.922329,4.580597,0.982491,True,2.957341
7201,288.000000,122,123,1.395278,9.651199,0.940800,True,3.255106
7201,288.000000,122,124,1.853520,6.160382,0.499515,False,
7201,288.000000,122,125,1.687918,10.740979,0.071249,False,
7201,288.000000,123,124,1.393907,15.811581,0.398338,False,
7201,288.000000,123,125,1.923837,20.392177,0.717804,False,
7201,288.000000,124,125,0.878727,4.580597,0.982682,True,2.557339
7211,288.400000,122,123,1.297406,9.651199,0.942037,True,2.855105
7211,288.400000,122,124,1.873953,6.160382,0.524146,False,
7211,288.400000,122,125,1.679132,10.740979,0.130580,False,
7211,288.400000,123,124,1.368141,15.811581,0.296674,False,
7211,288.400000,123,125,1.804055,20.392177,0.657994,False,
7211,288.400000,124,125,0.835126,4.580597,0.982892,True,2.157336
7221,288.800000,122,123,1.199556,9.651199,0.943457,True,2.455109
7221,288.800000,122,124,1.895902,6.160382,0.547808,False,
7221,288.800000,122,125,1.669721,9.027110,0.166275,False,
7221,288.800000,123,124,1.358979,15.811581,0.188771,False,
7221,288.800000,123,125,1.703171,18.678309,0.603702,False,
7221,288.800000,124,125,0.806815,2.866728,0.986949,True,2.957469
7231,289.200000,122,123,1.114468,8.517806,0.922324,True,2.419803
7231,289.200000,122,124,1.894678,4.931661,0.506122,False,
7231,289.200000,122,125,1.640590,6.223662,0.112398,False,
7231,289.200000,123,124,1.335015,13.449468,0.160002,False,
7231,289.200000,123,125,1.608656,14.741468,0.615369,False,
7231,289.200000,124,125,0.793986,1.292001,0.998700,True,6.345661
7241,289.600000,122,123,1.144127,3.424103,0.860432,True,
7241,289.600000,122,124,1.964979,18.431652,0.457661,False,
7241,289.600000,122,125,1.643370,20.935687,0.105770,False,
7241,289.600000,123,124,1.307422,15.007548,0.087189,False,
7241,289.600000,123,125,1.500265,17.511584,0.567587,False,
7241,289.600000,124,125,0.769681,2.504036,0.999226,True,2.793309
7251,290.000000,122,123,1.173959,3.424103,0.866467,True,
7251,290.000000,122,124,2.048182,18.431652,0.525376,False,
7251,290.000000,122,125,1.670514,20.935687,0.224286,False,
7251,290.000000,123,124,1.295327,15.007548,0.022963,False,
7251,290.000000,123,125,1.403688,17.511584,0.487087,False,
7251,290.000000,124,125,0.745381,2.504036,0.999269,True,2.393327
7261,290.400000,123,124,1.307168,9.682904,0.044874,False,
7261,290.400000,123,125,1.386257,11.313371,0.469851,False,
7261,290.400000,124,125,0.729305,1.630467,0.999713,True,
7271,290.800000,124,125,0.698909,2.771923,0.995532,True,
7281,291.200000,124,125,0.672222,2.771923,0.999824,True,
7291,291.600000,124,125,0.649705,2.771923,0.998028,True,
7331,293.200000,126,127,2.825090,18.578944,0.909047,False,
7341,293.600000,126,127,2.639429,19.738592,0.928403,False,
7341,293.600000,126,128,1.394627,7.016557,0.828507,True,
7341,293.600000,126,129,0.912192,11.499444,0.423390,False,
7341,293.600000,127,128,1.554219,26.755149,0.992124,False,
7341,293.600000,127,129,2.342765,31.238036,0.997701,False,
7341,293.600000,128,129,0.805930,4.482887,0.985750,True,3.379042
7351,294.000000,126,127,2.456249,20.214930,0.944921,False,
7351,294.000000,126,128,1.393820,6.540220,0.859128,True,
7351,294.000000,126,129,0.897553,11.023107,0.505944,False,
7351,294.000000,127,128,1.378335,26.755149,0.976423,False,
7351,294.000000,127,129,2.131548,31.238036,0.991579,False,
7351,294.000000,128,129,0.779524,4.482887,0.981689,True,2.979033
7361,294.400000,126,127,2.278319,20.214930,0.960027,False,
7361,294.400000,126,128,1.397036,6.540220,0.885331,True,
7361,294.400000,126,129,0.890410,11.023107,0.583278,False,
7361,294.400000,126,130,2.319975,20.058815,0.816857,False,
7361,294.400000,127,128,1.217423,26.755149,0.944368,False,
7361,294.400000,127,129,1.930316,31.238036,0.979021,False,
7361,294.400000,127,130,1.714997,40.273744,0.401144,False,
7361,294.400000,128,129,0.753546,4.482887,0.976785,True,2.579072
7361,294.400000,128,130,1.058559,13.518595,0.566534,False,
7361,294.400000,129,130,1.462927,9.035708,0.913924,True,
7371,294.800000,126,127,2.234369,4.825529,0.998215,True,
7371,294.800000,126,128,1.382119,4.720025,0.908528,True,
7371,294.800000,126,129,0.890925,11.023107,0.656172,False,
7371,294.800000,126,130,2.320929,20.058815,0.875976,False,
7371,294.800000,127,128,1.178522,9.545554,0.857109,True,
7371,294.800000,127,129,1.861493,15.848636,0.909645,True,
7371,294.800000,127,130,1.592530,24.884344,0.165147,False,
7371,294.800000,128,129,0.721577,6.303081,0.965090,True,
7371,294.800000,128,130,1.036490,15.338789,0.682316,False,
7371,294.800000,129,130,1.469242,9.035708,0.956550,True,
7381,295.200000,126,127,2.339414,14.659865,0.999900,True,
7381,295.200000,126,128,1.417737,11.262051,0.900451,True,
7381,295.200000,126,129,0.856337,9.705992,0.627717,False,
7381,295.200000,126,130,2.429079,28.903769,0.889018,False,
7381,295.200000,127,128,1.206036,3.397814,0.818297,True,
7381,295.200000,127,129,1.894717,4.953874,0.906934,True,
7381,295.200000,127,130,1.514822,14.243903,0.004180,False,
7381,295.200000,128,129,0.731487,1.556059,0.991044,True,
7381,295.200000,128,130,1.086964,17.641718,0.770594,True,
7381,295.200000,129,130,1.602574,19.197777,0.952100,True,
7391,295.600000,126,127,2.447474,14.659865,0.998827,True,
7391,295.600000,126,128,1.460827,11.262051,0.928874,True,
7391,295.600000,126,129,0.823514,8.844954,0.725505,True,
7391,295.600000,126,130,2.561760,28.903769,0.928605,False,
7391,295.600000,127,128,1.233600,3.397814,0.821886,True,
7391,295.600000,127,129,1.930598,5.814911,0.918087,True,
7391,295.600000,127,130,1.446954,14.243903,0.080141,False,
7391,295.600000,128,129,0.747975,2.417097,0.996373,True,
7391,295.600000,128,130,1.160606,17.641718,0.850561,True,
7391,295.600000,129,130,1.755393,20.058815,0.966569,False,
7401,296.000000,126,127,2.558164,14.659865,0.996819,False,
7401,296.000000,126,128,1.510754,11.262051,0.951344,True,
7401,296.000000,126,129,0.808086,8.844954,0.819625,True,
7401,296.000000,126,130,2.687354,25.945687,0.948168,False,
7401,296.000000,127,128,1.261210,3.397814,0.825287,True,
7401,296.000000,127,129,1.967156,5.814911,0.925213,True,
7401,296.000000,127,130,1.378236,11.285821,0.126329,False,
7401,296.000000,128,129,0.765653,2.417097,0.998934,True,
7401,296.000000,128,130,1.225444,14.683636,0.893810,True,
7401,296.000000,129,130,1.885732,17.100732,0.972954,True,
7411,296.400000,126,127,2.616321,7.573077,0.997819,False,
7411,296.400000,126,128,1.568569,9.789319,0.970010,True,
7411,296.400000,126,129,0.811182,6.356217,0.885965,True,
7411,296.400000,126,130,2.764782,16.833013,0.953214,False,
7411,296.400000,127,128,1.243780,2.216242,0.840549,True,
7411,296.400000,127,129,1.964887,1.216859,0.945543,True,
7411,296.400000,127,130,1.272147,9.259936,0.095187,False,
7411,296.400000,128,129,0.792387,3.433102,0.999869,True,
7411,296.400000,128,130,1.232076,7.043694,0.913264,True,
7411,296.400000,129,130,1.956024,10.476795,0.971023,True,
7421,296.800000,126,127,2.634026,2.374123,0.997668,False,
7421,296.800000,126,128,1.637451,9.036999,0.981547,True,
7421,296.800000,126,129,0.824786,1.532749,0.889254,True,
7421,296.800000,126,130,2.850111,13.698883,0.970936,False,
7421,296.800000,127,128,1.195346,6.662876,0.829635,True,5.527044
7421,296.800000,127,129,1.970540,0.841373,0.956118,True,
7421,296.800000,127,130,1.167830,11.324761,0.169800,False,
7421,296.800000,128,129,0.850735,7.504249,0.999498,True,
7421,296.800000,128,130,1.232812,4.661885,0.952883,True,
7421,296.800000,129,130,2.032866,12.166134,0.983348,True,
7431,297.200000,126,127,2.651765,2.374122,0.997910,False,
7431,297.200000,126,128,1.706469,9.036998,0.983179,True,
7431,297.200000,126,129,0.841759,0.233556,0.868281,True,
7431,297.200000,126,130,2.941756,13.698883,0.980835,False,
7431,297.200000,127,128,1.147261,6.662876,0.819493,True,5.127011
7431,297.200000,127,129,1.992570,2.140566,0.956617,True,
7431,297.200000,127,130,1.074935,11.324761,0.274413,False,
7431,297.200000,128,129,0.918192,8.803442,0.998339,True,
7431,297.200000,128,130,1.244088,4.661885,0.976680,True,
7431,297.200000,129,130,2.121647,13.465327,0.993507,True,
7441,297.600000,126,127,2.674531,2.926124,0.997942,False,
7441,297.600000,126,128,1.774685,9.589000,0.986076,True,
7441,297.600000,126,129,0.852849,0.785558,0.861377,True,
7441,297.600000,126,130,3.073123,17.709253,0.996524,False,
7441,297.600000,127,128,1.099584,6.662876,0.808164,True,4.727083
7441,297.600000,127,129,2.014762,2.140566,0.953985,True,
7441,297.600000,127,130,0.958405,14.783128,0.489787,False,
7441,297.600000,128,129,0.986615,8.803442,0.996153,True,
7441,297.600000,128,130,1.298856,8.120252,0.999336,True,
7441,297.600000,129,130,2.263467,16.923694,0.999666,True,
7451,298.000000,126,127,2.717301,5.044917,0.996005,False,
7451,298.000000,126,128,1.819283,7.994352,0.986661,True,
7451,298.000000,126,129,0.849578,2.297603,0.877131,True,
7451,298.000000,126,130,3.237618,20.483703,0.999777,False,
7451,298.000000,127,128,1.091263,2.949434,0.806382,True,
7451,298.000000,127,129,2.049624,2.747314,0.946181,True,
7451,298.000000,127,130,0.894901,15.438785,0.702526,True,
7451,298.000000,128,129,1.031249,5.696749,0.996376,True,
7451,298.000000,128,130,1.420687,12.489351,0.994239,True,
7451,298.000000,129,130,2.444716,18.186100,0.990517,True,
7461,298.400000,126,127,2.765913,5.286134,0.992312,False,
7461,298.400000,126,128,1.810688,0.578544,0.979818,True,
7461,298.400000,126,129,0.847973,2.297603,0.897568,True,
7461,298.400000,126,130,3.424837,20.483703,0.994967,False,
7461,298.400000,127,128,1.140839,4.707590,0.836960,True,
7461,298.400000,127,129,2.090791,2.988531,0.937776,True,
7461,298.400000,127,130,0.898319,15.197568,0.861328,True,
7461,298.400000,128,129,1.019193,1.719059,0.999098,True,
7461,298.400000,128,130,1.626674,19.905159,0.983431,True,
7461,298.400000,129,130,2.644972,18.186100,0.976061,False,
7471,298.800000,126,127,2.817231,5.286134,0.988043,False,
7471,298.800000,126,128,1.803961,0.578544,0.985755,True,
7471,298.800000,126,129,0.808118,0.689605,0.922521,True,
7471,298.800000,126,130,3.631268,20.483703,0.985414,False,
7471,298.800000,127,128,1.190472,4.707590,0.833485,True,
7471,298.800000,127,129,2.139963,5.975739,0.947934,True,
7471,298.800000,127,130,0.959202,15.197568,0.957672,True,
7471,298.800000,128,129,1.029063,1.268149,0.999974,True,
7471,298.800000,128,130,1.852613,19.905159,0.961338,True,
7471,298.800000,129,130,2.880194,21.173308,0.971009,False,
7481,299.200000,126,127,2.882285,7.601419,0.989536,False,
7481,299.200000,126,128,1.823786,2.893828,0.983494,True,
7481,299.200000,126,129,0.797614,0.974785,0.934293,True,
7481,299.200000,126,130,3.699514,8.273546,0.999934,False,
7481,299.200000,127,128,1.240143,4.707590,0.830262,True,
7481,299.200000,127,129,2.191148,6.626634,0.952775,True,
7481,299.200000,127,130,0.941870,0.672127,0.927783,True,
7481,299.200000,128,129,1.045475,1.919044,0.998849,True,
7481,299.200000,128,130,1.910231,5.379717,0.986166,True,
7481,299.200000,129,130,2.948531,7.298761,0.995272,False,
7491,299.600000,126,127,2.942681,7.756202,0.993472,False,
7491,299.600000,126,128,1.845767,2.040578,0.974524,True,
7491,299.600000,126,129,0.810185,2.244089,0.938479,True,
7491,299.600000,126,130,3.763067,7.536696,0.999984,False,
7491,299.600000,127,128,1.288123,5.715623,0.848673,True,
7491,299.600000,127,129,2.227460,5.512113,0.960430,True,
7491,299.600000,127,130,0.916031,0.219506,0.940942,True,
7491,299.600000,128,129,1.047516,0.203510,0.994358,True,
7491,299.600000,128,130,1.967786,5.496117,0.985515,True,
7491,299.600000,129,130,2.997823,5.292607,0.995826,False,
7501,300.000000,126,127,2.974365,4.746486,0.997760,False,
7501,300.000000,126,128,1.861821,1.113718,0.969007,True,
7501,300.000000,126,129,0.823177,2.244089,0.945993,True,
7501,300.000000,126,130,3.827458,7.536696,0.999960,False,
7501,300.000000,127,128,1.300417,3.632768,0.879569,True,
7501,300.000000,127,129,2.230137,2.502397,0.974985,True,
7501,300.000000,127,130,0.903942,2.790210,0.969913,True,
7501,300.000000,128,129,1.044733,1.130371,0.987618,True,
7501,300.000000,128,130,2.035568,6.422978,0.979768,True,
7501,300.000000,129,130,3.047608,5.292607,0.994595,False,
7511,300.400000,126,127,3.007127,4.746486,0.998843,False,
7511,300.400000,126,128,1.878317,1.113718,0.965116,True,
7511,300.400000,126,129,0.836571,2.244089,0.952817,True,
7511,300.400000,126,130,3.892643,7.536696,0.999731,False,
7511,300.400000,127,128,1.313514,3.632768,0.891045,True,
7511,300.400000,127,129,2.234998,2.502397,0.981454,True,
7511,300.400000,127,130,0.905711,2.790210,0.992590,True,
7511,300.400000,128,129,1.043941,1.130371,0.979819,True,
7511,300.400000,128,130,2.106136,6.422978,0.971984,True,
7511,300.400000,129,130,3.097858,5.292607,0.993254,False,
7521,300.800000,126,127,3.043589,5.114417,0.999295,False,
7521,300.800000,126,128,1.889643,1.481649,0.964486,True,
7521,300.800000,126,129,0.837552,0.986244,0.931959,True,
7521,300.800000,126,130,3.934405,5.193471,0.999954,False,
7521,300.800000,127,128,1.327401,3.632768,0.901759,True,
7521,300.800000,127,129,2.277674,6.100661,0.987401,True,
7521,300.800000,127,130,0.897975,0.079054,0.998229,True,
7521,300.800000,128,129,1.057188,2.467893,0.978014,True,
7521,300.800000,128,130,2.147865,3.711822,0.972750,True,
7521,300.800000,129,130,3.151781,6.179715,0.996161,False,
7531,301.200000,126,127,3.082037,5.389143,0.999415,False,
7531,301.200000,126,128,1.897498,1.756376,0.966772,True,
7531,301.200000,126,129,0.832580,3.806553,0.895953,True,
7531,301.200000,126,130,3.960849,3.473967,0.999994,False,
7531,301.200000,127,128,1.342047,3.632768,0.911734,True,
7531,301.200000,127,129,2.344882,9.195696,0.988850,True,
7531,301.200000,127,130,0.880667,1.915176,0.999950,True,
7531,301.200000,128,129,1.082498,5.562929,0.985678,True,
7531,301.200000,128,130,2.169618,1.717591,0.973353,True,
7531,301.200000,129,130,3.210405,7.280520,0.997034,False,
7541,301.600000,126,127,3.120494,5.389143,0.999479,False,
7541,301.600000,126,128,1.905572,1.756376,0.969463,True,
7541,301.600000,126,129,0.830784,3.806553,0.866728,True,
7541,301.600000,126,130,3.988100,3.473967,0.999846,False,
7541,301.600000,127,128,1.357423,3.632768,0.920997,True,
7541,301.600000,127,129,2.412479,9.195696,0.986902,True,
7541,301.600000,127,130,0.867606,1.915176,0.998163,True,
7541,301.600000,128,129,1.112078,5.562929,0.994146,True,
7541,301.600000,128,130,2.191925,1.717591,0.969596,True,
7541,301.600000,129,130,3.271960,7.280520,0.994313,False,
7551,302.000000,126,127,3.071886,7.163400,0.996541,False,
7551,302.000000,126,128,1.918727,1.027131,0.953236,True,
7551,302.000000,126,129,0.832186,3.806553,0.834161,True,
7551,302.000000,126,130,4.016144,3.473967,0.999503,False,
7551,302.000000,127,128,1.333408,6.136269,0.953349,True,
7551,302.000000,127,129,2.391507,3.356847,0.998312,True,
7551,302.000000,127,130,0.947275,10.637367,0.998981,True,
7551,302.000000,128,129,1.132706,2.779422,0.987823,True,
7551,302.000000,128,130,2.253684,4.501098,0.961208,True,
7551,302.000000,129,130,3.336291,7.280520,0.990868,False,
7561,302.400000,126,127,3.010591,8.965676,0.997578,False,
7561,302.400000,126,128,1.916030,3.227202,0.948007,True,
7561,302.400000,126,129,0.813159,5.608829,0.816555,True,
7561,302.400000,126,130,3.995700,2.892132,0.999714,False,
7561,302.400000,127,128,1.317904,5.738474,0.938277,True,
7561,302.400000,127,129,2.370816,3.356847,0.997621,True,
7561,302.400000,127,130,0.996136,6.073544,0.996629,True,
7561,302.400000,128,129,1.152896,2.381628,0.982616,True,
7561,302.400000,128,130,2.291383,0.335069,0.958514,True,
7561,302.400000,129,130,3.366858,2.716697,0.992685,False,
7571,302.800000,126,127,2.946103,9.450637,0.997935,False,
7571,302.800000,126,128,1.910157,3.712163,0.940155,True,
7571,302.800000,126,129,0.792148,5.102639,0.802840,True,
7571,302.800000,126,130,3.918302,10.042313,0.999916,False,
7571,302.800000,127,128,1.305826,5.738474,0.919218,True,
7571,302.800000,127,129,2.343542,4.347998,0.996201,True,
7571,302.800000,127,130,0.997398,0.591676,0.994072,True,
7571,302.800000,128,129,1.168586,1.390477,0.978361,True,
7571,302.800000,128,130,2.286412,6.330151,0.958828,True,
7571,302.800000,129,130,3.339490,4.939674,0.995329,False,
7581,303.200000,126,127,2.881624,9.450637,0.998050,False,
7581,303.200000,126,128,1.905807,3.712163,0.930139,True,
7581,303.200000,126,129,0.792664,2.838804,0.866770,True,
7581,303.200000,126,130,3.843391,10.042313,0.999919,False,
7581,303.200000,127,128,1.297279,5.738474,0.897354,True,
7581,303.200000,127,129,2.254596,12.289441,0.987732,True,7.541818
7581,303.200000,127,130,1.006752,0.591676,0.980389,True,
7581,303.200000,128,129,1.140415,6.550967,0.978577,True,
7581,303.200000,128,130,2.291906,6.330151,0.937466,True,
7581,303.200000,129,130,3.252725,12.881117,0.982244,False,
7591,303.600000,126,127,2.779642,15.898050,0.992276,False,
7591,303.600000,126,128,1.902987,3.712163,0.919338,True,
7591,303.600000,126,129,0.794929,2.838804,0.889171,True,
7591,303.600000,126,130,3.771116,10.042313,0.999222,False,
7591,303.600000,127,128,1.243959,12.185888,0.900722,True,
7591,303.600000,127,129,2.123160,18.736854,0.995758,True,5.218218
7591,303.600000,127,130,1.071063,5.855737,0.969503,True,
7591,303.600000,128,129,1.118966,6.550967,0.959456,True,
7591,303.600000,128,130,2.307782,6.330151,0.912085,True,
7591,303.600000,129,130,3.168224,12.881117,0.976805,False,
7601,304.000000,126,127,2.624477,26.608662,0.971301,False,
7601,304.000000,126,128,1.827337,9.767136,0.893056,True,6.506918
7601,304.000000,126,129,0.794179,3.134072,0.916040,True,
7601,304.000000,126,130,3.642294,19.642577,0.999191,False,9.594051
7601,304.000000,127,128,1.121417,16.841526,0.956967,True,1.739531
7601,304.000000,127,129,1.929604,29.742734,0.999685,False,
7601,304.000000,127,130,1.118024,6.966086,0.995784,True,
7601,304.000000,128,129,1.036058,12.901208,0.926919,True,2.417435
7601,304.000000,128,130,2.236189,9.875440,0.957604,True,9.153274
7601,304.000000,129,130,3.007656,22.776648,0.989805,False,6.044070
7611,304.400000,126,127,2.472163,26.288395,0.964697,False,
7611,304.400000,126,128,1.748106,9.446869,0.895832,True,6.209802
7611,304.400000,126,129,0.793184,3.454339,0.945431,True,
7611,304.400000,126,130,3.476353,29.078151,0.991814,False,
7611,304.400000,127,128,0.999462,16.841526,0.964067,True,1.339530
7611,304.400000,127,129,1.739048,29.742734,0.997643,False,
7611,304.400000,127,130,1.101736,2.789757,0.999903,True,
7611,304.400000,128,129,0.954968,12.901208,0.908970,True,2.017435
7611,304.400000,128,130,2.098548,19.631283,0.980280,True,
7611,304.400000,129,130,2.796787,32.532491,0.998325,False,
7621,304.800000,126,127,2.320819,26.288395,0.958935,False,
7621,304.800000,126,128,1.669089,9.446869,0.900915,True,5.809803
7621,304.800000,126,129,0.786373,0.819801,0.951839,True,
7621,304.800000,126,130,3.311124,29.078151,0.989786,False,
7621,304.800000,127,128,0.878342,16.841526,0.972218,True,0.939534
7621,304.800000,127,129,1.573506,27.108196,0.990145,False,
7621,304.800000,127,130,1.085828,2.789757,0.999463,True,
7621,304.800000,128,129,0.884006,10.266670,0.889295,True,1.630352
7621,304.800000,128,130,1.962339,19.631283,0.985408,True,
7621,304.800000,129,130,2.612622,29.897952,1.000000,False,
7631,305.200000,126,127,2.170648,26.288395,0.951854,False,
7631,305.200000,126,128,1.590318,9.446869,0.906364,True,5.409802
7631,305.200000,126,129,0.742190,13.948181,0.856586,True,
7631,305.200000,126,130,3.146718,29.078151,0.987287,False,
7631,305.200000,127,128,0.758452,16.841526,0.981379,True,0.539533
7631,305.200000,127,129,1.493850,12.340214,0.962654,True,5.036668
7631,305.200000,127,130,1.070318,2.789757,0.998637,True,
7631,305.200000,128,129,0.852852,4.501312,0.889523,True,
7631,305.200000,128,130,1.827882,19.631283,0.990350,True,
7631,305.200000,129,130,2.527084,15.129971,0.988401,False,9.523646
7641,305.600000,126,127,2.073394,22.248561,0.941084,False,
7641,305.600000,126,128,1.478965,13.968746,0.871416,True,3.219465
7641,305.600000,126,129,0.709139,11.535624,0.792846,True,
7641,305.600000,126,130,2.985310,27.433843,0.978232,False,6.057082
7641,305.600000,126,132,4.396761,168.053374,0.648826,False,
7641,305.600000,127,128,0.702014,8.279815,0.999980,True,
7641,305.600000,127,129,1.444588,10.712937,0.964174,True,
7641,305.600000,127,130,1.040604,5.185282,0.999959,True,
7641,305.600000,127,132,2.727319,145.804813,0.172276,False,
7641,305.600000,128,129,0.791678,2.433122,0.903340,True,
7641,305.600000,128,130,1.737932,13.465097,0.999426,True,
7641,305.600000,128,132,3.391043,154.084628,0.075965,False,
7641,305.600000,129,130,2.431301,15.898219,0.988787,True,
7641,305.600000,129,132,3.977740,156.517750,0.439633,False,
7641,305.600000,130,132,1.727474,140.619531,0.168275,False,
7651,306.000000,126,127,2.022533,8.684380,0.887931,True,
7651,306.000000,126,128,1.378925,3.407038,0.838853,True,
7651,306.000000,126,129,0.685234,2.028557,0.751769,True,2.466790
7651,306.000000,126,130,2.874451,14.546799,0.948600,False,
7651,306.000000,126,132,4.179885,154.489193,0.754868,False,
7651,306.000000,127,128,0.685549,5.277342,0.978471,True,
7651,306.000000,127,129,1.395863,10.712937,0.958691,True,
7651,306.000000,127,130,1.011250,5.862419,0.996381,True,
7651,306.000000,127,132,2.330410,145.804813,0.422138,False,
7651,306.000000,128,129,0.720332,5.435595,0.933053,True,0.896359
7651,306.000000,128,130,1.663492,11.139761,0.999773,True,
7651,306.000000,128,132,2.995304,151.082155,0.154573,False,
7651,306.000000,129,130,2.326185,16.575356,0.990657,True,
7651,306.000000,129,132,3.655965,156.517750,0.603420,False,
7651,306.000000,130,132,1.332994,139.942394,0.251265,False,
7661,306.400000,126,127,1.971719,8.684380,0.890151,True,
7661,306.400000,126,128,1.288249,3.407038,0.883536,True,
7661,306.400000,126,129,0.663746,2.028557,0.790776,True,2.066791
7661,306.400000,126,130,2.766246,14.546799,0.958114,False,
7661,306.400000,126,132,4.092596,154.489193,0.860806,False,
7661,306.400000,127,128,0.689725,5.277342,0.927974,True,
7661,306.400000,127,129,1.347734,10.712937,0.952389,True,
7661,306.400000,127,130,0.989439,5.862419,0.984978,True,
7661,306.400000,127,131,4.903393,31.074121,0.128668,False,
7661,306.400000,127,132,2.147182,145.804813,0.697499,False,
7661,306.400000,128,129,0.658650,5.435595,0.971029,True,0.496356
7661,306.400000,128,130,1.589684,11.139761,0.999133,True,
7661,306.400000,128,131,4.929224,25.796779,0.007698,False,
7661,306.400000,128,132,2.833300,151.082155,0.440924,False,
7661,306.400000,129,130,2.222520,16.575356,0.993881,True,
7661,306.400000,129,132,3.491751,156.517750,0.762776,False,
7661,306.400000,130,132,1.402019,139.942394,0.766182,False,
7671,306.800000,126,127,1.920954,8.684380,0.892466,True,
7671,306.800000,126,128,1.209047,3.407038,0.926113,True,
7671,306.800000,126,129,0.618256,0.560908,0.844540,True,0.183724
7671,306.800000,126,130,2.661019,14.546799,0.967319,False,
7671,306.800000,126,132,4.139079,154.032053,0.942637,False,
7671,306.800000,127,128,0.714178,5.277342,0.853154,True,
7671,306.800000,127,129,1.317818,9.245287,0.933534,True,
7671,306.800000,127,130,0.975678,5.862419,0.965033,True,
7671,306.800000,127,131,4.725930,31.860956,0.095181,False,
7671,306.800000,127,132,2.227980,145.347673,0.910913,False,
7671,306.800000,128,129,0.620606,3.967945,0.987404,True,0.246482
7671,306.800000,128,130,1.516599,11.139761,0.997954,True,
7671,306.800000,128,131,4.897307,26.583614,0.045407,False,
7671,306.800000,128,132,2.940638,150.625015,0.722411,False,
7671,306.800000,129,130,2.126579,15.107706,0.994667,True,7.209280
7671,306.800000,129,131,4.932648,22.615669,0.220309,False,
7671,306.800000,129,132,3.525107,154.592961,0.841768,False,
7671,306.800000,130,132,1.889171,139.485254,0.971437,False,
7671,306.800000,131,132,4.711617,177.208630,0.089560,False,
7681,307.200000,126,127,1.867891,9.450011,0.890972,True,9.733189
7681,307.200000,126,128,1.119585,8.376055,0.938277,True,
7681,307.200000,126,129,0.532893,1.867285,0.943976,True,
7681,307.200000,126,130,2.560357,14.750431,0.975169,False,
7681,307.200000,126,132,4.322729,153.071462,0.990042,False,
7681,307.200000,127,128,0.767696,1.073955,0.757108,True,
7681,307.200000,127,129,1.336734,7.582725,0.878917,True,
7681,307.200000,127,130,0.970936,5.300420,0.941333,True,
7681,307.200000,127,131,4.551732,32.626587,0.060846,False,
7681,307.200000,127,132,2.566492,143.621451,0.996460,False,
7681,307.200000,128,129,0.587979,6.508770,0.953457,True,
7681,307.200000,128,130,1.477571,6.374375,0.992091,True,
7681,307.200000,128,131,4.844879,31.552632,0.057687,False,
7681,307.200000,128,132,3.310751,144.695407,0.926144,False,
7681,307.200000,129,130,2.047334,12.883145,0.989475,True,
7681,307.200000,129,131,4.954670,25.043862,0.214514,False,
7681,307.200000,129,132,3.822992,151.204177,0.846571,False,
7681,307.200000,130,132,2.585871,138.321031,0.997103,False,
7681,307.200000,131,132,3.764190,176.248039,0.166328,False,
7691,307.600000,126,127,1.916438,5.104741,0.743399,True,
7691,307.600000,126,128,1.143998,9.852228,0.882826,True,
7691,307.600000,126,129,0.610784,19.987365,0.971733,True,
7691,307.600000,126,130,2.591764,4.795005,0.914741,False,
7691,307.600000,126,132,4.750166,131.216811,0.971236,False,
7691,307.600000,127,128,0.823127,4.747486,0.616868,False,
7691,307.600000,127,129,1.354639,14.882624,0.780628,True,
7691,307.600000,127,130,0.975964,0.309737,0.958320,True,
7691,307.600000,127,131,4.358001,39.926486,0.053457,False,
7691,307.600000,127,132,3.088179,136.321553,0.992417,False,
7691,307.600000,128,129,0.546402,10.135138,0.889471,True,
7691,307.600000,128,130,1.463687,5.057223,0.974558,True,
7691,307.600000,128,131,4.785025,35.179000,0.084729,False,
7691,307.600000,128,132,3.862055,141.069039,0.985275,False,
7691,307.600000,129,130,1.981106,15.192361,0.975524,True,
7691,307.600000,129,131,4.983614,25.043862,0.250669,False,
7691,307.600000,129,132,4.321044,151.204177,0.936875,False,
7691,307.600000,130,132,3.299550,136.011816,0.933034,False,
7691,307.600000,131,132,2.860456,176.248039,0.300451,False,
7701,308.000000,126,127,1.978719,6.967561,0.726106,True,
7701,308.000000,126,128,1.186571,11.715047,0.902686,True,
7701,308.000000,126,129,0.731813,21.850185,0.997401,False,
7701,308.000000,126,130,2.636491,6.657824,0.905663,False,
7701,308.000000,127,128,0.886247,4.747486,0.543840,False,
7701,308.000000,127,129,1.394589,14.882624,0.697007,False,
7701,308.000000,127,130,0.981540,0.309737,0.951323,True,
7701,308.000000,127,131,4.175164,39.926486,0.001327,False,
7701,308.000000,127,132,3.706996,136.321553,0.963898,False,
7701,308.000000,128,129,0.517115,10.135138,0.805746,True,
7701,308.000000,128,130,1.453829,5.057223,0.961357,True,
7701,308.000000,128,131,4.737850,35.179000,0.136409,False,
7701,308.000000,128,132,4.522390,141.069039,0.999576,False,
7701,308.000000,129,130,1.925714,15.192361,0.955960,True,
7701,308.000000,129,132,4.959319,151.204177,0.979998,False,
7701,308.000000,130,131,4.897880,40.236223,0.164127,False,
7701,308.000000,130,132,4.050416,136.011816,0.899319,False,
7701,308.000000,131,132,2.058786,176.248039,0.530779,False,
7701,308.000000,132,134,11.493225,171.423885,0.976038,False,3.763548
7701,308.000000,133,134,1.796443,1.750374,0.662813,False,
7711,308.400000,126,127,2.041095,6.967561,0.721458,True,
7711,308.400000,126,128,1.233183,11.715047,0.925420,True,
7711,308.400000,126,129,0.708902,12.456038,0.871295,True,
7711,308.400000,126,130,2.681266,6.657824,0.903884,False,
7711,308.400000,127,128,0.955532,4.747486,0.477423,False,
7711,308.400000,127,129,1.416113,19.423599,0.490327,False,
7711,308.400000,127,130,0.987655,0.309737,0.943890,True,
7711,308.400000,127,131,3.989202,38.969049,0.049317,False,
7711,308.400000,127,132,4.381985,136.321553,0.931444,False,
7711,308.400000,128,129,0.529450,24.171085,0.842489,False,
7711,308.400000,128,130,1.448083,5.057223,0.945285,True,
7711,308.400000,128,131,4.687974,34.221563,0.184185,False,
7711,308.400000,129,130,1.975372,19.113862,0.845949,True,
7711,308.400000,129,131,4.847843,58.392648,0.206351,False,
7711,308.400000,130,131,4.698463,39.278786,0.125283,False,
7711,308.400000,130,132,4.821125,136.011816,0.872543,False,
7711,308.400000,131,132,1.533069,175.290602,0.827785,False,
7711,308.400000,132,134,10.326805,171.423885,0.976711,False,3.363546
7711,308.400000,133,134,1.679372,7.830396,0.702731,True,3.716738
7721,308.800000,126,127,2.099554,11.683426,0.701061,True,
7721,308.800000,126,128,1.293674,16.430912,0.942386,True,
7721,308.800000,126,129,0.693239,14.078050,0.744174,True,
7721,308.800000,126,131,4.941549,48.633909,0.405597,False,
7721,308.800000,127,128,1.029739,4.747486,0.417978,False,
7721,308.800000,127,129,1.443236,25.761475,0.517643,False,
7721,308.800000,127,131,3.780495,36.950483,0.097655,False,
7721,308.800000,128,129,0.611397,30.508962,0.959879,False,
7721,308.800000,128,131,4.614697,32.202997,0.227585,False,
7721,308.800000,129,131,4.645044,62.711959,0.255318,False,
7721,308.800000,131,132,1.615825,173.058450,0.912154,False,
7721,308.800000,132,133,8.209135,175.061139,0.901721,False,2.933006
7721,308.800000,132,134,9.194144,171.210300,0.860184,False,3.064399
7721,308.800000,133,134,1.527764,13.728561,0.722872,True,2.554809
7731,309.200000,126,127,2.150308,40.758168,0.602765,False,
7731,309.200000,126,129,0.710841,14.996692,0.617362,False,
7731,309.200000,126,131,4.781220,77.708651,0.430576,False,
7731,309.200000,127,129,1.479248,25.761475,0.581670,False,
7731,309.200000,127,131,3.587032,36.950483,0.163978,False,
7731,309.200000,129,131,4.474581,62.711959,0.338106,False,
7731,309.200000,131,132,2.169524,172.439486,0.463329,False,
7731,309.200000,132,133,7.232350,175.680104,0.527265,False,2.747661
7731,309.200000,132,134,8.140100,170.591335,0.570765,False,2.895005
7731,309.200000,133,134,1.376880,13.728561,0.706054,True,2.154806
7741,309.600000,126,129,0.733510,14.996692,0.679700,False,
7741,309.600000,126,131,4.666389,77.708651,0.518698,False,
7741,309.600000,129,131,4.340264,62.711959,0.423891,False,
7741,309.600000,131,132,2.930103,172.439486,0.647319,False,
7741,309.600000,132,133,6.255821,175.680104,0.521453,False,2.347661
7741,309.600000,132,134,7.185313,169.015546,0.949094,False,2.810991
7741,309.600000,133,134,1.299161,15.304351,0.642324,False,
7751,310.000000,126,131,4.600466,77.708651,0.604768,False,
7751,310.000000,131,132,3.774518,172.439486,0.738698,False,
7751,310.000000,132,134,6.230897,169.015546,0.951682,False,2.410988
7751,310.000000,133,134,1.285394,1.104605,0.538992,False,
7761,310.400000,131,132,4.657531,172.264063,0.797056,False,
7761,310.400000,132,133,4.405603,170.120150,0.998746,False,
7761,310.400000,132,134,5.277079,169.015546,0.955100,False,2.010990
7761,310.400000,133,134,1.271639,1.104605,0.537348,False,
7771,310.800000,131,135,2.745993,169.173375,0.999968,False,
7771,310.800000,132,133,3.494211,177.112591,0.968681,False,
7771,310.800000,132,134,4.274663,177.101006,0.629837,False,
7771,310.800000,133,134,1.238267,0.011585,0.560064,False,
7781,311.200000,131,135,2.403412,169.173375,0.952875,False,
7781,311.200000,131,136,1.698350,172.690388,0.892676,False,
7781,311.200000,132,133,2.678989,175.484890,0.894353,False,
7781,311.200000,132,134,3.235339,173.057986,0.838142,False,
7781,311.200000,133,134,1.167868,2.426904,0.605017,False,
7781,311.200000,134,136,10.622123,171.900852,0.626005,False,4.079263
7781,311.200000,135,136,1.065617,3.517013,0.946726,True,
7791,311.600000,131,135,2.329793,169.173375,0.787365,False,
7791,311.600000,131,136,1.361613,172.690388,0.498639,False,
7791,311.600000,132,133,2.066460,178.855525,0.869255,False,
7791,311.600000,132,134,2.230110,173.057986,0.752509,False,
7791,311.600000,133,134,1.071537,5.797538,0.682202,False,
7791,311.600000,134,136,9.624289,171.900852,0.629195,False,3.679261
7791,311.600000,135,136,1.015881,3.517013,0.968751,True,
7801,312.000000,131,135,2.548551,169.173375,0.540951,False,
7801,312.000000,131,136,1.602898,172.690388,0.098677,False,
7801,312.000000,132,133,1.742911,178.855525,0.998063,False,
7801,312.000000,132,134,1.338237,173.057986,0.481755,False,
7801,312.000000,133,134,0.994643,5.797538,0.780978,True,
7801,312.000000,134,136,8.626664,171.900852,0.633109,False,3.279263
7801,312.000000,135,136,0.972800,3.517013,0.986247,True,
7811,312.400000,132,133,1.865298,178.855525,0.902153,False,
7811,312.400000,132,134,0.982317,175.921852,0.326852,False,
7811,312.400000,133,134,0.937130,2.933673,0.832527,True,
7811,312.400000,135,136,0.936659,3.642036,0.996879,True,
7821,312.800000,132,133,2.262315,165.112787,0.999971,False,
7821,312.800000,132,134,1.427733,168.998063,0.887179,False,
7821,312.800000,133,134,0.898450,3.885276,0.897327,True,
7821,312.800000,135,136,0.922060,1.812488,0.995199,True,
7831,313.200000,132,133,2.907083,161.171221,0.978673,False,
7831,313.200000,132,134,2.302022,168.998063,0.986952,False,
7831,313.200000,133,134,0.898448,7.826842,0.949849,True,
7831,313.200000,135,136,0.922803,0.119806,0.991913,True,
7841,313.600000,132,133,3.657684,160.623319,0.943636,False,
7841,313.600000,132,134,3.275546,168.450161,0.998820,False,
7841,313.600000,133,134,0.923293,7.826842,0.988020,True,
7841,313.600000,134,135,4.917505,170.255835,0.907551,False,
7841,313.600000,134,136,4.908826,170.375641,0.754908,False,
7841,313.600000,135,136,0.923747,0.119806,0.989933,True,
7851,314.000000,132,133,4.432897,155.626786,0.963842,False,
7851,314.000000,132,134,4.228925,154.110915,0.999103,False,
7851,314.000000,133,134,0.892592,1.515871,0.990168,True,
7851,314.000000,133,135,4.619421,162.428993,0.443343,False,
7851,314.000000,133,136,4.392304,162.548799,0.675313,False,
7851,314.000000,134,135,4.114454,160.913122,0.972328,False,
7851,314.000000,134,136,4.054666,161.032928,0.996994,False,
7851,314.000000,135,136,0.924890,0.119806,0.987743,True,
7861,314.400000,133,134,0.838095,5.907538,0.996443,True,
7861,314.400000,133,135,4.006282,162.051632,0.328164,False,
7861,314.400000,133,136,3.696810,162.330307,0.587785,False,
7861,314.400000,134,135,3.389310,156.144094,0.864498,False,
7861,314.400000,134,136,3.240390,156.422769,0.983053,False,
7861,314.400000,135,136,0.924778,0.278676,0.986400,True,
7871,314.800000,133,134,0.827233,1.389890,0.992415,True,8.641776
7871,314.800000,133,135,3.451292,156.673171,0.645793,False,
7871,314.800000,133,136,3.002691,157.319228,0.843553,False,
7871,314.800000,134,135,2.747417,155.283281,0.724265,False,
7871,314.800000,134,136,2.454082,155.929337,0.930408,False,
7871,314.800000,135,136,0.921409,0.646056,0.986518,True,
7881,315.200000,133,134,0.820928,0.998624,0.989620,True,
7881,315.200000,133,135,3.062112,156.281905,0.477596,False,
7881,315.200000,133,136,2.434020,156.927962,0.713437,False,
7881,315.200000,134,135,2.276662,155.283281,0.486583,False,
7881,315.200000,134,136,1.757723,155.929337,0.805590,False,
7881,315.200000,135,136,0.918154,0.646056,0.984623,True,
7891,315.600000,133,134,0.832260,1.102238,0.989377,True,
7891,315.600000,133,135,2.910168,156.281905,0.197628,False,
7891,315.600000,133,136,2.104813,156.927962,0.412512,False,
7891,315.600000,134,135,2.078304,157.384143,0.113995,False,
7891,315.600000,134,136,1.287845,158.030200,0.434479,False,
7891,315.600000,135,136,0.915017,0.646056,0.982589,True,
7901,316.000000,133,134,0.916560,10.640557,0.996988,True,
7901,316.000000,133,135,3.027406,155.443435,0.210949,False,
7901,316.000000,133,136,2.126460,156.089491,0.109194,False,
7901,316.000000,134,135,2.176971,166.083992,0.257648,False,
7901,316.000000,134,136,1.264982,166.730048,0.171751,False,
7901,316.000000,135,136,0.911996,0.646056,0.980415,True,
7911,316.400000,133,134,1.002317,11.024336,0.997519,True,
7911,316.400000,133,135,3.373812,155.059656,0.490661,False,
7911,316.400000,133,136,2.460740,154.171232,0.473598,False,
7911,316.400000,134,135,2.594992,166.083992,0.557546,False,
7911,316.400000,134,136,1.746773,165.195568,0.614713,False,
7911,316.400000,135,136,0.920704,0.888424,0.981022,True,
7921,316.800000,133,134,1.088150,11.024336,0.998054,True,
7921,316.800000,133,135,3.887765,155.059656,0.649603,False,
7921,316.800000,133,136,3.003438,153.144164,0.665637,False,
7921,316.800000,134,135,3.209938,166.083992,0.726734,False,
7921,316.800000,134,136,2.451745,164.168500,0.788356,False,
7921,316.800000,135,136,0.937243,1.915492,0.980986,True,
7931,317.200000,133,134,1.104124,2.137753,0.991068,True,
7931,317.200000,133,135,4.523739,155.687192,0.796424,False,
7931,317.200000,133,136,3.667565,153.144164,0.777816,False,
7931,317.200000,134,135,3.969801,157.824945,0.893988,False,
7931,317.200000,134,136,3.254898,155.281917,0.908586,False,
7931,317.200000,135,136,0.961456,2.543029,0.975654,True,
7941,317.600000,133,134,1.017720,10.796936,0.996211,True,2.203253
7941,317.600000,133,136,4.343894,160.288341,0.927842,False,
7941,317.600000,134,135,4.841273,154.239236,0.991466,False,
7941,317.600000,134,136,4.090426,149.491405,0.944956,False,
7941,317.600000,135,136,1.018373,4.747831,0.954298,True,
7951,318.000000,133,134,0.933303,10.796936,0.999239,True,1.803245
7951,318.000000,134,136,4.934574,149.491405,0.956483,False,
7951,318.000000,135,136,1.078614,4.747831,0.936804,True,
7961,318.400000,133,134,0.851468,10.796936,0.999830,True,1.403247
7961,318.400000,135,136,1.141659,4.747831,0.918899,True,
7971,318.800000,133,134,0.819034,4.594049,0.998479,True,
7971,318.800000,135,136,1.176305,4.350632,0.924462,True,
7981,319.200000,133,134,0.865270,6.395329,0.999526,True,
7981,319.200000,135,136,1.204347,4.269025,0.934820,True,
7991,319.600000,133,134,0.913463,6.395329,0.997128,True,
7991,319.600000,135,136,1.242525,5.735322,0.943062,True,
8001,320.000000,133,134,0.889457,3.408906,0.999013,True,
8001,320.000000,135,136,1.321621,12.016467,0.948599,True,
8011,320.400000,133,134,0.830130,2.844806,0.999326,True,
8011,320.400000,135,136,1.406069,12.016467,0.965799,True,
8011,320.400000,135,137,4.185479,46.088602,0.737793,False,
8021,320.800000,133,134,0.855936,0.434933,0.971386,True,
8021,320.800000,135,136,1.448541,6.362234,0.960180,True,
8021,320.800000,135,137,4.083952,46.088602,0.682452,False,
8021,320.800000,135,138,4.558980,59.395122,0.434891,False,
8021,320.800000,137,138,0.746538,13.306520,0.725339,True,
8031,321.200000,135,136,1.445729,0.260017,0.946710,True,
8031,321.200000,135,137,4.008897,46.088602,0.620166,False,
8031,321.200000,135,138,4.429328,59.395122,0.346859,False,
8031,321.200000,137,138,0.748555,13.306520,0.838086,True,
8041,321.600000,135,136,1.443071,0.260017,0.949964,True,
8041,321.600000,135,137,3.961825,46.088602,0.551579,False,
8041,321.600000,135,138,4.342450,59.395122,0.251019,False,
8041,321.600000,136,137,4.911380,45.828584,0.741119,False,
8041,321.600000,137,138,0.774839,13.306520,0.920468,True,
8051,322.000000,135,136,1.402720,4.912252,0.960988,True,8.431027
8051,322.000000,135,137,3.792604,55.859263,0.188576,False,
8051,322.000000,135,138,4.188924,61.822901,0.095872,False,
8051,322.000000,136,137,4.595264,60.771515,0.485336,False,
8051,322.000000,136,138,4.775774,66.735153,0.223385,False,
8051,322.000000,137,138,0.819850,5.963637,0.996601,True,
8061,322.400000,135,136,1.325313,9.751792,0.965275,True,
8061,322.400000,135,137,3.642888,54.292782,0.049545,False,
8061,322.400000,135,138,4.115296,58.173028,0.293671,False,
8061,322.400000,136,137,4.228241,64.044574,0.311274,False,
8061,322.400000,136,138,4.463100,67.924820,0.057505,False,
8061,322.400000,137,138,0.863587,3.880246,0.999800,True,
8071,322.800000,135,136,1.303350,3.503434,0.971526,True,
8071,322.800000,135,137,3.566332,54.292782,0.193876,False,
8071,322.800000,135,138,4.122634,57.450967,0.420584,False,
8071,322.800000,136,137,3.946989,57.796215,0.146670,False,
8071,322.800000,136,138,4.248316,60.954400,0.116666,False,
8071,322.800000,137,138,0.902049,3.158185,0.997341,True,
8081,323.200000,135,136,1.318634,0.845753,0.973636,True,
8081,323.200000,135,137,3.567614,54.292782,0.337021,False,
8081,323.200000,135,138,4.154874,50.871964,0.472633,False,
8081,323.200000,136,137,3.739951,53.447029,0.009860,False,
8081,323.200000,136,138,4.080645,50.026211,0.193915,False,
8081,323.200000,137,138,0.865086,3.420817,0.997556,True,
8091,323.600000,135,136,1.334899,0.845753,0.967139,True,
8091,323.600000,135,137,3.657795,41.385033,0.261051,False,
8091,323.600000,135,138,4.253913,50.871964,0.578309,False,
8091,323.600000,136,137,3.672488,40.539280,0.079874,False,
8091,323.600000,136,138,3.974621,50.026211,0.316311,False,
8091,323.600000,137,138,0.972737,9.486931,0.985903,True,
8101,324.000000,136,137,3.663345,32.722305,0.095042,False,
8101,324.000000,136,138,3.992799,28.842974,0.109095,False,
8101,324.000000,137,138,0.939961,3.879331,0.997029,True,4.927333
8111,324.400000,137,138,0.892909,5.995635,0.992923,True,2.490359
8121,324.800000,137,138,0.806656,8.678658,0.996324,True,1.481979
8131,325.200000,137,138,0.706138,11.012951,0.995547,True,
8141,325.600000,137,138,0.768030,8.627505,0.999024,True,
8151,326.000000,137,138,0.841015,9.383076,0.992265,True,
8161,326.400000,137,138,0.905194,6.352262,0.980885,True,
8171,326.800000,137,138,0.967549,6.033151,0.973226,True,
8481,339.200000,139,140,4.291098,169.937519,0.209075,False,
8491,339.600000,139,140,3.493676,176.671631,0.548787,False,
8501,340.000000,139,140,2.910550,157.623251,0.984315,False,
8511,340.400000,139,140,2.492431,157.623251,0.994792,False,
8521,340.800000,139,140,2.259947,154.801440,0.909210,False,
8531,341.200000,139,140,2.238614,166.181199,0.782163,False,
8541,341.600000,139,140,2.586495,168.038568,0.214570,False,
8551,342.000000,139,140,3.206052,168.189754,0.097872,False,
8561,342.400000,139,140,4.061699,166.921950,0.806559,False,
8561,342.400000,140,148,6.133150,131.874766,0.575543,False,3.266443
8571,342.800000,140,148,5.434927,133.420376,0.549198,False,2.790389
8581,343.200000,140,148,4.736854,133.420376,0.554322,False,2.390386
8591,343.600000,140,148,4.104495,115.895615,0.517308,False,2.224725
8601,344.000000,140,148,3.544684,105.642167,0.606737,False,2.153987
8611,344.400000,140,148,3.042363,100.224485,0.715042,False,2.144351
8611,344.400000,141,142,2.385613,3.751213,0.201821,False,
8621,344.800000,140,148,2.542786,100.224485,0.739376,False,1.744352
8621,344.800000,141,142,3.133284,3.556828,0.142954,False,
8631,345.200000,139,143,2.410900,157.559086,0.993924,False,
8631,345.200000,140,141,4.792906,56.024911,0.391756,False,
8631,345.200000,140,148,2.047962,100.224485,0.773808,False,1.344352
8631,345.200000,141,142,3.321297,12.739918,0.016014,False,
8641,345.600000,139,143,1.762816,166.707464,0.940822,False,
8641,345.600000,140,141,4.678415,50.207599,0.378844,False,
8641,345.600000,140,148,1.528368,124.366485,0.802598,False,
8641,345.600000,141,142,3.229116,0.964995,0.169684,False,
8641,345.600000,142,148,9.334754,175.539079,0.000336,False,5.403418
8651,346.000000,139,143,1.269995,177.470867,0.934640,False,
8651,346.000000,139,144,1.937821,179.341223,0.381831,False,
8651,346.000000,140,141,4.654362,53.285257,0.290507,False,
8651,346.000000,140,148,1.039978,148.387574,0.910470,False,
8651,346.000000,141,142,3.072167,3.970809,0.168494,False,
8651,346.000000,141,148,5.672330,158.327168,0.390568,False,4.028337
8651,346.000000,142,148,8.646691,162.297977,0.114893,False,4.825434
8651,346.000000,143,144,1.321269,1.870357,0.322861,False,
8661,346.400000,139,143,1.043181,173.851853,0.955727,False,
8661,346.400000,139,144,1.254556,167.875300,0.873177,False,0.464236
8661,346.400000,139,145,2.535854,173.193059,0.685027,False,
8661,346.400000,139,146,2.061926,174.550909,0.456264,False,
8661,346.400000,140,141,4.870397,83.304127,0.170775,False,
8661,346.400000,140,148,0.757558,148.387574,0.981247,False,
8661,346.400000,141,142,2.763805,34.779172,0.105733,False,
8661,346.400000,143,144,1.376498,5.976554,0.342343,False,
8661,346.400000,143,145,3.458284,0.658795,0.861718,False,
8661,346.400000,143,146,2.836432,0.699056,0.758571,False,
8661,346.400000,143,148,12.494852,151.302865,0.281543,False,7.628913
8661,346.400000,144,145,2.502777,5.317759,0.972405,False,
8661,346.400000,144,146,1.712850,6.675610,0.925267,True,
8661,346.400000,145,146,0.861597,1.357851,0.989039,True,
8671,346.800000,139,143,1.360440,172.652974,0.565007,False,
8671,346.800000,139,144,0.659803,166.676421,0.999998,False,0.056123
8671,346.800000,139,145,2.097034,171.994179,0.891267,False,
8671,346.800000,139,146,1.417848,173.352030,0.739478,False,
8671,346.800000,139,147,1.594302,167.719615,0.986042,False,
8671,346.800000,140,148,0.656744,178.955590,0.975290,False,
8671,346.800000,141,142,2.481294,36.620868,0.226501,False,
8671,346.800000,143,144,1.435386,5.976554,0.295542,False,
8671,346.800000,143,145,3.382904,0.658795,0.879033,False,
8671,346.800000,143,146,2.772809,0.699056,0.778360,False,
8671,346.800000,143,147,1.753843,4.933360,0.268730,False,
8671,346.800000,143,148,11.868885,151.302865,0.280588,False,7.228914
8671,346.800000,144,145,2.506873,5.317759,0.989403,False,
8671,346.800000,144,146,1.706380,6.675610,0.962287,True,
8671,346.800000,144,147,0.952964,1.043194,0.957334,True,
8671,346.800000,145,146,0.852989,1.357851,0.981868,True,
8671,346.800000,145,147,3.379426,4.274565,0.999924,False,
8671,346.800000,146,147,2.540341,5.632416,0.998572,False,
8681,347.200000,139,143,2.024093,163.179322,0.999726,False,
8681,347.200000,139,144,0.684140,178.042854,0.972338,False,
8681,347.200000,139,145,1.991432,177.159140,0.965374,False,
8681,347.200000,139,146,1.147006,175.801290,0.950190,False,
8681,347.200000,139,147,1.473521,178.566295,0.962533,False,
8681,347.200000,140,148,0.827738,146.912500,0.471786,False,
8681,347.200000,141,142,2.122473,19.593551,0.521632,False,2.124623
8681,347.200000,141,148,4.717693,139.405984,0.853187,False,5.409767
8681,347.200000,142,148,6.591956,158.999535,0.172021,False,3.532111
8681,347.200000,143,144,1.440144,14.863532,0.358376,False,
8681,347.200000,143,145,3.203669,13.979818,0.932291,False,
8681,347.200000,143,146,2.613378,12.621967,0.845403,False,5.451416
8681,347.200000,143,147,1.719349,18.254383,0.263032,False,
8681,347.200000,144,145,2.499720,0.883714,0.999388,True,
8681,347.200000,144,146,1.693433,2.241565,0.989367,True,
8681,347.200000,144,147,0.948436,3.390851,0.982182,True,
8681,347.200000,145,146,0.845957,1.357851,0.972737,True,
8681,347.200000,145,147,3.423782,4.274565,0.999957,False,
8681,347.200000,146,147,2.595558,5.632416,0.999304,False,
8691,347.600000,139,143,2.827860,151.269115,0.984238,False,
8691,347.600000,139,144,1.444654,165.918232,0.998718,False,
8691,347.600000,139,145,2.413887,170.366170,0.478743,False,
8691,347.600000,139,146,1.665274,173.086295,0.429694,False,
8691,347.600000,139,147,1.884928,175.954438,0.944470,False,
8691,347.600000,140,148,1.181031,159.147095,0.490284,False,
8691,347.600000,141,142,1.939492,2.649953,0.835751,True,
8691,347.600000,141,148,4.413911,119.116615,0.904147,False,5.566937
8691,347.600000,143,144,1.398524,14.649117,0.415538,False,
8691,347.600000,143,145,2.992720,19.097055,0.970715,False,
8691,347.600000,143,146,2.356593,21.817180,0.879430,False,2.775102
8691,347.600000,143,147,1.800349,24.685323,0.259657,False,
8691,347.600000,144,145,2.470822,4.447938,0.992228,True,
8691,347.600000,144,146,1.617962,7.168063,0.999961,True,
8691,347.600000,144,147,1.034187,10.036206,0.958973,True,
8691,347.600000,145,146,0.870931,2.720125,0.973359,True,
8691,347.600000,145,147,3.489765,5.588268,0.994006,False,
8691,347.600000,146,147,2.625135,2.868143,0.998844,False,
8691,347.600000,146,148,12.596034,101.059174,0.462454,False,6.983580
8701,348.000000,139,143,3.678617,152.046061,0.992891,False,
8701,348.000000,139,144,2.328683,165.918232,0.994938,False,
8701,348.000000,139,145,3.176058,166.768012,0.049070,False,
8701,348.000000,139,146,2.580100,173.212792,0.166020,False,
8701,348.000000,139,147,2.546448,175.252367,0.744678,False,
8701,348.000000,140,148,1.720741,159.147095,0.249447,False,
8701,348.000000,141,142,1.838984,9.565761,0.989751,True,
8701,348.000000,141,146,8.322785,5.615469,0.073445,False,8.747211
8701,348.000000,141,148,4.077617,95.570203,0.945953,False,
8701,348.000000,143,144,1.357964,13.872171,0.332996,False,
8701,348.000000,143,145,2.828846,14.721951,0.983913,False,
8701,348.000000,143,146,2.094904,21.166732,0.884797,False,2.438322
8701,348.000000,143,147,1.903326,23.206307,0.342688,False,
8701,348.000000,144,145,2.488100,0.849780,0.977091,True,
8701,348.000000,144,146,1.557418,7.294560,0.993193,True,
8701,348.000000,144,147,1.119510,9.334135,0.951080,True,
8701,348.000000,145,146,0.932935,6.444781,0.979023,True,
8701,348.000000,145,147,3.596614,8.484356,0.980308,False,
8701,348.000000,146,147,2.663683,2.039575,0.991229,False,
8701,348.000000,146,148,11.894034,101.185671,0.458131,False,6.477692
8711,348.400000,140,148,1.920733,161.235556,0.548660,False,
8711,348.400000,141,142,1.701021,17.601752,0.999969,True,
8711,348.400000,141,148,3.826310,69.880278,0.869117,False,
8711,348.400000,143,144,1.272794,2.744474,0.265351,False,3.162599
8711,348.400000,143,145,2.733877,5.120624,0.984962,False,
8711,348.400000,143,146,1.868884,11.565405,0.892920,True,
8711,348.400000,143,147,1.882575,13.604980,0.494818,False,
8711,348.400000,144,145,2.510834,2.376150,0.957234,False,
8711,348.400000,144,146,1.516514,8.820931,0.964648,True,
8711,348.400000,144,147,1.202912,10.860506,0.952416,True,
8711,348.400000,145,146,0.997434,6.444781,0.987712,True,
8711,348.400000,145,147,3.710743,8.484356,0.970766,False,
8711,348.400000,146,147,2.718729,2.039575,0.978077,False,
8721,348.800000,140,148,2.110527,117.278965,0.483002,False,
8721,348.800000,141,142,1.636829,9.077020,0.997248,True,7.234202
8721,348.800000,141,148,3.602503,27.274981,0.863840,False,
8721,348.800000,142,148,4.966828,36.352001,0.892660,False,
8721,348.800000,143,144,1.245061,0.078708,0.297611,False,9.971344
8721,348.800000,143,145,2.660718,5.081512,0.996531,False,
8721,348.800000,143,146,1.675636,10.991576,0.944953,True,
8721,348.800000,143,147,1.790712,2.199212,0.428444,False,
8721,348.800000,144,145,2.547036,5.160220,0.921180,False,
8721,348.800000,144,146,1.520544,11.070285,0.893706,True,
8721,348.800000,144,147,1.188340,2.277920,0.934535,True,
8721,348.800000,145,146,1.058123,5.910065,0.992394,True,
8721,348.800000,145,147,3.733447,2.882300,0.934343,False,
8721,348.800000,146,147,2.695613,8.792364,0.932574,False,
8731,349.200000,141,142,1.594209,5.307707,0.998633,True,
8731,349.200000,141,148,3.367411,29.911126,0.893240,False,
8731,349.200000,142,148,4.780514,35.218833,0.931963,False,
8731,349.200000,143,144,1.226348,0.230494,0.302173,False,
8731,349.200000,143,145,2.570144,8.674426,0.999434,False,
8731,349.200000,143,146,1.533750,9.568528,0.985502,True,
8731,349.200000,143,147,1.708620,2.047427,0.458791,False,
8731,349.200000,144,145,2.565877,8.904920,0.899587,False,
8731,349.200000,144,146,1.579498,9.799022,0.800695,True,
8731,349.200000,144,147,1.179148,2.277920,0.956530,True,
8731,349.200000,145,146,1.066052,0.894102,0.996583,True,
8731,349.200000,145,147,3.723864,6.627000,0.932494,False,
8731,349.200000,146,147,2.696409,7.521102,0.900709,False,
8741,349.600000,141,142,1.586098,1.544351,0.993436,True,
8741,349.600000,141,148,3.177342,29.911126,0.941589,False,
8741,349.600000,142,148,4.637341,31.455477,0.978096,False,
8741,349.600000,143,144,1.178931,2.581553,0.182615,False,6.572585
8741,349.600000,143,145,2.548073,0.690269,0.999866,False,
8741,349.600000,143,146,1.494864,0.012562,0.998474,True,
8741,349.600000,143,147,1.589252,7.533664,0.527244,False,3.331934
8741,349.600000,144,145,2.622052,3.271822,0.895395,False,
8741,349.600000,144,146,1.694783,2.568991,0.758460,True,
8741,349.600000,144,147,1.129310,4.952111,0.980432,True,
8741,349.600000,145,146,1.057127,0.702831,0.998685,True,
8741,349.600000,145,147,3.705052,8.223933,0.921864,False,
8741,349.600000,146,147,2.709224,7.521102,0.869837,False,
8751,350.000000,141,142,1.557585,4.103391,0.986506,True,
8751,350.000000,141,148,3.059229,27.352087,0.987199,False,
8751,350.000000,142,148,4.543436,31.455477,0.994578,False,
8751,350.000000,143,144,1.122039,17.998938,0.062880,False,
8751,350.000000,143,145,2.698173,21.088015,0.997660,False,
8751,350.000000,143,146,1.651551,21.790846,0.999605,False,
8751,350.000000,143,147,1.425627,30.581721,0.592030,False,
8751,350.000000,144,145,2.720551,3.089077,0.892154,False,
8751,350.000000,144,146,1.843832,3.791908,0.742633,True,
8751,350.000000,144,147,1.037853,12.582783,0.982859,True,2.123003
8751,350.000000,145,146,1.048536,0.702831,0.999446,True,
8751,350.000000,145,147,3.710250,9.493706,0.895809,False,
8751,350.000000,146,147,2.756796,8.790875,0.823513,False,
8761,350.400000,141,142,1.483991,8.991558,0.980087,True,5.164706
8761,350.400000,141,148,3.035740,23.704509,0.998519,False,
8761,350.400000,142,148,4.491570,32.696067,0.999798,False,
8761,350.400000,143,144,1.081647,17.998938,0.187999,False,
8761,350.400000,143,145,2.870047,21.088015,0.999871,False,
8761,350.400000,143,146,1.841481,21.428008,0.994982,False,
8761,350.400000,143,147,1.279227,30.581721,0.489325,False,
8761,350.400000,144,145,2.826164,3.089077,0.868855,False,
8761,350.400000,144,146,1.989946,3.429070,0.706474,True,
8761,350.400000,144,147,0.948121,12.582783,0.973679,True,1.722992
8761,350.400000,145,146,1.044575,0.339993,0.999763,True,
8761,350.400000,145,147,3.727607,9.493706,0.869017,False,
8761,350.400000,146,147,2.812784,9.153713,0.779807,False,
8771,350.800000,141,142,1.358779,15.034409,0.992479,True,2.834296
8771,350.800000,141,148,3.083783,23.704509,0.978740,False,
8771,350.800000,142,148,4.441324,38.738918,0.999569,False,
8771,350.800000,143,144,1.005375,5.961271,0.358139,False,
8771,350.800000,143,145,2.977253,8.475936,0.980782,False,
8771,350.800000,143,146,1.950998,7.236063,0.958665,True,
8771,350.800000,143,147,1.159045,17.969642,0.321231,False,
8771,350.800000,143,148,7.873758,46.947935,0.029382,False,8.737278
8771,350.800000,144,145,2.940446,2.514665,0.840668,False,
8771,350.800000,144,146,2.104585,1.274792,0.681389,False,
8771,350.800000,144,147,0.862997,12.008371,0.962279,True,1.304536
8771,350.800000,145,146,1.058516,1.239873,0.999225,True,
8771,350.800000,145,147,3.756958,9.493706,0.839784,False,
8771,350.800000,146,147,2.845344,10.733579,0.746318,False,
8781,351.200000,141,142,1.245447,14.017896,0.997125,True,2.636584
8781,351.200000,141,148,3.189453,24.721023,0.945294,False,
8781,351.200000,142,148,4.427595,38.738918,0.998089,False,
8781,351.200000,143,144,0.964010,7.430757,0.436319,False,
8781,351.200000,143,145,3.107017,8.475936,0.961086,False,
8781,351.200000,143,146,2.084960,7.236063,0.923604,True,
8781,351.200000,143,147,1.074861,12.841793,0.321652,False,
8781,351.200000,143,148,7.537077,46.947935,0.027559,False,8.337270
8781,351.200000,144,145,3.068465,1.045180,0.802843,False,
8781,351.200000,144,146,2.237596,0.194694,0.632587,False,
8781,351.200000,144,147,0.827575,5.411037,0.964906,True,2.731302
8781,351.200000,145,146,1.073453,1.239873,0.997575,True,
8781,351.200000,145,147,3.841953,4.365857,0.830761,False,
8781,351.200000,146,147,2.932080,5.605730,0.732782,False,
8791,351.600000,141,142,1.143767,12.965877,0.999621,True,2.445224
8791,351.600000,141,148,3.343995,25.773041,0.902717,False,
8791,351.600000,142,148,4.450721,38.738918,0.988348,False,
8791,351.600000,143,144,0.914999,0.293407,0.514976,False,2.849832
8791,351.600000,143,145,3.207969,0.751773,0.918765,False,
8791,351.600000,143,146,2.191541,0.488100,0.857633,True,
8791,351.600000,143,147,1.027808,3.744808,0.263852,False,3.745698
8791,351.600000,144,145,3.205164,1.045180,0.771440,False,
8791,351.600000,144,146,2.376341,0.194694,0.594955,False,
8791,351.600000,144,147,0.803440,4.038215,0.961317,True,4.070220
8791,351.600000,145,146,1.089349,1.239873,0.995095,True,
8791,351.600000,145,147,3.948507,2.993035,0.807044,False,
8791,351.600000,146,147,3.038853,4.232908,0.701934,False,
8801,352.000000,141,148,3.549607,25.773041,0.846461,False,
8801,352.000000,143,144,0.858381,5.128598,0.544112,False,1.829146
8801,352.000000,143,145,3.281489,3.968541,0.875171,False,
8801,352.000000,143,146,2.285899,5.323292,0.787263,True,
8801,352.000000,143,147,0.999260,1.090384,0.238821,False,6.244382
8801,352.000000,144,145,3.329119,1.160057,0.745102,False,
8801,352.000000,144,146,2.519905,0.194694,0.560402,False,
8801,352.000000,144,147,0.779850,4.038215,0.953541,True,3.670105
8801,352.000000,145,146,1.103440,1.354751,0.995013,True,
8801,352.000000,145,147,4.046461,2.878157,0.780502,False,
8801,352.000000,146,147,3.153961,4.232908,0.665118,False,
8811,352.400000,143,144,0.808791,2.151071,0.567925,False,1.722682
8811,352.400000,143,145,3.369609,2.900336,0.848391,False,
8811,352.400000,143,146,2.405185,4.308147,0.738159,True,
8811,352.400000,143,147,0.963644,2.981188,0.303894,False,
8811,352.400000,144,145,3.437630,0.749265,0.710153,False,
8811,352.400000,144,146,2.658995,2.157076,0.513013,False,
8811,352.400000,144,147,0.787556,0.830117,0.954041,True,
8811,352.400000,145,146,1.116644,1.407811,0.996107,True,
8811,352.400000,145,147,4.152999,0.080852,0.772625,False,
8811,352.400000,146,147,3.282653,1.326959,0.650110,False,
8811,352.400000,147,148,7.355948,38.384913,0.128754,False,7.227835
8821,352.800000,143,144,0.765657,2.608235,0.596351,False,
8821,352.800000,143,145,3.498841,1.370654,0.834312,False,
8821,352.800000,143,146,2.574569,3.322713,0.694507,False,
8821,352.800000,143,147,0.905294,2.837252,0.418738,False,2.877206
8821,352.800000,144,145,3.547643,1.237581,0.682741,False,
8821,352.800000,144,146,2.795607,0.714479,0.458869,False,
8821,352.800000,144,147,0.824259,5.445487,0.968751,True,
8821,352.800000,145,146,1.098676,1.952060,0.991543,True,
8821,352.800000,145,147,4.278021,4.207906,0.776855,False,
8821,352.800000,146,147,3.426972,6.159966,0.635596,False,
8821,352.800000,147,148,6.944214,42.511967,0.058684,False,6.164388
8831,353.200000,143,144,0.726127,2.608235,0.652745,False,
8831,353.200000,143,145,3.637771,1.370654,0.805331,False,
8831,353.200000,143,146,2.750736,3.322713,0.659194,False,
8831,353.200000,143,147,0.849436,2.837252,0.468699,False,2.477234
8831,353.200000,144,145,3.661656,1.237581,0.658622,False,
8831,353.200000,144,146,2.933697,0.714479,0.439314,False,
8831,353.200000,144,147,0.861310,5.445487,0.973435,True,
8831,353.200000,145,146,1.080890,1.952060,0.989768,True,
8831,353.200000,145,147,4.405317,4.207906,0.762570,False,
8831,353.200000,146,147,3.572068,6.159966,0.624386,False,
8831,353.200000,146,148,4.679714,36.352002,0.657389,False,
8831,353.200000,147,148,6.532481,42.511967,0.059024,False,5.764387
8841,353.600000,143,144,0.690815,2.608235,0.711261,True,
8841,353.600000,143,145,3.785337,1.370654,0.776705,False,
8841,353.600000,143,146,2.932465,3.322713,0.626941,False,
8841,353.600000,143,147,0.796585,2.837252,0.523709,False,2.077260
8841,353.600000,144,145,3.779316,1.237581,0.635346,False,
8841,353.600000,144,146,3.073071,0.714479,0.421340,False,
8841,353.600000,144,147,0.898662,5.445487,0.977403,True,
8841,353.600000,145,146,1.063295,1.952060,0.987757,True,
8841,353.600000,145,147,4.534697,4.207906,0.748743,False,
8841,353.600000,145,148,4.948973,38.304061,0.809372,False,
8841,353.600000,146,147,3.717846,6.159966,0.613937,False,
8841,353.600000,146,148,4.263540,36.352002,0.717020,False,
8841,353.600000,147,148,6.120748,42.511967,0.059410,False,5.364385
8851,354.000000,143,144,0.678157,5.570529,0.683381,False,
8851,354.000000,143,145,3.970016,10.387385,0.797873,False,
8851,354.000000,143,146,3.137260,12.339445,0.662908,False,
8851,354.000000,143,147,0.759268,5.244991,0.574742,False,1.771720
8851,354.000000,143,148,5.114315,48.691446,0.038755,False,4.879326
8851,354.000000,144,145,3.917493,4.816856,0.656408,False,
8851,354.000000,144,146,3.220621,6.768916,0.459201,False,
8851,354.000000,144,147,0.906046,0.325538,0.982951,True,
8851,354.000000,145,146,1.045898,1.952060,0.985490,True,
8851,354.000000,145,147,4.685052,5.142394,0.737481,False,
8851,354.000000,145,148,4.621523,38.304061,0.862336,False,
8851,354.000000,146,147,3.885007,7.094454,0.606577,False,
8851,354.000000,146,148,3.882203,36.352002,0.782466,False,
8851,354.000000,147,148,5.730527,43.446455,0.044136,False,5.262890
8861,354.400000,143,144,0.660005,4.129528,0.736751,True,
8861,354.400000,143,145,4.166999,13.153682,0.769017,False,
8861,354.400000,143,146,3.328196,8.860023,0.671093,False,
8861,354.400000,143,147,0.744459,4.204331,0.557179,False,
8861,354.400000,143,148,4.743227,48.691446,0.036645,False,4.479336
8861,354.400000,144,145,4.065430,9.024155,0.640246,False,
8861,354.400000,144,146,3.362000,4.730496,0.490173,False,
8861,354.400000,144,147,0.916343,0.074804,0.975060,True,
8861,354.400000,145,146,1.086321,4.293659,0.989181,True,
8861,354.400000,145,147,4.864593,8.949351,0.710257,False,
8861,354.400000,145,148,4.375071,35.537764,0.931001,False,
8861,354.400000,146,147,4.060378,4.655692,0.620789,False,
8861,354.400000,146,148,3.513851,39.831423,0.816032,False,
8861,354.400000,147,148,5.361827,44.487115,0.025774,False,5.193391
8871,354.800000,143,144,0.647358,4.129528,0.796521,True,
8871,354.800000,143,145,4.367552,13.868258,0.754491,False,
8871,354.800000,143,146,3.520957,8.860023,0.654508,False,
8871,354.800000,143,147,0.730424,4.204331,0.529580,False,
8871,354.800000,143,148,4.372154,48.691446,0.034177,False,4.079335
8871,354.800000,144,145,4.214602,9.738730,0.632343,False,
8871,354.800000,144,146,3.503694,4.730496,0.482056,False,
8871,354.800000,144,147,0.929929,0.074804,0.960242,True,
8871,354.800000,144,148,4.810197,44.561918,0.203017,False,
8871,354.800000,145,146,1.133324,5.008235,0.991120,True,
8871,354.800000,145,148,4.194762,34.823188,0.971179,False,
8871,354.800000,146,147,4.237840,4.655692,0.603580,False,
8871,354.800000,146,148,3.202745,39.831423,0.888761,False,
8871,354.800000,147,148,4.993150,44.487115,0.023131,False,4.793382
8881,355.200000,143,144,0.691701,10.749911,0.842064,True,
8881,355.200000,143,145,4.587962,18.938561,0.776342,False,
8881,355.200000,143,146,3.726751,13.930326,0.676205,False,
8881,355.200000,143,147,0.716165,9.274634,0.491347,False,
8881,355.200000,143,148,3.981526,53.761749,0.065469,False,3.715031
8881,355.200000,144,145,4.355895,8.188650,0.618994,False,
8881,355.200000,144,146,3.640011,3.180416,0.461699,False,
8881,355.200000,144,147,0.957655,1.475276,0.939361,True,
8881,355.200000,144,148,4.393082,43.011839,0.245394,False,
8881,355.200000,145,146,1.180739,5.008235,0.993388,True,
8881,355.200000,145,148,4.080438,34.823188,0.993824,False,
8881,355.200000,146,147,4.417156,4.655692,0.587508,False,
8881,355.200000,146,148,2.966949,39.831423,0.952337,False,
8881,355.200000,147,148,4.624523,44.487115,0.020066,False,4.393384
8891,355.600000,143,144,0.860700,26.494470,0.948474,False,
8891,355.600000,143,145,4.816645,20.944395,0.785362,False,
8891,355.600000,143,146,3.944601,17.579318,0.675874,False,
8891,355.600000,143,147,0.590286,27.301032,0.077854,False,
8891,355.600000,143,148,3.583530,55.767583,0.118970,False,
8891,355.600000,144,145,4.427185,5.550075,0.513346,False,
8891,355.600000,144,146,3.731570,8.915152,0.321812,False,
8891,355.600000,144,147,0.928168,0.806563,0.839071,True,
8891,355.600000,144,148,4.005954,29.273113,0.502439,False,
8891,355.600000,145,146,1.212335,3.365077,0.993212,True,
8891,355.600000,145,148,4.037708,34.823188,0.999728,False,
8891,355.600000,146,147,4.449107,9.721714,0.445947,False,
8891,355.600000,146,148,2.842157,38.188265,0.995612,False,
8891,355.600000,147,148,4.165153,28.466551,0.309105,False,
8901,356.000000,143,144,1.040826,26.494470,0.973650,False,
8901,356.000000,143,146,4.190388,24.312106,0.636346,False,
8901,356.000000,143,147,0.535166,27.301032,0.309912,False,
8901,356.000000,143,148,3.187106,55.767583,0.142240,False,
8901,356.000000,144,145,4.500713,5.550075,0.494244,False,
8901,356.000000,144,146,3.838801,2.182363,0.246390,False,
8901,356.000000,144,147,0.899816,0.806563,0.858181,True,
8901,356.000000,144,148,3.629293,29.273113,0.550224,False,
8901,356.000000,145,146,1.179340,3.367712,0.984129,True,7.057752
8901,356.000000,145,148,4.068829,34.823188,0.987503,False,
8901,356.000000,146,147,4.505848,2.988926,0.377293,False,
8901,356.000000,146,148,2.889533,31.455476,0.977496,False,
8901,356.000000,147,148,3.710033,28.466551,0.342854,False,
8911,356.400000,143,144,1.147191,15.891691,0.998032,True,
8911,356.400000,143,146,4.404169,13.709328,0.567244,False,
8911,356.400000,143,147,0.506597,16.698254,0.662249,False,
8911,356.400000,143,148,2.818928,45.164804,0.036964,False,2.413708
8911,356.400000,144,145,4.576369,5.550075,0.475535,False,
8911,356.400000,144,146,3.946605,2.182363,0.234843,False,
8911,356.400000,144,147,0.872721,0.806563,0.877270,True,
8911,356.400000,144,148,3.266723,29.273113,0.606448,False,
8911,356.400000,145,146,1.146354,3.367712,0.983621,True,6.657749
8911,356.400000,145,148,4.172149,34.823188,0.958583,False,
8911,356.400000,146,147,4.563218,2.988926,0.366552,False,
8911,356.400000,146,148,3.037221,31.455476,0.924364,False,
8911,356.400000,147,148,3.260970,28.466551,0.385326,False,
8921,356.800000,143,144,1.204757,7.993593,0.998209,True,
8921,356.800000,143,147,0.481972,8.727513,0.875881,False,
8921,356.800000,143,148,2.469123,37.194063,0.188054,False,2.207402
8921,356.800000,144,147,0.842076,0.733920,0.901830,True,
8921,356.800000,144,148,2.933314,29.200470,0.671523,False,
8921,356.800000,147,148,2.820835,28.466551,0.439965,False,
8931,357.200000,143,144,1.260405,8.331560,0.997450,True,
8931,357.200000,143,147,0.554496,14.884068,0.969104,True,
8931,357.200000,143,148,2.120232,37.194063,0.209807,False,1.807403
8931,357.200000,144,147,0.775904,6.552508,0.888535,True,1.093902
8931,357.200000,144,148,2.661256,28.862503,0.740809,False,
8931,357.200000,147,148,2.466303,22.309995,0.603794,False,
8941,357.600000,143,144,1.232748,2.152087,0.995880,True,
8941,357.600000,143,147,0.603669,5.176028,0.973973,True,
8941,357.600000,143,148,1.693060,26.710416,0.459329,False,
8941,357.600000,144,147,0.708115,7.328115,0.896653,True,0.644953
8941,357.600000,144,148,2.415534,28.862503,0.809735,False,
8941,357.600000,147,148,2.144623,21.534388,0.700913,False,
8951,358.000000,143,144,1.182696,5.240800,0.999983,True,
8951,358.000000,143,147,0.642194,1.738278,0.943187,True,
8951,358.000000,143,148,1.267112,23.621703,0.663125,False,
8951,358.000000,144,147,0.640403,6.979078,0.914907,True,0.242208
8951,358.000000,144,148,2.204964,28.862503,0.880015,False,
8951,358.000000,147,148,1.855203,21.883425,0.798758,False,
8961,358.400000,143,144,1.145067,5.781785,0.993583,True,
8961,358.400000,143,147,0.666091,0.107144,0.906295,True,
8961,358.400000,143,148,0.939659,23.080718,0.889924,False,
8961,358.400000,144,147,0.574241,5.674641,0.952663,True,
8961,358.400000,144,148,2.040464,28.862503,0.943345,False,
8961,358.400000,147,148,1.605259,23.187863,0.899153,False,
8971,358.800000,143,144,1.244585,11.037647,0.999861,True,
8971,358.800000,143,147,0.691810,0.469761,0.868134,True,
8971,358.800000,143,148,0.830934,22.718101,0.994442,False,
8971,358.800000,144,147,0.683777,11.507408,0.895262,True,
8971,358.800000,144,148,2.068163,11.680455,0.982097,True,
8971,358.800000,147,148,1.453267,23.187863,0.984429,False,
8981,359.200000,143,144,1.344306,11.037647,0.999988,True,
8981,359.200000,143,147,0.751240,4.819412,0.874919,True,
8981,359.200000,143,148,0.921516,23.183894,0.803194,False,
8981,359.200000,144,147,0.746768,6.218235,0.873473,True,
8981,359.200000,144,148,2.150336,12.146247,0.918457,True,
8981,359.200000,147,148,1.425078,18.364482,0.975834,True,
8991,359.600000,143,144,1.444188,11.037647,0.999986,True,
8991,359.600000,143,147,0.830875,8.127185,0.890032,True,
8991,359.600000,143,148,0.930070,23.233272,0.551352,False,
8991,359.600000,144,147,0.778742,2.910462,0.857188,True,
8991,359.600000,144,148,2.139267,12.195626,0.860440,True,
8991,359.600000,147,148,1.369323,15.106088,0.905028,True,
9001,360.000000,144,147,0.810734,2.910462,0.854831,True,
9001,360.000000,144,148,2.141901,12.195626,0.816917,True,
9001,360.000000,147,148,1.332465,15.106088,0.846982,True,
