frame,ped_id,x,y,vx,vy,time_s,speed,direction_deg,ax,ay,acceleration,nearest_distance,ttc
1,1,-2.829260,18.959350,0.000000,-1.321524,0.000000,1.321524,270.000000,,,,0.551723,
11,1,-2.829260,18.430740,0.000000,-1.321524,0.400000,1.321524,270.000000,0.000000,0.000000,0.000000,0.542687,
21,1,-2.829260,17.902130,0.000000,-1.321524,0.800000,1.321524,270.000000,0.000000,0.000000,0.000000,0.533732,
31,1,-2.807630,17.385990,0.054076,-1.290356,1.200000,1.291489,272.399740,0.135190,0.077920,0.156038,0.524694,
41,1,-2.764369,16.882310,0.108152,-1.259188,1.600000,1.263824,274.909111,0.135190,0.077920,0.156038,0.526806,
51,1,-2.721108,16.378640,0.108152,-1.259188,2.000000,1.263824,274.909111,0.000000,0.000000,0.000000,0.531661,
61,1,-2.770649,15.893170,-0.123852,-1.213654,2.400000,1.219957,264.173216,-0.580010,0.113835,0.591075,0.581378,
71,1,-2.912991,15.425930,-0.355855,-1.168119,2.800000,1.221120,253.057179,-0.580010,0.113838,0.591075,0.609492,
81,1,-3.055333,14.958680,-0.355855,-1.168119,3.200000,1.221120,253.057179,0.000000,0.000000,0.000000,0.640687,
91,1,-3.202265,14.460700,-0.367330,-1.244959,3.600000,1.298019,253.561113,-0.028685,-0.192100,0.194230,0.656958,
101,1,-3.356082,13.916610,-0.384541,-1.360219,4.000000,1.413530,254.214126,-0.043028,-0.288150,0.291345,0.647601,2.040004
111,1,-3.509898,13.372520,-0.384541,-1.360219,4.400000,1.413530,254.214126,0.000000,0.000000,0.000000,0.638249,1.639975
121,1,-3.592382,12.823580,-0.206210,-1.372351,4.800000,1.387757,261.454640,0.445827,-0.030330,0.446858,0.631047,1.860324
131,1,-3.644295,12.272560,-0.129783,-1.377551,5.200000,1.383651,264.617905,0.191069,-0.013000,0.191510,0.625112,2.238942
141,1,-3.696208,11.721540,-0.129783,-1.377551,5.600000,1.383651,264.617905,0.000000,0.000000,0.000000,0.619599,1.838845
151,1,-3.729952,11.161180,-0.084359,-1.400909,6.000000,1.403447,266.553975,0.113560,-0.058395,0.127694,0.616727,4.984117
161,1,-3.755908,10.596810,-0.064891,-1.410920,6.400000,1.412411,267.366698,0.048668,-0.025027,0.054727,0.641211,4.533143
171,1,-3.781865,10.032440,-0.064891,-1.410920,6.800000,1.412411,267.366698,0.000000,0.000000,0.000000,0.670207,4.133138
181,1,-3.865358,9.501871,-0.208734,-1.326421,7.200000,1.342744,261.056928,-0.359606,0.211247,0.417064,0.732144,
191,1,-3.973510,8.985788,-0.270380,-1.290208,7.600000,1.318235,258.164181,-0.154117,0.090533,0.178740,0.763705,
201,1,-4.081662,8.469705,-0.270380,-1.290208,8.000000,1.318235,258.164181,0.000000,0.000000,0.000000,0.796498,
211,1,-4.185952,7.957739,-0.260724,-1.279914,8.400000,1.306199,258.486140,0.024141,0.025735,0.035286,0.838475,
221,1,-4.255478,7.482832,-0.173816,-1.187267,8.800000,1.199923,261.671061,0.217270,0.231617,0.317573,0.857701,
231,1,-4.325005,7.007925,-0.173816,-1.187267,9.200000,1.199923,261.671061,0.000000,0.000000,0.000000,0.877239,
241,1,-4.394531,6.533018,-0.173816,-1.187267,9.600000,1.199923,261.671061,0.000000,0.000000,0.000000,0.881218,
251,1,-4.464057,6.058112,-0.173816,-1.187267,10.000000,1.199923,261.671061,0.000000,0.000000,0.000000,0.861559,5.537999
261,1,-4.533584,5.583205,-0.173816,-1.187267,10.400000,1.199923,261.671061,0.000000,0.000000,0.000000,0.841974,5.138019
1,2,-2.284174,18.874030,-0.024958,-1.334243,0.000000,1.334476,268.928357,,,,0.551723,
11,2,-2.294157,18.340330,-0.024958,-1.334243,0.400000,1.334476,268.928357,0.000000,0.000000,0.000000,0.542687,
21,2,-2.304140,17.806640,-0.024958,-1.334243,0.800000,1.334476,268.928357,0.000000,0.000000,0.000000,0.533732,
31,2,-2.290035,17.299970,0.035264,-1.266655,1.200000,1.267146,271.594695,0.150554,0.168970,0.226313,0.524694,
41,2,-2.239796,16.833860,0.125596,-1.165272,1.600000,1.172021,276.151742,0.225831,0.253457,0.339471,0.526806,4.722747
51,2,-2.189558,16.367760,0.125596,-1.165272,2.000000,1.172021,276.151737,-0.000000,0.000000,0.000000,0.531661,4.104641
61,2,-2.189298,15.887610,0.000650,-1.200367,2.400000,1.200367,270.031008,-0.312366,-0.087737,0.324454,0.581378,
71,2,-2.305655,15.374710,-0.290892,-1.282254,2.800000,1.314836,257.218228,-0.728854,-0.204718,0.757058,0.609492,
81,2,-2.422012,14.861810,-0.290892,-1.282254,3.200000,1.314836,257.218228,0.000000,0.000000,0.000000,0.640687,
91,2,-2.557198,14.336270,-0.337965,-1.313846,3.600000,1.356618,255.574360,-0.117683,-0.078980,0.141729,0.656958,
101,2,-2.720628,13.791770,-0.408575,-1.361233,4.000000,1.421228,253.292844,-0.176524,-0.118467,0.212592,0.647601,2.040004
111,2,-2.884057,13.247280,-0.408575,-1.361233,4.400000,1.421228,253.292844,0.000000,0.000000,0.000000,0.638249,1.639975
121,2,-2.971628,12.710070,-0.218926,-1.343018,4.800000,1.360745,260.741612,0.474122,0.045537,0.476303,0.631047,1.860324
131,2,-3.026687,12.175990,-0.137648,-1.335211,5.200000,1.342287,264.114115,0.203195,0.019518,0.204130,0.625112,2.238942
141,2,-3.081747,11.641910,-0.137648,-1.335211,5.600000,1.342287,264.114115,0.000000,0.000000,0.000000,0.619599,1.838845
151,2,-3.114782,11.117390,-0.082589,-1.311287,6.000000,1.313885,266.396095,0.137648,0.059810,0.150081,0.616727,
161,2,-3.114782,10.607230,0.000000,-1.275400,6.400000,1.275400,270.000000,0.206472,0.089717,0.225122,0.641211,
171,2,-3.114782,10.097070,0.000000,-1.275400,6.800000,1.275400,270.000000,0.000000,0.000000,0.000000,0.670207,
181,2,-3.137031,9.576537,-0.055621,-1.301333,7.200000,1.302521,267.552574,-0.139053,-0.064832,0.153424,0.732144,4.247414
191,2,-3.211192,9.031799,-0.185404,-1.361845,7.600000,1.374408,262.247326,-0.324456,-0.151280,0.357991,0.763705,3.205135
201,2,-3.285353,8.487062,-0.185404,-1.361845,8.000000,1.374408,262.247326,0.000000,0.000000,0.000000,0.796498,2.805136
211,2,-3.347553,7.969035,-0.155500,-1.295066,8.400000,1.304368,263.153215,0.074759,0.166947,0.182922,0.838475,2.843423
221,2,-3.397792,7.477721,-0.125596,-1.228287,8.800000,1.234692,264.161628,0.074760,0.166948,0.182922,0.857701,2.971750
231,2,-3.448030,6.986406,-0.125596,-1.228287,9.200000,1.234692,264.161623,-0.000000,0.000000,0.000000,0.877239,2.571748
241,2,-3.513975,6.498862,-0.164863,-1.218859,9.600000,1.229958,262.296921,-0.098167,0.023570,0.100957,0.881218,
251,2,-3.603481,6.016976,-0.223763,-1.204716,10.000000,1.225321,259.477831,-0.147250,0.035358,0.151436,0.861559,5.537999
261,2,-3.692986,5.535089,-0.223763,-1.204716,10.400000,1.225321,259.477831,0.000000,0.000000,0.000000,0.841974,5.138019
1,3,-2.284174,17.400860,0.202785,-1.040808,0.000000,1.060379,281.025073,,,,0.780552,
11,3,-2.203059,16.984530,0.202785,-1.040808,0.400000,1.060379,281.025073,0.000000,0.000000,0.000000,0.764416,
21,3,-2.121945,16.568210,0.202785,-1.040808,0.800000,1.060379,281.025073,0.000000,0.000000,0.000000,0.750590,
31,3,-2.040831,16.151890,0.202785,-1.040808,1.200000,1.060379,281.025073,0.000000,0.000000,0.000000,0.739205,
41,3,-1.990000,15.733080,0.127079,-1.047012,1.600000,1.054696,276.920301,-0.189266,-0.015510,0.189901,0.716729,2.277156
51,3,-1.946739,15.313660,0.108152,-1.048563,2.000000,1.054126,275.888849,-0.047316,-0.003877,0.047475,0.673799,0.689386
61,3,-1.903478,14.894230,0.108152,-1.048563,2.400000,1.054126,275.888849,0.000000,0.000000,0.000000,0.630944,0.289376
71,3,-1.859136,14.473350,0.110856,-1.052210,2.800000,1.058034,276.014233,0.006759,-0.009118,0.011350,0.586727,
81,3,-1.810467,14.046630,0.121671,-1.066798,3.200000,1.073714,276.506623,0.027038,-0.036470,0.045399,0.536715,
91,3,-1.761799,13.619910,0.121671,-1.066798,3.600000,1.073714,276.506623,0.000000,0.000000,0.000000,0.545692,
101,3,-1.713130,13.193190,0.121671,-1.066798,4.000000,1.073714,276.506623,0.000000,0.000000,0.000000,0.561353,
111,3,-1.664462,12.766470,0.121671,-1.066798,4.400000,1.073714,276.506623,0.000000,0.000000,0.000000,0.577145,
121,3,-1.632953,12.343000,0.078771,-1.058679,4.800000,1.061605,274.255241,-0.107251,0.020297,0.109155,0.610267,
131,3,-1.627185,11.924400,0.014420,-1.046501,5.200000,1.046600,270.789459,-0.160876,0.030445,0.163732,0.662886,
141,3,-1.621417,11.505800,0.014420,-1.046501,5.600000,1.046600,270.789459,0.000000,0.000000,0.000000,0.691128,
151,3,-1.615649,11.087200,0.014420,-1.046501,6.000000,1.046600,270.789459,0.000000,0.000000,0.000000,0.720965,
161,3,-1.609881,10.668600,0.014420,-1.046501,6.400000,1.046600,270.789459,0.000000,0.000000,0.000000,0.752209,
171,3,-1.593730,10.276430,0.040377,-0.980412,6.800000,0.981243,272.358307,0.064891,0.165222,0.177508,0.779396,
181,3,-1.576426,9.887203,0.043261,-0.973069,7.200000,0.974030,272.545588,0.007210,0.018358,0.019723,0.809675,
191,3,-1.559121,9.497975,0.043261,-0.973069,7.600000,0.974030,272.545588,0.000000,0.000000,0.000000,0.846178,
201,3,-1.541817,9.108748,0.043261,-0.973069,8.000000,0.974030,272.545588,0.000000,0.000000,0.000000,0.883706,
211,3,-1.496039,8.717177,0.114445,-0.978928,8.400000,0.985595,276.668072,0.177959,-0.014647,0.178561,0.893562,
221,3,-1.407551,8.322090,0.221220,-0.987716,8.800000,1.012186,282.624287,0.266939,-0.021970,0.267842,0.862845,
231,3,-1.319063,7.927004,0.221220,-0.987716,9.200000,1.012186,282.624287,0.000000,0.000000,0.000000,0.841532,
241,3,-1.230575,7.531918,0.221220,-0.987716,9.600000,1.012186,282.624287,0.000000,0.000000,0.000000,0.830720,
251,3,-1.142087,7.136831,0.221220,-0.987716,10.000000,1.012186,282.624287,0.000000,0.000000,0.000000,0.830821,
261,3,-0.949267,6.792149,0.482050,-0.861705,10.400000,0.987374,299.223254,0.652073,0.315028,0.724184,0.726013,0.558386
271,3,-0.756447,6.447467,0.482050,-0.861705,10.800000,0.987374,299.223254,0.000000,0.000000,0.000000,0.741438,
281,3,-0.563627,6.102785,0.482050,-0.861705,11.200000,0.987374,299.223254,0.000000,0.000000,0.000000,0.773981,
291,3,-0.369880,5.788318,0.484367,-0.786169,11.600000,0.923403,301.637675,0.005794,0.188840,0.188929,0.798497,
301,3,-0.175206,5.504065,0.486685,-0.710633,12.000000,0.861313,304.405730,0.005794,0.188840,0.188929,0.807160,
1,4,-1.505478,17.347060,0.152685,-1.140492,0.000000,1.150667,277.625235,,,,0.780552,
11,4,-1.444404,16.890860,0.152685,-1.140492,0.400000,1.150667,277.625235,0.000000,0.000000,0.000000,0.764416,
21,4,-1.383330,16.434670,0.152685,-1.140492,0.800000,1.150667,277.625235,0.000000,0.000000,0.000000,0.750590,
31,4,-1.322256,15.978470,0.152685,-1.140492,1.200000,1.150667,277.625235,0.000000,0.000000,0.000000,0.739205,
41,4,-1.297826,15.547080,0.061074,-1.078470,1.600000,1.080198,273.241220,-0.229028,0.155055,0.276579,0.716729,2.277156
51,4,-1.297826,15.132230,0.000000,-1.037122,2.000000,1.037122,270.000000,-0.152685,0.103370,0.184386,0.673799,0.689386
61,4,-1.297826,14.717380,0.000000,-1.037122,2.400000,1.037122,270.000000,0.000000,0.000000,0.000000,0.630944,0.289376
71,4,-1.297826,14.302530,0.000000,-1.037122,2.800000,1.037122,270.000000,0.000000,0.000000,0.000000,0.586727,
81,4,-1.297826,13.887690,0.000000,-1.037122,3.200000,1.037122,270.000000,0.000000,0.000000,0.000000,0.536715,
91,4,-1.243152,13.450250,0.136686,-1.093581,3.600000,1.102090,277.124411,0.341715,-0.141147,0.369718,0.545692,
101,4,-1.182402,13.010310,0.151873,-1.099854,4.000000,1.110290,277.861963,0.037968,-0.015683,0.041080,0.561353,
111,4,-1.121653,12.570370,0.151873,-1.099854,4.400000,1.110290,277.861963,0.000000,0.000000,0.000000,0.577145,
121,4,-1.060904,12.130430,0.151873,-1.099854,4.800000,1.110290,277.861963,0.000000,0.000000,0.000000,0.610267,3.240398
131,4,-1.003652,11.699400,0.143129,-1.077560,5.200000,1.087024,277.566134,-0.021860,0.055735,0.059869,0.662886,2.882241
141,4,-0.960391,11.304050,0.108152,-0.988384,5.600000,0.994284,276.244645,-0.087442,0.222939,0.239474,0.691128,2.640403
151,4,-0.917130,10.908700,0.108152,-0.988384,6.000000,0.994284,276.244645,0.000000,0.000000,0.000000,0.720965,2.110866
161,4,-0.873869,10.513340,0.108152,-0.988384,6.400000,0.994284,276.244645,0.000000,0.000000,0.000000,0.752209,1.392164
171,4,-0.830609,10.117990,0.108152,-0.988384,6.800000,0.994284,276.244645,0.000000,0.000000,0.000000,0.779396,0.992166
181,4,-0.781291,9.734445,0.123294,-0.958860,7.200000,0.966754,277.327086,0.037853,0.073812,0.082952,0.809675,0.596153
191,4,-0.722889,9.368616,0.146005,-0.914573,7.600000,0.926154,279.070350,0.056780,0.110718,0.124428,0.846178,0.218519
201,4,-0.664487,9.002787,0.146005,-0.914573,8.000000,0.926154,279.070350,0.000000,0.000000,0.000000,0.421583,1.284005
211,4,-0.606085,8.636958,0.146005,-0.914573,8.400000,0.926154,279.070350,0.000000,0.000000,0.000000,0.893562,0.884004
221,4,-0.545087,8.296448,0.152495,-0.851275,8.800000,0.864826,280.156048,0.016223,0.158244,0.159073,0.862845,0.544722
231,4,-0.480196,7.993917,0.162228,-0.756329,9.200000,0.773532,282.106177,0.024334,0.237365,0.238609,0.841532,
241,4,-0.415304,7.691385,0.162228,-0.756329,9.600000,0.773532,282.106177,0.000000,0.000000,0.000000,0.830720,
251,4,-0.350413,7.388853,0.162228,-0.756329,10.000000,0.773532,282.106177,0.000000,0.000000,0.000000,0.830821,
261,4,-0.285522,7.086322,0.162228,-0.756329,10.400000,0.773532,282.106177,0.000000,0.000000,0.000000,0.726013,0.558386
271,4,-0.133581,6.849671,0.379852,-0.591628,10.800000,0.703072,302.702268,0.544058,0.411753,0.682305,0.741438,
281,4,0.018359,6.613019,0.379852,-0.591628,11.200000,0.703072,302.702268,0.000000,0.000000,0.000000,0.773981,
291,4,0.170300,6.376368,0.379852,-0.591628,11.600000,0.703072,302.702268,0.000000,0.000000,0.000000,0.798497,
301,4,0.322241,6.139717,0.379852,-0.591628,12.000000,0.703072,302.702268,0.000000,0.000000,0.000000,0.807160,
311,4,0.515422,5.854306,0.482954,-0.713526,12.400000,0.861606,304.092308,0.257756,-0.304746,0.399135,2.731195,
321,4,0.713186,5.563478,0.494410,-0.727071,12.800000,0.879246,304.215795,0.028640,-0.033861,0.044348,2.806800,
1,5,-2.310130,14.106780,-0.140305,-0.913481,0.000000,0.924193,261.267931,,,,1.225161,
11,5,-2.366252,13.741390,-0.140305,-0.913481,0.400000,0.924193,261.267931,0.000000,0.000000,0.000000,1.052768,
21,5,-2.422374,13.376000,-0.140305,-0.913481,0.800000,0.924193,261.267931,0.000000,0.000000,0.000000,1.168148,
31,5,-2.478497,13.010600,-0.140305,-0.913481,1.200000,0.924193,261.267931,0.000000,0.000000,0.000000,0.918446,
41,5,-2.559007,12.642220,-0.201276,-0.920962,1.600000,0.942700,257.671833,-0.152427,-0.018703,0.153571,1.324865,
51,5,-2.696424,12.266850,-0.343542,-0.938418,2.000000,0.999324,249.893001,-0.355664,-0.043640,0.358331,2.041053,
61,5,-2.833841,11.891490,-0.343542,-0.938418,2.400000,0.999324,249.893001,0.000000,0.000000,0.000000,2.860460,
71,5,-2.971258,11.516120,-0.343542,-0.938418,2.800000,0.999324,249.893001,0.000000,0.000000,0.000000,3.159434,
81,5,-3.055082,11.116860,-0.209561,-0.998139,3.200000,1.019900,258.142886,0.334953,-0.149303,0.366722,3.183177,
91,5,-3.132952,10.714950,-0.194674,-1.004775,3.600000,1.023460,259.034872,0.037217,-0.016590,0.040747,3.212297,
101,5,-3.210821,10.313040,-0.194674,-1.004775,4.000000,1.023460,259.034872,0.000000,0.000000,0.000000,3.246281,
111,5,-3.288691,9.911134,-0.194674,-1.004775,4.400000,1.023460,259.034872,0.000000,0.000000,0.000000,3.284975,
121,5,-3.366560,9.509224,-0.194674,-1.004775,4.800000,1.023460,259.034872,0.000000,0.000000,0.000000,3.225118,7.625501
131,5,-3.426790,9.124612,-0.150574,-0.961530,5.200000,0.973249,261.099845,0.110249,0.108112,0.154412,3.077497,6.140825
141,5,-3.485060,8.741922,-0.145674,-0.956725,5.600000,0.967752,261.342444,0.012250,0.012012,0.017157,2.927899,5.683847
151,5,-3.543329,8.359232,-0.145674,-0.956725,6.000000,0.967752,261.342444,0.000000,0.000000,0.000000,2.791252,4.984117
161,5,-3.601599,7.976541,-0.145674,-0.956725,6.400000,0.967752,261.342444,0.000000,0.000000,0.000000,2.624809,4.533143
171,5,-3.659869,7.593851,-0.145674,-0.956725,6.800000,0.967752,261.342444,0.000000,0.000000,0.000000,2.441639,4.133138
181,5,-3.659869,7.243399,0.000000,-0.876131,7.200000,0.876131,270.000000,0.364186,0.201486,0.416206,2.267801,4.247414
191,5,-3.659869,6.892946,0.000000,-0.876131,7.600000,0.876131,270.000000,0.000000,0.000000,0.000000,2.116213,3.205135
201,5,-3.659869,6.542494,0.000000,-0.876131,8.000000,0.876131,270.000000,0.000000,0.000000,0.000000,1.972828,2.805136
211,5,-3.659869,6.192042,0.000000,-0.876131,8.400000,0.876131,270.000000,0.000000,0.000000,0.000000,1.804230,2.843423
221,5,-3.659869,5.841589,-0.000000,-0.876131,8.800000,0.876131,270.000000,-0.000000,0.000000,0.000000,1.656989,2.971750
231,5,-3.659869,5.491137,0.000000,-0.876131,9.200000,0.876131,270.000000,0.000000,0.000000,0.000000,1.510200,2.571748
1,6,-3.348391,13.456370,-0.121671,1.247334,0.000000,1.253254,95.571291,,,,1.225161,
11,6,-3.397059,13.955300,-0.121671,1.247334,0.400000,1.253254,95.571291,0.000000,0.000000,0.000000,1.052768,
21,6,-3.445728,14.454230,-0.121671,1.247334,0.800000,1.253254,95.571291,0.000000,0.000000,0.000000,1.486551,
31,6,-3.494396,14.953170,-0.121671,1.247334,1.200000,1.253254,95.571291,0.000000,0.000000,0.000000,1.884086,1.701133
41,6,-3.495478,15.371060,-0.002704,1.044738,1.600000,1.044741,90.148282,0.297418,-0.506490,0.587358,1.548394,1.514475
51,6,-3.484662,15.768700,0.027038,0.994089,2.000000,0.994457,88.442008,0.074355,-0.126621,0.146839,0.977262,1.148604
61,6,-3.414724,16.135130,0.174846,0.916077,2.400000,0.932614,79.194268,0.369520,-0.195032,0.417830,0.688024,0.850998
71,6,-3.256101,16.454750,0.396558,0.799058,2.800000,0.892049,63.605637,0.554280,-0.292547,0.626745,1.084525,
81,6,-2.984999,16.822450,0.677754,0.919246,3.200000,1.142088,53.598929,0.702989,0.300471,0.764511,0.888776,
91,6,-2.638913,17.222200,0.865217,0.999372,3.600000,1.321872,49.115267,0.468659,0.200314,0.509674,0.826125,
101,6,-2.292826,17.621950,0.865217,0.999372,4.000000,1.321872,49.115267,0.000000,0.000000,0.000000,1.547968,
111,6,-1.914293,17.968900,0.946331,0.867393,4.400000,1.283711,42.507902,0.202785,-0.329947,0.387282,2.277864,
121,6,-1.532156,18.310000,0.955344,0.852729,4.800000,1.280558,41.751722,0.022532,-0.036661,0.043031,2.612174,
131,6,-1.150018,18.651090,0.955344,0.852729,5.200000,1.280558,41.751722,0.000000,0.000000,0.000000,2.967213,
141,6,-0.722456,18.929100,1.068904,0.695039,5.600000,1.275004,33.033325,0.283900,-0.394225,0.485811,3.302033,
151,6,-0.188906,19.059940,1.333877,0.327095,6.000000,1.373397,13.778255,0.662432,-0.919859,1.133560,3.664444,
161,6,0.318208,19.187660,1.267784,0.319291,6.400000,1.307373,14.135937,-0.165232,-0.019510,0.166380,4.048011,
171,6,0.798884,19.312250,1.201691,0.311487,6.800000,1.241405,14.531649,-0.165233,-0.019510,0.166380,7.668424,
181,6,1.279560,19.436850,1.201691,0.311487,7.200000,1.241405,14.531649,0.000000,0.000000,0.000000,8.237810,
191,6,1.740490,19.467790,1.152324,0.077363,7.600000,1.154918,3.840876,-0.123418,-0.585309,0.598179,8.539071,
201,6,2.196483,19.475330,1.139982,0.018832,8.000000,1.140138,0.946420,-0.030855,-0.146327,0.149545,8.829950,
211,6,2.652475,19.482860,1.139982,0.018832,8.400000,1.140138,0.946420,0.000000,0.000000,0.000000,9.095897,
221,6,3.105343,19.489950,1.132170,0.017737,8.800000,1.132309,0.897556,-0.019530,-0.002737,0.019721,9.376491,
231,6,3.530086,19.493110,1.061858,0.007883,9.200000,1.061887,0.425369,-0.175780,-0.024634,0.177498,9.660465,
241,6,3.954829,19.496260,1.061858,0.007883,9.600000,1.061887,0.425369,0.000000,0.000000,0.000000,9.631708,
251,6,4.379572,19.499410,1.061858,0.007883,10.000000,1.061887,0.425369,0.000000,-0.000000,0.000000,9.469803,
261,6,4.804315,19.502570,1.061858,0.007883,10.400000,1.061887,0.425369,0.000000,0.000000,0.000000,9.342708,
1,7,-2.933086,11.610760,-0.415304,1.195676,0.000000,1.265748,109.154082,,,,1.891760,
11,7,-3.099208,12.089030,-0.415304,1.195676,0.400000,1.265748,109.154082,0.000000,0.000000,0.000000,1.807628,
21,7,-3.265330,12.567300,-0.415304,1.195676,0.800000,1.265748,109.154082,0.000000,0.000000,0.000000,1.168148,
31,7,-3.395257,13.066230,-0.324817,1.247337,1.200000,1.288936,104.596131,0.226218,0.129152,0.260490,0.918446,2.376928
41,7,-3.488989,13.585830,-0.234330,1.298998,1.600000,1.319964,100.225764,0.226218,0.129153,0.260490,1.324865,1.943225
51,7,-3.582720,14.105430,-0.234330,1.298998,2.000000,1.319964,100.225764,0.000000,0.000000,0.000000,1.666158,1.596304
61,7,-3.676452,14.625030,-0.234330,1.298998,2.400000,1.319964,100.225764,0.000000,0.000000,0.000000,1.532613,1.330855
71,7,-3.802630,15.140010,-0.315444,1.287450,2.800000,1.325531,103.767079,-0.202785,-0.028870,0.204830,0.934456,0.992825
81,7,-3.932412,15.654480,-0.324456,1.286167,3.200000,1.326461,104.158386,-0.022532,-0.003207,0.022759,1.119556,
91,7,-4.001457,16.218300,-0.172611,1.409563,3.600000,1.420092,96.981508,0.379614,0.308490,0.489155,1.024164,
101,7,-4.063752,16.787610,-0.155739,1.423273,4.000000,1.431768,96.244644,0.042179,0.034275,0.054349,0.593870,
111,7,-4.101130,17.331400,-0.093443,1.359465,4.400000,1.362673,93.932067,0.155739,-0.159520,0.222938,1.224055,
121,7,-4.101130,17.836900,0.000000,1.263753,4.800000,1.263753,90.000000,0.233609,-0.239280,0.334407,2.090517,
131,7,-4.101130,18.342400,0.000000,1.263753,5.200000,1.263753,90.000000,-0.000000,0.000000,0.000000,2.967213,
141,7,-4.024097,18.878180,0.192581,1.339435,5.600000,1.353209,81.818227,0.481452,0.189205,0.517295,3.302033,
151,7,-3.831517,19.459360,0.481451,1.452959,6.000000,1.530649,71.666904,0.722177,0.283810,0.775943,3.664444,
161,7,-3.638936,20.040540,0.481451,1.452959,6.400000,1.530649,71.666904,0.000000,0.000000,0.000000,4.048011,
1,8,0.882521,9.735334,-0.207652,0.554509,0.000000,0.592115,110.529864,,,,4.251598,
11,8,0.799461,9.957138,-0.207652,0.554509,0.400000,0.592115,110.529864,0.000000,0.000000,0.000000,4.443487,
21,8,0.716400,10.178940,-0.207652,0.554509,0.800000,0.592115,110.529864,0.000000,0.000000,0.000000,4.480301,
31,8,0.687230,10.365160,-0.072925,0.465543,1.200000,0.471220,98.902814,0.336817,-0.222417,0.403627,4.125552,
41,8,0.711950,10.515790,0.061801,0.376576,1.600000,0.381613,80.680058,0.336817,-0.222417,0.403627,3.901393,
51,8,0.736671,10.666420,0.061801,0.376576,2.000000,0.381613,80.680058,0.000000,0.000000,0.000000,3.787811,
61,8,0.761391,10.817050,0.061801,0.376576,2.400000,0.381613,80.680058,0.000000,0.000000,0.000000,3.752348,
71,8,0.783022,10.973220,0.054076,0.390435,2.800000,0.394162,82.114571,-0.019313,0.034647,0.039666,3.793330,
81,8,0.797442,11.142330,0.036051,0.422772,3.200000,0.424306,85.126053,-0.045063,0.080844,0.092555,3.453570,
91,8,0.811862,11.311440,0.036051,0.422772,3.600000,0.424306,85.126053,0.000000,0.000000,0.000000,2.966073,
101,8,0.826282,11.480550,0.036051,0.422772,4.000000,0.424306,85.126053,0.000000,0.000000,0.000000,2.524872,
111,8,0.863054,11.586810,0.091929,0.265657,4.400000,0.281113,70.912054,0.139697,-0.392788,0.416891,2.215051,
121,8,0.909405,11.666140,0.115877,0.198322,4.800000,0.229693,59.702689,0.059870,-0.168338,0.178668,2.024273,
131,8,0.955756,11.745470,0.115877,0.198322,5.200000,0.229693,59.702689,0.000000,0.000000,0.000000,1.959950,
141,8,1.010450,11.741590,0.136735,-0.009704,5.600000,0.137079,355.940492,0.052145,-0.520064,0.522672,2.018825,
151,8,1.066071,11.728460,0.139053,-0.032818,6.000000,0.142873,346.720500,0.005794,-0.057785,0.058075,2.145948,
161,8,1.114134,11.692120,0.120156,-0.090852,6.400000,0.150637,322.906578,-0.047242,-0.145083,0.152581,2.311207,
171,8,1.094167,11.446860,-0.049916,-0.613152,6.800000,0.615180,265.345842,-0.425181,-1.305750,1.373231,2.338943,
181,8,1.074200,11.201600,-0.049916,-0.613152,7.200000,0.615180,265.345842,0.000000,0.000000,0.000000,2.365458,
191,8,1.054234,10.956340,-0.049916,-0.613152,7.600000,0.615180,265.345842,0.000000,0.000000,0.000000,2.383072,
201,8,1.045471,10.720720,-0.021908,-0.589055,8.000000,0.589463,267.870077,0.070022,0.060240,0.092369,2.130888,
211,8,1.081522,10.523650,0.090127,-0.492671,8.400000,0.500847,280.366783,0.280086,0.240962,0.369474,1.713588,
221,8,1.117572,10.326580,0.090127,-0.492671,8.800000,0.500847,280.366783,0.000000,0.000000,0.000000,1.522311,
231,8,1.153623,10.129510,0.090127,-0.492671,9.200000,0.500847,280.366783,0.000000,0.000000,0.000000,1.653446,
241,8,1.151115,9.925635,-0.006270,-0.509690,9.600000,0.509729,269.295241,-0.240991,-0.042549,0.244719,1.946940,
251,8,1.122901,9.717220,-0.070534,-0.521037,10.000000,0.525789,262.290596,-0.160661,-0.028366,0.163146,1.320457,
261,8,1.094688,9.508806,-0.070534,-0.521037,10.400000,0.525789,262.290596,0.000000,0.000000,0.000000,1.196775,
271,8,1.066474,9.300391,-0.070534,-0.521037,10.800000,0.525789,262.290596,0.000000,0.000000,0.000000,1.689995,
281,8,1.038261,9.091976,-0.070534,-0.521037,11.200000,0.525789,262.290596,0.000000,0.000000,0.000000,2.472582,
291,8,1.031772,8.907556,-0.016223,-0.461052,11.600000,0.461337,267.984790,0.135778,0.149963,0.202298,2.673770,
301,8,1.025282,8.723135,-0.016223,-0.461052,12.000000,0.461337,267.984790,0.000000,0.000000,0.000000,2.677371,
311,8,1.018793,8.538714,-0.016223,-0.461052,12.400000,0.461337,267.984790,0.000000,0.000000,0.000000,2.731195,
321,8,1.012304,8.354294,-0.016223,-0.461052,12.800000,0.461337,267.984790,0.000000,0.000000,0.000000,2.806800,
331,8,0.957078,8.315088,-0.138067,-0.098015,13.200000,0.169320,215.371409,-0.304609,0.907591,0.957344,4.899240,
341,8,0.901851,8.275881,-0.138067,-0.098015,13.600000,0.169320,215.371409,0.000000,0.000000,0.000000,4.832586,
351,8,0.846624,8.236675,-0.138067,-0.098015,14.000000,0.169320,215.371409,0.000000,0.000000,0.000000,4.765933,
361,8,0.791398,8.197469,-0.138067,-0.098015,14.400000,0.169320,215.371409,0.000000,0.000000,0.000000,4.699280,
371,8,0.748289,8.141983,-0.107771,-0.138715,14.800000,0.175660,232.155643,0.075739,-0.101751,0.126845,4.637716,
381,8,0.733457,8.048510,-0.037081,-0.233683,15.200000,0.236606,260.983488,0.176725,-0.237418,0.295972,4.588610,
391,8,0.718625,7.955037,-0.037081,-0.233683,15.600000,0.236606,260.983488,0.000000,0.000000,0.000000,4.540424,
401,8,0.703792,7.861564,-0.037081,-0.233683,16.000000,0.236606,260.983488,0.000000,0.000000,0.000000,4.493186,
411,8,0.650703,7.739156,-0.132723,-0.306020,16.400000,0.333562,246.553222,-0.239107,-0.180844,0.299794,4.401438,7.061971
421,8,0.588049,7.609514,-0.156634,-0.324105,16.800000,0.359970,244.206318,-0.059777,-0.045211,0.074949,4.299946,6.801611
431,8,0.525396,7.479872,-0.156634,-0.324105,17.200000,0.359970,244.206318,0.000000,0.000000,0.000000,4.200271,6.685637
441,8,0.526209,7.402214,0.002034,-0.194146,17.600000,0.194157,270.600308,0.396671,0.324896,0.512743,4.177374,
451,8,0.534075,7.330331,0.019664,-0.179706,18.000000,0.180779,276.244644,0.044075,0.036100,0.056972,4.163575,
461,8,0.541941,7.258449,0.019664,-0.179706,18.400000,0.180779,276.244644,0.000000,0.000000,0.000000,4.150501,
471,8,0.529114,7.162362,-0.032067,-0.240216,18.800000,0.242347,262.396302,-0.129329,-0.151275,0.199023,4.112569,
481,8,0.502491,7.050140,-0.066555,-0.280556,19.200000,0.288343,256.654668,-0.086219,-0.100850,0.132682,4.059205,5.470761
491,8,0.475869,6.937917,-0.066555,-0.280556,19.600000,0.288343,256.654668,0.000000,0.000000,0.000000,1.431044,1.634628
501,8,0.449247,6.825694,-0.066555,-0.280556,20.000000,0.288343,256.654668,0.000000,0.000000,0.000000,1.218563,1.234626
511,8,0.541507,6.785799,0.230648,-0.099737,20.400000,0.251289,336.615264,0.743008,0.452048,0.869717,1.077270,
521,8,0.684715,6.776902,0.358021,-0.022243,20.800000,0.358711,356.444837,0.318432,0.193735,0.372736,1.023260,
531,8,0.827923,6.768005,0.358021,-0.022243,21.200000,0.358711,356.444837,0.000000,0.000000,0.000000,1.028822,
541,8,0.863779,6.766960,0.089638,-0.002612,21.600000,0.089677,358.330606,-0.670956,0.049078,0.672749,0.981525,
551,8,0.872796,6.767878,0.022543,0.002295,22.000000,0.022659,5.813704,-0.167739,0.012269,0.168187,0.924776,
561,8,0.881813,6.768796,0.022543,0.002295,22.400000,0.022659,5.813704,0.000000,0.000000,0.000000,0.870742,
571,8,0.890830,6.769714,0.022543,0.002295,22.800000,0.022659,5.813704,0.000000,0.000000,0.000000,0.824466,
581,8,0.899847,6.770632,0.022543,0.002295,23.200000,0.022659,5.813704,0.000000,0.000000,0.000000,0.789324,
591,8,0.908864,6.771550,0.022543,0.002295,23.600000,0.022659,5.813704,0.000000,0.000000,0.000000,0.766845,
601,8,0.917882,6.772468,0.022543,0.002295,24.000000,0.022659,5.813704,0.000000,0.000000,0.000000,0.744920,
611,8,0.926899,6.773386,0.022543,0.002295,24.400000,0.022659,5.813704,0.000000,0.000000,0.000000,0.694175,
621,8,0.935916,6.774305,0.022543,0.002295,24.800000,0.022659,5.813704,0.000000,0.000000,0.000000,0.678647,
631,8,0.944933,6.775223,0.022543,0.002295,25.200000,0.022659,5.813704,0.000000,0.000000,0.000000,0.700684,
641,8,0.953950,6.776141,0.022543,0.002295,25.600000,0.022659,5.813704,0.000000,0.000000,0.000000,0.757011,
651,8,0.962967,6.777059,0.022543,0.002295,26.000000,0.022659,5.813704,0.000000,0.000000,0.000000,0.800115,
661,8,0.971985,6.777977,0.022543,0.002295,26.400000,0.022659,5.813704,0.000000,0.000000,0.000000,0.555247,
671,8,0.981002,6.778895,0.022543,0.002295,26.800000,0.022659,5.813704,0.000000,0.000000,0.000000,0.471728,
681,8,0.990019,6.779813,0.022543,0.002295,27.200000,0.022659,5.813704,0.000000,0.000000,0.000000,0.589038,
691,8,0.999036,6.780731,0.022543,0.002295,27.600000,0.022659,5.813704,0.000000,0.000000,0.000000,0.803172,
701,8,1.008053,6.781649,0.022543,0.002295,28.000000,0.022659,5.813704,0.000000,0.000000,0.000000,1.143650,
711,8,1.017070,6.782567,0.022543,0.002295,28.400000,0.022659,5.813704,0.000000,0.000000,0.000000,1.420168,
721,8,1.026087,6.783486,0.022543,0.002295,28.800000,0.022659,5.813704,0.000000,0.000000,0.000000,1.708756,
731,8,1.035105,6.784404,0.022543,0.002295,29.200000,0.022659,5.813704,0.000000,0.000000,0.000000,2.005657,
741,8,1.044122,6.785322,0.022543,0.002295,29.600000,0.022659,5.813704,0.000000,0.000000,0.000000,2.189285,
751,8,1.053139,6.786240,0.022543,0.002295,30.000000,0.022659,5.813704,0.000000,0.000000,0.000000,2.429868,
761,8,1.062156,6.787158,0.022543,0.002295,30.400000,0.022659,5.813704,0.000000,0.000000,0.000000,2.488898,
771,8,1.071173,6.788076,0.022543,0.002295,30.800000,0.022659,5.813704,0.000000,0.000000,0.000000,2.302092,
781,8,1.080190,6.788994,0.022543,0.002295,31.200000,0.022659,5.813704,0.000000,0.000000,0.000000,3.523161,
791,8,1.089208,6.789912,0.022543,0.002295,31.600000,0.022659,5.813704,0.000000,0.000000,0.000000,3.858189,
801,8,1.098225,6.790830,0.022543,0.002295,32.000000,0.022659,5.813704,0.000000,0.000000,0.000000,4.180282,
811,8,1.107242,6.791749,0.022543,0.002295,32.400000,0.022659,5.813704,0.000000,0.000000,0.000000,4.445140,
821,8,1.116259,6.792667,0.022543,0.002295,32.800000,0.022659,5.813704,0.000000,0.000000,0.000000,4.711538,
831,8,1.125276,6.793585,0.022543,0.002295,33.200000,0.022659,5.813704,0.000000,0.000000,0.000000,4.974416,
841,8,1.134293,6.794503,0.022543,0.002295,33.600000,0.022659,5.813704,0.000000,0.000000,0.000000,5.226445,
851,8,1.143310,6.795421,0.022543,0.002295,34.000000,0.022659,5.813704,0.000000,0.000000,0.000000,1.656243,1.928884
861,8,1.152328,6.796339,0.022543,0.002295,34.400000,0.022659,5.813704,0.000000,0.000000,0.000000,1.398720,1.528882
871,8,1.161345,6.797257,0.022543,0.002295,34.800000,0.022659,5.813704,0.000000,0.000000,0.000000,1.150114,1.128885
881,8,1.170362,6.798175,0.022543,0.002295,35.200000,0.022659,5.813704,0.000000,0.000000,0.000000,0.917697,0.728883
891,8,1.179379,6.799093,0.022543,0.002295,35.600000,0.022659,5.813704,0.000000,0.000000,0.000000,0.717382,0.328881
901,8,1.188396,6.800012,0.022543,0.002295,36.000000,0.022659,5.813704,0.000000,0.000000,0.000000,0.501162,
911,8,1.197413,6.800930,0.022543,0.002295,36.400000,0.022659,5.813704,0.000000,0.000000,0.000000,0.537036,
921,8,1.206431,6.801848,0.022543,0.002295,36.800000,0.022659,5.813704,0.000000,0.000000,0.000000,0.858756,
931,8,1.215448,6.802766,0.022543,0.002295,37.200000,0.022659,5.813704,0.000000,0.000000,0.000000,1.055283,
941,8,1.187511,6.788315,-0.069843,-0.036126,37.600000,0.078633,207.350164,-0.230964,-0.096053,0.250141,1.302650,
951,8,1.122619,6.758497,-0.162228,-0.074547,38.000000,0.178536,204.679756,-0.230964,-0.096053,0.250141,1.594574,
961,8,1.057728,6.728678,-0.162228,-0.074547,38.400000,0.178536,204.679756,0.000000,0.000000,0.000000,1.892494,
971,8,0.996730,6.694149,-0.152495,-0.086323,38.800000,0.175232,209.512915,0.024334,-0.029439,0.038194,2.237863,
981,8,0.944817,6.648629,-0.129783,-0.113799,39.200000,0.172608,221.245586,0.056780,-0.068690,0.089119,2.621525,
991,8,0.892904,6.603110,-0.129783,-0.113799,39.600000,0.172608,221.245586,0.000000,0.000000,0.000000,3.101309,
1001,8,0.836073,6.558409,-0.142078,-0.111752,40.000000,0.180761,218.186971,-0.030738,0.005117,0.031161,3.624041,
1011,8,0.767766,6.515618,-0.170767,-0.106976,40.400000,0.201507,212.065005,-0.071722,0.011939,0.072709,4.149607,
1021,8,0.699460,6.472828,-0.170767,-0.106976,40.800000,0.201507,212.065005,0.000000,0.000000,0.000000,4.661347,
1031,8,0.631153,6.430037,-0.170767,-0.106976,41.200000,0.201507,212.065005,0.000000,0.000000,0.000000,5.162075,
1041,8,0.587785,6.419149,-0.108422,-0.027220,41.600000,0.111786,194.093128,0.155863,0.199392,0.253081,5.635077,
1051,8,0.569354,6.440164,-0.046077,0.052537,42.000000,0.069880,131.251909,0.155862,0.199392,0.253081,6.083584,
1061,8,0.550923,6.461179,-0.046077,0.052537,42.400000,0.069880,131.251909,0.000000,0.000000,0.000000,6.547660,
1071,8,0.532493,6.482194,-0.046077,0.052537,42.800000,0.069880,131.251909,0.000000,0.000000,0.000000,6.142724,
1081,8,0.514062,6.503208,-0.046077,0.052537,43.200000,0.069880,131.251909,0.000000,0.000000,0.000000,5.582098,
1091,8,0.495631,6.524223,-0.046077,0.052537,43.600000,0.069880,131.251909,0.000000,0.000000,0.000000,5.009410,
1101,8,0.477201,6.545238,-0.046077,0.052537,44.000000,0.069880,131.251909,0.000000,0.000000,0.000000,4.442966,
1111,8,0.458770,6.566252,-0.046077,0.052537,44.400000,0.069880,131.251909,0.000000,0.000000,0.000000,3.902593,
1121,8,0.440339,6.587267,-0.046077,0.052537,44.800000,0.069880,131.251909,0.000000,0.000000,0.000000,3.397437,
1131,8,0.421909,6.608282,-0.046077,0.052537,45.200000,0.069880,131.251909,0.000000,0.000000,0.000000,2.913555,
1141,8,0.403478,6.629297,-0.046077,0.052537,45.600000,0.069880,131.251909,0.000000,0.000000,0.000000,2.502487,
1151,8,0.385047,6.650311,-0.046077,0.052537,46.000000,0.069880,131.251909,0.000000,0.000000,0.000000,2.205329,
1161,8,0.366617,6.671326,-0.046077,0.052537,46.400000,0.069880,131.251909,0.000000,0.000000,0.000000,1.999001,
1171,8,0.348186,6.692341,-0.046077,0.052537,46.800000,0.069880,131.251909,0.000000,0.000000,0.000000,1.946529,
1181,8,0.329755,6.713356,-0.046077,0.052537,47.200000,0.069880,131.251909,0.000000,0.000000,0.000000,2.059707,
1191,8,0.311325,6.734370,-0.046077,0.052537,47.600000,0.069880,131.251909,0.000000,0.000000,0.000000,3.360218,
1201,8,0.292894,6.755385,-0.046077,0.052537,48.000000,0.069880,131.251909,0.000000,0.000000,0.000000,3.252174,
1211,8,0.325898,6.895481,0.082511,0.350239,48.400000,0.359828,76.743662,0.321470,0.744257,0.810716,3.291237,
1221,8,0.393193,7.114964,0.168237,0.548708,48.800000,0.573920,72.954191,0.214313,0.496171,0.540478,3.432909,
1231,8,0.460488,7.334447,0.168237,0.548708,49.200000,0.573920,72.954191,0.000000,0.000000,0.000000,3.578242,
1241,8,0.480566,7.590934,0.050196,0.641216,49.600000,0.643178,85.523842,-0.295101,0.231270,0.374927,3.659910,
1251,8,0.495399,7.851532,0.037081,0.651495,50.000000,0.652549,86.742444,-0.032789,0.025697,0.041658,3.769719,
1261,8,0.510231,8.112129,0.037081,0.651495,50.400000,0.652549,86.742444,0.000000,0.000000,0.000000,3.975231,
1271,8,0.530996,8.365550,0.051913,0.633551,50.800000,0.635675,85.315663,0.037081,-0.044859,0.058200,3.901736,
1281,8,0.560661,8.608204,0.074161,0.606636,51.200000,0.611152,83.030154,0.055621,-0.067288,0.087301,3.477654,
1291,8,0.590325,8.850859,0.074161,0.606636,51.600000,0.611152,83.030154,0.000000,0.000000,0.000000,3.155557,
1301,8,0.619990,9.093513,0.074161,0.606636,52.000000,0.611152,83.030154,0.000000,0.000000,0.000000,2.955286,
1311,8,0.632690,9.256300,0.031750,0.406966,52.400000,0.408202,85.538973,-0.106028,-0.499176,0.510312,2.910448,
1321,8,0.643505,9.410212,0.027038,0.384780,52.800000,0.385729,85.980502,-0.011781,-0.055464,0.056701,3.011652,
1331,8,0.654320,9.564124,0.027038,0.384780,53.200000,0.385729,85.980502,0.000000,0.000000,0.000000,3.245026,
1341,8,0.665136,9.718036,0.027038,0.384780,53.600000,0.385729,85.980502,0.000000,0.000000,0.000000,3.587108,
1351,8,0.679288,9.865962,0.035380,0.369816,54.000000,0.371504,84.535251,0.020854,-0.037412,0.042831,3.995048,
1361,8,0.723469,9.960015,0.110453,0.235133,54.400000,0.259783,64.838275,0.187684,-0.336707,0.385483,4.433063,
1371,8,0.767650,10.054070,0.110453,0.235133,54.800000,0.259783,64.838275,0.000000,0.000000,0.000000,4.920824,
1381,8,0.811832,10.148120,0.110453,0.235133,55.200000,0.259783,64.838275,0.000000,0.000000,0.000000,5.489774,
1391,8,0.856013,10.242170,0.110453,0.235133,55.600000,0.259783,64.838275,0.000000,0.000000,0.000000,5.309304,
1401,8,0.873360,10.275280,0.043369,0.082766,56.000000,0.093441,62.345708,-0.167710,-0.380916,0.416202,4.681313,
1411,8,0.850458,10.216970,-0.057257,-0.145783,56.400000,0.156624,248.557354,-0.251565,-0.571374,0.624302,4.131012,
1421,8,0.827555,10.158650,-0.057257,-0.145783,56.800000,0.156624,248.557354,0.000000,0.000000,0.000000,3.583790,
1431,8,0.804652,10.100340,-0.057257,-0.145783,57.200000,0.156624,248.557354,0.000000,0.000000,0.000000,2.985440,
1441,8,0.769257,9.936365,-0.088488,-0.409940,57.600000,0.419382,257.819248,-0.078078,-0.660393,0.664993,2.488026,
1451,8,0.733862,9.772389,-0.088488,-0.409940,58.000000,0.419382,257.819248,0.000000,0.000000,0.000000,2.004016,
1461,8,0.698466,9.608413,-0.088488,-0.409940,58.400000,0.419382,257.819248,0.000000,0.000000,0.000000,1.570790,
1471,8,0.663071,9.444436,-0.088488,-0.409940,58.800000,0.419382,257.819248,0.000000,0.000000,0.000000,1.177031,
1481,8,0.632940,9.281516,-0.075328,-0.407302,59.200000,0.414209,259.521845,0.032899,0.006596,0.033554,0.864631,
1491,8,0.606318,9.119298,-0.066555,-0.405543,59.600000,0.410968,260.680056,0.021933,0.004398,0.022369,0.686102,
1501,8,0.579696,8.957081,-0.066555,-0.405543,60.000000,0.410968,260.680056,0.000000,0.000000,0.000000,0.755998,
1511,8,0.553073,8.794864,-0.066555,-0.405543,60.400000,0.410968,260.680056,0.000000,0.000000,0.000000,1.049954,
1521,8,0.552987,8.631146,-0.000217,-0.409295,60.800000,0.409295,269.969619,0.165845,-0.009379,0.166110,1.378196,
1531,8,0.564272,8.466785,0.028214,-0.410903,61.200000,0.411870,273.927908,0.071077,-0.004020,0.071190,1.678711,
1541,8,0.575558,8.302424,0.028214,-0.410903,61.600000,0.411870,273.927908,0.000000,0.000000,0.000000,1.938400,
1551,8,0.586843,8.138063,0.028214,-0.410903,62.000000,0.411870,273.927908,0.000000,0.000000,0.000000,2.156479,
1561,8,0.598128,7.979825,0.028214,-0.395596,62.400000,0.396601,274.079382,0.000000,0.038266,0.038266,2.414759,
1571,8,0.609414,7.876689,0.028214,-0.257839,62.800000,0.259378,276.244643,0.000000,0.344392,0.344392,2.187795,
1581,8,0.620699,7.773553,0.028214,-0.257839,63.200000,0.259378,276.244643,0.000000,0.000000,0.000000,1.858440,
1591,8,0.622956,7.676836,0.005643,-0.241791,63.600000,0.241857,271.336878,-0.056427,0.040120,0.069236,1.669804,
1601,8,0.622956,7.581725,0.000000,-0.237779,64.000000,0.237779,270.000000,-0.014107,0.010030,0.017309,1.669952,
1611,8,0.622956,7.486613,0.000000,-0.237779,64.400000,0.237779,270.000000,0.000000,0.000000,0.000000,1.884956,
1621,8,0.622956,7.391501,0.000000,-0.237779,64.800000,0.237779,270.000000,0.000000,0.000000,0.000000,2.254154,
1631,8,0.590655,7.294205,-0.080754,-0.243242,65.200000,0.256296,251.634414,-0.201884,-0.013657,0.202345,2.702920,
1641,8,0.544510,7.195971,-0.115362,-0.245583,65.600000,0.271329,244.838287,-0.086522,-0.005853,0.086719,3.217076,
1651,8,0.498365,7.097738,-0.115362,-0.245583,66.000000,0.271329,244.838287,0.000000,0.000000,0.000000,3.767860,
1661,8,0.452220,6.999505,-0.115362,-0.245583,66.400000,0.271329,244.838287,0.000000,0.000000,0.000000,4.341351,
1671,8,0.413938,6.925421,-0.095705,-0.185208,66.800000,0.208475,242.672650,0.049143,0.150937,0.158736,2.596198,
1681,8,0.407107,6.947938,-0.017077,0.056291,67.200000,0.058824,106.875977,0.196571,0.603748,0.634942,2.382109,
1691,8,0.400277,6.970454,-0.017077,0.056291,67.600000,0.058824,106.875977,0.000000,0.000000,0.000000,2.246330,
1701,8,0.393446,6.992970,-0.017077,0.056291,68.000000,0.058824,106.875977,0.000000,0.000000,0.000000,2.176720,
1711,8,0.386616,7.015487,-0.017077,0.056291,68.400000,0.058824,106.875977,0.000000,0.000000,0.000000,2.213294,
1721,8,0.379785,7.038003,-0.017077,0.056291,68.800000,0.058824,106.875977,0.000000,0.000000,0.000000,2.321521,
1731,8,0.372954,7.060519,-0.017077,0.056291,69.200000,0.058824,106.875977,0.000000,0.000000,0.000000,2.405471,
1741,8,0.366123,7.083036,-0.017077,0.056291,69.600000,0.058824,106.875977,0.000000,0.000000,0.000000,2.575984,
1751,8,0.360337,7.153083,-0.014465,0.175119,70.000000,0.175715,94.721950,0.006529,0.297070,0.297142,2.834176,
1761,8,0.355248,7.254818,-0.012724,0.254337,70.400000,0.254656,92.863957,0.004353,0.198047,0.198095,3.104262,
1771,8,0.350158,7.356553,-0.012724,0.254337,70.800000,0.254656,92.863957,0.000000,0.000000,0.000000,3.143843,
1781,8,0.345069,7.458288,-0.012724,0.254337,71.200000,0.254656,92.863957,0.000000,0.000000,0.000000,3.066186,
1791,8,0.339979,7.560023,-0.012724,0.254337,71.600000,0.254656,92.863957,0.000000,0.000000,0.000000,3.142884,
1801,8,0.346800,7.584485,0.017052,0.061154,72.000000,0.063487,74.419082,0.074441,-0.482959,0.488663,3.327717,
1811,8,0.365532,7.531673,0.046829,-0.132030,72.400000,0.140089,289.528721,0.074441,-0.482959,0.488663,3.392200,
1821,8,0.384263,7.478861,0.046829,-0.132030,72.800000,0.140089,289.528721,0.000000,0.000000,0.000000,2.012446,
1831,8,0.402995,7.426049,0.046829,-0.132030,73.200000,0.140089,289.528721,0.000000,0.000000,0.000000,1.766096,
1841,8,0.421727,7.373237,0.046829,-0.132030,73.600000,0.140089,289.528721,0.000000,0.000000,0.000000,1.528178,
1851,8,0.440458,7.320425,0.046829,-0.132030,74.000000,0.140089,289.528721,0.000000,0.000000,0.000000,1.304587,
1861,8,0.459189,7.267613,0.046829,-0.132030,74.400000,0.140089,289.528721,0.000000,0.000000,0.000000,1.121036,
1871,8,0.477921,7.214801,0.046829,-0.132030,74.800000,0.140089,289.528721,0.000000,0.000000,0.000000,1.005070,
1881,8,0.496652,7.161989,0.046829,-0.132030,75.200000,0.140089,289.528721,0.000000,0.000000,0.000000,0.980960,
1891,8,0.515384,7.109177,0.046829,-0.132030,75.600000,0.140089,289.528721,0.000000,0.000000,0.000000,0.972342,
1901,8,0.465734,6.932950,-0.124125,-0.440567,76.000000,0.457718,254.265396,-0.427384,-0.771342,0.881831,0.925286,
1911,8,0.398989,6.725870,-0.166863,-0.517701,76.400000,0.543928,252.135040,-0.106846,-0.192835,0.220458,0.991519,
1921,8,0.332243,6.518789,-0.166863,-0.517701,76.800000,0.543928,252.135040,0.000000,0.000000,0.000000,1.173984,
1931,8,0.296045,6.289962,-0.090497,-0.572069,77.200000,0.579182,261.010720,0.190916,-0.135919,0.234356,1.490871,
1941,8,0.331121,6.010391,0.087691,-0.698926,77.600000,0.704406,277.151260,0.445470,-0.317144,0.546831,1.942933,
1951,8,0.366197,5.730821,0.087691,-0.698926,78.000000,0.704406,277.151260,0.000000,0.000000,0.000000,2.366817,
1961,8,0.401274,5.451250,0.087691,-0.698926,78.400000,0.704406,277.151260,0.000000,0.000000,0.000000,2.721442,
31,9,-3.269393,20.193540,-0.366777,-1.499014,1.200000,1.543233,256.251064,,,,2.845270,1.701133
41,9,-3.416103,19.593930,-0.366777,-1.499014,1.600000,1.543233,256.251064,0.000000,0.000000,0.000000,2.788842,1.514475
51,9,-3.512436,19.029310,-0.240831,-1.411563,2.000000,1.431960,260.317810,0.314864,0.218628,0.383324,2.766270,1.148604
61,9,-3.533201,18.517150,-0.051913,-1.280386,2.400000,1.281438,267.678224,0.472296,0.327942,0.574987,2.384965,0.850998
71,9,-3.553966,18.005000,-0.051913,-1.280386,2.800000,1.281438,267.678224,0.000000,0.000000,0.000000,1.578607,0.992825
81,9,-3.507374,17.541510,0.116480,-1.158730,3.200000,1.164570,275.740304,0.420982,0.304140,0.519353,0.888776,
91,9,-3.453298,17.083420,0.135190,-1.145212,3.600000,1.153164,276.732505,0.046776,0.033795,0.057707,0.826125,
101,9,-3.488748,16.639110,-0.088625,-1.110777,4.000000,1.114307,265.438251,-0.559537,0.086087,0.566121,0.593870,
111,9,-3.613724,16.208570,-0.312440,-1.076342,4.400000,1.120772,253.813091,-0.559537,0.086087,0.566121,1.224055,
121,9,-3.738700,15.778040,-0.312440,-1.076342,4.800000,1.120772,253.813091,0.000000,0.000000,0.000000,2.090517,
131,9,-3.830144,15.238510,-0.228610,-1.348824,5.200000,1.368060,260.380464,0.209575,-0.681205,0.712714,2.971767,
141,9,-3.913205,14.671730,-0.207652,-1.416945,5.600000,1.432080,261.662699,0.052394,-0.170302,0.178180,2.958160,
151,9,-3.956747,14.137490,-0.108855,-1.335596,6.000000,1.340025,265.340520,0.246992,0.203372,0.319946,2.984938,
161,9,-3.908078,13.679180,0.121671,-1.145783,6.400000,1.152225,276.061548,0.576316,0.474532,0.746539,3.086124,
171,9,-3.859410,13.220860,0.121671,-1.145783,6.800000,1.152225,276.061548,0.000000,0.000000,0.000000,3.189363,
181,9,-3.818574,12.759360,0.102088,-1.153766,7.200000,1.158274,275.056495,-0.048958,-0.019958,0.052870,3.254975,
191,9,-3.848239,12.269110,-0.074161,-1.225617,7.600000,1.227859,266.537283,-0.440623,-0.179627,0.475831,3.285711,
201,9,-3.877904,11.778860,-0.074161,-1.225617,8.000000,1.227859,266.537283,0.000000,0.000000,0.000000,3.315422,
211,9,-3.907568,11.288620,-0.074161,-1.225617,8.400000,1.227859,266.537283,0.000000,0.000000,0.000000,3.342494,
221,9,-3.894179,10.805510,0.033473,-1.207775,8.800000,1.208239,271.587517,0.269086,0.044605,0.272758,3.342264,
231,9,-3.852087,10.327160,0.105229,-1.195880,9.200000,1.200501,275.028677,0.179391,0.029738,0.181839,3.352756,
241,9,-3.809996,9.848803,0.105229,-1.195880,9.600000,1.200501,275.028677,0.000000,0.000000,0.000000,3.362995,
251,9,-3.767904,9.370451,0.105229,-1.195880,10.000000,1.200501,275.028677,0.000000,0.000000,0.000000,3.357503,
261,9,-3.741964,8.906369,0.064851,-1.160206,10.400000,1.162017,273.199258,-0.100946,0.089185,0.134700,3.371636,
271,9,-3.717818,8.443872,0.060364,-1.156242,10.800000,1.157817,272.988531,-0.011216,0.009910,0.014967,3.571463,
281,9,-3.693673,7.981375,0.060364,-1.156242,11.200000,1.157817,272.988531,0.000000,0.000000,0.000000,3.650519,
291,9,-3.669527,7.518878,0.060364,-1.156242,11.600000,1.157817,272.988531,0.000000,0.000000,0.000000,3.725923,
301,9,-3.645268,7.172013,0.060647,-0.867163,12.000000,0.869281,274.000594,0.000707,0.722698,0.722699,3.850114,
311,9,-3.620934,6.902236,0.060836,-0.674443,12.400000,0.677181,275.154201,0.000472,0.481799,0.481799,4.267036,
321,9,-3.596600,6.632459,0.060836,-0.674443,12.800000,0.677181,275.154201,0.000000,0.000000,0.000000,4.440380,
331,9,-3.579193,6.464465,0.043517,-0.419984,13.200000,0.422232,275.915595,-0.043297,0.636148,0.637620,4.899240,
341,9,-3.572178,6.449147,0.017538,-0.038295,13.600000,0.042120,294.606812,-0.064946,0.954222,0.956430,4.832586,8.932997
351,9,-3.565163,6.433829,0.017538,-0.038295,14.000000,0.042120,294.606812,0.000000,0.000000,0.000000,4.765933,8.532998
361,9,-3.558147,6.418511,0.017538,-0.038295,14.400000,0.042120,294.606812,0.000000,0.000000,0.000000,4.699280,8.169726
371,9,-3.551132,6.403194,0.017538,-0.038295,14.800000,0.042120,294.606812,0.000000,0.000000,0.000000,4.637716,8.122720
381,9,-3.544117,6.387876,0.017538,-0.038295,15.200000,0.042120,294.606812,0.000000,0.000000,0.000000,4.588610,7.722726
391,9,-3.537102,6.372558,0.017538,-0.038295,15.600000,0.042120,294.606812,0.000000,0.000000,0.000000,4.540424,
401,9,-3.530086,6.357240,0.017538,-0.038295,16.000000,0.042120,294.606812,0.000000,0.000000,0.000000,4.493186,
411,9,-3.523071,6.341922,0.017538,-0.038295,16.400000,0.042120,294.606812,0.000000,0.000000,0.000000,4.401438,
421,9,-3.516056,6.326604,0.017538,-0.038295,16.800000,0.042120,294.606812,0.000000,0.000000,0.000000,4.299946,
431,9,-3.509041,6.311286,0.017538,-0.038295,17.200000,0.042120,294.606812,0.000000,0.000000,0.000000,4.200271,
441,9,-3.502025,6.295968,0.017538,-0.038295,17.600000,0.042120,294.606812,0.000000,0.000000,0.000000,4.177374,
451,9,-3.495010,6.280651,0.017538,-0.038295,18.000000,0.042120,294.606812,0.000000,0.000000,0.000000,4.163575,
461,9,-3.487995,6.265333,0.017538,-0.038295,18.400000,0.042120,294.606812,0.000000,0.000000,0.000000,4.150501,
471,9,-3.480979,6.250015,0.017538,-0.038295,18.800000,0.042120,294.606812,0.000000,0.000000,0.000000,4.112569,
481,9,-3.473964,6.234697,0.017538,-0.038295,19.200000,0.042120,294.606812,0.000000,0.000000,0.000000,4.059205,
491,9,-3.466949,6.219379,0.017538,-0.038295,19.600000,0.042120,294.606812,0.000000,0.000000,0.000000,4.007757,
501,9,-3.459934,6.204061,0.017538,-0.038295,20.000000,0.042120,294.606812,0.000000,0.000000,0.000000,3.958298,
511,9,-3.452918,6.188743,0.017538,-0.038295,20.400000,0.042120,294.606812,0.000000,0.000000,0.000000,4.002303,
521,9,-3.445903,6.173425,0.017538,-0.038295,20.800000,0.042120,294.606812,0.000000,0.000000,0.000000,3.431438,
531,9,-3.438888,6.158107,0.017538,-0.038295,21.200000,0.042120,294.606812,0.000000,0.000000,0.000000,3.250296,
541,9,-3.431872,6.142790,0.017538,-0.038295,21.600000,0.042120,294.606812,0.000000,0.000000,0.000000,3.094252,
551,9,-3.420492,6.116336,0.028451,-0.066134,22.000000,0.071995,293.277235,0.027282,-0.069599,0.074755,3.081258,
561,9,-3.391652,6.045339,0.072101,-0.177493,22.400000,0.191579,292.108004,0.109127,-0.278397,0.299021,2.900022,
571,9,-3.362811,5.974341,0.072101,-0.177493,22.800000,0.191579,292.108004,0.000000,0.000000,0.000000,2.549921,
581,9,-3.333970,5.903344,0.072101,-0.177493,23.200000,0.191579,292.108004,0.000000,0.000000,0.000000,2.277262,
591,9,-3.319319,5.810083,0.036628,-0.233151,23.600000,0.236011,278.928068,-0.088685,-0.139145,0.165004,2.181544,
601,9,-3.314128,5.701981,0.012978,-0.270256,24.000000,0.270568,272.749347,-0.059123,-0.092763,0.110002,2.175119,
611,9,-3.308937,5.593878,0.012978,-0.270256,24.400000,0.270568,272.749347,0.000000,0.000000,0.000000,2.248610,
621,9,-3.303746,5.485776,0.012978,-0.270256,24.800000,0.270568,272.749347,0.000000,0.000000,0.000000,2.399850,
631,9,-3.298554,5.377673,0.012978,-0.270256,25.200000,0.270568,272.749347,0.000000,0.000000,0.000000,2.576118,
121,10,0.482433,5.610444,-0.268516,0.735714,4.800000,0.783183,110.050706,,,,5.478616,3.240398
131,10,0.375027,5.904730,-0.268516,0.735714,5.200000,0.783183,110.050706,0.000000,0.000000,0.000000,4.982113,2.882241
141,10,0.267621,6.199016,-0.268516,0.735714,5.600000,0.783183,110.050706,0.000000,0.000000,0.000000,4.533099,2.640403
151,10,0.163373,6.534347,-0.260618,0.838327,6.000000,0.877903,107.269370,0.019744,0.256531,0.257290,4.131567,2.110866
161,10,0.071762,7.033858,-0.229028,1.248778,6.400000,1.269606,100.392652,0.078975,1.026128,1.029162,3.605692,1.392164
171,10,-0.019849,7.533369,-0.229028,1.248778,6.800000,1.269606,100.392652,0.000000,0.000000,0.000000,2.708800,0.992166
181,10,-0.111460,8.032880,-0.229028,1.248778,7.200000,1.269606,100.392652,0.000000,0.000000,0.000000,1.828660,0.596153
191,10,-0.180293,8.528806,-0.172081,1.239815,7.600000,1.251700,97.901907,0.142369,-0.022408,0.144121,0.999846,0.218519
201,10,-0.243430,9.023835,-0.157844,1.237574,8.000000,1.247599,97.268424,0.035592,-0.005602,0.036030,0.421583,
211,10,-0.306567,9.518865,-0.157844,1.237574,8.400000,1.247599,97.268424,0.000000,0.000000,0.000000,0.931381,
221,10,-0.372043,10.012770,-0.163690,1.234766,8.800000,1.245569,97.551520,-0.014615,-0.007020,0.016214,1.522311,
231,10,-0.458565,10.496570,-0.216304,1.209490,9.200000,1.228680,100.139543,-0.131537,-0.063190,0.145927,1.653446,
241,10,-0.545087,10.980360,-0.216304,1.209490,9.600000,1.228680,100.139543,0.000000,0.000000,0.000000,1.997385,
251,10,-0.631609,11.464160,-0.216304,1.209490,10.000000,1.228680,100.139543,0.000000,0.000000,0.000000,2.475905,3.797536
261,10,-0.682080,11.940450,-0.126177,1.190727,10.400000,1.197394,96.048876,0.225317,-0.046907,0.230148,2.429042,
271,10,-0.696500,12.409240,-0.036051,1.171963,10.800000,1.172517,91.761918,0.225317,-0.046910,0.230148,2.162523,
281,10,-0.710920,12.878020,-0.036051,1.171963,11.200000,1.172517,91.761918,0.000000,0.000000,0.000000,1.904723,
291,10,-0.725341,13.346810,-0.036051,1.171963,11.600000,1.172517,91.761918,0.000000,0.000000,0.000000,1.671807,
301,10,-0.763948,13.852980,-0.096518,1.265424,12.000000,1.269100,94.361672,-0.151167,0.233652,0.278289,1.510195,
311,10,-0.805242,14.363300,-0.103236,1.275808,12.400000,1.279978,94.626192,-0.016796,0.025960,0.030920,1.398240,
321,10,-0.846536,14.873620,-0.103236,1.275808,12.800000,1.279978,94.626192,0.000000,0.000000,0.000000,1.342261,
331,10,-0.887831,15.383950,-0.103236,1.275808,13.200000,1.279978,94.626192,0.000000,0.000000,0.000000,1.237763,
341,10,-0.890369,15.884220,-0.006345,1.250698,13.600000,1.250714,90.290672,0.242228,-0.062775,0.250230,1.120813,
351,10,-0.854151,16.374460,0.090546,1.225589,14.000000,1.228929,85.774689,0.242228,-0.062773,0.250229,1.088533,
361,10,-0.817932,16.864700,0.090546,1.225589,14.400000,1.228929,85.774689,0.000000,0.000000,0.000000,1.138250,
371,10,-0.781714,17.354930,0.090546,1.225589,14.800000,1.228929,85.774689,0.000000,0.000000,0.000000,1.271115,
381,10,-0.755271,17.855860,0.066106,1.252329,15.200000,1.254073,86.978367,-0.061100,0.066850,0.090566,1.431420,
391,10,-0.767933,18.399580,-0.031654,1.359290,15.600000,1.359659,91.334027,-0.244401,0.267402,0.362265,1.562627,
401,10,-0.780595,18.943290,-0.031654,1.359290,16.000000,1.359659,91.334027,0.000000,0.000000,0.000000,1.679648,
411,10,-0.793257,19.487010,-0.031654,1.359290,16.400000,1.359659,91.334027,0.000000,0.000000,0.000000,1.806908,
421,10,-0.780138,20.017110,0.032797,1.325242,16.800000,1.325648,88.582322,0.161129,-0.085120,0.182231,4.697381,
431,10,-0.534993,20.424630,0.612862,1.018812,17.200000,1.188940,58.971160,1.450162,-0.766075,1.640073,5.609636,
201,11,0.830608,5.757738,-0.648913,1.326636,8.000000,1.476838,116.065182,,,,3.438161,1.284005
211,11,0.571043,6.288393,-0.648913,1.326636,8.400000,1.476838,116.065182,0.000000,0.000000,0.000000,2.627049,0.884004
221,11,0.373774,6.859372,-0.493174,1.427448,8.800000,1.510241,109.059691,0.389348,0.252030,0.463800,1.705723,0.544722
231,11,0.321861,7.524443,-0.129783,1.662676,9.200000,1.667733,94.463256,0.908478,0.588070,1.082201,0.929355,
241,11,0.269948,8.189513,-0.129783,1.662676,9.600000,1.667733,94.463256,0.000000,0.000000,0.000000,0.847173,
251,11,0.099833,8.882392,-0.425287,1.732197,10.000000,1.783641,103.794357,-0.738762,0.173802,0.758931,1.320457,3.797536
261,11,-0.099833,9.582223,-0.499164,1.749577,10.400000,1.819391,105.923735,-0.184691,0.043450,0.189733,1.196775,
271,11,-0.309482,10.281630,-0.524122,1.748524,10.800000,1.825388,106.686160,-0.062395,-0.002632,0.062451,1.689995,
281,11,-0.559064,10.979360,-0.623955,1.744311,11.200000,1.852550,109.682557,-0.249582,-0.010533,0.249804,1.904723,
291,11,-0.808645,11.677080,-0.623955,1.744311,11.600000,1.852550,109.682557,0.000000,0.000000,0.000000,1.671807,
301,11,-1.069409,12.374000,-0.651908,1.742298,12.000000,1.860265,110.514118,-0.069883,-0.005033,0.070064,1.510195,
311,11,-1.337626,13.070380,-0.670543,1.740956,12.400000,1.865625,111.064597,-0.046589,-0.003355,0.046709,1.398240,
321,11,-1.605843,13.766770,-0.670543,1.740956,12.800000,1.865625,111.064597,0.000000,0.000000,0.000000,1.342261,
331,11,-1.750885,14.496710,-0.362605,1.824853,13.200000,1.860530,101.238488,0.769847,0.209743,0.797907,1.237763,1.760046
341,11,-1.813810,15.249020,-0.157312,1.880784,13.600000,1.887351,94.781194,0.513231,0.139827,0.531938,1.120813,
351,11,-1.876735,16.001330,-0.157312,1.880784,14.000000,1.887351,94.781194,0.000000,0.000000,0.000000,1.088533,
361,11,-1.949983,16.746070,-0.183121,1.861846,14.400000,1.870830,95.617242,-0.064523,-0.047345,0.080030,1.138250,
371,11,-2.047320,17.473140,-0.243342,1.817659,14.800000,1.833876,97.625233,-0.150552,-0.110467,0.186733,1.162599,
381,11,-2.144657,18.200200,-0.243342,1.817659,15.200000,1.833876,97.625233,0.000000,0.000000,0.000000,0.733602,
391,11,-2.239249,18.925920,-0.236479,1.814303,15.600000,1.829650,97.426147,0.017159,-0.008390,0.019100,1.562627,
401,11,-2.309132,19.639560,-0.174707,1.784101,16.000000,1.792635,95.592832,0.154429,-0.075505,0.171899,1.679648,
411,11,-2.379015,20.353200,-0.174707,1.784101,16.400000,1.792635,95.592832,0.000000,0.000000,0.000000,1.806908,
331,12,-2.980280,20.587650,0.117984,-1.373660,13.200000,1.378718,274.909109,,,,5.608639,1.760046
341,12,-2.933086,20.038180,0.117984,-1.373660,13.600000,1.378718,274.909109,0.000000,0.000000,0.000000,0.673999,
351,12,-2.885893,19.488720,0.117984,-1.373660,14.000000,1.378718,274.909109,0.000000,0.000000,0.000000,0.722331,
361,12,-2.838699,18.939260,0.117984,-1.373660,14.400000,1.378718,274.909109,0.000000,0.000000,0.000000,0.769657,
371,12,-2.793458,18.364720,0.113102,-1.436346,14.800000,1.440792,274.502348,-0.012205,-0.156715,0.157190,0.790851,
381,12,-2.748706,17.783910,0.111881,-1.452018,15.200000,1.456322,274.406072,-0.003052,-0.039180,0.039299,0.733602,
391,12,-2.703953,17.203100,0.111881,-1.452018,15.600000,1.456322,274.406072,0.000000,0.000000,0.000000,0.789315,4.113627
401,12,-2.590460,16.662170,0.283732,-1.352319,16.000000,1.381763,281.849415,0.429625,0.249247,0.496691,0.751823,1.711192
411,12,-2.469330,16.125680,0.302826,-1.341241,16.400000,1.375002,282.722938,0.047736,0.027695,0.055188,0.723677,1.955513
421,12,-2.348200,15.589180,0.302826,-1.341241,16.800000,1.375002,282.722938,0.000000,0.000000,0.000000,0.707963,3.361125
431,12,-2.251728,15.084140,0.241179,-1.262601,17.200000,1.285429,280.814242,-0.154117,0.196600,0.249807,0.710118,7.502766
441,12,-2.157996,14.582600,0.234330,-1.253864,17.600000,1.275573,280.585670,-0.017124,0.021842,0.027755,0.714257,
451,12,-2.064264,14.081050,0.234330,-1.253864,18.000000,1.275573,280.585670,0.000000,0.000000,0.000000,0.721553,
461,12,-1.969451,13.578470,0.237034,-1.256458,18.400000,1.278621,280.683413,0.006760,-0.006485,0.009367,0.711269,4.356190
471,12,-1.872114,13.073460,0.243342,-1.262510,18.800000,1.285748,280.909679,0.015772,-0.015130,0.021856,0.689304,2.070326
481,12,-1.774777,12.568460,0.243342,-1.262510,19.200000,1.285748,280.909679,0.000000,0.000000,0.000000,0.668686,1.670370
491,12,-1.677440,12.063460,0.243342,-1.262510,19.600000,1.285748,280.909679,0.000000,0.000000,0.000000,0.649537,1.270414
501,12,-1.570369,11.581610,0.267677,-1.204614,20.000000,1.233996,282.528110,0.060836,0.144740,0.157005,0.651037,3.775770
511,12,-1.440587,11.153800,0.324456,-1.069524,20.400000,1.117655,286.875978,0.141950,0.337725,0.366344,0.696182,
521,12,-1.310804,10.725990,0.324456,-1.069524,20.800000,1.117655,286.875978,0.000000,0.000000,0.000000,0.741717,
531,12,-1.181022,10.298180,0.324456,-1.069524,21.200000,1.117655,286.875978,0.000000,0.000000,0.000000,0.787577,2.999248
541,12,-1.061555,9.863269,0.298666,-1.087277,21.600000,1.127552,285.359844,-0.064475,-0.044383,0.078274,0.829261,1.880830
551,12,-1.034933,9.364447,0.066555,-1.247057,22.000000,1.248832,273.054965,-0.580278,-0.399450,0.704473,0.831723,1.579961
561,12,-1.008311,8.865624,0.066555,-1.247057,22.400000,1.248832,273.054965,0.000000,0.000000,0.000000,0.835477,
571,12,-0.981689,8.366802,0.066555,-1.247057,22.800000,1.248832,273.054965,0.000000,0.000000,0.000000,0.840508,
581,12,-0.943645,7.883191,0.095109,-1.209028,23.200000,1.212763,274.497971,0.071386,0.095073,0.118889,0.826585,
591,12,-0.859914,7.460426,0.209327,-1.056911,23.600000,1.077441,281.202754,0.285543,0.380292,0.475560,0.803364,1.123040
601,12,-0.776184,7.037661,0.209327,-1.056911,24.000000,1.077441,281.202754,0.000000,0.000000,0.000000,0.791465,0.723040
611,12,-0.705152,6.624494,0.177579,-1.032918,24.400000,1.048071,279.754910,-0.079370,0.059983,0.099486,0.783886,0.198683
621,12,-0.748413,6.297704,-0.108152,-0.816976,24.800000,0.824104,262.458973,-0.714328,0.539854,0.895380,0.424736,
631,12,-0.791674,5.970913,-0.108152,-0.816976,25.200000,0.824104,262.458973,0.000000,0.000000,0.000000,0.700026,
641,12,-0.671409,5.565088,0.300663,-1.014562,25.600000,1.058175,286.507063,1.022038,-0.493964,1.135148,0.372094,
341,13,-3.573656,19.828550,0.023175,-1.469102,13.600000,1.469285,270.903781,,,,0.673999,8.932997
351,13,-3.564386,19.240910,0.023175,-1.469102,14.000000,1.469285,270.903781,0.000000,0.000000,0.000000,0.722331,8.532998
361,13,-3.554189,18.655630,0.025493,-1.463201,14.400000,1.463423,270.998150,0.005794,0.014752,0.015849,0.769657,8.169726
371,13,-3.535648,18.091590,0.046351,-1.410094,14.800000,1.410856,271.882680,0.052145,0.132767,0.142640,0.790851,8.122720
381,13,-3.517108,17.527560,0.046351,-1.410094,15.200000,1.410856,271.882680,0.000000,0.000000,0.000000,0.810035,7.722726
391,13,-3.457408,16.967890,0.149250,-1.399175,15.600000,1.407113,276.088717,0.257248,0.027297,0.258692,0.789315,4.113627
401,13,-3.301669,16.418410,0.389348,-1.373697,16.000000,1.427808,285.824354,0.600244,0.063695,0.603615,0.751823,1.711192
411,13,-3.145930,15.868930,0.389348,-1.373697,16.400000,1.427808,285.824354,0.000000,0.000000,0.000000,0.723677,1.955513
421,13,-3.003239,15.320600,0.356727,-1.370829,16.800000,1.416484,284.586397,-0.081553,0.007170,0.081867,0.707963,3.361125
431,13,-2.890995,14.774940,0.280611,-1.364136,17.200000,1.392699,281.623942,-0.190289,0.016733,0.191023,0.710118,6.685637
441,13,-2.778750,14.229290,0.280611,-1.364136,17.600000,1.392699,281.623942,0.000000,0.000000,0.000000,0.714257,
451,13,-2.666506,13.683630,0.280611,-1.364136,18.000000,1.392699,281.623942,0.000000,0.000000,0.000000,0.721553,
461,13,-2.561709,13.184600,0.261993,-1.247592,18.400000,1.274804,281.859743,-0.046544,0.291360,0.295054,0.711269,4.356190
471,13,-2.461876,12.716640,0.249582,-1.169896,18.800000,1.196222,282.042767,-0.031029,0.194240,0.196703,0.689304,2.070326
481,13,-2.362043,12.248680,0.249582,-1.169896,19.200000,1.196222,282.042767,0.000000,0.000000,0.000000,0.668686,1.670370
491,13,-2.262210,11.780720,0.249582,-1.169896,19.600000,1.196222,282.042767,0.000000,0.000000,0.000000,0.649537,1.270414
501,13,-2.165112,11.316790,0.242746,-1.159829,20.000000,1.184959,281.821043,-0.017091,0.025168,0.030422,0.651037,4.042850
511,13,-2.069186,10.854580,0.239816,-1.155515,20.400000,1.180138,281.724719,-0.007325,0.010785,0.013037,0.696182,3.661282
521,13,-1.973260,10.392380,0.239816,-1.155515,20.800000,1.180138,281.724719,0.000000,0.000000,0.000000,0.741717,2.469406
531,13,-1.877333,9.930173,0.239816,-1.155515,21.200000,1.180138,281.724719,0.000000,0.000000,0.000000,0.787577,2.069406
541,13,-1.786901,9.461340,0.226080,-1.172082,21.600000,1.193687,280.917566,-0.034339,-0.041417,0.053801,0.829261,1.676658
551,13,-1.745917,8.932863,0.102460,-1.321191,22.000000,1.325158,274.434479,-0.309051,-0.372773,0.484223,0.831723,
561,13,-1.704933,8.404387,0.102460,-1.321191,22.400000,1.325158,274.434479,0.000000,0.000000,0.000000,0.835477,
571,13,-1.663949,7.875910,0.102460,-1.321191,22.800000,1.325158,274.434479,0.000000,0.000000,0.000000,0.840508,
581,13,-1.585943,7.362907,0.195015,-1.282508,23.200000,1.297250,278.646042,0.231389,0.096708,0.250785,0.826585,
591,13,-1.421552,6.886008,0.410978,-1.192248,23.600000,1.261094,289.019516,0.539907,0.225650,0.585164,0.803364,
601,13,-1.257161,6.409109,0.410978,-1.192248,24.000000,1.261094,289.019516,0.000000,0.000000,0.000000,0.791465,
611,13,-1.087120,5.939967,0.425102,-1.172855,24.400000,1.247518,289.923062,0.035309,0.048483,0.059977,0.783886,
621,13,-0.903898,5.488925,0.458056,-1.127605,24.800000,1.217090,292.107995,0.082386,0.113125,0.139946,0.823589,
461,14,-3.579640,20.205880,0.176976,-1.617356,18.400000,1.627010,276.244644,,,,0.930884,
471,14,-3.508849,19.558930,0.176976,-1.617356,18.800000,1.627010,276.244644,0.000000,0.000000,0.000000,0.912619,
481,14,-3.438059,18.911990,0.176976,-1.617356,19.200000,1.627010,276.244644,0.000000,0.000000,0.000000,0.895228,
491,14,-3.365186,18.267690,0.182181,-1.610765,19.600000,1.621035,276.452868,0.013013,0.016477,0.020996,0.907769,
501,14,-3.273575,17.647110,0.229028,-1.551441,20.000000,1.568255,278.397514,0.117117,0.148310,0.188977,0.925483,6.554318
511,14,-3.181964,17.026530,0.229028,-1.551441,20.400000,1.568255,278.397514,0.000000,0.000000,0.000000,0.944702,6.154316
521,14,-3.090352,16.405960,0.229028,-1.551441,20.800000,1.568255,278.397514,0.000000,0.000000,0.000000,0.971097,4.656946
531,14,-2.931644,15.804070,0.396770,-1.504715,21.200000,1.556147,284.771776,0.419355,0.116815,0.435321,0.940623,4.286370
541,14,-2.744181,15.210200,0.468659,-1.484690,21.600000,1.556903,287.518895,0.179723,0.050062,0.186566,0.886213,5.362253
551,14,-2.556717,14.616320,0.468659,-1.484690,22.000000,1.556903,287.518895,0.000000,0.000000,0.000000,0.834852,3.796361
561,14,-2.381344,14.024900,0.438432,-1.478559,22.400000,1.542193,286.516496,-0.075568,0.015328,0.077107,0.767452,4.523768
571,14,-2.314789,13.455540,0.166388,-1.423380,22.800000,1.433072,276.667407,-0.680111,0.137947,0.693960,0.765136,
581,14,-2.248234,12.886190,0.166388,-1.423380,23.200000,1.433072,276.667407,0.000000,0.000000,0.000000,0.762987,
591,14,-2.181679,12.316840,0.166388,-1.423380,23.600000,1.433072,276.667407,0.000000,0.000000,0.000000,0.818718,3.898908
601,14,-2.106576,11.747120,0.187756,-1.424305,24.000000,1.436627,277.509580,0.053419,-0.002312,0.053469,0.874903,3.494537
611,14,-1.997286,11.175920,0.273226,-1.428007,24.400000,1.453911,280.831727,0.213677,-0.009255,0.213878,0.907204,2.453311
621,14,-1.887995,10.604710,0.273226,-1.428007,24.800000,1.453911,280.831727,0.000000,0.000000,0.000000,0.900545,1.798338
631,14,-1.778705,10.033510,0.273226,-1.428007,25.200000,1.453911,280.831727,0.000000,0.000000,0.000000,0.873340,1.303041
641,14,-1.696293,9.492421,0.206028,-1.352722,25.600000,1.368322,278.659931,-0.167997,0.188212,0.252284,0.843228,1.621144
651,14,-1.654202,8.996503,0.105229,-1.239794,26.000000,1.244252,274.851425,-0.251996,0.282320,0.378426,0.893174,1.352189
661,14,-1.612110,8.500585,0.105229,-1.239794,26.400000,1.244252,274.851425,0.000000,0.000000,0.000000,0.939323,0.952189
671,14,-1.570019,8.004668,0.105229,-1.239794,26.800000,1.244252,274.851425,0.000000,0.000000,0.000000,0.968118,0.692857
681,14,-1.565650,7.524670,0.010922,-1.199993,27.200000,1.200043,270.521452,-0.235769,0.099503,0.255906,1.042286,0.313095
691,14,-1.577448,7.051496,-0.029496,-1.182935,27.600000,1.183303,268.571647,-0.101044,0.042645,0.109674,0.638262,0.036410
701,14,-1.540087,6.592870,0.093404,-1.146565,28.000000,1.150363,274.657277,0.307250,0.090925,0.320422,0.314166,
711,14,-1.453565,6.148792,0.216304,-1.110195,28.400000,1.131071,281.025074,0.307250,0.090925,0.320422,0.505192,
721,14,-1.148858,5.794299,0.761767,-0.886232,28.800000,1.168630,310.680951,1.363657,0.559907,1.474130,0.840381,
731,14,-0.844151,5.439806,0.761767,-0.886232,29.200000,1.168630,310.680951,0.000000,0.000000,0.000000,1.278574,
461,15,-2.751391,20.630790,0.103826,-1.577115,18.400000,1.580529,273.766514,,,,0.930884,
471,15,-2.709860,19.999940,0.103826,-1.577115,18.800000,1.580529,273.766514,0.000000,0.000000,0.000000,0.912619,
481,15,-2.668330,19.369100,0.103826,-1.577115,19.200000,1.580529,273.766514,0.000000,0.000000,0.000000,0.895228,
491,15,-2.584767,18.731360,0.208908,-1.594344,19.600000,1.607972,277.464981,0.262705,-0.043072,0.266213,0.907769,6.993203
501,15,-2.459171,18.086730,0.313990,-1.611574,20.000000,1.641877,281.025070,0.262705,-0.043075,0.266213,0.925483,8.022993
511,15,-2.333575,17.442100,0.313990,-1.611574,20.400000,1.641877,281.025070,0.000000,0.000000,0.000000,0.944702,
521,15,-2.217316,16.831210,0.290647,-1.527215,20.800000,1.554626,280.775207,-0.058358,0.210897,0.218823,0.971097,
531,15,-2.115063,16.270940,0.255632,-1.400676,21.200000,1.423812,280.343015,-0.087537,0.316348,0.328235,0.940623,6.287774
541,15,-2.012810,15.710670,0.255632,-1.400676,21.600000,1.423812,280.343015,0.000000,0.000000,0.000000,0.886213,
551,15,-1.913482,15.148510,0.248320,-1.405395,22.000000,1.427164,280.020193,-0.018282,-0.011797,0.021758,0.834852,4.253381
561,15,-1.840479,14.569370,0.182507,-1.447870,22.400000,1.459327,277.184352,-0.164533,-0.106188,0.195823,0.767452,
571,15,-1.767477,13.990220,0.182507,-1.447870,22.800000,1.459327,277.184352,0.000000,0.000000,0.000000,0.765136,
581,15,-1.694474,13.411070,0.182507,-1.447870,23.200000,1.459327,277.184352,0.000000,0.000000,0.000000,0.762987,
591,15,-1.580988,12.873140,0.283715,-1.344817,23.600000,1.374419,281.912960,0.253021,0.257632,0.361101,0.818718,3.830296
601,15,-1.463004,12.339800,0.294960,-1.333367,24.000000,1.365602,282.473787,0.028113,0.028625,0.040122,0.874903,3.435731
611,15,-1.345020,11.806450,0.294960,-1.333367,24.400000,1.365602,282.473787,0.000000,0.000000,0.000000,0.907204,3.715595
621,15,-1.279856,11.268900,0.162909,-1.343863,24.800000,1.353701,276.911917,-0.330129,-0.026240,0.331170,0.900545,3.460197
631,15,-1.249906,10.728560,0.074875,-1.350861,25.200000,1.352934,273.172504,-0.220086,-0.017495,0.220780,0.873340,1.514982
641,15,-1.219956,10.188220,0.074875,-1.350861,25.600000,1.352934,273.172504,0.000000,0.000000,0.000000,0.843228,1.272807
651,15,-1.204688,9.768317,0.038171,-1.049746,26.000000,1.050440,272.082498,-0.091758,0.752788,0.758359,0.893174,1.226090
661,15,-1.169666,9.329181,0.087556,-1.097841,26.400000,1.101327,274.559829,0.123460,-0.120238,0.172336,0.939323,0.772019
671,15,-1.088551,8.845156,0.202785,-1.210061,26.800000,1.226935,279.513381,0.288074,-0.280550,0.402113,0.968624,0.300310
681,15,-1.079359,8.446560,0.022982,-0.996492,27.200000,0.996757,271.321192,-0.449507,0.533923,0.697947,0.547702,
691,15,-1.090174,8.094058,-0.027038,-0.881254,27.600000,0.881669,268.242642,-0.125051,0.288094,0.314064,0.379701,1.006115
701,15,-1.120456,7.755177,-0.075707,-0.847201,28.000000,0.850577,264.893571,-0.121671,0.085133,0.148498,0.719234,0.637015
711,15,-1.221398,7.425953,-0.252355,-0.823062,28.400000,0.860880,252.954194,-0.441621,0.060348,0.445725,0.835751,0.260658
721,15,-1.341087,7.092326,-0.299221,-0.834067,28.800000,0.886115,250.264576,-0.117165,-0.027511,0.120352,0.483775,
731,15,-1.479522,6.754298,-0.346087,-0.845071,29.200000,0.913193,247.729142,-0.117165,-0.027511,0.120351,0.323324,
741,15,-1.559388,6.300976,-0.199665,-1.133305,29.600000,1.150759,260.008176,0.366053,-0.720585,0.808231,0.590482,
751,15,-1.377426,5.870369,0.454905,-1.076518,30.000000,1.168687,292.907478,1.636425,0.141968,1.642572,0.844984,
761,15,-1.062221,5.490380,0.788013,-0.949972,30.400000,1.234266,309.676103,0.832772,0.316364,0.890839,1.353129,
771,15,-0.662890,5.273924,0.998328,-0.541140,30.800000,1.135557,331.540243,0.525786,1.022081,1.149391,1.991187,
491,16,0.766400,5.536675,-0.307380,0.215074,19.600000,0.375152,145.019486,,,,1.431044,1.634628
501,16,0.643448,5.622705,-0.307380,0.215074,20.000000,0.375152,145.019486,0.000000,0.000000,0.000000,1.218563,1.234626
511,16,0.520496,5.708734,-0.307380,0.215074,20.400000,0.375152,145.019486,0.000000,0.000000,0.000000,1.077270,3.661282
521,16,0.397545,5.794764,-0.307380,0.215074,20.800000,0.375152,145.019486,0.000000,0.000000,0.000000,0.594029,3.261284
531,16,0.311478,5.878196,-0.215166,0.208581,21.200000,0.299671,135.890260,0.230535,-0.016232,0.231105,0.542928,2.999248
541,16,0.311478,5.955569,0.000000,0.193432,21.600000,0.193432,90.000000,0.537915,-0.037874,0.539246,0.655772,2.828885
551,16,0.311478,6.032941,0.000000,0.193432,22.000000,0.193432,90.000000,0.000000,0.000000,0.000000,0.697196,4.962252
561,16,0.299405,6.121500,-0.030182,0.221397,22.400000,0.223445,97.762989,-0.075455,0.069915,0.102867,0.667874,4.523768
571,16,0.275260,6.221246,-0.060364,0.249363,22.800000,0.256566,103.607952,-0.075455,0.069915,0.102867,0.653210,
581,16,0.251114,6.320991,-0.060364,0.249363,23.200000,0.256566,103.607952,0.000000,0.000000,0.000000,0.622906,
591,16,0.226969,6.420737,-0.060364,0.249363,23.600000,0.256566,103.607952,0.000000,0.000000,0.000000,0.612553,3.830296
601,16,0.212596,6.532722,-0.035931,0.279964,24.000000,0.282260,97.313437,0.061083,0.076502,0.097896,0.618122,3.435731
611,16,0.237317,6.693669,0.061801,0.402367,24.400000,0.407085,81.267931,0.244330,0.306006,0.391583,0.581914,
621,16,0.262037,6.854615,0.061801,0.402367,24.800000,0.407085,81.267931,0.000000,0.000000,0.000000,0.543649,
631,16,0.286758,7.015562,0.061801,0.402367,25.200000,0.407085,81.267931,0.000000,0.000000,0.000000,0.506962,
641,16,0.311478,7.176509,0.061801,0.402367,25.600000,0.407085,81.267931,0.000000,0.000000,0.000000,0.472222,
651,16,0.415304,7.447052,0.259565,0.676358,26.000000,0.724455,69.004757,0.494410,0.684980,0.844771,0.453012,
661,16,0.519130,7.717595,0.259565,0.676358,26.400000,0.724455,69.004757,0.000000,0.000000,0.000000,0.459603,
671,16,0.622956,7.988139,0.259565,0.676358,26.800000,0.724455,69.004757,0.000000,0.000000,0.000000,0.482960,
681,16,0.698466,8.275400,0.188775,0.718153,27.200000,0.742550,75.272330,-0.176976,0.104487,0.205519,0.482610,
691,16,0.745660,8.579379,0.117984,0.759948,27.600000,0.769052,81.175113,-0.176976,0.104487,0.205519,0.465289,
701,16,0.792854,8.883358,0.117984,0.759948,28.000000,0.769052,81.175113,0.000000,0.000000,0.000000,0.470780,
711,16,0.828934,9.186572,0.090201,0.758034,28.400000,0.763382,83.214110,-0.069459,-0.004784,0.069623,0.487363,
721,16,0.820561,9.486724,-0.020933,0.750380,28.800000,0.750672,91.597915,-0.277834,-0.019137,0.278492,0.545562,6.593014
731,16,0.812188,9.786876,-0.020933,0.750380,29.200000,0.750672,91.597915,0.000000,0.000000,0.000000,0.624070,
741,16,0.801047,10.089960,-0.027852,0.757707,29.600000,0.758219,92.105153,-0.017299,0.018318,0.025195,0.701856,
751,16,0.764996,10.419420,-0.090127,0.823654,30.000000,0.828570,96.244642,-0.155687,0.164866,0.226758,0.690488,4.335293
761,16,0.728946,10.748880,-0.090127,0.823654,30.400000,0.828570,96.244642,0.000000,0.000000,0.000000,0.650462,0.518998
771,16,0.692895,11.078340,-0.090127,0.823654,30.800000,0.828570,96.244642,0.000000,0.000000,0.000000,0.611405,0.119003
781,16,0.656844,11.386740,-0.090127,0.770997,31.200000,0.776247,96.667410,0.000000,-0.131641,0.131641,0.579356,6.617842
791,16,0.620793,11.674080,-0.090127,0.718341,31.600000,0.723973,97.151260,0.000000,-0.131641,0.131641,0.569523,3.667308
801,16,0.584743,11.961410,-0.090127,0.718341,32.000000,0.723973,97.151260,0.000000,0.000000,0.000000,0.561093,4.448694
811,16,0.548692,12.248750,-0.090127,0.718341,32.400000,0.723973,97.151260,0.000000,0.000000,0.000000,0.563351,
821,16,0.387057,12.591960,-0.404086,0.858016,32.800000,0.948408,115.218275,-0.784898,0.349188,0.859068,0.532436,
831,16,0.211469,12.941370,-0.438970,0.873536,33.200000,0.977630,116.680513,-0.087211,0.038799,0.095452,0.497113,
841,16,0.035881,13.290790,-0.438970,0.873536,33.600000,0.977630,116.680513,0.000000,0.000000,0.000000,0.472770,
851,16,-0.152031,13.650060,-0.469780,0.898178,34.000000,1.013616,117.611223,-0.077024,0.061606,0.098631,0.454360,
861,16,-0.352267,14.019190,-0.500590,0.922821,34.400000,1.049851,118.477906,-0.077025,0.061606,0.098631,0.437932,
871,16,-0.552503,14.388310,-0.500590,0.922821,34.800000,1.049851,118.477906,0.000000,0.000000,0.000000,0.429345,
881,16,-0.752739,14.757440,-0.500590,0.922821,35.200000,1.049851,118.477906,0.000000,0.000000,0.000000,0.429091,
891,16,-0.875691,15.100020,-0.307380,0.856452,35.600000,0.909941,109.743012,0.483026,-0.165921,0.510728,0.457966,
901,16,-0.998643,15.442600,-0.307380,0.856452,36.000000,0.909941,109.743012,0.000000,0.000000,0.000000,0.492632,
911,16,-1.121595,15.785180,-0.307380,0.856452,36.400000,0.909941,109.743012,0.000000,0.000000,0.000000,0.529120,
921,16,-1.248645,16.137850,-0.317626,0.881675,36.800000,0.937143,109.811697,-0.025615,0.063057,0.068061,0.571654,
931,16,-1.392089,16.530880,-0.358610,0.982566,37.200000,1.045962,110.050707,-0.102460,0.252227,0.272244,0.619347,
941,16,-1.535533,16.923910,-0.358610,0.982566,37.600000,1.045962,110.050707,0.000000,0.000000,0.000000,0.670820,
951,16,-1.678977,17.316930,-0.358610,0.982566,38.000000,1.045962,110.050707,0.000000,0.000000,0.000000,0.725252,
961,16,-1.798717,17.687170,-0.299349,0.925590,38.400000,0.972793,107.921960,0.148152,-0.142440,0.205519,0.773175,
971,16,-1.882900,18.023220,-0.210458,0.840126,38.800000,0.866086,104.063629,0.222228,-0.213660,0.308278,0.764891,
981,16,-1.967083,18.359270,-0.210458,0.840126,39.200000,0.866086,104.063629,0.000000,0.000000,0.000000,0.735930,
991,16,-2.051266,18.695320,-0.210458,0.840126,39.600000,0.866086,104.063629,0.000000,0.000000,0.000000,0.719153,
1001,16,-2.108585,19.029690,-0.143297,0.835928,40.000000,0.848121,99.727267,0.167902,-0.010495,0.168230,0.737205,
1011,16,-2.154391,19.363340,-0.114514,0.834129,40.400000,0.841953,97.817025,0.071958,-0.004498,0.072099,0.740266,
1021,16,-2.200197,19.697000,-0.114514,0.834129,40.800000,0.841953,97.817025,0.000000,0.000000,0.000000,0.727958,4.704251
1031,16,-2.246002,20.030650,-0.114514,0.834129,41.200000,0.841953,97.817025,0.000000,0.000000,0.000000,0.715837,4.304416
1041,16,-2.291808,20.364300,-0.114514,0.834129,41.600000,0.841953,97.817025,0.000000,0.000000,0.000000,0.703904,3.904252
521,17,-0.090329,5.455869,-0.311478,0.723443,20.800000,0.787647,113.294294,,,,0.594029,2.469406
531,17,-0.214920,5.745246,-0.311478,0.723443,21.200000,0.787647,113.294294,0.000000,0.000000,0.000000,0.542928,2.069406
541,17,-0.339511,6.034623,-0.311478,0.723443,21.600000,0.787647,113.294294,0.000000,0.000000,0.000000,0.655772,1.676658
551,17,-0.343203,6.272679,-0.009229,0.595139,22.000000,0.595210,90.888430,0.755623,-0.320759,0.820885,0.697196,1.579961
561,17,-0.266295,6.476520,0.192271,0.509603,22.400000,0.544668,69.328779,0.503749,-0.213840,0.547257,0.667874,
571,17,-0.189387,6.680361,0.192271,0.509603,22.800000,0.544668,69.328779,0.000000,0.000000,0.000000,0.653210,
581,17,-0.098802,6.836326,0.226461,0.389912,23.200000,0.450906,59.852029,0.085475,-0.299228,0.311196,0.622906,
591,17,-0.006698,6.986971,0.230259,0.376613,23.600000,0.441426,58.558589,0.009497,-0.033247,0.034577,0.612553,
601,17,0.085405,7.137616,0.230259,0.376613,24.000000,0.441426,58.558589,0.000000,0.000000,0.000000,0.618122,
611,17,0.109150,7.261293,0.059363,0.309192,24.400000,0.314840,79.131839,-0.427241,-0.168552,0.459287,0.581914,
621,17,0.115806,7.378228,0.016639,0.292337,24.800000,0.292811,86.742446,-0.106810,-0.042138,0.114822,0.543649,
631,17,0.122462,7.495163,0.016639,0.292337,25.200000,0.292811,86.742446,0.000000,0.000000,0.000000,0.506962,
641,17,0.129117,7.612098,0.016639,0.292337,25.600000,0.292811,86.742446,0.000000,0.000000,0.000000,0.472222,
651,17,0.158099,7.819966,0.072454,0.519669,26.000000,0.524695,82.062749,0.139539,0.568328,0.585208,0.453012,
661,17,0.189561,8.037937,0.078656,0.544928,26.400000,0.550575,81.786523,0.015504,0.063148,0.065023,0.459603,
671,17,0.221024,8.255908,0.078656,0.544928,26.800000,0.550575,81.786523,0.000000,0.000000,0.000000,0.482960,
681,17,0.254101,8.463685,0.082692,0.519443,27.200000,0.525984,80.954731,0.010091,-0.063712,0.064506,0.482610,
691,17,0.288254,8.664666,0.085383,0.502453,27.600000,0.509656,80.355693,0.006727,-0.042474,0.043004,0.465289,1.825467
701,17,0.322407,8.865647,0.085383,0.502453,28.000000,0.509656,80.355693,0.000000,0.000000,0.000000,0.470780,1.425465
711,17,0.356561,9.066629,0.085383,0.502453,28.400000,0.509656,80.355693,0.000000,0.000000,0.000000,0.487363,1.390357
721,17,0.289708,9.360892,-0.167131,0.735658,28.800000,0.754404,102.799514,-0.631285,0.583013,0.859317,0.545562,
731,17,0.197604,9.678476,-0.230259,0.793960,29.200000,0.826675,106.172899,-0.157821,0.145753,0.214829,0.624070,
741,17,0.105501,9.996060,-0.230259,0.793960,29.600000,0.826675,106.172899,0.000000,0.000000,0.000000,0.701856,
751,17,0.083214,10.310120,-0.055718,0.785139,30.000000,0.787113,94.059225,0.436354,-0.022052,0.436911,0.690488,4.335293
761,17,0.090848,10.622660,0.019086,0.781358,30.400000,0.781592,88.600756,0.187009,-0.009451,0.187247,0.650462,0.518998
771,17,0.098482,10.935200,0.019086,0.781358,30.800000,0.781592,88.600756,0.000000,0.000000,0.000000,0.611405,0.119003
781,17,0.094092,11.249030,-0.010974,0.784570,31.200000,0.784647,90.801379,-0.075150,0.008029,0.075578,0.579356,6.158591
791,17,0.061647,11.565860,-0.081114,0.792064,31.600000,0.796207,95.847193,-0.175350,0.018734,0.176348,0.569523,
801,17,0.029201,11.882680,-0.081114,0.792064,32.000000,0.796207,95.847193,0.000000,0.000000,0.000000,0.561093,
811,17,-0.012257,12.196790,-0.103646,0.785283,32.400000,0.792094,97.518738,-0.056329,-0.016952,0.058825,0.563351,
821,17,-0.134830,12.486500,-0.306431,0.724257,32.800000,0.786415,112.933074,-0.506963,-0.152565,0.529422,0.532436,
831,17,-0.257402,12.776200,-0.306431,0.724257,33.200000,0.786415,112.933074,0.000000,0.000000,0.000000,0.497113,
841,17,-0.379975,13.065900,-0.306431,0.724257,33.600000,0.786415,112.933074,0.000000,0.000000,0.000000,0.472770,
851,17,-0.516398,13.378620,-0.341059,0.781787,34.000000,0.852943,113.569496,-0.086569,0.143824,0.167868,0.454360,
861,17,-0.666673,13.714340,-0.375686,0.839317,34.400000,0.919561,114.113761,-0.086569,0.143824,0.167868,0.437932,5.653593
871,17,-0.816947,14.050070,-0.375686,0.839317,34.800000,0.919561,114.113761,0.000000,0.000000,0.000000,0.429345,5.253589
881,17,-0.967222,14.385800,-0.375686,0.839317,35.200000,0.919561,114.113761,0.000000,0.000000,0.000000,0.429091,4.853590
891,17,-1.130161,14.719260,-0.407347,0.833666,35.600000,0.927864,116.041147,-0.079153,-0.014126,0.080403,0.457966,
901,17,-1.298527,15.051760,-0.420917,0.831245,36.000000,0.931739,116.856243,-0.033923,-0.006054,0.034458,0.492632,
911,17,-1.466894,15.384260,-0.420917,0.831245,36.400000,0.931739,116.856243,0.000000,0.000000,0.000000,0.529120,
921,17,-1.635261,15.716760,-0.420917,0.831245,36.800000,0.931739,116.856243,0.000000,0.000000,0.000000,0.571654,
931,17,-1.770942,16.040920,-0.339205,0.810407,37.200000,0.878532,112.712271,0.204280,-0.052094,0.210818,0.619347,
941,17,-1.906624,16.365080,-0.339205,0.810407,37.600000,0.878532,112.712271,0.000000,0.000000,0.000000,0.670820,
951,17,-2.042306,16.689250,-0.339205,0.810407,38.000000,0.878532,112.712271,0.000000,0.000000,0.000000,0.725252,
961,17,-2.177988,17.013410,-0.339205,0.810407,38.400000,0.878532,112.712271,0.000000,0.000000,0.000000,0.773175,
971,17,-2.316120,17.392840,-0.345331,0.948580,38.800000,1.009484,110.004030,-0.015315,0.345434,0.345773,0.764891,
981,17,-2.455886,17.809120,-0.349415,1.040696,39.200000,1.097788,108.559527,-0.010210,0.230289,0.230515,0.735930,
991,17,-2.595652,18.225400,-0.349415,1.040696,39.600000,1.097788,108.559527,0.000000,0.000000,0.000000,0.719153,
1001,17,-2.735418,18.641680,-0.349415,1.040696,40.000000,1.097788,108.559527,0.000000,0.000000,0.000000,0.737205,
1011,17,-2.797917,18.997460,-0.156248,0.889457,40.400000,0.903077,99.963284,0.482918,-0.378097,0.613324,0.740266,
1021,17,-2.827301,19.327320,-0.073462,0.824641,40.800000,0.827906,95.090667,0.206965,-0.162042,0.262853,0.727958,2.823376
1031,17,-2.856686,19.657170,-0.073462,0.824641,41.200000,0.827906,95.090667,0.000000,0.000000,0.000000,0.715837,2.423357
1041,17,-2.886071,19.987030,-0.073462,0.824641,41.600000,0.827906,95.090667,0.000000,0.000000,0.000000,0.703904,2.023360
1051,17,-2.915456,20.316880,-0.073462,0.824641,42.000000,0.827906,95.090667,0.000000,0.000000,0.000000,1.271484,
591,18,0.256026,5.667513,-0.442441,0.129040,23.600000,0.460874,163.740413,,,,0.753784,1.123040
601,18,0.079049,5.719129,-0.442441,0.129040,24.000000,0.460874,163.740413,0.000000,0.000000,0.000000,0.824481,0.723040
611,18,-0.131513,5.909949,-0.526406,0.477050,24.400000,0.710408,137.815912,-0.209914,0.870024,0.894989,0.866171,0.198683
621,18,-0.337435,6.190477,-0.514804,0.701322,24.800000,0.869986,126.280479,0.029004,0.560681,0.561430,0.424736,1.798338
631,18,-0.467217,6.591207,-0.324456,1.001823,25.200000,1.053053,107.945381,0.475870,0.751253,0.889288,0.700026,1.303041
641,18,-0.546215,6.919902,-0.197495,0.821739,25.600000,0.845139,103.514049,0.317403,-0.450210,0.550848,0.895257,1.272807
651,18,-0.591357,7.200575,-0.112854,0.701683,26.000000,0.710700,99.136856,0.211602,-0.300140,0.367232,0.972281,1.226090
661,18,-0.622956,7.490925,-0.078998,0.725875,26.400000,0.730161,96.211143,0.084641,0.060480,0.104028,0.979493,0.772019
671,18,-0.622956,7.803855,0.000000,0.782323,26.800000,0.782323,90.000000,0.197495,0.141120,0.242733,0.957421,0.300310
681,18,-0.674870,8.077282,-0.129783,0.683569,27.200000,0.695780,100.750239,-0.324457,-0.246885,0.407706,0.547702,
691,18,-0.778695,8.311208,-0.259565,0.584815,27.600000,0.639830,113.933630,-0.324456,-0.246885,0.407706,0.379701,
701,18,-0.841894,8.418276,-0.157996,0.267669,28.000000,0.310821,120.551974,0.253923,-0.792866,0.832534,0.719234,
711,18,-0.864465,8.398485,-0.056427,-0.049478,28.400000,0.075047,221.245589,0.253922,-0.792866,0.832534,1.035963,
721,18,-0.887036,8.378694,-0.056427,-0.049478,28.800000,0.075047,221.245589,0.000000,0.000000,0.000000,1.185574,
731,18,-0.909607,8.358903,-0.056427,-0.049478,29.200000,0.075047,221.245589,0.000000,0.000000,0.000000,1.240355,
741,18,-0.932178,8.339112,-0.056427,-0.049478,29.600000,0.075047,221.245589,0.000000,0.000000,0.000000,1.320526,
751,18,-1.361024,8.107196,-1.072117,-0.579788,30.000000,1.218847,208.403994,-2.539224,-1.325776,2.864497,1.391922,
761,18,-1.835013,7.851712,-1.184971,-0.638711,30.400000,1.346146,208.325118,-0.282135,-0.147308,0.318276,1.191207,
771,18,-2.297152,7.594103,-1.155347,-0.644021,30.800000,1.322721,209.136456,0.074060,-0.013274,0.075240,1.015773,1.003207
781,18,-2.751391,7.335079,-1.135598,-0.647561,31.200000,1.307256,209.693423,0.049372,-0.008849,0.050159,0.900810,1.155817
791,18,-3.205630,7.076055,-1.135598,-0.647561,31.600000,1.307256,209.693423,0.000000,0.000000,0.000000,0.878831,
801,18,-3.673328,6.835032,-1.169245,-0.602557,32.000000,1.315374,207.263807,-0.084118,0.112509,0.140478,0.881843,
811,18,-4.144391,6.598509,-1.177657,-0.591306,32.400000,1.317771,206.661415,-0.021030,0.028127,0.035120,0.936668,
821,18,-4.610166,6.368228,-1.164438,-0.575704,32.800000,1.298981,206.308019,0.033047,0.039006,0.051124,1.003054,
831,18,-5.028354,6.194115,-1.045471,-0.435281,33.200000,1.132466,202.604378,0.297417,0.351056,0.460106,1.100743,
841,18,-5.446543,6.020003,-1.045471,-0.435281,33.600000,1.132466,202.604378,0.000000,0.000000,0.000000,6.626255,
851,18,-5.864731,5.845890,-1.045471,-0.435281,34.000000,1.132466,202.604378,0.000000,0.000000,0.000000,7.072075,
861,18,-6.155403,5.696588,-0.726680,-0.373255,34.400000,0.816935,207.187067,0.796979,0.155065,0.811924,7.390019,
871,18,-6.318558,5.572096,-0.407888,-0.311229,34.800000,0.513066,217.344562,0.796979,0.155065,0.811924,7.579576,
881,18,-6.481713,5.447605,-0.407888,-0.311229,35.200000,0.513066,217.344562,0.000000,0.000000,0.000000,7.770347,
891,18,-6.644868,5.323113,-0.407888,-0.311229,35.600000,0.513066,217.344562,0.000000,0.000000,0.000000,7.962246,
901,18,-6.761673,5.236943,-0.292011,-0.215426,36.000000,0.362876,216.417445,0.289693,0.239507,0.375880,7.913539,
911,18,-6.878477,5.150772,-0.292011,-0.215426,36.400000,0.362876,216.417445,0.000000,0.000000,0.000000,7.723026,
921,18,-6.995281,5.064602,-0.292011,-0.215426,36.800000,0.362876,216.417445,0.000000,0.000000,0.000000,7.551540,
931,18,-7.112086,4.978431,-0.292011,-0.215426,37.200000,0.362876,216.417445,0.000000,0.000000,0.000000,7.675947,
611,19,1.914293,5.594952,-0.551576,0.179826,24.400000,0.580150,161.942874,,,,1.537418,3.715595
621,19,1.693663,5.666882,-0.551576,0.179826,24.800000,0.580150,161.942874,0.000000,0.000000,0.000000,1.341852,3.460197
631,19,1.473032,5.738813,-0.551576,0.179826,25.200000,0.580150,161.942874,0.000000,0.000000,0.000000,1.163200,
641,19,1.252402,5.810743,-0.551576,0.179826,25.600000,0.580150,161.942874,0.000000,0.000000,0.000000,1.010478,
651,19,1.031968,5.979925,-0.551084,0.422955,26.000000,0.694683,142.493904,0.001229,0.607823,0.607824,0.800115,
661,19,0.811731,6.246359,-0.550593,0.666084,26.400000,0.864188,129.577528,0.001229,0.607823,0.607824,0.555247,9.048654
671,19,0.591494,6.512792,-0.550593,0.666084,26.800000,0.864188,129.577528,0.000000,0.000000,0.000000,0.471728,
681,19,0.401762,6.810141,-0.474331,0.743372,27.200000,0.881812,122.541115,0.190656,0.193220,0.271447,0.589038,
691,19,0.334049,7.231151,-0.169282,1.052524,27.600000,1.066050,99.136860,0.762622,0.772879,1.085788,0.803172,1.825467
701,19,0.266336,7.652161,-0.169282,1.052524,28.000000,1.066050,99.136860,0.000000,0.000000,0.000000,1.143650,1.425465
711,19,0.277535,7.994988,0.027997,0.857067,28.400000,0.857525,88.129067,0.493195,-0.488642,0.694271,1.074551,1.390357
721,19,0.297502,8.329128,0.049916,0.835350,28.800000,0.836840,86.580354,0.054799,-0.054293,0.077141,1.031793,6.593014
731,19,0.296337,8.649044,-0.002912,0.799791,29.200000,0.799796,90.208595,-0.132070,-0.088898,0.159203,1.034156,
741,19,0.245866,8.935772,-0.126177,0.716820,29.600000,0.727840,99.983168,-0.308164,-0.207428,0.371472,1.069539,
751,19,0.195395,9.222500,-0.126177,0.716820,30.000000,0.727840,99.983168,0.000000,0.000000,0.000000,1.093390,
761,19,0.144924,9.509228,-0.126177,0.716820,30.400000,0.727840,99.983168,0.000000,0.000000,0.000000,1.114744,
771,19,0.134974,9.838105,-0.024875,0.822195,30.800000,0.822571,91.732920,0.253256,0.263438,0.365429,1.097702,
781,19,0.142390,10.185050,0.018540,0.867356,31.200000,0.867554,88.775447,0.108538,0.112902,0.156612,1.065076,6.158591
791,19,0.149806,10.531990,0.018540,0.867356,31.600000,0.867554,88.775447,0.000000,0.000000,0.000000,1.037622,3.667308
801,19,0.162900,10.865130,0.032733,0.832843,32.000000,0.833486,87.749256,0.035482,-0.086281,0.093292,1.026296,4.448694
811,19,0.198702,11.143050,0.089505,0.694795,32.400000,0.700536,82.659438,0.141930,-0.345122,0.373167,1.074650,
821,19,0.234504,11.420960,0.089505,0.694795,32.800000,0.700536,82.659438,0.000000,0.000000,0.000000,1.127733,
831,19,0.245145,11.689520,0.026603,0.671389,33.200000,0.671916,87.730914,-0.157256,-0.058514,0.167789,1.197258,
841,19,0.197077,11.936230,-0.120169,0.616775,33.600000,0.628373,101.025073,-0.366930,-0.136534,0.391509,1.268520,
851,19,0.149010,12.182940,-0.120169,0.616775,34.000000,0.628373,101.025073,0.000000,0.000000,0.000000,1.368363,
861,19,0.086522,12.456720,-0.156220,0.684459,34.400000,0.702061,102.856857,-0.090127,0.169210,0.191716,1.465916,
871,19,0.014420,12.748560,-0.180254,0.729582,34.800000,0.751519,103.877819,-0.060085,0.112807,0.127810,1.544377,
881,19,-0.057681,13.040390,-0.180254,0.729582,35.200000,0.751519,103.877819,0.000000,0.000000,0.000000,1.624005,
891,19,-0.129783,13.332220,-0.180254,0.729582,35.600000,0.751519,103.877819,0.000000,0.000000,0.000000,1.710157,
901,19,-0.149010,13.700510,-0.048068,0.920712,36.000000,0.921965,92.988530,0.330465,0.477824,0.580967,1.774054,
911,19,-0.168237,14.068790,-0.048068,0.920712,36.400000,0.921965,92.988530,0.000000,0.000000,0.000000,1.848505,
921,19,-0.206815,14.415680,-0.096445,0.867227,36.800000,0.872573,96.345858,-0.120944,-0.133712,0.180295,1.932167,3.017091
931,19,-0.290546,14.712650,-0.209327,0.742429,37.200000,0.771375,105.745709,-0.282203,-0.311994,0.420689,1.988938,2.672407
941,19,-0.374276,15.009620,-0.209327,0.742429,37.600000,0.771375,105.745717,-0.000000,0.000000,0.000000,2.045816,2.272408
951,19,-0.469729,15.320080,-0.238632,0.776135,38.000000,0.811992,107.090706,-0.073264,0.084264,0.111661,2.085096,1.779847
961,19,-0.612071,15.684460,-0.355855,0.910958,38.400000,0.977997,111.337543,-0.293058,0.337058,0.446644,2.053826,1.286308
971,19,-0.754414,16.048840,-0.355855,0.910958,38.800000,0.977997,111.337543,0.000000,0.000000,0.000000,2.044245,0.886305
981,19,-0.905793,16.416150,-0.378448,0.918258,39.200000,0.993187,112.398378,-0.056482,0.018250,0.059357,1.356922,0.481150
991,19,-1.138507,16.809730,-0.581784,0.983960,39.600000,1.143088,120.594461,-0.508339,0.164255,0.534218,0.780213,
1001,19,-1.371220,17.203320,-0.581784,0.983960,40.000000,1.143088,120.594461,0.000000,0.000000,0.000000,0.945628,
1011,19,-1.584970,17.606380,-0.534374,1.007672,40.400000,1.140596,117.937262,0.118525,0.059280,0.132522,1.814821,
1021,19,-1.722864,18.047390,-0.344735,1.102519,40.800000,1.155158,107.363390,0.474098,0.237118,0.530088,1.690563,2.823376
1031,19,-1.860758,18.488400,-0.344735,1.102519,41.200000,1.155158,107.363390,0.000000,0.000000,0.000000,1.535544,2.423357
1041,19,-1.998652,18.929410,-0.344735,1.102519,41.600000,1.155158,107.363390,0.000000,0.000000,0.000000,1.380606,2.023360
1051,19,-2.019698,19.414500,-0.052615,1.212739,42.000000,1.213880,92.484214,0.730301,0.275550,0.780556,1.271484,
1061,19,-2.040743,19.899600,-0.052615,1.212739,42.400000,1.213880,92.484214,0.000000,0.000000,0.000000,7.023968,
1071,19,-2.061789,20.384690,-0.052615,1.212739,42.800000,1.213880,92.484214,0.000000,0.000000,0.000000,7.139576,
641,20,-0.315472,5.673543,-0.449247,0.689298,25.600000,0.822773,123.094137,,,,0.372094,1.621144
651,20,-0.495171,5.949263,-0.449247,0.689298,26.000000,0.822773,123.094137,0.000000,0.000000,0.000000,1.255003,1.352189
661,20,-0.674870,6.224982,-0.449247,0.689298,26.400000,0.822773,123.094137,0.000000,0.000000,0.000000,1.267007,0.952189
671,20,-0.973369,6.342371,-0.746250,0.293473,26.800000,0.801882,158.532113,-0.742506,-0.989564,1.237155,1.502905,0.692857
681,20,-1.271869,6.459760,-0.746250,0.293473,27.200000,0.801882,158.532113,0.000000,0.000000,0.000000,1.104690,0.313095
691,20,-1.250594,6.503276,0.053190,0.108790,27.600000,0.121097,63.945181,1.998599,-0.461705,2.051236,0.638262,0.036410
701,20,-1.229318,6.546793,0.053190,0.108790,28.000000,0.121097,63.945181,0.000000,0.000000,0.000000,0.314166,0.637015
711,20,-1.208042,6.590309,0.053190,0.108790,28.400000,0.121097,63.945181,0.000000,0.000000,0.000000,0.505192,0.260658
721,20,-1.186766,6.633825,0.053190,0.108790,28.800000,0.121097,63.945181,0.000000,0.000000,0.000000,0.483775,
731,20,-1.165490,6.677341,0.053190,0.108790,29.200000,0.121097,63.945181,0.000000,0.000000,0.000000,0.323324,
741,20,-1.144214,6.720857,0.053190,0.108790,29.600000,0.121097,63.945181,0.000000,0.000000,0.000000,0.590482,
751,20,-1.375695,6.715351,-0.578703,-0.013767,30.000000,0.578866,181.362792,-1.579731,-0.306394,1.609169,0.844984,
761,20,-1.734367,6.664764,-0.896680,-0.126468,30.400000,0.905554,188.028031,-0.794943,-0.281751,0.843396,1.191207,
771,20,-2.159110,6.587754,-1.061858,-0.192523,30.800000,1.079170,190.276509,-0.412946,-0.165138,0.444741,1.015773,1.003207
781,20,-2.575925,6.451523,-1.042036,-0.340579,31.200000,1.096282,198.099470,0.049555,-0.370142,0.373444,0.900810,1.155817
791,20,-2.980846,6.226457,-1.012304,-0.562664,31.600000,1.158167,209.066405,0.074330,-0.555212,0.560165,0.878831,
801,20,-3.385768,6.001392,-1.012304,-0.562664,32.000000,1.158167,209.066405,0.000000,0.000000,0.000000,0.881843,
811,20,-3.780701,5.735331,-0.987332,-0.665151,32.400000,1.190483,213.967550,0.062430,-0.256217,0.263713,0.936668,
821,20,-4.174524,5.464716,-0.984557,-0.676538,32.800000,1.194595,214.494884,0.006937,-0.028469,0.029302,1.003054,
831,20,-4.568347,5.194101,-0.984557,-0.676538,33.200000,1.194595,214.494884,0.000000,0.000000,0.000000,1.100743,
861,21,4.783160,19.844620,-1.253073,-0.183614,34.400000,1.266454,188.336271,,,,7.765838,5.653593
871,21,4.281930,19.771170,-1.253073,-0.183614,34.800000,1.266454,188.336271,0.000000,0.000000,0.000000,7.235117,5.253589
881,21,3.780701,19.697730,-1.253073,-0.183614,35.200000,1.266454,188.336271,0.000000,0.000000,0.000000,6.705113,4.853590
891,21,3.329133,19.575650,-1.128921,-0.305192,35.600000,1.169446,195.127683,0.310380,-0.303944,0.434417,6.140994,
901,21,2.927225,19.404940,-1.004768,-0.426769,36.000000,1.091646,203.013068,0.310383,-0.303944,0.434418,5.577865,
911,21,2.525318,19.234240,-1.004768,-0.426769,36.400000,1.091646,203.013068,0.000000,0.000000,0.000000,5.019561,
921,21,2.139559,19.039050,-0.964398,-0.487962,36.800000,1.080820,206.838299,0.100925,-0.152982,0.183274,4.460593,3.017091
931,21,1.778021,18.807150,-0.903843,-0.579751,37.200000,1.073799,212.677294,0.151388,-0.229473,0.274911,3.902692,2.672407
941,21,1.416484,18.575250,-0.903843,-0.579751,37.600000,1.073799,212.677294,0.000000,0.000000,0.000000,3.382503,2.272408
951,21,1.031182,18.334470,-0.963256,-0.601953,38.000000,1.135874,212.001875,-0.148534,-0.055505,0.158566,2.894883,1.779847
961,21,0.630035,18.087770,-1.002865,-0.616755,38.400000,1.177338,211.591218,-0.099021,-0.037004,0.105709,2.461568,1.286308
971,21,0.228889,17.841060,-1.002865,-0.616755,38.800000,1.177338,211.591218,0.000000,0.000000,0.000000,2.044245,0.886305
981,21,-0.133491,17.531850,-0.905950,-0.773037,39.200000,1.190937,220.473766,0.242288,-0.390706,0.459733,1.356922,0.481150
991,21,-0.405416,17.076770,-0.679813,-1.137696,39.600000,1.325330,239.140193,0.565341,-0.911647,1.072712,0.780213,
1001,21,-0.652299,16.589020,-0.617206,-1.219379,40.000000,1.366685,243.153092,0.156518,-0.204208,0.257291,0.945628,
1011,21,-0.799009,15.970580,-0.366777,-1.546110,40.400000,1.589019,256.654664,0.626073,-0.816828,1.029162,1.814821,
1021,21,-0.945720,15.352130,-0.366777,-1.546110,40.800000,1.589019,256.654664,0.000000,0.000000,0.000000,2.805063,
1031,21,-1.038261,14.741060,-0.231352,-1.527679,41.200000,1.545098,261.388565,0.338563,0.046077,0.341684,3.340169,
1041,21,-1.124782,14.130810,-0.216304,-1.525631,41.600000,1.540889,261.930376,0.037618,0.005120,0.037965,2.339012,
1051,21,-1.211304,13.520550,-0.216304,-1.525631,42.000000,1.540889,261.930376,0.000000,0.000000,0.000000,1.434268,
1061,21,-1.314860,12.913240,-0.258889,-1.518289,42.400000,1.540203,260.323346,-0.106462,0.018355,0.108033,0.947250,
1071,21,-1.420308,12.306250,-0.263621,-1.517473,42.800000,1.540201,260.144728,-0.011829,0.002040,0.012004,1.441788,
1081,21,-1.525757,11.699260,-0.263621,-1.517473,43.200000,1.540201,260.144728,0.000000,0.000000,0.000000,2.365834,
1091,21,-1.592721,11.077570,-0.167410,-1.554221,43.600000,1.563211,263.852177,0.240526,-0.091870,0.257474,3.418268,
1101,21,-1.643192,10.449580,-0.126177,-1.569971,44.000000,1.575033,265.405054,0.103083,-0.039375,0.110347,4.442966,
1111,21,-1.693663,9.821596,-0.126177,-1.569971,44.400000,1.575033,265.405054,0.000000,0.000000,0.000000,3.902593,
1121,21,-1.738249,9.194244,-0.111466,-1.568379,44.800000,1.572335,265.934758,0.036778,0.003980,0.036992,3.397437,
1131,21,-1.729876,8.572621,0.020933,-1.554056,45.200000,1.554197,270.771711,0.330998,0.035807,0.332929,2.913555,
1141,21,-1.721503,7.950999,0.020933,-1.554056,45.600000,1.554197,270.771711,0.000000,0.000000,0.000000,2.502487,
1151,21,-1.713130,7.329376,0.020933,-1.554056,46.000000,1.554197,270.771710,-0.000000,0.000000,0.000000,2.205329,
1161,21,-1.629153,6.784940,0.209942,-1.361091,46.400000,1.377187,278.768523,0.472524,0.482413,0.675279,1.999001,
1171,21,-1.545176,6.240504,0.209942,-1.361091,46.800000,1.377187,278.768523,0.000000,0.000000,0.000000,1.832343,
1181,21,-1.461199,5.696067,0.209942,-1.361091,47.200000,1.377187,278.768523,0.000000,0.000000,0.000000,2.048919,
851,22,2.390257,5.705345,-0.620699,0.256384,34.000000,0.671566,157.556584,,,,1.656243,1.928884
861,22,2.141977,5.807899,-0.620699,0.256384,34.400000,0.671566,157.556584,0.000000,0.000000,0.000000,1.398720,1.528882
871,22,1.893697,5.910452,-0.620699,0.256384,34.800000,0.671566,157.556584,0.000000,0.000000,0.000000,1.150114,1.128885
881,22,1.645417,6.013006,-0.620699,0.256384,35.200000,0.671566,157.556584,0.000000,0.000000,0.000000,0.917697,0.728883
891,22,1.397138,6.115560,-0.620699,0.256384,35.600000,0.671566,157.556584,0.000000,0.000000,0.000000,0.717382,0.328881
901,22,1.078637,6.311017,-0.796251,0.488644,36.000000,0.934231,148.463348,-0.438878,0.580649,0.727851,0.501162,
911,22,0.713323,6.568411,-0.913285,0.643484,36.400000,1.117211,144.832177,-0.292586,0.387100,0.485235,0.537036,
921,22,0.348010,6.825804,-0.913285,0.643484,36.800000,1.117211,144.832177,0.000000,0.000000,0.000000,0.858756,
931,22,0.236390,7.196552,-0.279050,0.926868,37.200000,0.967964,106.755330,1.585588,0.708461,1.736665,1.055283,
941,22,0.152958,7.579894,-0.208579,0.958355,37.600000,0.980791,102.278535,0.176176,0.078718,0.192963,1.302650,
951,22,0.078633,7.963802,-0.185813,0.959771,38.000000,0.977593,100.956969,0.056916,0.003540,0.057026,1.594574,
961,22,0.086267,8.352808,0.019086,0.972514,38.400000,0.972702,88.875710,0.512246,0.031858,0.513236,1.892494,
971,22,0.093901,8.741814,0.019086,0.972514,38.800000,0.972702,88.875710,0.000000,0.000000,0.000000,2.237863,
981,22,0.101536,9.130819,0.019086,0.972514,39.200000,0.972702,88.875710,0.000000,0.000000,0.000000,2.621525,
991,22,0.092104,9.599247,-0.023580,1.171068,39.600000,1.171305,91.153523,-0.106664,0.496384,0.507715,3.101309,
1001,22,0.075358,10.101710,-0.041865,1.256162,40.000000,1.256859,91.908846,-0.045713,0.212735,0.217591,3.624041,
1011,22,0.058611,10.604180,-0.041865,1.256162,40.400000,1.256859,91.908846,0.000000,0.000000,0.000000,4.149607,
1021,22,0.006107,11.082320,-0.131260,1.195351,40.800000,1.202536,96.266481,-0.223487,-0.152028,0.270294,4.374615,
1031,22,-0.070235,11.544240,-0.190857,1.154810,41.200000,1.170475,99.384505,-0.148991,-0.101352,0.180196,3.340169,
1041,22,-0.146578,12.006170,-0.190857,1.154810,41.600000,1.170475,99.384505,0.000000,0.000000,0.000000,2.339012,
1051,22,-0.234395,12.470420,-0.219543,1.160648,42.000000,1.181229,100.711266,-0.071716,0.014595,0.073186,1.434268,
1061,22,-0.368111,12.944020,-0.334288,1.183996,42.400000,1.230283,105.766454,-0.286864,0.058370,0.292742,0.947250,
1071,22,-0.501826,13.417620,-0.334288,1.183996,42.800000,1.230283,105.766454,0.000000,0.000000,0.000000,1.441788,
1081,22,-0.635541,13.891220,-0.334288,1.183996,43.200000,1.230283,105.766454,0.000000,0.000000,0.000000,2.365834,
1091,22,-0.729777,14.385120,-0.235590,1.234747,43.600000,1.257021,100.802221,0.246746,0.126878,0.277455,3.418268,2.133114
1101,22,-0.819627,14.881270,-0.224624,1.240386,44.000000,1.260561,100.264553,0.027416,0.014097,0.030828,4.507564,1.721161
1111,22,-0.916265,15.383140,-0.241595,1.254668,44.400000,1.277717,100.899310,-0.042429,0.035705,0.055453,3.705910,
1121,22,-1.028743,15.898340,-0.281196,1.287993,44.800000,1.318331,102.315614,-0.099001,0.083313,0.129391,2.689823,
1131,22,-1.141222,16.413530,-0.281196,1.287993,45.200000,1.318331,102.315614,0.000000,0.000000,0.000000,1.740084,
1141,22,-1.252020,16.921920,-0.276997,1.270966,45.600000,1.300800,102.294896,0.010497,-0.042567,0.043843,0.974773,
1151,22,-1.358900,17.414420,-0.267199,1.231237,46.000000,1.259897,102.244296,0.024494,-0.099323,0.102298,0.869807,
1161,22,-1.483929,17.929230,-0.312573,1.287030,46.400000,1.324443,103.650775,-0.113434,0.139483,0.179785,1.579190,
1171,22,-1.621058,18.458920,-0.342822,1.324225,46.800000,1.367881,104.514357,-0.075623,0.092988,0.119856,2.516089,
1181,22,-1.758187,18.988610,-0.342822,1.324225,47.200000,1.367881,104.514357,0.000000,0.000000,0.000000,3.361397,
1191,22,-1.895316,19.518300,-0.342822,1.324225,47.600000,1.367881,104.514357,0.000000,0.000000,0.000000,4.307312,
1201,22,-2.032444,20.047990,-0.342822,1.324225,48.000000,1.367881,104.514357,0.000000,0.000000,0.000000,5.300254,
1081,23,0.071640,20.537610,-0.363391,-1.206874,43.200000,1.260396,253.242889,,,,6.683906,
1091,23,-0.073717,20.054860,-0.363391,-1.206874,43.600000,1.260396,253.242889,0.000000,0.000000,0.000000,5.707571,2.133114
1101,23,-0.219073,19.572110,-0.363391,-1.206874,44.000000,1.260396,253.242889,0.000000,0.000000,0.000000,3.313202,1.721161
1111,23,-0.250295,19.028720,-0.078055,-1.358475,44.400000,1.360716,266.711528,0.713341,-0.379003,0.807773,3.233793,
1121,23,-0.268835,18.478590,-0.046351,-1.375320,44.800000,1.376101,268.069753,0.079260,-0.042113,0.089753,2.689823,
1131,23,-0.300122,17.936830,-0.078217,-1.354420,45.200000,1.356677,266.694864,-0.079666,0.052250,0.095272,1.740084,
1141,23,-0.446128,17.470300,-0.365013,-1.166321,45.600000,1.222105,252.621892,-0.716991,0.470248,0.857443,0.974773,
1151,23,-0.592133,17.003770,-0.365013,-1.166321,46.000000,1.222105,252.621892,0.000000,0.000000,0.000000,0.869807,
1161,23,-0.738139,16.537240,-0.365013,-1.166321,46.400000,1.222105,252.621892,0.000000,0.000000,0.000000,1.579190,3.832720
1171,23,-0.824119,16.059710,-0.214952,-1.193839,46.800000,1.213036,259.793173,0.375153,-0.068795,0.381408,2.280794,3.454272
1181,23,-0.903431,15.580950,-0.198279,-1.196897,47.200000,1.213209,260.593762,0.041684,-0.007645,0.042379,2.160510,3.070473
1191,23,-0.982743,15.102190,-0.198279,-1.196897,47.600000,1.213209,260.593762,0.000000,0.000000,0.000000,2.040648,2.686305
1201,23,-1.085454,14.613420,-0.256779,-1.221933,48.000000,1.248622,258.132431,-0.146251,-0.062590,0.159082,1.899150,2.360594
1211,23,-1.242767,14.101280,-0.393281,-1.280349,48.400000,1.339389,252.924785,-0.341253,-0.146040,0.371189,1.706226,1.836007
1221,23,-1.400079,13.589140,-0.393281,-1.280349,48.800000,1.339389,252.924785,0.000000,0.000000,0.000000,1.525469,1.341414
1231,23,-1.557391,13.077000,-0.393281,-1.280349,49.200000,1.339389,252.924785,0.000000,0.000000,0.000000,1.346597,0.998990
1241,23,-1.759275,12.603090,-0.504710,-1.184754,49.600000,1.287779,246.925795,-0.278574,0.238988,0.367040,1.118046,0.906711
1251,23,-1.961159,12.129190,-0.504710,-1.184754,50.000000,1.287779,246.925795,0.000000,0.000000,0.000000,0.889500,0.506712
1261,23,-2.113293,11.659800,-0.380335,-1.173487,50.400000,1.233583,252.042139,0.310938,0.028168,0.312211,0.511261,0.388735
1271,23,-2.149344,11.200920,-0.090127,-1.147199,50.800000,1.150734,265.507928,0.725521,0.065720,0.728491,0.731523,
1281,23,-2.185395,10.742040,-0.090127,-1.147199,51.200000,1.150734,265.507928,0.000000,0.000000,0.000000,0.721405,
1291,23,-2.221445,10.283160,-0.090127,-1.147199,51.600000,1.150734,265.507928,0.000000,0.000000,0.000000,0.712363,
1301,23,-2.250896,9.794747,-0.073627,-1.221031,52.000000,1.223249,266.549313,0.041250,-0.184580,0.189133,0.710037,
1311,23,-2.277518,9.293677,-0.066555,-1.252674,52.400000,1.254441,266.958707,0.017679,-0.079108,0.081059,0.695686,4.405640
1321,23,-2.304140,8.792608,-0.066555,-1.252674,52.800000,1.254441,266.958707,0.000000,0.000000,0.000000,0.682120,4.005589
1331,23,-2.330762,8.291538,-0.066555,-1.252674,53.200000,1.254441,266.958707,0.000000,0.000000,0.000000,0.669389,3.605616
1341,23,-2.383550,7.827836,-0.131969,-1.159254,53.600000,1.166742,263.505411,-0.163536,0.233550,0.285113,0.625675,0.235512
1351,23,-2.442879,7.373477,-0.148323,-1.135899,54.000000,1.145542,262.560545,-0.040884,0.058388,0.071278,0.593543,
1361,23,-2.502208,6.919117,-0.148323,-1.135899,54.400000,1.145542,262.560545,0.000000,0.000000,0.000000,0.611095,
1371,23,-2.566451,6.434916,-0.160606,-1.210502,54.800000,1.221110,262.442302,-0.030707,-0.186508,0.189018,0.627695,
1381,23,-2.642157,5.881086,-0.189266,-1.384575,55.200000,1.397451,262.216122,-0.071651,-0.435182,0.441042,0.628324,
1391,23,-2.717864,5.327256,-0.189266,-1.384575,55.600000,1.397451,262.216122,0.000000,0.000000,0.000000,0.630547,
1101,24,-3.940367,20.258440,0.020933,-1.431758,44.000000,1.431911,270.837620,,,,0.652386,
1111,24,-3.931994,19.685740,0.020933,-1.431758,44.400000,1.431911,270.837620,0.000000,0.000000,0.000000,0.643000,
1121,24,-3.923621,19.113040,0.020933,-1.431758,44.800000,1.431911,270.837619,-0.000000,0.000000,0.000000,0.638627,
1131,24,-3.960418,18.551300,-0.091994,-1.404340,45.200000,1.407350,266.252101,-0.282316,0.068545,0.290518,0.680678,
1141,24,-4.042386,18.000530,-0.204920,-1.376921,45.600000,1.392086,261.535102,-0.282316,0.068547,0.290518,0.811482,
1151,24,-4.124354,17.449760,-0.204920,-1.376921,46.000000,1.392086,261.535102,0.000000,0.000000,0.000000,0.945109,
1161,24,-4.206322,16.898990,-0.204920,-1.376921,46.400000,1.392086,261.535102,0.000000,0.000000,0.000000,1.080509,
1171,24,-4.193504,16.360680,0.032044,-1.345793,46.800000,1.346174,271.363976,0.592409,0.077820,0.597499,1.116289,
1181,24,-4.140064,15.827700,0.133600,-1.332453,47.200000,1.339134,275.725681,0.253890,0.033350,0.256071,1.098613,
1191,24,-4.086625,15.294720,0.133600,-1.332453,47.600000,1.339134,275.725681,0.000000,0.000000,0.000000,1.081006,
1201,24,-4.037619,14.764480,0.122514,-1.325600,48.000000,1.331249,275.280355,-0.027715,0.017133,0.032583,1.067715,
1211,24,-3.998960,14.240630,0.096647,-1.309610,48.400000,1.313171,274.220663,-0.064668,0.039975,0.076026,1.064364,4.401238
1221,24,-3.960302,13.716790,0.096647,-1.309610,48.800000,1.313171,274.220663,0.000000,0.000000,0.000000,1.051990,4.001240
1231,24,-3.921643,13.192940,0.096647,-1.309610,49.200000,1.313171,274.220663,0.000000,0.000000,0.000000,1.038875,3.601239
1241,24,-3.882985,12.669100,0.096647,-1.309610,49.600000,1.313171,274.220663,0.000000,0.000000,0.000000,1.026049,2.634705
1251,24,-3.859924,12.165040,0.057651,-1.260158,50.000000,1.261476,272.619410,-0.097488,0.123630,0.157443,1.026721,2.339163
1261,24,-3.847262,11.674160,0.031654,-1.227190,50.400000,1.227598,271.477567,-0.064992,0.082420,0.104962,1.006030,2.790031
1271,24,-3.834601,11.183280,0.031654,-1.227190,50.800000,1.227598,271.477567,0.000000,0.000000,0.000000,0.965131,3.616396
1281,24,-3.821939,10.692410,0.031654,-1.227190,51.200000,1.227598,271.477567,0.000000,0.000000,0.000000,0.924295,3.216377
1291,24,-3.818558,10.195740,0.008453,-1.241679,51.600000,1.241708,270.390054,-0.058003,-0.036223,0.068384,0.893498,4.025097
1301,24,-3.824457,9.693269,-0.014748,-1.256169,52.000000,1.256256,269.327351,-0.058003,-0.036225,0.068386,0.874868,
1311,24,-3.830356,9.190802,-0.014748,-1.256169,52.400000,1.256256,269.327351,0.000000,0.000000,0.000000,0.873991,
1321,24,-3.836255,8.688334,-0.014748,-1.256169,52.800000,1.256256,269.327351,0.000000,0.000000,0.000000,0.873780,
1331,24,-3.845891,8.181369,-0.024088,-1.267413,53.200000,1.267642,268.911168,-0.023351,-0.028110,0.036544,0.878932,
1341,24,-3.889151,7.633923,-0.108152,-1.368615,53.600000,1.372882,265.481699,-0.210159,-0.253005,0.328905,0.928727,
1351,24,-3.932412,7.086477,-0.108152,-1.368615,54.000000,1.372882,265.481699,0.000000,0.000000,0.000000,0.958286,
1361,24,-3.975673,6.539031,-0.108152,-1.368615,54.400000,1.372882,265.481699,0.000000,0.000000,0.000000,0.934784,
1371,24,-4.018934,5.991586,-0.108152,-1.368615,54.800000,1.372882,265.481699,0.000000,0.000000,0.000000,0.912733,
1381,24,-4.062195,5.444140,-0.108152,-1.368615,55.200000,1.372882,265.481699,0.000000,0.000000,0.000000,0.892238,
1101,25,-3.374347,20.582830,0.064891,-1.567925,44.000000,1.569267,272.369933,,,,0.652386,
1111,25,-3.348391,19.955660,0.064891,-1.567925,44.400000,1.569267,272.369933,0.000000,0.000000,0.000000,0.643000,
1121,25,-3.322434,19.328490,0.064891,-1.567925,44.800000,1.569267,272.369933,0.000000,0.000000,0.000000,0.638627,
1131,25,-3.296478,18.701320,0.064891,-1.567925,45.200000,1.569267,272.369933,0.000000,0.000000,0.000000,0.680678,
1141,25,-3.240355,18.124020,0.140305,-1.443247,45.600000,1.450051,275.552571,0.188536,0.311695,0.364279,0.811482,
1151,25,-3.184233,17.546730,0.140305,-1.443247,46.000000,1.450051,275.552571,0.000000,0.000000,0.000000,0.945109,
1161,25,-3.128111,16.969430,0.140305,-1.443247,46.400000,1.450051,275.552571,0.000000,0.000000,0.000000,1.080509,3.751398
1171,25,-3.078207,16.407720,0.124760,-1.404280,46.800000,1.409811,275.076993,-0.038863,0.097418,0.104883,1.116289,
1181,25,-3.042812,15.882370,0.088488,-1.313359,47.200000,1.316337,273.854503,-0.090680,0.227302,0.244723,1.098613,5.836293
1191,25,-3.007416,15.357030,0.088488,-1.313359,47.600000,1.316337,273.854503,0.000000,0.000000,0.000000,1.081006,5.436268
1201,25,-2.972021,14.831680,0.088488,-1.313359,48.000000,1.316337,273.854503,0.000000,0.000000,0.000000,1.067715,3.765016
1211,25,-2.936626,14.306340,0.088488,-1.313359,48.400000,1.316337,273.854503,0.000000,0.000000,0.000000,1.064364,2.299699
1221,25,-2.911355,13.796750,0.063176,-1.273978,48.800000,1.275543,272.838965,-0.063279,0.098453,0.117035,1.051990,2.088755
1231,25,-2.887210,13.288910,0.060364,-1.269602,49.200000,1.271036,272.722112,-0.007031,0.010940,0.013005,1.038875,1.710089
1241,25,-2.863064,12.781070,0.060364,-1.269602,49.600000,1.271036,272.722112,0.000000,0.000000,0.000000,1.026049,0.906711
1251,25,-2.838919,12.273230,0.060364,-1.269602,50.000000,1.271036,272.722112,0.000000,0.000000,0.000000,0.889500,0.506712
1261,25,-2.846565,11.777610,-0.019115,-1.239032,50.400000,1.239179,269.116135,-0.198698,0.076425,0.212889,0.742676,0.388735
1271,25,-2.875405,11.290150,-0.072101,-1.218652,50.800000,1.220783,266.614047,-0.132465,0.050950,0.141926,0.731523,3.616396
1281,25,-2.904246,10.802690,-0.072101,-1.218652,51.200000,1.220783,266.614047,0.000000,0.000000,0.000000,0.721405,3.216377
1291,25,-2.933086,10.315230,-0.072101,-1.218652,51.600000,1.220783,266.614047,0.000000,0.000000,0.000000,0.712363,4.025097
1301,25,-2.960124,9.828629,-0.067595,-1.216506,52.000000,1.218383,266.819633,0.011266,0.005365,0.012478,0.710037,
1311,25,-2.970940,9.349752,-0.027038,-1.197193,52.400000,1.197498,268.706222,0.101393,0.048283,0.112302,0.695686,4.405640
1321,25,-2.981755,8.870875,-0.027038,-1.197193,52.800000,1.197498,268.706222,0.000000,0.000000,0.000000,0.682120,4.005589
1331,25,-2.992570,8.391998,-0.027038,-1.197193,53.200000,1.197498,268.706222,0.000000,0.000000,0.000000,0.669389,3.605616
1341,25,-3.003385,7.913121,-0.027038,-1.197193,53.600000,1.197498,268.706222,0.000000,0.000000,0.000000,0.625675,0.235512
1351,25,-3.034498,7.421233,-0.077782,-1.229721,54.000000,1.232178,266.380786,-0.126859,-0.081320,0.150685,0.593543,
1361,25,-3.112971,6.898985,-0.196183,-1.305620,54.400000,1.320277,261.454643,-0.296004,-0.189748,0.351600,0.611095,
1371,25,-3.191444,6.376737,-0.196183,-1.305620,54.800000,1.320277,261.454643,0.000000,0.000000,0.000000,0.627695,
1381,25,-3.269918,5.854489,-0.196183,-1.305620,55.200000,1.320277,261.454643,0.000000,0.000000,0.000000,0.628324,
1391,25,-3.348391,5.332241,-0.196183,-1.305620,55.600000,1.320277,261.454643,0.000000,0.000000,0.000000,0.630547,
1161,26,-3.534080,5.509385,0.399331,1.558353,46.400000,1.608704,75.627116,,,,2.292550,3.751398
1171,26,-3.374347,6.132726,0.399331,1.558353,46.800000,1.608704,75.627116,0.000000,0.000000,0.000000,1.832343,3.454272
1181,26,-3.214615,6.756067,0.399331,1.558353,47.200000,1.608704,75.627116,0.000000,0.000000,0.000000,2.048919,3.070473
1191,26,-2.993258,7.343301,0.553391,1.468084,47.600000,1.568921,69.346174,0.385150,-0.225673,0.446395,3.360218,2.686305
1201,26,-2.745492,7.915060,0.619417,1.429398,48.000000,1.557837,66.570933,0.165065,-0.096715,0.191311,3.252174,2.360594
1211,26,-2.537250,8.518632,0.520605,1.508931,48.400000,1.596215,70.964754,-0.247030,0.198833,0.317109,3.291237,1.836007
1221,26,-2.368532,9.154018,0.421793,1.588464,48.800000,1.643511,75.129114,-0.247029,0.198833,0.317109,3.432909,1.341414
1231,26,-2.174357,9.755481,0.485437,1.503659,49.200000,1.580076,72.107999,0.159108,-0.212012,0.265075,3.378333,0.998990
1241,26,-1.954725,10.323020,0.549080,1.418854,49.600000,1.521393,68.844135,0.159109,-0.212013,0.265075,2.288432,
1251,26,-1.735093,10.890560,0.549080,1.418854,50.000000,1.521393,68.844135,0.000000,0.000000,0.000000,1.259091,
1261,26,-1.646385,11.451510,0.221771,1.402363,50.400000,1.419790,81.013599,-0.818272,-0.041228,0.819310,0.511261,
1271,26,-1.572223,12.011720,0.185404,1.400531,50.800000,1.412750,82.458975,-0.090919,-0.004580,0.091034,0.995221,
1281,26,-1.557391,12.560260,0.037081,1.371347,51.200000,1.371848,88.451120,-0.370807,-0.072960,0.377917,1.923620,
1291,26,-1.557391,13.105880,0.000000,1.364050,51.600000,1.364050,90.000000,-0.092702,-0.018243,0.094480,2.899779,
1301,26,-1.572100,13.649040,-0.036772,1.357885,52.000000,1.358383,91.551199,-0.091929,-0.015412,0.093212,3.913609,
1311,26,-1.719187,14.169990,-0.367717,1.302395,52.400000,1.353310,105.766459,-0.827364,-0.138725,0.838913,4.908173,
1321,26,-1.866274,14.690950,-0.367717,1.302395,52.800000,1.353310,105.766459,0.000000,0.000000,0.000000,5.483215,
1331,26,-2.022878,15.214400,-0.391511,1.308613,53.200000,1.365924,106.656130,-0.059484,0.015545,0.061481,4.476155,
1341,26,-2.265139,15.760220,-0.605652,1.364569,53.600000,1.492938,113.933626,-0.535353,0.139890,0.553328,3.546714,
1351,26,-2.507400,16.306050,-0.605652,1.364569,54.000000,1.492938,113.933626,0.000000,0.000000,0.000000,2.777854,
1361,26,-2.744123,16.858900,-0.591809,1.382123,54.400000,1.503496,113.180032,0.034609,0.043885,0.055890,2.346006,
1371,26,-2.931010,17.474950,-0.467217,1.540115,54.800000,1.609424,106.875972,0.311478,0.394980,0.503019,2.514919,
1381,26,-3.117897,18.090990,-0.467217,1.540115,55.200000,1.609424,106.875972,0.000000,0.000000,0.000000,3.271556,
1391,26,-3.235126,18.729520,-0.293073,1.596307,55.600000,1.622987,100.403317,0.435362,0.140480,0.457465,4.261111,
1401,26,-3.305916,19.383020,-0.176976,1.633769,56.000000,1.643326,96.182398,0.290241,0.093655,0.304977,5.390184,
1411,26,-3.376707,20.036530,-0.176976,1.633769,56.400000,1.643326,96.182398,0.000000,0.000000,0.000000,6.571941,
1311,27,0.307770,20.354450,-0.339907,-1.432842,52.400000,1.472607,256.654665,,,,6.508156,
1321,27,0.171807,19.781320,-0.339907,-1.432842,52.800000,1.472607,256.654665,0.000000,0.000000,0.000000,5.483215,
1331,27,0.024828,19.194710,-0.367449,-1.466523,53.200000,1.511856,255.933687,-0.068854,-0.084202,0.108770,4.476155,
1341,27,-0.133168,18.594630,-0.394991,-1.500205,53.600000,1.551333,255.249304,-0.068855,-0.084205,0.108773,3.546714,
1351,27,-0.289620,17.978750,-0.391130,-1.539702,54.000000,1.588605,255.746672,0.009652,-0.098743,0.099213,2.777854,
1361,27,-0.439895,17.299670,-0.375686,-1.697690,54.400000,1.738762,257.521954,0.038608,-0.394970,0.396852,2.346006,
1371,27,-0.562785,16.628590,-0.307225,-1.677698,54.800000,1.705596,259.622818,0.171155,0.049980,0.178303,2.514919,
1381,27,-0.621777,15.976170,-0.147480,-1.631049,55.200000,1.637703,264.833339,0.399361,0.116622,0.416041,3.271556,
1391,27,-0.669008,15.327740,-0.118079,-1.621072,55.600000,1.625367,265.833918,0.073502,0.024942,0.077619,4.261111,
1401,27,-0.610397,14.715230,0.146529,-1.531285,56.000000,1.538280,275.465992,0.661520,0.224468,0.698566,4.681313,
1411,27,-0.551785,14.102710,0.146529,-1.531285,56.400000,1.538280,275.465992,0.000000,0.000000,0.000000,4.131012,
1421,27,-0.493174,13.490200,0.146529,-1.531285,56.800000,1.538280,275.465992,0.000000,0.000000,0.000000,3.583790,
1431,27,-0.452617,12.808130,0.101393,-1.705172,57.200000,1.708184,273.402904,-0.112840,-0.434717,0.449124,2.985440,
1441,27,-0.412060,12.126060,0.101393,-1.705172,57.600000,1.708184,273.402904,0.000000,0.000000,0.000000,2.488026,
1451,27,-0.371503,11.443990,0.101393,-1.705172,58.000000,1.708184,273.402904,0.000000,0.000000,0.000000,2.004016,
1461,27,-0.311478,10.811490,0.150061,-1.581256,58.400000,1.588360,275.421131,0.121671,0.309790,0.332827,1.570790,
1471,27,-0.246587,10.191380,0.162228,-1.550278,58.800000,1.558743,275.973951,0.030418,0.077445,0.083204,1.177031,
1481,27,-0.181696,9.571269,0.162228,-1.550278,59.200000,1.558743,275.973951,0.000000,0.000000,0.000000,0.864631,
1491,27,-0.063269,8.969666,0.296067,-1.504009,59.600000,1.532873,281.136373,0.334596,0.115673,0.354026,0.686102,
1501,27,0.090848,8.380400,0.385292,-1.473163,60.000000,1.522714,284.656868,0.223064,0.077115,0.236017,0.755998,
1511,27,0.244965,7.791135,0.385292,-1.473163,60.400000,1.522714,284.656868,0.000000,0.000000,0.000000,1.049954,
1521,27,0.463119,7.255883,0.545386,-1.338131,60.800000,1.445005,292.174469,0.400234,0.337580,0.523591,1.378196,
1531,27,0.777329,6.801649,0.785526,-1.135584,61.200000,1.380798,304.673069,0.600351,0.506367,0.785385,1.678711,
1541,27,1.113445,6.440148,0.840289,-0.903753,61.600000,1.234040,312.916001,0.136908,0.579579,0.595529,1.938400,
1551,27,1.471466,6.171379,0.895052,-0.671922,62.000000,1.119195,323.104203,0.136908,0.579578,0.595528,2.156479,
1561,27,1.829487,5.902611,0.895052,-0.671922,62.400000,1.119195,323.104203,0.000000,0.000000,0.000000,2.414759,
1571,27,2.172931,5.710706,0.858611,-0.479761,62.800000,0.983557,330.805101,-0.091104,0.480401,0.488963,2.671342,
1581,27,2.506658,5.570045,0.834317,-0.351654,63.200000,0.905398,337.145174,-0.060736,0.320267,0.325975,2.900394,
1561,28,-1.800344,5.808326,-0.025957,1.320429,62.400000,1.320684,91.126155,,,,0.903936,3.983569
1571,28,-1.810727,6.336497,-0.025957,1.320429,62.800000,1.320684,91.126155,0.000000,0.000000,0.000000,0.869624,3.583568
1581,28,-1.830353,6.856899,-0.049066,1.301004,63.200000,1.301929,92.159835,-0.057774,-0.048562,0.075473,0.844939,3.918548
1591,28,-1.863845,7.365646,-0.083731,1.271867,63.600000,1.274620,93.766513,-0.086661,-0.072843,0.113209,0.849127,3.625340
1601,28,-1.897338,7.874392,-0.083731,1.271867,64.000000,1.274620,93.766513,0.000000,0.000000,0.000000,0.876171,3.312161
1611,28,-1.916456,8.391374,-0.047796,1.292456,64.400000,1.293339,92.117888,0.089836,0.051472,0.103537,0.888977,
1621,28,-1.902036,8.927573,0.036051,1.340497,64.800000,1.340982,88.459485,0.209617,0.120103,0.241587,0.868240,2.451268
1631,28,-1.887616,9.463772,0.036051,1.340497,65.200000,1.340982,88.459485,0.000000,0.000000,0.000000,0.843385,2.051268
1641,28,-1.873195,9.999971,0.036051,1.340497,65.600000,1.340982,88.459485,0.000000,0.000000,0.000000,0.808505,1.696291
1651,28,-1.881400,10.531580,-0.020512,1.329032,66.000000,1.329190,90.884204,-0.141406,-0.028662,0.144282,0.796149,1.325574
1661,28,-1.899301,11.061230,-0.044753,1.324118,66.400000,1.324874,91.935749,-0.060602,-0.012285,0.061835,0.793475,0.916084
1671,28,-1.917202,11.590880,-0.044753,1.324118,66.800000,1.324874,91.935749,0.000000,0.000000,0.000000,0.808290,0.528106
1681,28,-1.906939,12.101790,0.025658,1.277286,67.200000,1.277544,88.849195,0.176027,-0.117080,0.211408,0.812727,0.151003
1691,28,-1.889634,12.608020,0.043261,1.265578,67.600000,1.266317,88.042238,0.044007,-0.029270,0.052852,0.512531,
1701,28,-1.872330,13.114260,0.043261,1.265578,68.000000,1.266317,88.042238,0.000000,0.000000,0.000000,0.810786,
1711,28,-1.890167,13.645670,-0.044592,1.328530,68.400000,1.329278,91.922405,-0.219632,0.157380,0.270198,0.791276,4.064832
1721,28,-1.916789,14.183370,-0.066555,1.344268,68.800000,1.345915,92.834419,-0.054908,0.039345,0.067549,0.774402,5.243970
1731,28,-1.943411,14.721080,-0.066555,1.344268,69.200000,1.345915,92.834419,0.000000,0.000000,0.000000,0.757912,4.843974
1741,28,-1.970033,15.258790,-0.066555,1.344268,69.600000,1.345915,92.834419,0.000000,0.000000,0.000000,0.732024,2.046903
1751,28,-2.096370,15.834930,-0.315843,1.440354,70.000000,1.474577,102.368162,-0.623221,0.240215,0.667913,0.765542,
1761,28,-2.233787,16.415340,-0.343542,1.451030,70.400000,1.491144,103.319936,-0.069247,0.026690,0.074212,0.809954,
1771,28,-2.371204,16.995760,-0.343542,1.451030,70.800000,1.491144,103.319936,0.000000,0.000000,0.000000,0.854369,
1781,28,-2.483173,17.572990,-0.279923,1.443095,71.200000,1.469993,100.977577,0.159047,-0.019837,0.160280,0.876553,
1791,28,-2.569695,18.147060,-0.216304,1.435160,71.600000,1.451369,98.570989,0.159047,-0.019838,0.160280,0.880566,
1801,28,-2.656217,18.721120,-0.216304,1.435160,72.000000,1.451369,98.570989,0.000000,0.000000,0.000000,0.884711,
1811,28,-2.747065,19.291390,-0.227120,1.425677,72.400000,1.443654,99.051525,-0.027038,-0.023707,0.035960,0.893671,
1821,28,-2.855217,19.846490,-0.270380,1.387744,72.800000,1.413838,101.025073,-0.108152,-0.094833,0.143841,0.921912,
1831,28,-2.963369,20.401590,-0.270380,1.387744,73.200000,1.413838,101.025073,0.000000,0.000000,0.000000,0.950915,
1561,29,-0.896612,5.827523,-0.111242,1.264216,62.400000,1.269101,95.028677,,,,0.903936,3.983569
1571,29,-0.941109,6.333210,-0.111242,1.264216,62.800000,1.269101,95.028677,0.000000,0.000000,0.000000,0.869624,3.583568
1581,29,-0.985606,6.838896,-0.111242,1.264216,63.200000,1.269101,95.028677,0.000000,0.000000,0.000000,0.844939,4.204295
1591,29,-1.014837,7.351447,-0.073076,1.281377,63.600000,1.283459,93.264010,0.095415,0.042903,0.104617,0.849127,3.760970
1601,29,-1.021167,7.874294,-0.015827,1.307118,64.000000,1.307214,90.693728,0.143123,0.064353,0.156925,0.876171,3.334057
1611,29,-1.027498,8.397141,-0.015827,1.307118,64.400000,1.307214,90.693728,0.000000,0.000000,0.000000,0.888977,2.934058
1621,29,-1.033829,8.919988,-0.015827,1.307118,64.800000,1.307214,90.693728,0.000000,0.000000,0.000000,0.868240,5.851318
1631,29,-1.044408,9.446494,-0.026448,1.316264,65.200000,1.316530,91.151102,-0.026552,0.022865,0.035040,0.843385,4.072424
1641,29,-1.064900,9.981537,-0.051230,1.337606,65.600000,1.338587,92.193342,-0.061955,0.053355,0.081763,0.808505,2.392635
1651,29,-1.085392,10.516580,-0.051230,1.337606,66.000000,1.338587,92.193342,0.000000,0.000000,0.000000,0.796149,6.424446
1661,29,-1.105884,11.051620,-0.051230,1.337606,66.400000,1.338587,92.193342,0.000000,0.000000,0.000000,0.793475,
1671,29,-1.108920,11.587240,-0.007590,1.339052,66.800000,1.339074,90.324744,0.109101,0.003615,0.109161,0.808290,
1681,29,-1.094500,12.123440,0.036051,1.340497,67.200000,1.340982,88.459485,0.109101,0.003613,0.109161,0.812727,
1691,29,-1.080080,12.659640,0.036051,1.340497,67.600000,1.340982,88.459485,0.000000,0.000000,0.000000,0.811198,
1701,29,-1.065659,13.195840,0.036051,1.340497,68.000000,1.340982,88.459485,0.000000,0.000000,0.000000,0.810786,
1711,29,-1.102100,13.716860,-0.091101,1.302562,68.400000,1.305744,94.000750,-0.317880,-0.094837,0.331725,0.791276,4.064832
1721,29,-1.144191,14.236200,-0.105229,1.298347,68.800000,1.302604,94.633610,-0.035320,-0.010538,0.036858,0.774402,5.243970
1731,29,-1.186283,14.755540,-0.105229,1.298347,69.200000,1.302604,94.633610,0.000000,0.000000,0.000000,0.757912,4.843974
1741,29,-1.238592,15.287990,-0.130772,1.331124,69.600000,1.337532,95.610831,-0.063857,0.081943,0.103886,0.732024,2.046903
1751,29,-1.331769,15.872880,-0.232943,1.462233,70.000000,1.480671,99.051525,-0.255428,0.327772,0.415546,0.765542,
1761,29,-1.424946,16.457780,-0.232943,1.462233,70.400000,1.480671,99.051525,0.000000,0.000000,0.000000,0.809954,
1771,29,-1.518124,17.042670,-0.232943,1.462233,70.800000,1.480671,99.051525,0.000000,0.000000,0.000000,0.854369,
1781,29,-1.608325,17.627630,-0.225503,1.462390,71.200000,1.479674,98.766049,0.018601,0.000393,0.018605,0.876553,
1791,29,-1.691581,18.212730,-0.208142,1.462756,71.600000,1.477490,98.098499,0.043402,0.000915,0.043412,0.880566,
1801,29,-1.774838,18.797830,-0.208142,1.462756,72.000000,1.477490,98.098499,0.000000,0.000000,0.000000,0.884711,
1811,29,-1.858095,19.382930,-0.208142,1.462756,72.400000,1.477490,98.098499,0.000000,0.000000,0.000000,0.893671,
1821,29,-1.941352,19.968030,-0.208142,1.462756,72.800000,1.477490,98.098499,0.000000,0.000000,0.000000,0.921912,
1831,29,-2.024608,20.553140,-0.208142,1.462756,73.200000,1.477490,98.098499,0.000000,0.000000,0.000000,0.950915,
1571,30,-2.164125,19.908150,-0.027038,-1.716234,62.800000,1.716447,269.097421,,,,0.873484,1.239810
1581,30,-2.174940,19.221660,-0.027038,-1.716234,63.200000,1.716447,269.097421,0.000000,0.000000,0.000000,0.783779,0.839813
1591,30,-2.144008,18.563650,0.077329,-1.645031,63.600000,1.646848,272.691350,0.260917,0.178008,0.315855,0.725531,0.865852
1601,30,-2.071330,17.934110,0.181696,-1.573828,64.000000,1.584281,276.585540,0.260917,0.178008,0.315855,0.752979,3.334057
1611,30,-1.998652,17.304580,0.181696,-1.573828,64.400000,1.584281,276.585540,0.000000,0.000000,0.000000,0.818184,2.934058
1621,30,-1.987837,16.673160,0.027038,-1.578550,64.800000,1.578782,270.981289,-0.386644,-0.011805,0.386824,0.824491,2.451268
1631,30,-1.977021,16.041740,0.027038,-1.578550,65.200000,1.578782,270.981289,0.000000,0.000000,0.000000,0.859114,2.051268
1641,30,-2.022532,15.407510,-0.113776,-1.585575,65.600000,1.589652,265.895662,-0.352035,-0.017563,0.352473,0.841481,1.696291
1651,30,-2.105593,14.771410,-0.207652,-1.590259,66.000000,1.603759,262.560550,-0.234690,-0.011710,0.234982,0.784549,1.304749
1661,30,-2.188544,14.137000,-0.207379,-1.586029,66.400000,1.599529,262.550635,0.000683,0.010575,0.010597,0.720489,0.844998
1671,30,-2.270512,13.517820,-0.204920,-1.547955,66.800000,1.561460,262.458972,0.006148,0.095185,0.095383,0.657374,0.379808
1681,30,-2.336087,12.911440,-0.163936,-1.515939,67.200000,1.524777,263.827934,0.102460,0.080040,0.130017,0.682596,0.151003
1691,30,-2.336087,12.356290,0.000000,-1.387871,67.600000,1.387871,270.000000,0.409840,0.320170,0.520074,0.512531,1.894873
1701,30,-2.321928,11.768510,0.035395,-1.469465,68.000000,1.469891,271.379826,0.088488,-0.203985,0.222351,0.913950,1.466926
1711,30,-2.298332,11.158960,0.058992,-1.523861,68.400000,1.525002,272.216941,0.058992,-0.135990,0.148234,1.091628,1.047325
1721,30,-2.338163,10.582980,-0.099579,-1.439957,68.800000,1.443396,266.044072,-0.396427,0.209760,0.448501,1.200451,0.660801
1731,30,-2.473137,10.057340,-0.337435,-1.314100,69.200000,1.356732,255.598725,-0.594640,0.314642,0.672753,1.117097,0.520211
1741,30,-2.608111,9.531699,-0.337435,-1.314100,69.600000,1.356732,255.598725,0.000000,0.000000,0.000000,0.735719,2.365683
1751,30,-2.661886,8.979903,-0.134437,-1.379491,70.000000,1.386026,264.433874,0.507494,-0.163477,0.533175,0.809927,
1761,30,-2.706638,8.425200,-0.111881,-1.386756,70.400000,1.391262,265.387449,0.056388,-0.018162,0.059241,0.899791,
1771,30,-2.751391,7.870497,-0.111881,-1.386756,70.800000,1.391262,265.387449,0.000000,0.000000,0.000000,0.822819,
1781,30,-2.715996,7.281146,0.088488,-1.473379,71.200000,1.476034,273.436939,0.500924,-0.216557,0.545731,0.854441,
1791,30,-2.680600,6.691794,0.088488,-1.473379,71.600000,1.476034,273.436939,0.000000,0.000000,0.000000,0.898483,
1801,30,-2.645205,6.102442,0.088488,-1.473379,72.000000,1.476034,273.436939,0.000000,0.000000,0.000000,0.942563,
1811,30,-2.609810,5.513091,0.088488,-1.473379,72.400000,1.476034,273.436939,0.000000,0.000000,0.000000,3.595460,
1571,31,-3.003540,20.149720,0.208579,-1.712738,62.800000,1.725392,276.943356,,,,0.873484,1.239810
1581,31,-2.920108,19.464630,0.208579,-1.712738,63.200000,1.725392,276.943356,0.000000,0.000000,0.000000,0.783779,0.839813
1591,31,-2.836677,18.779530,0.208579,-1.712738,63.600000,1.725392,276.943356,0.000000,0.000000,0.000000,0.725531,0.865852
1601,31,-2.803304,18.110720,0.083432,-1.672026,64.000000,1.674106,272.856607,-0.312869,0.101780,0.329008,0.752979,3.312161
1611,31,-2.803304,17.452770,-0.000000,-1.644884,64.400000,1.644884,270.000000,-0.208579,0.067855,0.219339,0.818184,
1621,31,-2.803304,16.794810,0.000000,-1.644884,64.800000,1.644884,270.000000,0.000000,0.000000,0.000000,0.824491,
1631,31,-2.829260,16.150210,-0.064891,-1.611516,65.200000,1.612822,267.694103,-0.162228,0.083420,0.182420,0.859114,
1641,31,-2.858101,15.507080,-0.072101,-1.607808,65.600000,1.609424,267.432316,-0.018025,0.009270,0.020269,0.841481,5.666530
1651,31,-2.883431,14.873810,-0.063324,-1.583192,66.000000,1.584458,267.709528,0.021944,0.061540,0.065335,0.784549,1.304749
1661,31,-2.894716,14.279920,-0.028214,-1.484726,66.400000,1.484994,268.911364,0.087776,0.246165,0.261346,0.720489,0.844998
1671,31,-2.906001,13.686030,-0.028214,-1.484726,66.800000,1.484994,268.911364,0.000000,0.000000,0.000000,0.657374,0.379808
1681,31,-2.992079,13.100150,-0.215193,-1.464680,67.200000,1.480404,261.641819,-0.467448,0.050115,0.470127,0.682596,
1691,31,-3.086466,12.515170,-0.235968,-1.462453,67.600000,1.481368,260.834263,-0.051939,0.005568,0.052236,0.767015,
1701,31,-3.218608,11.945340,-0.330356,-1.424585,68.000000,1.462388,256.944098,-0.235968,0.094670,0.254251,0.913950,
1711,31,-3.366931,11.382000,-0.370807,-1.408355,68.400000,1.456352,255.249297,-0.101129,0.040575,0.108965,1.091628,
1721,31,-3.515254,10.818650,-0.370807,-1.408355,68.800000,1.456352,255.249297,0.000000,0.000000,0.000000,1.200451,
1731,31,-3.576808,10.230010,-0.153885,-1.471622,69.200000,1.479646,264.030370,0.542306,-0.158167,0.564900,1.117097,3.428612
1741,31,-3.628721,9.638545,-0.129783,-1.478651,69.600000,1.484336,264.983950,0.060256,-0.017573,0.062766,1.026188,2.365683
1751,31,-3.644487,9.030765,-0.039415,-1.519450,70.000000,1.519961,268.514046,0.225918,-0.101997,0.247876,0.983916,
1761,31,-3.606033,8.398506,0.096135,-1.580649,70.400000,1.583570,273.480448,0.338877,-0.152997,0.371814,0.899791,
1771,31,-3.567579,7.766246,0.096135,-1.580649,70.800000,1.583570,273.480448,0.000000,0.000000,0.000000,0.822819,
1781,31,-3.561090,7.155105,0.016223,-1.527854,71.200000,1.527940,270.608346,-0.199781,0.131987,0.239443,0.854441,
1791,31,-3.568300,6.553013,-0.018025,-1.505228,71.600000,1.505336,269.313906,-0.085620,0.056565,0.102618,0.898483,
1801,31,-3.575510,5.950922,-0.018025,-1.505228,72.000000,1.505336,269.313906,0.000000,0.000000,0.000000,0.942563,
1671,32,-2.706638,5.676818,0.067129,1.291487,66.800000,1.293230,87.024557,,,,0.871694,2.571614
1681,32,-2.679787,6.193413,0.067129,1.291487,67.200000,1.293230,87.024557,0.000000,0.000000,0.000000,0.856351,2.187135
1691,32,-2.652935,6.710008,0.067129,1.291487,67.600000,1.293230,87.024557,0.000000,0.000000,0.000000,0.841931,1.894873
1701,32,-2.619878,7.213119,0.082643,1.257778,68.000000,1.260490,86.240745,0.038786,-0.084272,0.092769,0.845766,1.466926
1711,32,-2.585269,7.712859,0.086522,1.249350,68.400000,1.252342,86.038398,0.009696,-0.021070,0.023194,0.847681,1.047325
1721,32,-2.550660,8.212599,0.086522,1.249350,68.800000,1.252342,86.038398,0.000000,0.000000,0.000000,0.879124,0.660801
1731,32,-2.355863,8.609333,0.486994,0.991836,69.200000,1.104944,63.848851,1.001180,-0.643786,1.190303,0.860126,0.520211
1741,32,-2.121018,8.980316,0.587112,0.927457,69.600000,1.097669,57.664804,0.250295,-0.160947,0.297576,0.735719,
1751,32,-1.949623,9.365471,0.428488,0.962888,70.000000,1.053924,66.010772,-0.396558,0.088578,0.406330,0.743036,
1761,32,-1.805420,9.756701,0.360507,0.978073,70.400000,1.042397,69.766652,-0.169953,0.037962,0.174141,0.707748,
1771,32,-1.791000,10.091900,0.036051,0.838005,70.800000,0.838780,87.536672,-0.811141,-0.350169,0.883498,0.769422,
1781,32,-1.791000,10.420880,0.000000,0.822442,71.200000,0.822442,90.000000,-0.090127,-0.038907,0.098166,0.817395,
1791,32,-1.787885,10.691130,0.007787,0.675614,71.600000,0.675659,89.339652,0.019467,-0.367071,0.367587,0.880654,
1801,32,-1.772311,10.726450,0.038935,0.088300,72.000000,0.096503,66.205615,0.077870,-1.468283,1.470347,0.872363,
1811,32,-1.756737,10.761770,0.038935,0.088300,72.400000,0.096503,66.205615,0.000000,0.000000,0.000000,0.864749,
1821,32,-1.741163,10.797090,0.038935,0.088300,72.800000,0.096503,66.205615,0.000000,0.000000,0.000000,0.857830,
1831,32,-1.725589,10.832410,0.038935,0.088300,73.200000,0.096503,66.205615,0.000000,0.000000,0.000000,0.851623,
1841,32,-1.710015,10.867730,0.038935,0.088300,73.600000,0.096503,66.205615,0.000000,0.000000,0.000000,0.846144,
1851,32,-1.694441,10.903050,0.038935,0.088300,74.000000,0.096503,66.205615,0.000000,0.000000,0.000000,0.841407,
1861,32,-1.678868,10.938370,0.038935,0.088300,74.400000,0.096503,66.205615,0.000000,0.000000,0.000000,0.837423,
1871,32,-1.663294,10.973690,0.038935,0.088300,74.800000,0.096503,66.205615,0.000000,0.000000,0.000000,0.834205,
1881,32,-1.647720,11.009010,0.038935,0.088300,75.200000,0.096503,66.205615,0.000000,0.000000,0.000000,0.831762,
1891,32,-1.626608,11.066510,0.052778,0.143768,75.600000,0.153149,69.841405,0.034609,0.138668,0.142922,0.832417,
1901,32,-1.583348,11.212770,0.108152,0.365636,76.000000,0.381296,73.522218,0.138435,0.554672,0.571686,0.856382,
1911,32,-1.540087,11.359020,0.108152,0.365636,76.400000,0.381296,73.522218,0.000000,0.000000,0.000000,0.901605,
1921,32,-1.517818,11.428630,0.055672,0.174007,76.800000,0.182696,72.258430,-0.131201,-0.479074,0.496715,0.926776,9.256906
1931,32,-1.500797,11.479060,0.042552,0.126099,77.200000,0.133085,71.353239,-0.032800,-0.119769,0.124179,0.945313,8.254194
1941,32,-1.483777,11.529500,0.042552,0.126099,77.600000,0.133085,71.353239,0.000000,0.000000,0.000000,0.965192,7.603260
1951,32,-1.466756,11.579940,0.042552,0.126099,78.000000,0.133085,71.353239,0.000000,0.000000,0.000000,0.986322,7.203260
1961,32,-1.449735,11.630380,0.042552,0.126099,78.400000,0.133085,71.353239,0.000000,0.000000,0.000000,1.008627,6.803262
1971,32,-1.432715,11.680820,0.042552,0.126099,78.800000,0.133085,71.353239,0.000000,0.000000,0.000000,0.854625,0.829502
1981,32,-1.511967,11.849460,-0.198131,0.421596,79.200000,0.465831,115.171434,-0.601707,0.738741,0.952780,0.847900,
1991,32,-1.632480,12.068760,-0.301281,0.548237,79.600000,0.625567,118.790778,-0.257875,0.316604,0.408334,0.829776,
2001,32,-1.752992,12.288050,-0.301281,0.548237,80.000000,0.625567,118.790778,0.000000,0.000000,0.000000,0.756298,
2011,32,-1.845598,12.662920,-0.231515,0.937177,80.400000,0.965350,103.876205,0.174415,0.972350,0.987869,0.715727,1.296109
2021,32,-1.935103,13.055080,-0.223763,0.980393,80.800000,1.005604,102.856856,0.019380,0.108039,0.109763,0.757784,
2031,32,-2.024608,13.447240,-0.223763,0.980393,81.200000,1.005604,102.856856,0.000000,0.000000,0.000000,0.806181,
2041,32,-2.120744,13.908560,-0.240338,1.153312,81.600000,1.178088,101.771373,-0.041438,0.432298,0.434279,0.864163,
2051,32,-2.216879,14.369890,-0.240338,1.153312,82.000000,1.178088,101.771373,0.000000,0.000000,0.000000,0.915440,
2061,32,-2.299747,14.828640,-0.207172,1.146889,82.400000,1.165450,100.239366,0.082916,-0.016057,0.084457,0.948985,
2071,32,-2.351660,15.281400,-0.129783,1.131900,82.800000,1.139316,96.540917,0.193472,-0.037473,0.197068,0.951476,
2081,32,-2.403574,15.734160,-0.129783,1.131900,83.200000,1.139316,96.540917,0.000000,0.000000,0.000000,0.953970,
2091,32,-2.442908,16.193450,-0.098335,1.148226,83.600000,1.152429,94.894926,0.078618,0.040815,0.088582,0.926115,5.432089
2101,32,-2.452891,16.667980,-0.024958,1.186319,84.000000,1.186582,91.205231,0.183443,0.095232,0.206689,0.844285,1.357060
2111,32,-2.462874,17.142510,-0.024958,1.186319,84.400000,1.186582,91.205231,0.000000,0.000000,0.000000,0.765870,0.957064
2121,32,-2.529463,17.663840,-0.166471,1.303320,84.800000,1.313909,97.278890,-0.353782,0.292503,0.459042,0.769311,9.265243
2131,32,-2.620310,18.205220,-0.227120,1.353463,85.200000,1.372387,99.525837,-0.151621,0.125357,0.196732,0.820405,8.861257
2141,32,-2.711158,18.746610,-0.227120,1.353463,85.600000,1.372387,99.525837,0.000000,0.000000,0.000000,0.872175,8.461263
2151,32,-2.802006,19.287990,-0.227120,1.353463,86.000000,1.372387,99.525837,0.000000,0.000000,0.000000,0.924501,8.061252
2161,32,-2.892854,19.829380,-0.227120,1.353463,86.400000,1.372387,99.525837,0.000000,0.000000,0.000000,0.977299,6.327870
2171,32,-2.983702,20.370760,-0.227120,1.353463,86.800000,1.372387,99.525837,0.000000,0.000000,0.000000,1.030491,5.927867
1671,33,-1.836183,5.630353,0.024034,1.224648,66.800000,1.224884,88.875710,,,,0.871694,
1681,33,-1.826570,6.120213,0.024034,1.224648,67.200000,1.224884,88.875710,0.000000,0.000000,0.000000,0.856351,
1691,33,-1.816956,6.610072,0.024034,1.224648,67.600000,1.224884,88.875710,0.000000,0.000000,0.000000,0.841931,2.128105
1701,33,-1.779875,7.114558,0.092702,1.261217,68.000000,1.264619,85.796211,0.171670,0.091422,0.194496,0.845766,
1711,33,-1.742795,7.619045,0.092702,1.261217,68.400000,1.264619,85.796211,0.000000,0.000000,0.000000,0.847681,1.252412
1721,33,-1.677017,8.114584,0.164445,1.238846,68.800000,1.249713,82.438734,0.179358,-0.055928,0.187875,0.879124,
1731,33,-1.496450,8.574329,0.451418,1.149363,69.200000,1.234833,68.557350,0.717432,-0.223707,0.751501,0.860126,
1741,33,-1.315883,9.034074,0.451418,1.149363,69.600000,1.234833,68.557350,0.000000,0.000000,0.000000,0.806928,
1751,33,-1.219956,9.505789,0.239816,1.179288,70.000000,1.203425,78.505284,-0.529005,0.074812,0.534269,0.743036,
1761,33,-1.133435,9.978834,0.216304,1.182613,70.400000,1.202232,79.634959,-0.058778,0.008312,0.059363,0.707748,
1771,33,-1.052320,10.307220,0.202785,0.820970,70.800000,0.845644,76.125273,-0.033798,-0.904107,0.904739,0.769422,
1781,33,-0.976614,10.490950,0.189266,0.459327,71.200000,0.496793,67.605842,-0.033797,-0.904107,0.904738,0.817395,
1791,33,-0.907875,10.657470,0.171849,0.416292,71.600000,0.450368,67.568784,-0.043544,-0.107588,0.116066,0.880654,
1801,33,-0.901838,10.669060,0.015091,0.028977,72.000000,0.032671,62.489699,-0.391894,-0.968289,1.044588,0.872363,
1811,33,-0.895802,10.680650,0.015091,0.028977,72.400000,0.032671,62.489699,0.000000,0.000000,0.000000,0.864749,
1821,33,-0.889765,10.692240,0.015091,0.028977,72.800000,0.032671,62.489699,0.000000,0.000000,0.000000,0.857830,
1831,33,-0.883729,10.703830,0.015091,0.028977,73.200000,0.032671,62.489699,0.000000,0.000000,0.000000,0.851623,
1841,33,-0.877692,10.715420,0.015091,0.028977,73.600000,0.032671,62.489699,0.000000,0.000000,0.000000,0.846144,
1851,33,-0.871656,10.727010,0.015091,0.028977,74.000000,0.032671,62.489699,0.000000,0.000000,0.000000,0.841407,
1861,33,-0.865620,10.738610,0.015091,0.028977,74.400000,0.032671,62.489699,0.000000,0.000000,0.000000,0.837423,
1871,33,-0.859583,10.750200,0.015091,0.028977,74.800000,0.032671,62.489699,0.000000,0.000000,0.000000,0.834205,
1881,33,-0.853547,10.761790,0.015091,0.028977,75.200000,0.032671,62.489699,0.000000,0.000000,0.000000,0.831762,
1891,33,-0.847511,10.773380,0.015091,0.028977,75.600000,0.032671,62.489699,0.000000,0.000000,0.000000,0.832417,
1901,33,-0.841474,10.784970,0.015091,0.028977,76.000000,0.032671,62.489699,0.000000,0.000000,0.000000,0.856382,
1911,33,-0.835438,10.796560,0.015091,0.028977,76.400000,0.032671,62.489699,0.000000,0.000000,0.000000,0.901605,6.509390
1921,33,-0.829401,10.808150,0.015091,0.028977,76.800000,0.032671,62.489699,0.000000,0.000000,0.000000,0.926776,6.109389
1931,33,-0.823365,10.819740,0.015091,0.028977,77.200000,0.032671,62.489699,0.000000,0.000000,0.000000,0.945313,5.408372
1941,33,-0.817329,10.831330,0.015091,0.028977,77.600000,0.032671,62.489699,0.000000,0.000000,0.000000,0.965192,4.823652
1951,33,-0.811292,10.842920,0.015091,0.028977,78.000000,0.032671,62.489699,0.000000,0.000000,0.000000,0.986322,4.423651
1961,33,-0.805256,10.854510,0.015091,0.028977,78.400000,0.032671,62.489699,0.000000,0.000000,0.000000,1.008627,4.023651
1971,33,-0.814386,11.090860,-0.022825,0.590870,78.800000,0.591310,92.212220,-0.094790,1.404732,1.407927,0.854625,0.829502
1981,33,-0.825201,11.352180,-0.027038,0.653302,79.200000,0.653862,92.369932,-0.010532,0.156081,0.156436,0.847900,
1991,33,-0.892904,11.692520,-0.169258,0.850855,79.600000,0.867527,101.250812,-0.355550,0.493882,0.608551,0.829776,
2001,33,-1.017496,12.111890,-0.311478,1.048408,80.000000,1.093699,106.546493,-0.355550,0.493883,0.608553,0.756298,
2011,33,-1.142087,12.531250,-0.311478,1.048408,80.400000,1.093699,106.546493,0.000000,0.000000,0.000000,0.715727,1.296109
2021,33,-1.180258,12.988410,-0.095428,1.142908,80.800000,1.146885,94.772904,0.540125,0.236250,0.589533,0.757784,
2031,33,-1.218429,13.445580,-0.095428,1.142908,81.200000,1.146885,94.772904,0.000000,0.000000,0.000000,0.806181,
2041,33,-1.256601,13.902740,-0.095428,1.142908,81.600000,1.146885,94.772904,0.000000,0.000000,0.000000,0.864163,
2051,33,-1.301534,14.356700,-0.112333,1.134912,82.000000,1.140458,95.652685,-0.042261,-0.019990,0.046750,0.915440,
2061,33,-1.350975,14.808540,-0.123603,1.129582,82.400000,1.136324,96.244644,-0.028174,-0.013325,0.031166,0.948985,
2071,33,-1.400416,15.260370,-0.123603,1.129582,82.800000,1.136324,96.244644,0.000000,0.000000,0.000000,0.951476,
2081,33,-1.449857,15.712200,-0.123603,1.129582,83.200000,1.136324,96.244644,0.000000,0.000000,0.000000,0.953970,
2091,33,-1.517591,16.155010,-0.169335,1.107019,83.600000,1.119895,98.696849,-0.114332,-0.056408,0.127490,0.926115,5.432089
2101,33,-1.612765,16.584280,-0.237935,1.073175,84.000000,1.099235,102.500892,-0.171498,-0.084610,0.191234,0.844285,1.357060
2111,33,-1.707939,17.013550,-0.237935,1.073175,84.400000,1.099235,102.500892,0.000000,0.000000,0.000000,0.765870,0.957064
2121,33,-1.784211,17.472950,-0.190681,1.148495,84.800000,1.164216,99.426631,0.118135,0.188300,0.222290,0.738090,
2131,33,-1.832131,17.977540,-0.119799,1.261474,85.200000,1.267150,95.424979,0.177203,0.282447,0.333433,0.820405,
2141,33,-1.880051,18.482130,-0.119799,1.261474,85.600000,1.267150,95.424979,0.000000,0.000000,0.000000,0.872175,
2151,33,-1.927970,18.986720,-0.119799,1.261474,86.000000,1.267150,95.424979,0.000000,0.000000,0.000000,0.924501,
2161,33,-1.975890,19.491310,-0.119799,1.261474,86.400000,1.267150,95.424979,0.000000,0.000000,0.000000,0.977299,
2171,33,-2.023810,19.995900,-0.119799,1.261474,86.800000,1.267150,95.424979,0.000000,0.000000,0.000000,1.030491,
2181,33,-2.071729,20.500490,-0.119799,1.261474,87.200000,1.267150,95.424979,0.000000,0.000000,0.000000,3.898709,
1821,34,0.534512,5.472032,-0.264372,0.470273,72.800000,0.539490,119.343263,,,,2.012446,
1831,34,0.428763,5.660141,-0.264372,0.470273,73.200000,0.539490,119.343263,0.000000,0.000000,0.000000,1.766096,
1841,34,0.323014,5.848250,-0.264372,0.470273,73.600000,0.539490,119.343263,0.000000,0.000000,0.000000,1.528178,
1851,34,0.190348,6.040037,-0.331667,0.479469,74.000000,0.583003,124.673073,-0.168237,0.022990,0.169800,1.304587,
1861,34,0.017304,6.237342,-0.432609,0.493262,74.400000,0.656093,131.251910,-0.252355,0.034484,0.254700,1.121036,3.931749
1871,34,-0.155739,6.434647,-0.432609,0.493262,74.800000,0.656093,131.251910,0.000000,0.000000,0.000000,1.005070,3.531746
1881,34,-0.328783,6.631952,-0.432609,0.493262,75.200000,0.656093,131.251910,0.000000,0.000000,0.000000,0.980960,3.131751
1891,34,-0.405987,6.798491,-0.193010,0.416346,75.600000,0.458908,114.871527,0.598997,-0.192291,0.629105,0.972342,
1901,34,-0.459231,6.957338,-0.133110,0.397117,76.000000,0.418832,108.530721,0.149749,-0.048073,0.157276,0.925286,
1911,34,-0.512475,7.116184,-0.133110,0.397117,76.400000,0.418832,108.530721,0.000000,0.000000,0.000000,0.907050,1.405113
1921,34,-0.565719,7.275031,-0.133110,0.397117,76.800000,0.418832,108.530721,0.000000,0.000000,0.000000,0.815702,1.005114
1931,34,-0.588564,7.490030,-0.057113,0.537497,77.200000,0.540523,96.065305,0.189994,0.350949,0.399078,0.795635,5.408372
1941,34,-0.608031,7.711268,-0.048668,0.553095,77.600000,0.555232,95.028677,0.021110,0.038995,0.044342,0.804471,4.823652
1951,34,-0.627499,7.932506,-0.048668,0.553095,78.000000,0.555232,95.028677,0.000000,0.000000,0.000000,0.819349,4.423651
1961,34,-0.646966,8.153743,-0.048668,0.553095,78.400000,0.555232,95.028677,0.000000,0.000000,0.000000,0.818673,4.023651
1971,34,-0.580540,8.340442,0.166066,0.466748,78.800000,0.495410,70.414717,0.536837,-0.215867,0.578613,0.812581,
1981,34,-0.504569,8.523304,0.189926,0.457154,79.200000,0.495037,67.439426,0.059648,-0.023985,0.064290,0.813592,
1991,34,-0.428599,8.706165,0.189926,0.457154,79.600000,0.495037,67.439426,0.000000,0.000000,0.000000,0.817185,
2001,34,-0.352629,8.889027,0.189926,0.457154,80.000000,0.495037,67.439426,0.000000,0.000000,0.000000,0.835802,
2011,34,-0.301745,8.959602,0.127211,0.176437,80.400000,0.217515,54.208523,-0.156787,-0.701791,0.719091,0.777600,
2021,34,-0.257132,9.002105,0.111532,0.106258,80.800000,0.154046,43.612904,-0.039197,-0.175448,0.179773,0.715399,
2031,34,-0.212519,9.044608,0.111532,0.106258,81.200000,0.154046,43.612904,0.000000,0.000000,0.000000,0.674415,
2041,34,-0.167906,9.087112,0.111532,0.106258,81.600000,0.154046,43.612904,0.000000,0.000000,0.000000,0.700210,
2051,34,-0.123294,9.129615,0.111532,0.106258,82.000000,0.154046,43.612904,0.000000,0.000000,0.000000,0.733534,
2061,34,-0.078681,9.172118,0.111532,0.106258,82.400000,0.154046,43.612904,0.000000,0.000000,0.000000,0.773415,
2071,34,-0.048947,9.326493,0.074335,0.385938,82.800000,0.393032,79.097803,-0.092992,0.699199,0.705356,0.818855,
2081,34,-0.041530,9.648676,0.018540,0.805458,83.200000,0.805671,88.681374,-0.139487,1.048799,1.058034,0.866018,
2091,34,-0.034114,9.970859,0.018540,0.805458,83.600000,0.805671,88.681374,0.000000,0.000000,0.000000,0.913495,
2101,34,-0.026698,10.293040,0.018540,0.805458,84.000000,0.805671,88.681374,0.000000,0.000000,0.000000,0.961237,3.504436
2111,34,-0.078519,10.674000,-0.129551,0.952406,84.400000,0.961176,97.746106,-0.370228,0.367370,0.521565,0.947672,
2121,34,-0.136921,11.061500,-0.146005,0.968733,84.800000,0.979674,98.570986,-0.041137,0.040819,0.057952,0.973754,
2131,34,-0.195323,11.448990,-0.146005,0.968733,85.200000,0.979674,98.570986,0.000000,0.000000,0.000000,1.003742,
2141,34,-0.253725,11.836480,-0.146005,0.968733,85.600000,0.979674,98.570986,0.000000,0.000000,0.000000,1.037298,1.741997
2151,34,-0.356427,12.180260,-0.256756,0.859437,86.000000,0.896970,106.633466,-0.276876,-0.273241,0.389000,1.032932,1.419121
2161,34,-0.464052,12.519180,-0.269062,0.847293,86.400000,0.888988,107.617475,-0.030764,-0.030360,0.043222,1.042745,1.155320
2171,34,-0.571677,12.858090,-0.269062,0.847293,86.800000,0.888988,107.617475,0.000000,0.000000,0.000000,1.053829,
2181,34,-0.679301,13.197010,-0.269062,0.847293,87.200000,0.888988,107.617475,0.000000,0.000000,0.000000,1.066148,
2191,34,-0.777567,13.536600,-0.245665,0.848969,87.600000,0.883799,106.138769,0.058492,0.004192,0.058642,0.707222,
2201,34,-0.873493,13.876350,-0.239816,0.849388,88.000000,0.882594,105.766453,0.014623,0.001048,0.014660,1.111780,
2211,34,-0.969419,14.216110,-0.239816,0.849388,88.400000,0.882594,105.766453,0.000000,0.000000,0.000000,1.133918,
2221,34,-1.065346,14.555860,-0.239816,0.849388,88.800000,0.882594,105.766453,0.000000,0.000000,0.000000,1.156598,
2231,34,-1.149503,14.884440,-0.210393,0.821438,89.200000,0.847953,104.366200,0.073557,-0.069876,0.101456,1.187382,
2241,34,-1.186584,15.168290,-0.092702,0.709635,89.600000,0.715665,97.442580,0.294228,-0.279506,0.405824,1.233979,
2251,34,-1.223664,15.452150,-0.092702,0.709635,90.000000,0.715665,97.442580,0.000000,0.000000,0.000000,1.279946,
2261,34,-1.260745,15.736000,-0.092702,0.709635,90.400000,0.715665,97.442580,0.000000,0.000000,0.000000,1.332168,
2271,34,-1.297826,16.019860,-0.092702,0.709635,90.800000,0.715665,97.442580,0.000000,0.000000,0.000000,1.389947,
2281,34,-1.334907,16.303710,-0.092702,0.709635,91.200000,0.715665,97.442580,0.000000,0.000000,0.000000,1.442064,
2291,34,-1.371987,16.587560,-0.092702,0.709635,91.600000,0.715665,97.442580,0.000000,0.000000,0.000000,1.401784,
2301,34,-1.439823,16.846450,-0.169590,0.647223,92.000000,0.669073,104.682932,-0.192220,-0.156030,0.247576,1.333631,
2311,34,-1.511076,17.102570,-0.178133,0.640289,92.400000,0.664606,105.546958,-0.021358,-0.017337,0.027509,1.265987,
2321,34,-1.582330,17.358680,-0.178133,0.640289,92.800000,0.664606,105.546958,0.000000,0.000000,0.000000,1.202834,
2331,34,-1.653583,17.614800,-0.178133,0.640289,93.200000,0.664606,105.546958,0.000000,0.000000,0.000000,1.144916,
2341,34,-1.724836,17.870910,-0.178133,0.640289,93.600000,0.664606,105.546958,0.000000,0.000000,0.000000,1.093068,
2351,34,-1.798015,18.191330,-0.182947,0.801047,94.000000,0.821672,102.864874,-0.012036,0.401895,0.402075,1.043242,3.607044
2361,34,-1.871675,18.527830,-0.184151,0.841236,94.400000,0.861156,102.347575,-0.003009,0.100474,0.100519,1.039904,
2371,34,-1.945336,18.864320,-0.184151,0.841236,94.800000,0.861156,102.347575,0.000000,0.000000,0.000000,1.038954,
2381,34,-2.018996,19.200820,-0.184151,0.841236,95.200000,0.861156,102.347575,0.000000,0.000000,0.000000,1.040391,
2391,34,-2.092657,19.537310,-0.184151,0.841236,95.600000,0.861156,102.347575,0.000000,0.000000,0.000000,1.044206,
2401,34,-2.166317,19.873810,-0.184151,0.841236,96.000000,0.861156,102.347575,0.000000,0.000000,0.000000,1.050377,
2411,34,-2.239977,20.210300,-0.184151,0.841236,96.400000,0.861156,102.347575,0.000000,0.000000,0.000000,1.058860,
1861,35,-0.947096,5.585228,-0.269062,0.530254,74.400000,0.594612,116.904167,,,,1.164183,3.931749
1871,35,-1.054721,5.797330,-0.269062,0.530254,74.800000,0.594612,116.904167,0.000000,0.000000,0.000000,1.101972,3.531746
1881,35,-1.162346,6.009431,-0.269062,0.530254,75.200000,0.594612,116.904167,0.000000,0.000000,0.000000,1.040365,3.131751
1891,35,-1.269970,6.221533,-0.269062,0.530254,75.600000,0.594612,116.904167,0.000000,0.000000,0.000000,1.038917,
1901,35,-1.319456,6.446920,-0.123716,0.563468,76.000000,0.576889,102.383419,0.363365,0.083035,0.372732,1.000257,
1911,35,-1.310804,6.685592,0.021630,0.596682,76.400000,0.597074,87.923869,0.363365,0.083035,0.372732,0.907050,1.405113
1921,35,-1.302152,6.924265,0.021630,0.596682,76.800000,0.597074,87.923869,0.000000,0.000000,0.000000,0.815702,1.005114
1931,35,-1.293770,7.121629,0.020954,0.493409,77.200000,0.493854,87.568181,-0.001690,-0.258181,0.258187,0.795635,7.059473
1941,35,-1.285659,7.277684,0.020279,0.390137,77.600000,0.390663,87.024557,-0.001690,-0.258182,0.258187,0.804471,8.662406
1951,35,-1.277547,7.433738,0.020279,0.390137,78.000000,0.390663,87.024557,0.000000,0.000000,0.000000,0.819349,8.262405
1961,35,-1.257711,7.608567,0.049590,0.437072,78.400000,0.439876,83.526897,0.073279,0.117338,0.138340,0.818673,6.591005
1971,35,-1.210518,7.827202,0.117984,0.546587,78.800000,0.559176,77.819245,0.170985,0.273789,0.322794,0.812581,
1981,35,-1.163324,8.045837,0.117984,0.546587,79.200000,0.559176,77.819245,0.000000,0.000000,0.000000,0.813592,
1991,35,-1.116130,8.264472,0.117984,0.546587,79.600000,0.559176,77.819245,0.000000,0.000000,0.000000,0.817185,
2001,35,-1.057728,8.440251,0.146005,0.439448,80.000000,0.463068,71.621081,0.070053,-0.267848,0.276857,0.835802,
2011,35,-0.999326,8.616030,0.146005,0.439448,80.400000,0.463068,71.621081,0.000000,0.000000,0.000000,0.777600,
2021,35,-0.940924,8.791810,0.146005,0.439448,80.800000,0.463068,71.621081,0.000000,0.000000,0.000000,0.715399,
2031,35,-0.882522,8.967589,0.146005,0.439448,81.200000,0.463068,71.621081,0.000000,0.000000,0.000000,0.674415,
2041,35,-0.868101,9.082537,0.036051,0.287370,81.600000,0.289623,82.849573,-0.274887,-0.380195,0.469160,0.700210,
2051,35,-0.853681,9.197485,0.036051,0.287370,82.000000,0.289623,82.849573,0.000000,0.000000,0.000000,0.733534,
2061,35,-0.839261,9.312433,0.036051,0.287370,82.400000,0.289623,82.849573,0.000000,0.000000,0.000000,0.773415,
2071,35,-0.847511,9.507652,-0.020624,0.488046,82.800000,0.488482,92.419823,-0.141688,0.501691,0.521315,0.818855,
2081,35,-0.889765,9.823276,-0.105637,0.789061,83.200000,0.796101,97.625237,-0.212532,0.752536,0.781972,0.866018,
2091,35,-0.932020,10.138900,-0.105637,0.789061,83.600000,0.796101,97.625237,0.000000,0.000000,0.000000,0.913495,
2101,35,-0.974275,10.454520,-0.105637,0.789061,84.000000,0.796101,97.625237,0.000000,0.000000,0.000000,0.961237,
2111,35,-1.021184,10.771280,-0.117273,0.791885,84.400000,0.800521,98.423900,-0.029090,0.007059,0.029934,0.947672,
2121,35,-1.109983,11.098200,-0.221997,0.817297,84.800000,0.846910,105.196205,-0.261809,0.063530,0.269407,0.973754,
2131,35,-1.198781,11.425120,-0.221997,0.817297,85.200000,0.846910,105.196205,0.000000,0.000000,0.000000,1.003742,
2141,35,-1.287580,11.752030,-0.221997,0.817297,85.600000,0.846910,105.196205,0.000000,0.000000,0.000000,1.037298,
2151,35,-1.383595,12.071290,-0.240038,0.798131,86.000000,0.833445,106.738701,-0.045105,-0.047915,0.065805,1.032932,
2161,35,-1.496450,12.372650,-0.282136,0.753410,86.400000,0.804504,110.529872,-0.105244,-0.111802,0.153545,1.042745,
2171,35,-1.609304,12.674010,-0.282136,0.753410,86.800000,0.804504,110.529872,0.000000,0.000000,0.000000,1.053829,
2181,35,-1.722159,12.975380,-0.282136,0.753410,87.200000,0.804504,110.529872,0.000000,0.000000,0.000000,1.066148,
2191,35,-1.835013,13.276740,-0.282136,0.753410,87.600000,0.804504,110.529872,0.000000,0.000000,0.000000,1.088907,
2201,35,-1.946090,13.583790,-0.277692,0.767608,88.000000,0.816294,109.888257,0.011109,0.035497,0.037195,1.111780,
2211,35,-2.056405,13.893260,-0.275788,0.773694,88.400000,0.821377,109.618935,0.004761,0.015213,0.015941,1.133918,
2221,35,-2.166720,14.202740,-0.275788,0.773694,88.800000,0.821377,109.618935,0.000000,0.000000,0.000000,1.156598,
2231,35,-2.277035,14.512220,-0.275788,0.773694,89.200000,0.821377,109.618935,0.000000,0.000000,0.000000,1.187382,
2241,35,-2.381228,14.859210,-0.260482,0.867472,89.600000,0.905737,106.713807,0.038265,0.234448,0.237550,1.233979,
2251,35,-2.482797,15.222270,-0.253922,0.907663,90.000000,0.942512,105.629170,0.016399,0.100477,0.101807,1.279946,
2261,35,-2.584366,15.585340,-0.253922,0.907663,90.400000,0.942512,105.629170,0.000000,0.000000,0.000000,1.332168,
2271,35,-2.685935,15.948400,-0.253922,0.907663,90.800000,0.942512,105.629170,0.000000,0.000000,0.000000,1.389947,
2281,35,-2.776966,16.307360,-0.227576,0.897382,91.200000,0.925789,104.230198,0.065866,-0.025703,0.070704,1.442064,
2291,35,-2.773149,16.629300,0.009543,0.804850,91.600000,0.804907,89.320695,0.592797,-0.231330,0.636334,1.401784,
2301,35,-2.769331,16.951240,0.009543,0.804850,92.000000,0.804907,89.320695,0.000000,0.000000,0.000000,1.333631,
2311,35,-2.765514,17.273180,0.009543,0.804850,92.400000,0.804907,89.320695,0.000000,0.000000,0.000000,1.265987,
2321,35,-2.761697,17.595120,0.009543,0.804850,92.800000,0.804907,89.320695,0.000000,0.000000,0.000000,1.202834,
2331,35,-2.757880,17.917060,0.009543,0.804850,93.200000,0.804907,89.320695,0.000000,0.000000,0.000000,1.144916,
2341,35,-2.754063,18.239000,0.009543,0.804850,93.600000,0.804907,89.320695,0.000000,0.000000,0.000000,1.093068,
2351,35,-2.777347,18.550860,-0.058211,0.779655,94.000000,0.781825,94.269948,-0.169385,-0.062989,0.180718,1.043242,3.607044
2361,35,-2.863869,18.839200,-0.216304,0.720866,94.400000,0.752619,106.702500,-0.395232,-0.146973,0.421675,1.039904,
2371,35,-2.950391,19.127550,-0.216304,0.720866,94.800000,0.752619,106.702500,0.000000,0.000000,0.000000,1.038954,
2381,35,-3.036913,19.415900,-0.216304,0.720866,95.200000,0.752619,106.702500,0.000000,0.000000,0.000000,1.040391,
2391,35,-3.123434,19.704240,-0.216304,0.720866,95.600000,0.752619,106.702500,0.000000,0.000000,0.000000,1.044206,
2401,35,-3.209956,19.992590,-0.216304,0.720866,96.000000,0.752619,106.702500,0.000000,0.000000,0.000000,1.050377,
2411,35,-3.296478,20.280940,-0.216304,0.720866,96.400000,0.752619,106.702500,0.000000,0.000000,0.000000,1.058860,
2031,36,-1.383954,5.599289,-0.560425,1.871978,81.200000,1.954067,106.666424,,,,3.405419,
2041,36,-1.608124,6.348080,-0.560425,1.871978,81.600000,1.954067,106.666424,0.000000,0.000000,0.000000,2.832823,
2051,36,-1.803978,7.078569,-0.489634,1.826221,82.000000,1.890721,105.008777,0.176976,-0.114392,0.210728,2.322255,
2061,36,-1.933761,7.766350,-0.324456,1.719454,82.400000,1.749798,100.685917,0.412944,-0.266917,0.491699,1.894282,
2071,36,-2.053449,8.456002,-0.299221,1.724130,82.800000,1.749902,99.845559,0.063089,0.011690,0.064163,1.600080,
2081,36,-2.149584,9.150018,-0.240338,1.735040,83.200000,1.751607,97.886438,0.147207,0.027275,0.149713,1.428433,
2091,36,-2.245719,9.844034,-0.240338,1.735040,83.600000,1.751607,97.886438,0.000000,0.000000,0.000000,1.346384,
2101,36,-2.334010,10.566690,-0.220726,1.806637,84.000000,1.820071,96.965610,0.049029,0.178992,0.185586,1.364354,8.013020
2111,36,-2.417071,11.308440,-0.207652,1.854369,84.400000,1.865959,96.389359,0.032686,0.119330,0.123726,1.495674,6.880028
2121,36,-2.501036,12.051800,-0.209913,1.858397,84.800000,1.870215,96.444458,-0.005652,0.010070,0.011548,1.686529,9.265243
2131,36,-2.593140,12.809650,-0.230259,1.894647,85.200000,1.908588,96.929264,-0.050866,0.090625,0.103924,1.964984,8.861257
2141,36,-2.685244,13.567510,-0.230259,1.894647,85.600000,1.908588,96.929264,0.000000,0.000000,0.000000,2.291164,8.461263
2151,36,-2.777347,14.325370,-0.230259,1.894647,86.000000,1.908588,96.929264,0.000000,0.000000,0.000000,2.650174,8.061252
2161,36,-2.870049,15.126140,-0.231755,2.001908,86.400000,2.015278,96.603557,-0.003738,0.268152,0.268179,2.320800,6.327870
2171,36,-2.962751,15.926900,-0.231755,2.001908,86.800000,2.015278,96.603557,0.000000,0.000000,0.000000,2.805880,5.927867
2181,36,-3.067383,16.731060,-0.261580,2.010405,87.200000,2.027351,97.413295,-0.074564,0.021243,0.077531,3.797648,
2191,36,-3.219737,17.548820,-0.380884,2.044393,87.600000,2.079571,100.553581,-0.298258,0.084970,0.310126,4.490894,
2201,36,-3.372090,18.366570,-0.380884,2.044393,88.000000,2.079571,100.553581,0.000000,0.000000,0.000000,4.990838,
2211,36,-3.524444,19.184330,-0.380884,2.044393,88.400000,2.079571,100.553581,0.000000,0.000000,0.000000,5.490953,
2221,36,-3.676797,20.002090,-0.380884,2.044393,88.800000,2.079571,100.553581,0.000000,0.000000,0.000000,5.992728,
2081,37,-1.972695,20.297900,0.648913,-1.693018,83.200000,1.813118,290.971212,,,,4.584035,
2091,37,-1.713130,19.620700,0.648913,-1.693018,83.600000,1.813118,290.971212,0.000000,0.000000,0.000000,3.471202,
2101,37,-1.510197,19.011070,0.507332,-1.524056,84.000000,1.606279,288.411709,-0.353952,0.422405,0.551097,2.428957,3.504436
2111,37,-1.321423,18.418350,0.471937,-1.481816,84.400000,1.555154,287.665916,-0.088488,0.105600,0.137773,1.457003,
2121,37,-1.132648,17.819710,0.471937,-1.496587,84.800000,1.569234,287.502251,0.000000,-0.036928,0.036928,0.738090,
2131,37,-0.943873,17.217140,0.471937,-1.506434,85.200000,1.578628,287.394767,0.000000,-0.024618,0.024618,1.169277,
2141,37,-0.791056,16.613800,0.382044,-1.508352,85.600000,1.555983,284.213289,-0.224732,-0.004795,0.224783,2.162537,1.741997
2151,37,-0.692174,16.009310,0.247205,-1.511229,86.000000,1.531314,279.290092,-0.337098,-0.007192,0.337174,2.680224,1.419121
2161,37,-0.566890,15.411750,0.313209,-1.493898,86.400000,1.526378,281.841045,0.165009,0.043327,0.170603,2.320800,1.155320
2171,37,-0.380003,14.830370,0.467217,-1.453457,86.800000,1.526705,287.820128,0.385022,0.101103,0.398075,1.981572,
2181,37,-0.193116,14.248980,0.467217,-1.453457,87.200000,1.526705,287.820128,0.000000,0.000000,0.000000,1.158886,
2191,37,-0.079600,13.650640,0.283791,-1.495861,87.600000,1.522543,280.742355,-0.458565,-0.106010,0.470659,0.707222,
2201,37,0.015574,13.048050,0.237935,-1.506462,88.000000,1.525136,278.975309,-0.114641,-0.026502,0.117665,1.215122,
2211,37,0.110748,12.445470,0.237935,-1.506462,88.400000,1.525136,278.975309,0.000000,0.000000,0.000000,2.074109,
2221,37,0.172745,11.860610,0.154993,-1.462151,88.800000,1.470343,276.050959,-0.207354,0.110778,0.235090,2.966015,
2231,37,0.226448,11.280180,0.134258,-1.451074,89.200000,1.457272,275.286131,-0.051838,0.027692,0.058772,3.857970,
2241,37,0.280151,10.699750,0.134258,-1.451074,89.600000,1.457272,275.286131,0.000000,0.000000,0.000000,4.703101,
2251,37,0.356312,10.083390,0.190402,-1.540897,90.000000,1.552616,277.044086,0.140360,-0.224557,0.264815,5.596419,
2261,37,0.434968,9.463040,0.196640,-1.550877,90.400000,1.563294,277.226143,0.015596,-0.024950,0.029423,6.498113,
2271,37,0.513624,8.842689,0.196640,-1.550877,90.800000,1.563294,277.226143,0.000000,0.000000,0.000000,7.402239,
2281,37,0.625468,8.287652,0.279610,-1.387593,91.200000,1.415484,281.392936,0.207424,0.408210,0.457886,8.252288,
2291,37,0.759437,7.776157,0.334923,-1.278737,91.600000,1.321870,284.677043,0.138283,0.272140,0.305258,9.065528,
2301,37,0.893406,7.264662,0.334923,-1.278737,92.000000,1.321870,284.677043,0.000000,0.000000,0.000000,9.861776,
2311,37,1.030274,6.820217,0.342169,-1.111111,92.400000,1.162604,287.116313,0.018115,0.419065,0.419456,10.591754,
2321,37,1.170040,6.442824,0.349415,-0.943484,92.800000,1.006108,290.321857,0.018115,0.419067,0.419458,11.257507,
2331,37,1.309806,6.065430,0.349415,-0.943484,93.200000,1.006108,290.321857,0.000000,0.000000,0.000000,11.923490,
2341,37,1.509939,5.998988,0.500334,-0.166105,93.600000,0.527186,341.634441,0.377298,1.943449,1.979734,12.304727,
2351,37,1.716780,5.967096,0.517103,-0.079729,94.000000,0.523213,351.234881,0.041922,0.215939,0.219970,12.719500,
2361,37,1.923621,5.935205,0.517103,-0.079729,94.400000,0.523213,351.234881,0.000000,0.000000,0.000000,13.152128,
2371,37,2.130462,5.903313,0.517103,-0.079729,94.800000,0.523213,351.234881,0.000000,0.000000,0.000000,13.586752,
2381,37,2.337303,5.871421,0.517103,-0.079729,95.200000,0.523213,351.234881,0.000000,0.000000,0.000000,14.023203,
2391,37,2.544144,5.839529,0.517103,-0.079729,95.600000,0.523213,351.234881,0.000000,0.000000,0.000000,14.461298,
2531,38,-2.175872,20.046230,0.156634,-1.263368,101.200000,1.273041,277.067549,,,,0.608858,
2541,38,-2.113219,19.540890,0.156634,-1.263368,101.600000,1.273041,277.067549,0.000000,0.000000,0.000000,0.614858,
2551,38,-2.050565,19.035540,0.156634,-1.263368,102.000000,1.273041,277.067549,0.000000,0.000000,0.000000,0.621175,
2561,38,-2.024608,18.457110,0.064891,-1.446064,102.400000,1.447519,272.569391,-0.229357,-0.456740,0.511093,0.672351,
2571,38,-1.998652,17.878690,0.064891,-1.446064,102.800000,1.447519,272.569391,0.000000,0.000000,0.000000,0.717390,
2581,38,-1.972695,17.300260,0.064891,-1.446064,103.200000,1.447519,272.569391,0.000000,0.000000,0.000000,0.769345,
2591,38,-1.946739,16.721840,0.064891,-1.446064,103.600000,1.447519,272.569391,0.000000,0.000000,0.000000,0.819470,
2601,38,-1.928198,16.191330,0.046351,-1.326274,104.000000,1.327084,272.001571,-0.046351,0.299475,0.303041,0.843531,
2611,38,-1.909658,15.660820,0.046351,-1.326274,104.400000,1.327084,272.001571,0.000000,0.000000,0.000000,0.867648,
2621,38,-1.891118,15.130310,0.046351,-1.326274,104.800000,1.327084,272.001571,0.000000,0.000000,0.000000,0.891818,
2631,38,-1.872577,14.599800,0.046351,-1.326274,105.200000,1.327084,272.001571,0.000000,0.000000,0.000000,0.916035,
2641,38,-1.859211,14.054770,0.033416,-1.362567,105.600000,1.362977,271.404848,-0.032338,-0.090733,0.096323,0.900129,
2651,38,-1.847138,13.506120,0.030182,-1.371640,106.000000,1.371972,271.260551,-0.008084,-0.022682,0.024080,0.887318,
2661,38,-1.835065,12.957460,0.030182,-1.371640,106.400000,1.371972,271.260551,0.000000,0.000000,0.000000,0.876056,
2671,38,-1.822993,12.408800,0.030182,-1.371640,106.800000,1.371972,271.260551,0.000000,0.000000,0.000000,0.866401,
2681,38,-1.875017,11.861220,-0.130061,-1.368956,107.200000,1.375120,264.572782,-0.400606,0.006710,0.400663,0.947735,
2691,38,-1.991138,11.314710,-0.290303,-1.366272,107.600000,1.396773,258.004288,-0.400607,0.006710,0.400663,1.102769,
2701,38,-2.107259,10.768200,-0.290303,-1.366272,108.000000,1.396773,258.004288,0.000000,0.000000,0.000000,1.257845,
2711,38,-2.223381,10.221700,-0.290303,-1.366272,108.400000,1.396773,258.004288,0.000000,0.000000,0.000000,1.347050,
2721,38,-2.374502,9.682809,-0.377804,-1.347217,108.800000,1.399189,254.334759,-0.218752,0.047638,0.223879,1.313843,
2731,38,-2.540624,9.147189,-0.415304,-1.339050,109.200000,1.401975,252.768804,-0.093751,0.020417,0.095949,1.294515,
2741,38,-2.691942,8.608895,-0.378295,-1.345735,109.600000,1.397895,254.298964,0.092523,-0.016712,0.094020,1.262020,
2751,38,-2.784046,8.059905,-0.230259,-1.372473,110.000000,1.391654,260.476197,0.370090,-0.066845,0.376078,1.188203,3.210924
2761,38,-2.876150,7.510916,-0.230259,-1.372473,110.400000,1.391654,260.476197,0.000000,0.000000,0.000000,1.127769,3.575431
2771,38,-2.966203,6.959001,-0.225134,-1.379788,110.800000,1.398035,260.732940,0.012812,-0.018288,0.022329,1.066330,3.147885
2781,38,-3.037808,6.380754,-0.179010,-1.445618,111.200000,1.456659,262.941013,0.115310,-0.164575,0.200951,1.038452,
2791,38,-3.109412,5.802507,-0.179010,-1.445618,111.600000,1.456659,262.941013,0.000000,0.000000,0.000000,1.021908,
2531,39,-1.631553,20.319040,0.185404,-1.288167,101.200000,1.301441,278.190239,,,,0.608858,
2541,39,-1.557391,19.803770,0.185404,-1.288167,101.600000,1.301441,278.190239,0.000000,0.000000,0.000000,0.614858,
2551,39,-1.483230,19.288500,0.185404,-1.288167,102.000000,1.301441,278.190239,0.000000,0.000000,0.000000,0.621175,
2561,39,-1.398598,18.702400,0.211578,-1.465247,102.400000,1.480444,278.216586,0.065436,-0.442700,0.447510,0.672351,
2571,39,-1.306987,18.069080,0.229028,-1.583300,102.800000,1.599779,278.230879,0.043625,-0.295133,0.298339,0.717390,
2581,39,-1.215376,17.435760,0.229028,-1.583300,103.200000,1.599779,278.230879,0.000000,0.000000,0.000000,0.769345,
2591,39,-1.133435,16.822180,0.204853,-1.533952,103.600000,1.547570,277.606606,-0.060438,0.123370,0.137379,0.819470,
2601,39,-1.090174,16.287560,0.108152,-1.336561,104.000000,1.340930,274.626196,-0.241752,0.493477,0.549512,0.843531,
2611,39,-1.046913,15.752930,0.108152,-1.336561,104.400000,1.340930,274.626196,0.000000,0.000000,0.000000,0.867648,
2621,39,-1.003652,15.218310,0.108152,-1.336561,104.800000,1.340930,274.626196,0.000000,0.000000,0.000000,0.891818,
2631,39,-0.960391,14.683690,0.108152,-1.336561,105.200000,1.340930,274.626196,0.000000,0.000000,0.000000,0.916035,
2641,39,-0.966428,14.169530,-0.015091,-1.285382,105.600000,1.285471,269.327351,-0.308108,0.127948,0.333618,0.900129,
2651,39,-0.972464,13.655380,-0.015091,-1.285382,106.000000,1.285471,269.327351,0.000000,0.000000,0.000000,0.887318,
2661,39,-0.978500,13.141230,-0.015091,-1.285382,106.400000,1.285471,269.327351,0.000000,0.000000,0.000000,0.876056,
2671,39,-0.984537,12.627070,-0.015091,-1.285382,106.800000,1.285471,269.327351,0.000000,0.000000,0.000000,0.866401,
2681,39,-0.964972,12.125830,0.048913,-1.253119,107.200000,1.254073,272.235273,0.160009,0.080657,0.179188,0.947735,
2691,39,-0.934435,11.630110,0.076343,-1.239291,107.600000,1.241640,273.525075,0.068575,0.034570,0.076796,1.102769,
2701,39,-0.903898,11.134390,0.076343,-1.239291,108.000000,1.241640,273.525075,0.000000,0.000000,0.000000,1.257845,
2711,39,-0.935801,10.617530,-0.079758,-1.292159,108.400000,1.294618,266.467921,-0.390252,-0.132170,0.412026,1.347050,
2721,39,-1.113398,10.051320,-0.443993,-1.415516,108.800000,1.483515,252.585359,-0.910588,-0.308393,0.961393,1.313843,
2731,39,-1.290995,9.485118,-0.443993,-1.415516,109.200000,1.483515,252.585359,0.000000,0.000000,0.000000,1.294515,
2741,39,-1.468592,8.918911,-0.443993,-1.415516,109.600000,1.483515,252.585359,0.000000,0.000000,0.000000,1.262020,
2751,39,-1.634299,8.359752,-0.414267,-1.397897,110.000000,1.457989,253.492802,0.074315,0.044047,0.086388,1.188203,3.210924
2761,39,-1.788116,7.807641,-0.384541,-1.380278,110.400000,1.432843,254.432334,0.074315,0.044047,0.086388,1.127769,3.575431
2771,39,-1.941932,7.255530,-0.384541,-1.380278,110.800000,1.432843,254.432334,0.000000,0.000000,0.000000,1.066330,3.147885
2781,39,-2.048205,6.695504,-0.265683,-1.400063,111.200000,1.425049,259.255031,0.297145,-0.049462,0.301234,1.038452,
2791,39,-2.142593,6.133501,-0.235968,-1.405010,111.600000,1.424687,260.466275,0.074287,-0.012368,0.075309,1.021908,
2801,39,-2.236980,5.571497,-0.235968,-1.405010,112.000000,1.424687,260.466275,0.000000,0.000000,0.000000,,
2881,40,-2.868643,20.068540,0.179010,-1.299776,115.200000,1.312045,277.841679,,,,0.652087,
2891,40,-2.797039,19.548630,0.179010,-1.299776,115.600000,1.312045,277.841679,0.000000,0.000000,0.000000,0.699737,
2901,40,-2.725434,19.028720,0.179010,-1.299776,116.000000,1.312045,277.841679,0.000000,0.000000,0.000000,0.748281,
2911,40,-2.654644,18.559030,0.176976,-1.174222,116.400000,1.187484,278.570990,-0.005085,0.313885,0.313926,0.754567,
2921,40,-2.583853,18.089350,0.176976,-1.174222,116.800000,1.187484,278.570990,0.000000,0.000000,0.000000,0.757400,
2931,40,-2.513063,17.619660,0.176976,-1.174222,117.200000,1.187484,278.570990,0.000000,0.000000,0.000000,0.762347,
2941,40,-2.457451,17.107220,0.139030,-1.281085,117.600000,1.288607,276.193795,-0.094866,-0.267158,0.283501,0.811561,
2951,40,-2.408344,16.576470,0.122767,-1.326883,118.000000,1.332550,275.286132,-0.040657,-0.114495,0.121499,0.893462,
2961,40,-2.359237,16.045720,0.122767,-1.326883,118.400000,1.332550,275.286132,0.000000,0.000000,0.000000,0.978452,
2971,40,-2.310130,15.514960,0.122767,-1.326883,118.800000,1.332550,275.286132,0.000000,0.000000,0.000000,1.064679,
2981,40,-2.218519,15.053680,0.229028,-1.153200,119.200000,1.175723,281.232906,0.265652,0.434207,0.509026,1.070432,
2991,40,-2.126908,14.592400,0.229028,-1.153200,119.600000,1.175723,281.232906,0.000000,0.000000,0.000000,1.021692,
3001,40,-2.035296,14.131120,0.229028,-1.153200,120.000000,1.175723,281.232906,0.000000,0.000000,0.000000,0.979663,
3011,40,-1.948037,13.662780,0.218149,-1.170863,120.400000,1.191012,280.554050,-0.027197,-0.044157,0.051861,0.960661,
3021,40,-1.863678,13.189720,0.210897,-1.182638,120.800000,1.201295,280.111119,-0.018132,-0.029438,0.034573,0.972711,
3031,40,-1.779319,12.716670,0.210897,-1.182638,121.200000,1.201295,280.111119,0.000000,0.000000,0.000000,1.032706,
3041,40,-1.694961,12.243610,0.210897,-1.182638,121.600000,1.201295,280.111119,0.000000,0.000000,0.000000,1.092970,
3051,40,-1.644380,11.795130,0.126450,-1.121209,122.000000,1.128317,276.434646,-0.211116,0.153572,0.261064,0.947222,
3061,40,-1.616319,11.363030,0.070153,-1.080256,122.400000,1.082531,273.715620,-0.140744,0.102382,0.174043,0.984741,2.005757
3071,40,-1.588258,10.930920,0.070153,-1.080256,122.800000,1.082531,273.715620,0.000000,0.000000,0.000000,1.133833,1.633488
3081,40,-1.560197,10.498820,0.070153,-1.080256,123.200000,1.082531,273.715620,0.000000,0.000000,0.000000,1.130811,
3091,40,-1.484713,10.086050,0.188711,-1.031924,123.600000,1.049037,280.363331,0.296395,0.120830,0.320078,1.104285,
3101,40,-1.403959,9.675431,0.201884,-1.026554,124.000000,1.046217,281.125909,0.032933,0.013425,0.035564,1.085056,
3111,40,-1.323206,9.264809,0.201884,-1.026554,124.400000,1.046217,281.125909,0.000000,0.000000,0.000000,0.826757,9.724191
3121,40,-1.242452,8.854188,0.201884,-1.026554,124.800000,1.046217,281.125909,0.000000,0.000000,0.000000,1.046593,7.200849
3131,40,-1.134300,8.460850,0.270380,-0.983344,125.200000,1.019838,285.374135,0.171241,0.108026,0.202468,1.020653,6.616425
3141,40,-0.985050,8.093439,0.373125,-0.918528,125.600000,0.991421,292.107997,0.256861,0.162039,0.303701,0.998675,
3151,40,-0.835800,7.726028,0.373125,-0.918528,126.000000,0.991421,292.107997,0.000000,0.000000,0.000000,0.980217,
3161,40,-0.686550,7.358617,0.373125,-0.918528,126.400000,0.991421,292.107997,0.000000,0.000000,0.000000,0.965481,
3171,40,-0.508006,6.978515,0.446359,-0.950255,126.800000,1.049867,295.160656,0.183086,-0.079318,0.199529,0.984300,
3181,40,-0.285522,6.579376,0.556211,-0.997846,127.200000,1.142395,299.135815,0.274629,-0.118976,0.299294,1.049674,
3191,40,-0.063037,6.180238,0.556211,-0.997846,127.600000,1.142395,299.135815,0.000000,0.000000,0.000000,1.124450,
3201,40,0.159447,5.781100,0.556211,-0.997846,128.000000,1.142395,299.135815,0.000000,0.000000,0.000000,1.206878,
3211,40,0.415304,5.547588,0.639643,-0.583779,128.400000,0.865991,317.614406,0.208579,1.035166,1.055971,1.151254,
3221,40,0.674869,5.332479,0.648913,-0.537772,128.800000,0.842785,320.350537,0.023175,0.115019,0.117330,1.090356,
2881,41,-2.484039,20.595130,0.194674,-1.165269,115.200000,1.181419,279.484442,,,,0.652087,
2891,41,-2.406169,20.129020,0.194674,-1.165269,115.600000,1.181419,279.484442,0.000000,0.000000,0.000000,0.699737,
2901,41,-2.328300,19.662920,0.194674,-1.165269,116.000000,1.181419,279.484442,0.000000,0.000000,0.000000,0.748281,
2911,41,-2.247672,19.194440,0.201569,-1.171184,116.400000,1.188403,279.765318,0.017237,-0.014787,0.022711,0.754567,
2921,41,-2.142224,18.704670,0.263621,-1.224419,116.800000,1.252477,282.150464,0.155131,-0.133088,0.204396,0.757400,
2931,41,-2.036775,18.214910,0.263621,-1.224419,117.200000,1.252477,282.150464,0.000000,0.000000,0.000000,0.762347,
2941,41,-1.931327,17.725140,0.263621,-1.224419,117.600000,1.252477,282.150464,0.000000,0.000000,0.000000,0.811561,4.412010
2951,41,-1.856540,17.279170,0.186968,-1.114931,118.000000,1.130499,279.519622,-0.191632,0.273720,0.334134,0.893462,4.148939
2961,41,-1.785159,16.838060,0.178451,-1.102766,118.400000,1.117111,279.192000,-0.021292,0.030412,0.037125,0.978452,3.767594
2971,41,-1.713779,16.396950,0.178451,-1.102766,118.800000,1.117111,279.192000,0.000000,0.000000,0.000000,1.064679,3.491404
2981,41,-1.642399,15.955850,0.178451,-1.102766,119.200000,1.117111,279.192000,0.000000,0.000000,0.000000,1.070432,3.210351
2991,41,-1.666829,15.504640,-0.061077,-1.128025,119.600000,1.129677,266.900755,-0.598820,-0.063148,0.602140,1.021692,
3001,41,-1.701906,15.052310,-0.087691,-1.130831,120.000000,1.134226,265.565840,-0.066535,-0.007015,0.066904,0.979663,
3011,41,-1.736982,14.599970,-0.087691,-1.130831,120.400000,1.134226,265.565840,0.000000,0.000000,0.000000,0.960661,
3021,41,-1.750211,14.155790,-0.033072,-1.110459,120.800000,1.110951,268.294105,0.136547,0.050930,0.145736,0.972711,
3031,41,-1.676049,13.744200,0.185404,-1.028969,121.200000,1.045539,280.214182,0.546189,0.203725,0.582946,1.032706,
3041,41,-1.601888,13.332610,0.185404,-1.028969,121.600000,1.045539,280.214182,0.000000,0.000000,0.000000,1.092970,
3051,41,-1.527726,12.921030,0.185404,-1.028969,122.000000,1.045539,280.214182,0.000000,0.000000,0.000000,1.131927,
3061,41,-1.474330,12.491230,0.133491,-1.074488,122.400000,1.082748,277.081944,-0.129782,-0.113797,0.172608,0.908005,
3071,41,-1.429833,12.053630,0.111242,-1.093997,122.800000,1.099638,275.806119,-0.055621,-0.048773,0.073976,0.742570,
3081,41,-1.385336,11.616030,0.111242,-1.093997,123.200000,1.099638,275.806119,0.000000,0.000000,0.000000,1.130811,
3091,41,-1.333766,11.179970,0.128927,-1.090155,123.600000,1.097752,276.744742,0.044212,0.009605,0.045243,1.104285,
3101,41,-1.253899,10.750060,0.199665,-1.074790,124.000000,1.093179,280.523961,0.176846,0.038412,0.180970,1.085056,
3111,41,-1.174033,10.320140,0.199665,-1.074790,124.400000,1.093179,280.523961,0.000000,0.000000,0.000000,1.065822,9.724191
3121,41,-1.094167,9.890223,0.199665,-1.074790,124.800000,1.093179,280.523961,0.000000,0.000000,0.000000,1.046593,6.283501
3131,41,-1.011621,9.474103,0.206365,-1.040301,125.200000,1.060572,281.220120,0.016748,0.086222,0.087834,1.020653,5.570626
3141,41,-0.922822,9.090173,0.221997,-0.959825,125.600000,0.985163,283.022858,0.039079,0.201189,0.204950,0.998675,4.560945
3151,41,-0.834024,8.706243,0.221997,-0.959825,126.000000,0.985163,283.022858,0.000000,0.000000,0.000000,0.980217,4.653282
3161,41,-0.745225,8.322313,0.221997,-0.959825,126.400000,0.985163,283.022858,0.000000,0.000000,0.000000,0.965481,
3171,41,-0.646181,7.953068,0.247612,-0.923112,126.800000,0.955745,285.015306,0.064038,0.091783,0.111915,0.984300,
3181,41,-0.536890,7.598508,0.273226,-0.886399,127.200000,0.927554,287.131559,0.064037,0.091783,0.111915,1.049674,
3191,41,-0.427600,7.243949,0.273226,-0.886399,127.600000,0.927554,287.131559,0.000000,0.000000,0.000000,1.124450,
3201,41,-0.318309,6.889389,0.273226,-0.886399,128.000000,0.927554,287.131559,0.000000,0.000000,0.000000,1.206878,
3211,41,-0.158335,6.545748,0.399935,-0.859102,128.400000,0.947631,294.963243,0.316772,0.068241,0.324039,1.151254,
3221,41,0.023361,6.206786,0.454239,-0.847404,128.800000,0.961471,298.192911,0.135759,0.029246,0.138874,1.090356,
3231,41,0.205057,5.867825,0.454239,-0.847404,129.200000,0.961471,298.192911,0.000000,0.000000,0.000000,1.753390,
3241,41,0.386752,5.528863,0.454239,-0.847404,129.600000,0.961471,298.192911,0.000000,0.000000,0.000000,1.794917,
2941,42,-0.872139,5.666383,-0.064891,1.405443,117.600000,1.406940,92.643550,,,,11.550150,4.412010
2951,42,-0.898096,6.228560,-0.064891,1.405443,118.000000,1.406940,92.643550,0.000000,0.000000,0.000000,10.457538,4.148939
2961,42,-0.924052,6.790738,-0.064891,1.405443,118.400000,1.406940,92.643550,0.000000,0.000000,0.000000,9.365599,3.767594
2971,42,-0.916112,7.326054,0.019849,1.338291,118.800000,1.338438,89.150270,0.211851,-0.167880,0.270305,8.306712,3.491404
2981,42,-0.885575,7.843464,0.076343,1.293524,119.200000,1.295775,86.622369,0.141234,-0.111917,0.180201,7.332391,3.210351
2991,42,-0.855038,8.360873,0.076343,1.293524,119.600000,1.295775,86.622369,0.000000,0.000000,0.000000,6.359999,
3001,42,-0.829206,8.873228,0.064582,1.280886,120.000000,1.282513,87.113612,-0.029402,-0.031595,0.043159,5.394449,
3011,42,-0.822190,9.365363,0.017538,1.230337,120.400000,1.230462,89.183316,-0.117609,-0.126372,0.172632,4.442446,
3021,42,-0.815175,9.857497,0.017538,1.230337,120.800000,1.230462,89.183316,0.000000,0.000000,0.000000,3.493289,
3031,42,-0.808160,10.349630,0.017538,1.230337,121.200000,1.230462,89.183316,0.000000,0.000000,0.000000,2.558521,
3041,42,-0.801408,10.855810,0.016881,1.265441,121.600000,1.265554,89.235741,-0.001644,0.087760,0.087775,1.650584,
3051,42,-0.794918,11.376030,0.016223,1.300544,122.000000,1.300645,89.285337,-0.001644,0.087757,0.087773,0.947222,
3061,42,-0.788429,11.896240,0.016223,1.300544,122.400000,1.300645,89.285337,0.000000,0.000000,0.000000,0.908005,
3071,42,-0.781940,12.416460,0.016223,1.300544,122.800000,1.300645,89.285337,0.000000,0.000000,0.000000,0.742570,
3081,42,-0.782301,12.932180,-0.000901,1.289290,123.200000,1.289290,90.040052,-0.042810,-0.028135,0.051228,1.447723,
3091,42,-0.789511,13.443390,-0.018025,1.278037,123.600000,1.278164,90.808043,-0.042810,-0.028133,0.051226,2.327936,
3101,42,-0.796721,13.954610,-0.018025,1.278037,124.000000,1.278164,90.808043,0.000000,0.000000,0.000000,2.124036,
3111,42,-0.803931,14.465820,-0.018025,1.278037,124.400000,1.278164,90.808043,0.000000,0.000000,0.000000,1.394526,
3121,42,-0.863054,14.958060,-0.147808,1.230585,124.800000,1.239430,96.849094,-0.324456,-0.118630,0.345463,1.393217,
3131,42,-0.927945,15.448180,-0.162228,1.225313,125.200000,1.236006,97.541946,-0.036051,-0.013180,0.038384,2.144133,
3141,42,-0.992837,15.938310,-0.162228,1.225313,125.600000,1.236006,97.541946,0.000000,0.000000,0.000000,3.163364,
3151,42,-1.057728,16.428430,-0.162228,1.225313,126.000000,1.236006,97.541946,0.000000,0.000000,0.000000,4.276606,
3161,42,-1.149874,16.993770,-0.230364,1.413354,126.400000,1.432005,99.257297,-0.170340,0.470102,0.500012,5.348599,
3171,42,-1.245048,17.567470,-0.237935,1.434248,126.800000,1.453850,99.419304,-0.018927,0.052235,0.055558,5.392108,
3181,42,-1.340222,18.141170,-0.237935,1.434248,127.200000,1.453850,99.419304,0.000000,0.000000,0.000000,5.402125,
3191,42,-1.408141,18.659150,-0.169799,1.294951,127.600000,1.306036,97.470222,0.170340,-0.348243,0.387670,5.359572,
3201,42,-1.473032,19.170940,-0.162228,1.279473,128.000000,1.289717,97.226144,0.018927,-0.038695,0.043076,5.311639,
3211,42,-1.579639,19.686770,-0.266518,1.289580,128.400000,1.316833,101.676934,-0.260724,0.025267,0.261946,1.047250,0.195953
3221,42,-1.727962,20.206650,-0.370807,1.299686,128.800000,1.351548,105.923733,-0.260724,0.025265,0.261945,0.467156,
3031,43,-2.106953,20.315090,0.134258,-1.731216,121.200000,1.736414,274.434478,,,,6.585004,
3041,43,-2.053250,19.622600,0.134258,-1.731216,121.600000,1.736414,274.434478,0.000000,0.000000,0.000000,6.306164,
3051,43,-1.999547,18.930120,0.134258,-1.731216,122.000000,1.736414,274.434478,0.000000,0.000000,0.000000,6.027585,
3061,43,-2.015956,18.257080,-0.041023,-1.682584,122.400000,1.683084,268.603343,-0.438203,0.121580,0.454756,5.791233,3.839418
3071,43,-2.102478,17.603500,-0.216304,-1.633953,122.800000,1.648208,262.458976,-0.438203,0.121578,0.454756,5.352495,
3081,43,-2.189000,16.949920,-0.216304,-1.633953,123.200000,1.648208,262.458976,0.000000,0.000000,0.000000,4.256881,3.049498
3091,43,-2.213720,16.271870,-0.061801,-1.695134,123.600000,1.696260,267.912034,0.386258,-0.152953,0.415439,3.166808,2.516293
3101,43,-2.176639,15.569340,0.092702,-1.756315,124.000000,1.758760,273.021383,0.386258,-0.152952,0.415439,2.124036,2.112106
3111,43,-2.139559,14.866820,0.092702,-1.756315,124.400000,1.758760,273.021383,0.000000,0.000000,0.000000,1.394526,1.693298
3121,43,-2.026231,14.191200,0.283320,-1.689032,124.800000,1.712629,279.522206,0.476545,0.168208,0.505361,1.393217,6.283501
3131,43,-1.880225,13.527120,0.365013,-1.660197,125.200000,1.699850,282.399852,0.204234,0.072087,0.216583,2.144133,5.570626
3141,43,-1.734220,12.863050,0.365013,-1.660197,125.600000,1.699850,282.399852,0.000000,0.000000,0.000000,2.182869,4.560945
3151,43,-1.627725,12.189980,0.266238,-1.682655,126.000000,1.703587,278.991069,-0.246940,-0.056145,0.253242,1.157519,4.653282
3161,43,-1.560740,11.507940,0.167461,-1.705114,126.400000,1.713318,275.609103,-0.246940,-0.056147,0.253243,0.842620,
3171,43,-1.493756,10.825890,0.167461,-1.705114,126.800000,1.713318,275.609103,0.000000,0.000000,0.000000,1.720363,
3181,43,-1.436819,10.143420,0.142342,-1.706174,127.200000,1.712101,274.769012,-0.062798,-0.002650,0.062854,2.016407,
3191,43,-1.394953,9.460317,0.104663,-1.707764,127.600000,1.710968,273.507089,-0.094197,-0.003975,0.094281,1.160230,
3201,43,-1.353088,8.777211,0.104663,-1.707764,128.000000,1.710968,273.507089,0.000000,0.000000,0.000000,1.241721,
3211,43,-1.325552,8.090690,0.068840,-1.716304,128.400000,1.717684,272.296869,-0.089559,-0.021350,0.092068,1.936296,
3221,43,-1.331451,7.396197,-0.014748,-1.736231,128.800000,1.736294,269.513326,-0.208970,-0.049817,0.214826,1.802835,
3231,43,-1.337351,6.701705,-0.014748,-1.736231,129.200000,1.736294,269.513326,0.000000,0.000000,0.000000,1.753390,
3241,43,-1.343250,6.007213,-0.014748,-1.736231,129.600000,1.736294,269.513326,0.000000,0.000000,0.000000,1.794917,
3251,43,-1.349149,5.312721,-0.014748,-1.736231,130.000000,1.736294,269.513326,0.000000,0.000000,0.000000,3.747688,
3041,44,-1.819737,5.467935,-0.069526,1.235028,121.600000,1.236983,93.222087,,,,5.483265,
3051,44,-1.847548,5.961946,-0.069526,1.235028,122.000000,1.236983,93.222087,0.000000,0.000000,0.000000,0.861708,
3061,44,-1.875358,6.455957,-0.069526,1.235028,122.400000,1.236983,93.222087,0.000000,0.000000,0.000000,0.934914,2.005757
3071,44,-1.911344,6.962565,-0.089963,1.266521,122.800000,1.269712,94.062983,-0.051091,0.078733,0.093857,0.998287,1.633488
3081,44,-1.966403,7.498567,-0.137648,1.340006,123.200000,1.347057,95.864971,-0.119213,0.183712,0.219002,0.967005,3.049498
3091,44,-2.021462,8.034570,-0.137648,1.340006,123.600000,1.347057,95.864971,0.000000,0.000000,0.000000,0.937179,2.516293
3101,44,-2.076521,8.570572,-0.137648,1.340006,124.000000,1.347057,95.864971,0.000000,0.000000,0.000000,0.908951,2.112106
3111,44,-2.137596,9.122346,-0.152685,1.379436,124.400000,1.387860,96.316178,-0.037593,0.098575,0.105500,0.826757,1.693298
3121,44,-2.198670,9.674121,-0.152685,1.379436,124.800000,1.387860,96.316178,0.000000,0.000000,0.000000,0.896155,
3131,44,-2.259744,10.225900,-0.152685,1.379436,125.200000,1.387860,96.316178,0.000000,0.000000,0.000000,0.895778,
3141,44,-2.301010,10.755050,-0.103166,1.322888,125.600000,1.326905,94.459203,0.123799,-0.141370,0.187914,0.911050,
3151,44,-2.329071,11.269130,-0.070153,1.285189,126.000000,1.287102,93.124421,0.082533,-0.094247,0.125277,0.901195,
3161,44,-2.357132,11.783200,-0.070153,1.285189,126.400000,1.287102,93.124421,0.000000,0.000000,0.000000,0.842620,
3171,44,-2.385193,12.297280,-0.070153,1.285189,126.800000,1.287102,93.124421,0.000000,0.000000,0.000000,0.852228,
3181,44,-2.419568,12.847970,-0.085937,1.376743,127.200000,1.379423,93.571803,-0.039461,0.228885,0.232262,0.824842,3.416203
3191,44,-2.454645,13.402740,-0.087691,1.386915,127.600000,1.389684,93.617844,-0.004385,0.025430,0.025805,0.864512,
3201,44,-2.489721,13.957510,-0.087691,1.386915,128.000000,1.389684,93.617844,0.000000,0.000000,0.000000,0.973507,
3211,44,-2.539552,14.503830,-0.124578,1.365810,128.400000,1.371480,95.211618,-0.092217,-0.052762,0.106244,1.068347,1.851194
3221,44,-2.648402,15.016390,-0.272125,1.281387,128.800000,1.309964,101.989629,-0.368868,-0.211057,0.424981,1.099109,1.563562
3231,44,-2.757252,15.528940,-0.272125,1.281387,129.200000,1.309964,101.989629,0.000000,0.000000,0.000000,1.121391,1.163567
3241,44,-2.867330,16.045330,-0.275195,1.290983,129.600000,1.319988,102.033456,-0.007675,0.023990,0.025188,1.065731,0.792114
3251,44,-2.988460,16.596270,-0.302826,1.377348,130.000000,1.410245,102.399857,-0.069078,0.215912,0.226694,1.006939,0.391808
3261,44,-3.109591,17.147210,-0.302826,1.377348,130.400000,1.410245,102.399857,0.000000,0.000000,0.000000,0.594922,2.417380
3271,44,-3.216685,17.697300,-0.267737,1.375218,130.800000,1.401038,101.016917,0.087723,-0.005325,0.087885,0.868167,1.338533
3281,44,-3.197458,18.239720,0.048068,1.356049,131.200000,1.356901,87.969897,0.789511,-0.047923,0.790964,0.894927,
3291,44,-3.178231,18.782140,0.048068,1.356049,131.600000,1.356901,87.969897,0.000000,0.000000,0.000000,0.923535,
3301,44,-3.159004,19.324560,0.048068,1.356049,132.000000,1.356901,87.969897,0.000000,0.000000,0.000000,0.924003,
3311,44,-3.139777,19.866980,0.048068,1.356049,132.400000,1.356901,87.969897,0.000000,0.000000,0.000000,0.880223,2.560211
3321,44,-3.120550,20.409400,0.048068,1.356049,132.800000,1.356901,87.969897,0.000000,0.000000,0.000000,0.836441,2.160206
3051,45,-2.695770,5.810091,-0.278106,1.419657,122.000000,1.446640,101.083672,,,,0.861708,
3061,45,-2.807012,6.377954,-0.278106,1.419657,122.400000,1.446640,101.083672,0.000000,0.000000,0.000000,0.934914,
3071,45,-2.909355,6.939074,-0.255857,1.402800,122.800000,1.425942,100.336574,0.055621,-0.042143,0.069783,0.998287,
3081,45,-2.931603,7.439509,-0.055621,1.251089,123.200000,1.252325,92.545588,0.500590,-0.379277,0.628046,0.967005,3.106376
3091,45,-2.953852,7.939945,-0.055621,1.251089,123.600000,1.252325,92.545588,0.000000,0.000000,0.000000,0.937179,
3101,45,-2.976100,8.440381,-0.055621,1.251089,124.000000,1.252325,92.545588,0.000000,0.000000,0.000000,0.908951,
3111,45,-3.020939,8.969003,-0.112098,1.321555,124.400000,1.326301,94.848379,-0.141192,0.176165,0.225764,0.896554,
3121,45,-3.080839,9.516415,-0.149749,1.368532,124.800000,1.376701,96.244641,-0.094128,0.117443,0.150509,0.896155,
3131,45,-3.140739,10.063830,-0.149749,1.368532,125.200000,1.376701,96.244641,0.000000,0.000000,0.000000,0.895778,
3141,45,-3.200638,10.611240,-0.149749,1.368532,125.600000,1.376701,96.244641,0.000000,0.000000,0.000000,0.911050,
3151,45,-3.222934,11.154410,-0.055740,1.357918,126.000000,1.359062,92.350564,0.235023,-0.026535,0.236516,0.901195,
3161,45,-3.229114,11.695760,-0.015450,1.353369,126.400000,1.353457,90.654071,0.100724,-0.011372,0.101364,0.876355,
3171,45,-3.235294,12.237100,-0.015450,1.353369,126.800000,1.353457,90.654071,0.000000,0.000000,0.000000,0.852228,
3181,45,-3.241475,12.778450,-0.015450,1.353369,127.200000,1.353457,90.654071,0.000000,0.000000,0.000000,0.824842,3.416203
3191,45,-3.312406,13.294910,-0.177327,1.291146,127.600000,1.303266,97.820140,-0.404693,-0.155558,0.433560,0.864512,
3201,45,-3.448087,13.786480,-0.339205,1.228922,128.000000,1.274876,105.430459,-0.404693,-0.155560,0.433561,0.973507,
3211,45,-3.583769,14.278050,-0.339205,1.228922,128.400000,1.274876,105.430459,0.000000,0.000000,0.000000,1.068347,
3221,45,-3.719451,14.769620,-0.339205,1.228922,128.800000,1.274876,105.430459,0.000000,0.000000,0.000000,1.099109,
3231,45,-3.847672,15.267210,-0.320553,1.243974,129.200000,1.284611,104.449869,0.046630,0.037630,0.059920,1.121391,
3241,45,-3.908746,15.818980,-0.152685,1.379436,129.600000,1.387860,96.316178,0.419668,0.338655,0.539267,1.065731,3.669154
3251,45,-3.969820,16.370750,-0.152685,1.379436,130.000000,1.387860,96.316178,0.000000,0.000000,0.000000,1.006939,2.817397
3261,45,-4.030894,16.922530,-0.152685,1.379436,130.400000,1.387860,96.316178,0.000000,0.000000,0.000000,0.948304,2.417380
3271,45,-4.060229,17.492000,-0.073335,1.423671,130.800000,1.425559,92.948778,0.198375,0.110587,0.227118,0.868167,1.338533
3281,45,-4.075960,18.069050,-0.039328,1.442629,131.200000,1.443165,91.561575,0.085018,0.047395,0.097336,0.894927,
3291,45,-4.091691,18.646100,-0.039328,1.442629,131.600000,1.443165,91.561575,0.000000,0.000000,0.000000,0.923535,
3301,45,-4.076068,19.211530,0.039057,1.413565,132.000000,1.414104,88.417319,0.195962,-0.072660,0.208999,0.924003,
3311,45,-4.013415,19.759510,0.156634,1.369969,132.400000,1.378894,83.477461,0.293943,-0.108990,0.313499,0.880223,2.560211
3321,45,-3.950761,20.307500,0.156634,1.369969,132.800000,1.378894,83.477461,0.000000,0.000000,0.000000,0.836441,2.160206
3131,46,-2.758807,5.669708,0.115877,1.416940,125.200000,1.421670,85.324757,,,,0.804526,
3141,46,-2.712456,6.236484,0.115877,1.416940,125.600000,1.421670,85.324757,0.000000,0.000000,0.000000,0.807432,
3151,46,-2.666105,6.803260,0.115877,1.416940,126.000000,1.421670,85.324757,0.000000,0.000000,0.000000,0.827875,
3161,46,-2.602350,7.346360,0.159387,1.357752,126.400000,1.367075,83.304654,0.108775,-0.147970,0.183650,0.869920,
3171,46,-2.526993,7.873678,0.188394,1.318293,126.800000,1.331686,81.867064,0.072517,-0.098648,0.122434,0.947731,
3181,46,-2.451635,8.400995,0.188394,1.318293,127.200000,1.331686,81.867064,0.000000,0.000000,0.000000,1.025803,
3191,46,-2.417284,8.911708,0.085878,1.276784,127.600000,1.279669,86.152030,-0.256291,-0.103773,0.276503,1.060112,
3201,46,-2.423939,9.405819,-0.016639,1.235276,128.000000,1.235388,90.771710,-0.256291,-0.103770,0.276502,1.050512,
3211,46,-2.430595,9.899929,-0.016639,1.235276,128.400000,1.235388,90.771710,0.000000,0.000000,0.000000,1.046629,3.684851
3221,46,-2.437250,10.394040,-0.016639,1.235276,128.800000,1.235388,90.771710,0.000000,0.000000,0.000000,1.044105,3.284849
3231,46,-2.484410,10.927770,-0.117898,1.334325,129.200000,1.339523,95.049402,-0.253147,0.247623,0.354119,1.021697,
3241,46,-2.558571,11.487910,-0.185404,1.400357,129.600000,1.412577,97.541952,-0.168765,0.165080,0.236078,0.987381,
3251,46,-2.632732,12.048050,-0.185404,1.400357,130.000000,1.412577,97.541952,0.000000,0.000000,0.000000,0.954299,5.902231
3261,46,-2.701474,12.602650,-0.171855,1.386486,130.400000,1.397096,97.065776,0.033872,-0.034677,0.048475,0.923744,4.813275
3271,46,-2.721441,13.107310,-0.049916,1.261646,130.800000,1.262633,92.265697,0.304847,-0.312100,0.436277,0.911684,
3281,46,-2.741408,13.611970,-0.049916,1.261646,131.200000,1.262633,92.265697,0.000000,0.000000,0.000000,0.894366,
3291,46,-2.761374,14.116620,-0.049916,1.261646,131.600000,1.262633,92.265697,0.000000,0.000000,0.000000,0.859483,3.100621
3301,46,-2.778750,14.630370,-0.043441,1.284364,132.000000,1.285098,91.937163,0.016189,0.056795,0.059057,0.830780,3.257248
3311,46,-2.785766,15.180470,-0.017538,1.375238,132.400000,1.375350,90.730644,0.064756,0.227185,0.236234,0.826293,
3321,46,-2.792781,15.730560,-0.017538,1.375238,132.800000,1.375350,90.730644,0.000000,0.000000,0.000000,0.822442,
3331,46,-2.799796,16.280660,-0.017538,1.375238,133.200000,1.375350,90.730644,0.000000,0.000000,0.000000,0.820480,
3341,46,-2.799796,16.832510,0.000000,1.379637,133.600000,1.379637,90.000000,0.043845,0.010997,0.045204,0.827769,
3351,46,-2.792781,17.386130,0.017538,1.384037,134.000000,1.384148,89.274000,0.043845,0.011000,0.045204,0.843930,
3361,46,-2.785766,17.939740,0.017538,1.384037,134.400000,1.384148,89.274000,0.000000,0.000000,0.000000,0.861890,
3371,46,-2.778750,18.493350,0.017538,1.384037,134.800000,1.384148,89.274000,0.000000,0.000000,0.000000,0.886254,
3381,46,-2.771735,19.046970,0.017538,1.384037,135.200000,1.384148,89.274000,0.000000,0.000000,0.000000,0.954209,
3391,46,-2.764720,19.600580,0.017538,1.384037,135.600000,1.384148,89.274000,0.000000,0.000000,0.000000,1.022763,
3401,46,-2.757705,20.154200,0.017538,1.384037,136.000000,1.384148,89.274000,0.000000,0.000000,0.000000,1.091825,
3131,47,-3.553683,5.545473,0.176976,1.123510,125.200000,1.137363,81.048273,,,,0.804526,
3141,47,-3.482893,5.994877,0.176976,1.123510,125.600000,1.137363,81.048273,0.000000,0.000000,0.000000,0.807432,
3151,47,-3.412102,6.444281,0.176976,1.123510,126.000000,1.137363,81.048273,0.000000,0.000000,0.000000,0.827875,
3161,47,-3.348391,6.898942,0.159279,1.136653,126.400000,1.147759,82.023113,-0.044244,0.032857,0.055111,0.869920,
3171,47,-3.348391,7.400921,0.000000,1.254946,126.800000,1.254946,90.000000,-0.398197,0.295733,0.496002,0.947731,
3181,47,-3.348391,7.902899,0.000000,1.254946,127.200000,1.254946,90.000000,0.000000,0.000000,0.000000,1.025803,
3191,47,-3.348391,8.404877,-0.000000,1.254946,127.600000,1.254946,90.000000,-0.000000,0.000000,0.000000,1.060112,
3201,47,-3.348391,8.906856,0.000000,1.254946,128.000000,1.254946,90.000000,0.000000,0.000000,0.000000,1.050512,
3211,47,-3.368883,9.436197,-0.051230,1.323353,128.400000,1.324344,92.216941,-0.128075,0.171017,0.213659,1.046629,
3221,47,-3.389375,9.965538,-0.051230,1.323353,128.800000,1.324344,92.216941,0.000000,0.000000,0.000000,1.044105,
3231,47,-3.409867,10.494880,-0.051230,1.323353,129.200000,1.324344,92.216941,0.000000,0.000000,0.000000,1.021697,
3241,47,-3.432916,11.029170,-0.057623,1.335728,129.600000,1.336970,92.470185,-0.015982,0.030937,0.034822,0.987381,
3251,47,-3.466193,11.583260,-0.083194,1.385228,130.000000,1.387724,93.436939,-0.063928,0.123750,0.139287,0.954299,5.902231
3261,47,-3.499471,12.137350,-0.083194,1.385228,130.400000,1.387724,93.436939,0.000000,0.000000,0.000000,0.923744,4.813275
3271,47,-3.532749,12.691440,-0.083194,1.385228,130.800000,1.387724,93.436939,0.000000,0.000000,0.000000,0.911684,
3281,47,-3.554189,13.238770,-0.053601,1.368324,131.200000,1.369373,92.243272,0.073983,-0.042260,0.085202,0.894366,
3291,47,-3.548009,13.770330,0.015450,1.328882,131.600000,1.328972,89.333878,0.172627,-0.098605,0.198804,0.859483,3.100621
3301,47,-3.541829,14.301880,0.015450,1.328882,132.000000,1.328972,89.333878,0.000000,0.000000,0.000000,0.830780,3.257248
3311,47,-3.535648,14.833430,0.015450,1.328882,132.400000,1.328972,89.333878,0.000000,0.000000,0.000000,0.826293,
3321,47,-3.528529,15.363020,0.017799,1.323977,132.800000,1.324097,89.229796,0.005871,-0.012262,0.013596,0.822442,
3331,47,-3.512955,15.874960,0.038935,1.279839,133.200000,1.280431,88.257507,0.052840,-0.110345,0.122344,0.820480,
3341,47,-3.497381,16.386890,0.038935,1.279839,133.600000,1.280431,88.257507,0.000000,0.000000,0.000000,0.827769,
3351,47,-3.481807,16.898830,0.038935,1.279839,134.000000,1.280431,88.257507,0.000000,0.000000,0.000000,0.843930,
3361,47,-3.466233,17.410760,0.038935,1.279839,134.400000,1.280431,88.257507,0.000000,0.000000,0.000000,0.861890,
3371,47,-3.454998,17.920520,0.028089,1.274390,134.800000,1.274700,88.737356,-0.027115,-0.013622,0.030345,0.886254,
3381,47,-3.482808,18.410660,-0.069526,1.225356,135.200000,1.227327,93.247466,-0.244038,-0.122585,0.273096,0.954209,
3391,47,-3.510619,18.900810,-0.069526,1.225356,135.600000,1.227327,93.247466,0.000000,0.000000,0.000000,1.022763,
3401,47,-3.538430,19.390950,-0.069526,1.225356,136.000000,1.227327,93.247466,0.000000,0.000000,0.000000,1.091825,
3411,47,-3.566240,19.881090,-0.069526,1.225356,136.400000,1.227327,93.247466,0.000000,0.000000,0.000000,3.163746,
3421,47,-3.594051,20.371230,-0.069526,1.225356,136.800000,1.227327,93.247466,0.000000,0.000000,0.000000,3.124924,
3191,48,-3.374347,5.396139,-0.115877,1.291101,127.600000,1.296291,95.128599,,,,3.008850,
3201,48,-3.420698,5.912579,-0.115877,1.291101,128.000000,1.296291,95.128599,0.000000,0.000000,0.000000,2.995150,
3211,48,-3.467049,6.429020,-0.115877,1.291101,128.400000,1.296291,95.128599,0.000000,0.000000,0.000000,2.710564,
3221,48,-3.505572,6.937194,-0.096307,1.270435,128.800000,1.274080,94.335087,0.048926,-0.051665,0.071155,2.222045,
3231,48,-3.512782,7.412301,-0.018025,1.187769,129.200000,1.187906,90.869443,0.195704,-0.206665,0.284623,2.288547,
3241,48,-3.519992,7.887408,-0.018025,1.187769,129.600000,1.187906,90.869443,0.000000,0.000000,0.000000,2.876341,
3251,48,-3.527202,8.362516,-0.018025,1.187769,130.000000,1.187906,90.869443,0.000000,0.000000,0.000000,3.221322,
3261,48,-3.537873,8.854448,-0.026678,1.229829,130.400000,1.230118,91.242669,-0.021630,0.105150,0.107352,3.283127,
3271,48,-3.550852,9.357595,-0.032446,1.257870,130.800000,1.258288,91.477567,-0.014420,0.070102,0.071570,3.333894,
3281,48,-3.563830,9.860743,-0.032446,1.257870,131.200000,1.258288,91.477567,0.000000,0.000000,0.000000,3.378041,
3291,48,-3.576808,10.363890,-0.032446,1.257870,131.600000,1.258288,91.477567,0.000000,0.000000,0.000000,3.406562,
3301,48,-3.581999,10.859530,-0.012978,1.239098,132.000000,1.239166,90.600092,0.048668,-0.046930,0.067610,3.442584,
3311,48,-3.581999,11.350160,0.000000,1.226583,132.400000,1.226583,90.000000,0.032446,-0.031287,0.045074,3.483578,
3321,48,-3.581999,11.840800,0.000000,1.226583,132.800000,1.226583,90.000000,0.000000,0.000000,0.000000,2.948722,
3331,48,-3.579467,12.341200,0.006331,1.251017,133.200000,1.251033,89.710053,0.015827,0.061085,0.063102,2.138501,
3341,48,-3.566805,12.880700,0.031654,1.348751,133.600000,1.349122,88.655553,0.063309,0.244335,0.252404,1.550173,
3351,48,-3.554144,13.420210,0.031654,1.348751,134.000000,1.349122,88.655553,0.000000,0.000000,0.000000,1.620233,
3361,48,-3.541482,13.959710,0.031654,1.348751,134.400000,1.349122,88.655553,0.000000,0.000000,0.000000,2.307513,
3371,48,-3.530086,14.500810,0.028489,1.352750,134.800000,1.353050,88.793532,-0.007914,0.009997,0.012750,3.213944,
3381,48,-3.530086,15.056300,0.000000,1.388739,135.200000,1.388739,90.000000,-0.071222,0.089973,0.114750,3.354693,
3391,48,-3.530086,15.611800,-0.000000,1.388739,135.600000,1.388739,90.000000,-0.000000,0.000000,0.000000,3.289068,
3401,48,-3.530086,16.167290,0.000000,1.388739,136.000000,1.388739,90.000000,0.000000,0.000000,0.000000,3.223671,
3411,48,-3.539171,16.717460,-0.022712,1.375421,136.400000,1.375609,90.946024,-0.056780,-0.033295,0.065822,3.163746,
3421,48,-3.584595,17.246320,-0.113560,1.322148,136.800000,1.327016,94.909108,-0.227120,-0.133182,0.263289,3.124924,
3431,48,-3.630019,17.775180,-0.113560,1.322148,137.200000,1.327016,94.909108,0.000000,0.000000,0.000000,7.149972,
3441,48,-3.675443,18.304040,-0.113560,1.322148,137.600000,1.327016,94.909108,0.000000,0.000000,0.000000,7.074049,
3451,48,-3.718074,18.835840,-0.106579,1.329500,138.000000,1.333765,94.583299,0.017452,0.018380,0.025346,6.991294,
3461,48,-3.749537,19.379400,-0.078656,1.358907,138.400000,1.361181,93.312692,0.069807,0.073517,0.101380,6.920731,
3471,48,-3.780999,19.922960,-0.078656,1.358907,138.800000,1.361181,93.312692,0.000000,0.000000,0.000000,6.852270,
3481,48,-3.812462,20.466530,-0.078656,1.358907,139.200000,1.361181,93.312692,0.000000,0.000000,0.000000,6.784757,
3211,49,-3.211620,20.306400,0.274540,-1.446590,128.400000,1.472411,280.746040,,,,0.977948,1.851194
3221,49,-3.101804,19.727760,0.274540,-1.446590,128.800000,1.472411,280.746040,0.000000,0.000000,0.000000,1.031454,1.563562
3231,49,-2.991988,19.149130,0.274540,-1.446590,129.200000,1.472411,280.746040,0.000000,0.000000,0.000000,1.085169,1.163567
3241,49,-2.857507,18.565010,0.336201,-1.460285,129.600000,1.498487,282.965283,0.154153,-0.034237,0.157910,1.037936,0.792114
3251,49,-2.712456,17.978550,0.362628,-1.466155,130.000000,1.510334,283.892308,0.066066,-0.014675,0.067676,0.984782,0.391808
3261,49,-2.567405,17.392090,0.362628,-1.466155,130.400000,1.510334,283.892308,0.000000,0.000000,0.000000,0.594922,
3271,49,-2.421943,16.830100,0.363656,-1.404966,130.800000,1.451267,284.511718,0.002569,0.152972,0.152994,0.957974,
3281,49,-2.275521,16.325230,0.366053,-1.262192,131.200000,1.314201,286.172901,0.005995,0.356935,0.356985,0.939984,8.269692
3291,49,-2.129100,15.820350,0.366053,-1.262192,131.600000,1.314201,286.172901,0.000000,0.000000,0.000000,0.922092,7.869872
3301,49,-1.982679,15.315470,0.366053,-1.262192,132.000000,1.314201,286.172901,0.000000,0.000000,0.000000,0.857439,1.597734
3311,49,-1.916123,14.811670,0.166388,-1.259508,132.400000,1.270451,277.525510,-0.499164,0.006710,0.499209,0.833502,
3321,49,-1.969368,14.309480,-0.133110,-1.255483,132.800000,1.262520,263.947929,-0.748745,0.010063,0.748813,0.922615,
3331,49,-2.022612,13.807280,-0.133110,-1.255483,133.200000,1.262520,263.947929,0.000000,0.000000,0.000000,1.017563,
3341,49,-2.075856,13.305090,-0.133110,-1.255483,133.600000,1.262520,263.947929,0.000000,0.000000,0.000000,1.116542,
3351,49,-2.061689,12.789550,0.035417,-1.288842,134.000000,1.289329,271.574069,0.421318,-0.083397,0.429493,1.151068,
3361,49,-1.980111,12.260670,0.203944,-1.322202,134.400000,1.337838,278.768529,0.421318,-0.083400,0.429493,1.123256,
3371,49,-1.898534,11.731790,0.203944,-1.322202,134.800000,1.337838,278.768529,0.000000,0.000000,0.000000,1.096896,
3381,49,-1.816956,11.202910,0.203944,-1.322202,135.200000,1.337838,278.768529,0.000000,0.000000,0.000000,1.074853,
3391,49,-1.691980,10.734780,0.312440,-1.170329,135.600000,1.211317,284.947499,0.271239,0.379682,0.466615,1.018383,3.235186
3401,49,-1.567005,10.266650,0.312440,-1.170329,136.000000,1.211317,284.947499,0.000000,0.000000,0.000000,0.962541,2.835196
3411,49,-1.434688,9.781318,0.330793,-1.213321,136.400000,1.257605,285.250146,0.045882,-0.107480,0.116864,0.904611,2.117115
3421,49,-1.285241,9.255864,0.373617,-1.313635,136.800000,1.365733,285.876507,0.107060,-0.250785,0.272681,0.826349,
3431,49,-1.135794,8.730410,0.373617,-1.313635,137.200000,1.365733,285.876507,0.000000,0.000000,0.000000,0.759852,
3441,49,-0.986348,8.204956,0.373617,-1.313635,137.600000,1.365733,285.876507,0.000000,0.000000,0.000000,0.714808,
3451,49,-0.817630,7.730044,0.421793,-1.187278,138.000000,1.259976,289.558134,0.120442,0.315892,0.338075,0.665662,
3461,49,-0.648913,7.255133,0.421793,-1.187278,138.400000,1.259976,289.558134,0.000000,0.000000,0.000000,0.711725,
3471,49,-0.480196,6.780222,0.421793,-1.187278,138.800000,1.259976,289.558134,0.000000,0.000000,0.000000,0.757804,
3481,49,-0.311478,6.305310,0.421793,-1.187278,139.200000,1.259976,289.558134,0.000000,0.000000,0.000000,0.803896,
3491,49,-0.028316,5.943058,0.707905,-0.905631,139.600000,1.149477,308.013689,0.715279,0.704117,1.003696,0.766475,
3501,49,0.254846,5.580806,0.707905,-0.905631,140.000000,1.149477,308.013689,0.000000,0.000000,0.000000,0.747810,
3211,50,-2.251138,20.490400,0.412945,-1.459687,128.400000,1.516974,285.796177,,,,0.977948,0.195953
3221,50,-2.085960,19.906530,0.412945,-1.459687,128.800000,1.516974,285.796177,0.000000,0.000000,0.000000,0.467156,
3231,50,-1.920782,19.322650,0.412945,-1.459687,129.200000,1.516974,285.796177,0.000000,0.000000,0.000000,1.085169,
3241,50,-1.843874,18.788300,0.192271,-1.335877,129.600000,1.349643,278.190238,-0.551685,0.309525,0.632584,1.037936,
3251,50,-1.766966,18.253950,0.192271,-1.335877,130.000000,1.349643,278.190238,0.000000,0.000000,0.000000,0.984782,
3261,50,-1.675248,17.728680,0.229296,-1.313171,130.400000,1.333040,279.904682,0.092563,0.056765,0.108582,0.953539,
3271,50,-1.548973,17.224610,0.315687,-1.260189,130.800000,1.299128,284.063633,0.215979,0.132455,0.253360,0.957974,
3281,50,-1.422698,16.720530,0.315687,-1.260189,131.200000,1.299128,284.063633,0.000000,0.000000,0.000000,0.939984,8.269692
3291,50,-1.296423,16.216460,0.315687,-1.260189,131.600000,1.299128,284.063633,0.000000,0.000000,0.000000,0.922092,7.869872
3301,50,-1.211304,15.689880,0.212797,-1.316447,132.000000,1.333535,279.182136,-0.257227,-0.140645,0.293167,0.857439,1.597734
3311,50,-1.153623,15.148300,0.144203,-1.353953,132.400000,1.361611,276.079375,-0.171484,-0.093765,0.195445,0.833502,
3321,50,-1.095942,14.606710,0.144203,-1.353953,132.800000,1.361611,276.079375,0.000000,0.000000,0.000000,0.922615,
3331,50,-1.038261,14.065130,0.144203,-1.353953,133.200000,1.361611,276.079375,0.000000,0.000000,0.000000,1.017563,
3341,50,-0.981805,13.528070,0.141139,-1.342648,133.600000,1.350046,276.000870,-0.007661,0.028262,0.029282,1.116542,
3351,50,-0.936381,13.031710,0.113560,-1.240907,134.000000,1.246092,275.228776,-0.068947,0.254352,0.263532,1.151068,
3361,50,-0.890957,12.535350,0.113560,-1.240907,134.400000,1.246092,275.228776,0.000000,0.000000,0.000000,1.123256,
3371,50,-0.845534,12.038990,0.113560,-1.240907,134.800000,1.246092,275.228776,0.000000,0.000000,0.000000,1.096896,2.388263
3381,50,-0.796786,11.541380,0.121868,-1.244003,135.200000,1.249958,275.595084,0.020770,-0.007740,0.022165,1.074853,1.983297
3391,50,-0.718130,11.032640,0.196640,-1.271867,135.600000,1.286978,278.788776,0.186931,-0.069660,0.199489,1.018383,1.553684
3401,50,-0.639474,10.523890,0.196640,-1.271867,136.000000,1.286978,278.788776,0.000000,0.000000,0.000000,0.962541,1.107643
3411,50,-0.560818,10.015140,0.196640,-1.271867,136.400000,1.286978,278.788776,0.000000,0.000000,0.000000,0.904611,0.709548
3421,50,-0.516246,9.558354,0.111430,-1.141975,136.800000,1.147399,275.573058,-0.213027,0.324730,0.388368,0.826349,0.369531
3431,50,-0.480196,9.114553,0.090127,-1.109502,137.200000,1.113157,274.644040,-0.053257,0.081183,0.097092,0.569972,
3441,50,-0.444145,8.670752,0.090127,-1.109502,137.600000,1.113157,274.644040,0.000000,0.000000,0.000000,0.714716,
3451,50,-0.375976,8.228088,0.170422,-1.106661,138.000000,1.119706,278.754561,0.200737,0.007103,0.200863,0.665662,
3461,50,-0.179336,7.789970,0.491601,-1.095295,138.400000,1.200559,294.171950,0.802948,0.028415,0.803450,0.711725,
3471,50,0.017304,7.351852,0.491601,-1.095295,138.800000,1.200559,294.171950,0.000000,0.000000,0.000000,0.757804,
3481,50,0.213945,6.913734,0.491601,-1.095295,139.200000,1.200559,294.171950,0.000000,0.000000,0.000000,0.803896,
3491,50,0.408815,6.572661,0.487176,-0.852681,139.600000,0.982042,299.741322,-0.011061,0.606534,0.606635,0.766475,
3501,50,0.603489,6.242371,0.486685,-0.825724,140.000000,0.958479,300.515239,-0.001229,0.067393,0.067404,0.747810,
3511,50,0.798163,5.912082,0.486685,-0.825724,140.400000,0.958479,300.515239,0.000000,0.000000,0.000000,7.681573,
3341,51,-3.585845,5.526026,-0.024034,1.543572,133.600000,1.543759,90.892038,,,,7.354699,
3351,51,-3.595458,6.143455,-0.024034,1.543572,134.000000,1.543759,90.892038,0.000000,0.000000,0.000000,6.820779,
3361,51,-3.605072,6.760883,-0.024034,1.543572,134.400000,1.543759,90.892038,0.000000,0.000000,0.000000,5.734820,
3371,51,-3.636346,7.319301,-0.078185,1.396043,134.800000,1.398231,93.205485,-0.135378,-0.368822,0.392883,4.304158,
3381,51,-3.676903,7.852427,-0.101393,1.332817,135.200000,1.336668,94.350335,-0.058019,-0.158065,0.168377,2.349937,
3391,51,-3.717460,8.385554,-0.101393,1.332817,135.600000,1.336668,94.350335,0.000000,0.000000,0.000000,2.311947,
3401,51,-3.765800,8.934911,-0.120849,1.373394,136.000000,1.378701,95.028677,-0.048641,0.101442,0.112501,2.291835,
3411,51,-3.821922,9.500500,-0.140305,1.413971,136.400000,1.420915,95.666795,-0.048641,0.101442,0.112501,2.289325,
3421,51,-3.878044,10.066090,-0.140305,1.413971,136.800000,1.420915,95.666795,0.000000,0.000000,0.000000,2.286819,
3431,51,-3.934166,10.631680,-0.140305,1.413971,137.200000,1.420915,95.666795,0.000000,0.000000,0.000000,2.284315,
3441,51,-3.965486,11.235940,-0.078300,1.510649,137.600000,1.512677,92.967083,0.155015,0.241695,0.287134,2.275594,
3451,51,-3.990605,11.849860,-0.062798,1.534818,138.000000,1.536102,92.342985,0.038754,0.060422,0.071783,2.273149,
3461,51,-4.015724,12.463790,-0.062798,1.534818,138.400000,1.536102,92.342985,0.000000,0.000000,0.000000,2.270800,
3471,51,-4.032578,13.075310,-0.042134,1.528792,138.800000,1.529372,91.578680,0.051661,-0.015065,0.053813,2.263061,
3481,51,-4.045889,13.685790,-0.033278,1.526209,139.200000,1.526572,91.249084,0.022140,-0.006458,0.023063,2.248525,
3491,51,-4.059200,14.296270,-0.033278,1.526209,139.600000,1.526572,91.249084,0.000000,0.000000,0.000000,2.234599,
3501,51,-4.072511,14.906760,-0.033278,1.526209,140.000000,1.526572,91.249084,0.000000,0.000000,0.000000,2.221294,
3511,51,-4.096904,15.543850,-0.060983,1.592732,140.400000,1.593899,92.192691,-0.069264,0.166307,0.180155,2.210620,
3521,51,-4.124068,16.187600,-0.067909,1.609363,140.800000,1.610795,92.416248,-0.017316,0.041577,0.045039,2.167240,
3531,51,-4.151232,16.831340,-0.067909,1.609363,141.200000,1.610795,92.416248,0.000000,0.000000,0.000000,2.123858,
3541,51,-4.178396,17.475090,-0.067909,1.609363,141.600000,1.610795,92.416248,0.000000,0.000000,0.000000,2.080492,
3551,51,-4.205559,18.118830,-0.067909,1.609363,142.000000,1.610795,92.416248,0.000000,0.000000,0.000000,2.073254,
3561,51,-4.232723,18.762580,-0.067909,1.609363,142.400000,1.610795,92.416248,0.000000,0.000000,0.000000,2.075456,
3571,51,-4.259887,19.406320,-0.067909,1.609363,142.800000,1.610795,92.416248,0.000000,0.000000,0.000000,2.078090,
3581,51,-4.287051,20.050070,-0.067909,1.609363,143.200000,1.610795,92.416248,0.000000,0.000000,0.000000,1.593746,
3381,52,-2.726563,5.703228,-0.112854,1.431677,135.200000,1.436118,94.507118,,,,2.349937,
3391,52,-2.771705,6.275899,-0.112854,1.431677,135.600000,1.436118,94.507118,0.000000,0.000000,0.000000,2.311947,
3401,52,-2.819822,6.847417,-0.120293,1.428794,136.000000,1.433849,94.812480,-0.018595,-0.007208,0.019943,2.291835,
3411,52,-2.874881,7.416244,-0.137648,1.422067,136.400000,1.428713,95.528690,-0.043389,-0.016817,0.046534,2.289325,
3421,52,-2.929940,7.985071,-0.137648,1.422067,136.800000,1.428713,95.528690,0.000000,0.000000,0.000000,2.078449,
3431,52,-2.984999,8.553898,-0.137648,1.422067,137.200000,1.428713,95.528690,0.000000,0.000000,0.000000,1.857610,
3441,52,-3.023934,9.164272,-0.097337,1.525936,137.600000,1.529037,93.649858,0.100778,0.259672,0.278543,2.252120,
3451,52,-3.062869,9.774646,-0.097337,1.525936,138.000000,1.529037,93.649858,0.000000,0.000000,0.000000,2.273149,
3461,52,-3.101804,10.385020,-0.097337,1.525936,138.400000,1.529037,93.649858,0.000000,0.000000,0.000000,2.270800,
3471,52,-3.140739,10.995390,-0.097337,1.525936,138.800000,1.529037,93.649858,0.000000,0.000000,0.000000,2.263061,
3481,52,-3.126318,11.633900,0.036051,1.596257,139.200000,1.596664,88.706221,0.333469,0.175803,0.376972,2.248525,
3491,52,-3.111898,12.272400,0.036051,1.596257,139.600000,1.596664,88.706221,0.000000,0.000000,0.000000,2.125098,
3501,52,-3.097478,12.910900,0.036051,1.596257,140.000000,1.596664,88.706221,0.000000,0.000000,0.000000,1.925498,
3511,52,-3.106130,13.567690,-0.021630,1.641966,140.400000,1.642108,90.754742,-0.144203,0.114272,0.183991,1.754246,
3521,52,-3.149391,14.251900,-0.108152,1.710529,140.800000,1.713945,93.617844,-0.216304,0.171407,0.275986,1.726855,
3531,52,-3.192652,14.936110,-0.108152,1.710529,141.200000,1.713945,93.617844,0.000000,0.000000,0.000000,1.705263,
3541,52,-3.235912,15.620320,-0.108152,1.710529,141.600000,1.713945,93.617844,0.000000,0.000000,0.000000,1.689685,
3551,52,-3.287317,16.260010,-0.128510,1.599224,142.000000,1.604379,94.594294,-0.050895,-0.278262,0.282879,1.588557,
3561,52,-3.340756,16.888570,-0.133600,1.571398,142.400000,1.577067,94.859580,-0.012724,-0.069565,0.070719,1.471090,
3571,52,-3.394196,17.517130,-0.133600,1.571398,142.800000,1.577067,94.859580,0.000000,0.000000,0.000000,1.361846,
3581,52,-3.479504,18.156440,-0.213270,1.598261,143.200000,1.612427,97.600587,-0.199176,0.067158,0.210194,1.295609,
3591,52,-3.612615,18.811860,-0.332776,1.638556,143.600000,1.672006,101.480118,-0.298764,0.100737,0.315291,1.289514,
3601,52,-3.745725,19.467280,-0.332776,1.638556,144.000000,1.672006,101.480118,0.000000,0.000000,0.000000,1.294748,
3611,52,-3.878835,20.122700,-0.332776,1.638556,144.400000,1.672006,101.480118,0.000000,0.000000,0.000000,1.240023,
3371,53,0.277216,5.527707,-0.285522,1.244482,134.800000,1.276816,102.921751,,,,4.304158,2.388263
3381,53,0.163007,6.025500,-0.285522,1.244482,135.200000,1.276816,102.921751,0.000000,0.000000,0.000000,2.907486,1.983297
3391,53,0.048798,6.523293,-0.285522,1.244482,135.600000,1.276816,102.921751,0.000000,0.000000,0.000000,2.831332,1.553684
3401,53,0.017970,7.082464,-0.077071,1.397930,136.000000,1.400053,93.155645,0.521127,0.383620,0.647099,2.847509,1.107643
3411,53,0.007987,7.656981,-0.024958,1.436292,136.400000,1.436509,90.995518,0.130282,0.095905,0.161775,2.425789,0.709548
3421,53,-0.006698,8.222537,-0.036713,1.413889,136.800000,1.414366,91.487394,-0.029386,-0.056007,0.063249,1.429701,0.369531
3431,53,-0.040191,8.752249,-0.083731,1.324280,137.200000,1.326924,93.617844,-0.117545,-0.224023,0.252988,0.569972,
3441,53,-0.073683,9.281961,-0.083731,1.324280,137.600000,1.326924,93.617844,0.000000,0.000000,0.000000,0.714716,
3451,53,-0.126899,9.814698,-0.133039,1.331841,138.000000,1.338469,95.704404,-0.123270,0.018903,0.124711,1.606042,
3461,53,-0.357623,10.374650,-0.576812,1.399887,138.400000,1.514066,112.393692,-1.109432,0.170115,1.122398,2.590822,
3471,53,-0.588348,10.934610,-0.576812,1.399887,138.800000,1.514066,112.393692,0.000000,0.000000,0.000000,2.553115,
3481,53,-0.803125,11.506940,-0.536944,1.430833,139.200000,1.528264,110.569428,0.099670,0.077365,0.126172,2.326659,
3491,53,-0.993982,12.097840,-0.477142,1.477252,139.600000,1.552397,107.900088,0.149504,0.116047,0.189258,2.125098,
3501,53,-1.184839,12.688740,-0.477142,1.477252,140.000000,1.552397,107.900088,0.000000,0.000000,0.000000,1.925498,
3511,53,-1.375695,13.279640,-0.477142,1.477252,140.400000,1.552397,107.900088,0.000000,0.000000,0.000000,1.754246,
3521,53,-1.464921,13.871650,-0.223064,1.480009,140.800000,1.496724,98.570987,0.635195,0.006892,0.635233,1.726855,
3531,53,-1.554146,14.463650,-0.223064,1.480009,141.200000,1.496724,98.570987,0.000000,0.000000,0.000000,1.705263,
3541,53,-1.643372,15.055650,-0.223064,1.480009,141.600000,1.496724,98.570987,0.000000,0.000000,0.000000,1.689685,
3551,53,-1.824822,15.639830,-0.453624,1.460432,142.000000,1.529260,107.255307,-0.576402,-0.048942,0.578476,1.588557,
3561,53,-2.029328,16.222040,-0.511265,1.455538,142.400000,1.542719,109.354070,-0.144100,-0.012235,0.144619,1.471090,
3571,53,-2.233834,16.804260,-0.511265,1.455538,142.800000,1.542719,109.354070,0.000000,0.000000,0.000000,1.361846,
3581,53,-2.443493,17.378440,-0.524148,1.435469,143.200000,1.528170,110.059194,-0.032209,-0.050173,0.059621,1.295609,
3591,53,-2.658305,17.944600,-0.537031,1.415400,143.600000,1.513856,110.777759,-0.032208,-0.050172,0.059621,1.289514,1.412902
3601,53,-2.873118,18.510760,-0.537031,1.415400,144.000000,1.513856,110.777759,0.000000,0.000000,0.000000,1.294748,1.012902
3611,53,-3.107366,19.151880,-0.585620,1.602779,144.400000,1.706415,110.071182,-0.121471,0.468447,0.483940,1.019040,
3621,53,-3.354571,19.842960,-0.618012,1.727698,144.800000,1.834906,109.682563,-0.080981,0.312297,0.322626,0.674142,
3631,53,-3.526842,20.430160,-0.430677,1.468024,145.200000,1.529895,106.350217,0.468338,-0.649185,0.800488,0.918677,
3581,54,-2.729587,20.388200,0.311478,-0.680114,143.200000,0.748047,294.606807,,,,1.593746,
3591,54,-2.604996,20.116160,0.311478,-0.680114,143.600000,0.748047,294.606807,0.000000,0.000000,0.000000,0.571291,
3601,54,-2.482615,19.908340,0.305952,-0.519542,144.000000,0.602935,300.493321,-0.013815,0.401430,0.401668,0.526771,
3611,54,-2.365392,19.850390,0.293057,-0.144874,144.400000,0.326911,333.694373,-0.032236,0.936670,0.937225,0.520013,
3621,54,-2.248169,19.792440,0.293057,-0.144874,144.800000,0.326911,333.694373,0.000000,0.000000,0.000000,0.627616,
3631,54,-2.147902,19.674140,0.250669,-0.295751,145.200000,0.387690,310.283559,-0.105972,-0.377192,0.391795,0.778309,0.369443
3641,54,-2.115456,19.314440,0.081114,-0.899257,145.600000,0.902908,275.154202,-0.423887,-1.508767,1.567181,0.830936,
3651,54,-2.083011,18.954730,0.081114,-0.899257,146.000000,0.902908,275.154202,0.000000,0.000000,0.000000,0.853672,
3661,54,-2.093826,18.484880,-0.027038,-1.174626,146.400000,1.174937,268.681374,-0.270380,-0.688422,0.739615,0.932804,
3671,54,-2.115456,17.987500,-0.054076,-1.243468,146.800000,1.244643,267.509884,-0.067595,-0.172105,0.184903,0.909306,
3681,54,-2.121274,17.462260,-0.014545,-1.313080,147.200000,1.313161,269.365377,0.098829,-0.174030,0.200134,0.872492,3.042419
3691,54,-2.103373,16.895260,0.044753,-1.417499,147.600000,1.418205,271.808315,0.148243,-0.261047,0.300203,0.846836,
3701,54,-2.085472,16.328270,0.044753,-1.417499,148.000000,1.418205,271.808315,0.000000,0.000000,0.000000,0.836469,
3711,54,-2.090183,15.807590,-0.011777,-1.301684,148.400000,1.301737,269.481630,-0.141324,0.289537,0.322187,0.830995,
3721,54,-2.117505,15.333240,-0.068307,-1.185869,148.800000,1.187835,266.703378,-0.141324,0.289537,0.322187,0.813088,
3731,54,-2.144828,14.858900,-0.068307,-1.185869,149.200000,1.187835,266.703378,0.000000,0.000000,0.000000,0.797909,
3741,54,-2.172151,14.384550,-0.068307,-1.185869,149.600000,1.187835,266.703378,0.000000,0.000000,0.000000,0.730914,0.796321
3751,54,-2.153628,13.917770,0.046308,-1.166947,150.000000,1.167865,272.272472,0.286536,0.047305,0.290415,0.710262,2.291992
3761,54,-2.115456,13.454240,0.095428,-1.158838,150.400000,1.162761,274.707590,0.122801,0.020272,0.124463,0.709460,
3771,54,-2.077285,12.990700,0.095428,-1.158838,150.800000,1.162761,274.707590,0.000000,0.000000,0.000000,0.729221,
3781,54,-2.023975,12.535780,0.133274,-1.137309,151.200000,1.145091,276.683641,0.094614,0.053823,0.108851,0.766375,
3791,54,-1.935343,12.100950,0.221580,-1.087076,151.600000,1.109429,281.520845,0.220765,0.125582,0.253985,0.843563,7.395932
3801,54,-1.846711,11.666120,0.221580,-1.087076,152.000000,1.109429,281.520845,0.000000,0.000000,0.000000,0.920763,5.715442
3811,54,-1.758079,11.231290,0.221580,-1.087076,152.400000,1.109429,281.520845,0.000000,0.000000,0.000000,0.997969,5.315473
3821,54,-1.681066,10.784280,0.192533,-1.117519,152.800000,1.133983,279.775282,-0.072618,-0.076107,0.105194,1.000787,
3831,54,-1.650529,10.288560,0.076343,-1.239291,153.200000,1.241640,273.525075,-0.290475,-0.304430,0.420777,0.918329,1.549508
3841,54,-1.619992,9.792845,0.076343,-1.239291,153.600000,1.241640,273.525075,0.000000,0.000000,0.000000,0.835956,1.149508
3851,54,-1.589455,9.297129,0.076343,-1.239291,154.000000,1.241640,273.525075,0.000000,0.000000,0.000000,0.920323,
3861,54,-1.648239,8.810705,-0.146960,-1.216059,154.400000,1.224907,263.109269,-0.558256,0.058080,0.561269,0.922028,
3871,54,-1.729353,8.326605,-0.202785,-1.210251,154.800000,1.227122,260.488085,-0.139564,0.014520,0.140317,0.902925,6.668534
3881,54,-1.810467,7.842504,-0.202785,-1.210251,155.200000,1.227122,260.488085,0.000000,0.000000,0.000000,0.953465,
3891,54,-1.916202,7.365409,-0.264337,-1.192737,155.600000,1.221677,257.503976,-0.153878,0.043785,0.159986,0.982982,
3901,54,-2.038350,6.892985,-0.305371,-1.181062,156.000000,1.219901,255.503301,-0.102585,0.029187,0.106657,0.999409,
3911,54,-2.160498,6.420560,-0.305371,-1.181062,156.400000,1.219901,255.503301,0.000000,0.000000,0.000000,1.002960,
3921,54,-2.282647,5.948135,-0.305371,-1.181062,156.800000,1.219901,255.503301,0.000000,0.000000,0.000000,1.006877,
3931,54,-2.404795,5.475711,-0.305371,-1.181062,157.200000,1.219901,255.503301,0.000000,0.000000,0.000000,2.093806,
3591,55,-2.212411,20.531190,-0.458056,-0.258275,143.600000,0.525853,209.416498,,,,0.571291,1.412902
3601,55,-2.395634,20.427880,-0.458056,-0.258275,144.000000,0.525853,209.416498,0.000000,0.000000,0.000000,0.526771,1.012902
3611,55,-2.578856,20.324570,-0.458056,-0.258275,144.400000,0.525853,209.416498,0.000000,0.000000,0.000000,0.520013,
3621,55,-2.758470,20.157810,-0.449034,-0.416901,144.800000,0.612730,222.874878,0.022556,-0.396565,0.397206,0.627616,
3631,55,-2.923648,19.737250,-0.412945,-1.051406,145.200000,1.129592,248.557351,0.090223,-1.586262,1.588826,0.778309,
3641,55,-3.088826,19.316690,-0.412945,-1.051406,145.600000,1.129592,248.557351,0.000000,0.000000,0.000000,0.973373,
3651,55,-3.047295,18.763830,0.103826,-1.382136,146.000000,1.386030,274.295992,1.291927,-0.826825,1.533856,0.982999,
3661,55,-3.005765,18.210980,0.103826,-1.382136,146.400000,1.386030,274.295992,0.000000,0.000000,0.000000,0.952184,
3671,55,-2.972440,17.683500,0.083312,-1.318707,146.800000,1.321336,273.614975,-0.051285,0.158572,0.166660,0.909306,
3681,55,-2.947321,17.181390,0.062798,-1.255279,147.200000,1.256849,272.863956,-0.051285,0.158570,0.166657,0.872492,3.042419
3691,55,-2.922201,16.679270,0.062798,-1.255279,147.600000,1.256849,272.863956,0.000000,0.000000,0.000000,0.846836,
3701,55,-2.907130,16.171560,0.037679,-1.269288,148.000000,1.269847,271.700326,-0.062798,-0.035022,0.071904,0.836469,3.227435
3711,55,-2.907130,15.655440,0.000000,-1.290302,148.400000,1.290302,270.000000,-0.094197,-0.052535,0.107856,0.830995,2.741118
3721,55,-2.907130,15.139320,0.000000,-1.290302,148.800000,1.290302,270.000000,0.000000,0.000000,0.000000,0.813088,
3731,55,-2.907130,14.623200,0.000000,-1.290302,149.200000,1.290302,270.000000,-0.000000,0.000000,0.000000,0.797909,
3741,55,-2.863869,14.148410,0.108152,-1.186974,149.600000,1.191891,275.206181,0.270380,0.258320,0.373945,0.730914,0.796321
3751,55,-2.820608,13.673620,0.108152,-1.186974,150.000000,1.191891,275.206181,0.000000,0.000000,0.000000,0.710262,2.291992
3761,55,-2.777347,13.198830,0.108152,-1.186974,150.400000,1.191891,275.206181,0.000000,0.000000,0.000000,0.709460,3.108933
3771,55,-2.762655,12.741640,0.036731,-1.142981,150.800000,1.143571,271.840628,-0.178553,0.109982,0.209708,0.729221,2.695374
3781,55,-2.747963,12.284440,0.036731,-1.142981,151.200000,1.143571,271.840628,0.000000,0.000000,0.000000,0.766375,2.295370
3791,55,-2.733270,11.827250,0.036731,-1.142981,151.600000,1.143571,271.840628,0.000000,0.000000,0.000000,0.843563,1.896765
3801,55,-2.718578,11.370060,0.036731,-1.142981,152.000000,1.143571,271.840628,0.000000,0.000000,0.000000,0.920763,1.502181
3811,55,-2.703886,10.912870,0.036731,-1.142981,152.400000,1.143571,271.840628,0.000000,0.000000,0.000000,0.997969,1.102182
3821,55,-2.625454,10.453060,0.196080,-1.149503,152.800000,1.166106,279.680213,0.398372,-0.016305,0.398705,1.000787,0.724098
3831,55,-2.519705,9.992146,0.264372,-1.152298,153.200000,1.182237,282.921751,0.170731,-0.006988,0.170874,0.918329,0.339723
3841,55,-2.413956,9.531227,0.264372,-1.152298,153.600000,1.182237,282.921751,0.000000,0.000000,0.000000,0.508521,1.149508
3851,55,-2.474521,9.044834,-0.151413,-1.215982,154.000000,1.225373,262.902114,-1.039462,-0.159210,1.051584,0.686105,
3861,55,-2.535087,8.558441,-0.151413,-1.215982,154.400000,1.225373,262.902114,0.000000,0.000000,0.000000,0.922028,
3871,55,-2.595652,8.072049,-0.151413,-1.215982,154.800000,1.225373,262.902114,0.000000,0.000000,0.000000,0.902925,6.668534
3881,55,-2.721502,7.561237,-0.314624,-1.277030,155.200000,1.315216,256.159566,-0.408029,-0.152620,0.435638,0.953465,
3891,55,-2.847351,7.050425,-0.314624,-1.277030,155.600000,1.315216,256.159566,0.000000,0.000000,0.000000,0.982982,
3901,55,-2.973201,6.539613,-0.314624,-1.277030,156.000000,1.315216,256.159566,0.000000,0.000000,0.000000,0.999409,
3911,55,-3.071521,6.001077,-0.245800,-1.346340,156.400000,1.368594,259.653498,0.172060,-0.173275,0.244190,1.002960,
3921,55,-3.158043,5.450659,-0.216304,-1.376044,156.800000,1.392941,261.066614,0.073740,-0.074260,0.104653,1.006877,
3591,56,1.726872,5.612689,-0.916112,0.327721,143.600000,0.972966,160.316323,,,,13.088384,
3601,56,1.360427,5.743778,-0.916112,0.327721,144.000000,0.972966,160.316323,0.000000,0.000000,0.000000,13.450603,
3611,56,0.993982,5.874866,-0.916112,0.327721,144.400000,0.972966,160.316323,0.000000,0.000000,0.000000,13.896048,
3621,56,0.652758,6.065971,-0.853059,0.477761,144.800000,0.977735,150.748722,0.157633,0.375099,0.406876,14.029659,
3631,56,0.412420,6.497138,-0.600845,1.077920,145.200000,1.234069,119.135810,0.630534,1.500398,1.627503,13.423436,
3641,56,0.172082,6.928306,-0.600845,1.077920,145.600000,1.234069,119.135810,0.000000,0.000000,0.000000,12.595600,
3651,56,-0.000961,7.382374,-0.432609,1.135169,146.000000,1.214808,110.861654,0.420592,0.143122,0.444276,11.758161,
3661,56,-0.106710,7.859341,-0.264372,1.192417,146.400000,1.221373,102.500889,0.420592,0.143120,0.444276,2.421297,
3671,56,-0.212459,8.336308,-0.264372,1.192417,146.800000,1.221373,102.500889,0.000000,0.000000,0.000000,2.508953,
3681,56,-0.266054,8.793209,-0.133989,1.142254,147.200000,1.150086,96.690327,0.325959,-0.125408,0.349251,2.624436,
3691,56,-0.306611,9.245095,-0.101393,1.129713,147.600000,1.134254,95.128599,0.081490,-0.031352,0.087313,2.741088,3.225522
3701,56,-0.347168,9.696980,-0.101393,1.129713,148.000000,1.134254,95.128599,0.000000,0.000000,0.000000,2.723975,2.825526
3711,56,-0.405866,10.187120,-0.146743,1.225351,148.400000,1.234106,96.828976,-0.113375,0.239095,0.264614,2.743483,2.680034
3721,56,-0.476656,10.702760,-0.176976,1.289109,148.800000,1.301200,97.817028,-0.075584,0.159395,0.176408,2.879794,2.258739
3731,56,-0.547447,11.218410,-0.176976,1.289109,149.200000,1.301200,97.817028,0.000000,0.000000,0.000000,3.052438,1.858737
3741,56,-0.652969,11.713070,-0.263805,1.236669,149.600000,1.264493,102.041799,-0.217072,-0.131100,0.253589,3.073226,1.570914
3751,56,-0.839531,12.158800,-0.466406,1.114310,150.000000,1.207982,112.712262,-0.506502,-0.305897,0.591708,2.195638,
3761,56,-1.026094,12.604520,-0.466406,1.114310,150.400000,1.207982,112.712262,0.000000,0.000000,0.000000,1.381569,
3771,56,-1.199506,13.059270,-0.433530,1.136879,150.800000,1.216734,110.873540,0.082189,0.056422,0.099693,0.880453,
3781,56,-1.254565,13.595280,-0.137648,1.340006,151.200000,1.347057,95.864971,0.739706,0.507818,0.897242,1.010235,
3791,56,-1.309624,14.131280,-0.137648,1.340006,151.600000,1.347057,95.864971,0.000000,0.000000,0.000000,0.955506,
3801,56,-1.364684,14.667280,-0.137648,1.340006,152.000000,1.347057,95.864971,0.000000,0.000000,0.000000,1.709005,
3811,56,-1.435025,15.212690,-0.175853,1.363528,152.400000,1.374821,97.348804,-0.095511,0.058805,0.112162,2.678039,
3821,56,-1.509186,15.760460,-0.185404,1.369408,152.800000,1.381902,97.710374,-0.023878,0.014700,0.028040,2.595101,
3831,56,-1.583348,16.308220,-0.185404,1.369408,153.200000,1.381902,97.710374,0.000000,0.000000,0.000000,2.419156,
3841,56,-1.656891,16.851420,-0.183859,1.357996,153.600000,1.370386,97.710376,0.003862,-0.028530,0.028790,2.248737,
3851,56,-1.728992,17.383960,-0.180254,1.331369,154.000000,1.343516,97.710373,0.009013,-0.066567,0.067175,2.079070,
3861,56,-1.801094,17.916510,-0.180254,1.331369,154.400000,1.343516,97.710373,0.000000,0.000000,0.000000,2.031989,
3871,56,-1.873195,18.449060,-0.180254,1.331369,154.800000,1.343516,97.710373,0.000000,0.000000,0.000000,2.015569,
3881,56,-1.975579,19.005600,-0.255960,1.391362,155.200000,1.414710,100.423797,-0.189266,0.149983,0.241488,2.033121,
3891,56,-2.090942,19.572430,-0.288406,1.417073,155.600000,1.446124,101.503841,-0.081114,0.064277,0.103494,2.021688,
3901,56,-2.206304,20.139260,-0.288406,1.417073,156.000000,1.446124,101.503841,0.000000,0.000000,0.000000,2.010086,
3661,57,-0.247929,5.442166,-1.006934,1.059399,146.400000,1.461589,133.545550,,,,2.421297,
3671,57,-0.650703,5.865926,-1.006934,1.059399,146.800000,1.461589,133.545550,0.000000,0.000000,0.000000,2.508953,
3681,57,-1.053477,6.289685,-1.006934,1.059399,147.200000,1.461589,133.545550,0.000000,0.000000,0.000000,2.624436,
3691,57,-1.416793,6.738891,-0.908292,1.123014,147.600000,1.444352,128.965867,0.246606,0.159037,0.293441,2.741088,
3701,57,-1.622282,7.289881,-0.513723,1.377475,148.000000,1.470153,110.452759,0.986422,0.636152,1.173763,2.723975,3.227435
3711,57,-1.827771,7.840871,-0.513723,1.377475,148.400000,1.470153,110.452759,0.000000,0.000000,0.000000,2.743483,2.741118
3721,57,-2.132428,8.346570,-0.761641,1.264246,148.800000,1.475945,121.066719,-0.619795,-0.283072,0.681378,2.879794,
3731,57,-2.461876,8.840945,-0.823620,1.235939,149.200000,1.485226,123.679185,-0.154949,-0.070768,0.170344,3.052438,
3741,57,-2.772156,9.335574,-0.775701,1.236572,149.600000,1.459733,122.100012,0.119799,0.001583,0.119810,3.184877,
3751,57,-3.005765,9.831217,-0.584022,1.239106,150.000000,1.369841,115.235673,0.479197,0.006335,0.479239,3.179656,
3761,57,-3.239373,10.326860,-0.584022,1.239106,150.400000,1.369841,115.235673,0.000000,0.000000,0.000000,2.908897,
3771,57,-3.447025,10.847280,-0.519130,1.301061,150.800000,1.400805,111.752264,0.162228,0.154887,0.224295,2.014190,
3781,57,-3.550852,11.466830,-0.259565,1.548878,151.200000,1.570477,99.513382,0.648913,0.619543,0.897174,1.145913,
3791,57,-3.654678,12.086390,-0.259565,1.548878,151.600000,1.570477,99.513382,0.000000,0.000000,0.000000,0.957155,
3801,57,-3.576808,12.681250,0.194674,1.487167,152.000000,1.499855,82.542243,1.135598,-0.154277,1.146030,1.567092,
3811,57,-3.421069,13.265540,0.389348,1.460719,152.400000,1.511718,75.075075,0.486685,-0.066120,0.491156,2.459554,
3821,57,-3.265330,13.849830,0.389348,1.460719,152.800000,1.511718,75.075075,0.000000,0.000000,0.000000,2.595101,
3831,57,-3.121271,14.440840,0.360147,1.477541,153.200000,1.520800,76.301426,-0.073003,0.042055,0.084250,2.419156,
3841,57,-2.982218,15.034740,0.347632,1.484750,153.600000,1.524903,76.822426,-0.031287,0.018022,0.036107,2.248737,
3851,57,-2.843166,15.628640,0.347632,1.484750,154.000000,1.524903,76.822426,0.000000,0.000000,0.000000,2.079070,
3861,57,-2.728030,16.108260,0.287839,1.199043,154.400000,1.233108,76.501155,-0.149482,-0.714267,0.729742,2.031989,
3871,57,-2.615552,16.575180,0.281196,1.167298,154.800000,1.200690,76.455820,-0.016609,-0.079362,0.081082,2.015569,
3881,57,-2.503073,17.042100,0.281196,1.167298,155.200000,1.200690,76.455820,0.000000,0.000000,0.000000,2.033121,
3891,57,-2.498315,17.592210,0.011897,1.375284,155.600000,1.375335,89.504382,-0.673247,0.519965,0.850662,2.021688,
3901,57,-2.505525,18.151570,-0.018025,1.398394,156.000000,1.398510,90.738504,-0.074805,0.057775,0.094519,1.963446,
3911,57,-2.512735,18.710930,-0.018025,1.398394,156.400000,1.398510,90.738504,0.000000,0.000000,0.000000,2.075530,
3921,57,-2.566115,19.255080,-0.133450,1.360373,156.800000,1.366903,95.602672,-0.288561,-0.095052,0.303813,2.504257,
3931,57,-2.727224,19.763740,-0.402774,1.271657,157.200000,1.333918,107.574621,-0.673309,-0.221790,0.708898,3.006857,
3941,57,-2.888334,20.272400,-0.402774,1.271657,157.600000,1.333918,107.574621,0.000000,0.000000,0.000000,3.641527,
3631,58,-1.950278,20.445980,0.501433,-0.963581,145.200000,1.086243,297.491764,,,,0.796738,0.369443
3641,58,-1.749705,20.060550,0.501433,-0.963581,145.600000,1.086243,297.491764,0.000000,0.000000,0.000000,0.830936,
3651,58,-1.553238,19.624130,0.491168,-1.091046,146.000000,1.196506,294.236365,-0.025661,-0.318661,0.319693,0.853672,4.481508
3661,58,-1.366351,19.068750,0.467217,-1.388464,146.400000,1.464966,288.598055,-0.059877,-0.743545,0.745952,0.932804,
3671,58,-1.179464,18.513360,0.467217,-1.388464,146.800000,1.464966,288.598055,0.000000,0.000000,0.000000,1.073597,
3681,58,-1.075341,17.996570,0.260307,-1.291970,147.200000,1.317933,281.391475,-0.517276,0.241235,0.570762,1.174505,
3691,58,-0.991910,17.489430,0.208579,-1.267846,147.600000,1.284889,279.342310,-0.129319,0.060310,0.142691,1.178354,3.225522
3701,58,-0.908478,16.982300,0.208579,-1.267846,148.000000,1.284889,279.342310,0.000000,0.000000,0.000000,1.163942,2.825526
3711,58,-0.818973,16.567730,0.223763,-1.036421,148.400000,1.060301,282.183149,0.037960,0.578562,0.579806,1.099892,
3721,58,-0.729468,16.153160,0.223763,-1.036421,148.800000,1.060301,282.183149,0.000000,0.000000,0.000000,1.064090,
3731,58,-0.634592,15.744050,0.237189,-1.022781,149.200000,1.049924,283.056432,0.033565,0.034100,0.047848,1.036761,
3741,58,-0.491384,15.384040,0.358021,-0.900022,149.600000,0.968617,291.692222,0.302080,0.306896,0.430625,1.016507,
3751,58,-0.348175,15.024030,0.358021,-0.900022,150.000000,0.968617,291.692222,0.000000,0.000000,0.000000,1.005541,
3761,58,-0.203466,14.647840,0.361774,-0.940469,150.400000,1.007653,291.040449,0.009384,-0.101118,0.101552,0.924274,1.666581
3771,58,-0.052750,14.206940,0.376788,-1.102258,150.800000,1.164879,288.872123,0.037534,-0.404471,0.406209,0.825063,1.044360
3781,58,0.097965,13.766030,0.376788,-1.102258,151.200000,1.164879,288.872118,-0.000000,0.000000,0.000000,0.731626,0.644410
3791,58,0.235339,13.315860,0.343435,-1.125447,151.600000,1.176681,286.969813,-0.083382,-0.057972,0.101555,0.794650,
3801,58,0.252643,12.782200,0.043261,-1.334141,152.000000,1.334842,271.857222,-0.750436,-0.521735,0.913981,0.825433,
3811,58,0.269948,12.248540,0.043261,-1.334141,152.400000,1.334842,271.857222,0.000000,0.000000,0.000000,0.856535,
3821,58,0.284656,11.714780,0.036772,-1.334415,152.800000,1.334922,271.578468,-0.016223,-0.000685,0.016237,0.895326,
3831,58,0.276004,11.180020,-0.021630,-1.336880,153.200000,1.337055,269.073048,-0.146005,-0.006163,0.146135,0.926601,7.903306
3841,58,0.267352,10.645270,-0.021630,-1.336880,153.600000,1.337055,269.073048,0.000000,0.000000,0.000000,0.959937,7.503299
3851,58,0.262097,10.113900,-0.013137,-1.328419,154.000000,1.328484,269.433429,0.021235,0.021152,0.029972,0.995288,
3861,58,0.287421,9.612995,0.063309,-1.252274,154.400000,1.253873,272.894118,0.191113,0.190362,0.269744,1.045411,
3871,58,0.312744,9.112085,0.063309,-1.252274,154.800000,1.253873,272.894118,0.000000,0.000000,0.000000,1.099429,
3881,58,0.338068,8.611175,0.063309,-1.252274,155.200000,1.253873,272.894118,0.000000,0.000000,0.000000,1.154179,
3891,58,0.363391,8.110266,0.063309,-1.252274,155.600000,1.253873,272.894118,0.000000,0.000000,0.000000,1.209565,
3901,58,0.238600,7.588388,-0.311977,-1.304693,156.000000,1.341474,256.551983,-0.938215,-0.131047,0.947323,1.162079,
3911,58,0.113809,7.066511,-0.311977,-1.304693,156.400000,1.341474,256.551983,0.000000,0.000000,0.000000,1.120010,
3921,58,-0.010982,6.544634,-0.311977,-1.304693,156.800000,1.341474,256.551983,0.000000,0.000000,0.000000,1.080989,
3931,58,-0.135773,6.022757,-0.311977,-1.304693,157.200000,1.341474,256.551983,0.000000,0.000000,0.000000,1.045356,
3941,58,-0.260564,5.500879,-0.311977,-1.304693,157.600000,1.341474,256.551983,0.000000,0.000000,0.000000,1.047356,
3651,59,-2.340667,20.574210,0.534399,-1.283680,146.000000,1.390473,292.602073,,,,1.233976,4.481508
3661,59,-2.126908,20.060740,0.534399,-1.283680,146.400000,1.390473,292.602073,0.000000,0.000000,0.000000,1.249996,
3671,59,-1.913148,19.547260,0.534399,-1.283680,146.800000,1.390473,292.602073,0.000000,0.000000,0.000000,1.267770,
3681,59,-1.699388,19.033790,0.534399,-1.283680,147.200000,1.390473,292.602073,0.000000,0.000000,0.000000,1.210479,
3691,59,-1.593966,18.502370,0.263556,-1.328562,147.600000,1.354451,281.220476,-0.677108,-0.112205,0.686342,1.178354,3.521688
3701,59,-1.534974,17.963250,0.147480,-1.347797,148.000000,1.355842,276.244641,-0.290189,-0.048087,0.294146,1.163942,3.156799
3711,59,-1.484713,17.443260,0.125653,-1.299973,148.400000,1.306032,275.520958,-0.054568,0.119560,0.131424,1.099892,2.680034
3721,59,-1.443182,16.942400,0.103826,-1.252150,148.800000,1.256447,274.740023,-0.054567,0.119557,0.131421,1.064090,2.258739
3731,59,-1.401652,16.441540,0.103826,-1.252150,149.200000,1.256447,274.740023,0.000000,0.000000,0.000000,1.036761,1.858737
3741,59,-1.304315,15.994310,0.243342,-1.118081,149.600000,1.144255,282.278533,0.348790,0.335172,0.483731,1.016507,1.570914
3751,59,-1.206978,15.547070,0.243342,-1.118081,150.000000,1.144255,282.278533,0.000000,0.000000,0.000000,1.005541,
3761,59,-1.006536,15.105400,0.501105,-1.104195,150.400000,1.212581,294.409464,0.644407,0.034715,0.645341,0.924274,1.666581
3771,59,-0.737357,14.667420,0.672947,-1.094937,150.800000,1.285202,301.574824,0.429604,0.023145,0.430227,0.825063,1.044360
3781,59,-0.468179,14.229450,0.672947,-1.094937,151.200000,1.285202,301.574824,0.000000,0.000000,0.000000,0.731626,0.644410
3791,59,-0.441261,13.732610,0.067295,-1.242092,151.600000,1.243914,273.101167,-1.514130,-0.367887,1.558182,0.794650,7.395932
3801,59,-0.441261,13.229230,0.000000,-1.258443,152.000000,1.258443,270.000000,-0.168237,-0.040877,0.173132,0.825433,5.715442
3811,59,-0.441261,12.725860,0.000000,-1.258443,152.400000,1.258443,270.000000,0.000000,0.000000,0.000000,0.856535,5.315473
3821,59,-0.444769,12.233960,-0.008769,-1.229752,152.800000,1.229783,269.591443,-0.021923,0.071727,0.075003,0.895326,
3831,59,-0.451784,11.753530,-0.017538,-1.201061,153.200000,1.201189,269.163412,-0.021923,0.071728,0.075003,0.926601,
3841,59,-0.458799,11.273110,-0.017538,-1.201061,153.600000,1.201189,269.163412,0.000000,0.000000,0.000000,0.959937,
3851,59,-0.465814,10.792680,-0.017538,-1.201061,154.000000,1.201189,269.163412,0.000000,0.000000,0.000000,0.995288,
3861,59,-0.494904,10.306430,-0.072725,-1.215621,154.400000,1.217794,266.576337,-0.137967,-0.036400,0.142688,1.045411,
3871,59,-0.529513,9.818729,-0.086522,-1.219261,154.800000,1.222327,265.940957,-0.034492,-0.009100,0.035672,1.099429,
3881,59,-0.564122,9.331025,-0.086522,-1.219261,155.200000,1.222327,265.940957,0.000000,0.000000,0.000000,1.154179,
3891,59,-0.598730,8.843321,-0.086522,-1.219261,155.600000,1.222327,265.940957,0.000000,0.000000,0.000000,1.209565,
3901,59,-0.639474,8.349580,-0.101860,-1.234351,156.000000,1.238547,265.282592,-0.038345,-0.037725,0.053791,1.162079,
3911,59,-0.694534,7.841756,-0.137648,-1.269561,156.400000,1.277001,263.812055,-0.089471,-0.088025,0.125513,1.120010,
3921,59,-0.749593,7.333931,-0.137648,-1.269561,156.800000,1.277001,263.812055,0.000000,0.000000,0.000000,1.080989,
3931,59,-0.804652,6.826106,-0.137648,-1.269561,157.200000,1.277001,263.812055,0.000000,0.000000,0.000000,1.045356,
3941,59,-0.925164,6.310361,-0.301281,-1.289362,157.600000,1.324094,256.847863,-0.409082,-0.049502,0.412066,1.047356,
3951,59,-1.045677,5.794616,-0.301281,-1.289362,158.000000,1.324094,256.847863,0.000000,0.000000,0.000000,8.711823,
3761,60,-2.679289,5.518547,-0.072101,1.160412,150.400000,1.162650,93.555465,,,,4.840823,3.108933
3771,60,-2.708130,5.982712,-0.072101,1.160412,150.800000,1.162650,93.555465,0.000000,0.000000,0.000000,0.611524,2.695374
3781,60,-2.736971,6.446877,-0.072101,1.160412,151.200000,1.162650,93.555465,0.000000,0.000000,0.000000,0.610393,2.295370
3791,60,-2.751391,6.905450,-0.036051,1.146433,151.600000,1.147000,91.801129,0.090127,-0.034947,0.096665,0.621819,1.896765
3801,60,-2.751391,7.358431,0.000000,1.132454,152.000000,1.132454,90.000000,0.090127,-0.034947,0.096665,0.655093,1.502181
3811,60,-2.751391,7.811413,0.000000,1.132454,152.400000,1.132454,90.000000,0.000000,0.000000,0.000000,0.690592,1.102182
3821,60,-2.754740,8.265905,-0.008373,1.136230,152.800000,1.136261,90.422215,-0.020933,0.009440,0.022963,0.723354,0.724098
3831,60,-2.771486,8.726439,-0.041865,1.151335,153.200000,1.152096,92.082497,-0.083731,0.037763,0.091852,0.745268,0.339723
3841,60,-2.788232,9.186973,-0.041865,1.151335,153.600000,1.152096,92.082497,0.000000,0.000000,0.000000,0.508521,4.209280
3851,60,-2.798829,9.649453,-0.026491,1.156201,154.000000,1.156504,91.312520,0.038437,0.012165,0.040316,0.686105,9.049741
3861,60,-2.754076,10.129450,0.111881,1.199995,154.400000,1.205199,84.673428,0.345930,0.109485,0.362843,0.777419,
3871,60,-2.709323,10.609450,0.111881,1.199995,154.800000,1.205199,84.673428,0.000000,0.000000,0.000000,0.829102,
3881,60,-2.662165,11.087350,0.117895,1.194763,155.200000,1.200566,84.364489,0.015034,-0.013080,0.019928,0.809587,5.575544
3891,60,-2.605385,11.556890,0.141950,1.173833,155.600000,1.182385,83.104796,0.060136,-0.052325,0.079714,0.796921,6.704511
3901,60,-2.548606,12.026420,0.141950,1.173833,156.000000,1.182385,83.104796,0.000000,0.000000,0.000000,0.784333,6.304599
3911,60,-2.491826,12.495950,0.141950,1.173833,156.400000,1.182385,83.104796,0.000000,0.000000,0.000000,0.771824,5.904523
3921,60,-2.428688,12.996310,0.157844,1.250896,156.800000,1.260815,82.808170,0.039735,0.192657,0.196712,0.776462,
3931,60,-2.365551,13.496670,0.157844,1.250896,157.200000,1.260815,82.808170,0.000000,0.000000,0.000000,0.804957,
3941,60,-2.302413,13.997030,0.157844,1.250896,157.600000,1.260815,82.808170,0.000000,0.000000,0.000000,0.837473,
3951,60,-2.254119,14.508230,0.120737,1.277990,158.000000,1.283681,84.603067,-0.092768,0.067735,0.114865,0.860058,
3961,60,-2.240457,15.044710,0.034153,1.341209,158.400000,1.341644,88.541303,-0.216458,0.158047,0.268017,0.856886,
3971,60,-2.226796,15.581190,0.034153,1.341209,158.800000,1.341644,88.541303,0.000000,0.000000,0.000000,0.853992,
3981,60,-2.213135,16.117680,0.034153,1.341209,159.200000,1.341644,88.541303,0.000000,0.000000,0.000000,0.855541,
3991,60,-2.193326,16.641020,0.049522,1.308363,159.600000,1.309300,87.832356,0.038422,-0.082115,0.090660,0.858927,
4001,60,-2.167369,17.151230,0.064891,1.275518,160.000000,1.277168,87.087619,0.038422,-0.082112,0.090657,0.864932,
4011,60,-2.141413,17.661440,0.064891,1.275518,160.400000,1.277168,87.087619,0.000000,0.000000,0.000000,0.871962,
4021,60,-2.115456,18.171640,0.064891,1.275518,160.800000,1.277168,87.087619,0.000000,0.000000,0.000000,0.871245,
4031,60,-2.089500,18.681850,0.064891,1.275518,161.200000,1.277168,87.087619,0.000000,0.000000,0.000000,0.865125,
4041,60,-2.063543,19.192060,0.064891,1.275518,161.600000,1.277168,87.087619,0.000000,0.000000,0.000000,0.859288,
4051,60,-2.037587,19.702260,0.064891,1.275518,162.000000,1.277168,87.087619,0.000000,0.000000,0.000000,0.853740,
4061,60,-2.011630,20.212470,0.064891,1.275518,162.400000,1.277168,87.087619,0.000000,0.000000,0.000000,0.848493,
3771,61,-3.269626,5.740464,-0.089505,1.210172,150.800000,1.213477,94.229937,,,,0.611524,0.354216
3781,61,-3.305428,6.224533,-0.089505,1.210172,151.200000,1.213477,94.229937,0.000000,0.000000,0.000000,0.592760,
3791,61,-3.341230,6.708602,-0.089505,1.210172,151.600000,1.213477,94.229937,0.000000,0.000000,0.000000,0.530285,
3801,61,-3.375713,7.160014,-0.086208,1.128530,152.000000,1.131818,94.368304,0.008244,-0.204105,0.204271,0.572549,
3811,61,-3.409867,7.603261,-0.085383,1.108119,152.400000,1.111404,94.406074,0.002061,-0.051027,0.051069,0.627930,
3821,61,-3.444020,8.046509,-0.085383,1.108119,152.800000,1.111404,94.406074,0.000000,0.000000,0.000000,0.684720,
3831,61,-3.478173,8.489757,-0.085383,1.108119,153.200000,1.111404,94.406074,0.000000,0.000000,0.000000,0.653383,0.737943
3841,61,-3.484662,8.960682,-0.016223,1.177313,153.600000,1.177425,90.789459,0.172901,0.172985,0.244578,0.647063,2.989613
3851,61,-3.491152,9.431607,-0.016223,1.177313,154.000000,1.177425,90.789459,0.000000,0.000000,0.000000,0.627492,0.577414
3861,61,-3.497641,9.902532,-0.016223,1.177313,154.400000,1.177425,90.789459,0.000000,0.000000,0.000000,0.560596,
3871,61,-3.504130,10.373460,-0.016223,1.177313,154.800000,1.177425,90.789459,0.000000,0.000000,0.000000,0.505883,
3881,61,-3.432877,10.839490,0.178133,1.165072,155.200000,1.178611,81.307115,0.485890,-0.030603,0.486852,0.534744,5.575544
3891,61,-3.361623,11.305520,0.178133,1.165072,155.600000,1.178611,81.307115,0.000000,0.000000,0.000000,0.550920,6.704511
3901,61,-3.290370,11.771540,0.178133,1.165072,156.000000,1.178611,81.307115,0.000000,0.000000,0.000000,0.540274,6.304599
3911,61,-3.219117,12.237570,0.178133,1.165072,156.400000,1.178611,81.307115,0.000000,0.000000,0.000000,0.529992,5.904523
3921,61,-3.147864,12.703600,0.178133,1.165072,156.800000,1.178611,81.307115,0.000000,0.000000,0.000000,0.520114,
3931,61,-3.121668,13.220550,0.065489,1.292372,157.200000,1.294030,87.099125,-0.281611,0.318250,0.424956,0.521619,
3941,61,-3.100480,13.743160,0.052972,1.306517,157.600000,1.307590,87.678225,-0.031290,0.035362,0.047218,0.535519,
3951,61,-3.079291,14.265760,0.052972,1.306517,158.000000,1.307590,87.678225,0.000000,0.000000,0.000000,0.550112,
3961,61,-3.058102,14.788370,0.052972,1.306517,158.400000,1.307590,87.678225,0.000000,0.000000,0.000000,0.565331,
3971,61,-3.036913,15.310980,0.052972,1.306517,158.800000,1.307590,87.678225,0.000000,0.000000,0.000000,0.578253,
3981,61,-3.025114,15.848160,0.029496,1.342956,159.200000,1.343280,88.741785,-0.058691,0.091098,0.108367,0.552151,
3991,61,-3.013316,16.385340,0.029496,1.342956,159.600000,1.343280,88.741785,0.000000,0.000000,0.000000,0.527068,
4001,61,-3.001517,16.922530,0.029496,1.342956,160.000000,1.343280,88.741785,0.000000,0.000000,0.000000,0.503157,
4011,61,-2.989719,17.459710,0.029496,1.342956,160.400000,1.343280,88.741785,0.000000,0.000000,0.000000,0.496161,
4021,61,-2.967695,17.990650,0.055059,1.327349,160.800000,1.328490,87.624696,0.063908,-0.039017,0.074877,0.516535,
4031,61,-2.938855,18.517420,0.072101,1.316944,161.200000,1.318916,86.866239,0.042605,-0.026013,0.049919,0.544479,
4041,61,-2.910014,19.044200,0.072101,1.316944,161.600000,1.318916,86.866239,0.000000,0.000000,0.000000,0.572542,
4051,61,-2.881173,19.570980,0.072101,1.316944,162.000000,1.318916,86.866239,0.000000,0.000000,0.000000,0.600706,
4061,61,-2.852333,20.097760,0.072101,1.316944,162.400000,1.318916,86.866239,0.000000,0.000000,0.000000,0.628957,
3771,62,-3.925923,5.757404,0.069526,1.144180,150.800000,1.146290,86.522684,,,,0.656516,0.354216
3781,62,-3.898113,6.215076,0.069526,1.144180,151.200000,1.146290,86.522684,0.000000,0.000000,0.000000,0.592760,4.553237
3791,62,-3.870302,6.672748,0.069526,1.144180,151.600000,1.146290,86.522684,0.000000,0.000000,0.000000,0.530285,5.409907
3801,62,-3.948076,7.145414,-0.194434,1.181665,152.000000,1.197555,99.343865,-0.659901,0.093712,0.666522,0.572549,
3811,62,-4.037581,7.619746,-0.223763,1.185830,152.400000,1.206757,100.685920,-0.073322,0.010412,0.074058,0.627930,5.172872
3821,62,-4.127086,8.094078,-0.223763,1.185830,152.800000,1.206757,100.685920,0.000000,0.000000,0.000000,0.684720,4.772876
3831,62,-4.127086,8.566051,-0.000000,1.179932,153.200000,1.179932,90.000000,0.559408,-0.014745,0.559602,0.653383,0.737943
3841,62,-4.127086,9.038024,0.000000,1.179932,153.600000,1.179932,90.000000,0.000000,0.000000,0.000000,0.647063,2.989613
3851,62,-4.112059,9.522278,0.037569,1.210634,154.000000,1.211217,88.222556,0.093922,0.076755,0.121295,0.627492,0.577414
3861,62,-4.036921,10.055650,0.187843,1.333442,154.400000,1.346608,81.981455,0.375686,0.307020,0.485182,0.560596,
3871,62,-3.961784,10.589030,0.187843,1.333442,154.800000,1.346608,81.981455,0.000000,0.000000,0.000000,0.505883,
3881,62,-3.886647,11.122410,0.187843,1.333442,155.200000,1.346608,81.981455,0.000000,0.000000,0.000000,0.534744,
3891,62,-3.812724,11.621780,0.184807,1.248430,155.600000,1.262035,81.579551,-0.007589,-0.212530,0.212665,0.550920,
3901,62,-3.740623,12.070150,0.180254,1.120913,156.000000,1.135314,80.864499,-0.011384,-0.318792,0.318996,0.540274,
3911,62,-3.668521,12.518510,0.180254,1.120913,156.400000,1.135314,80.864499,0.000000,0.000000,0.000000,0.529992,
3921,62,-3.596420,12.966880,0.180254,1.120913,156.800000,1.135314,80.864499,0.000000,0.000000,0.000000,0.520114,
3931,62,-3.581999,13.465870,0.036051,1.247476,157.200000,1.247997,88.344674,-0.360507,0.316408,0.479666,0.521619,
3941,62,-3.581999,13.977510,0.000000,1.279117,157.600000,1.279117,90.000000,-0.090127,0.079102,0.119917,0.535519,
3951,62,-3.581999,14.489160,0.000000,1.279117,158.000000,1.279117,90.000000,0.000000,0.000000,0.000000,0.550112,
3961,62,-3.581999,15.000810,0.000000,1.279117,158.400000,1.279117,90.000000,0.000000,0.000000,0.000000,0.565331,
3971,62,-3.579115,15.511960,0.007210,1.277885,158.800000,1.277905,89.676726,0.018025,-0.003080,0.018287,0.578253,
3981,62,-3.550275,16.018680,0.072101,1.266795,159.200000,1.268845,86.742444,0.162228,-0.027725,0.164580,0.552151,
3991,62,-3.521434,16.525400,0.072101,1.266795,159.600000,1.268845,86.742444,0.000000,0.000000,0.000000,0.527068,
4001,62,-3.492594,17.032120,0.072101,1.266795,160.000000,1.268845,86.742444,0.000000,0.000000,0.000000,0.503157,
4011,62,-3.478173,17.546820,0.036051,1.286766,160.400000,1.287271,88.395191,-0.090127,0.049927,0.103032,0.496161,
4021,62,-3.478173,18.069520,0.000000,1.306737,160.800000,1.306737,90.000000,-0.090127,0.049927,0.103032,0.516535,
4031,62,-3.478173,18.592210,0.000000,1.306737,161.200000,1.306737,90.000000,-0.000000,0.000000,0.000000,0.544479,
4041,62,-3.478173,19.114910,0.000000,1.306737,161.600000,1.306737,90.000000,0.000000,0.000000,0.000000,0.572542,
4051,62,-3.478173,19.637600,0.000000,1.306737,162.000000,1.306737,90.000000,0.000000,0.000000,0.000000,0.600706,
4061,62,-3.478173,20.160300,0.000000,1.306737,162.400000,1.306737,90.000000,0.000000,0.000000,0.000000,0.628957,
3811,63,-4.149049,20.335160,-0.139766,-1.174522,152.400000,1.182809,263.213822,,,,5.797036,5.172872
3821,63,-4.204956,19.865360,-0.139766,-1.174522,152.800000,1.182809,263.213822,0.000000,0.000000,0.000000,4.910945,4.772876
3831,63,-4.204956,19.395960,0.000000,-1.173485,153.200000,1.173485,270.000000,0.349415,0.002593,0.349424,4.050551,4.348989
3841,63,-4.291478,18.977080,-0.216304,-1.047211,153.600000,1.069317,258.329523,-0.540761,0.315685,0.626162,3.385185,
3851,63,-4.464521,18.608700,-0.432609,-0.920937,154.000000,1.017485,244.838286,-0.540761,0.315685,0.626162,2.997183,
3861,63,-4.663145,18.263110,-0.496559,-0.863980,154.400000,0.996511,240.112521,-0.159877,0.142391,0.214094,2.559417,
3871,63,-4.900139,17.951690,-0.592486,-0.778545,154.800000,0.978352,232.728272,-0.239815,0.213587,0.321140,2.400737,4.585148
3881,63,-5.134199,17.646280,-0.585150,-0.763542,155.200000,0.961975,232.534776,0.018339,0.037509,0.041752,2.282082,
3891,63,-5.341851,17.394870,-0.519130,-0.628509,155.600000,0.815181,230.444276,0.165050,0.337582,0.375770,2.178608,
3901,63,-5.549503,17.143470,-0.519130,-0.628509,156.000000,0.815181,230.444276,0.000000,0.000000,0.000000,2.083597,
3911,63,-5.821339,16.971920,-0.679589,-0.428878,156.400000,0.803603,212.255421,-0.401146,0.499076,0.640309,1.986522,
3921,63,-6.135963,16.853600,-0.786561,-0.295791,156.800000,0.840340,200.609102,-0.267431,0.332717,0.426873,1.887368,
3931,63,-6.450588,16.735280,-0.786561,-0.295791,157.200000,0.840340,200.609102,0.000000,0.000000,0.000000,1.798593,
3941,63,-6.732662,16.615440,-0.705187,-0.299598,157.600000,0.766190,203.018187,0.203436,-0.009517,0.203658,1.671099,
3951,63,-6.938788,16.492050,-0.515313,-0.308480,158.000000,0.600590,210.905878,0.474684,-0.022205,0.475203,1.465047,1.750883
3961,63,-7.144913,16.368660,-0.515313,-0.308480,158.400000,0.600590,210.905878,0.000000,0.000000,0.000000,1.260441,1.350882
3971,63,-7.351038,16.245270,-0.515313,-0.308480,158.800000,0.600590,210.905878,0.000000,0.000000,0.000000,1.090730,1.226222
3861,64,-3.484281,20.534870,-0.801598,-1.117045,154.400000,1.374900,234.336548,,,,2.559417,
3871,64,-3.804920,20.088050,-0.801598,-1.117045,154.800000,1.374900,234.336548,0.000000,0.000000,0.000000,2.400737,4.585148
3881,64,-4.054985,19.657050,-0.625162,-1.077504,155.200000,1.245730,239.877928,0.441091,0.098853,0.452032,2.179063,
3891,64,-4.199188,19.249770,-0.360507,-1.018192,155.600000,1.080130,250.502675,0.661637,0.148280,0.678049,2.132794,
3901,64,-4.343391,18.842490,-0.360507,-1.018192,156.000000,1.080130,250.502675,0.000000,0.000000,0.000000,1.963446,
3911,64,-4.579703,18.522600,-0.590781,-0.799732,156.400000,0.994281,233.545841,-0.575685,0.546149,0.793531,1.986522,
3921,64,-4.855491,18.240160,-0.689470,-0.706106,156.800000,0.986892,225.682984,-0.246722,0.234064,0.340085,1.887368,
3931,64,-5.131279,17.957720,-0.689470,-0.706106,157.200000,0.986892,225.682984,0.000000,0.000000,0.000000,1.798593,
3941,64,-5.439513,17.673900,-0.770584,-0.709530,157.600000,1.047488,222.637896,-0.202785,-0.008558,0.202966,1.671099,
3951,64,-5.780192,17.388720,-0.851698,-0.712953,158.000000,1.110717,219.932548,-0.202785,-0.008558,0.202966,1.465047,1.750883
3961,64,-6.120871,17.103540,-0.851698,-0.712953,158.400000,1.110717,219.932548,0.000000,0.000000,0.000000,1.260441,1.350882
3971,64,-6.437216,16.840770,-0.790863,-0.656937,158.800000,1.028120,219.715025,0.152089,0.140039,0.206741,1.090730,1.226222
3981,64,-6.696781,16.630270,-0.648913,-0.526234,159.200000,0.835470,219.040243,0.354874,0.326757,0.482396,3.205393,
3991,64,-6.956347,16.419780,-0.648913,-0.526234,159.600000,0.835470,219.040243,0.000000,0.000000,0.000000,3.436536,
4001,64,-7.215912,16.209290,-0.648913,-0.526234,160.000000,0.835470,219.040243,0.000000,0.000000,0.000000,3.813154,
4021,65,5.951006,18.569520,-0.902147,0.186498,160.800000,0.921223,168.319964,,,,0.711254,
4031,65,5.590147,18.644120,-0.902147,0.186498,161.200000,0.921223,168.319964,0.000000,0.000000,0.000000,0.666016,
4041,65,5.229289,18.718720,-0.902147,0.186498,161.600000,0.921223,168.319964,0.000000,0.000000,0.000000,0.649908,
4051,65,4.868430,18.793320,-0.902147,0.186498,162.000000,0.921223,168.319964,0.000000,0.000000,0.000000,0.665050,
4061,65,4.561990,18.813660,-0.766098,0.050866,162.400000,0.767785,176.201373,0.340122,-0.339080,0.480269,0.686387,
4071,65,4.291831,18.797840,-0.675399,-0.039556,162.800000,0.676557,183.351775,0.226748,-0.226054,0.320179,0.691188,
4081,65,4.021671,18.782020,-0.675399,-0.039556,163.200000,0.676557,183.351775,0.000000,0.000000,0.000000,0.706419,
4091,65,3.751511,18.766190,-0.675399,-0.039556,163.600000,0.676557,183.351775,0.000000,0.000000,0.000000,0.731429,
4101,65,3.481352,18.750370,-0.675399,-0.039556,164.000000,0.676557,183.351775,0.000000,0.000000,0.000000,0.765259,
4111,65,3.205248,18.739620,-0.690259,-0.026870,164.400000,0.690781,182.229260,-0.037149,0.031714,0.048845,0.774709,
4121,65,2.926597,18.731050,-0.696627,-0.021433,164.800000,0.696957,181.762289,-0.015921,0.013592,0.020933,0.776641,
4131,65,2.647946,18.722480,-0.696627,-0.021433,165.200000,0.696957,181.762289,0.000000,0.000000,0.000000,0.779004,
4141,65,2.369296,18.713900,-0.696627,-0.021433,165.600000,0.696957,181.762289,0.000000,0.000000,0.000000,0.781784,
4151,65,2.090645,18.705330,-0.696627,-0.021433,166.000000,0.696957,181.762289,0.000000,0.000000,0.000000,0.776324,
4161,65,1.811994,18.696760,-0.696627,-0.021433,166.400000,0.696957,181.762289,0.000000,0.000000,0.000000,0.763258,
4171,65,1.533343,18.688180,-0.696627,-0.021433,166.800000,0.696957,181.762289,0.000000,0.000000,0.000000,0.751515,
4181,65,1.222316,18.616290,-0.777568,-0.179729,167.200000,0.798069,193.014918,-0.202352,-0.395739,0.444472,0.805795,
4191,65,0.907691,18.537370,-0.786561,-0.197317,167.600000,0.810933,194.082650,-0.022483,-0.043971,0.049386,0.867313,
4201,65,0.593067,18.458440,-0.786561,-0.197317,168.000000,0.810933,194.082650,0.000000,0.000000,0.000000,0.864248,
4211,65,0.311478,18.318570,-0.703972,-0.349678,168.400000,0.786035,206.414577,0.206472,-0.380902,0.433263,0.857372,
4221,65,0.051913,18.138070,-0.648913,-0.451252,168.800000,0.790390,214.814631,0.137648,-0.253935,0.288842,0.895952,
4231,65,-0.173298,17.920040,-0.563027,-0.545076,169.200000,0.783650,224.071857,0.214714,-0.234559,0.317993,0.846709,
4241,65,-0.318349,17.614440,-0.362628,-0.763997,169.600000,0.845689,244.608853,0.500999,-0.547304,0.741985,0.860209,
4251,65,-0.463400,17.308840,-0.362628,-0.763997,170.000000,0.845689,244.608853,0.000000,0.000000,0.000000,0.882438,
4261,65,-0.608451,17.003240,-0.362628,-0.763997,170.400000,0.845689,244.608853,0.000000,0.000000,0.000000,0.745630,0.436866
4271,65,-0.610329,16.630680,-0.004694,-0.931394,170.800000,0.931406,269.711243,0.894834,-0.418492,0.987859,0.757179,
4281,65,-0.596298,16.250690,0.035076,-0.949994,171.200000,0.950641,272.114557,0.099426,-0.046499,0.109762,0.807154,
4291,65,-0.582268,15.870690,0.035076,-0.949994,171.600000,0.950641,272.114557,0.000000,0.000000,0.000000,0.764475,
4301,65,-0.554207,15.493620,0.070153,-0.942658,172.000000,0.945265,274.256114,0.087691,0.018339,0.089588,0.737470,
4311,65,-0.470023,15.128300,0.210458,-0.913316,172.400000,0.937251,282.976324,0.350764,0.073355,0.358352,0.766090,
4321,65,-0.385840,14.762970,0.210458,-0.913316,172.800000,0.937251,282.976324,0.000000,0.000000,0.000000,0.808577,
4331,65,-0.301657,14.397640,0.210458,-0.913316,173.200000,0.937251,282.976324,0.000000,0.000000,0.000000,0.834190,
4341,65,-0.212843,14.024140,0.222033,-0.933760,173.600000,0.959795,283.375629,0.028938,-0.051110,0.058734,0.828697,
4351,65,-0.119400,13.642460,0.233609,-0.954204,174.000000,0.982384,283.756595,0.028938,-0.051110,0.058734,0.831949,
4361,65,-0.025957,13.260780,0.233609,-0.954204,174.400000,0.982384,283.756595,0.000000,0.000000,0.000000,0.838532,
4371,65,0.067487,12.879100,0.233609,-0.954204,174.800000,0.982384,283.756595,0.000000,0.000000,0.000000,0.848519,
4381,65,0.160930,12.497410,0.233609,-0.954204,175.200000,0.982384,283.756595,0.000000,0.000000,0.000000,0.861324,
4391,65,0.234975,12.105340,0.185111,-0.980196,175.600000,0.997522,280.694419,-0.121244,-0.064978,0.137559,0.853313,
4401,65,0.289620,11.702860,0.136613,-1.006187,176.000000,1.015419,277.731950,-0.121244,-0.064978,0.137559,0.824432,3.127275
4411,65,0.344265,11.300390,0.136613,-1.006187,176.400000,1.015419,277.731950,0.000000,0.000000,0.000000,0.795580,2.727272
4421,65,0.398911,10.897910,0.136613,-1.006187,176.800000,1.015419,277.731950,0.000000,0.000000,0.000000,0.809951,
4431,65,0.445587,10.513060,0.116691,-0.962131,177.200000,0.969182,276.915249,-0.049807,0.110139,0.120877,0.819227,
4441,65,0.488848,10.135760,0.108152,-0.943250,177.600000,0.949430,276.540917,-0.021346,0.047202,0.051805,0.826735,
4451,65,0.532109,9.758459,0.108152,-0.943250,178.000000,0.949430,276.540917,0.000000,0.000000,0.000000,0.834739,
4461,65,0.575369,9.381158,0.108152,-0.943250,178.400000,0.949430,276.540917,0.000000,0.000000,0.000000,0.857536,
4471,65,0.618630,9.003858,0.108152,-0.943250,178.800000,0.949430,276.540917,0.000000,0.000000,0.000000,0.902231,
4481,65,0.591101,8.610277,-0.068824,-0.983954,179.200000,0.986358,265.998879,-0.442441,-0.101759,0.453992,0.874731,4.822129
4491,65,0.555705,8.214886,-0.088488,-0.988476,179.600000,0.992429,264.884534,-0.049160,-0.011306,0.050444,0.839670,3.023485
4501,65,0.520310,7.819496,-0.088488,-0.988476,180.000000,0.992429,264.884534,0.000000,0.000000,0.000000,0.805180,2.623483
4511,65,0.484915,7.424105,-0.088488,-0.988476,180.400000,0.992429,264.884534,0.000000,0.000000,0.000000,0.771338,2.223485
4521,65,0.514638,7.061762,0.074307,-0.905857,180.800000,0.908900,274.689466,0.406989,0.206549,0.456401,0.776298,
4531,65,0.609479,6.732467,0.237103,-0.823237,181.200000,0.856702,286.067069,0.406989,0.206549,0.456401,0.804824,
4541,65,0.704320,6.403172,0.237103,-0.823237,181.600000,0.856702,286.067069,0.000000,0.000000,0.000000,0.833361,
4551,65,0.799161,6.073877,0.237103,-0.823237,182.000000,0.856702,286.067069,0.000000,0.000000,0.000000,0.861908,
4561,65,0.894002,5.744582,0.237103,-0.823237,182.400000,0.856702,286.067069,0.000000,0.000000,0.000000,0.890463,
4021,66,6.012857,19.278080,-0.588549,0.012949,160.800000,0.588691,178.739572,,,,0.711254,
4031,66,5.777438,19.283260,-0.588549,0.012949,161.200000,0.588691,178.739572,0.000000,0.000000,0.000000,0.666016,
4041,66,5.542018,19.288440,-0.588549,0.012949,161.600000,0.588691,178.739572,0.000000,0.000000,0.000000,0.649908,
4051,66,5.306599,19.293620,-0.588549,0.012949,162.000000,0.588691,178.739572,0.000000,0.000000,0.000000,0.665050,
4061,66,5.032179,19.313710,-0.686050,0.050236,162.400000,0.687887,175.812015,-0.243752,0.093216,0.260968,0.686387,
4071,66,4.699258,19.356180,-0.832301,0.106165,162.800000,0.839045,172.730817,-0.365629,0.139824,0.391453,0.691188,
4081,66,4.366338,19.398650,-0.832301,0.106165,163.200000,0.839045,172.730817,0.000000,0.000000,0.000000,0.706419,
4091,66,4.033417,19.441110,-0.832301,0.106165,163.600000,0.839045,172.730817,0.000000,0.000000,0.000000,0.731429,
4101,66,3.700496,19.483580,-0.832301,0.106165,164.000000,0.839045,172.730817,0.000000,0.000000,0.000000,0.765259,
4111,66,3.397285,19.490150,-0.758027,0.016421,164.400000,0.758205,178.758986,0.185685,-0.224360,0.291232,0.774709,
4121,66,3.101502,19.487740,-0.739459,-0.006015,164.800000,0.739483,180.466031,0.046421,-0.056090,0.072808,0.776641,
4131,66,2.805718,19.485340,-0.739459,-0.006015,165.200000,0.739483,180.466031,0.000000,0.000000,0.000000,0.779004,
4141,66,2.509935,19.482930,-0.739459,-0.006015,165.600000,0.739483,180.466031,0.000000,0.000000,0.000000,0.781784,
4151,66,2.206304,19.472990,-0.759077,-0.024854,166.000000,0.759484,181.875350,-0.049046,-0.047099,0.067998,0.776324,
4161,66,1.894826,19.455510,-0.778695,-0.043694,166.400000,0.779920,183.211586,-0.049046,-0.047099,0.067998,0.763258,
4171,66,1.583348,19.438030,-0.778695,-0.043694,166.800000,0.779920,183.211586,0.000000,0.000000,0.000000,0.751515,
4181,66,1.271869,19.420560,-0.778695,-0.043694,167.200000,0.779920,183.211586,0.000000,0.000000,0.000000,0.805795,
4191,66,0.960391,19.403080,-0.778695,-0.043694,167.600000,0.779920,183.211586,0.000000,0.000000,0.000000,0.867313,
4201,66,0.637789,19.321530,-0.806506,-0.203868,168.000000,0.831874,194.186024,-0.069526,-0.400436,0.406427,0.864248,
4211,66,0.304062,19.175910,-0.834317,-0.364042,168.400000,0.910281,203.573384,-0.069526,-0.400436,0.406427,0.857372,
4221,66,-0.029665,19.030300,-0.834317,-0.364042,168.800000,0.910281,203.573384,0.000000,0.000000,0.000000,0.895952,
4231,66,-0.339431,18.750290,-0.774417,-0.700020,169.200000,1.043911,222.111417,0.149749,-0.839943,0.853188,0.846709,
4241,66,-0.638930,18.412680,-0.748746,-0.844010,169.600000,1.128261,228.422843,0.064178,-0.359976,0.365652,0.860209,
4251,66,-0.919363,18.064350,-0.701084,-0.870826,170.000000,1.117970,231.163200,0.119155,-0.067040,0.136720,0.882438,
4261,66,-1.028213,17.619490,-0.272125,-1.112172,170.400000,1.144980,256.251067,1.072397,-0.603364,1.230481,0.745630,0.436866
4271,66,-1.137063,17.174620,-0.272125,-1.112172,170.800000,1.144980,256.251067,0.000000,0.000000,0.000000,0.757179,
4281,66,-1.245913,16.729750,-0.272125,-1.112172,171.200000,1.144980,256.251067,0.000000,0.000000,0.000000,0.807154,
4291,66,-1.228985,16.278340,0.042320,-1.128527,171.600000,1.129320,272.147618,0.786113,-0.040887,0.787176,0.764475,
4301,66,-1.212057,15.826930,0.042320,-1.128527,172.000000,1.129320,272.147618,0.000000,0.000000,0.000000,0.737470,
4311,66,-1.195128,15.375520,0.042320,-1.128527,172.400000,1.129320,272.147618,0.000000,0.000000,0.000000,0.766090,
4321,66,-1.178200,14.924100,0.042320,-1.128527,172.800000,1.129320,272.147618,0.000000,0.000000,0.000000,0.808577,
4331,66,-1.131825,14.479460,0.115938,-1.111620,173.200000,1.117650,275.954228,0.184044,0.042268,0.188836,0.834190,
4341,66,-1.041279,14.044950,0.226365,-1.086259,173.600000,1.109594,281.771375,0.276067,0.063402,0.283254,0.828697,
4351,66,-0.950733,13.610450,0.226365,-1.086259,174.000000,1.109594,281.771375,0.000000,0.000000,0.000000,0.831949,
4361,66,-0.860187,13.175950,0.226365,-1.086259,174.400000,1.109594,281.771375,0.000000,0.000000,0.000000,0.838532,
4371,66,-0.770465,12.745610,0.224304,-1.075840,174.800000,1.098974,281.776990,-0.005153,0.026048,0.026552,0.848519,
4381,66,-0.688164,12.352780,0.205753,-0.982064,175.200000,1.003386,281.832927,-0.046377,0.234441,0.238984,0.861324,
4391,66,-0.605863,11.959960,0.205753,-0.982064,175.600000,1.003386,281.832927,0.000000,0.000000,0.000000,0.853313,
4401,66,-0.523562,11.567130,0.205753,-0.982064,176.000000,1.003386,281.832927,0.000000,0.000000,0.000000,0.824432,3.127275
4411,66,-0.441261,11.174310,0.205753,-0.982064,176.400000,1.003386,281.832927,0.000000,0.000000,0.000000,0.795580,2.727272
4421,66,-0.401762,10.775660,0.098748,-0.996631,176.800000,1.001511,275.658481,-0.267513,-0.036417,0.269981,0.809951,
4431,66,-0.362263,10.377000,0.098748,-0.996631,177.200000,1.001511,275.658481,0.000000,0.000000,0.000000,0.819227,
4441,66,-0.322764,9.978351,0.098748,-0.996631,177.600000,1.001511,275.658481,0.000000,0.000000,0.000000,0.826735,
4451,66,-0.283265,9.579699,0.098748,-0.996631,178.000000,1.001511,275.658481,0.000000,0.000000,0.000000,0.834739,
4461,66,-0.261296,9.193117,0.054922,-0.966454,178.400000,0.968014,273.252554,-0.109563,0.075440,0.133023,0.857536,
4471,66,-0.265622,8.824641,-0.010815,-0.921190,178.800000,0.921254,269.327351,-0.164344,0.113160,0.199535,0.902231,
4481,66,-0.269948,8.456165,-0.010815,-0.921190,179.200000,0.921254,269.327351,0.000000,0.000000,0.000000,0.874731,4.822129
4491,66,-0.274274,8.087688,-0.010815,-0.921190,179.600000,0.921254,269.327351,0.000000,0.000000,0.000000,0.839670,3.023485
4501,66,-0.278600,7.719212,-0.010815,-0.921190,180.000000,0.921254,269.327351,0.000000,0.000000,0.000000,0.805180,2.623483
4511,66,-0.282926,7.350736,-0.010815,-0.921190,180.400000,0.921254,269.327351,0.000000,0.000000,0.000000,0.771338,2.223485
4521,66,-0.259056,6.998233,0.059675,-0.881259,180.800000,0.883277,273.873876,0.176224,0.099829,0.202536,0.776298,
4531,66,-0.192893,6.669688,0.165409,-0.821362,181.200000,0.837851,281.386167,0.264337,0.149743,0.303804,0.804824,
4541,66,-0.126729,6.341143,0.165409,-0.821362,181.600000,0.837851,281.386167,0.000000,0.000000,0.000000,0.833361,9.672686
4551,66,-0.060565,6.012599,0.165409,-0.821362,182.000000,0.837851,281.386167,0.000000,0.000000,0.000000,0.861908,9.272682
4561,66,0.005598,5.684054,0.165409,-0.821362,182.400000,0.837851,281.386167,0.000000,0.000000,0.000000,0.890463,8.872684
4321,67,0.297320,20.399030,-0.235968,-1.142412,172.800000,1.166527,258.329524,,,,5.670275,
4331,67,0.202933,19.942070,-0.235968,-1.142412,173.200000,1.166527,258.329524,0.000000,0.000000,0.000000,5.567344,
4341,67,0.108545,19.485100,-0.235968,-1.142412,173.600000,1.166527,258.329524,0.000000,0.000000,0.000000,5.470409,
4351,67,-0.026995,19.030810,-0.338850,-1.135724,174.000000,1.185196,253.387192,-0.257205,0.016720,0.257748,5.389142,
4361,67,-0.224264,18.580530,-0.493174,-1.125693,174.400000,1.228985,246.341445,-0.385808,0.025077,0.386622,5.323445,
4371,67,-0.421534,18.130260,-0.493174,-1.125693,174.800000,1.228985,246.341445,0.000000,0.000000,0.000000,5.273881,
4381,67,-0.532109,17.637280,-0.276437,-1.232451,175.200000,1.263073,257.357879,0.541842,-0.266895,0.604008,5.186383,
4391,67,-0.633051,17.139550,-0.252355,-1.244313,175.600000,1.269645,258.535525,0.060205,-0.029655,0.067112,5.108497,
4401,67,-0.733993,16.641830,-0.252355,-1.244313,176.000000,1.269645,258.535525,0.000000,0.000000,0.000000,5.043928,
4411,67,-0.787618,16.149930,-0.134064,-1.229730,176.400000,1.237016,263.778258,0.295728,0.036457,0.297967,4.979879,
4421,67,-0.730838,15.671650,0.141950,-1.195703,176.800000,1.204099,276.770268,0.690033,0.085067,0.695257,4.905601,
4431,67,-0.674058,15.193370,0.141950,-1.195703,177.200000,1.204099,276.770268,0.000000,0.000000,0.000000,4.812370,
4441,67,-0.609531,14.714930,0.161319,-1.196111,177.600000,1.206941,277.681119,0.048424,-0.001020,0.048434,4.371096,
4451,67,-0.475273,14.235010,0.335645,-1.199785,178.000000,1.245850,285.629173,0.435813,-0.009185,0.435910,3.750115,
4461,67,-0.341015,13.755100,0.335645,-1.199785,178.400000,1.245850,285.629173,0.000000,0.000000,0.000000,3.498911,
4471,67,-0.230555,13.276140,0.276150,-1.197389,178.800000,1.228820,282.986869,-0.148736,0.005990,0.148857,3.087820,
4481,67,-0.215286,12.801020,0.038171,-1.187803,179.200000,1.188416,271.840629,-0.594947,0.023965,0.595429,2.460023,
4491,67,-0.200018,12.325900,0.038171,-1.187803,179.600000,1.188416,271.840629,0.000000,0.000000,0.000000,2.075447,
4501,67,-0.184749,11.850780,0.038171,-1.187803,180.000000,1.188416,271.840629,0.000000,0.000000,0.000000,2.046297,
4511,67,-0.169481,11.375660,0.038171,-1.187803,180.400000,1.188416,271.840629,0.000000,0.000000,0.000000,2.382541,
4521,67,-0.151308,10.901740,0.045433,-1.184803,180.800000,1.185674,272.196024,0.018155,0.007500,0.019643,2.963387,
4531,67,-0.106992,10.438620,0.110790,-1.157801,181.200000,1.163090,275.465992,0.163392,0.067505,0.176788,3.661645,
4541,67,-0.062676,9.975497,0.110790,-1.157801,181.600000,1.163090,275.465992,0.000000,0.000000,0.000000,3.634918,9.672686
4551,67,-0.018360,9.512376,0.110790,-1.157801,182.000000,1.163090,275.465992,0.000000,0.000000,0.000000,3.500031,9.272682
4561,67,0.025956,9.049256,0.110790,-1.157801,182.400000,1.163090,275.465992,0.000000,0.000000,0.000000,3.235934,8.872684
4571,67,0.021701,8.622893,-0.010638,-1.065908,182.800000,1.065961,269.428199,-0.303570,0.229732,0.380699,2.957423,
4581,67,0.017446,8.196530,-0.010638,-1.065908,183.200000,1.065961,269.428199,0.000000,0.000000,0.000000,2.951369,
4591,67,0.013191,7.770167,-0.010638,-1.065908,183.600000,1.065961,269.428199,0.000000,0.000000,0.000000,3.174520,
4601,67,0.008936,7.343804,-0.010638,-1.065908,184.000000,1.065961,269.428199,0.000000,0.000000,0.000000,3.588321,
4611,67,0.004681,6.917441,-0.010638,-1.065908,184.400000,1.065961,269.428199,0.000000,0.000000,0.000000,4.135940,
4621,67,0.000425,6.491077,-0.010638,-1.065908,184.800000,1.065961,269.428199,0.000000,0.000000,0.000000,9.912421,
4631,67,0.068136,6.061359,0.169276,-1.074297,185.200000,1.087552,278.954416,0.449785,-0.020973,0.450273,10.595712,
4641,67,0.143842,5.631267,0.189266,-1.075229,185.600000,1.091760,279.983173,0.049976,-0.002330,0.050030,11.282458,
4361,68,-2.778476,5.654883,0.141068,1.136266,174.400000,1.144989,82.922912,,,,1.306975,
4371,68,-2.722049,6.109390,0.141068,1.136266,174.800000,1.144989,82.922912,0.000000,0.000000,0.000000,1.388020,
4381,68,-2.710602,6.564622,0.028617,1.138080,175.200000,1.138440,88.559619,-0.281128,0.004535,0.281165,1.502844,
4391,68,-2.729142,7.020338,-0.046351,1.139290,175.600000,1.140232,92.329739,-0.187419,0.003025,0.187443,1.631771,
4401,68,-2.747683,7.476054,-0.046351,1.139290,176.000000,1.140232,92.329739,0.000000,0.000000,0.000000,1.779462,
4411,68,-2.772872,7.924872,-0.062973,1.122047,176.400000,1.123813,93.212276,-0.041556,-0.043107,0.059876,1.960549,
4421,68,-2.799724,8.371967,-0.067129,1.117736,176.800000,1.119750,93.436938,-0.010389,-0.010777,0.014969,2.202111,
4431,68,-2.826575,8.819061,-0.067129,1.117736,177.200000,1.119750,93.436938,0.000000,0.000000,0.000000,2.461251,
4441,68,-2.849284,9.252883,-0.056772,1.084556,177.600000,1.086041,92.996455,0.025893,-0.082950,0.086897,2.628613,
4451,68,-2.871532,9.685231,-0.055621,1.080869,178.000000,1.082299,92.945821,0.002877,-0.009217,0.009656,2.590418,
4461,68,-2.893781,10.117580,-0.055621,1.080869,178.400000,1.082299,92.945821,0.000000,0.000000,0.000000,0.792237,
4471,68,-2.916569,10.581420,-0.056969,1.159592,178.800000,1.160991,92.812618,-0.003371,0.196807,0.196836,0.797032,
4481,68,-2.940166,11.092490,-0.058992,1.277675,179.200000,1.279036,92.643551,-0.005056,0.295208,0.295251,0.786707,
4491,68,-2.963762,11.603560,-0.058992,1.277675,179.600000,1.279036,92.643551,0.000000,0.000000,0.000000,0.781213,
4501,68,-2.979494,12.105110,-0.039328,1.253887,180.000000,1.254504,91.796488,0.049160,-0.059470,0.077158,0.788436,
4511,68,-2.924434,12.521030,0.137648,1.039788,180.400000,1.048859,82.458974,0.442441,-0.535247,0.694438,0.741776,1.230394
4521,68,-2.869375,12.936940,0.137648,1.039788,180.800000,1.048859,82.458974,0.000000,0.000000,0.000000,0.695360,0.830419
4531,68,-2.814316,13.352860,0.137648,1.039788,181.200000,1.048859,82.458974,0.000000,0.000000,0.000000,0.656693,0.586563
4541,68,-2.821103,13.762110,-0.016967,1.023135,181.600000,1.023276,90.950083,-0.386539,-0.041632,0.388774,0.692153,
4551,68,-2.843351,14.169700,-0.055621,1.018971,182.000000,1.020488,93.124422,-0.096635,-0.010410,0.097194,0.744211,
4561,68,-2.865600,14.577290,-0.055621,1.018971,182.400000,1.020488,93.124422,0.000000,0.000000,0.000000,0.805541,
4571,68,-2.867432,14.962580,-0.004581,0.963232,182.800000,0.963243,90.272463,0.127601,-0.139347,0.188944,0.888252,
4581,68,-2.821626,15.295850,0.114514,0.833175,183.200000,0.841007,82.174130,0.297736,-0.325144,0.440869,0.925348,
4591,68,-2.775820,15.629120,0.114514,0.833175,183.600000,0.841007,82.174130,0.000000,0.000000,0.000000,0.963934,
4601,68,-2.730015,15.962390,0.114514,0.833175,184.000000,0.841007,82.174130,0.000000,0.000000,0.000000,1.011765,
4611,68,-2.590187,16.278500,0.349569,0.790275,184.400000,0.864137,66.138335,0.587638,-0.107249,0.597345,0.972995,
4621,68,-2.439913,16.592700,0.375686,0.785508,184.800000,0.870726,64.439524,0.065293,-0.011917,0.066372,0.928490,
4631,68,-2.276757,16.840990,0.407888,0.620720,185.200000,0.742742,56.690230,0.080504,-0.411971,0.419763,0.858221,1.473937
4641,68,-2.113602,17.089280,0.407888,0.620720,185.600000,0.742742,56.690230,0.000000,0.000000,0.000000,0.788661,1.087025
4651,68,-1.950447,17.337570,0.407888,0.620720,186.000000,0.742742,56.690230,0.000000,0.000000,0.000000,0.773863,
4661,68,-1.779364,17.603690,0.427707,0.665311,186.400000,0.790932,57.264356,0.049547,0.111480,0.121995,0.758104,5.392966
4671,68,-1.600354,17.887650,0.447526,0.709903,186.800000,0.839192,57.772490,0.049548,0.111480,0.121995,0.740069,3.108864
4681,68,-1.421343,18.171610,0.447526,0.709903,187.200000,0.839192,57.772490,0.000000,0.000000,0.000000,0.737058,
4691,68,-1.216903,18.497250,0.511101,0.814097,187.600000,0.961238,57.878828,0.158937,0.260483,0.305144,0.770705,
4701,68,-0.995509,18.850680,0.553485,0.883559,188.000000,1.042603,57.935886,0.105958,0.173655,0.203429,0.827953,
4711,68,-0.774115,19.204100,0.553485,0.883559,188.400000,1.042603,57.935886,0.000000,0.000000,0.000000,0.910694,
4721,68,-0.568684,19.556310,0.513578,0.880523,188.800000,1.019354,59.746497,-0.099766,-0.007589,0.100054,0.958274,
4731,68,-0.427103,19.903660,0.353953,0.868380,189.200000,0.937746,67.824154,-0.399064,-0.030357,0.400217,0.987109,
4741,68,-0.285522,20.251010,0.353953,0.868380,189.600000,0.937746,67.824154,0.000000,0.000000,0.000000,1.022977,
4751,68,-0.143941,20.598370,0.353953,0.868380,190.000000,0.937746,67.824154,0.000000,0.000000,0.000000,1.065175,
4361,69,-4.083825,5.720049,0.086522,1.989548,174.400000,1.991428,87.509883,,,,1.306975,
4371,69,-4.049217,6.515868,0.086522,1.989548,174.800000,1.991428,87.509883,0.000000,0.000000,0.000000,1.388020,
4381,69,-4.014608,7.311688,0.086522,1.989548,175.200000,1.991428,87.509883,0.000000,0.000000,0.000000,1.502844,
4391,69,-3.972345,8.077278,0.105656,1.913975,175.600000,1.916889,86.840334,0.047836,-0.188932,0.194894,1.631771,
4401,69,-3.922429,8.812638,0.124791,1.838402,176.000000,1.842633,86.116714,0.047836,-0.188932,0.194894,1.779462,
4411,69,-3.872513,9.547999,0.124791,1.838402,176.400000,1.842633,86.116714,0.000000,0.000000,0.000000,1.960549,
4421,69,-3.867521,10.297870,0.012479,1.874673,176.800000,1.874715,89.618606,-0.280780,0.090677,0.295059,2.202111,
4431,69,-3.867521,11.049350,0.000000,1.878704,177.200000,1.878704,90.000000,-0.031198,0.010078,0.032785,2.461251,
4441,69,-3.867521,11.800830,0.000000,1.878704,177.600000,1.878704,90.000000,0.000000,0.000000,0.000000,2.743873,
4451,69,-3.849352,12.598260,0.045424,1.993568,178.000000,1.994085,88.694728,0.113560,0.287160,0.308799,3.072763,
4461,69,-3.823395,13.415380,0.064891,2.042796,178.400000,2.043826,88.180559,0.048668,0.123070,0.132344,3.424235,
4471,69,-3.797438,14.232500,0.064891,2.042796,178.800000,2.043826,88.180559,0.000000,0.000000,0.000000,3.692869,
4481,69,-3.777538,15.074630,0.049750,2.105345,179.200000,2.105933,88.646334,-0.037853,0.156373,0.160889,4.059410,
4491,69,-3.760234,15.927490,0.043261,2.132151,179.600000,2.132590,88.837641,-0.016223,0.067015,0.068951,4.396674,
4501,69,-3.742930,16.780350,0.043261,2.132151,180.000000,2.132590,88.837641,0.000000,0.000000,0.000000,4.737162,
4511,69,-3.720434,17.621880,0.056239,2.103813,180.400000,2.104565,88.468734,0.032446,-0.070845,0.077921,5.162585,
4521,69,-3.695714,18.458550,0.061801,2.091668,180.800000,2.092581,88.307609,0.013905,-0.030363,0.033395,5.583101,
4531,69,-3.670993,19.295210,0.061801,2.091668,181.200000,2.092581,88.307609,0.000000,0.000000,0.000000,6.003784,
4541,69,-3.646273,20.131880,0.061801,2.091668,181.600000,2.092581,88.307609,0.000000,0.000000,0.000000,6.422996,
4461,70,-2.162025,10.421180,-0.038171,1.145324,178.400000,1.145960,91.908847,,,,0.792237,
4471,70,-2.177294,10.879300,-0.038171,1.145324,178.800000,1.145960,91.908847,0.000000,0.000000,0.000000,0.797032,
4481,70,-2.192562,11.337430,-0.038171,1.145324,179.200000,1.145960,91.908847,0.000000,0.000000,0.000000,0.786707,
4491,70,-2.205602,11.791940,-0.032600,1.136260,179.600000,1.136728,91.643420,0.013927,-0.022660,0.026598,0.781213,
4501,70,-2.198587,12.213810,0.017538,1.054681,180.000000,1.054827,89.047322,0.125346,-0.203947,0.239387,0.788436,
4511,70,-2.191572,12.635680,0.017538,1.054681,180.400000,1.054827,89.047322,0.000000,0.000000,0.000000,0.741776,1.230394
4521,70,-2.184557,13.057560,0.017538,1.054681,180.800000,1.054827,89.047322,0.000000,0.000000,0.000000,0.695360,0.830419
4531,70,-2.167369,13.465580,0.042969,1.020073,181.200000,1.020978,87.587954,0.063576,-0.086520,0.107367,0.656693,0.586563
4541,70,-2.134924,13.852850,0.081114,0.968163,181.600000,0.971555,85.210859,0.095364,-0.129775,0.161046,0.692153,
4551,70,-2.102478,14.240110,0.081114,0.968163,182.000000,0.971555,85.210859,0.000000,0.000000,0.000000,0.744211,
4561,70,-2.060659,14.608370,0.104547,0.920633,182.400000,0.926550,83.521242,0.058582,-0.118825,0.132482,0.805541,
4571,70,-1.981347,14.900570,0.198279,0.730512,182.800000,0.756943,74.814375,0.234329,-0.475302,0.529926,0.888252,
4581,70,-1.902036,15.192780,0.198279,0.730512,183.200000,0.756943,74.814375,0.000000,0.000000,0.000000,0.925348,
4591,70,-1.822724,15.484980,0.198279,0.730512,183.600000,0.756943,74.814375,0.000000,0.000000,0.000000,0.963934,
4601,70,-1.739087,15.758110,0.209094,0.682825,184.000000,0.714122,72.974407,0.027038,-0.119216,0.122244,1.011765,
4611,70,-1.652565,16.018530,0.216304,0.651034,184.400000,0.686027,71.621079,0.018025,-0.079477,0.081496,0.972995,
4621,70,-1.566043,16.278940,0.216304,0.651034,184.800000,0.686027,71.621079,0.000000,0.000000,0.000000,0.928490,
4631,70,-1.471325,16.544640,0.236796,0.664252,185.200000,0.705197,70.379568,0.051230,0.033043,0.060962,0.858221,1.473937
4641,70,-1.375695,16.810930,0.239073,0.665720,185.600000,0.707347,70.245787,0.005692,0.003671,0.006773,0.788661,1.087025
4651,70,-1.214344,17.098790,0.403378,0.719650,186.000000,0.824991,60.728486,0.410763,0.134824,0.432324,0.773863,
4661,70,-1.052993,17.386650,0.403378,0.719650,186.400000,0.824991,60.728486,0.000000,0.000000,0.000000,0.758104,5.392966
4671,70,-0.891641,17.674510,0.403378,0.719650,186.800000,0.824991,60.728486,0.000000,0.000000,0.000000,0.740069,3.108864
4681,70,-0.723367,17.934790,0.420686,0.650695,187.200000,0.774842,57.116637,0.043269,-0.172386,0.177733,0.737058,
4691,70,-0.538939,18.130710,0.461070,0.489802,187.600000,0.672674,46.730739,0.100960,-0.402234,0.414711,0.770705,
4701,70,-0.354511,18.326630,0.461070,0.489802,188.000000,0.672674,46.730739,0.000000,0.000000,0.000000,0.827953,
4711,70,-0.170083,18.522550,0.461070,0.489802,188.400000,0.672674,46.730739,0.000000,0.000000,0.000000,0.910694,
4721,70,-0.035778,18.759880,0.335764,0.593336,188.800000,0.681751,60.494833,-0.313264,0.258836,0.406363,0.958274,
4731,70,0.048405,19.038630,0.210458,0.696870,189.200000,0.727957,73.195432,-0.313265,0.258836,0.406363,0.987109,
4741,70,0.132589,19.317380,0.210458,0.696870,189.600000,0.727957,73.195432,0.000000,0.000000,0.000000,1.022977,
4751,70,0.216772,19.596130,0.210458,0.696870,190.000000,0.727957,73.195432,0.000000,0.000000,0.000000,1.065175,
4761,70,0.372043,19.909810,0.388178,0.784214,190.400000,0.875028,63.665035,0.444301,0.218360,0.495060,1.829270,
4771,70,0.545087,20.232230,0.432609,0.806050,190.800000,0.914805,61.777467,0.111075,0.054590,0.123765,2.077817,
4781,70,0.718130,20.554650,0.432609,0.806050,191.200000,0.914805,61.777467,0.000000,0.000000,0.000000,2.624353,
4531,71,-1.050157,5.366041,-0.946331,1.088415,181.200000,1.442286,131.005594,,,,1.560256,
4541,71,-1.428690,5.801407,-0.946331,1.088415,181.600000,1.442286,131.005594,0.000000,0.000000,0.000000,1.409403,
4551,71,-1.807223,6.236773,-0.946331,1.088415,182.000000,1.442286,131.005594,0.000000,0.000000,0.000000,1.760985,
4561,71,-2.163043,6.666076,-0.889552,1.073259,182.400000,1.393982,129.653029,0.141949,-0.037890,0.146919,2.380624,
4571,71,-2.509130,7.092781,-0.865217,1.066763,182.800000,1.373530,129.044398,0.060836,-0.016240,0.062966,2.957423,
4581,71,-2.855217,7.519487,-0.865217,1.066763,183.200000,1.373530,129.044398,0.000000,0.000000,0.000000,2.951369,
4591,71,-3.159279,7.884233,-0.760155,0.911867,183.600000,1.187155,129.815443,0.262655,-0.387241,0.467914,3.174520,
4601,71,-3.463341,8.248980,-0.760155,0.911867,184.000000,1.187155,129.815443,0.000000,0.000000,0.000000,3.588321,
4611,71,-3.767403,8.613727,-0.760155,0.911867,184.400000,1.187155,129.815443,0.000000,0.000000,0.000000,4.135940,
4671,72,-2.641076,5.662984,0.162228,1.511314,186.800000,1.519996,83.873189,,,,12.138257,
4681,72,-2.576184,6.267509,0.162228,1.511314,187.200000,1.519996,83.873189,0.000000,0.000000,0.000000,11.813483,
4691,72,-2.511293,6.872035,0.162228,1.511314,187.600000,1.519996,83.873189,0.000000,0.000000,0.000000,11.430133,
4701,72,-2.446402,7.476560,0.162228,1.511314,188.000000,1.519996,83.873189,0.000000,0.000000,0.000000,11.049888,
4711,72,-2.542975,8.031580,-0.241434,1.387550,188.400000,1.408398,99.870647,-1.009155,-0.309410,1.055523,10.755978,
4721,72,-2.657489,8.581100,-0.286285,1.373798,188.800000,1.403310,101.771374,-0.112128,-0.034380,0.117281,10.510991,
4731,72,-2.772003,9.130619,-0.286285,1.373798,189.200000,1.403310,101.771374,0.000000,0.000000,0.000000,10.301621,
4741,72,-2.810720,9.684703,-0.096792,1.385209,189.600000,1.388587,93.997052,0.473734,0.028527,0.474592,10.072315,
4751,72,-2.773639,10.243350,0.092702,1.396619,190.000000,1.399692,86.202511,0.473734,0.028525,0.474592,9.819218,3.173643
4761,72,-2.736559,10.802000,0.092702,1.396619,190.400000,1.399692,86.202511,0.000000,0.000000,0.000000,8.888085,2.773643
4771,72,-2.699478,11.360650,0.092702,1.396619,190.800000,1.399692,86.202511,0.000000,0.000000,0.000000,7.706455,2.410110
4781,72,-2.663139,11.923290,0.090848,1.406599,191.200000,1.409530,86.304578,-0.004635,0.024950,0.025377,6.577613,2.157265
4791,72,-2.628530,12.495240,0.086522,1.429886,191.600000,1.432501,86.537282,-0.010815,0.058217,0.059214,5.440196,1.736112
4801,72,-2.593921,13.067190,0.086522,1.429886,192.000000,1.432501,86.537282,0.000000,0.000000,0.000000,4.300788,1.303224
4811,72,-2.594888,13.634720,-0.002418,1.418805,192.400000,1.418807,90.097627,-0.222348,-0.027702,0.224067,3.161632,
4821,72,-2.678865,14.191900,-0.209942,1.392950,192.800000,1.408682,98.570985,-0.518812,-0.064637,0.522823,2.075866,
4831,72,-2.762842,14.749080,-0.209942,1.392950,193.200000,1.408682,98.570985,0.000000,0.000000,0.000000,1.150927,
4841,72,-2.846819,15.306260,-0.209942,1.392950,193.600000,1.408682,98.570985,0.000000,0.000000,0.000000,0.899940,
4851,72,-2.781146,15.869190,0.164183,1.407340,194.000000,1.416885,83.345831,0.935314,0.035975,0.936006,1.586784,
4861,72,-2.698845,16.432770,0.205753,1.408938,194.400000,1.423882,81.691596,0.103924,0.003995,0.104001,1.744639,
4871,72,-2.616544,16.996340,0.205753,1.408938,194.800000,1.423882,81.691596,0.000000,0.000000,0.000000,0.908036,
4881,72,-2.534242,17.559920,0.205753,1.408938,195.200000,1.423882,81.691596,0.000000,0.000000,0.000000,1.288037,
4891,72,-2.448565,18.130930,0.214194,1.427530,195.600000,1.443510,81.466703,0.021103,0.046480,0.051046,2.321445,
4901,72,-2.362043,18.703800,0.216304,1.432177,196.000000,1.448419,81.411425,0.005276,0.011618,0.012759,3.472184,
4911,72,-2.275521,19.276670,0.216304,1.432177,196.400000,1.448419,81.411425,0.000000,0.000000,0.000000,4.653811,
4921,72,-2.189000,19.849540,0.216304,1.432177,196.800000,1.448419,81.411425,0.000000,0.000000,0.000000,5.821314,
4931,72,-2.102478,20.422410,0.216304,1.432177,197.200000,1.448419,81.411425,0.000000,0.000000,0.000000,6.991428,
4751,73,-2.052822,20.301390,-0.141068,-1.583682,190.000000,1.589952,264.909758,,,,0.677709,3.173643
4761,73,-2.109249,19.667920,-0.141068,-1.583682,190.400000,1.589952,264.909758,0.000000,0.000000,0.000000,0.791906,2.773643
4771,73,-2.173426,19.049130,-0.160441,-1.546979,190.800000,1.555277,264.078868,-0.048433,0.091757,0.103756,0.904653,2.410110
4781,73,-2.268600,18.489060,-0.237935,-1.400169,191.200000,1.420242,260.355694,-0.193733,0.367025,0.415018,1.013846,2.157265
4791,73,-2.363774,17.928990,-0.237935,-1.400169,191.600000,1.420242,260.355694,0.000000,0.000000,0.000000,1.113811,1.736112
4801,73,-2.412514,17.364150,-0.121851,-1.412120,192.000000,1.417368,265.068181,0.290208,-0.029877,0.291742,1.175759,1.303224
4811,73,-2.275521,16.780180,0.342482,-1.459925,192.400000,1.499558,283.202213,1.160833,-0.119512,1.166969,1.073113,1.878476
4821,73,-2.138529,16.196210,0.342482,-1.459925,192.800000,1.499558,283.202213,0.000000,0.000000,0.000000,0.970878,1.478476
4831,73,-2.001536,15.612240,0.342482,-1.459925,193.200000,1.499558,283.202213,0.000000,0.000000,0.000000,0.854565,0.959559
4841,73,-1.989567,15.032380,0.029922,-1.449646,193.600000,1.449955,271.182473,-0.781399,0.025697,0.781822,0.849960,
4851,73,-2.060947,14.455260,-0.178451,-1.442793,194.000000,1.453787,262.949210,-0.520933,0.017132,0.521215,0.919073,
4861,73,-2.132328,13.878140,-0.178451,-1.442793,194.400000,1.453787,262.949210,0.000000,0.000000,0.000000,0.989489,
4871,73,-2.203708,13.301030,-0.178451,-1.442793,194.800000,1.453787,262.949210,0.000000,0.000000,0.000000,1.048085,
4881,73,-2.314456,12.741750,-0.276869,-1.398201,195.200000,1.425350,258.799280,-0.246046,0.111480,0.270123,1.137559,
4891,73,-2.451449,12.194360,-0.342482,-1.368474,195.600000,1.410679,255.949441,-0.164031,0.074317,0.180081,1.250150,
4901,73,-2.588442,11.646970,-0.342482,-1.368474,196.000000,1.410679,255.949441,0.000000,0.000000,0.000000,1.365312,
4911,73,-2.725434,11.099580,-0.342482,-1.368474,196.400000,1.410679,255.949441,0.000000,0.000000,0.000000,1.460029,
4921,73,-2.780080,10.527160,-0.136613,-1.431050,196.800000,1.437556,264.546863,0.514671,-0.156440,0.537922,1.458689,
4931,73,-2.834725,9.954738,-0.136613,-1.431050,197.200000,1.437556,264.546863,0.000000,0.000000,0.000000,1.458121,
4941,73,-2.889370,9.382318,-0.136613,-1.431050,197.600000,1.437556,264.546863,0.000000,0.000000,0.000000,1.458325,
4951,73,-2.948583,8.814436,-0.148032,-1.419704,198.000000,1.427401,264.047313,-0.028546,0.028365,0.040243,1.454498,
4961,73,-3.026065,8.264708,-0.193705,-1.374321,198.400000,1.387905,261.977222,-0.114184,0.113457,0.160968,1.446696,
4971,73,-3.103547,7.714980,-0.193705,-1.374321,198.800000,1.387905,261.977222,0.000000,0.000000,0.000000,1.439413,
4981,73,-3.181029,7.165251,-0.193705,-1.374321,199.200000,1.387905,261.977222,0.000000,0.000000,0.000000,1.432659,
4991,73,-3.258511,6.615523,-0.193705,-1.374321,199.600000,1.387905,261.977222,0.000000,0.000000,0.000000,1.467940,
5001,73,-3.335994,6.065795,-0.193705,-1.374321,200.000000,1.387905,261.977222,0.000000,0.000000,0.000000,1.513748,
5011,73,-3.413476,5.516067,-0.193705,-1.374321,200.400000,1.387905,261.977222,0.000000,0.000000,0.000000,1.559652,
4751,74,-1.479522,20.662800,0.081114,-1.401373,190.000000,1.403719,273.312692,,,,0.677709,
4761,74,-1.447076,20.102250,0.081114,-1.401373,190.400000,1.403719,273.312692,0.000000,0.000000,0.000000,0.791906,
4771,74,-1.414630,19.541700,0.081114,-1.401373,190.800000,1.403719,273.312692,0.000000,0.000000,0.000000,0.904653,
4781,74,-1.382185,18.981150,0.081114,-1.401373,191.200000,1.403719,273.312692,0.000000,0.000000,0.000000,1.013846,
4791,74,-1.348373,18.386740,0.084529,-1.486034,191.600000,1.488436,273.255624,0.008538,-0.211652,0.211825,1.113811,
4801,74,-1.314219,17.783860,0.085383,-1.507199,192.000000,1.509616,273.242358,0.002135,-0.052912,0.052956,1.175759,
4811,74,-1.280066,17.180980,0.085383,-1.507199,192.400000,1.509616,273.242358,0.000000,0.000000,0.000000,1.073113,1.878476
4821,74,-1.245913,16.578100,0.085383,-1.507199,192.800000,1.509616,273.242358,0.000000,0.000000,0.000000,0.970878,1.478476
4831,74,-1.239424,15.998850,0.016223,-1.448117,193.200000,1.448208,270.641841,-0.172901,0.147705,0.227402,0.854565,0.959559
4841,74,-1.232935,15.419600,0.016223,-1.448117,193.600000,1.448208,270.641841,0.000000,0.000000,0.000000,0.849960,
4851,74,-1.226445,14.840360,0.016223,-1.448117,194.000000,1.448208,270.641841,0.000000,0.000000,0.000000,0.919073,
4861,74,-1.219956,14.261110,0.016223,-1.448117,194.400000,1.448208,270.641841,0.000000,0.000000,0.000000,0.989489,
4871,74,-1.231493,13.692540,-0.028841,-1.421434,194.800000,1.421727,268.837641,-0.112658,0.066707,0.130927,1.048085,
4881,74,-1.243029,13.123960,-0.028841,-1.421434,195.200000,1.421727,268.837641,0.000000,0.000000,0.000000,1.137559,
4891,74,-1.254565,12.555390,-0.028841,-1.421434,195.600000,1.421727,268.837641,0.000000,0.000000,0.000000,1.250150,
4901,74,-1.266101,11.986810,-0.028841,-1.421434,196.000000,1.421727,268.837641,0.000000,0.000000,0.000000,1.365312,
4911,74,-1.296590,11.399730,-0.076222,-1.467708,196.400000,1.469686,267.027166,-0.118452,-0.115685,0.165572,1.460029,
4921,74,-1.346031,10.794140,-0.123603,-1.513982,196.800000,1.519019,265.332686,-0.118452,-0.115685,0.165572,1.458689,
4931,74,-1.395472,10.188550,-0.123603,-1.513982,197.200000,1.519019,265.332686,0.000000,0.000000,0.000000,1.458121,
4941,74,-1.444913,9.582953,-0.123603,-1.513982,197.600000,1.519019,265.332686,0.000000,0.000000,0.000000,1.458325,
4951,74,-1.506220,9.001928,-0.153267,-1.452562,198.000000,1.460626,263.976722,-0.074161,0.153550,0.170521,1.454498,
4961,74,-1.595213,8.478229,-0.222484,-1.309249,198.400000,1.328018,260.355695,-0.173043,0.358282,0.397882,1.446696,
4971,74,-1.684207,7.954529,-0.222484,-1.309249,198.800000,1.328018,260.355695,0.000000,0.000000,0.000000,1.439413,
4981,74,-1.773201,7.430830,-0.222484,-1.309249,199.200000,1.328018,260.355695,0.000000,0.000000,0.000000,1.432659,
4991,74,-1.819061,6.903330,-0.114650,-1.318751,199.600000,1.323725,265.031311,0.269587,-0.023755,0.270632,1.467940,
5001,74,-1.854137,6.374879,-0.087691,-1.321126,200.000000,1.324033,266.202511,0.067397,-0.005937,0.067658,1.513748,
5011,74,-1.889214,5.846429,-0.087691,-1.321126,200.400000,1.324033,266.202511,0.000000,0.000000,0.000000,1.559652,
4831,75,-2.273791,20.122330,0.259565,-1.830514,193.200000,1.848825,278.070683,,,,4.251235,
4841,75,-2.169965,19.390130,0.259565,-1.830514,193.600000,1.848825,278.070683,0.000000,0.000000,0.000000,4.079600,
4851,75,-2.061813,18.663880,0.270380,-1.815615,194.000000,1.835637,278.470208,0.027038,0.037247,0.046026,2.885781,
4861,75,-1.914726,17.991270,0.367717,-1.681521,194.400000,1.721258,282.335334,0.243342,0.335235,0.414244,1.744639,
4871,75,-1.767639,17.318660,0.367717,-1.681521,194.800000,1.721258,282.335334,0.000000,0.000000,0.000000,0.908036,
4881,75,-1.623093,16.649510,0.361363,-1.672875,195.200000,1.711460,282.189366,-0.015885,0.021615,0.026824,1.288037,
4891,75,-1.501422,16.011490,0.304178,-1.595063,195.600000,1.623807,280.796650,-0.142964,0.194530,0.241414,2.321445,
4901,75,-1.379751,15.373460,0.304178,-1.595063,196.000000,1.623807,280.796650,0.000000,0.000000,0.000000,3.388556,
4911,75,-1.258080,14.735440,0.304178,-1.595063,196.400000,1.623807,280.796650,0.000000,0.000000,0.000000,3.335932,
4921,75,-1.132446,14.124910,0.314085,-1.526315,196.800000,1.558296,281.628019,0.024769,0.171870,0.173646,3.337611,
4931,75,-1.006371,13.517440,0.315186,-1.518676,197.200000,1.551038,281.724728,0.002752,0.019098,0.019295,3.351553,
4941,75,-0.880297,12.909970,0.315186,-1.518676,197.600000,1.551038,281.724728,0.000000,0.000000,0.000000,3.374586,
4951,75,-0.763406,12.300320,0.292227,-1.524139,198.000000,1.551901,280.853733,-0.057399,-0.013657,0.059001,3.381000,
4961,75,-0.660291,11.687380,0.257787,-1.532334,198.400000,1.553867,279.549552,-0.086098,-0.020488,0.088502,3.342563,
4971,75,-0.557176,11.074450,0.257787,-1.532334,198.800000,1.553867,279.549552,0.000000,0.000000,0.000000,3.317244,
4981,75,-0.454061,10.461520,0.257787,-1.532334,199.200000,1.553867,279.549552,0.000000,0.000000,0.000000,3.305331,
4991,75,-0.350946,9.848582,0.257787,-1.532334,199.600000,1.553867,279.549552,0.000000,0.000000,0.000000,3.290877,
5001,75,-0.247831,9.235649,0.257787,-1.532334,200.000000,1.553867,279.549552,0.000000,0.000000,0.000000,3.280887,
5011,75,-0.144716,8.622715,0.257787,-1.532334,200.400000,1.553867,279.549552,0.000000,0.000000,0.000000,3.278877,
5021,75,-0.028923,8.016337,0.289484,-1.515946,200.800000,1.543338,280.810996,0.079241,0.040970,0.089206,12.097744,
5031,75,0.200978,7.468956,0.574751,-1.368452,201.200000,1.484251,292.782461,0.713169,0.368735,0.802855,12.293424,
5041,75,0.430878,6.921575,0.574751,-1.368452,201.600000,1.484251,292.782461,0.000000,0.000000,0.000000,12.630137,
5051,75,0.660779,6.374195,0.574751,-1.368452,202.000000,1.484251,292.782461,0.000000,0.000000,0.000000,13.106979,
5061,75,0.953902,5.990417,0.732808,-0.959444,202.400000,1.207287,307.372011,0.395142,1.022519,1.096213,13.446196,
5071,75,1.289174,5.715708,0.838179,-0.686772,202.800000,1.083605,320.670103,0.263428,0.681679,0.730809,4.044444,
5011,76,-2.874303,20.177660,0.019086,-1.002763,200.400000,1.002945,271.090384,,,,11.872969,
5021,76,-2.866668,19.776550,0.019086,-1.002763,200.800000,1.002945,271.090384,0.000000,0.000000,0.000000,12.097744,
5031,76,-2.859034,19.375450,0.019086,-1.002763,201.200000,1.002945,271.090384,0.000000,0.000000,0.000000,4.085489,
5041,76,-2.867384,19.113450,-0.020875,-0.654992,201.600000,0.655325,268.174571,-0.099902,0.869426,0.875147,3.732341,3.577339
5051,76,-2.891718,18.990560,-0.060836,-0.307222,202.000000,0.313187,258.799283,-0.099902,0.869426,0.875147,3.370461,3.394166
5061,76,-2.916052,18.867670,-0.060836,-0.307222,202.400000,0.313187,258.799283,0.000000,0.000000,0.000000,3.167808,2.994165
5071,76,-2.933086,18.736160,-0.042585,-0.328793,202.800000,0.331539,262.620198,0.045627,-0.053928,0.070640,2.961065,2.767255
5081,76,-2.933086,18.584510,0.000000,-0.379126,203.200000,0.379126,270.000000,0.106462,-0.125832,0.164827,2.695363,2.810178
5091,76,-2.933086,18.432860,0.000000,-0.379126,203.600000,0.379126,270.000000,0.000000,0.000000,0.000000,2.356695,2.410193
5101,76,-2.933086,18.281210,0.000000,-0.379126,204.000000,0.379126,270.000000,0.000000,0.000000,0.000000,2.050479,1.980230
5111,76,-2.931497,18.111450,0.003973,-0.424387,204.400000,0.424405,270.536364,0.009932,-0.113153,0.113588,1.822316,2.160862
5121,76,-2.926200,17.899450,0.013243,-0.529996,204.800000,0.530162,271.431363,0.023175,-0.264023,0.265038,1.612425,1.946957
5131,76,-2.920903,17.687450,0.013243,-0.529996,205.200000,0.530162,271.431363,0.000000,0.000000,0.000000,1.465377,2.435894
5141,76,-2.915606,17.475460,0.013243,-0.529996,205.600000,0.530162,271.431363,0.000000,0.000000,0.000000,1.384087,
5151,76,-2.910308,17.263460,0.013243,-0.529996,206.000000,0.530162,271.431363,0.000000,0.000000,0.000000,1.307600,
5161,76,-2.883769,17.005090,0.066348,-0.645914,206.400000,0.649313,275.864830,0.132762,-0.289795,0.318758,1.232928,4.181376
5171,76,-2.825367,16.677180,0.146005,-0.819791,206.800000,0.832691,280.098536,0.199143,-0.434692,0.478137,1.175363,3.348835
5181,76,-2.766965,16.349260,0.146005,-0.819791,207.200000,0.832691,280.098536,0.000000,0.000000,0.000000,1.120106,2.948833
5191,76,-2.708563,16.021340,0.146005,-0.819791,207.600000,0.832691,280.098536,0.000000,0.000000,0.000000,1.064848,2.548830
5201,76,-2.651431,15.698300,0.142830,-0.807595,208.000000,0.820128,280.029526,-0.007939,0.030490,0.031507,1.016551,2.281177
5211,76,-2.596204,15.382580,0.138067,-0.789300,208.400000,0.801285,279.921950,-0.011908,0.045736,0.047261,0.990381,
5221,76,-2.540977,15.066860,0.138067,-0.789300,208.800000,0.801285,279.921950,0.000000,0.000000,0.000000,0.972942,
5231,76,-2.485751,14.751140,0.138067,-0.789300,209.200000,0.801285,279.921950,0.000000,0.000000,0.000000,0.969645,
5241,76,-2.430524,14.435420,0.138067,-0.789300,209.600000,0.801285,279.921950,0.000000,0.000000,0.000000,1.016845,
5251,76,-2.350574,14.170570,0.199876,-0.662130,210.000000,0.691641,286.797352,0.154522,0.317926,0.353488,1.009384,
5261,76,-2.260028,13.927520,0.226365,-0.607629,210.400000,0.648424,290.432292,0.066224,0.136254,0.151495,0.988834,
5271,76,-2.169482,13.684470,0.226365,-0.607629,210.800000,0.648424,290.432292,0.000000,0.000000,0.000000,0.964752,
5281,76,-2.078936,13.441420,0.226365,-0.607629,211.200000,0.648424,290.432292,0.000000,0.000000,0.000000,0.950125,
5291,76,-2.002037,13.215530,0.192246,-0.564710,211.600000,0.596537,288.800285,-0.085297,0.107296,0.137069,0.966371,
5301,76,-1.945610,13.015400,0.141068,-0.500333,212.000000,0.519839,285.745710,-0.127945,0.160944,0.205604,0.979067,3.878804
5311,76,-1.889183,12.815270,0.141068,-0.500333,212.400000,0.519839,285.745710,0.000000,0.000000,0.000000,0.994800,3.478775
5321,76,-1.832756,12.615130,0.141068,-0.500333,212.800000,0.519839,285.745710,0.000000,0.000000,0.000000,1.013418,3.277671
5331,76,-1.776329,12.415000,0.141068,-0.500333,213.200000,0.519839,285.745710,0.000000,0.000000,0.000000,1.034768,
5341,76,-1.689935,12.182700,0.215984,-0.580742,213.600000,0.619605,290.400700,0.187290,-0.201024,0.274751,1.027071,
5351,76,-1.596050,11.942370,0.234713,-0.600845,214.000000,0.645062,291.337544,0.046822,-0.050256,0.068688,1.017891,
5361,76,-1.502164,11.702030,0.234713,-0.600845,214.400000,0.645062,291.337544,0.000000,0.000000,0.000000,1.008721,
5371,76,-1.408279,11.461690,0.234713,-0.600845,214.800000,0.645062,291.337544,0.000000,0.000000,0.000000,1.010410,
5381,76,-1.314984,11.217850,0.233239,-0.609598,215.200000,0.652695,290.937388,-0.003686,-0.021885,0.022193,1.019267,
5391,76,-1.226995,10.942500,0.219971,-0.688382,215.600000,0.722673,287.721134,-0.033171,-0.196959,0.199732,1.046859,
5401,76,-1.139007,10.667150,0.219971,-0.688382,216.000000,0.722673,287.721134,0.000000,0.000000,0.000000,1.052423,5.915920
5411,76,-1.051019,10.391790,0.219971,-0.688382,216.400000,0.722673,287.721134,0.000000,0.000000,0.000000,1.052331,
5421,76,-0.963031,10.116440,0.219971,-0.688382,216.800000,0.722673,287.721134,0.000000,0.000000,0.000000,1.061417,
5431,76,-0.875043,9.841087,0.219971,-0.688382,217.200000,0.722673,287.721134,0.000000,0.000000,0.000000,1.079452,
5441,76,-0.808113,9.588885,0.167324,-0.630506,217.600000,0.652331,284.862602,-0.131616,0.144688,0.195595,1.081398,
5451,76,-0.825417,9.429283,-0.043261,-0.399005,218.000000,0.401343,263.812057,-0.526463,0.578754,0.782380,1.022928,9.296737
5461,76,-0.842722,9.269680,-0.043261,-0.399005,218.400000,0.401343,263.812057,0.000000,0.000000,0.000000,1.089719,
5471,76,-0.860026,9.110078,-0.043261,-0.399005,218.800000,0.401343,263.812057,0.000000,0.000000,0.000000,1.228001,
5481,76,-0.877330,8.950476,-0.043261,-0.399005,219.200000,0.401343,263.812057,0.000000,0.000000,0.000000,1.212351,9.860054
5491,76,-0.894635,8.790874,-0.043261,-0.399005,219.600000,0.401343,263.812057,0.000000,0.000000,0.000000,1.202331,
5501,76,-0.911939,8.631272,-0.043261,-0.399005,220.000000,0.401343,263.812057,0.000000,0.000000,0.000000,1.191621,
5511,76,-0.929243,8.471670,-0.043261,-0.399005,220.400000,0.401343,263.812057,0.000000,0.000000,0.000000,1.190421,9.588306
5521,76,-0.957879,8.241798,-0.071590,-0.574680,220.800000,0.579122,262.899059,-0.070822,-0.439187,0.444861,1.230212,
5531,76,-0.991371,7.981811,-0.083731,-0.649969,221.200000,0.655340,262.659439,-0.030352,-0.188223,0.190655,1.284583,
5541,76,-1.024864,7.721823,-0.083731,-0.649969,221.600000,0.655340,262.659439,0.000000,0.000000,0.000000,1.320114,
5551,76,-1.058356,7.461835,-0.083731,-0.649969,222.000000,0.655340,262.659439,0.000000,0.000000,0.000000,1.357232,
5561,76,-1.091848,7.201848,-0.083731,-0.649969,222.400000,0.655340,262.659439,0.000000,0.000000,0.000000,1.397974,
5571,76,-1.125341,6.941860,-0.083731,-0.649969,222.800000,0.655340,262.659439,0.000000,0.000000,0.000000,1.451769,
5581,76,-1.172269,6.667003,-0.117320,-0.687142,223.200000,0.697085,260.310937,-0.083974,-0.092932,0.125251,1.543528,
5591,76,-1.232633,6.377278,-0.150910,-0.724314,223.600000,0.739868,258.230864,-0.083974,-0.092931,0.125252,1.649657,
5601,76,-1.292997,6.087552,-0.150910,-0.724314,224.000000,0.739868,258.230864,0.000000,0.000000,0.000000,1.756040,
5611,76,-1.353361,5.797826,-0.150910,-0.724314,224.400000,0.739868,258.230864,0.000000,0.000000,0.000000,1.840633,
5031,77,1.028104,20.632980,-0.874622,-0.884644,201.200000,1.244009,225.326412,,,,4.085489,
5041,77,0.678255,20.279130,-0.874622,-0.884644,201.600000,1.244009,225.326412,0.000000,0.000000,0.000000,3.732341,3.577339
5051,77,0.342805,19.938120,-0.838625,-0.852513,202.000000,1.195855,225.470502,0.089992,0.080329,0.120629,0.686560,
5061,77,0.136943,19.712790,-0.514655,-0.563327,202.400000,0.763025,227.585207,0.809925,0.722964,1.085659,0.624930,
5071,77,-0.068919,19.487460,-0.514655,-0.563327,202.800000,0.763025,227.585207,0.000000,0.000000,0.000000,0.611905,
5081,77,-0.269206,19.269790,-0.500718,-0.544169,203.200000,0.739485,227.381276,0.034843,0.047894,0.059227,0.632089,4.121884
5091,77,-0.447194,19.082780,-0.444969,-0.467539,203.600000,0.645438,226.416885,0.139372,0.191576,0.236909,0.670101,4.374837
5101,77,-0.625181,18.895760,-0.444969,-0.467539,204.000000,0.645438,226.416885,0.000000,0.000000,0.000000,0.698724,3.974832
5111,77,-0.803169,18.708740,-0.444969,-0.467539,204.400000,0.645438,226.416885,0.000000,0.000000,0.000000,0.640001,0.374464
5121,77,-0.876208,18.479670,-0.182598,-0.572693,204.800000,0.601098,252.315626,0.655928,-0.262885,0.706647,0.710900,7.687250
5131,77,-0.904269,18.232560,-0.070153,-0.617759,205.200000,0.621730,263.521243,0.281112,-0.112665,0.302849,0.767740,5.639321
5141,77,-0.932330,17.985460,-0.070153,-0.617759,205.600000,0.621730,263.521243,0.000000,0.000000,0.000000,0.754363,5.411484
5151,77,-0.960391,17.738360,-0.070153,-0.617759,206.000000,0.621730,263.521243,0.000000,0.000000,0.000000,0.747921,5.011484
5161,77,-0.988605,17.445170,-0.070534,-0.732970,206.400000,0.736356,264.503331,-0.000953,-0.288028,0.288030,0.747675,
5171,77,-1.016818,17.151980,-0.070534,-0.732970,206.800000,0.736356,264.503331,0.000000,0.000000,0.000000,0.717010,
5181,77,-1.045032,16.858790,-0.070534,-0.732970,207.200000,0.736356,264.503331,0.000000,0.000000,0.000000,0.687309,
5191,77,-1.073246,16.565600,-0.070534,-0.732970,207.600000,0.736356,264.503331,0.000000,0.000000,0.000000,0.662845,
5201,77,-1.066866,16.289870,0.015949,-0.689337,208.000000,0.689521,271.325427,0.216208,0.109084,0.242168,0.677278,
5211,77,-1.008596,16.040310,0.145674,-0.623887,208.400000,0.640668,283.142800,0.324312,0.163626,0.363252,0.739678,
5221,77,-0.950326,15.790760,0.145674,-0.623887,208.800000,0.640668,283.142800,0.000000,0.000000,0.000000,0.802758,
5231,77,-0.892057,15.541210,0.145674,-0.623887,209.200000,0.640668,283.142800,0.000000,0.000000,0.000000,0.860324,
5241,77,-0.833787,15.291650,0.145674,-0.623887,209.600000,0.640668,283.142800,0.000000,0.000000,0.000000,0.863778,
5251,77,-0.783887,15.057260,0.124750,-0.585973,210.000000,0.599105,282.018509,-0.052310,0.094784,0.108261,0.862075,
5261,77,-0.742356,14.838040,0.103826,-0.548059,210.400000,0.557807,280.727180,-0.052310,0.094784,0.108261,0.855629,
5271,77,-0.700826,14.618810,0.103826,-0.548059,210.800000,0.557807,280.727180,0.000000,0.000000,0.000000,0.849837,
5281,77,-0.659296,14.399590,0.103826,-0.548059,211.200000,0.557807,280.727180,0.000000,0.000000,0.000000,0.834098,
5291,77,-0.617765,14.180370,0.103826,-0.548059,211.600000,0.557807,280.727180,0.000000,0.000000,0.000000,0.776692,1.295806
5301,77,-0.508512,13.966170,0.273133,-0.535498,212.000000,0.601132,297.024075,0.423268,0.031402,0.424431,0.785683,
5311,77,-0.331535,13.756990,0.442441,-0.522937,212.400000,0.684994,310.233519,0.423268,0.031402,0.424432,0.860285,
5321,77,-0.154559,13.547820,0.442441,-0.522937,212.800000,0.684994,310.233519,0.000000,0.000000,0.000000,0.934925,
5331,77,0.022417,13.338640,0.442441,-0.522937,213.200000,0.684994,310.233519,0.000000,0.000000,0.000000,1.009582,
5341,77,0.189293,13.128510,0.417189,-0.525324,213.600000,0.670829,308.455076,-0.063129,-0.005966,0.063410,1.097153,
5351,77,0.265263,12.909790,0.189926,-0.546803,214.000000,0.578848,289.154073,-0.568158,-0.053699,0.570691,1.096399,
5361,77,0.341233,12.691070,0.189926,-0.546803,214.400000,0.578848,289.154073,0.000000,0.000000,0.000000,1.096411,
5371,77,0.417204,12.472350,0.189926,-0.546803,214.800000,0.578848,289.154073,0.000000,0.000000,0.000000,1.087017,
5381,77,0.493174,12.253630,0.189926,-0.546803,215.200000,0.578848,289.154073,0.000000,0.000000,0.000000,1.073776,
5391,77,0.530254,11.976650,0.092702,-0.692441,215.600000,0.698619,277.625237,-0.243060,-0.364095,0.437771,1.001285,2.249808
5401,77,0.567335,11.699680,0.092702,-0.692441,216.000000,0.698619,277.625237,0.000000,0.000000,0.000000,0.929021,1.849819
5411,77,0.604416,11.422700,0.092702,-0.692441,216.400000,0.698619,277.625237,0.000000,0.000000,0.000000,0.864065,1.966791
5421,77,0.641949,11.187260,0.093832,-0.588601,216.800000,0.596033,279.057642,0.002826,0.259601,0.259616,0.818421,2.026985
5431,77,0.679934,10.993360,0.094963,-0.484761,217.200000,0.493975,281.083674,0.002826,0.259601,0.259616,0.786757,2.492509
5441,77,0.717919,10.799450,0.094963,-0.484761,217.600000,0.493975,281.083674,0.000000,0.000000,0.000000,0.755459,2.092477
5451,77,0.755904,10.605550,0.094963,-0.484761,218.000000,0.493975,281.083674,0.000000,0.000000,0.000000,0.731100,2.058312
5461,77,0.804652,10.386310,0.121869,-0.548090,218.400000,0.561475,282.535903,0.067265,-0.158323,0.172020,0.766041,2.078145
5471,77,0.869543,10.129080,0.162228,-0.643084,218.800000,0.663230,284.158377,0.100898,-0.237484,0.258029,0.802214,2.341071
5481,77,0.934435,9.871843,0.162228,-0.643084,219.200000,0.663230,284.158377,0.000000,0.000000,0.000000,0.840037,1.918366
5491,77,0.999326,9.614610,0.162228,-0.643084,219.600000,0.663230,284.158377,0.000000,0.000000,0.000000,0.879301,1.447921
5501,77,1.055565,9.331014,0.140598,-0.708990,220.000000,0.722796,281.216648,-0.054076,-0.164764,0.173412,0.905635,1.337644
5511,77,1.098826,9.007875,0.108152,-0.807848,220.400000,0.815056,277.625239,-0.081114,-0.247147,0.260118,0.911896,1.763116
5521,77,1.142087,8.684735,0.108152,-0.807848,220.800000,0.815056,277.625239,0.000000,0.000000,0.000000,0.920587,1.781484
5531,77,1.185348,8.361596,0.108152,-0.807848,221.200000,0.815056,277.625239,0.000000,0.000000,0.000000,0.931640,1.835475
5541,77,1.219956,8.041462,0.086522,-0.800336,221.600000,0.804999,276.170097,-0.054076,0.018780,0.057245,0.915972,
5551,77,1.219956,7.733347,0.000000,-0.770287,222.000000,0.770287,270.000000,-0.216304,0.075122,0.228978,0.881133,3.434604
5561,77,1.219956,7.425232,0.000000,-0.770287,222.400000,0.770287,270.000000,0.000000,0.000000,0.000000,0.846601,3.034616
5571,77,1.219956,7.117117,0.000000,-0.770287,222.800000,0.770287,270.000000,0.000000,0.000000,0.000000,0.868787,5.130037
5581,77,1.219956,6.809002,0.000000,-0.770287,223.200000,0.770287,270.000000,0.000000,0.000000,0.000000,0.852992,2.801268
5591,77,1.195180,6.536299,-0.061942,-0.681758,223.600000,0.684566,264.808597,-0.154854,0.221323,0.270118,0.783360,1.054787
5601,77,1.159784,6.278772,-0.088488,-0.643817,224.000000,0.649869,262.174127,-0.066366,0.094853,0.115765,0.704183,0.527734
5611,77,1.124389,6.021246,-0.088488,-0.643817,224.400000,0.649869,262.174127,0.000000,0.000000,0.000000,0.647303,0.336299
5621,77,1.088994,5.763719,-0.088488,-0.643817,224.800000,0.649869,262.174127,0.000000,0.000000,0.000000,0.681348,
5051,78,0.526209,20.599730,-0.943873,-0.655296,202.000000,1.149047,214.770813,,,,0.686560,3.394166
5061,78,0.148660,20.337610,-0.943873,-0.655296,202.400000,1.149047,214.770813,0.000000,0.000000,0.000000,0.624930,2.994165
5071,78,-0.211839,20.082440,-0.901247,-0.637932,202.800000,1.104175,215.292110,0.106566,0.043410,0.115069,0.611905,2.767255
5081,78,-0.546762,19.837680,-0.837307,-0.611886,203.200000,1.037057,216.158525,0.159850,0.065116,0.172603,0.632089,2.810178
5091,78,-0.881684,19.592930,-0.837307,-0.611886,203.600000,1.037057,216.158525,0.000000,0.000000,0.000000,0.670101,2.410193
5101,78,-1.171751,19.331050,-0.725168,-0.654700,204.000000,0.976985,222.076538,0.280348,-0.107036,0.300086,0.698724,1.980230
5111,78,-1.357155,19.029210,-0.463509,-0.754600,204.400000,0.885586,238.439896,0.654146,-0.249750,0.700202,0.640001,0.374464
5121,78,-1.542559,18.727370,-0.463509,-0.754600,204.800000,0.885586,238.439896,0.000000,0.000000,0.000000,0.710900,1.946957
5131,78,-1.649681,18.416370,-0.267805,-0.777505,205.200000,0.822335,250.994155,0.489260,-0.057263,0.492599,0.767740,2.435894
5141,78,-1.678521,18.096200,-0.072101,-0.800410,205.600000,0.803651,264.852655,0.489260,-0.057262,0.492599,0.754363,4.754735
5151,78,-1.707362,17.776040,-0.072101,-0.800410,206.000000,0.803651,264.852655,0.000000,0.000000,0.000000,0.747921,4.354737
5161,78,-1.736203,17.455870,-0.072101,-0.800410,206.400000,0.803651,264.852655,0.000000,0.000000,0.000000,0.747675,3.989563
5171,78,-1.732598,17.110000,0.009013,-0.864688,206.800000,0.864735,270.597174,0.202785,-0.160695,0.258737,0.717010,4.005414
5181,78,-1.725387,16.761270,0.018025,-0.871830,207.200000,0.872017,271.184439,0.022532,-0.017855,0.028749,0.687309,3.764955
5191,78,-1.718177,16.412540,0.018025,-0.871830,207.600000,0.872017,271.184439,0.000000,0.000000,0.000000,0.662845,3.364970
5201,78,-1.715564,16.095200,0.006534,-0.793331,208.000000,0.793358,270.471901,-0.028728,0.196249,0.198341,0.677278,3.986250
5211,78,-1.723675,15.851140,-0.020279,-0.610165,208.400000,0.610502,268.096504,-0.067032,0.457914,0.462794,0.739678,5.054587
5221,78,-1.731786,15.607070,-0.020279,-0.610165,208.800000,0.610502,268.096504,0.000000,0.000000,0.000000,0.802758,4.654616
5231,78,-1.733789,15.363320,-0.005008,-0.609382,209.200000,0.609403,269.529187,0.038177,0.001957,0.038228,0.860324,
5241,78,-1.680817,15.122380,0.132431,-0.602339,209.600000,0.616725,282.399855,0.343597,0.017609,0.344048,0.863778,
5251,78,-1.627844,14.881450,0.132431,-0.602339,210.000000,0.616725,282.399855,0.000000,0.000000,0.000000,0.862075,
5261,78,-1.574872,14.640510,0.132431,-0.602339,210.400000,0.616725,282.399855,0.000000,0.000000,0.000000,0.855629,
5271,78,-1.521899,14.399580,0.132431,-0.602339,210.800000,0.616725,282.399855,0.000000,0.000000,0.000000,0.849837,
5281,78,-1.458557,14.161050,0.158357,-0.596313,211.200000,0.616982,284.872222,0.064815,0.015064,0.066542,0.834098,
5291,78,-1.353732,13.932170,0.262061,-0.572211,211.600000,0.629366,294.606809,0.259259,0.060255,0.266170,0.776692,1.295806
5301,78,-1.248908,13.703280,0.262061,-0.572211,212.000000,0.629366,294.606809,0.000000,0.000000,0.000000,0.785683,
5311,78,-1.144083,13.474400,0.262061,-0.572211,212.400000,0.629366,294.606809,0.000000,0.000000,0.000000,0.860285,
5321,78,-1.039259,13.245510,0.262061,-0.572211,212.800000,0.629366,294.606809,0.000000,0.000000,0.000000,0.934925,
5331,78,-0.934435,13.016630,0.262061,-0.572211,213.200000,0.629366,294.606809,0.000000,0.000000,0.000000,1.009582,
5341,78,-0.847913,12.770810,0.216304,-0.614542,213.600000,0.651498,289.390870,-0.114392,-0.105827,0.155836,1.027071,
5351,78,-0.761391,12.524990,0.216304,-0.614542,214.000000,0.651498,289.390870,0.000000,0.000000,0.000000,1.017891,
5361,78,-0.674870,12.279180,0.216304,-0.614542,214.400000,0.651498,289.390870,0.000000,0.000000,0.000000,1.008721,
5371,78,-0.580777,12.041490,0.235231,-0.594212,214.800000,0.639079,291.597130,0.047316,0.050824,0.069440,1.010410,
5381,78,-0.483440,11.807290,0.243342,-0.585500,215.200000,0.634055,292.568487,0.020279,0.021782,0.029760,1.019267,
5391,78,-0.386103,11.573090,0.243342,-0.585500,215.600000,0.634055,292.568487,0.000000,0.000000,0.000000,1.001285,2.249808
5401,78,-0.288766,11.338890,0.243342,-0.585500,216.000000,0.634055,292.568487,0.000000,0.000000,0.000000,0.929021,1.849819
5411,78,-0.208216,11.129040,0.201375,-0.524633,216.400000,0.561953,290.998760,-0.104919,0.152168,0.184833,0.864065,1.966791
5421,78,-0.134861,10.929620,0.183388,-0.498547,216.800000,0.531206,290.195839,-0.044965,0.065215,0.079214,0.818421,2.026985
5431,78,-0.061506,10.730200,0.183388,-0.498547,217.200000,0.531206,290.195839,0.000000,0.000000,0.000000,0.786757,2.492509
5441,78,0.011850,10.530780,0.183388,-0.498547,217.600000,0.531206,290.195839,0.000000,0.000000,0.000000,0.755459,2.092477
5451,78,0.079639,10.327750,0.169474,-0.507590,218.000000,0.535135,288.463119,-0.034786,-0.022608,0.041487,0.731100,2.367215
5461,78,0.097337,10.092160,0.044244,-0.588978,218.400000,0.590638,274.295992,-0.313075,-0.203470,0.373385,0.766041,
5471,78,0.115034,9.856565,0.044244,-0.588978,218.800000,0.590638,274.295992,0.000000,0.000000,0.000000,0.802214,
5481,78,0.132732,9.620974,0.044244,-0.588978,219.200000,0.590638,274.295992,0.000000,0.000000,0.000000,0.840037,
5491,78,0.150430,9.385382,0.044244,-0.588978,219.600000,0.590638,274.295992,0.000000,0.000000,0.000000,0.879301,
5501,78,0.174865,9.119963,0.061088,-0.663548,220.000000,0.666354,275.259960,0.042109,-0.186425,0.191122,0.905635,
5511,78,0.202188,8.841760,0.068307,-0.695507,220.400000,0.698853,275.609103,0.018047,-0.079896,0.081909,0.911896,
5521,78,0.229510,8.563557,0.068307,-0.695507,220.800000,0.698853,275.609103,0.000000,0.000000,0.000000,0.920587,
5531,78,0.256833,8.285355,0.068307,-0.695507,221.200000,0.698853,275.609103,0.000000,0.000000,0.000000,0.931640,
5541,78,0.272543,7.965614,0.039276,-0.799353,221.600000,0.800317,272.812974,-0.072576,-0.259614,0.269568,0.950444,7.227850
5551,78,0.286964,7.641257,0.036051,-0.810891,222.000000,0.811692,272.545589,-0.008064,-0.028846,0.029952,0.937526,7.951412
5561,78,0.301384,7.316901,0.036051,-0.810891,222.400000,0.811692,272.545589,0.000000,0.000000,0.000000,0.924938,7.551410
5571,78,0.324773,7.011153,0.058473,-0.764370,222.800000,0.766604,274.374471,0.056054,0.116301,0.129105,0.901433,5.130037
5581,78,0.369089,6.748824,0.110790,-0.655822,223.200000,0.665115,279.588614,0.130794,0.271370,0.301245,0.852992,2.801268
5591,78,0.413405,6.486495,0.110790,-0.655822,223.600000,0.665115,279.588614,0.000000,0.000000,0.000000,0.783360,1.054787
5601,78,0.457721,6.224166,0.110790,-0.655822,224.000000,0.665115,279.588614,0.000000,0.000000,0.000000,0.704183,0.527734
5611,78,0.480814,5.951883,0.057731,-0.680707,224.400000,0.683151,274.847706,-0.132647,-0.062212,0.146511,0.647303,0.336299
5621,78,0.419012,5.639784,-0.154503,-0.780246,224.800000,0.795396,258.799280,-0.530586,-0.248847,0.586043,0.681348,
5071,79,-2.754172,5.809948,0.208579,1.266107,202.800000,1.283173,80.645085,,,,4.044444,
5081,79,-2.670740,6.316390,0.208579,1.266107,203.200000,1.283173,80.645085,0.000000,0.000000,0.000000,12.270925,
5091,79,-2.598247,6.816491,0.181232,1.250252,203.600000,1.263319,81.752056,-0.068368,-0.039637,0.079027,11.621194,
5101,79,-2.624204,7.259515,-0.064891,1.107558,204.000000,1.109457,93.353099,-0.615308,-0.356735,0.711241,1.619119,7.022295
5111,79,-2.650160,7.702538,-0.064891,1.107558,204.400000,1.109457,93.353099,0.000000,0.000000,0.000000,1.514051,6.417202
5121,79,-2.676117,8.145561,-0.064891,1.107558,204.800000,1.109457,93.353099,0.000000,0.000000,0.000000,1.417487,5.608454
5131,79,-2.707325,8.591814,-0.078020,1.115632,205.200000,1.118357,94.000402,-0.032823,0.020185,0.038533,1.360599,4.880326
5141,79,-2.785798,9.067133,-0.196183,1.188297,205.600000,1.204383,99.374736,-0.295406,0.181662,0.346794,1.352521,
5151,79,-2.864272,9.542452,-0.196183,1.188297,206.000000,1.204383,99.374736,0.000000,0.000000,0.000000,1.356573,
5161,79,-2.942745,10.017770,-0.196183,1.188297,206.400000,1.204383,99.374736,0.000000,0.000000,0.000000,1.371249,
5171,79,-3.021218,10.493090,-0.196183,1.188297,206.800000,1.204383,99.374736,0.000000,0.000000,0.000000,1.391933,
5181,79,-3.097022,10.964170,-0.189511,1.177707,207.200000,1.192857,99.141409,0.016680,-0.026475,0.031291,1.413310,
5191,79,-3.172160,11.434200,-0.187843,1.175059,207.600000,1.189978,99.082373,0.004170,-0.006620,0.007824,1.438795,
5201,79,-3.247297,11.904220,-0.187843,1.175059,208.000000,1.189978,99.082373,0.000000,0.000000,0.000000,1.444897,
5211,79,-3.322434,12.374240,-0.187843,1.175059,208.400000,1.189978,99.082373,0.000000,0.000000,0.000000,1.400518,
5221,79,-3.328923,12.861420,-0.016223,1.217934,208.800000,1.218042,90.763132,0.429051,0.107187,0.442237,1.353798,1.881661
5231,79,-3.335412,13.348590,-0.016223,1.217934,209.200000,1.218042,90.763132,0.000000,0.000000,0.000000,1.331016,1.481659
5241,79,-3.341902,13.835760,-0.016223,1.217934,209.600000,1.218042,90.763132,0.000000,0.000000,0.000000,1.090964,1.081662
5251,79,-3.348391,14.322940,-0.016223,1.217934,210.000000,1.218042,90.763132,0.000000,0.000000,0.000000,1.009384,
5261,79,-3.328424,14.790400,0.049916,1.168647,210.400000,1.169713,87.554214,0.165348,-0.123217,0.206210,1.293166,0.527024
5271,79,-3.308458,15.257860,0.049916,1.168647,210.800000,1.169713,87.554214,0.000000,0.000000,0.000000,0.705666,0.145872
5281,79,-3.288491,15.725320,0.049916,1.168647,211.200000,1.169713,87.554214,0.000000,0.000000,0.000000,0.748346,
5291,79,-3.255524,16.194800,0.082417,1.173722,211.600000,1.176612,85.983345,0.081253,0.012687,0.082237,1.378872,
5301,79,-3.105553,16.682560,0.374928,1.219396,212.000000,1.275734,72.908916,0.731275,0.114185,0.740136,2.143641,
5311,79,-2.955582,17.170320,0.374928,1.219396,212.400000,1.275734,72.908916,0.000000,0.000000,0.000000,2.766256,
5321,79,-2.805611,17.658080,0.374928,1.219396,212.800000,1.275734,72.908916,0.000000,0.000000,0.000000,2.849678,
5331,79,-2.655640,18.145840,0.374928,1.219396,213.200000,1.275734,72.908916,0.000000,0.000000,0.000000,2.943681,
5341,79,-2.496545,18.560780,0.397738,1.037361,213.600000,1.110996,69.022527,0.057025,-0.455087,0.458646,2.691400,
5351,79,-2.331367,18.927180,0.412945,0.916004,214.000000,1.004782,65.733626,0.038017,-0.303393,0.305765,2.180583,
5361,79,-2.166189,19.293590,0.412945,0.916004,214.400000,1.004782,65.733626,0.000000,0.000000,0.000000,2.085672,
5371,79,-2.001012,19.659990,0.412945,0.916004,214.800000,1.004782,65.733626,0.000000,0.000000,0.000000,2.488929,
5381,79,-1.861082,20.024930,0.349823,0.912355,215.200000,0.977123,69.021751,-0.157804,-0.009121,0.158067,0.605655,0.019664
5391,79,-1.822148,20.384030,0.097337,0.897761,215.600000,0.903023,83.812057,-0.631215,-0.036485,0.632269,0.844510,
5101,80,-2.825552,5.652964,0.231755,1.344458,204.000000,1.364286,80.219600,,,,1.619119,6.732745
5111,80,-2.732850,6.190747,0.231755,1.344458,204.400000,1.364286,80.219600,0.000000,0.000000,0.000000,1.514051,6.332744
5121,80,-2.640149,6.728530,0.231755,1.344458,204.800000,1.364286,80.219600,0.000000,0.000000,0.000000,1.417487,5.932746
5131,80,-2.583853,7.236829,0.140738,1.270747,205.200000,1.278517,83.680110,-0.227541,-0.184278,0.292802,1.360599,5.639321
5141,80,-2.536660,7.737756,0.117984,1.252319,205.600000,1.257865,84.617903,-0.056885,-0.046070,0.073201,1.352521,4.754735
5151,80,-2.489466,8.238684,0.117984,1.252319,206.000000,1.257865,84.617903,0.000000,0.000000,0.000000,1.356573,4.354737
5161,80,-2.459689,8.734422,0.074442,1.239345,206.400000,1.241579,86.562607,-0.108855,-0.032435,0.113584,1.371249,3.989563
5171,80,-2.447329,9.224970,0.030901,1.226370,206.800000,1.226759,88.556634,-0.108854,-0.032437,0.113585,1.391933,3.348835
5181,80,-2.434969,9.715518,0.030901,1.226370,207.200000,1.226759,88.556634,0.000000,0.000000,0.000000,1.413310,2.948833
5191,80,-2.422608,10.206070,0.030901,1.226370,207.600000,1.226759,88.556634,0.000000,0.000000,0.000000,1.438795,2.548830
5201,80,-2.470195,10.686090,-0.118967,1.200058,208.000000,1.205940,95.661502,-0.374670,-0.065780,0.380401,1.444897,2.281177
5211,80,-2.657659,11.141550,-0.468659,1.138662,208.400000,1.231338,112.371464,-0.874230,-0.153490,0.887602,1.400518,
5221,80,-2.845123,11.597020,-0.468659,1.138662,208.800000,1.231338,112.371464,0.000000,0.000000,0.000000,1.353798,
5231,80,-3.032586,12.052480,-0.468659,1.138662,209.200000,1.231338,112.371464,0.000000,0.000000,0.000000,1.331016,
5241,80,-3.182129,12.390120,-0.373856,0.844087,209.600000,0.923174,113.889093,0.237009,-0.736437,0.773636,1.454442,2.258773
5251,80,-3.315419,12.677260,-0.333226,0.717841,210.000000,0.791413,114.900991,0.101575,-0.315616,0.331559,1.646010,6.364831
5261,80,-3.448709,12.964390,-0.333226,0.717841,210.400000,0.791413,114.900991,0.000000,0.000000,0.000000,1.529896,5.964823
5271,80,-3.581999,13.251530,-0.333226,0.717841,210.800000,0.791413,114.900991,0.000000,0.000000,0.000000,1.477376,5.646958
5281,80,-3.666183,13.570010,-0.210458,0.796212,211.200000,0.823557,104.806052,0.306919,0.195928,0.364125,1.592447,
5291,80,-3.750366,13.888500,-0.210458,0.796212,211.600000,0.823557,104.806052,0.000000,0.000000,0.000000,1.365450,
5301,80,-3.834549,14.206980,-0.210458,0.796212,212.000000,0.823557,104.806052,0.000000,0.000000,0.000000,1.016259,
5311,80,-3.906903,14.572790,-0.180885,0.914514,212.400000,0.932231,101.188339,0.073932,0.295755,0.304856,1.112961,
5321,80,-3.951656,15.049010,-0.111881,1.190552,212.800000,1.195797,95.368574,0.172509,0.690095,0.711331,1.652323,
5331,80,-3.996409,15.525230,-0.111881,1.190552,213.200000,1.195797,95.368574,0.000000,0.000000,0.000000,1.858288,
5341,80,-4.035922,16.023900,-0.098783,1.246678,213.600000,1.250586,94.530488,0.032746,0.140315,0.144085,1.895587,
5351,80,-4.067576,16.556250,-0.079136,1.330866,214.000000,1.333217,93.402905,0.049119,0.210470,0.216126,1.943403,
5361,80,-4.099230,17.088590,-0.079136,1.330866,214.400000,1.333217,93.402905,0.000000,0.000000,0.000000,1.980791,
5371,80,-4.130885,17.620940,-0.079136,1.330866,214.800000,1.333217,93.402905,0.000000,0.000000,0.000000,2.018477,
5381,80,-4.161892,18.160120,-0.077517,1.347957,215.200000,1.350184,93.291287,0.004047,0.042728,0.042919,2.022824,
5391,80,-4.191388,18.715260,-0.073740,1.387837,215.600000,1.389795,93.041444,0.009442,0.099700,0.100146,1.203286,
5401,80,-4.220884,19.270390,-0.073740,1.387837,216.000000,1.389795,93.041444,0.000000,0.000000,0.000000,0.828794,
5411,80,-4.250380,19.825530,-0.073740,1.387837,216.400000,1.389795,93.041444,0.000000,0.000000,0.000000,0.981749,
5421,80,-4.279876,20.380660,-0.073740,1.387837,216.800000,1.389795,93.041444,0.000000,0.000000,0.000000,1.014854,
5101,81,0.421793,20.527750,-0.162228,-0.853109,204.000000,0.868397,259.233122,,,,0.911105,6.732745
5111,81,0.356902,20.186500,-0.162228,-0.853109,204.400000,0.868397,259.233122,0.000000,0.000000,0.000000,0.854493,6.332744
5121,81,0.292011,19.845260,-0.162228,-0.853109,204.800000,0.868397,259.233122,0.000000,0.000000,0.000000,0.810655,5.932746
5131,81,0.222484,19.558560,-0.173816,-0.716745,205.200000,0.737520,256.368508,-0.028970,0.340910,0.342138,0.748049,1.266426
5141,81,0.148323,19.326410,-0.185404,-0.580381,205.600000,0.609276,252.283844,-0.028969,0.340909,0.342138,0.798448,
5151,81,0.074161,19.094250,-0.185404,-0.580381,206.000000,0.609276,252.283844,0.000000,0.000000,0.000000,0.851375,
5161,81,-0.000000,18.862100,-0.185404,-0.580381,206.400000,0.609276,252.283844,0.000000,0.000000,0.000000,0.906380,
5171,81,-0.160320,18.549490,-0.400799,-0.781537,206.800000,0.878317,242.849695,-0.538489,-0.502890,0.736796,0.889540,4.413369
5181,81,-0.320639,18.236870,-0.400799,-0.781537,207.200000,0.878317,242.849695,0.000000,0.000000,0.000000,0.856782,4.013367
5191,81,-0.480959,17.924260,-0.400799,-0.781537,207.600000,0.878317,242.849695,0.000000,0.000000,0.000000,0.837275,3.613367
5201,81,-0.600349,17.612380,-0.298475,-0.779686,208.000000,0.834864,249.052415,0.255810,0.004629,0.255852,0.872891,5.053303
5211,81,-0.692453,17.301000,-0.230259,-0.778451,208.400000,0.811792,253.522224,0.170540,0.003086,0.170568,0.988105,5.054587
5221,81,-0.784557,16.989620,-0.230259,-0.778451,208.800000,0.811792,253.522224,0.000000,0.000000,0.000000,1.114405,4.654616
5231,81,-0.912804,16.682420,-0.320619,-0.767996,209.200000,0.832235,247.340718,-0.225899,0.026137,0.227406,1.141399,
5241,81,-1.077195,16.379410,-0.410978,-0.757542,209.600000,0.861842,241.519475,-0.225898,0.026137,0.227406,1.114661,
5251,81,-1.241587,16.076390,-0.410978,-0.757542,210.000000,0.861842,241.519475,0.000000,0.000000,0.000000,1.117191,6.034858
5261,81,-1.438590,15.778390,-0.492508,-0.745012,210.400000,0.893088,236.532323,-0.203825,0.031325,0.206218,1.121144,2.579036
5271,81,-1.668205,15.485390,-0.574038,-0.732482,210.800000,0.930618,231.914572,-0.203825,0.031324,0.206218,0.996623,1.280542
5281,81,-1.897821,15.192400,-0.574038,-0.732482,211.200000,0.930618,231.914572,0.000000,0.000000,0.000000,0.843494,0.643578
5291,81,-1.902340,14.886800,-0.011297,-0.763991,211.600000,0.764074,269.152850,1.406854,-0.078772,1.409057,0.916538,
5301,81,-1.881848,14.579810,0.051230,-0.767492,212.000000,0.769200,273.818820,0.156317,-0.008752,0.156562,0.996857,3.878804
5311,81,-1.861356,14.272810,0.051230,-0.767492,212.400000,0.769200,273.818820,0.000000,0.000000,0.000000,1.006394,3.478775
5321,81,-1.851110,13.963100,0.025615,-0.774274,212.800000,0.774698,271.894801,-0.064037,-0.016955,0.066244,1.008824,3.277671
5331,81,-1.933077,13.628980,-0.204920,-0.835313,213.200000,0.860081,256.216345,-0.576337,-0.152598,0.596197,0.919238,1.604162
5341,81,-2.015045,13.294850,-0.204920,-0.835313,213.600000,0.860081,256.216345,0.000000,0.000000,0.000000,0.857784,2.621236
5351,81,-2.097013,12.960720,-0.204920,-0.835313,214.000000,0.860081,256.216345,0.000000,0.000000,0.000000,0.817327,2.296470
5361,81,-2.146794,12.620950,-0.124451,-0.849438,214.400000,0.858506,261.664885,0.201171,-0.035312,0.204247,0.809187,2.062082
5371,81,-2.121470,12.267990,0.063309,-0.882395,214.800000,0.884664,274.103726,0.469400,-0.082394,0.476576,0.866922,
5381,81,-2.096147,11.915030,0.063309,-0.882395,215.200000,0.884664,274.103726,0.000000,0.000000,0.000000,0.862493,
5391,81,-2.070824,11.562070,0.063309,-0.882395,215.600000,0.884664,274.103726,0.000000,0.000000,0.000000,0.796005,1.189208
5401,81,-2.042259,11.207270,0.071412,-0.887020,216.000000,0.889890,274.602831,0.020259,-0.011562,0.023326,0.732138,0.837460
5411,81,-2.000728,10.845060,0.103826,-0.905520,216.400000,0.911453,276.540916,0.081035,-0.046250,0.093304,0.678659,0.610734
5421,81,-1.959198,10.482850,0.103826,-0.905520,216.800000,0.911453,276.540916,0.000000,0.000000,0.000000,0.695620,
5431,81,-1.917668,10.120640,0.103826,-0.905520,217.200000,0.911453,276.540916,0.000000,0.000000,0.000000,0.746275,
5441,81,-1.876137,9.758434,0.103826,-0.905520,217.600000,0.911453,276.540916,0.000000,0.000000,0.000000,0.800725,
5451,81,-1.846806,9.373180,0.073327,-0.963135,218.000000,0.965922,274.353750,-0.076247,-0.144036,0.162972,0.884506,
5461,81,-1.866274,8.895744,-0.048668,-1.193592,218.400000,1.194584,267.665070,-0.304989,-0.576143,0.651889,0.930392,
5471,81,-1.885741,8.418307,-0.048668,-1.193592,218.800000,1.194584,267.665070,0.000000,0.000000,0.000000,0.978951,
5481,81,-1.905208,7.940870,-0.048668,-1.193592,219.200000,1.194584,267.665070,0.000000,0.000000,0.000000,1.029805,
5491,81,-1.945952,7.471201,-0.101860,-1.174172,219.600000,1.178582,265.041990,-0.132978,0.048550,0.141564,1.056156,
5501,81,-2.071802,7.032603,-0.314624,-1.096494,220.000000,1.140740,253.989870,-0.531912,0.194195,0.566252,1.010768,3.633867
5511,81,-2.197652,6.594006,-0.314624,-1.096494,220.400000,1.140740,253.989870,0.000000,0.000000,0.000000,0.965402,3.233873
5521,81,-2.323502,6.155408,-0.314624,-1.096494,220.800000,1.140740,253.989870,0.000000,0.000000,0.000000,0.920060,2.833867
5531,81,-2.480701,5.734057,-0.393000,-1.053378,221.200000,1.124302,249.540206,-0.195938,0.107790,0.223630,0.851546,1.573421
5541,81,-2.641385,5.314622,-0.401708,-1.048587,221.600000,1.122900,249.038434,-0.021771,0.011977,0.024848,2.899613,
5101,82,-0.467217,20.727180,0.043261,-0.648104,204.000000,0.649547,273.818819,,,,0.911105,
5111,82,-0.449913,20.467940,0.043261,-0.648104,204.400000,0.649547,273.818819,0.000000,0.000000,0.000000,0.854493,
5121,82,-0.432609,20.208700,0.043261,-0.648104,204.800000,0.649547,273.818819,0.000000,0.000000,0.000000,0.810655,
5131,82,-0.415304,19.949460,0.043261,-0.648104,205.200000,0.649547,273.818819,0.000000,0.000000,0.000000,0.748049,1.266426
5141,82,-0.556211,19.702110,-0.352267,-0.618372,205.600000,0.711672,240.331213,-0.988820,0.074330,0.991609,0.798448,8.801205
5151,82,-0.697118,19.454760,-0.352267,-0.618372,206.000000,0.711672,240.331213,0.000000,0.000000,0.000000,0.851375,
5161,82,-0.838025,19.207410,-0.352267,-0.618372,206.400000,0.711672,240.331213,0.000000,0.000000,0.000000,0.906380,
5171,82,-0.989154,18.872470,-0.377823,-0.837349,206.800000,0.918642,245.714483,-0.063889,-0.547441,0.551157,0.889540,4.441150
5181,82,-1.150505,18.449940,-0.403378,-1.056325,207.200000,1.130724,249.099668,-0.063889,-0.547441,0.551156,0.856782,3.592949
5191,82,-1.311856,18.027410,-0.403378,-1.056325,207.600000,1.130724,249.099668,0.000000,0.000000,0.000000,0.837275,3.192948
5201,82,-1.473208,17.604880,-0.403378,-1.056325,208.000000,1.130724,249.099668,0.000000,0.000000,0.000000,0.872891,2.815049
5211,82,-1.680343,17.280390,-0.517838,-0.811230,208.400000,0.962419,237.448402,-0.286149,0.612738,0.676261,0.988105,
5221,82,-1.898924,16.980410,-0.546453,-0.749956,208.800000,0.927925,233.921173,-0.071537,0.153184,0.169065,1.114405,1.881661
5231,82,-2.117505,16.680420,-0.546453,-0.749956,209.200000,0.927925,233.921173,0.000000,0.000000,0.000000,1.204702,1.481659
5241,82,-2.336087,16.380440,-0.546453,-0.749956,209.600000,0.927925,233.921173,0.000000,0.000000,0.000000,1.258892,1.081662
5251,82,-2.447329,16.104940,-0.278106,-0.688747,210.000000,0.742775,248.011886,0.670869,0.153024,0.688100,1.206080,3.033068
5261,82,-2.558571,15.829440,-0.278106,-0.688747,210.400000,0.742775,248.011886,0.000000,0.000000,0.000000,1.121144,0.527024
5271,82,-2.663139,15.543390,-0.261419,-0.715123,210.800000,0.761407,249.919686,0.041716,-0.065940,0.078028,0.705666,0.145872
5281,82,-2.741008,15.215140,-0.194674,-0.820628,211.200000,0.843403,256.654666,0.166863,-0.263763,0.312112,0.748346,0.643578
5291,82,-2.818878,14.886890,-0.194674,-0.820628,211.600000,0.843403,256.654666,0.000000,0.000000,0.000000,0.916538,1.256678
5301,82,-2.878289,14.551000,-0.148529,-0.839743,212.000000,0.852777,259.969586,0.115362,-0.047788,0.124868,0.996857,0.872009
5311,82,-2.863869,14.184510,0.036051,-0.916204,212.400000,0.916913,272.253308,0.461449,-0.191152,0.499474,1.006394,3.059981
5321,82,-2.849449,13.818030,0.036051,-0.916204,212.800000,0.916913,272.253308,0.000000,0.000000,0.000000,0.688894,0.088472
5331,82,-2.835029,13.451550,0.036051,-0.916204,213.200000,0.916913,272.253308,0.000000,0.000000,0.000000,0.687647,1.604162
5341,82,-2.844454,13.076050,-0.023565,-0.938755,213.600000,0.939050,268.562049,-0.149039,-0.056377,0.159346,0.857784,2.635016
5351,82,-2.869778,12.694530,-0.063309,-0.953789,214.000000,0.955887,266.202511,-0.099359,-0.037585,0.106230,0.817327,1.853707
5361,82,-2.895101,12.313020,-0.063309,-0.953789,214.400000,0.955887,266.202511,0.000000,0.000000,0.000000,0.809187,1.442382
5371,82,-2.920425,11.931500,-0.063309,-0.953789,214.800000,0.955887,266.202511,0.000000,0.000000,0.000000,0.866922,1.042378
5381,82,-2.892102,11.582840,0.070806,-0.871650,215.200000,0.874521,274.644038,0.335286,0.205346,0.393171,0.862493,1.083523
5391,82,-2.810135,11.267040,0.204920,-0.789512,215.600000,0.815672,284.550208,0.335286,0.205346,0.393171,0.796005,0.809126
5401,82,-2.728167,10.951230,0.204920,-0.789512,216.000000,0.815672,284.550208,0.000000,0.000000,0.000000,0.732138,0.445750
5411,82,-2.646199,10.635430,0.204920,-0.789512,216.400000,0.815672,284.550208,0.000000,0.000000,0.000000,0.636224,0.025313
5421,82,-2.610252,10.237870,0.089866,-0.993907,216.800000,0.997961,275.166453,-0.287635,-0.510988,0.586381,0.358574,
5431,82,-2.594029,9.805264,0.040557,-1.081505,217.200000,1.082265,272.147618,-0.123272,-0.218995,0.251306,0.746275,
5441,82,-2.577807,9.372662,0.040557,-1.081505,217.600000,1.082265,272.147618,0.000000,0.000000,0.000000,0.800725,
5451,82,-2.611787,8.929158,-0.084951,-1.108759,218.000000,1.112009,265.618688,-0.313769,-0.068135,0.321082,0.884506,
5461,82,-2.695970,8.474753,-0.210458,-1.136012,218.400000,1.155342,259.504349,-0.313769,-0.068132,0.321081,0.930392,0.528986
5471,82,-2.780153,8.020348,-0.210458,-1.136012,218.800000,1.155342,259.504349,0.000000,0.000000,0.000000,0.802208,0.126949
5481,82,-2.864337,7.565944,-0.210458,-1.136012,219.200000,1.155342,259.504349,0.000000,0.000000,0.000000,0.595891,
5491,82,-2.946319,7.132481,-0.204956,-1.083657,219.600000,1.102869,259.289944,0.013755,0.130887,0.131608,1.056156,
5501,82,-3.027751,6.704253,-0.203580,-1.070568,220.000000,1.089753,259.233119,0.003439,0.032722,0.032903,1.010768,3.633867
5511,82,-3.109184,6.276026,-0.203580,-1.070568,220.400000,1.089753,259.233119,0.000000,0.000000,0.000000,0.965402,3.233873
5521,82,-3.190616,5.847799,-0.203580,-1.070568,220.800000,1.089753,259.233119,0.000000,0.000000,0.000000,0.920060,2.833867
5531,82,-3.272048,5.419572,-0.203580,-1.070568,221.200000,1.089753,259.233119,0.000000,0.000000,0.000000,0.851546,1.573421
5131,83,0.207652,5.395652,-0.757065,0.852678,205.200000,1.140266,131.600832,,,,3.344015,5.452114
5141,83,-0.095174,5.736723,-0.757065,0.852678,205.600000,1.140266,131.600832,0.000000,0.000000,0.000000,3.156737,5.052110
5151,83,-0.398000,6.077794,-0.757065,0.852678,206.000000,1.140266,131.600832,0.000000,0.000000,0.000000,0.793633,0.544585
5161,83,-0.700826,6.418866,-0.757065,0.852678,206.400000,1.140266,131.600832,0.000000,0.000000,0.000000,0.651409,0.144587
5171,83,-0.815340,6.821832,-0.286285,1.007416,206.800000,1.047304,105.863964,1.176950,0.386845,1.238895,0.671880,5.081600
5181,83,-0.929854,7.224799,-0.286285,1.007416,207.200000,1.047304,105.863964,0.000000,0.000000,0.000000,0.681291,4.681597
5191,83,-1.044368,7.627765,-0.286285,1.007416,207.600000,1.047304,105.863964,0.000000,0.000000,0.000000,0.617291,0.108765
5201,83,-1.192734,8.073129,-0.370914,1.113410,208.000000,1.173567,108.424626,-0.211572,0.264985,0.339087,0.562555,3.786707
5211,83,-1.363667,8.546758,-0.427333,1.184072,208.400000,1.258825,109.844570,-0.141048,0.176655,0.226056,0.561380,
5221,83,-1.534600,9.020387,-0.427333,1.184072,208.800000,1.258825,109.844570,0.000000,0.000000,0.000000,0.611057,
5231,83,-1.705533,9.494016,-0.427333,1.184072,209.200000,1.258825,109.844570,0.000000,0.000000,0.000000,0.662327,
5241,83,-1.882198,9.934842,-0.441663,1.102066,209.600000,1.187272,111.838890,-0.035825,-0.205015,0.208122,0.686033,
5251,83,-2.064595,10.342870,-0.455993,1.020059,210.000000,1.117341,114.085885,-0.035825,-0.205017,0.208124,0.681624,3.033068
5261,83,-2.246993,10.750890,-0.455993,1.020059,210.400000,1.117341,114.085885,0.000000,0.000000,0.000000,0.678524,2.633070
5271,83,-2.429390,11.158910,-0.455993,1.020059,210.800000,1.117341,114.085885,0.000000,0.000000,0.000000,0.680100,2.199650
5281,83,-2.620125,11.585590,-0.476838,1.066690,211.200000,1.168419,114.085891,-0.052114,0.116578,0.127695,0.701381,1.664438
5291,83,-2.812945,12.016930,-0.482050,1.078348,211.600000,1.181188,114.085885,-0.013028,0.029145,0.031924,0.724055,1.256678
5301,83,-3.005765,12.448270,-0.482050,1.078348,212.000000,1.181188,114.085885,0.000000,0.000000,0.000000,0.746735,0.872009
5311,83,-3.181836,12.880260,-0.440179,1.079986,212.400000,1.166245,112.174763,0.104676,0.004095,0.104756,0.688914,0.619868
5321,83,-3.318829,13.313790,-0.342482,1.083808,212.800000,1.136633,107.536463,0.244244,0.009555,0.244431,0.661969,0.088472
5331,83,-3.455822,13.747310,-0.342482,1.083808,213.200000,1.136633,107.536463,0.000000,0.000000,0.000000,0.635160,0.528364
5341,83,-3.592815,14.180830,-0.342482,1.083808,213.600000,1.136633,107.536463,0.000000,0.000000,0.000000,0.569282,
5351,83,-3.633912,14.661850,-0.102745,1.202548,214.000000,1.206929,94.883434,0.599343,0.296850,0.668829,0.562099,
5361,83,-3.633912,15.163230,0.000000,1.253436,214.400000,1.253436,90.000000,0.256861,0.127220,0.286640,0.618750,
5371,83,-3.633912,15.664600,-0.000000,1.253436,214.800000,1.253436,90.000000,-0.000000,0.000000,0.000000,0.675804,
5381,83,-3.625539,16.152710,0.020933,1.220276,215.200000,1.220456,89.017242,0.052332,-0.082900,0.098036,0.626283,0.249425
5391,83,-3.583674,16.587760,0.104663,1.087633,215.600000,1.092657,84.503327,0.209327,-0.331607,0.392150,0.627099,1.132793
5401,83,-3.541809,17.022820,0.104663,1.087633,216.000000,1.092657,84.503327,0.000000,0.000000,0.000000,0.656501,0.732788
5411,83,-3.505128,17.457650,0.091701,1.087086,216.400000,1.090947,85.178226,-0.032405,-0.001368,0.032434,0.715287,0.330991
5421,83,-3.515111,17.890520,-0.024958,1.082163,216.800000,1.082451,91.321192,-0.291649,-0.012307,0.291908,0.484038,0.796060
5431,83,-3.525095,18.323380,-0.024958,1.082163,217.200000,1.082451,91.321192,0.000000,0.000000,0.000000,0.597010,0.396063
5441,83,-3.488371,18.769820,0.091810,1.116106,217.600000,1.119876,85.297457,0.291922,0.084857,0.304005,0.556038,
5451,83,-3.404939,19.229840,0.208579,1.150048,218.000000,1.168810,79.720254,0.291922,0.084855,0.304004,0.714236,
5461,83,-3.321507,19.689860,0.208579,1.150048,218.400000,1.168810,79.720254,0.000000,0.000000,0.000000,1.140373,
5471,83,-3.253726,20.150810,0.169454,1.152379,218.800000,1.164771,81.634795,-0.097814,0.005828,0.097988,1.128210,
5481,83,-3.192652,20.612170,0.152685,1.153379,219.200000,1.163441,82.458978,-0.041920,0.002500,0.041995,3.067601,
5151,84,-0.804652,5.396261,-0.576812,1.159172,206.000000,1.294755,116.455235,,,,0.793633,0.544585
5161,84,-1.035377,5.859930,-0.576812,1.159172,206.400000,1.294755,116.455235,0.000000,0.000000,0.000000,0.651409,0.144587
5171,84,-1.266101,6.323598,-0.576812,1.159172,206.800000,1.294755,116.455235,0.000000,0.000000,0.000000,0.671880,
5181,84,-1.443719,6.777473,-0.444045,1.134686,207.200000,1.218478,111.372279,0.331915,-0.061215,0.337513,0.681291,5.178720
5191,84,-1.497423,7.208493,-0.134258,1.077551,207.600000,1.085883,97.102185,0.774469,-0.142837,0.787531,0.617291,0.108765
5201,84,-1.551126,7.639513,-0.134258,1.077551,208.000000,1.085883,97.102185,0.000000,0.000000,0.000000,0.562555,3.956617
5211,84,-1.673777,8.078806,-0.306628,1.098231,208.400000,1.140233,105.599806,-0.430924,0.051700,0.434015,0.561380,
5221,84,-1.899850,8.530506,-0.565182,1.129250,208.800000,1.262789,116.587664,-0.646386,0.077547,0.651022,0.611057,4.180040
5231,84,-2.125923,8.982206,-0.565182,1.129250,209.200000,1.262789,116.587664,0.000000,0.000000,0.000000,0.662327,3.780036
5241,84,-2.344460,9.427934,-0.546343,1.114321,209.600000,1.241049,116.118349,0.047098,-0.037322,0.060094,0.686033,3.407519
5251,84,-2.545413,9.859729,-0.502384,1.079487,210.000000,1.190665,114.956874,0.109896,-0.087085,0.140218,0.681624,6.364831
5261,84,-2.746367,10.291520,-0.502384,1.079487,210.400000,1.190665,114.956874,0.000000,0.000000,0.000000,0.678524,5.964823
5271,84,-2.949309,10.720480,-0.507356,1.072398,210.800000,1.186359,115.319015,-0.012429,-0.017723,0.021646,0.680100,5.838097
5281,84,-3.160206,11.138100,-0.527242,1.044041,211.200000,1.169618,116.793824,-0.049715,-0.070893,0.086587,0.701381,
5291,84,-3.371103,11.555720,-0.527242,1.044041,211.600000,1.169618,116.793824,0.000000,0.000000,0.000000,0.724055,
5301,84,-3.581999,11.973330,-0.527242,1.044041,212.000000,1.169618,116.793824,0.000000,0.000000,0.000000,0.746735,
5311,84,-3.704572,12.431540,-0.306431,1.145508,212.400000,1.185786,104.976344,0.552027,0.253667,0.607520,0.688914,0.619868
5321,84,-3.827144,12.889740,-0.306431,1.145508,212.800000,1.185786,104.976344,0.000000,0.000000,0.000000,0.661969,0.928360
5331,84,-3.949717,13.347940,-0.306431,1.145508,213.200000,1.185786,104.976344,0.000000,0.000000,0.000000,0.635160,0.528364
5341,84,-4.057869,13.852490,-0.270380,1.261369,213.600000,1.290022,102.098537,0.090127,0.289652,0.303350,0.569282,
5351,84,-4.144391,14.426550,-0.216304,1.435160,214.000000,1.451369,98.570989,0.135190,0.434477,0.455024,0.562099,
5361,84,-4.230912,15.000620,-0.216304,1.435160,214.400000,1.451369,98.570989,0.000000,0.000000,0.000000,0.618750,
5371,84,-4.303591,15.573820,-0.181696,1.433010,214.800000,1.444483,97.226143,0.086522,-0.005375,0.086689,0.675804,
5381,84,-4.251678,16.139290,0.129783,1.413658,215.200000,1.419603,84.754595,0.778696,-0.048380,0.780197,0.626283,0.249425
5391,84,-4.199764,16.704750,0.129783,1.413658,215.600000,1.419603,84.754595,0.000000,0.000000,0.000000,0.627099,
5401,84,-4.157369,17.251030,0.105989,1.365715,216.000000,1.369822,85.562339,-0.059484,-0.119857,0.133806,0.656501,
5411,84,-4.200630,17.624720,-0.108152,0.934223,216.400000,0.940463,96.603562,-0.535353,-1.078729,1.204267,0.715287,
5421,84,-4.243891,17.998410,-0.108152,0.934223,216.800000,0.940463,96.603562,0.000000,0.000000,0.000000,0.736723,
5431,84,-4.292982,18.371040,-0.122729,0.931567,217.200000,0.939617,97.505200,-0.036443,-0.006640,0.037042,0.769365,
5441,84,-4.394551,18.734110,-0.253922,0.907663,217.600000,0.942512,105.629170,-0.327983,-0.059760,0.333383,0.906883,
5451,84,-4.496120,19.097170,-0.253922,0.907663,218.000000,0.942512,105.629170,0.000000,0.000000,0.000000,1.099217,
5461,84,-4.454907,19.563940,0.103032,1.166931,218.400000,1.171471,84.954265,0.892386,0.648169,1.102939,1.140373,
5471,84,-4.377999,20.056640,0.192271,1.231747,218.800000,1.246663,81.127967,0.223096,0.162040,0.275734,1.128210,
5121,85,-3.950026,5.419816,-0.023175,0.888807,204.800000,0.889109,91.493637,,,,1.851624,
5131,85,-3.959296,5.775339,-0.023175,0.888807,205.200000,0.889109,91.493637,0.000000,0.000000,0.000000,2.006937,5.452114
5141,85,-3.968566,6.130861,-0.023175,0.888807,205.600000,0.889109,91.493637,0.000000,0.000000,0.000000,2.152317,5.052110
5151,85,-3.965757,6.265751,0.007024,0.337224,206.000000,0.337298,88.806776,0.075499,-1.378956,1.381022,2.464123,
5161,85,-3.957770,6.306084,0.019967,0.100832,206.400000,0.102790,78.799280,0.032357,-0.590981,0.591867,2.853256,
5171,85,-3.949783,6.346417,0.019967,0.100832,206.800000,0.102790,78.799280,0.000000,0.000000,0.000000,2.683779,
5181,85,-3.941797,6.386749,0.019967,0.100832,207.200000,0.102790,78.799280,0.000000,0.000000,0.000000,2.528450,
5191,85,-3.933810,6.427082,0.019967,0.100832,207.600000,0.102790,78.799280,0.000000,0.000000,0.000000,2.558629,
5201,85,-3.925823,6.467415,0.019967,0.100832,208.000000,0.102790,78.799280,0.000000,0.000000,0.000000,2.648207,
5211,85,-3.915441,6.509848,0.025957,0.106084,208.400000,0.109213,76.251067,0.014975,0.013131,0.019916,2.736181,
5221,85,-3.895474,6.560686,0.049916,0.127093,208.800000,0.136544,68.557346,0.059900,0.052522,0.079665,2.804052,
5231,85,-3.875508,6.611523,0.049916,0.127093,209.200000,0.136544,68.557346,0.000000,0.000000,0.000000,2.946385,
5241,85,-3.855541,6.662360,0.049916,0.127093,209.600000,0.136544,68.557346,0.000000,0.000000,0.000000,3.151470,
5251,85,-3.835575,6.713197,0.049916,0.127093,210.000000,0.136544,68.557346,0.000000,0.000000,0.000000,3.400762,
5261,85,-3.815608,6.764034,0.049916,0.127093,210.400000,0.136544,68.557346,0.000000,0.000000,0.000000,3.685978,
5271,85,-3.795641,6.814872,0.049916,0.127093,210.800000,0.136544,68.557346,0.000000,0.000000,0.000000,3.996255,
5281,85,-3.765098,7.097572,0.076359,0.706750,211.200000,0.710863,83.833579,0.066105,1.449143,1.450650,4.085555,4.985394
5291,85,-3.730022,7.479641,0.087691,0.955175,211.600000,0.959191,84.754597,0.028331,0.621061,0.621707,2.027502,3.579732
5301,85,-3.694945,7.861711,0.087691,0.955175,212.000000,0.959191,84.754597,0.000000,0.000000,0.000000,1.861441,3.179730
5311,85,-3.659869,8.243781,0.087691,0.955175,212.400000,0.959191,84.754597,0.000000,0.000000,0.000000,1.695935,2.779731
5321,85,-3.723006,8.814929,-0.157844,1.427869,212.800000,1.436567,96.308146,-0.613837,1.181736,1.331651,1.783852,
5331,85,-3.786144,9.386076,-0.157844,1.427869,213.200000,1.436567,96.308146,0.000000,0.000000,0.000000,1.890389,
5341,85,-3.849281,9.957224,-0.157844,1.427869,213.600000,1.436567,96.308146,0.000000,0.000000,0.000000,1.997249,
5351,85,-3.879133,10.511560,-0.074630,1.385848,214.000000,1.387856,93.082470,0.208035,-0.105052,0.233055,2.062326,
5361,85,-3.831319,11.026680,0.119537,1.287801,214.400000,1.293337,84.696872,0.485415,-0.245117,0.543793,1.590967,
5371,85,-3.783504,11.541800,0.119537,1.287801,214.800000,1.293337,84.696872,0.000000,0.000000,0.000000,0.946980,
5381,85,-3.735689,12.056920,0.119537,1.287801,215.200000,1.293337,84.696872,0.000000,0.000000,0.000000,0.967673,3.296273
5391,85,-3.715490,12.582550,0.050498,1.314072,215.600000,1.315042,87.799279,-0.172596,0.065677,0.184670,1.596945,2.972783
5401,85,-3.722906,13.118690,-0.018540,1.340343,216.000000,1.340471,90.792497,-0.172596,0.065677,0.184670,2.384825,
5411,85,-3.730322,13.654830,-0.018540,1.340343,216.400000,1.340471,90.792497,0.000000,0.000000,0.000000,2.536419,
5421,85,-3.737738,14.190960,-0.018540,1.340343,216.800000,1.340471,90.792497,0.000000,0.000000,0.000000,2.643770,
5431,85,-3.745155,14.727100,-0.018540,1.340343,217.200000,1.340471,90.792497,0.000000,0.000000,0.000000,2.753083,
5441,85,-3.752571,15.263240,-0.018540,1.340343,217.600000,1.340471,90.792497,0.000000,0.000000,0.000000,2.194080,
5451,85,-3.759987,15.799380,-0.018540,1.340343,218.000000,1.340471,90.792497,0.000000,0.000000,0.000000,1.312108,
5461,85,-3.767403,16.335510,-0.018540,1.340343,218.400000,1.340471,90.792497,0.000000,0.000000,0.000000,0.845545,
5471,85,-3.774819,16.871650,-0.018540,1.340343,218.800000,1.340471,90.792497,0.000000,0.000000,0.000000,1.282293,
5481,85,-3.782235,17.407790,-0.018540,1.340343,219.200000,1.340471,90.792497,0.000000,0.000000,0.000000,1.227218,
5491,85,-3.789652,17.943920,-0.018540,1.340343,219.600000,1.340471,90.792497,0.000000,0.000000,0.000000,1.587765,
5501,85,-3.774383,18.467060,0.038171,1.307843,220.000000,1.308400,88.328212,0.141779,-0.081250,0.163410,2.293936,
5511,85,-3.759114,18.990200,0.038171,1.307843,220.400000,1.308400,88.328212,0.000000,0.000000,0.000000,3.142098,
5521,85,-3.743846,19.513340,0.038171,1.307843,220.800000,1.308400,88.328212,0.000000,0.000000,0.000000,3.418033,
5531,85,-3.728577,20.036470,0.038171,1.307843,221.200000,1.308400,88.328212,0.000000,0.000000,0.000000,3.436920,
5541,85,-3.713309,20.559610,0.038171,1.307843,221.600000,1.308400,88.328212,0.000000,0.000000,0.000000,3.455829,
5291,86,-3.183381,5.527220,0.046351,1.375320,211.600000,1.376101,88.069753,,,,2.027502,3.579732
5301,86,-3.164841,6.077348,0.046351,1.375320,212.000000,1.376101,88.069753,0.000000,0.000000,0.000000,1.861441,3.179730
5311,86,-3.146301,6.627476,0.046351,1.375320,212.400000,1.376101,88.069753,0.000000,0.000000,0.000000,1.695935,2.779731
5321,86,-3.179673,7.115836,-0.083432,1.220901,212.800000,1.223748,93.909295,-0.324456,-0.386047,0.504286,1.561956,
5331,86,-3.235294,7.577725,-0.139053,1.154721,213.200000,1.163063,96.866558,-0.139053,-0.165450,0.216124,1.514180,
5341,86,-3.290916,8.039613,-0.139053,1.154721,213.600000,1.163063,96.866558,0.000000,0.000000,0.000000,1.469745,
5351,86,-3.338952,8.521235,-0.120091,1.204055,214.000000,1.210029,95.695775,0.047404,0.123335,0.132131,1.447648,1.853707
5361,86,-3.386146,9.005050,-0.117984,1.209536,214.400000,1.215277,95.571292,0.005267,0.013702,0.014680,1.430579,1.442382
5371,86,-3.433339,9.488864,-0.117984,1.209536,214.800000,1.215277,95.571292,0.000000,0.000000,0.000000,1.414045,1.042378
5381,86,-3.518962,9.916334,-0.214057,1.068673,215.200000,1.089900,101.326552,-0.240182,-0.352158,0.426266,1.365005,
5391,86,-3.630204,10.306240,-0.278106,0.974764,215.600000,1.013661,105.923732,-0.160121,-0.234771,0.284177,1.263190,7.689950
5401,86,-3.741447,10.696150,-0.278106,0.974764,216.000000,1.013661,105.923732,0.000000,0.000000,0.000000,1.044893,7.714068
5411,86,-3.709050,11.118500,0.080992,1.055889,216.400000,1.058991,85.613707,0.897744,0.202811,0.920368,1.167480,3.551238
5421,86,-3.640743,11.548970,0.170767,1.076170,216.800000,1.089634,80.983484,0.224436,0.050702,0.230092,1.200655,2.791617
5431,86,-3.572436,11.979440,0.170767,1.076170,217.200000,1.089634,80.983484,0.000000,0.000000,0.000000,1.159354,2.391616
5441,86,-3.504130,12.409900,0.170767,1.076170,217.600000,1.089634,80.983484,0.000000,0.000000,0.000000,1.129450,1.991623
5451,86,-3.548627,12.828930,-0.111242,1.047573,218.000000,1.053463,96.061546,-0.705022,-0.071492,0.708638,1.160025,
5461,86,-3.593124,13.247960,-0.111242,1.047573,218.400000,1.053463,96.061546,0.000000,0.000000,0.000000,1.202384,
5471,86,-3.637620,13.666990,-0.111242,1.047573,218.800000,1.053463,96.061546,0.000000,0.000000,0.000000,1.255333,
5481,86,-3.673899,14.121830,-0.090697,1.137105,219.200000,1.140716,94.560357,0.051362,0.223830,0.229647,1.307375,
5491,86,-3.701961,14.612490,-0.070153,1.226637,219.600000,1.228641,93.273244,0.051362,0.223830,0.229647,1.280462,
5501,86,-3.730022,15.103140,-0.070153,1.226637,220.000000,1.228641,93.273244,0.000000,0.000000,0.000000,1.267482,
5511,86,-3.758083,15.593800,-0.070153,1.226637,220.400000,1.228641,93.273244,0.000000,0.000000,0.000000,1.527009,
5521,86,-3.753312,16.095320,0.011926,1.253814,220.800000,1.253871,89.455033,0.205197,0.067942,0.216153,1.551351,
5531,86,-3.740334,16.599570,0.032446,1.260608,221.200000,1.261025,88.525641,0.051299,0.016985,0.054038,1.537703,
5541,86,-3.727356,17.103810,0.032446,1.260608,221.600000,1.261025,88.525641,0.000000,0.000000,0.000000,1.524361,
5551,86,-3.714378,17.608050,0.032446,1.260608,222.000000,1.261025,88.525641,0.000000,0.000000,0.000000,1.511346,
5561,86,-3.700246,18.113790,0.035330,1.264341,222.400000,1.264835,88.399391,0.007210,0.009332,0.011793,1.502236,
5571,86,-3.685825,18.619900,0.036051,1.265274,222.800000,1.265787,88.367946,0.001803,0.002333,0.002948,1.498512,
5581,86,-3.671405,19.126010,0.036051,1.265274,223.200000,1.265787,88.367946,0.000000,0.000000,0.000000,1.499124,
5591,86,-3.656985,19.632120,0.036051,1.265274,223.600000,1.265787,88.367946,0.000000,0.000000,0.000000,1.504067,
5601,86,-3.642565,20.138230,0.036051,1.265274,224.000000,1.265787,88.367946,0.000000,0.000000,0.000000,1.541105,
5321,87,-3.032726,5.560808,0.020933,1.293755,212.800000,1.293924,89.073047,,,,0.644146,3.486753
5331,87,-3.024353,6.078310,0.020933,1.293755,213.200000,1.293924,89.073047,0.000000,0.000000,0.000000,0.683686,3.086754
5341,87,-3.015980,6.595812,0.020933,1.293755,213.600000,1.293924,89.073048,-0.000000,0.000000,0.000000,0.728875,2.635016
5351,87,-3.020690,7.109005,-0.011775,1.282984,214.000000,1.283038,90.525819,-0.081768,-0.026927,0.086088,0.746284,2.229376
5361,87,-3.045024,7.615736,-0.060836,1.266827,214.400000,1.268287,92.749347,-0.122652,-0.040392,0.129132,0.716826,1.743534
5371,87,-3.069358,8.122467,-0.060836,1.266827,214.800000,1.268287,92.749347,0.000000,0.000000,0.000000,0.688224,1.343528
5381,87,-3.111538,8.613551,-0.105448,1.227709,215.200000,1.232229,94.909109,-0.111532,-0.097795,0.148335,0.682051,1.217002
5391,87,-3.225097,9.042045,-0.283899,1.071236,215.600000,1.108217,104.843320,-0.446127,-0.391182,0.593341,0.650693,0.647015
5401,87,-3.338657,9.470539,-0.283899,1.071236,216.000000,1.108217,104.843320,0.000000,0.000000,0.000000,0.591443,7.714068
5411,87,-3.452217,9.899033,-0.283899,1.071236,216.400000,1.108217,104.843320,0.000000,0.000000,0.000000,0.572474,
5421,87,-3.461167,10.361820,-0.022376,1.156977,216.800000,1.157193,91.107981,0.653808,0.214352,0.688049,0.606031,
5431,87,-3.470118,10.824610,-0.022376,1.156977,217.200000,1.157193,91.107981,0.000000,0.000000,0.000000,0.662802,
5441,87,-3.470539,11.280950,-0.001053,1.140848,217.600000,1.140848,90.052884,0.053308,-0.040322,0.066841,0.726975,
5451,87,-3.394196,11.679230,0.190857,0.995693,218.000000,1.013820,79.149032,0.479774,-0.362888,0.601557,0.715609,2.203144
5461,87,-3.317854,12.077510,0.190857,0.995693,218.400000,1.013820,79.149032,0.000000,0.000000,0.000000,0.664312,0.501985
5471,87,-3.241511,12.475790,0.190857,0.995693,218.800000,1.013820,79.149032,0.000000,0.000000,0.000000,0.613059,0.101983
5481,87,-3.271787,12.877830,-0.075691,1.005114,219.200000,1.007960,94.306580,-0.666369,0.023553,0.666785,0.655393,
5491,87,-3.347758,13.281490,-0.189926,1.009152,219.600000,1.026869,100.658576,-0.285587,0.010095,0.285765,0.656104,
5501,87,-3.423728,13.685150,-0.189926,1.009152,220.000000,1.026869,100.658576,0.000000,0.000000,0.000000,0.660500,
5511,87,-3.499698,14.088810,-0.189926,1.009152,220.400000,1.026869,100.658576,0.000000,0.000000,0.000000,0.659250,
5521,87,-3.510619,14.563070,-0.027302,1.185630,220.800000,1.185944,91.319132,0.406560,0.441195,0.599953,0.586800,
5531,87,-3.478173,15.084380,0.081114,1.303283,221.200000,1.305805,86.438602,0.271040,0.294133,0.399971,0.643406,
5541,87,-3.445728,15.605690,0.081114,1.303283,221.600000,1.305805,86.438602,0.000000,0.000000,0.000000,0.723548,
5551,87,-3.413282,16.127000,0.081114,1.303283,222.000000,1.305805,86.438602,0.000000,0.000000,0.000000,0.806785,
5561,87,-3.345585,16.654020,0.169243,1.317541,222.400000,1.328367,82.680208,0.220323,0.035645,0.223188,0.832288,
5571,87,-3.254386,17.184840,0.227996,1.327047,222.800000,1.346490,80.251341,0.146882,0.023765,0.148792,0.829001,
5581,87,-3.163187,17.715660,0.227996,1.327047,223.200000,1.346490,80.251341,0.000000,0.000000,0.000000,0.825790,
5591,87,-3.071989,18.246480,0.227996,1.327047,223.600000,1.346490,80.251341,0.000000,0.000000,0.000000,0.868734,
5601,87,-2.934940,18.769190,0.342621,1.306791,224.000000,1.350960,75.308582,0.286561,-0.050640,0.291002,0.876807,
5611,87,-2.792798,19.291010,0.355357,1.304540,224.400000,1.352074,74.762319,0.031840,-0.005627,0.032334,0.879886,
5621,87,-2.650655,19.812830,0.355357,1.304540,224.800000,1.352074,74.762319,0.000000,0.000000,0.000000,0.829106,1.806710
5631,87,-2.508512,20.334640,0.355357,1.304540,225.200000,1.352074,74.762319,0.000000,0.000000,0.000000,0.755312,0.845409
5321,88,-2.397210,5.665899,0.083731,1.471117,212.800000,1.473498,86.742444,,,,0.644146,3.476302
5331,88,-2.363718,6.254345,0.083731,1.471117,213.200000,1.473498,86.742444,0.000000,0.000000,0.000000,0.683686,3.021238
5341,88,-2.330225,6.842792,0.083731,1.471117,213.600000,1.473498,86.742444,0.000000,0.000000,0.000000,0.728875,2.621236
5351,88,-2.327434,7.385295,0.006978,1.356256,214.000000,1.356274,89.705232,-0.191883,-0.287152,0.345363,0.746284,2.296470
5361,88,-2.370695,7.858881,-0.108152,1.183965,214.400000,1.188894,95.219339,-0.287824,-0.430727,0.518043,0.716826,1.743534
5371,88,-2.413956,8.332467,-0.108152,1.183965,214.800000,1.188894,95.219339,0.000000,0.000000,0.000000,0.688224,1.343528
5381,88,-2.457217,8.806053,-0.108152,1.183965,215.200000,1.188894,95.219339,0.000000,0.000000,0.000000,0.682051,1.083523
5391,88,-2.601642,9.228338,-0.361062,1.055712,215.600000,1.115748,108.881091,-0.632274,-0.320632,0.708926,0.650693,0.647015
5401,88,-2.771357,9.637797,-0.424289,1.023649,216.000000,1.108097,112.513371,-0.158068,-0.080157,0.177231,0.591443,0.445750
5411,88,-2.900641,10.052300,-0.323209,1.036247,216.400000,1.085482,107.322860,0.252701,0.031495,0.254657,0.572474,0.025313
5421,88,-2.868195,10.486950,0.081114,1.086640,216.800000,1.089663,85.730975,1.010807,0.125982,1.018627,0.358574,3.228215
5431,88,-2.816282,10.933260,0.129783,1.115774,217.200000,1.123297,83.365386,0.121671,0.072835,0.141806,0.662802,2.821811
5441,88,-2.751391,11.387340,0.162228,1.135197,217.600000,1.146730,81.867068,0.081114,0.048557,0.094537,0.726975,2.432859
5451,88,-2.694454,11.829090,0.142342,1.104365,218.000000,1.113500,82.655608,-0.049715,-0.077080,0.091722,0.715609,2.030152
5461,88,-2.669335,12.221500,0.062798,0.981039,218.400000,0.983047,86.337395,-0.198860,-0.308314,0.366883,0.664312,0.501985
5471,88,-2.644216,12.613920,0.062798,0.981039,218.800000,0.983047,86.337395,0.000000,0.000000,0.000000,0.613059,0.101983
5481,88,-2.628380,13.002600,0.039590,0.971704,219.200000,0.972510,87.666893,-0.058020,-0.023338,0.062538,0.655393,0.988144
5491,88,-2.696092,13.357670,-0.169282,0.887687,219.600000,0.903684,100.796650,-0.522179,-0.210042,0.562840,0.656104,0.767564
5501,88,-2.763805,13.712750,-0.169282,0.887687,220.000000,0.903684,100.796650,0.000000,0.000000,0.000000,0.660500,0.343274
5511,88,-2.842922,14.145870,-0.197792,1.082802,220.400000,1.100719,100.351917,-0.071276,0.487787,0.492967,0.491154,
5521,88,-2.924890,14.598500,-0.204920,1.131580,220.800000,1.149985,100.264557,-0.017819,0.121945,0.123240,0.586800,
5531,88,-2.835122,15.063020,0.224420,1.161285,221.200000,1.182771,79.062323,1.073351,0.074263,1.075916,0.643406,
5541,88,-2.726272,15.528850,0.272125,1.164585,221.600000,1.195956,76.847862,0.119261,0.008250,0.119546,0.723548,
5551,88,-2.617422,15.994680,0.272125,1.164585,222.000000,1.195956,76.847862,0.000000,0.000000,0.000000,0.806785,
5561,88,-2.526434,16.506730,0.227468,1.280107,222.400000,1.300160,79.924009,-0.111641,0.288805,0.309632,0.832288,
5571,88,-2.439913,17.030320,0.216304,1.308988,222.800000,1.326739,80.616925,-0.027910,0.072202,0.077409,0.829001,
5581,88,-2.353391,17.553920,0.216304,1.308988,223.200000,1.326739,80.616925,0.000000,0.000000,0.000000,0.825790,
5591,88,-2.222213,18.065980,0.327945,1.280155,223.600000,1.321493,75.631191,0.279102,-0.072082,0.288260,0.868734,
5601,88,-2.079871,18.575160,0.355855,1.272946,224.000000,1.321751,74.381521,0.069776,-0.018022,0.072066,0.876807,
5611,88,-1.937528,19.084340,0.355855,1.272946,224.400000,1.321751,74.381521,0.000000,0.000000,0.000000,0.879886,
5621,88,-1.843951,19.621400,0.233944,1.342648,224.800000,1.362877,80.115985,-0.304780,0.174255,0.351078,0.829106,1.806710
5631,88,-1.771273,20.170400,0.181696,1.372521,225.200000,1.384495,82.458979,-0.130620,0.074683,0.150463,0.755312,0.845409
5321,89,0.309315,20.606500,-0.351494,-1.391421,212.800000,1.435131,255.822802,,,,4.289049,5.097409
5331,89,0.168717,20.049930,-0.351494,-1.391421,213.200000,1.435131,255.822802,0.000000,0.000000,0.000000,3.406252,4.697409
5341,89,0.028120,19.493360,-0.351494,-1.391421,213.600000,1.435131,255.822802,0.000000,0.000000,0.000000,2.691400,4.297408
5351,89,-0.151020,18.895120,-0.447848,-1.495603,214.000000,1.561216,253.330027,-0.240884,-0.260455,0.354770,2.180583,3.882481
5361,89,-0.339794,18.286460,-0.471937,-1.521648,214.400000,1.593153,252.768807,-0.060221,-0.065112,0.088692,2.085672,
5371,89,-0.485118,17.685950,-0.363310,-1.501274,214.800000,1.544609,256.395908,0.271567,0.050935,0.276302,2.488929,
5381,89,-0.601475,17.090870,-0.290892,-1.487691,215.200000,1.515864,258.936399,0.181045,0.033958,0.184202,3.166245,
5391,89,-0.717832,16.495800,-0.290892,-1.487691,215.600000,1.515864,258.936399,0.000000,0.000000,0.000000,2.867317,
5401,89,-0.653100,15.905660,0.161831,-1.475334,216.000000,1.484183,276.259818,1.131808,0.030892,1.132230,3.097207,5.915920
5411,89,-0.510757,15.317650,0.355855,-1.470037,216.400000,1.512495,283.607957,0.485061,0.013242,0.485241,3.623612,3.878854
5421,89,-0.368415,14.729630,0.355855,-1.470037,216.800000,1.512495,283.607957,0.000000,0.000000,0.000000,3.412111,3.354670
5431,89,-0.228417,14.159970,0.349994,-1.424161,217.200000,1.466537,283.807088,-0.014653,0.114690,0.115622,3.294317,2.769483
5441,89,-0.089983,13.602540,0.346087,-1.393576,217.600000,1.435907,283.946934,-0.009768,0.076462,0.077084,2.917194,2.458316
5451,89,0.048452,13.045110,0.346087,-1.393576,218.000000,1.435907,283.946934,0.000000,0.000000,0.000000,2.540067,2.058312
5461,89,0.214141,12.528910,0.414223,-1.290503,218.400000,1.355352,287.795476,0.170340,0.257682,0.308895,2.222485,2.078145
5471,89,0.398000,12.040190,0.459647,-1.221788,218.800000,1.305389,290.616713,0.113560,0.171787,0.205929,1.968424,2.341071
5481,89,0.581859,11.549670,0.459647,-1.226301,219.200000,1.309614,290.547190,0.000000,-0.011283,0.011283,1.714472,1.918366
5491,89,0.765717,11.051930,0.459647,-1.244355,219.600000,1.326535,290.273499,0.000000,-0.045135,0.045135,1.456181,1.447921
5501,89,0.949576,10.554190,0.459647,-1.244355,220.000000,1.326535,290.273499,0.000000,0.000000,0.000000,1.227759,1.337644
5511,89,1.002321,10.115350,0.131862,-1.097094,220.400000,1.104990,276.853642,-0.819461,0.368152,0.898361,1.111672,1.763116
5521,89,1.022287,9.691237,0.049916,-1.060279,220.800000,1.061453,272.695411,-0.204865,0.092037,0.224590,1.013607,1.781484
5531,89,1.036638,9.282825,0.035877,-1.021032,221.200000,1.021662,272.012452,-0.035097,0.098118,0.104206,0.933155,1.835475
5541,89,1.028527,8.937207,-0.020279,-0.864044,221.600000,0.864282,268.655553,-0.140390,0.392470,0.416824,0.915972,7.227850
5551,89,1.020416,8.591589,-0.020279,-0.864044,222.000000,0.864282,268.655553,0.000000,0.000000,0.000000,0.881133,3.434604
5561,89,1.012304,8.245972,-0.020279,-0.864044,222.400000,0.864282,268.655553,0.000000,0.000000,0.000000,0.846601,3.034616
5571,89,1.049385,7.968995,0.092702,-0.692441,222.800000,0.698619,277.625237,0.282451,0.429006,0.513639,0.868787,
5581,89,1.086466,7.692019,0.092702,-0.692441,223.200000,0.698619,277.625237,0.000000,0.000000,0.000000,0.893050,
5591,89,1.120850,7.415491,0.085960,-0.691319,223.600000,0.696643,277.087884,-0.016855,0.002806,0.017087,0.882328,
5601,89,1.144446,7.140759,0.058992,-0.686830,224.000000,0.689359,274.909107,-0.067420,0.011222,0.068347,0.862123,8.211282
5611,89,1.168043,6.866027,0.058992,-0.686830,224.400000,0.689359,274.909107,0.000000,0.000000,0.000000,0.845908,7.591957
5621,89,1.191640,6.591295,0.058992,-0.686830,224.800000,0.689359,274.909107,0.000000,0.000000,0.000000,0.833917,6.894393
5631,89,1.463004,6.332927,0.678409,-0.645919,225.200000,0.936723,316.405367,1.548542,0.102278,1.551916,4.777628,
5641,89,1.761897,6.076378,0.747233,-0.641373,225.600000,0.984742,319.359486,0.172060,0.011364,0.172435,4.625801,
5651,89,2.060790,5.819829,0.747233,-0.641373,226.000000,0.984742,319.359486,0.000000,0.000000,0.000000,4.538433,
5661,89,2.625316,5.624571,1.411315,-0.488146,226.400000,1.493351,340.920525,1.660205,0.383069,1.703826,4.614540,
5341,90,6.359347,17.938930,-0.648913,-0.053805,213.600000,0.651140,184.739836,,,,6.519256,
5351,90,6.099781,17.917410,-0.648913,-0.053805,214.000000,0.651140,184.739836,0.000000,0.000000,0.000000,6.326802,
5361,90,5.840216,17.895890,-0.648913,-0.053805,214.400000,0.651140,184.739836,0.000000,0.000000,0.000000,6.192340,
5371,90,5.580651,17.874370,-0.648913,-0.053805,214.800000,0.651140,184.739836,0.000000,0.000000,0.000000,6.068695,
5381,90,5.321086,17.852850,-0.648913,-0.053805,215.200000,0.651140,184.739836,0.000000,0.000000,0.000000,5.971377,
5391,90,5.164673,17.842660,-0.391033,-0.025474,215.600000,0.391862,183.727349,0.644699,0.070825,0.648578,6.034724,
5401,90,5.019721,17.833730,-0.362380,-0.022327,216.000000,0.363067,183.525599,0.071633,0.007869,0.072064,5.991523,
5411,90,4.874769,17.824800,-0.362380,-0.022327,216.400000,0.363067,183.525599,0.000000,0.000000,0.000000,5.940513,
5421,90,4.729817,17.815860,-0.362380,-0.022327,216.800000,0.363067,183.525599,0.000000,0.000000,0.000000,5.959596,
5431,90,4.584865,17.806930,-0.362380,-0.022327,217.200000,0.363067,183.525599,0.000000,0.000000,0.000000,6.038874,
5441,90,4.439913,17.798000,-0.362380,-0.022327,217.600000,0.363067,183.525599,0.000000,0.000000,0.000000,6.174289,
5451,90,4.294961,17.789070,-0.362380,-0.022327,218.000000,0.363067,183.525599,0.000000,0.000000,0.000000,6.205142,
5461,90,4.112486,17.783180,-0.456188,-0.014723,218.400000,0.456425,181.848580,-0.234520,0.019008,0.235289,6.043428,
5471,90,3.779918,17.789460,-0.831420,0.015689,218.800000,0.831568,178.918939,-0.938079,0.076032,0.941156,5.777653,8.412134
5481,90,3.447350,17.795730,-0.831420,0.015689,219.200000,0.831568,178.918939,0.000000,0.000000,0.000000,5.422208,7.925989
5491,90,3.114782,17.802010,-0.831420,0.015689,219.600000,0.831568,178.918939,0.000000,0.000000,0.000000,5.002265,7.525990
5501,90,2.770576,17.815740,-0.860515,0.034330,220.000000,0.861200,177.715407,-0.072738,0.046602,0.086387,4.608780,7.098088
5511,90,2.426370,17.829470,-0.860515,0.034330,220.400000,0.861200,177.715407,0.000000,0.000000,0.000000,4.269909,6.069654
5521,90,2.082164,17.843210,-0.860515,0.034330,220.800000,0.861200,177.715407,0.000000,0.000000,0.000000,3.999569,5.680197
5531,90,1.737958,17.856940,-0.860515,0.034330,221.200000,0.861200,177.715407,0.000000,0.000000,0.000000,3.708074,5.280202
5541,90,1.390528,17.863360,-0.868576,0.016048,221.600000,0.868724,178.941483,-0.020152,-0.045704,0.049950,3.497611,4.806623
5551,90,1.038261,17.858810,-0.880668,-0.011374,222.000000,0.880741,180.739949,-0.030229,-0.068556,0.074925,3.392288,3.879829
5561,90,0.685994,17.854260,-0.880668,-0.011374,222.400000,0.880741,180.739949,0.000000,0.000000,0.000000,3.466758,3.479830
5571,90,0.333727,17.849710,-0.880668,-0.011374,222.800000,0.880741,180.739949,0.000000,0.000000,0.000000,2.892140,3.079830
5581,90,0.012459,17.813210,-0.803169,-0.091253,223.200000,0.808336,186.481956,0.193747,-0.199698,0.278239,2.380016,3.090507
5591,90,-0.184810,17.648900,-0.493174,-0.410770,223.600000,0.641835,219.791316,0.774987,-0.798792,1.112958,2.079655,
5601,90,-0.382080,17.484590,-0.493174,-0.410770,224.000000,0.641835,219.791316,0.000000,0.000000,0.000000,2.017879,
5611,90,-0.504459,17.129330,-0.305948,-0.888150,224.400000,0.939370,250.992292,0.468064,-1.193450,1.281954,2.423995,
5621,90,-0.594743,16.692230,-0.225709,-1.092742,224.800000,1.115809,258.329525,0.200599,-0.511479,0.549410,2.759686,
5631,90,-0.600993,16.278680,-0.015626,-1.033881,225.200000,1.033999,269.134102,0.525207,0.147153,0.545432,2.403082,
5641,90,-0.481194,15.900450,0.299498,-0.945591,225.600000,0.991888,287.574628,0.787811,0.220725,0.818148,2.520542,
5651,90,-0.361395,15.522210,0.299498,-0.945591,226.000000,0.991888,287.574628,0.000000,0.000000,0.000000,2.961443,
5661,90,-0.174924,15.152000,0.466176,-0.925515,226.400000,1.036290,296.734087,0.416693,0.050190,0.419705,3.656950,
5671,90,0.028214,14.783810,0.507845,-0.920496,226.800000,1.051294,298.885870,0.104173,0.012547,0.104926,4.454304,
5681,90,0.205862,14.427360,0.444121,-0.891111,227.200000,0.995652,296.491227,-0.159310,0.073463,0.175432,5.275009,
5691,90,0.358021,14.082670,0.380397,-0.861726,227.600000,0.941952,293.818412,-0.159310,0.073462,0.175432,5.579573,
5701,90,0.510180,13.737980,0.380397,-0.861726,228.000000,0.941952,293.818412,0.000000,0.000000,0.000000,5.667128,
5711,90,0.561882,13.370330,0.129256,-0.919124,228.400000,0.928169,278.004988,-0.627853,-0.143496,0.644042,5.684602,
5721,90,0.546614,12.987370,-0.038171,-0.957390,228.800000,0.958151,267.716814,-0.418569,-0.095664,0.429362,5.638750,
5731,90,0.531345,12.604420,-0.038171,-0.957390,229.200000,0.958151,267.716814,0.000000,0.000000,0.000000,5.594334,
5741,90,0.514804,12.220840,-0.041352,-0.958940,229.600000,0.959832,267.530769,-0.007952,-0.003875,0.008846,5.550798,
5751,90,0.493174,11.834790,-0.054076,-0.965141,230.000000,0.966655,266.793117,-0.031809,-0.015502,0.035386,5.375044,
5761,90,0.471543,11.448730,-0.054076,-0.965141,230.400000,0.966655,266.793117,0.000000,0.000000,0.000000,5.209037,
5771,90,0.449913,11.062670,-0.054076,-0.965141,230.800000,0.966655,266.793117,0.000000,0.000000,0.000000,5.053749,
5781,90,0.444883,10.693780,-0.012576,-0.922244,231.200000,0.922330,269.218757,0.103751,0.107242,0.149215,4.906460,
5791,90,0.450919,10.336320,0.015091,-0.893647,231.600000,0.893774,270.967461,0.069167,0.071495,0.099477,4.629280,
5801,90,0.456955,9.978858,0.015091,-0.893647,232.000000,0.893774,270.967461,0.000000,0.000000,0.000000,4.370115,
5811,90,0.462992,9.621399,0.015091,-0.893647,232.400000,0.893774,270.967461,0.000000,0.000000,0.000000,4.132360,
5821,90,0.464386,9.274160,0.003485,-0.868098,232.800000,0.868105,270.229991,-0.029016,0.063871,0.070153,7.465852,
5831,90,0.454947,8.950766,-0.023597,-0.808485,233.200000,0.808829,268.328212,-0.067704,0.149034,0.163691,7.351220,
5841,90,0.445508,8.627373,-0.023597,-0.808485,233.600000,0.808829,268.328212,0.000000,0.000000,0.000000,7.235670,
5851,90,0.436069,8.303979,-0.023597,-0.808485,234.000000,0.808829,268.328212,0.000000,0.000000,0.000000,7.120289,
5861,90,0.426631,7.980585,-0.023597,-0.808485,234.400000,0.808829,268.328212,0.000000,0.000000,0.000000,2.598005,
5871,90,0.417192,7.657191,-0.023597,-0.808485,234.800000,0.808829,268.328212,0.000000,0.000000,0.000000,1.973954,
5881,90,0.490814,7.386934,0.184055,-0.675644,235.200000,0.700265,285.238448,0.519130,0.332102,0.616269,1.565028,
5891,90,0.585201,7.129960,0.235968,-0.642434,235.600000,0.684399,290.168473,0.129782,0.083025,0.154067,1.425689,
5901,90,0.679589,6.872987,0.235968,-0.642434,236.000000,0.684399,290.168473,0.000000,0.000000,0.000000,1.620842,
5911,90,0.773976,6.616013,0.235968,-0.642434,236.400000,0.684399,290.168473,0.000000,0.000000,0.000000,2.037190,
5921,90,0.921220,6.412083,0.368111,-0.509825,236.800000,0.628830,305.830515,0.330356,0.331521,0.468018,2.568276,
5931,90,1.147750,6.287718,0.566324,-0.310913,237.200000,0.646057,331.233127,0.495534,0.497281,0.702027,3.133301,
5941,90,1.374280,6.163353,0.566324,-0.310913,237.600000,0.646057,331.233127,0.000000,0.000000,0.000000,3.707526,
5951,90,1.600809,6.038987,0.566324,-0.310913,238.000000,0.646057,331.233127,0.000000,0.000000,0.000000,4.297462,
5961,90,1.827339,5.914622,0.566324,-0.310913,238.400000,0.646057,331.233127,0.000000,0.000000,0.000000,4.907303,
5971,90,2.053868,5.790257,0.566324,-0.310913,238.800000,0.646057,331.233127,0.000000,0.000000,0.000000,5.520624,
5381,91,-2.445237,20.184870,0.166388,-1.090082,215.200000,1.102707,278.678527,,,,0.605655,0.019664
5391,91,-2.378682,19.748840,0.166388,-1.090082,215.600000,1.102707,278.678527,0.000000,0.000000,0.000000,0.664926,
5401,91,-2.312127,19.312800,0.166388,-1.090082,216.000000,1.102707,278.678527,0.000000,0.000000,0.000000,0.720522,
5411,91,-2.245572,18.876770,0.166388,-1.090082,216.400000,1.102707,278.678527,0.000000,0.000000,0.000000,0.767900,
5421,91,-2.150293,18.387100,0.238198,-1.224171,216.800000,1.247130,281.010948,0.179524,-0.335222,0.380267,0.759249,
5431,91,-2.047833,17.884020,0.256150,-1.257694,217.200000,1.283514,281.511770,0.044881,-0.083808,0.095068,0.770136,
5441,91,-1.945373,17.380950,0.256150,-1.257694,217.600000,1.283514,281.511770,0.000000,0.000000,0.000000,0.788250,
5451,91,-1.842913,16.877870,0.256150,-1.257694,218.000000,1.283514,281.511770,0.000000,0.000000,0.000000,0.836908,
5461,91,-1.782549,16.452170,0.150910,-1.064252,218.400000,1.074898,278.070686,-0.263099,0.483605,0.550541,0.839296,3.202212
5471,91,-1.722185,16.026470,0.150910,-1.064252,218.800000,1.074898,278.070686,0.000000,0.000000,0.000000,0.841803,2.802212
5481,91,-1.661821,15.600770,0.150910,-1.064252,219.200000,1.074898,278.070686,0.000000,0.000000,0.000000,0.844415,2.402213
5491,91,-1.601457,15.175060,0.150910,-1.064252,219.600000,1.074898,278.070686,0.000000,0.000000,0.000000,0.808117,2.002205
5501,91,-1.564018,14.773910,0.093596,-1.002889,220.000000,1.007247,275.331781,-0.143284,0.153407,0.209915,0.736157,0.813654
5511,91,-1.536405,14.383270,0.069033,-0.976591,220.400000,0.979028,274.043400,-0.061408,0.065745,0.089963,0.652820,0.264354
5521,91,-1.508792,13.992640,0.069033,-0.976591,220.800000,0.979028,274.043400,0.000000,0.000000,0.000000,0.596233,
5531,91,-1.481178,13.602000,0.069033,-0.976591,221.200000,0.979028,274.043400,0.000000,0.000000,0.000000,0.632041,
5541,91,-1.453565,13.211360,0.069033,-0.976591,221.600000,0.979028,274.043400,0.000000,0.000000,0.000000,0.668545,
5551,91,-1.504036,12.860200,-0.126177,-0.877916,222.000000,0.886937,261.821235,-0.488027,0.246688,0.546832,0.636078,0.677736
5561,91,-1.554507,12.509030,-0.126177,-0.877916,222.400000,0.886937,261.821235,0.000000,0.000000,0.000000,0.615966,0.575816
5571,91,-1.604978,12.157860,-0.126177,-0.877916,222.800000,0.886937,261.821235,0.000000,0.000000,0.000000,0.611653,5.920835
5581,91,-1.651778,11.802700,-0.117001,-0.887923,223.200000,0.895598,262.493422,0.022941,-0.025018,0.033944,0.616078,
5591,91,-1.693073,11.441520,-0.103236,-0.902934,223.600000,0.908817,263.477465,0.034412,-0.037527,0.050917,0.630651,
5601,91,-1.734367,11.080350,-0.103236,-0.902934,224.000000,0.908817,263.477465,0.000000,0.000000,0.000000,0.674786,
5611,91,-1.775662,10.719170,-0.103236,-0.902934,224.400000,0.908817,263.477465,0.000000,0.000000,0.000000,0.749276,
5621,91,-1.816956,10.358000,-0.103236,-0.902934,224.800000,0.908817,263.477465,0.000000,0.000000,0.000000,0.826807,
5631,91,-1.782015,10.013680,0.087354,-0.860804,225.200000,0.865225,275.794493,0.476474,0.105326,0.487977,0.913009,
5641,91,-1.747073,9.669358,0.087354,-0.860804,225.600000,0.865225,275.794493,0.000000,0.000000,0.000000,0.938478,
5651,91,-1.712132,9.325036,0.087354,-0.860804,226.000000,0.865225,275.794493,0.000000,0.000000,0.000000,0.948951,
5661,91,-1.677190,8.980715,0.087354,-0.860804,226.400000,0.865225,275.794493,0.000000,0.000000,0.000000,0.993096,
5671,91,-1.642249,8.636393,0.087354,-0.860804,226.800000,0.865225,275.794493,0.000000,0.000000,0.000000,1.035245,
5681,91,-1.688381,8.287178,-0.115330,-0.873039,227.200000,0.880624,262.474691,-0.506709,-0.030588,0.507632,1.016481,6.952315
5691,91,-1.754781,7.936739,-0.166001,-0.876098,227.600000,0.891686,259.270917,-0.126677,-0.007647,0.126908,0.981803,4.494533
5701,91,-1.821182,7.586300,-0.166001,-0.876098,228.000000,0.891686,259.270917,0.000000,0.000000,0.000000,0.928909,3.021772
5711,91,-1.887582,7.235861,-0.166001,-0.876098,228.400000,0.891686,259.270917,0.000000,0.000000,0.000000,0.861039,
5721,91,-1.976767,6.888362,-0.222962,-0.868746,228.800000,0.896901,255.605815,-0.142403,0.018379,0.143584,0.776308,0.963449
5731,91,-2.088736,6.543804,-0.279923,-0.861395,229.200000,0.905736,251.997646,-0.142403,0.018379,0.143584,0.674666,0.313036
5741,91,-2.200706,6.199246,-0.279923,-0.861395,229.600000,0.905736,251.997646,0.000000,0.000000,0.000000,0.610805,0.067924
5751,91,-2.312675,5.854689,-0.279923,-0.861395,230.000000,0.905736,251.997646,0.000000,0.000000,0.000000,0.592016,3.181150
5761,91,-2.424644,5.510131,-0.279923,-0.861395,230.400000,0.905736,251.997646,0.000000,0.000000,0.000000,0.590796,2.781155
5381,92,-3.629193,20.188690,0.294960,-1.202068,215.200000,1.237727,283.786701,,,,0.788068,0.849576
5391,92,-3.511209,19.707860,0.294960,-1.202068,215.600000,1.237727,283.786701,0.000000,0.000000,0.000000,0.692346,0.449569
5401,92,-3.393225,19.227030,0.294960,-1.202068,216.000000,1.237727,283.786701,0.000000,0.000000,0.000000,0.609174,0.049600
5411,92,-3.300186,18.753780,0.232597,-1.183129,216.400000,1.205776,281.122229,-0.155907,0.047347,0.162938,0.563762,0.330991
5421,92,-3.244565,18.291890,0.139053,-1.154721,216.800000,1.163063,276.866558,-0.233861,0.071020,0.244408,0.484038,2.791617
5431,92,-3.188944,17.830000,0.139053,-1.154721,217.200000,1.163063,276.866558,0.000000,0.000000,0.000000,0.597010,2.391616
5441,92,-3.133322,17.368120,0.139053,-1.154721,217.600000,1.163063,276.866558,0.000000,0.000000,0.000000,0.786876,1.991623
5451,92,-3.062869,16.910980,0.176133,-1.142840,218.000000,1.156333,278.761440,0.092702,0.029702,0.097344,0.825848,2.030152
5461,92,-2.933086,16.472850,0.324456,-1.095315,218.400000,1.142360,286.500453,0.370807,0.118812,0.389377,0.774360,1.775192
5471,92,-2.803304,16.034730,0.324456,-1.095315,218.800000,1.142360,286.500453,0.000000,0.000000,0.000000,0.727646,1.375193
5481,92,-2.673521,15.596600,0.324456,-1.095315,219.200000,1.142360,286.500453,0.000000,0.000000,0.000000,0.686681,0.988144
5491,92,-2.543739,15.158480,0.324456,-1.095315,219.600000,1.142360,286.500453,0.000000,0.000000,0.000000,0.689706,0.767564
5501,92,-2.498814,14.802080,0.112312,-0.890997,220.000000,0.898048,277.184352,-0.530361,0.510795,0.736339,0.680465,0.343274
5511,92,-2.453889,14.445680,0.112312,-0.890997,220.400000,0.898048,277.184352,0.000000,0.000000,0.000000,0.491154,
5521,92,-2.408964,14.089280,0.112312,-0.890997,220.800000,0.898048,277.184352,0.000000,0.000000,0.000000,0.697899,
5531,92,-2.364040,13.732880,0.112312,-0.890997,221.200000,0.898048,277.184352,0.000000,0.000000,0.000000,0.687459,4.817685
5541,92,-2.319115,13.376480,0.112312,-0.890997,221.600000,0.898048,277.184352,0.000000,0.000000,0.000000,0.677436,4.417660
5551,92,-2.335300,13.031040,-0.040463,-0.863610,222.000000,0.864557,267.317494,-0.381936,0.068469,0.388025,0.709732,3.168129
5561,92,-2.366762,12.688330,-0.078656,-0.856763,222.400000,0.860366,264.754597,-0.095484,0.017117,0.097006,0.748822,6.320664
5571,92,-2.398225,12.345630,-0.078656,-0.856763,222.800000,0.860366,264.754597,0.000000,0.000000,0.000000,0.725418,5.920835
5581,92,-2.484109,11.992730,-0.214710,-0.882243,223.200000,0.907994,256.321940,-0.340134,-0.063702,0.346048,0.853748,
5591,92,-2.624414,11.629640,-0.350764,-0.907724,223.600000,0.973138,248.872421,-0.340134,-0.063702,0.346048,0.950150,
5601,92,-2.764720,11.266550,-0.350764,-0.907724,224.000000,0.973138,248.872421,0.000000,0.000000,0.000000,1.047042,
5611,92,-2.905025,10.903460,-0.350764,-0.907724,224.400000,0.973138,248.872421,0.000000,0.000000,0.000000,1.144300,
5621,92,-3.028013,10.524770,-0.307470,-0.946716,224.800000,0.995394,252.007518,0.108235,-0.097481,0.145662,1.221643,
5631,92,-3.146672,10.142190,-0.296646,-0.956465,225.200000,1.001411,252.768809,0.027059,-0.024370,0.036415,1.286409,
5641,92,-3.265330,9.759603,-0.296646,-0.956465,225.600000,1.001411,252.768809,0.000000,0.000000,0.000000,1.285226,
5651,92,-3.341090,9.392580,-0.189402,-0.917556,226.000000,0.936900,258.336845,0.268111,0.097270,0.285211,1.195490,3.008647
5661,92,-3.316756,9.061872,0.060836,-0.826770,226.400000,0.829005,274.208366,0.625593,0.226965,0.665492,1.025065,1.000761
5671,92,-3.292422,8.731164,0.060836,-0.826770,226.800000,0.829005,274.208366,0.000000,0.000000,0.000000,0.944462,1.710670
5681,92,-3.274747,8.396569,0.044188,-0.836487,227.200000,0.837653,273.023903,-0.041618,-0.024291,0.048188,0.871583,1.492001
5691,92,-3.317001,8.026996,-0.105637,-0.923932,227.600000,0.929952,263.477460,-0.374563,-0.218615,0.433694,0.868105,
5701,92,-3.359256,7.657423,-0.105637,-0.923932,228.000000,0.929952,263.477460,0.000000,0.000000,0.000000,0.850141,
5711,92,-3.401511,7.287850,-0.105637,-0.923932,228.400000,0.929952,263.477460,0.000000,0.000000,0.000000,0.821287,
5721,92,-3.443766,6.918277,-0.105637,-0.923932,228.800000,0.929952,263.477460,0.000000,0.000000,0.000000,0.797699,9.901203
5731,92,-3.475289,6.550680,-0.078809,-0.918994,229.200000,0.922367,265.098576,0.067071,0.012347,0.068198,0.768976,4.142442
5741,92,-3.504130,6.183576,-0.072101,-0.917759,229.600000,0.920587,265.507927,0.016768,0.003087,0.017050,0.756585,3.581151
5751,92,-3.532970,5.816473,-0.072101,-0.917759,230.000000,0.920587,265.507927,0.000000,0.000000,0.000000,0.770730,3.181150
5761,92,-3.561811,5.449369,-0.072101,-0.917759,230.400000,0.920587,265.507927,0.000000,0.000000,0.000000,0.800026,2.781155
5381,93,-2.933086,20.558130,-0.022376,-1.140189,215.200000,1.140409,268.875710,,,,0.614264,0.849576
5391,93,-2.942037,20.102050,-0.022376,-1.140189,215.600000,1.140409,268.875710,0.000000,0.000000,0.000000,0.664926,0.449569
5401,93,-2.950988,19.645980,-0.022376,-1.140189,216.000000,1.140409,268.875710,0.000000,0.000000,0.000000,0.609174,0.049600
5411,93,-2.945714,19.192160,0.013184,-1.134550,216.400000,1.134627,270.665768,0.088900,0.014097,0.090011,0.563762,0.637975
5421,93,-2.812424,18.758640,0.333226,-1.083792,216.800000,1.133863,287.090710,0.800104,0.126895,0.810104,0.636083,
5431,93,-2.679134,18.325120,0.333226,-1.083792,217.200000,1.133863,287.090710,0.000000,0.000000,0.000000,0.710669,
5441,93,-2.545843,17.891610,0.333226,-1.083792,217.600000,1.133863,287.090710,0.000000,0.000000,0.000000,0.786876,
5451,93,-2.445104,17.459060,0.251848,-1.081371,218.000000,1.110311,283.110328,-0.203443,0.006052,0.203533,0.825848,2.435761
5461,93,-2.393191,17.027960,0.129783,-1.077740,218.400000,1.085526,276.866555,-0.305164,0.009078,0.305299,0.774360,2.125798
5471,93,-2.341278,16.596870,0.129783,-1.077740,218.800000,1.085526,276.866555,0.000000,0.000000,0.000000,0.727646,1.725798
5481,93,-2.289365,16.165770,0.129783,-1.077740,219.200000,1.085526,276.866555,0.000000,0.000000,0.000000,0.686681,1.356244
5491,93,-2.176840,15.742500,0.281313,-1.058171,219.600000,1.094926,284.887609,0.378825,0.048922,0.381971,0.689706,3.532170
5501,93,-2.057580,15.320100,0.298149,-1.055996,220.000000,1.097279,285.766460,0.042092,0.005438,0.042442,0.680465,0.813654
5511,93,-1.938320,14.897700,0.298149,-1.055996,220.400000,1.097279,285.766460,0.000000,0.000000,0.000000,0.652820,0.264354
5521,93,-1.837588,14.490020,0.251830,-1.019216,220.800000,1.049867,283.878806,-0.115797,0.091950,0.147864,0.596233,
5531,93,-1.810966,14.141180,0.066555,-0.872097,221.200000,0.874633,274.364140,-0.463188,0.367798,0.591454,0.632041,4.817685
5541,93,-1.784344,13.792340,0.066555,-0.872097,221.600000,0.874633,274.364140,0.000000,0.000000,0.000000,0.668545,4.417660
5551,93,-1.757722,13.443500,0.066555,-0.872097,222.000000,0.874633,274.364140,0.000000,0.000000,0.000000,0.636078,0.677736
5561,93,-1.739087,13.096690,0.046589,-0.867019,222.400000,0.868270,273.075788,-0.049916,0.012694,0.051505,0.615966,0.575816
5571,93,-1.739087,12.754630,0.000000,-0.855171,222.800000,0.855171,270.000000,-0.116472,0.029620,0.120179,0.611653,
5581,93,-1.739087,12.412560,0.000000,-0.855171,223.200000,0.855171,270.000000,0.000000,0.000000,0.000000,0.616078,
5591,93,-1.739087,12.070490,0.000000,-0.855171,223.600000,0.855171,270.000000,0.000000,0.000000,0.000000,0.630651,
5601,93,-1.789003,11.752920,-0.124791,-0.793924,224.000000,0.803672,261.067196,-0.311977,0.153117,0.347527,0.674786,
5611,93,-1.888836,11.459850,-0.249582,-0.732677,224.400000,0.774020,251.188905,-0.311977,0.153117,0.347527,0.749276,
5621,93,-1.988669,11.166780,-0.249582,-0.732677,224.800000,0.774020,251.188905,0.000000,0.000000,0.000000,0.826807,
5631,93,-2.088501,10.873710,-0.249582,-0.732677,225.200000,0.774020,251.188905,0.000000,0.000000,0.000000,0.913009,
5641,93,-2.206304,10.487800,-0.294507,-0.964756,225.600000,1.008707,253.024389,-0.112312,-0.580198,0.590969,0.938478,
5651,93,-2.336087,10.040010,-0.324456,-1.119476,226.000000,1.165546,253.836884,-0.074875,-0.386799,0.393980,0.948951,3.008647
5661,93,-2.448331,9.606479,-0.280611,-1.083836,226.400000,1.119573,255.484544,0.109614,0.089100,0.141259,0.993096,1.000761
5671,93,-2.490423,9.229969,-0.105229,-0.941277,226.800000,0.947140,263.621161,0.438455,0.356398,0.565033,0.944462,1.710670
5681,93,-2.532514,8.853458,-0.105229,-0.941277,227.200000,0.947140,263.621161,0.000000,0.000000,0.000000,0.871583,1.492001
5691,93,-2.574606,8.476947,-0.105229,-0.941277,227.600000,0.947140,263.621161,0.000000,0.000000,0.000000,0.868105,4.494533
5701,93,-2.615119,8.068519,-0.101283,-1.021071,228.000000,1.026082,264.335196,0.009865,-0.199486,0.199730,0.850141,3.021772
5711,93,-2.654054,7.628173,-0.097337,-1.100864,228.400000,1.105159,264.947123,0.009865,-0.199482,0.199726,0.821287,
5721,93,-2.692989,7.187828,-0.097337,-1.100864,228.800000,1.105159,264.947123,0.000000,0.000000,0.000000,0.776308,0.963449
5731,93,-2.731923,6.747482,-0.097337,-1.100864,229.200000,1.105159,264.947123,0.000000,0.000000,0.000000,0.674666,0.313036
5741,93,-2.778429,6.397536,-0.116264,-0.874865,229.600000,0.882556,262.430133,-0.047317,0.564998,0.566976,0.610805,0.067924
5751,93,-2.832505,6.137990,-0.135190,-0.648865,230.000000,0.662799,258.230864,-0.047316,0.564999,0.566977,0.592016,
5761,93,-2.886581,5.878444,-0.135190,-0.648865,230.400000,0.662799,258.230864,0.000000,0.000000,0.000000,0.590796,
5771,93,-2.940657,5.618898,-0.135190,-0.648865,230.800000,0.662799,258.230864,0.000000,0.000000,0.000000,4.271638,
5781,93,-2.994733,5.359352,-0.135190,-0.648865,231.200000,0.662799,258.230864,0.000000,0.000000,0.000000,4.527963,
5411,94,-3.489298,20.445680,0.370807,-1.125598,216.400000,1.185103,288.233509,,,,0.981749,1.123791
5421,94,-3.340975,19.995440,0.370807,-1.125598,216.800000,1.185103,288.233509,0.000000,0.000000,0.000000,0.820392,0.796060
5431,94,-3.192652,19.545200,0.370807,-1.125598,217.200000,1.185103,288.233509,0.000000,0.000000,0.000000,0.792220,0.396063
5441,94,-3.048635,19.110130,0.360042,-1.087678,217.600000,1.145720,288.315521,-0.026913,0.094800,0.098546,0.556038,2.141712
5451,94,-2.914666,18.710450,0.334923,-0.999197,218.000000,1.053835,288.530729,-0.062798,0.221201,0.229943,0.714236,1.378646
5461,94,-2.780697,18.310770,0.334923,-0.999197,218.400000,1.053835,288.530729,0.000000,0.000000,0.000000,0.685737,0.892800
5471,94,-2.654239,17.907660,0.316143,-1.007777,218.800000,1.056201,287.416825,-0.046949,-0.021449,0.051616,0.655410,0.739899
5481,94,-2.557829,17.490820,0.241025,-1.042096,219.200000,1.069606,283.022860,-0.187796,-0.085798,0.206467,0.658321,2.052664
5491,94,-2.461419,17.073980,0.241025,-1.042096,219.600000,1.069606,283.022860,0.000000,0.000000,0.000000,0.668925,
5501,94,-2.365010,16.657140,0.241025,-1.042096,220.000000,1.069606,283.022860,0.000000,0.000000,0.000000,0.682777,
5511,94,-2.238250,16.240700,0.316898,-1.041116,220.400000,1.088277,286.929342,0.189682,0.002450,0.189698,0.669707,2.289949
5521,94,-2.098485,15.824420,0.349415,-1.040696,220.800000,1.097788,288.559527,0.081292,0.001050,0.081299,0.645556,0.784138
5531,94,-1.958719,15.408140,0.349415,-1.040696,221.200000,1.097788,288.559527,0.000000,0.000000,0.000000,0.726325,
5541,94,-1.818953,14.991860,0.349415,-1.040696,221.600000,1.097788,288.559527,0.000000,0.000000,0.000000,0.819213,
5551,94,-1.589640,14.575730,0.573282,-1.040339,222.000000,1.187837,298.857097,0.559668,0.000893,0.559669,0.840333,
5561,94,-1.337941,14.159630,0.629249,-1.040249,222.400000,1.215760,301.169836,0.139917,0.000225,0.139917,0.813428,4.657312
5571,94,-1.086241,13.743530,0.629249,-1.040249,222.800000,1.215760,301.169836,0.000000,0.000000,0.000000,0.735850,0.763749
5581,94,-0.915778,13.280100,0.426156,-1.158578,223.200000,1.234468,290.194890,-0.507731,-0.295823,0.587624,0.756238,
5591,94,-0.826553,12.769330,0.223064,-1.276906,223.600000,1.296243,279.909058,-0.507731,-0.295820,0.587623,0.875604,9.208635
5601,94,-0.737327,12.258570,0.223064,-1.276906,224.000000,1.296243,279.909058,0.000000,0.000000,0.000000,0.895402,8.211282
5611,94,-0.642424,11.747140,0.237259,-1.278564,224.400000,1.300391,280.512606,0.035487,-0.004145,0.035729,0.900552,7.591957
5621,94,-0.534272,11.234170,0.270380,-1.282432,224.800000,1.310625,281.905543,0.082804,-0.009670,0.083367,0.897003,6.894393
5631,94,-0.426119,10.721200,0.270380,-1.282432,225.200000,1.310625,281.905543,0.000000,0.000000,0.000000,0.874737,
5641,94,-0.317967,10.208230,0.270380,-1.282432,225.600000,1.310625,281.905543,0.000000,0.000000,0.000000,0.847675,
5651,94,-0.285522,9.704697,0.081114,-1.258825,226.000000,1.261436,273.686835,-0.473166,0.059017,0.476832,0.873067,
5661,94,-0.285522,9.205214,0.000000,-1.248708,226.400000,1.248708,270.000000,-0.202785,0.025293,0.204357,0.919906,
5671,94,-0.285522,8.705730,0.000000,-1.248708,226.800000,1.248708,270.000000,0.000000,0.000000,0.000000,0.972234,
5681,94,-0.276869,8.206011,0.021630,-1.249300,227.200000,1.249487,270.991922,0.054076,-0.001480,0.054096,1.021492,
5691,94,-0.190348,7.704161,0.216304,-1.254624,227.600000,1.273134,279.781955,0.486685,-0.013310,0.486867,1.023910,
5701,94,-0.103826,7.202311,0.216304,-1.254624,228.000000,1.273134,279.781955,0.000000,0.000000,0.000000,1.036323,
5711,94,-0.011612,6.718755,0.230535,-1.208890,228.400000,1.230675,280.796652,0.035576,0.114335,0.119742,1.096250,
5721,94,0.131832,6.399844,0.358610,-0.797279,228.800000,0.874216,294.217847,0.320187,1.029028,1.077692,1.048725,
5731,94,0.275276,6.080932,0.358610,-0.797279,229.200000,0.874216,294.217847,0.000000,0.000000,0.000000,1.004073,
5741,94,0.418720,5.762021,0.358610,-0.797279,229.600000,0.874216,294.217847,0.000000,0.000000,0.000000,0.962691,
5421,95,-2.590785,20.327490,0.283899,-1.105086,216.800000,1.140971,284.407857,,,,0.820392,3.533201
5431,95,-2.477225,19.885460,0.283899,-1.105086,217.200000,1.140971,284.407857,0.000000,0.000000,0.000000,0.792220,3.133274
5441,95,-2.363665,19.443430,0.283899,-1.105086,217.600000,1.140971,284.407857,0.000000,0.000000,0.000000,0.761756,2.141712
5451,95,-2.256054,19.012420,0.269029,-1.077505,218.000000,1.110582,284.018838,-0.037177,0.068952,0.078336,0.724538,1.378646
5461,95,-2.162322,18.607160,0.234330,-1.013149,218.400000,1.039895,283.022861,-0.086747,0.160890,0.182786,0.685737,0.892800
5471,95,-2.068590,18.201900,0.234330,-1.013149,218.800000,1.039895,283.022861,0.000000,0.000000,0.000000,0.655410,0.739899
5481,95,-1.974858,17.796650,0.234330,-1.013149,219.200000,1.039895,283.022861,0.000000,0.000000,0.000000,0.658321,
5491,95,-1.870235,17.386970,0.261557,-1.024194,219.600000,1.057065,284.325927,0.068069,-0.027612,0.073457,0.668925,
5501,95,-1.760945,16.975400,0.273226,-1.028928,220.000000,1.064587,284.871391,0.029173,-0.011835,0.031482,0.682777,
5511,95,-1.651654,16.563830,0.273226,-1.028928,220.400000,1.064587,284.871391,0.000000,0.000000,0.000000,0.669707,2.289949
5521,95,-1.542364,16.152250,0.273226,-1.028928,220.800000,1.064587,284.871391,0.000000,0.000000,0.000000,0.645556,0.784138
5531,95,-1.344548,15.795880,0.494540,-0.890946,221.200000,1.018997,299.033474,0.553284,0.344956,0.652010,0.726325,
5541,95,-1.136895,15.445630,0.519130,-0.875614,221.600000,1.017938,300.662659,0.061476,0.038328,0.072445,0.819213,
5551,95,-0.929243,15.095380,0.519130,-0.875614,222.000000,1.017938,300.662659,0.000000,0.000000,0.000000,0.840333,
5561,95,-0.715658,14.683490,0.533963,-1.029734,222.400000,1.159943,297.408735,0.037081,-0.385299,0.387079,0.813428,4.657312
5571,95,-0.493174,14.179130,0.556211,-1.260913,222.800000,1.378141,293.803127,0.055621,-0.577947,0.580618,0.735850,0.763749
5581,95,-0.270689,13.674760,0.556211,-1.260913,223.200000,1.378141,293.803127,0.000000,0.000000,0.000000,0.756238,
5591,95,-0.048205,13.170400,0.556211,-1.260913,223.600000,1.378141,293.803127,0.000000,0.000000,0.000000,0.875604,
5601,95,0.047046,12.690430,0.238128,-1.199913,224.000000,1.223314,281.224752,-0.795208,0.152500,0.809699,0.895402,
5611,95,0.128160,12.213180,0.202785,-1.193136,224.400000,1.210246,279.645813,-0.088356,0.016942,0.089966,0.900552,9.581887
5621,95,0.209274,11.735920,0.202785,-1.193136,224.800000,1.210246,279.645813,0.000000,0.000000,0.000000,0.897003,9.181873
5631,95,0.266221,11.255830,0.142366,-1.200242,225.200000,1.208656,276.764485,-0.151049,-0.017765,0.152090,0.874737,
5641,95,0.312809,10.774510,0.116472,-1.203288,225.600000,1.208912,275.528690,-0.064735,-0.007615,0.065182,0.847675,
5651,95,0.359398,10.293190,0.116472,-1.203288,226.000000,1.208912,275.528690,0.000000,0.000000,0.000000,0.873067,
5661,95,0.405986,9.811880,0.116472,-1.203288,226.400000,1.208912,275.528690,0.000000,0.000000,0.000000,0.919906,
5671,95,0.424963,9.369395,0.047440,-1.106212,226.800000,1.107229,272.455625,-0.172579,0.242690,0.297795,0.972234,
5681,95,0.437035,8.936618,0.030182,-1.081943,227.200000,1.082364,271.597915,-0.043145,0.060673,0.074449,1.021492,
5691,95,0.449108,8.503841,0.030182,-1.081943,227.600000,1.082364,271.597915,0.000000,0.000000,0.000000,1.023910,
5701,95,0.461181,8.071064,0.030182,-1.081943,228.000000,1.082364,271.597915,0.000000,0.000000,0.000000,1.036323,
5711,95,0.504298,7.686020,0.107793,-0.962609,228.400000,0.968625,276.389357,0.194027,0.298336,0.355880,1.096250,
5721,95,0.578460,7.348710,0.185404,-0.843275,228.800000,0.863416,282.399856,0.194027,0.298335,0.355880,1.048725,
5731,95,0.652621,7.011401,0.185404,-0.843275,229.200000,0.863416,282.399856,0.000000,0.000000,0.000000,1.004073,
5741,95,0.726782,6.674091,0.185404,-0.843275,229.600000,0.863416,282.399856,0.000000,0.000000,0.000000,0.962691,
5751,95,0.919792,6.476703,0.482525,-0.493470,230.000000,0.690176,314.357472,0.742803,0.874510,1.147399,3.291770,
5761,95,1.112802,6.279315,0.482525,-0.493470,230.400000,0.690176,314.357472,0.000000,0.000000,0.000000,3.620106,
5771,95,1.305812,6.081926,0.482525,-0.493470,230.800000,0.690176,314.357472,0.000000,0.000000,0.000000,4.271638,
5781,95,1.500567,5.902237,0.486887,-0.449222,231.200000,0.662465,317.304092,0.010905,0.110621,0.111157,4.527963,
5791,95,1.711026,5.881843,0.526146,-0.050987,231.600000,0.528610,354.464995,0.098146,0.995589,1.000415,4.629280,
5801,95,1.921484,5.861448,0.526146,-0.050987,232.000000,0.528610,354.464995,0.000000,0.000000,0.000000,4.370115,
5811,95,2.131942,5.841054,0.526146,-0.050987,232.400000,0.528610,354.464995,0.000000,0.000000,0.000000,4.132360,
5431,96,-4.251845,5.381471,0.062798,1.365406,217.200000,1.366849,87.366697,,,,1.034127,4.805838
5441,96,-4.226726,5.927633,0.062798,1.365406,217.600000,1.366849,87.366697,0.000000,0.000000,0.000000,0.979278,4.405889
5451,96,-4.201607,6.473796,0.062798,1.365406,218.000000,1.366849,87.366697,0.000000,0.000000,0.000000,0.926219,4.006040
5461,96,-4.178999,7.018987,0.056518,1.362978,218.400000,1.364149,87.625493,-0.015700,-0.006070,0.016832,0.877685,
5471,96,-4.178999,7.555437,0.000000,1.341125,218.800000,1.341125,90.000000,-0.141296,-0.054632,0.151490,0.859345,
5481,96,-4.178999,8.091887,0.000000,1.341125,219.200000,1.341125,90.000000,0.000000,0.000000,0.000000,0.853581,
5491,96,-4.178999,8.628338,-0.000000,1.341125,219.600000,1.341125,90.000000,-0.000000,0.000000,0.000000,0.850922,9.113313
5501,96,-4.178999,9.164788,0.000000,1.341125,220.000000,1.341125,90.000000,0.000000,0.000000,0.000000,0.851395,8.713324
5511,96,-4.104669,9.677997,0.185825,1.283025,220.400000,1.296412,81.758952,0.464563,-0.145250,0.486740,0.820949,3.785860
5521,96,-4.022080,10.188630,0.206472,1.276569,220.800000,1.293159,80.812542,0.051618,-0.016140,0.054083,0.793644,3.312273
5531,96,-3.939491,10.699250,0.206472,1.276569,221.200000,1.293159,80.812542,0.000000,0.000000,0.000000,0.766979,2.912215
5541,96,-3.856902,11.209880,0.206472,1.276569,221.600000,1.293159,80.812542,0.000000,0.000000,0.000000,0.737041,1.897746
5551,96,-3.804563,11.744530,0.130850,1.336626,222.000000,1.343016,84.408824,-0.189057,0.150142,0.241424,0.711505,4.291692
5561,96,-3.782472,12.303200,0.055227,1.396684,222.400000,1.397775,87.735633,-0.189057,0.150145,0.241425,0.726269,
5571,96,-3.760381,12.861880,0.055227,1.396684,222.800000,1.397775,87.735633,0.000000,0.000000,0.000000,0.743700,
5581,96,-3.738291,13.420550,0.055227,1.396684,223.200000,1.397775,87.735633,0.000000,0.000000,0.000000,0.760894,
5591,96,-3.716200,13.979220,0.055227,1.396684,223.600000,1.397775,87.735633,0.000000,0.000000,0.000000,0.782135,
5601,96,-3.711782,14.511030,0.011045,1.329506,224.000000,1.329552,89.524006,-0.110453,-0.167945,0.201011,0.812072,
5611,96,-3.711782,15.036110,0.000000,1.312712,224.400000,1.312712,90.000000,-0.027613,-0.041985,0.050252,0.815605,
5621,96,-3.711782,15.561200,0.000000,1.312712,224.800000,1.312712,90.000000,0.000000,0.000000,0.000000,0.807510,
5631,96,-3.711782,16.086280,-0.000000,1.312712,225.200000,1.312712,90.000000,-0.000000,0.000000,0.000000,0.799914,
5641,96,-3.711782,16.611370,0.000000,1.312712,225.600000,1.312712,90.000000,0.000000,0.000000,0.000000,0.792844,
5651,96,-3.711782,17.136450,0.000000,1.312712,226.000000,1.312712,90.000000,0.000000,0.000000,0.000000,0.767953,2.841539
5661,96,-3.700658,17.662950,0.027811,1.316246,226.400000,1.316540,88.789595,0.069526,0.008835,0.070085,0.714665,0.860944
5671,96,-3.688297,18.189600,0.030901,1.316638,226.800000,1.317001,88.655553,0.007725,0.000980,0.007787,0.660247,0.442910
5681,96,-3.675937,18.716260,0.030901,1.316638,227.200000,1.317001,88.655553,0.000000,0.000000,0.000000,0.605837,0.042917
5691,96,-3.663577,19.242910,0.030901,1.316638,227.600000,1.317001,88.655553,0.000000,0.000000,0.000000,0.551433,
5701,96,-3.651217,19.769570,0.030901,1.316638,228.000000,1.317001,88.655553,0.000000,0.000000,0.000000,0.497041,
5711,96,-3.638857,20.296230,0.030901,1.316638,228.400000,1.317001,88.655553,0.000000,0.000000,0.000000,0.442663,
5431,97,-3.218608,5.424376,-0.072101,1.260710,217.200000,1.262770,93.273245,,,,1.034127,4.805838
5441,97,-3.247449,5.928659,-0.072101,1.260710,217.600000,1.262770,93.273245,0.000000,0.000000,0.000000,0.979278,4.405889
5451,97,-3.276289,6.432943,-0.072101,1.260710,218.000000,1.262770,93.273245,0.000000,0.000000,0.000000,0.926219,4.006040
5461,97,-3.305130,6.937227,-0.072101,1.260710,218.400000,1.262770,93.273245,0.000000,0.000000,0.000000,0.877685,0.528986
5471,97,-3.328202,7.434533,-0.057681,1.243265,218.800000,1.244602,92.656327,0.036051,-0.043612,0.056584,0.802208,0.126949
5481,97,-3.342623,7.921372,-0.036051,1.217097,219.200000,1.217631,91.696619,0.054076,-0.065420,0.084876,0.595891,7.925989
5491,97,-3.357043,8.408211,-0.036051,1.217097,219.600000,1.217631,91.696619,0.000000,0.000000,0.000000,0.850922,7.525990
5501,97,-3.371463,8.895050,-0.036051,1.217097,220.000000,1.217631,91.696619,0.000000,0.000000,0.000000,0.851395,7.098088
5511,97,-3.335062,9.392231,0.091004,1.242952,220.400000,1.246279,85.812517,0.317636,0.064637,0.324146,0.820949,3.785860
5521,97,-3.285955,9.891997,0.122767,1.249416,220.800000,1.255433,84.388146,0.079409,0.016160,0.081037,0.793644,3.312273
5531,97,-3.236848,10.391760,0.122767,1.249416,221.200000,1.255433,84.388146,0.000000,0.000000,0.000000,0.766979,2.912215
5541,97,-3.187628,10.901170,0.123050,1.273510,221.600000,1.279441,84.481049,0.000707,0.060235,0.060239,0.737041,1.897746
5551,97,-3.137389,11.497310,0.125596,1.490355,222.000000,1.495638,85.182921,0.006364,0.542112,0.542150,0.711505,3.879829
5561,97,-3.087151,12.093450,0.125596,1.490355,222.400000,1.495638,85.182921,0.000000,0.000000,0.000000,0.726269,3.479830
5571,97,-3.036913,12.689590,0.125596,1.490355,222.800000,1.495638,85.182917,0.000000,0.000000,0.000000,0.725418,3.079830
5581,97,-3.013316,13.189530,0.058992,1.249830,223.200000,1.251221,87.297640,-0.166510,-0.601313,0.623941,0.760894,3.090507
5591,97,-2.989719,13.689460,0.058992,1.249830,223.600000,1.251221,87.297640,0.000000,0.000000,0.000000,0.782135,
5601,97,-2.966122,14.189390,0.058992,1.249830,224.000000,1.251221,87.297640,0.000000,0.000000,0.000000,0.812072,
5611,97,-2.959043,14.722110,0.017698,1.331790,224.400000,1.331908,89.238664,-0.103236,0.204900,0.229438,0.815605,
5621,97,-2.959043,15.268870,0.000000,1.366916,224.800000,1.366916,90.000000,-0.044244,0.087815,0.098331,0.807510,
5631,97,-2.959043,15.815640,-0.000000,1.366916,225.200000,1.366916,90.000000,-0.000000,0.000000,0.000000,0.799914,
5641,97,-2.959043,16.362400,0.000000,1.366916,225.600000,1.366916,90.000000,0.000000,0.000000,0.000000,0.792844,
5651,97,-2.978599,16.907990,-0.048891,1.363970,226.000000,1.364846,92.052855,-0.122227,-0.007365,0.122448,0.767953,2.841539
5661,97,-3.017712,17.452400,-0.097781,1.361023,226.400000,1.364531,94.109300,-0.122227,-0.007367,0.122449,0.714665,0.860944
5671,97,-3.056824,17.996810,-0.097781,1.361023,226.800000,1.364531,94.109300,0.000000,0.000000,0.000000,0.660247,0.442910
5681,97,-3.095937,18.541220,-0.097781,1.361023,227.200000,1.364531,94.109300,0.000000,0.000000,0.000000,0.605837,0.042917
5691,97,-3.135049,19.085630,-0.097781,1.361023,227.600000,1.364531,94.109300,0.000000,0.000000,0.000000,0.551433,
5701,97,-3.174162,19.630040,-0.097781,1.361023,228.000000,1.364531,94.109300,0.000000,0.000000,0.000000,0.497041,
5711,97,-3.213275,20.174450,-0.097781,1.361023,228.400000,1.364531,94.109300,0.000000,0.000000,0.000000,0.442663,
5711,98,-4.360695,20.454550,0.275296,-1.219310,228.400000,1.250002,282.722940,,,,0.738996,
5721,98,-4.250576,19.966830,0.275296,-1.219310,228.800000,1.250002,282.722940,0.000000,0.000000,0.000000,8.469114,
5731,98,-4.140458,19.479100,0.275296,-1.219310,229.200000,1.250002,282.722940,0.000000,0.000000,0.000000,8.311857,
5741,98,-4.030339,18.991380,0.275296,-1.219310,229.600000,1.250002,282.722940,0.000000,0.000000,0.000000,8.154664,
5751,98,-4.001254,18.511920,0.072714,-1.198638,230.000000,1.200842,273.471536,-0.506456,0.051680,0.509086,8.048848,
5761,98,-4.006896,18.036010,-0.014107,-1.189779,230.400000,1.189863,269.320695,-0.217052,0.022148,0.218179,7.965468,
5771,98,-4.012539,17.560100,-0.014107,-1.189779,230.800000,1.189863,269.320695,0.000000,0.000000,0.000000,7.882263,
5781,98,-4.018182,17.084190,-0.014107,-1.189779,231.200000,1.189863,269.320695,0.000000,0.000000,0.000000,7.794632,
5791,98,-4.026406,16.607810,-0.020562,-1.190943,231.600000,1.191120,269.010882,-0.016137,-0.002910,0.016398,7.705714,
5801,98,-4.057869,16.127240,-0.078656,-1.201422,232.000000,1.203994,266.254238,-0.145236,-0.026197,0.147580,7.627991,
5811,98,-4.089331,15.646680,-0.078656,-1.201422,232.400000,1.203994,266.254238,0.000000,0.000000,0.000000,7.551666,
5821,98,-4.120794,15.166110,-0.078656,-1.201422,232.800000,1.203994,266.254238,0.000000,0.000000,0.000000,7.465852,
5831,98,-4.098930,14.721610,0.054659,-1.111231,233.200000,1.112574,272.816000,0.333289,0.225478,0.402395,7.351220,
5841,98,-4.063735,14.286140,0.087988,-1.088683,233.600000,1.092233,274.620645,0.083322,0.056370,0.100599,7.235670,
5851,98,-4.028539,13.850670,0.087988,-1.088683,234.000000,1.092233,274.620645,0.000000,0.000000,0.000000,7.120289,
5861,98,-3.993344,13.415190,0.087988,-1.088683,234.400000,1.092233,274.620645,0.000000,0.000000,0.000000,7.005077,
5871,98,-3.958149,12.979720,0.087988,-1.088683,234.800000,1.092233,274.620645,0.000000,0.000000,0.000000,6.890060,
5881,98,-3.922954,12.544250,0.087988,-1.088683,235.200000,1.092233,274.620645,0.000000,0.000000,0.000000,6.716229,
5891,98,-3.975673,12.057820,-0.131799,-1.216072,235.600000,1.223193,263.814375,-0.549468,-0.318472,0.635090,5.918476,
5901,98,-4.038161,11.565730,-0.156220,-1.230226,236.000000,1.240105,262.763049,-0.061052,-0.035385,0.070565,5.114178,
5911,98,-4.100649,11.073640,-0.156220,-1.230226,236.400000,1.240105,262.763049,0.000000,0.000000,0.000000,4.286698,
5921,98,-4.163137,10.581550,-0.156220,-1.230226,236.800000,1.240105,262.763049,0.000000,0.000000,0.000000,3.520796,
5931,98,-4.225625,10.089460,-0.156220,-1.230226,237.200000,1.240105,262.763049,0.000000,0.000000,0.000000,2.866269,
5941,98,-4.236222,9.583327,-0.026492,-1.265326,237.600000,1.265603,268.800588,0.324320,-0.087750,0.335981,2.361871,
5951,98,-4.194927,9.063156,0.103236,-1.300427,238.000000,1.304518,274.538981,0.324320,-0.087752,0.335982,2.142295,
5961,98,-4.153633,8.542985,0.103236,-1.300427,238.400000,1.304518,274.538981,0.000000,0.000000,0.000000,2.351743,
5971,98,-4.112338,8.022814,0.103236,-1.300427,238.800000,1.304518,274.538981,0.000000,0.000000,0.000000,2.898471,
5981,98,-4.078057,7.505433,0.085702,-1.293453,239.200000,1.296289,273.790797,-0.043834,0.017435,0.047174,3.634580,
5991,98,-4.106898,7.013158,-0.072101,-1.230688,239.600000,1.232798,266.647086,-0.394510,0.156912,0.424570,4.469362,
6001,98,-4.135738,6.520883,-0.072101,-1.230688,240.000000,1.232798,266.647086,0.000000,0.000000,0.000000,5.350963,
6011,98,-4.164579,6.028607,-0.072101,-1.230688,240.400000,1.232798,266.647086,0.000000,0.000000,0.000000,6.254468,
6021,98,-4.193420,5.536332,-0.072101,-1.230688,240.800000,1.232798,266.647086,0.000000,0.000000,0.000000,7.171601,
5861,99,-0.807619,5.694484,-0.018540,1.051485,234.400000,1.051648,91.010166,,,,0.973131,
5871,99,-0.815035,6.115078,-0.018540,1.051485,234.800000,1.051648,91.010166,0.000000,0.000000,0.000000,1.005927,
5881,99,-0.822451,6.535672,-0.018540,1.051485,235.200000,1.051648,91.010166,0.000000,0.000000,0.000000,1.040404,
5891,99,-0.829867,6.956266,-0.018540,1.051485,235.600000,1.051648,91.010166,0.000000,0.000000,0.000000,1.076401,
5901,99,-0.864588,7.365579,-0.086803,1.023282,236.000000,1.026957,94.848660,-0.170656,-0.070507,0.184647,1.077936,
5911,99,-0.902343,7.773639,-0.094387,1.020149,236.400000,1.024506,95.286132,-0.018962,-0.007833,0.020516,1.063213,
5921,99,-0.940098,8.181698,-0.094387,1.020149,236.800000,1.024506,95.286132,0.000000,0.000000,0.000000,1.050498,
5931,99,-0.977853,8.589758,-0.094387,1.020149,237.200000,1.024506,95.286132,0.000000,0.000000,0.000000,1.039868,
5941,99,-1.015608,8.997817,-0.094387,1.020149,237.600000,1.024506,95.286132,0.000000,0.000000,0.000000,1.031387,
5951,99,-1.050974,9.420736,-0.088416,1.057298,238.000000,1.060988,94.780202,0.014929,0.092872,0.094065,1.026734,
5961,99,-1.082758,9.865946,-0.079459,1.113023,238.400000,1.115856,94.083419,0.022393,0.139312,0.141101,1.030195,
5971,99,-1.114541,10.311150,-0.079459,1.113023,238.800000,1.115856,94.083419,0.000000,0.000000,0.000000,1.033856,
5981,99,-1.146325,10.756360,-0.079459,1.113023,239.200000,1.115856,94.083419,0.000000,0.000000,0.000000,1.037717,
5991,99,-1.178108,11.201570,-0.079459,1.113023,239.600000,1.115856,94.083419,0.000000,0.000000,0.000000,1.040638,
6001,99,-1.199297,11.667130,-0.052972,1.163880,240.000000,1.165085,92.605944,0.066216,0.127142,0.143352,1.046681,
6011,99,-1.209892,12.153020,-0.026486,1.214738,240.400000,1.215027,91.249084,0.066216,0.127145,0.143354,1.066194,
6021,99,-1.220486,12.638920,-0.026486,1.214738,240.800000,1.215027,91.249084,0.000000,0.000000,0.000000,1.086060,
6031,99,-1.231081,13.124810,-0.026486,1.214738,241.200000,1.215027,91.249084,0.000000,0.000000,0.000000,1.106254,
6041,99,-1.241675,13.610710,-0.026486,1.214738,241.600000,1.215027,91.249084,0.000000,0.000000,0.000000,1.098711,
6051,99,-1.226445,14.101060,0.038074,1.225890,242.000000,1.226481,88.221067,0.161401,0.027880,0.163791,1.052174,4.138344
6061,99,-1.194000,14.594390,0.081114,1.233325,242.400000,1.235990,86.237153,0.107600,0.018587,0.109194,1.023399,7.324091
6071,99,-1.161554,15.087720,0.081114,1.233325,242.800000,1.235990,86.237153,0.000000,0.000000,0.000000,0.994947,6.924114
6081,99,-1.129109,15.581050,0.081114,1.233325,243.200000,1.235990,86.237153,0.000000,0.000000,0.000000,0.966845,6.524111
6091,99,-1.096663,16.074380,0.081114,1.233325,243.600000,1.235990,86.237153,0.000000,0.000000,0.000000,0.939125,6.124107
6101,99,-1.058227,16.449920,0.096089,0.938850,244.000000,0.943754,84.156263,0.037437,-0.736187,0.737139,0.905442,
6111,99,-1.018294,16.796010,0.099833,0.865231,244.400000,0.870972,83.418161,0.009359,-0.184047,0.184285,0.887168,
6121,99,-0.978361,17.142110,0.099833,0.865231,244.800000,0.870972,83.418161,0.000000,0.000000,0.000000,0.887964,
6131,99,-0.938428,17.488200,0.099833,0.865231,245.200000,0.870972,83.418161,0.000000,0.000000,0.000000,0.907782,
6141,99,-0.757650,17.909690,0.451946,1.053721,245.600000,1.146553,66.785293,0.880282,0.471224,0.998473,0.974485,
6151,99,-0.561222,18.339550,0.491069,1.074664,246.000000,1.181546,65.441904,0.097809,0.052357,0.110941,0.917173,2.387828
6161,99,-0.364794,18.769420,0.491069,1.074664,246.400000,1.181546,65.441904,0.000000,0.000000,0.000000,0.860676,1.987790
6171,99,-0.151289,19.201110,0.533762,1.079226,246.800000,1.204006,63.683981,0.106732,0.011405,0.107340,0.818888,2.208123
6181,99,0.130524,19.640100,0.704534,1.097474,247.200000,1.304154,57.301175,0.426930,0.045620,0.429360,0.847169,
6191,99,0.412338,20.079090,0.704534,1.097474,247.600000,1.304154,57.301175,0.000000,0.000000,0.000000,0.918552,
6201,99,0.694151,20.518080,0.704534,1.097474,248.000000,1.304154,57.301175,0.000000,0.000000,0.000000,5.355975,
5861,100,-1.744411,5.431038,-0.066555,0.927647,234.400000,0.930031,94.103726,,,,0.973131,
5871,100,-1.771033,5.802097,-0.066555,0.927647,234.800000,0.930031,94.103726,0.000000,0.000000,0.000000,1.005927,
5881,100,-1.797655,6.173156,-0.066555,0.927647,235.200000,0.930031,94.103726,0.000000,0.000000,0.000000,1.040404,
5891,100,-1.824277,6.544214,-0.066555,0.927647,235.600000,0.930031,94.103726,0.000000,0.000000,0.000000,1.076401,
5901,100,-1.855301,6.940804,-0.077559,0.991474,236.000000,0.994503,94.472933,-0.027511,0.159570,0.161924,1.077936,
5911,100,-1.896596,7.396966,-0.103236,1.140406,236.400000,1.145069,95.172644,-0.064192,0.372329,0.377822,1.063213,
5921,100,-1.937890,7.853129,-0.103236,1.140406,236.800000,1.145069,95.172644,0.000000,0.000000,0.000000,1.050498,
5931,100,-1.979184,8.309291,-0.103236,1.140406,237.200000,1.145069,95.172644,0.000000,0.000000,0.000000,1.039868,
5941,100,-2.020479,8.765454,-0.103236,1.140406,237.600000,1.145069,95.172644,0.000000,0.000000,0.000000,1.031387,
5951,100,-2.058676,9.223963,-0.095493,1.146272,238.000000,1.150243,94.762191,0.019357,0.014665,0.024285,1.026734,
5961,100,-2.096530,9.682732,-0.094633,1.146924,238.400000,1.150821,94.716812,0.002151,0.001630,0.002699,1.030195,
5971,100,-2.134383,10.141500,-0.094633,1.146924,238.800000,1.150821,94.716812,0.000000,0.000000,0.000000,1.033856,
5981,100,-2.172236,10.600270,-0.094633,1.146924,239.200000,1.150821,94.716812,0.000000,0.000000,0.000000,1.037717,2.802350
5991,100,-2.209008,11.059540,-0.091929,1.148166,239.600000,1.151840,94.577692,0.006759,0.003105,0.007439,1.040638,2.401766
6001,100,-2.236046,11.523280,-0.067595,1.159348,240.000000,1.161317,93.336819,0.060836,0.027955,0.066951,1.046681,1.998392
6011,100,-2.263084,11.987020,-0.067595,1.159348,240.400000,1.161317,93.336819,0.000000,0.000000,0.000000,1.066194,1.657723
6021,100,-2.290122,12.450760,-0.067595,1.159348,240.800000,1.161317,93.336819,0.000000,0.000000,0.000000,1.086060,
6031,100,-2.317160,12.914500,-0.067595,1.159348,241.200000,1.161317,93.336819,0.000000,0.000000,0.000000,1.106254,
6041,100,-2.318782,13.393900,-0.004056,1.198513,241.600000,1.198520,90.193885,0.158848,0.097912,0.186600,1.098711,
6051,100,-2.261101,13.909860,0.144203,1.289898,242.000000,1.297933,83.621160,0.370647,0.228462,0.435401,1.052174,4.138344
6061,100,-2.203420,14.425820,0.144203,1.289898,242.400000,1.297933,83.621160,0.000000,0.000000,0.000000,0.947006,7.324091
6071,100,-2.145739,14.941780,0.144203,1.289898,242.800000,1.297933,83.621160,0.000000,0.000000,0.000000,0.994947,6.924114
6081,100,-2.088058,15.457740,0.144203,1.289898,243.200000,1.297933,83.621160,0.000000,0.000000,0.000000,0.966845,6.524111
6091,100,-2.030376,15.973700,0.144203,1.289898,243.600000,1.297933,83.621160,0.000000,0.000000,0.000000,0.939125,6.124107
6101,100,-1.963667,16.451730,0.166774,1.195088,244.000000,1.206668,82.055713,0.056427,-0.237025,0.243649,0.905442,
6111,100,-1.895954,16.925550,0.169282,1.184553,244.400000,1.196588,81.867066,0.006269,-0.026337,0.027073,0.887168,
6121,100,-1.828242,17.399370,0.169282,1.184553,244.800000,1.196588,81.867066,0.000000,0.000000,0.000000,0.887964,
6131,100,-1.760529,17.873190,0.169282,1.184553,245.200000,1.196588,81.867066,0.000000,0.000000,0.000000,0.907782,
6141,100,-1.635261,18.333270,0.313171,1.150181,245.600000,1.192054,74.768750,0.359723,-0.085930,0.369845,0.974485,
6151,100,-1.375695,18.761260,0.648913,1.069981,246.000000,1.251378,58.764385,0.839355,-0.200500,0.862970,0.917173,2.387828
6161,100,-1.116130,19.189250,0.648913,1.069981,246.400000,1.251378,58.764385,0.000000,0.000000,0.000000,0.860676,1.987790
6171,100,-0.856565,19.617240,0.648913,1.069981,246.800000,1.251378,58.764385,0.000000,0.000000,0.000000,0.818888,2.208123
6181,100,-0.622956,20.027350,0.584022,1.025267,247.200000,1.179938,60.332916,-0.162228,-0.111785,0.197012,0.847169,
6191,100,-0.449913,20.395730,0.432609,0.920937,247.600000,1.017485,64.838286,-0.378532,-0.260825,0.459692,0.918552,
5921,101,-2.811677,20.106200,-0.041865,-1.853718,236.800000,1.854191,268.706222,,,,9.620052,
5931,101,-2.828423,19.364720,-0.041865,-1.853718,237.200000,1.854191,268.706222,0.000000,0.000000,0.000000,9.379905,
5941,101,-2.845169,18.623230,-0.041865,-1.853718,237.600000,1.854191,268.706222,0.000000,0.000000,0.000000,9.146304,
5951,101,-2.907130,17.893370,-0.154902,-1.824649,238.000000,1.831212,265.147565,-0.282591,0.072672,0.291786,8.673571,
5961,101,-3.036913,17.180950,-0.324456,-1.781046,238.400000,1.810358,259.675538,-0.423887,0.109007,0.437679,7.556957,
5971,101,-3.166695,16.468530,-0.324456,-1.781046,238.800000,1.810358,259.675538,0.000000,0.000000,0.000000,6.410692,
5981,101,-3.296478,15.756110,-0.324456,-1.781046,239.200000,1.810358,259.675538,0.000000,0.000000,0.000000,4.457601,
5991,101,-3.378861,15.020560,-0.205959,-1.838881,239.600000,1.850379,263.609362,0.296243,-0.144587,0.329644,4.130162,
6001,101,-3.429646,14.269590,-0.126961,-1.877439,240.000000,1.881727,266.131282,0.197495,-0.096395,0.219764,2.994478,
6011,101,-3.480430,13.518610,-0.126961,-1.877439,240.400000,1.881727,266.131282,0.000000,0.000000,0.000000,1.956451,
6021,101,-3.531215,12.767640,-0.126961,-1.877439,240.800000,1.881727,266.131282,0.000000,0.000000,0.000000,1.280908,
6031,101,-3.581999,12.016660,-0.126961,-1.877439,241.200000,1.881727,266.131282,0.000000,0.000000,0.000000,1.551107,
6041,101,-3.548143,11.325770,0.084641,-1.727220,241.600000,1.729293,272.805482,0.529005,0.375547,0.648754,2.405928,
6051,101,-3.514287,10.634890,0.084641,-1.727220,242.000000,1.729293,272.805482,0.000000,0.000000,0.000000,3.506552,
6061,101,-3.480430,9.943997,0.084641,-1.727220,242.400000,1.729293,272.805482,0.000000,0.000000,0.000000,4.274959,
6071,101,-3.446574,9.253109,0.084641,-1.727220,242.800000,1.729293,272.805482,0.000000,0.000000,0.000000,4.249873,
6081,101,-3.428379,8.550219,0.045487,-1.757226,243.200000,1.757815,271.482817,-0.097884,-0.075015,0.123323,4.238038,
6091,101,-3.433676,7.829325,-0.013243,-1.802235,243.600000,1.802284,269.578989,-0.146826,-0.112522,0.184984,3.955052,
6101,101,-3.438974,7.108431,-0.013243,-1.802235,244.000000,1.802284,269.578989,0.000000,0.000000,0.000000,3.413261,
6111,101,-3.444271,6.387537,-0.013243,-1.802235,244.400000,1.802284,269.578989,0.000000,0.000000,0.000000,3.178819,
6121,101,-3.449568,5.666642,-0.013243,-1.802235,244.800000,1.802284,269.578989,0.000000,0.000000,0.000000,3.417264,
5981,102,-3.271308,20.213640,0.255632,-2.073583,239.200000,2.089281,277.027993,,,,4.457601,2.802350
5991,102,-3.169055,19.384200,0.255632,-2.073583,239.600000,2.089281,277.027993,0.000000,0.000000,0.000000,4.368681,2.401766
6001,102,-3.066802,18.554770,0.255632,-2.073583,240.000000,2.089281,277.027993,0.000000,0.000000,0.000000,4.300514,1.998392
6011,102,-2.995094,17.749980,0.179270,-2.011977,240.400000,2.019948,275.091700,-0.190905,0.154015,0.245286,4.259113,1.657723
6021,102,-3.045565,17.043760,-0.126177,-1.765552,240.800000,1.770055,265.912232,-0.763620,0.616062,0.981146,4.303610,
6031,102,-3.096036,16.337540,-0.126177,-1.765552,241.200000,1.770055,265.912232,0.000000,0.000000,0.000000,3.510534,
6041,102,-3.146507,15.631320,-0.126177,-1.765552,241.600000,1.770055,265.912232,0.000000,0.000000,0.000000,2.385619,
6051,102,-3.150722,14.919550,-0.010538,-1.779419,242.000000,1.779450,269.660693,0.289099,-0.034667,0.291170,1.345697,
6061,102,-3.124100,14.204080,0.066555,-1.788665,242.400000,1.789903,272.130959,0.192733,-0.023115,0.194114,0.947006,
6071,102,-3.097478,13.488620,0.066555,-1.788665,242.800000,1.789903,272.130959,0.000000,0.000000,0.000000,1.737090,
6081,102,-3.070856,12.773150,0.066555,-1.788665,243.200000,1.789903,272.130959,0.000000,0.000000,0.000000,2.858831,
6091,102,-3.095315,12.053450,-0.061148,-1.799262,243.600000,1.800301,268.053563,-0.319257,-0.026492,0.320354,4.062321,
6101,102,-3.141666,11.331930,-0.115877,-1.803803,244.000000,1.807521,266.324338,-0.136824,-0.011353,0.137295,4.233950,
6111,102,-3.188017,10.610400,-0.115877,-1.803803,244.400000,1.807521,266.324338,0.000000,0.000000,0.000000,4.230631,
6121,102,-3.234367,9.888884,-0.115877,-1.803803,244.800000,1.807521,266.324338,0.000000,0.000000,0.000000,3.553679,
6131,102,-3.280718,9.167362,-0.115877,-1.803803,245.200000,1.807521,266.324338,0.000000,0.000000,0.000000,2.699564,
6141,102,-3.325524,8.440490,-0.112015,-1.817180,245.600000,1.820629,266.472634,0.009656,-0.033442,0.034809,2.364309,
6151,102,-3.356425,7.665460,-0.077252,-1.937575,246.000000,1.939114,267.716814,0.086908,-0.300987,0.313283,2.721894,
6161,102,-3.387326,6.890430,-0.077252,-1.937575,246.400000,1.939114,267.716814,0.000000,0.000000,0.000000,3.540652,
6171,102,-3.418226,6.115400,-0.077252,-1.937575,246.800000,1.939114,267.716814,0.000000,0.000000,0.000000,4.579575,
6181,102,-3.449127,5.340370,-0.077252,-1.937575,247.200000,1.939114,267.716814,0.000000,0.000000,0.000000,5.676162,
6081,103,0.353194,5.764672,-0.533036,0.925320,243.200000,1.067869,119.944329,,,,1.051614,3.325317
6091,103,0.139980,6.134799,-0.533036,0.925320,243.600000,1.067869,119.944329,0.000000,0.000000,0.000000,0.996556,2.925317
6101,103,-0.077128,6.518226,-0.542769,0.958566,244.000000,1.101566,119.519857,-0.024334,0.083116,0.086605,0.962542,4.343577
6111,103,-0.329277,7.021339,-0.630373,1.257783,244.400000,1.406907,116.619001,-0.219008,0.748042,0.779443,1.014879,
6121,103,-0.581426,7.524452,-0.630373,1.257783,244.800000,1.406907,116.619001,0.000000,0.000000,0.000000,1.072289,
6131,103,-0.833575,8.027566,-0.630373,1.257783,245.200000,1.406907,116.619001,0.000000,0.000000,0.000000,1.134002,
6141,103,-0.963123,8.535462,-0.323871,1.269740,245.600000,1.310394,104.309251,0.766254,0.029892,0.766837,1.126327,
6151,103,-1.010938,9.046546,-0.119537,1.277712,246.000000,1.283291,95.344761,0.510836,0.019930,0.511225,1.049648,2.346479
6161,103,-1.058753,9.557631,-0.119537,1.277712,246.400000,1.283291,95.344761,0.000000,0.000000,0.000000,0.972974,1.946481
6171,103,-1.106567,10.068720,-0.119537,1.277712,246.800000,1.283291,95.344761,0.000000,0.000000,0.000000,0.896306,1.546476
6181,103,-1.217649,10.559500,-0.277704,1.226948,247.200000,1.257983,102.753306,-0.395420,-0.126910,0.415286,0.890307,
6191,103,-1.344548,11.045200,-0.317246,1.214257,247.600000,1.255016,104.642237,-0.098855,-0.031727,0.103821,0.927303,2.037087
6201,103,-1.471446,11.530900,-0.317246,1.214257,248.000000,1.255016,104.642237,0.000000,0.000000,0.000000,0.967849,1.619658
6211,103,-1.598345,12.016600,-0.317246,1.214257,248.400000,1.255016,104.642237,0.000000,0.000000,0.000000,1.011516,1.199249
6221,103,-1.696159,12.524950,-0.244535,1.270862,248.800000,1.294174,100.891538,0.181779,0.141512,0.230368,1.032107,
6231,103,-1.726108,13.086120,-0.074875,1.402939,249.200000,1.404936,93.054966,0.424151,0.330193,0.537523,1.009594,
6241,103,-1.756058,13.647300,-0.074875,1.402939,249.600000,1.404936,93.054966,0.000000,0.000000,0.000000,0.816766,
6251,103,-1.786008,14.208470,-0.074875,1.402939,250.000000,1.404936,93.054966,0.000000,0.000000,0.000000,0.972741,
6261,103,-1.815958,14.769650,-0.074875,1.402939,250.400000,1.404936,93.054966,0.000000,0.000000,0.000000,0.956158,
6271,103,-1.857555,15.324080,-0.103993,1.386086,250.800000,1.389982,94.290635,-0.072795,-0.042132,0.084108,0.930708,
6281,103,-2.003976,15.817850,-0.366053,1.234417,251.200000,1.287548,106.517170,-0.655152,-0.379173,0.756965,1.013717,
6291,103,-2.150398,16.311620,-0.366053,1.234417,251.600000,1.287548,106.517170,0.000000,0.000000,0.000000,1.097173,
6301,103,-2.296819,16.805390,-0.366053,1.234417,252.000000,1.287548,106.517170,0.000000,0.000000,0.000000,1.101912,
6311,103,-2.437029,17.302590,-0.350524,1.243008,252.400000,1.291486,105.748266,0.038824,0.021477,0.044369,1.021213,2.102299
6321,103,-2.552391,17.813540,-0.288406,1.277372,252.800000,1.309526,102.722941,0.155295,0.085910,0.177475,0.914896,1.205852
6331,103,-2.667753,18.324490,-0.288406,1.277372,253.200000,1.309526,102.722941,0.000000,0.000000,0.000000,0.809263,0.805853
6341,103,-2.783115,18.835440,-0.288406,1.277372,253.600000,1.309526,102.722941,0.000000,0.000000,0.000000,0.800236,
6351,103,-2.898478,19.346390,-0.288406,1.277372,254.000000,1.309526,102.722941,0.000000,0.000000,0.000000,0.856681,
6361,103,-3.013840,19.857330,-0.288406,1.277372,254.400000,1.309526,102.722941,0.000000,0.000000,0.000000,0.914690,
6371,103,-3.129202,20.368280,-0.288406,1.277372,254.800000,1.309526,102.722941,0.000000,0.000000,0.000000,0.973987,
6081,104,1.367043,6.043959,-0.672947,0.914401,243.200000,1.135335,126.350949,,,,1.051614,3.325317
6091,104,1.097864,6.409719,-0.672947,0.914401,243.600000,1.135335,126.350949,0.000000,0.000000,0.000000,0.996556,2.925317
6101,104,0.845877,6.791262,-0.629969,0.953855,244.000000,1.143110,123.442547,0.107445,0.098637,0.145855,0.962542,4.343577
6111,104,0.662655,7.235932,-0.458056,1.111675,244.400000,1.202346,112.393692,0.429781,0.394549,0.583421,1.014879,
6121,104,0.479432,7.680602,-0.458056,1.111675,244.800000,1.202346,112.393692,0.000000,0.000000,0.000000,1.072289,
6131,104,0.296210,8.125272,-0.458056,1.111675,245.200000,1.202346,112.393692,0.000000,0.000000,0.000000,1.134002,
6141,104,0.160253,8.616927,-0.339891,1.229139,245.600000,1.275268,105.457597,0.295413,0.293660,0.416539,1.126327,3.893411
6151,104,0.036113,9.120329,-0.310350,1.258505,246.000000,1.296207,103.852852,0.073853,0.073415,0.104135,1.049648,2.346479
6161,104,-0.088026,9.623731,-0.310350,1.258505,246.400000,1.296207,103.852852,0.000000,0.000000,0.000000,0.972974,1.946481
6171,104,-0.212166,10.127130,-0.310350,1.258505,246.800000,1.296207,103.852852,0.000000,0.000000,0.000000,0.896306,1.546476
6181,104,-0.330946,10.639520,-0.296948,1.280970,247.200000,1.314938,103.051498,0.033504,0.056163,0.065397,0.890307,
6191,104,-0.428283,11.187850,-0.243342,1.370832,247.600000,1.392263,100.065964,0.134015,0.224655,0.261591,0.927303,
6201,104,-0.525620,11.736190,-0.243342,1.370832,248.000000,1.392263,100.065964,0.000000,0.000000,0.000000,0.967849,
6211,104,-0.622956,12.284520,-0.243342,1.370832,248.400000,1.392263,100.065964,0.000000,0.000000,0.000000,1.011516,
6221,104,-0.708423,12.824320,-0.213667,1.349495,248.800000,1.366305,98.996997,0.074189,-0.053342,0.091376,1.032107,
6231,104,-0.746408,13.329980,-0.094963,1.264148,249.200000,1.267710,94.295994,0.296759,-0.213368,0.365502,1.009594,
6241,104,-0.784393,13.835640,-0.094963,1.264148,249.600000,1.267710,94.295994,0.000000,0.000000,0.000000,0.989750,
6251,104,-0.822379,14.341300,-0.094963,1.264148,250.000000,1.267710,94.295994,0.000000,0.000000,0.000000,0.972741,
6261,104,-0.863054,14.848470,-0.101689,1.267938,250.400000,1.272009,94.585342,-0.016816,0.009475,0.019302,0.956158,
6271,104,-0.927945,15.369290,-0.162228,1.302040,250.800000,1.312108,97.102190,-0.151347,0.085255,0.173708,0.930708,
6281,104,-0.992837,15.890100,-0.162228,1.302040,251.200000,1.312108,97.102190,0.000000,0.000000,0.000000,1.013717,
6291,104,-1.057728,16.410920,-0.162228,1.302040,251.600000,1.312108,97.102190,0.000000,0.000000,0.000000,1.097173,
6301,104,-1.199990,16.911110,-0.355654,1.250480,252.000000,1.300073,105.876502,-0.483565,-0.128900,0.500450,1.101912,
6311,104,-1.419622,17.390680,-0.549080,1.198919,252.400000,1.318672,114.606804,-0.483565,-0.128902,0.500451,1.021213,2.102299
6321,104,-1.639254,17.870250,-0.549080,1.198919,252.800000,1.318672,114.606804,0.000000,0.000000,0.000000,0.914896,1.205852
6331,104,-1.858886,18.349810,-0.549080,1.198919,253.200000,1.318672,114.606804,0.000000,0.000000,0.000000,0.809263,0.805853
6341,104,-1.982957,18.824270,-0.310178,1.186135,253.600000,1.226021,104.654860,0.597255,-0.031960,0.598110,0.800236,
6351,104,-2.043321,19.295310,-0.150910,1.177612,254.000000,1.187242,97.302605,0.398170,-0.021307,0.398740,0.856681,
6361,104,-2.103685,19.766360,-0.150910,1.177612,254.400000,1.187242,97.302605,0.000000,0.000000,0.000000,0.914690,
6371,104,-2.164049,20.237400,-0.150910,1.177612,254.800000,1.187242,97.302605,0.000000,0.000000,0.000000,0.973987,
6141,105,-2.593655,20.074170,0.249582,-1.614292,245.600000,1.633472,278.788779,,,,1.047817,3.893411
6151,105,-2.493822,19.428450,0.249582,-1.614292,246.000000,1.633472,278.788779,0.000000,0.000000,0.000000,1.097109,3.398045
6161,105,-2.418055,18.784000,0.189419,-1.611130,246.400000,1.622227,276.705445,-0.150406,0.007905,0.150614,1.123928,3.044976
6171,105,-2.438546,18.144610,-0.051230,-1.598481,246.800000,1.599302,268.164347,-0.601624,0.031622,0.602454,1.067123,3.468454
6181,105,-2.459038,17.505220,-0.051230,-1.598481,247.200000,1.599302,268.164347,0.000000,0.000000,0.000000,1.027600,4.353124
6191,105,-2.479530,16.865830,-0.051230,-1.598481,247.600000,1.599302,268.164347,0.000000,0.000000,0.000000,0.988099,2.037087
6201,105,-2.498905,16.217980,-0.048436,-1.619613,248.000000,1.620337,268.287042,0.006986,-0.052830,0.053290,0.950729,1.619658
6211,105,-2.516602,15.557460,-0.044244,-1.651310,248.400000,1.651903,268.465224,0.010479,-0.079242,0.079932,0.917414,1.199249
6221,105,-2.534300,14.896930,-0.044244,-1.651310,248.800000,1.651903,268.465224,0.000000,0.000000,0.000000,0.891008,
6231,105,-2.551998,14.236410,-0.044244,-1.651310,249.200000,1.651903,268.465224,0.000000,0.000000,0.000000,0.865367,
6241,105,-2.569695,13.575880,-0.044244,-1.651310,249.600000,1.651903,268.465224,0.000000,0.000000,0.000000,0.816766,
6251,105,-2.457610,12.989770,0.280212,-1.465288,250.000000,1.491840,280.826173,0.811141,0.465055,0.935001,0.928505,
6261,105,-2.345525,12.403650,0.280212,-1.465288,250.400000,1.491840,280.826173,0.000000,0.000000,0.000000,0.995167,
6271,105,-2.233440,11.817540,0.280212,-1.465288,250.800000,1.491840,280.826173,0.000000,0.000000,0.000000,1.060087,
6281,105,-2.121355,11.231420,0.280212,-1.465288,251.200000,1.491840,280.826173,0.000000,0.000000,0.000000,1.125841,
6291,105,-2.014226,10.658390,0.267824,-1.432576,251.600000,1.457396,280.589365,-0.030971,0.081780,0.087448,1.184266,
6301,105,-1.910400,10.094090,0.259565,-1.410768,252.000000,1.434448,280.425176,-0.020647,0.054520,0.058299,1.231575,
6311,105,-1.806574,9.529778,0.259565,-1.410768,252.400000,1.434448,280.425176,0.000000,0.000000,0.000000,1.228204,
6321,105,-1.702748,8.965471,0.259565,-1.410768,252.800000,1.434448,280.425176,0.000000,0.000000,0.000000,1.229712,
6331,105,-1.677190,8.379113,0.063893,-1.465895,253.200000,1.467287,272.495732,-0.489181,-0.137818,0.508224,1.159436,
6341,105,-1.703812,7.778054,-0.066555,-1.502647,253.600000,1.504120,267.463916,-0.326120,-0.091880,0.338816,1.051885,1.744056
6351,105,-1.730435,7.176995,-0.066555,-1.502647,254.000000,1.504120,267.463916,0.000000,0.000000,0.000000,1.054477,
6361,105,-1.757057,6.575937,-0.066555,-1.502647,254.400000,1.504120,267.463916,0.000000,0.000000,0.000000,1.057103,
6371,105,-1.822421,5.994118,-0.163410,-1.454547,254.800000,1.463697,263.590006,-0.242138,0.120250,0.270354,1.020546,6.035916
6381,105,-1.904389,5.420545,-0.204920,-1.433933,255.200000,1.448501,261.867065,-0.103774,0.051535,0.115865,0.968077,3.424077
6141,106,-3.616608,20.301080,0.108152,-1.692475,245.600000,1.695927,273.656332,,,,1.047817,
6151,106,-3.573347,19.624090,0.108152,-1.692475,246.000000,1.695927,273.656332,0.000000,0.000000,0.000000,1.097109,
6161,106,-3.530086,18.947100,0.108152,-1.692475,246.400000,1.695927,273.656332,0.000000,0.000000,0.000000,1.123928,
6171,106,-3.496886,18.281240,0.083000,-1.664651,246.800000,1.666719,272.854438,-0.062879,0.069560,0.093768,1.067123,3.468454
6181,106,-3.478777,17.632080,0.045273,-1.622914,247.200000,1.623545,271.597915,-0.094319,0.104343,0.140653,1.027600,4.353124
6191,106,-3.460668,16.982910,0.045273,-1.622914,247.600000,1.623545,271.597915,0.000000,0.000000,0.000000,0.988099,3.953123
6201,106,-3.442559,16.333750,0.045273,-1.622914,248.000000,1.623545,271.597915,0.000000,0.000000,0.000000,0.950729,3.762961
6211,106,-3.425024,15.685590,0.043836,-1.620396,248.400000,1.620989,271.549616,-0.003593,0.006295,0.007248,0.917414,4.156060
6221,106,-3.412664,15.046500,0.030901,-1.597730,248.800000,1.598029,271.107981,-0.032338,0.056665,0.065243,0.891008,
6231,106,-3.400304,14.407400,0.030901,-1.597730,249.200000,1.598029,271.107981,0.000000,0.000000,0.000000,0.865367,
6241,106,-3.387944,13.768310,0.030901,-1.597730,249.600000,1.598029,271.107981,0.000000,0.000000,0.000000,0.840572,
6251,106,-3.375583,13.129220,0.030901,-1.597730,250.000000,1.598029,271.107981,0.000000,0.000000,0.000000,0.928505,
6261,106,-3.325679,12.575860,0.124761,-1.383412,250.400000,1.389026,275.153205,0.234651,0.535795,0.584925,0.995167,
6271,106,-3.271603,12.032020,0.135190,-1.359599,250.800000,1.366304,275.678476,0.026072,0.059532,0.064991,1.060087,
6281,106,-3.217527,11.488180,0.135190,-1.359599,251.200000,1.366304,275.678476,0.000000,0.000000,0.000000,1.125841,
6291,106,-3.163451,10.944340,0.135190,-1.359599,251.600000,1.366304,275.678476,0.000000,0.000000,0.000000,1.184266,
6301,106,-3.105697,10.390810,0.144383,-1.383809,252.000000,1.391321,275.956543,0.022982,-0.060525,0.064741,1.231575,
6311,106,-3.014849,9.750134,0.227120,-1.601700,252.400000,1.617723,278.070680,0.206841,-0.544727,0.582676,1.228204,
6321,106,-2.924002,9.109454,0.227120,-1.601700,252.800000,1.617723,278.070680,0.000000,0.000000,0.000000,1.229712,
6331,106,-2.833154,8.468774,0.227120,-1.601700,253.200000,1.617723,278.070680,0.000000,0.000000,0.000000,1.159436,
6341,106,-2.754340,7.831476,0.197034,-1.593245,253.600000,1.605382,277.049866,-0.075215,0.021137,0.078128,1.005145,1.744056
6351,106,-2.783836,7.224614,-0.073740,-1.517153,254.000000,1.518944,267.217370,-0.676934,0.190230,0.703155,1.054477,
6361,106,-2.813333,6.617753,-0.073740,-1.517153,254.400000,1.518944,267.217370,0.000000,0.000000,0.000000,1.057103,
6371,106,-2.842829,6.010892,-0.073740,-1.517153,254.800000,1.518944,267.217370,0.000000,0.000000,0.000000,1.020546,6.035916
6381,106,-2.872325,5.404031,-0.073740,-1.517153,255.200000,1.518944,267.217370,0.000000,0.000000,0.000000,0.968077,3.424077
6281,107,-4.414230,5.195189,-0.040557,1.487711,251.200000,1.488264,91.561575,,,,6.405766,
6291,107,-4.430453,5.790273,-0.040557,1.487711,251.600000,1.488264,91.561575,0.000000,0.000000,0.000000,0.823628,
6301,107,-4.446676,6.385357,-0.040557,1.487711,252.000000,1.488264,91.561575,0.000000,0.000000,0.000000,0.851731,
6311,107,-4.462899,6.980442,-0.040557,1.487711,252.400000,1.488264,91.561575,0.000000,0.000000,0.000000,0.880509,
6321,107,-4.445451,7.530192,0.043620,1.374376,252.800000,1.375068,88.182174,0.210441,-0.283337,0.352939,0.854889,4.118407
6331,107,-4.424262,8.074905,0.052972,1.361783,253.200000,1.362813,87.772354,0.023382,-0.031483,0.039216,0.850199,
6341,107,-4.403073,8.619618,0.052972,1.361783,253.600000,1.362813,87.772354,0.000000,0.000000,0.000000,0.846657,
6351,107,-4.381884,9.164331,0.052972,1.361783,254.000000,1.362813,87.772354,0.000000,0.000000,0.000000,0.844275,
6361,107,-4.360695,9.709044,0.052972,1.361783,254.400000,1.362813,87.772354,0.000000,0.000000,0.000000,0.843064,
6371,107,-4.326839,10.219110,0.084641,1.275174,254.800000,1.277980,86.202512,0.079171,-0.216522,0.230543,0.817466,
6381,107,-4.292982,10.729180,0.084641,1.275174,255.200000,1.277980,86.202512,0.000000,0.000000,0.000000,0.813474,
6391,107,-4.259126,11.239250,0.084641,1.275174,255.600000,1.277980,86.202512,0.000000,0.000000,0.000000,0.811698,
6401,107,-4.225270,11.749320,0.084641,1.275174,256.000000,1.277980,86.202512,0.000000,0.000000,0.000000,0.812142,
6411,107,-4.198329,12.289800,0.067352,1.351201,256.400000,1.352879,87.146375,-0.043221,0.190068,0.194920,0.830166,
6421,107,-4.181761,12.875900,0.041420,1.465243,256.800000,1.465828,88.380775,-0.064831,0.285105,0.292383,0.872397,
6431,107,-4.165193,13.462000,0.041420,1.465243,257.200000,1.465828,88.380775,0.000000,0.000000,0.000000,0.885548,
6441,107,-4.148625,14.048090,0.041420,1.465243,257.600000,1.465828,88.380775,0.000000,0.000000,0.000000,0.891338,
6451,107,-4.132057,14.634190,0.041420,1.465243,258.000000,1.465828,88.380775,0.000000,0.000000,0.000000,0.897134,
6461,107,-4.117523,15.221480,0.036333,1.468212,258.400000,1.468661,88.582411,-0.012717,0.007423,0.014724,0.905246,
6471,107,-4.103862,15.809270,0.034153,1.469485,258.800000,1.469882,88.668589,-0.005450,0.003182,0.006311,0.914349,
6481,107,-4.090201,16.397060,0.034153,1.469485,259.200000,1.469882,88.668589,0.000000,0.000000,0.000000,0.921811,
6491,107,-4.076539,16.984860,0.034153,1.469485,259.600000,1.469882,88.668589,0.000000,0.000000,0.000000,0.915313,
6501,107,-4.137469,17.554450,-0.152324,1.423988,260.000000,1.432112,96.105704,-0.466193,-0.113743,0.479868,0.972378,
6511,107,-4.206686,18.122030,-0.173043,1.418932,260.400000,1.429445,96.953073,-0.051799,-0.012640,0.053319,1.036537,
6521,107,-4.275904,18.689600,-0.173043,1.418932,260.800000,1.429445,96.953073,0.000000,0.000000,0.000000,1.100798,
6531,107,-4.345121,19.257170,-0.173043,1.418932,261.200000,1.429445,96.953073,0.000000,0.000000,0.000000,1.162664,
6541,107,-4.414338,19.824740,-0.173043,1.418932,261.600000,1.429445,96.953073,0.000000,0.000000,0.000000,1.220078,
6551,107,-4.483556,20.392320,-0.173043,1.418932,262.000000,1.429445,96.953073,0.000000,0.000000,0.000000,1.279284,
6291,108,-3.764532,5.305595,-0.020933,1.396815,251.600000,1.396972,90.858571,,,,0.823628,
6301,108,-3.772905,5.864321,-0.020933,1.396815,252.000000,1.396972,90.858571,0.000000,0.000000,0.000000,0.851731,
6311,108,-3.781278,6.423047,-0.020933,1.396815,252.400000,1.396972,90.858570,0.000000,0.000000,0.000000,0.880509,
6321,108,-3.789652,6.981773,-0.020933,1.396815,252.800000,1.396972,90.858570,0.000000,0.000000,0.000000,0.854889,4.118407
6331,108,-3.752571,7.553685,0.092702,1.429779,253.200000,1.432781,86.290335,0.284086,0.082410,0.295798,0.850199,
6341,108,-3.715490,8.125596,0.092702,1.429779,253.600000,1.432781,86.290335,0.000000,0.000000,0.000000,0.846657,
6351,108,-3.678409,8.697508,0.092702,1.429779,254.000000,1.432781,86.290335,0.000000,0.000000,0.000000,0.844275,
6361,108,-3.641329,9.269419,0.092702,1.429779,254.400000,1.432781,86.290335,0.000000,0.000000,0.000000,0.843064,
6371,108,-3.603058,9.839120,0.095675,1.424252,254.800000,1.427462,86.156883,0.007434,-0.013817,0.015690,0.817466,
6381,108,-3.554084,10.388930,0.122436,1.374516,255.200000,1.379958,84.909755,0.066903,-0.124340,0.141196,0.813474,
6391,108,-3.505109,10.938730,0.122436,1.374516,255.600000,1.379958,84.909755,0.000000,0.000000,0.000000,0.811698,
6401,108,-3.456135,11.488540,0.122436,1.374516,256.000000,1.379958,84.909755,0.000000,0.000000,0.000000,0.812142,
6411,108,-3.407160,12.038350,0.122436,1.374516,256.400000,1.379958,84.909755,0.000000,0.000000,0.000000,0.830166,
6421,108,-3.358186,12.588150,0.122436,1.374516,256.800000,1.379958,84.909755,0.000000,0.000000,0.000000,0.872397,
6431,108,-3.330176,13.167140,0.070025,1.447459,257.200000,1.449152,87.230310,-0.131028,0.182358,0.224550,0.885548,
6441,108,-3.307407,13.753410,0.056922,1.465695,257.600000,1.466800,87.775961,-0.032757,0.045590,0.056138,0.891338,
6451,108,-3.284638,14.339690,0.056922,1.465695,258.000000,1.466800,87.775961,0.000000,0.000000,0.000000,0.897134,
6461,108,-3.261869,14.925970,0.056922,1.465695,258.400000,1.466800,87.775961,0.000000,0.000000,0.000000,0.905246,
6471,108,-3.239100,15.512250,0.056922,1.465695,258.800000,1.466800,87.775961,0.000000,0.000000,0.000000,0.914349,
6481,108,-3.219149,16.095390,0.049878,1.457855,259.200000,1.458708,88.040485,-0.017610,-0.019600,0.026349,0.921811,
6491,108,-3.224557,16.650310,-0.013519,1.387301,259.600000,1.387367,90.558320,-0.158493,-0.176385,0.237132,0.915313,
6501,108,-3.229964,17.205230,-0.013519,1.387301,260.000000,1.387367,90.558320,0.000000,0.000000,0.000000,0.972378,
6511,108,-3.235372,17.760150,-0.013519,1.387301,260.400000,1.387367,90.558320,0.000000,0.000000,0.000000,1.036537,
6521,108,-3.240779,18.315070,-0.013519,1.387301,260.800000,1.387367,90.558320,0.000000,0.000000,0.000000,1.100798,
6531,108,-3.244565,18.882250,-0.009463,1.417937,261.200000,1.417969,90.382386,0.010139,0.076590,0.077258,1.162664,
6541,108,-3.244565,19.478010,0.000000,1.489423,261.600000,1.489423,90.000000,0.023658,0.178715,0.180274,1.220078,
6551,108,-3.244565,20.073780,0.000000,1.489423,262.000000,1.489423,90.000000,0.000000,0.000000,0.000000,1.279284,
6401,109,-3.400304,5.552983,0.000000,1.257929,256.000000,1.257929,90.000000,,,,0.929219,2.905753
6411,109,-3.400304,6.056155,0.000000,1.257929,256.400000,1.257929,90.000000,0.000000,0.000000,0.000000,0.878782,2.505756
6421,109,-3.400304,6.559327,0.000000,1.257929,256.800000,1.257929,90.000000,0.000000,0.000000,0.000000,0.829490,2.105752
6431,109,-3.395723,7.067850,0.011451,1.271310,257.200000,1.271362,89.483919,0.028628,0.033453,0.044030,0.786062,1.893104
6441,109,-3.380455,7.588864,0.038171,1.302533,257.600000,1.303092,88.321400,0.066800,0.078057,0.102738,0.768837,4.180897
6451,109,-3.365186,8.109877,0.038171,1.302533,258.000000,1.303092,88.321400,0.000000,0.000000,0.000000,0.774126,
6461,109,-3.349918,8.630890,0.038171,1.302533,258.400000,1.303092,88.321400,0.000000,0.000000,0.000000,0.779414,
6471,109,-3.334649,9.151903,0.038171,1.302533,258.800000,1.303092,88.321400,0.000000,0.000000,0.000000,0.784703,
6481,109,-3.319381,9.672916,0.038171,1.302533,259.200000,1.303092,88.321400,0.000000,0.000000,0.000000,0.789990,
6491,109,-3.304112,10.193930,0.038171,1.302533,259.600000,1.303092,88.321400,0.000000,0.000000,0.000000,0.795557,
6501,109,-3.288843,10.714940,0.038171,1.302533,260.000000,1.303092,88.321400,0.000000,0.000000,0.000000,0.802803,
6511,109,-3.273575,11.235950,0.038171,1.302533,260.400000,1.303092,88.321400,0.000000,0.000000,0.000000,0.810973,
6521,109,-3.258306,11.756970,0.038171,1.302533,260.800000,1.303092,88.321400,0.000000,0.000000,0.000000,0.820045,
6531,109,-3.242006,12.279690,0.040752,1.306807,261.200000,1.307442,88.213846,0.006452,0.010685,0.012482,0.831205,
6541,109,-3.216415,12.817800,0.063977,1.345278,261.600000,1.346798,87.277238,0.058063,0.096177,0.112345,0.854897,
6551,109,-3.190824,13.355910,0.063977,1.345278,262.000000,1.346798,87.277238,0.000000,0.000000,0.000000,0.880556,
6561,109,-3.165233,13.894020,0.063977,1.345278,262.400000,1.346798,87.277238,0.000000,0.000000,0.000000,0.901937,
6571,109,-3.139642,14.432140,0.063977,1.345278,262.800000,1.346798,87.277238,0.000000,0.000000,0.000000,0.923555,
6581,109,-3.114051,14.970250,0.063977,1.345278,263.200000,1.346798,87.277238,0.000000,0.000000,0.000000,0.948019,
6591,109,-3.088460,15.508360,0.063977,1.345278,263.600000,1.346798,87.277238,0.000000,0.000000,0.000000,0.975117,
6601,109,-3.062869,16.046470,0.063977,1.345278,264.000000,1.346798,87.277238,0.000000,0.000000,0.000000,1.004636,
6611,109,-3.107860,16.630950,-0.112478,1.461206,264.400000,1.465529,94.401736,-0.441139,0.289820,0.527825,0.963521,3.541809
6621,109,-3.152852,17.215430,-0.112478,1.461206,264.800000,1.465529,94.401736,0.000000,0.000000,0.000000,0.922413,3.141803
6631,109,-3.197843,17.799920,-0.112478,1.461206,265.200000,1.465529,94.401736,0.000000,0.000000,0.000000,0.895532,4.521708
6641,109,-3.242834,18.384400,-0.112478,1.461206,265.600000,1.465529,94.401736,0.000000,0.000000,0.000000,0.870333,4.471344
6651,109,-3.287826,18.968880,-0.112478,1.461206,266.000000,1.465529,94.401736,0.000000,0.000000,0.000000,0.845250,4.071300
6661,109,-3.332817,19.553360,-0.112478,1.461206,266.400000,1.465529,94.401736,0.000000,0.000000,0.000000,0.820297,3.671321
6671,109,-3.377808,20.137850,-0.112478,1.461206,266.800000,1.465529,94.401736,0.000000,0.000000,0.000000,0.795483,3.271325
6401,110,-4.325175,5.463195,0.119537,1.344812,256.000000,1.350114,84.920487,,,,0.929219,2.905753
6411,110,-4.277361,6.001119,0.119537,1.344812,256.400000,1.350114,84.920487,0.000000,0.000000,0.000000,0.878782,2.505756
6421,110,-4.229546,6.539044,0.119537,1.344812,256.800000,1.350114,84.920487,0.000000,0.000000,0.000000,0.829490,2.105752
6431,110,-4.181732,7.076969,0.119537,1.344812,257.200000,1.350114,84.920487,0.000000,0.000000,0.000000,0.786062,1.893104
6441,110,-4.149049,7.608204,0.081705,1.328086,257.600000,1.330597,86.479541,-0.094578,-0.041815,0.103410,0.768837,4.180897
6451,110,-4.139066,8.129402,0.024958,1.302996,258.000000,1.303235,88.902664,-0.141868,-0.062725,0.155116,0.774126,
6461,110,-4.129083,8.650601,0.024958,1.302996,258.400000,1.303235,88.902664,0.000000,0.000000,0.000000,0.779414,
6471,110,-4.119100,9.171799,0.024958,1.302996,258.800000,1.303235,88.902664,0.000000,0.000000,0.000000,0.784703,
6481,110,-4.109116,9.692998,0.024958,1.302996,259.200000,1.303235,88.902664,0.000000,0.000000,0.000000,0.789990,
6491,110,-4.099532,10.208680,0.023960,1.289206,259.600000,1.289429,88.935282,-0.002496,-0.034475,0.034565,0.795557,
6501,110,-4.091546,10.702300,0.019967,1.234043,260.000000,1.234205,89.073048,-0.009983,-0.137908,0.138268,0.802803,
6511,110,-4.083559,11.195910,0.019967,1.234043,260.400000,1.234205,89.073048,0.000000,0.000000,0.000000,0.810973,
6521,110,-4.075573,11.689530,0.019967,1.234043,260.800000,1.234205,89.073048,0.000000,0.000000,0.000000,0.820045,
6531,110,-4.067586,12.183150,0.019967,1.234043,261.200000,1.234205,89.073048,0.000000,0.000000,0.000000,0.831205,
6541,110,-4.059599,12.676770,0.019967,1.234043,261.600000,1.234205,89.073048,0.000000,0.000000,0.000000,0.854897,
6551,110,-4.051613,13.170380,0.019967,1.234043,262.000000,1.234205,89.073048,0.000000,0.000000,0.000000,0.880556,
6561,110,-4.051889,13.728700,-0.000690,1.395801,262.400000,1.395801,90.028324,-0.051641,0.404395,0.407679,0.901937,
6571,110,-4.055706,14.314750,-0.009543,1.465125,262.800000,1.465156,90.373181,-0.022132,0.173310,0.174717,0.923555,
6581,110,-4.059523,14.900800,-0.009543,1.465125,263.200000,1.465156,90.373181,0.000000,0.000000,0.000000,0.948019,
6591,110,-4.063340,15.486850,-0.009543,1.465125,263.600000,1.465156,90.373181,0.000000,0.000000,0.000000,0.975117,
6601,110,-4.067157,16.072900,-0.009543,1.465125,264.000000,1.465156,90.373181,0.000000,0.000000,0.000000,1.004636,
6611,110,-4.070974,16.658950,-0.009543,1.465125,264.400000,1.465156,90.373181,0.000000,0.000000,0.000000,0.963521,3.541809
6621,110,-4.074791,17.245000,-0.009543,1.465125,264.800000,1.465156,90.373181,0.000000,0.000000,0.000000,0.922413,3.141803
6631,110,-4.093143,17.820300,-0.045879,1.438227,265.200000,1.438959,91.827099,-0.090840,-0.067245,0.113022,0.895532,4.521708
6641,110,-4.113110,18.394390,-0.049916,1.435238,265.600000,1.436106,91.991897,-0.010093,-0.007472,0.012558,0.870333,4.471344
6651,110,-4.133076,18.968490,-0.049916,1.435238,266.000000,1.436106,91.991897,0.000000,0.000000,0.000000,0.845250,4.071300
6661,110,-4.153043,19.542580,-0.049916,1.435238,266.400000,1.436106,91.991897,0.000000,0.000000,0.000000,0.820297,3.671321
6671,110,-4.173009,20.116680,-0.049916,1.435238,266.800000,1.436106,91.991897,0.000000,0.000000,0.000000,0.795483,3.271325
6481,111,-1.375695,20.558860,0.380397,-1.160544,259.200000,1.221296,288.147845,,,,4.829170,
6491,111,-1.223537,20.094640,0.380397,-1.160544,259.600000,1.221296,288.147845,0.000000,0.000000,0.000000,3.983402,
6501,111,-1.071378,19.630420,0.380397,-1.160544,260.000000,1.221296,288.147845,0.000000,0.000000,0.000000,3.246697,
6511,111,-0.932001,19.171430,0.348441,-1.147477,260.400000,1.199214,286.891357,-0.079890,0.032668,0.086311,1.861551,
6521,111,-0.907667,18.759480,0.060836,-1.029873,260.800000,1.031668,273.380588,-0.719014,0.294010,0.776803,1.724202,
6531,111,-0.883333,18.347530,0.060836,-1.029873,261.200000,1.031668,273.380588,0.000000,0.000000,0.000000,1.594429,
6541,111,-0.858998,17.935580,0.060836,-1.029873,261.600000,1.031668,273.380588,0.000000,0.000000,0.000000,1.495743,3.905435
6551,111,-0.878814,17.698470,-0.049538,-0.592782,262.000000,0.594848,265.223011,-0.275933,1.092728,1.127028,1.283601,6.247170
6561,111,-0.903534,17.480780,-0.061801,-0.544216,262.400000,0.547714,263.521243,-0.030659,0.121414,0.125225,1.096266,1.514943
6571,111,-0.917130,17.075810,-0.033991,-1.012437,262.800000,1.013007,268.077124,0.069526,-1.170552,1.172615,1.054794,4.195228
6581,111,-0.927945,16.624010,-0.027038,-1.129492,263.200000,1.129816,268.628702,0.017382,-0.292638,0.293153,1.070147,3.579588
6591,111,-0.920114,16.174250,0.019579,-1.124412,263.600000,1.124582,270.997585,0.116543,0.012700,0.117233,1.103463,3.180064
6601,111,-0.884312,15.727530,0.089505,-1.116792,264.000000,1.120373,274.582173,0.174815,0.019050,0.175850,1.164221,2.793852
6611,111,-0.848510,15.280810,0.089505,-1.116792,264.400000,1.120373,274.582173,0.000000,0.000000,0.000000,1.198700,2.382622
6621,111,-0.842776,14.860610,0.014335,-1.050512,264.800000,1.050610,270.781784,-0.187926,0.165700,0.250545,1.154525,2.067486
6631,111,-0.867110,14.466920,-0.060836,-0.984232,265.200000,0.986111,266.463036,-0.187926,0.165699,0.250544,1.076183,1.769471
6641,111,-0.891444,14.073220,-0.060836,-0.984232,265.600000,0.986111,266.463036,0.000000,0.000000,0.000000,0.998384,1.418111
6651,111,-0.913502,13.680020,-0.055145,-0.983009,266.000000,0.984555,266.789206,0.014228,0.003058,0.014552,0.957767,3.472584
6661,111,-0.930248,13.287960,-0.041865,-0.980156,266.400000,0.981050,267.554215,0.033198,0.007134,0.033956,0.956005,
6671,111,-0.946994,12.895900,-0.041865,-0.980156,266.800000,0.981050,267.554215,0.000000,0.000000,0.000000,0.956954,
6681,111,-0.969342,12.486250,-0.055869,-1.024124,267.200000,1.025647,266.877463,-0.035008,-0.109920,0.115360,0.756305,5.856214
6691,111,-1.014094,12.006250,-0.111881,-1.199995,267.600000,1.205199,264.673428,-0.140032,-0.439677,0.461438,0.912286,
6701,111,-1.058847,11.526250,-0.111881,-1.199995,268.000000,1.205199,264.673428,0.000000,0.000000,0.000000,0.863706,
6711,111,-1.068692,11.063410,-0.024614,-1.157092,268.400000,1.157354,268.781374,0.218169,0.107258,0.243109,0.844033,
6721,111,-0.997088,10.640620,0.179010,-1.056986,268.800000,1.072037,279.612368,0.509061,0.250265,0.567253,0.884703,
6731,111,-0.925484,10.217820,0.179010,-1.056986,269.200000,1.072037,279.612368,0.000000,0.000000,0.000000,0.926781,
6741,111,-0.882522,9.793175,0.107406,-1.061623,269.600000,1.067042,275.777059,-0.179010,-0.011592,0.179385,0.961397,
6751,111,-0.882522,9.365744,0.000000,-1.068578,270.000000,1.068578,270.000000,-0.268516,-0.017388,0.269078,0.983393,
6761,111,-0.882522,8.938313,0.000000,-1.068578,270.400000,1.068578,270.000000,0.000000,0.000000,0.000000,1.005466,
6771,111,-0.882522,8.510881,0.000000,-1.068578,270.800000,1.068578,270.000000,0.000000,0.000000,0.000000,1.027611,
6781,111,-0.892343,8.083036,-0.024553,-1.069615,271.200000,1.069897,268.684982,-0.061384,-0.002593,0.061438,1.040465,
6791,111,-0.906374,7.655012,-0.035076,-1.070059,271.600000,1.070634,268.122525,-0.026307,-0.001110,0.026331,0.994789,3.457278
6801,111,-0.920404,7.226989,-0.035076,-1.070059,272.000000,1.070634,268.122525,0.000000,0.000000,0.000000,0.949112,3.057275
6811,111,-0.934435,6.798965,-0.035076,-1.070059,272.400000,1.070634,268.122525,0.000000,0.000000,0.000000,0.903436,2.657276
6821,111,-1.007645,6.440358,-0.183027,-0.896517,272.800000,0.915009,258.461449,-0.369876,0.433855,0.570121,0.783847,0.651318
6831,111,-1.080856,6.081752,-0.183027,-0.896517,273.200000,0.915009,258.461449,0.000000,0.000000,0.000000,0.668793,0.251320
6841,111,-1.154067,5.723145,-0.183027,-0.896517,273.600000,0.915009,258.461449,0.000000,0.000000,0.000000,0.740621,5.332939
6511,112,-2.282443,20.452710,0.497500,-1.080275,260.400000,1.189328,294.727526,,,,1.861551,
6521,112,-2.083443,20.020600,0.497500,-1.080275,260.800000,1.189328,294.727526,0.000000,0.000000,0.000000,0.863038,
6531,112,-1.884443,19.588490,0.497500,-1.080275,261.200000,1.189328,294.727526,0.000000,0.000000,0.000000,0.847684,
6541,112,-1.777628,19.115990,0.267037,-1.181254,261.600000,1.211062,282.738326,-0.576156,-0.252447,0.629035,0.926291,3.905435
6551,112,-1.809091,18.582900,-0.078656,-1.332721,262.000000,1.335040,266.622368,-0.864234,-0.378668,0.943552,1.141545,4.844740
6561,112,-1.840553,18.049810,-0.078656,-1.332721,262.400000,1.335040,266.622368,0.000000,0.000000,0.000000,1.096266,4.444739
6571,112,-1.872863,17.522090,-0.080774,-1.319302,262.800000,1.321772,266.496460,-0.005294,0.033547,0.033963,1.054794,4.068536
6581,112,-1.912796,17.042680,-0.099833,-1.198529,263.200000,1.202680,265.238478,-0.047647,0.301933,0.305669,1.070147,3.880227
6591,112,-1.952729,16.563270,-0.099833,-1.198529,263.600000,1.202680,265.238478,0.000000,0.000000,0.000000,1.103463,3.480228
6601,112,-1.992662,16.083860,-0.099833,-1.198529,264.000000,1.202680,265.238478,0.000000,0.000000,0.000000,1.070860,3.080229
6611,112,-2.017953,15.618390,-0.063227,-1.163654,264.400000,1.165370,266.889879,0.091513,0.087188,0.126398,1.135392,2.590579
6621,112,-1.984675,15.208730,0.083194,-1.024156,264.800000,1.027529,274.644038,0.366053,0.348745,0.505587,1.090299,3.882205
6631,112,-1.951398,14.799070,0.083194,-1.024156,265.200000,1.027529,274.644038,0.000000,0.000000,0.000000,1.045999,3.482207
6641,112,-1.918120,14.389410,0.083194,-1.024156,265.600000,1.027529,274.644038,0.000000,0.000000,0.000000,1.002582,3.095301
6651,112,-1.894826,13.976080,0.058236,-1.033322,266.000000,1.034962,273.225653,-0.062395,-0.022915,0.066470,0.953945,2.981286
6661,112,-1.894826,13.554190,0.000000,-1.054711,266.400000,1.054711,270.000000,-0.145589,-0.053473,0.155099,0.914935,2.247787
6671,112,-1.894826,13.132310,0.000000,-1.054711,266.800000,1.054711,270.000000,0.000000,0.000000,0.000000,0.879167,1.847790
6681,112,-1.894826,12.710430,0.000000,-1.054711,267.200000,1.054711,270.000000,0.000000,0.000000,0.000000,0.868289,5.856214
6691,112,-1.884647,12.279020,0.025448,-1.078510,267.600000,1.078810,271.351650,0.063619,-0.059497,0.087105,0.910060,
6701,112,-1.864289,11.838100,0.050895,-1.102308,268.000000,1.103482,272.643550,0.063619,-0.059495,0.087103,0.863706,
6711,112,-1.843931,11.397170,0.050895,-1.102308,268.400000,1.103482,272.643550,0.000000,0.000000,0.000000,0.844033,
6721,112,-1.823573,10.956250,0.050895,-1.102308,268.800000,1.103482,272.643550,0.000000,0.000000,0.000000,0.829196,
6731,112,-1.803215,10.515330,0.050895,-1.102308,269.200000,1.103482,272.643550,0.000000,0.000000,0.000000,0.926781,
6741,112,-1.800438,10.079030,0.006940,-1.090744,269.600000,1.090766,270.364560,-0.109887,0.028910,0.113627,0.961397,
6751,112,-1.824035,9.649672,-0.058992,-1.073397,270.000000,1.075017,266.854286,-0.164831,0.043368,0.170440,0.975494,
6761,112,-1.847632,9.220314,-0.058992,-1.073397,270.400000,1.075017,266.854286,0.000000,0.000000,0.000000,1.003261,
6771,112,-1.871229,8.790955,-0.058992,-1.073397,270.800000,1.075017,266.854286,0.000000,0.000000,0.000000,1.027611,
6781,112,-1.894826,8.361596,-0.058992,-1.073397,271.200000,1.075017,266.854286,0.000000,0.000000,0.000000,1.040465,
6791,112,-1.864876,7.921241,0.074875,-1.100888,271.600000,1.103431,273.890859,0.334667,-0.068727,0.341651,0.994789,3.457278
6801,112,-1.834926,7.480886,0.074875,-1.100888,272.000000,1.103431,273.890859,0.000000,0.000000,0.000000,0.949112,3.057275
6811,112,-1.804976,7.040531,0.074875,-1.100888,272.400000,1.103431,273.890859,0.000000,0.000000,0.000000,0.903436,2.657276
6821,112,-1.775026,6.600176,0.074875,-1.100888,272.800000,1.103431,273.890859,0.000000,0.000000,0.000000,0.783847,0.651318
6831,112,-1.745077,6.159821,0.074875,-1.100888,273.200000,1.103431,273.890859,0.000000,0.000000,0.000000,0.668793,0.251320
6841,112,-1.890106,5.805404,-0.362574,-0.886040,273.600000,0.957355,247.745253,-1.093622,0.537119,1.218403,0.740621,
6851,112,-2.078881,5.472473,-0.471937,-0.832329,274.000000,0.956815,240.446428,-0.273406,0.134280,0.304601,1.156211,
6521,113,-1.465287,20.622860,0.355855,-0.998314,260.800000,1.059842,289.618935,,,,0.863038,
6531,113,-1.322945,20.223540,0.355855,-0.998314,261.200000,1.059842,289.618935,0.000000,0.000000,0.000000,0.847684,
6541,113,-1.180603,19.824210,0.355855,-0.998314,261.600000,1.059842,289.618935,0.000000,0.000000,0.000000,0.926291,
6551,113,-1.038261,19.424890,0.355855,-0.998314,262.000000,1.059842,289.618935,0.000000,0.000000,0.000000,1.141545,
6561,113,-1.055565,18.969210,-0.043261,-1.139203,262.400000,1.140024,267.825257,-0.997791,-0.352222,1.058134,1.208926,1.514943
6571,113,-1.072869,18.513530,-0.043261,-1.139203,262.800000,1.140024,267.825257,0.000000,0.000000,0.000000,1.273948,4.623081
6581,113,-1.090174,18.057840,-0.043261,-1.139203,263.200000,1.140024,267.825257,0.000000,0.000000,0.000000,1.306620,4.223078
6591,113,-1.136525,17.506540,-0.115877,-1.378254,263.600000,1.383117,265.194135,-0.181541,-0.597627,0.624593,1.247376,3.644934
6601,113,-1.182876,16.955240,-0.115877,-1.378254,264.000000,1.383117,265.194135,0.000000,0.000000,0.000000,1.189561,3.244935
6611,113,-1.215747,16.421870,-0.082179,-1.333440,264.400000,1.335970,266.473364,0.084246,0.112035,0.140176,1.135392,4.130817
6621,113,-1.194701,15.960190,0.052615,-1.154186,264.800000,1.155385,272.610070,0.336984,0.448135,0.560699,1.090299,2.516713
6631,113,-1.173656,15.498520,0.052615,-1.154186,265.200000,1.155385,272.610070,0.000000,0.000000,0.000000,1.045999,2.116715
6641,113,-1.152610,15.036840,0.052615,-1.154186,265.600000,1.155385,272.610070,0.000000,0.000000,0.000000,0.998384,1.795788
6651,113,-1.174532,14.601530,-0.054807,-1.088274,266.000000,1.089653,267.116949,-0.268553,0.164780,0.315077,0.953945,2.981286
6661,113,-1.239424,14.192590,-0.162228,-1.022362,266.400000,1.035153,260.983492,-0.268553,0.164780,0.315077,0.914935,
6671,113,-1.304315,13.783640,-0.162228,-1.022362,266.800000,1.035153,260.983492,0.000000,0.000000,0.000000,0.879167,
6681,113,-1.347227,13.384270,-0.107280,-0.998422,267.200000,1.004169,263.867125,0.137371,0.059850,0.149842,0.868289,
6691,113,-1.338854,13.007250,0.020933,-0.942563,267.600000,0.942796,271.272229,0.320532,0.139647,0.349631,0.910060,
6701,113,-1.330481,12.630220,0.020933,-0.942563,268.000000,0.942796,271.272230,0.000000,0.000000,0.000000,0.955199,
6711,113,-1.323782,12.240910,0.016746,-0.973273,268.400000,0.973417,270.985734,-0.010466,-0.076774,0.077484,0.991187,
6721,113,-1.323782,11.802470,0.000000,-1.096112,268.800000,1.096112,270.000000,-0.041865,-0.307097,0.309938,0.982792,
6731,113,-1.323782,11.364020,0.000000,-1.096112,269.200000,1.096112,270.000000,0.000000,0.000000,0.000000,0.974746,
6741,113,-1.323782,10.925580,0.000000,-1.096112,269.600000,1.096112,270.000000,0.000000,0.000000,0.000000,0.971518,
6751,113,-1.323782,10.487130,0.000000,-1.096112,270.000000,1.096112,270.000000,0.000000,0.000000,0.000000,0.975494,
6761,113,-1.291337,10.055220,0.081114,-1.079793,270.400000,1.082835,274.295994,0.202785,0.040798,0.206849,1.003261,
6771,113,-1.258891,9.623300,0.081114,-1.079793,270.800000,1.082835,274.295994,0.000000,0.000000,0.000000,1.033323,
6781,113,-1.226445,9.191383,0.081114,-1.079793,271.200000,1.082835,274.295994,0.000000,0.000000,0.000000,1.065495,
6791,113,-1.194000,8.759465,0.081114,-1.079793,271.600000,1.082835,274.295994,0.000000,0.000000,0.000000,1.073636,
6801,113,-1.168043,8.334115,0.064891,-1.063375,272.000000,1.065353,273.492081,-0.040557,0.041045,0.057702,1.082928,
6811,113,-1.168043,7.935036,0.000000,-0.997699,272.400000,0.997699,270.000000,-0.162228,0.164189,0.230816,1.098100,
6821,113,-1.168043,7.535956,0.000000,-0.997699,272.800000,0.997699,270.000000,-0.000000,0.000000,0.000000,1.107277,
6831,113,-1.168043,7.136876,0.000000,-0.997699,273.200000,0.997699,270.000000,0.000000,0.000000,0.000000,1.058720,
6841,113,-1.208420,6.736853,-0.100942,-1.000059,273.600000,1.005140,264.236311,-0.252355,-0.005899,0.252424,1.015164,5.332939
6851,113,-1.309362,6.335413,-0.252355,-1.003598,274.000000,1.034839,255.885576,-0.378533,-0.008848,0.378636,1.156211,
6861,113,-1.410304,5.933974,-0.252355,-1.003598,274.400000,1.034839,255.885576,0.000000,0.000000,0.000000,2.031302,
6871,113,-1.511246,5.532535,-0.252355,-1.003598,274.800000,1.034839,255.885576,0.000000,0.000000,0.000000,2.711224,
6531,114,-0.337435,5.545964,-0.134258,1.114903,261.200000,1.122958,96.866555,,,,0.782343,8.225859
6541,114,-0.391138,5.991925,-0.134258,1.114903,261.600000,1.122958,96.866555,0.000000,0.000000,0.000000,0.810957,7.825856
6551,114,-0.444841,6.437886,-0.134258,1.114903,262.000000,1.122958,96.866555,0.000000,0.000000,0.000000,0.856238,6.247170
6561,114,-0.496681,6.885945,-0.129601,1.120147,262.400000,1.127620,96.599786,0.011642,0.013110,0.017533,0.884211,5.087881
6571,114,-0.531758,7.352882,-0.087691,1.167344,262.800000,1.170633,94.295993,0.104776,0.117992,0.157798,0.883713,4.195228
6581,114,-0.566834,7.819820,-0.087691,1.167344,263.200000,1.170633,94.295993,0.000000,0.000000,0.000000,0.886452,3.579588
6591,114,-0.601911,8.286758,-0.087691,1.167344,263.600000,1.170633,94.295993,0.000000,0.000000,0.000000,0.899552,3.180064
6601,114,-0.622956,8.754678,-0.052615,1.169800,264.000000,1.170983,92.575279,0.087691,0.006140,0.087906,0.903550,2.793852
6611,114,-0.622956,9.224072,0.000000,1.173485,264.400000,1.173485,90.000000,0.131536,0.009213,0.131859,0.887915,2.382622
6621,114,-0.622956,9.693466,0.000000,1.173485,264.800000,1.173485,90.000000,0.000000,0.000000,0.000000,0.876108,2.067486
6631,114,-0.622956,10.162860,0.000000,1.173485,265.200000,1.173485,90.000000,0.000000,0.000000,0.000000,0.868014,1.769471
6641,114,-0.602698,10.628000,0.050647,1.162852,265.600000,1.163954,87.506116,0.126617,-0.026582,0.129377,0.843009,1.418111
6651,114,-0.501404,11.076130,0.253234,1.120323,266.000000,1.148587,77.263084,0.506469,-0.106323,0.517508,0.753656,0.838131
6661,114,-0.400110,11.524260,0.253234,1.120323,266.400000,1.148587,77.263084,0.000000,0.000000,0.000000,0.681444,0.622330
6671,114,-0.298816,11.972390,0.253234,1.120323,266.800000,1.148587,77.263084,0.000000,0.000000,0.000000,0.637869,
6681,114,-0.215764,12.422080,0.207632,1.124219,267.200000,1.143232,79.535937,-0.114005,0.009740,0.114420,0.625101,
6691,114,-0.296878,12.885790,-0.202785,1.159285,267.600000,1.176887,99.921950,-1.026044,0.087665,1.029782,0.703963,3.974555
6701,114,-0.377992,13.349500,-0.202785,1.159285,268.000000,1.176887,99.921950,0.000000,0.000000,0.000000,0.732465,3.574559
6711,114,-0.459106,13.813220,-0.202785,1.159285,268.400000,1.176887,99.921950,0.000000,0.000000,0.000000,0.727756,3.174553
6721,114,-0.604160,14.317730,-0.362636,1.261269,268.800000,1.312366,106.040831,-0.399627,0.254960,0.474032,0.727787,2.019901
6731,114,-0.756319,14.826770,-0.380397,1.272601,269.200000,1.328238,106.642098,-0.044403,0.028330,0.052671,0.803438,1.966191
6741,114,-0.908478,15.335810,-0.380397,1.272601,269.600000,1.328238,106.642098,0.000000,0.000000,0.000000,0.882909,1.566196
6751,114,-0.908478,15.845560,-0.000000,1.274372,270.000000,1.274372,90.000000,0.950993,0.004428,0.951003,0.875165,5.770829
6761,114,-0.908478,16.355300,0.000000,1.274372,270.400000,1.274372,90.000000,0.000000,0.000000,0.000000,0.872728,4.359214
6771,114,-0.908478,16.865050,0.000000,1.274372,270.800000,1.274372,90.000000,0.000000,0.000000,0.000000,0.870394,2.373063
6781,114,-0.875882,17.372620,0.081491,1.268920,271.200000,1.271534,86.325450,0.203728,-0.013630,0.204184,0.934011,3.162843
6791,114,-0.821554,17.878740,0.135819,1.265286,271.600000,1.272555,83.873186,0.135819,-0.009085,0.136123,0.994489,4.355654
6801,114,-0.767226,18.384850,0.135819,1.265286,272.000000,1.272555,83.873186,0.000000,0.000000,0.000000,0.986202,1.986767
6811,114,-0.712899,18.890960,0.135819,1.265286,272.400000,1.272555,83.873186,0.000000,0.000000,0.000000,0.899893,1.393260
6821,114,-0.635935,19.371140,0.192410,1.200436,272.800000,1.215758,80.893880,0.141478,-0.162125,0.215176,0.840969,1.658195
6831,114,-0.506152,19.790790,0.324456,1.049120,273.200000,1.098146,72.814972,0.330116,-0.378290,0.502075,0.848788,
6841,114,-0.376370,20.210430,0.324456,1.049120,273.600000,1.098146,72.814972,0.000000,0.000000,0.000000,0.861068,
6851,114,-0.246587,20.630080,0.324456,1.049120,274.000000,1.098146,72.814972,0.000000,0.000000,0.000000,3.735670,
6531,115,0.441261,5.470503,-0.056427,1.410510,261.200000,1.411638,92.290886,,,,0.782343,
6541,115,0.418690,6.034707,-0.056427,1.410510,261.600000,1.411638,92.290886,0.000000,0.000000,0.000000,0.810957,4.990884
6551,115,0.396119,6.598911,-0.056427,1.410510,262.000000,1.411638,92.290886,0.000000,0.000000,0.000000,0.856238,
6561,115,0.353009,7.130600,-0.107776,1.329221,262.400000,1.333583,94.635520,-0.128372,-0.203223,0.240372,0.884211,
6571,115,0.301096,7.648353,-0.129783,1.294383,262.800000,1.300873,95.725682,-0.055016,-0.087095,0.103016,0.883713,
6581,115,0.249183,8.166106,-0.129783,1.294383,263.200000,1.300873,95.725682,0.000000,0.000000,0.000000,0.886452,
6591,115,0.227931,8.633971,-0.053130,1.169663,263.600000,1.170869,92.600766,0.191632,-0.311800,0.365981,0.899552,
6601,115,0.219819,9.080456,-0.020279,1.116211,264.000000,1.116395,91.040795,0.082128,-0.133630,0.156850,0.903550,
6611,115,0.211708,9.526940,-0.020279,1.116211,264.400000,1.116395,91.040795,0.000000,0.000000,0.000000,0.887915,
6621,115,0.201321,9.990336,-0.025966,1.158491,264.800000,1.158782,91.284012,-0.014220,0.105700,0.106652,0.876108,9.426949
6631,115,0.188660,10.470640,-0.031654,1.200770,265.200000,1.201187,91.510062,-0.014220,0.105698,0.106650,0.868014,
6641,115,0.175998,10.950950,-0.031654,1.200770,265.600000,1.201187,91.510062,0.000000,0.000000,0.000000,0.843009,
6651,115,0.163336,11.431260,-0.031654,1.200770,266.000000,1.201187,91.510062,0.000000,0.000000,0.000000,0.753656,0.838131
6661,115,0.153007,11.922290,-0.025823,1.227575,266.400000,1.227847,91.205095,0.014578,0.067013,0.068580,0.681444,0.622330
6671,115,0.146176,12.429400,-0.017077,1.267783,266.800000,1.267898,90.771710,0.021866,0.100520,0.102871,0.637869,
6681,115,0.139346,12.936520,-0.017077,1.267783,267.200000,1.267898,90.771710,0.000000,0.000000,0.000000,0.625101,
6691,115,0.132515,13.443630,-0.017077,1.267783,267.600000,1.267898,90.771710,0.000000,0.000000,0.000000,0.703963,
6701,115,0.063893,13.933660,-0.171555,1.225083,268.000000,1.237037,97.971586,-0.386195,-0.106750,0.400677,0.732465,5.680106
6711,115,-0.045923,14.412310,-0.274540,1.196617,268.400000,1.227707,102.921755,-0.257464,-0.071165,0.267118,0.727756,3.693335
6721,115,-0.155739,14.890960,-0.274540,1.196617,268.800000,1.227707,102.921755,0.000000,0.000000,0.000000,0.727787,3.360663
6731,115,-0.214731,15.420230,-0.147480,1.323178,269.200000,1.331372,96.359885,0.317650,0.316403,0.448344,0.803438,5.785324
6741,115,-0.273723,15.949500,-0.147480,1.323178,269.600000,1.331372,96.359885,0.000000,0.000000,0.000000,0.882909,5.385303
6751,115,-0.292682,16.467420,-0.047397,1.294804,270.000000,1.295671,92.096411,0.250208,-0.070935,0.260069,0.875165,6.843824
6761,115,-0.301633,16.982510,-0.022376,1.287710,270.400000,1.287904,90.995518,0.062552,-0.017735,0.065018,0.872728,6.711442
6771,115,-0.310583,17.497590,-0.022376,1.287710,270.800000,1.287904,90.995518,0.000000,0.000000,0.000000,0.870394,5.334807
6781,115,-0.249183,18.065170,0.153502,1.418955,271.200000,1.427234,83.825795,0.439695,0.328113,0.548625,0.934011,
6791,115,-0.179965,18.638590,0.173043,1.433538,271.600000,1.443944,83.117087,0.048855,0.036457,0.060958,0.994489,
6801,115,-0.110748,19.212000,0.173043,1.433538,272.000000,1.443944,83.117087,0.000000,0.000000,0.000000,1.056002,
6811,115,0.047704,19.628810,0.396129,1.042016,272.400000,1.114772,69.185372,0.557715,-0.978805,1.126545,1.059688,
6821,115,0.216070,20.028210,0.420917,0.998513,272.800000,1.083605,67.142471,0.061968,-0.108757,0.125173,1.075943,
6831,115,0.384437,20.427620,0.420917,0.998513,273.200000,1.083605,67.142471,0.000000,0.000000,0.000000,1.094852,
6531,116,-3.114782,5.385428,0.146005,1.089378,261.200000,1.099119,82.366345,,,,2.781983,8.225859
6541,116,-3.056380,5.821180,0.146005,1.089378,261.600000,1.099119,82.366345,0.000000,0.000000,0.000000,2.670706,7.825856
6551,116,-2.997978,6.256931,0.146005,1.089378,262.000000,1.099119,82.366345,0.000000,0.000000,0.000000,2.559542,4.844740
6561,116,-2.939576,6.692682,0.146005,1.089378,262.400000,1.099119,82.366345,0.000000,0.000000,0.000000,2.450527,4.444739
6571,116,-2.881173,7.128433,0.146005,1.089378,262.800000,1.099119,82.366345,0.000000,0.000000,0.000000,2.360112,4.068536
6581,116,-2.799596,7.571352,0.203944,1.107298,263.200000,1.125923,79.564118,0.144847,0.044800,0.151617,2.246544,3.880227
6591,116,-2.718018,8.014271,0.203944,1.107298,263.600000,1.125923,79.564118,0.000000,0.000000,0.000000,2.133579,3.480228
6601,116,-2.636441,8.457190,0.203944,1.107298,264.000000,1.125923,79.564118,0.000000,0.000000,0.000000,2.035343,3.080229
6611,116,-2.592407,8.933343,0.110083,1.190381,264.400000,1.195460,84.716460,-0.234652,0.207708,0.313375,1.990794,2.590579
6621,116,-2.585918,9.442728,0.016223,1.273464,264.800000,1.273567,89.270141,-0.234651,0.207707,0.313375,1.978911,
6631,116,-2.579429,9.952114,0.016223,1.273464,265.200000,1.273567,89.270141,0.000000,0.000000,0.000000,1.967790,
6641,116,-2.572940,10.461500,0.016223,1.273464,265.600000,1.273567,89.270141,0.000000,0.000000,0.000000,1.977265,
6651,116,-2.610484,10.977540,-0.093861,1.290096,266.000000,1.293506,94.161209,-0.275209,0.041580,0.278332,2.111383,
6661,116,-2.692062,11.500230,-0.203944,1.306728,266.400000,1.322547,98.870722,-0.275209,0.041580,0.278332,2.203256,
6671,116,-2.773639,12.022920,-0.203944,1.306728,266.800000,1.322547,98.870722,0.000000,0.000000,0.000000,1.415294,
6681,116,-2.855217,12.545610,-0.203944,1.306728,267.200000,1.322547,98.870722,0.000000,0.000000,0.000000,0.974431,
6691,116,-2.742973,13.024620,0.280611,1.197525,267.600000,1.229963,76.812062,1.211388,-0.273007,1.241770,1.136945,3.974555
6701,116,-2.630728,13.503630,0.280611,1.197525,268.000000,1.229963,76.812062,0.000000,0.000000,0.000000,1.566361,3.574559
6711,116,-2.518484,13.982640,0.280611,1.197525,268.400000,1.229963,76.812062,0.000000,0.000000,0.000000,2.066335,3.174553
6721,116,-2.420920,14.475680,0.243909,1.232607,268.800000,1.256508,78.806873,-0.091755,0.087705,0.126930,1.823613,2.019901
6731,116,-2.357611,15.001470,0.158271,1.314465,269.200000,1.323959,83.134213,-0.214094,0.204645,0.296169,1.610793,1.966191
6741,116,-2.294303,15.527260,0.158271,1.314465,269.600000,1.323959,83.134213,0.000000,0.000000,0.000000,1.398987,1.566196
6751,116,-2.230994,16.053040,0.158271,1.314465,270.000000,1.323959,83.134213,0.000000,0.000000,0.000000,1.338692,5.770829
6761,116,-2.160498,16.575180,0.176240,1.305355,270.400000,1.317199,82.310820,0.044921,-0.022775,0.050365,1.271181,4.359214
6771,116,-2.061253,17.082750,0.248114,1.268913,270.800000,1.292943,78.936399,0.179685,-0.091105,0.201461,1.173151,2.373063
6781,116,-1.962007,17.590310,0.248114,1.268913,271.200000,1.292943,78.936399,0.000000,0.000000,0.000000,1.107726,3.162843
6791,116,-1.862762,18.097880,0.248114,1.268913,271.600000,1.292943,78.936399,0.000000,0.000000,0.000000,1.064019,4.355654
6801,116,-1.732979,18.584640,0.324456,1.216912,272.000000,1.259423,75.070929,0.190857,-0.130003,0.230926,0.986202,1.986767
6811,116,-1.595562,19.066210,0.343542,1.203912,272.400000,1.251969,74.073647,0.047714,-0.032500,0.057731,0.899893,1.393260
6821,116,-1.458146,19.547770,0.343542,1.203912,272.800000,1.251969,74.073647,0.000000,0.000000,0.000000,0.840969,1.658195
6831,116,-1.320729,20.029340,0.343542,1.203912,273.200000,1.251969,74.073647,0.000000,0.000000,0.000000,0.848788,
6841,116,-1.183312,20.510900,0.343542,1.203912,273.600000,1.251969,74.073647,0.000000,0.000000,0.000000,0.861068,
6601,117,-2.025875,5.692410,-0.015827,1.095759,264.000000,1.095873,90.827523,,,,2.831395,4.310543
6611,117,-2.032205,6.130713,-0.015827,1.095759,264.400000,1.095873,90.827523,0.000000,0.000000,0.000000,1.011714,3.531127
6621,117,-2.038536,6.569017,-0.015827,1.095759,264.800000,1.095873,90.827523,0.000000,0.000000,0.000000,0.964865,3.131131
6631,117,-2.044867,7.007320,-0.015827,1.095759,265.200000,1.095873,90.827523,0.000000,0.000000,0.000000,0.918051,2.731130
6641,117,-2.055889,7.448230,-0.027555,1.102275,265.600000,1.102619,91.432023,-0.029321,0.016290,0.033542,0.875065,2.566970
6651,117,-2.109133,7.912600,-0.133110,1.160923,266.000000,1.168529,96.540914,-0.263887,0.146620,0.301884,0.866284,
6661,117,-2.162378,8.376969,-0.133110,1.160923,266.400000,1.168529,96.540914,0.000000,0.000000,0.000000,0.857659,2.247787
6671,117,-2.215622,8.841338,-0.133110,1.160923,266.800000,1.168529,96.540914,0.000000,0.000000,0.000000,0.849198,1.847790
6681,117,-2.279847,9.300986,-0.160564,1.149118,267.200000,1.160281,97.954346,-0.068635,-0.029513,0.074711,0.828952,4.896256
6691,117,-2.388000,9.741744,-0.270380,1.101896,267.600000,1.134584,103.786699,-0.274540,-0.118055,0.298846,0.817737,
6701,117,-2.496152,10.182500,-0.270380,1.101896,268.000000,1.134584,103.786699,0.000000,0.000000,0.000000,0.806686,
6711,117,-2.604304,10.623260,-0.270380,1.101896,268.400000,1.134584,103.786699,0.000000,0.000000,0.000000,0.795808,
6721,117,-2.641076,11.095010,-0.091929,1.179384,268.800000,1.182961,94.457017,0.446128,0.193720,0.486372,0.829196,
6731,117,-2.630260,11.587430,0.027038,1.231043,269.200000,1.231340,88.741785,0.297418,0.129148,0.324248,0.871259,
6741,117,-2.619445,12.079850,0.027038,1.231043,269.600000,1.231340,88.741785,0.000000,0.000000,0.000000,0.890121,
6751,117,-2.608630,12.572270,0.027038,1.231043,270.000000,1.231340,88.741785,0.000000,0.000000,0.000000,0.909281,
6761,117,-2.597815,13.064680,0.027038,1.231043,270.400000,1.231340,88.741785,0.000000,0.000000,0.000000,0.927618,
6771,117,-2.561749,13.546600,0.090164,1.204784,270.800000,1.208153,85.720079,0.157814,-0.065647,0.170923,0.963291,
6781,117,-2.519371,14.025880,0.105945,1.198220,271.200000,1.202895,84.947124,0.039454,-0.016410,0.042730,1.008222,
6791,117,-2.476993,14.505170,0.105945,1.198220,271.600000,1.202895,84.947124,0.000000,0.000000,0.000000,1.057028,
6801,117,-2.434615,14.984460,0.105945,1.198220,272.000000,1.202895,84.947124,0.000000,0.000000,0.000000,1.095686,
6811,117,-2.392237,15.463750,0.105945,1.198220,272.400000,1.202895,84.947124,0.000000,0.000000,0.000000,1.014287,2.056149
6821,117,-2.378655,15.980020,0.033955,1.290682,272.800000,1.291129,88.493006,-0.179974,0.231155,0.292956,0.909957,1.222224
6831,117,-2.368273,16.500400,0.025957,1.300955,273.200000,1.301214,88.856992,-0.019997,0.025683,0.032550,0.811185,0.890214
6841,117,-2.357890,17.020790,0.025957,1.300955,273.600000,1.301214,88.856992,0.000000,0.000000,0.000000,0.775406,
6851,117,-2.347507,17.541170,0.025957,1.300955,274.000000,1.301214,88.856992,0.000000,0.000000,0.000000,0.741995,
6861,117,-2.337125,18.061550,0.025957,1.300955,274.400000,1.301214,88.856992,0.000000,0.000000,0.000000,0.711286,
6871,117,-2.354409,18.548650,-0.043210,1.217751,274.800000,1.218517,92.032198,-0.172916,-0.208010,0.270496,0.760335,
6881,117,-2.374767,19.032050,-0.050895,1.208506,275.200000,1.209577,92.411535,-0.019213,-0.023113,0.030055,0.834215,
6891,117,-2.395125,19.515450,-0.050895,1.208506,275.600000,1.209577,92.411535,0.000000,0.000000,0.000000,0.908098,
6901,117,-2.415483,19.998860,-0.050895,1.208506,276.000000,1.209577,92.411535,0.000000,0.000000,0.000000,0.922941,
6911,117,-2.435841,20.482260,-0.050895,1.208506,276.400000,1.209577,92.411535,0.000000,0.000000,0.000000,0.899646,
6611,118,-2.939957,5.684000,0.095428,1.135033,264.400000,1.139038,85.194136,,,,1.011714,3.531127
6621,118,-2.901786,6.138013,0.095428,1.135033,264.800000,1.139038,85.194136,0.000000,0.000000,0.000000,0.964865,3.131131
6631,118,-2.863615,6.592026,0.095428,1.135033,265.200000,1.139038,85.194136,0.000000,0.000000,0.000000,0.918051,2.731130
6641,118,-2.834325,7.048509,0.073224,1.141206,265.600000,1.143553,86.328732,-0.055511,0.015432,0.057617,0.875065,2.566970
6651,118,-2.884972,7.527214,-0.126617,1.196763,266.000000,1.203442,96.039411,-0.499603,0.138893,0.518550,0.866284,
6661,118,-2.935619,8.005919,-0.126617,1.196763,266.400000,1.203442,96.039411,0.000000,0.000000,0.000000,0.857659,
6671,118,-2.986266,8.484624,-0.126617,1.196763,266.800000,1.203442,96.039411,0.000000,0.000000,0.000000,0.849198,
6681,118,-3.036913,8.963329,-0.126617,1.196763,267.200000,1.203442,96.039411,0.000000,0.000000,0.000000,0.828952,4.896256
6691,118,-3.130090,9.398238,-0.232943,1.087273,267.600000,1.111947,102.092542,-0.265815,-0.273725,0.381553,0.817737,
6701,118,-3.223267,9.833148,-0.232943,1.087273,268.000000,1.111947,102.092542,0.000000,0.000000,0.000000,0.806686,
6711,118,-3.316444,10.268060,-0.232943,1.087273,268.400000,1.111947,102.092542,0.000000,0.000000,0.000000,0.795808,
6721,118,-3.401635,10.709410,-0.212977,1.103392,268.800000,1.123758,100.924867,0.049916,0.040297,0.064153,0.852723,
6731,118,-3.414946,11.208800,-0.033278,1.248461,269.200000,1.248904,91.526851,0.449247,0.362673,0.577369,0.871259,
6741,118,-3.428257,11.708180,-0.033278,1.248461,269.600000,1.248904,91.526851,0.000000,0.000000,0.000000,0.890121,
6751,118,-3.441568,12.207570,-0.033278,1.248461,270.000000,1.248904,91.526851,0.000000,0.000000,0.000000,0.909281,
6761,118,-3.456015,12.712590,-0.036118,1.262567,270.400000,1.263084,91.638618,-0.007102,0.035265,0.035973,0.927618,
6771,118,-3.475008,13.240190,-0.047481,1.318992,270.800000,1.319846,92.061659,-0.028408,0.141062,0.143894,0.963291,2.381494
6781,118,-3.494000,13.767790,-0.047481,1.318992,271.200000,1.319846,92.061659,0.000000,0.000000,0.000000,1.008222,1.981491
6791,118,-3.512993,14.295380,-0.047481,1.318992,271.600000,1.319846,92.061659,0.000000,0.000000,0.000000,1.057028,1.581492
6801,118,-3.517973,14.820560,-0.012451,1.312941,272.000000,1.313000,90.543323,0.087577,-0.015128,0.088874,1.095686,1.144714
6811,118,-3.396843,15.323950,0.302826,1.258478,272.400000,1.294400,76.470208,0.788192,-0.136158,0.799866,1.014287,2.056149
6821,118,-3.275712,15.827340,0.302826,1.258478,272.800000,1.294400,76.470208,0.000000,0.000000,0.000000,0.909957,1.222224
6831,118,-3.161189,16.329210,0.286308,1.254663,273.200000,1.286916,77.145481,-0.041295,-0.009538,0.042382,0.811185,0.890214
6841,118,-3.106130,16.817340,0.137648,1.220324,273.600000,1.228063,83.564441,-0.371650,-0.085847,0.381436,0.775406,
6851,118,-3.051071,17.305470,0.137648,1.220324,274.000000,1.228063,83.564441,0.000000,0.000000,0.000000,0.741995,
6861,118,-2.996011,17.793600,0.137648,1.220324,274.400000,1.228063,83.564441,0.000000,0.000000,0.000000,0.711286,
6871,118,-3.056380,18.256510,-0.150921,1.157268,274.800000,1.167067,97.430113,-0.721424,-0.157640,0.738446,0.760335,
6881,118,-3.145605,18.713110,-0.223064,1.141504,275.200000,1.163095,101.056959,-0.180356,-0.039410,0.184612,0.834215,
6891,118,-3.234831,19.169710,-0.223064,1.141504,275.600000,1.163095,101.056959,0.000000,0.000000,0.000000,0.908098,
6901,118,-3.277292,19.668550,-0.106154,1.247106,276.000000,1.251616,94.865291,0.292275,0.264005,0.393857,0.922941,
6911,118,-3.288578,20.195550,-0.028214,1.317508,276.400000,1.317810,91.226766,0.194850,0.176005,0.262573,0.899646,
6771,119,-3.063907,20.532680,-0.025957,-1.582591,270.800000,1.582804,269.060360,,,,3.592678,2.381494
6781,119,-3.074290,19.899640,-0.025957,-1.582591,271.200000,1.582804,269.060360,0.000000,0.000000,0.000000,2.563236,1.981491
6791,119,-3.084673,19.266600,-0.025957,-1.582591,271.600000,1.582804,269.060360,0.000000,0.000000,0.000000,1.690850,1.581492
6801,119,-3.265802,18.645500,-0.452823,-1.552747,272.000000,1.617428,253.741881,-1.067167,0.074610,1.069772,1.534031,1.144714
6811,119,-3.560762,18.032360,-0.737401,-1.532851,272.400000,1.700998,244.309417,-0.711445,0.049740,0.713181,2.220553,
6821,119,-3.794371,17.449380,-0.584022,-1.457446,272.800000,1.570105,248.163245,0.383449,0.188512,0.427282,1.702945,
6831,119,-3.935952,16.911650,-0.353953,-1.344339,273.200000,1.390155,255.249299,0.575173,0.282768,0.640922,0.969275,
6841,119,-4.058167,16.357070,-0.305538,-1.386440,273.600000,1.419708,257.572027,0.121035,-0.105252,0.160399,1.057461,
6851,119,-4.102920,15.735140,-0.111881,-1.554842,274.000000,1.558862,265.884271,0.484142,-0.421005,0.641591,1.890059,
6861,119,-4.147672,15.113200,-0.111881,-1.554842,274.400000,1.558862,265.884271,0.000000,0.000000,0.000000,2.917339,
6871,119,-4.184023,14.505710,-0.090877,-1.518712,274.800000,1.521429,266.575619,0.052512,0.090325,0.104480,3.916641,
6881,119,-4.200769,13.931950,-0.041865,-1.434408,275.200000,1.435019,268.328211,0.122528,0.210760,0.243789,4.896209,1.948695
6891,119,-4.217515,13.358190,-0.041865,-1.434408,275.600000,1.435019,268.328211,0.000000,0.000000,0.000000,4.408794,
6901,119,-4.233169,12.785110,-0.039135,-1.432698,276.000000,1.433232,268.435321,0.006826,0.004275,0.008054,3.370670,
6911,119,-4.244455,12.214770,-0.028214,-1.425856,276.400000,1.426135,268.866428,0.027303,0.017105,0.032219,2.364747,
6921,119,-4.255740,11.644420,-0.028214,-1.425856,276.800000,1.426135,268.866428,0.000000,0.000000,0.000000,1.452784,
6931,119,-4.267026,11.074080,-0.028214,-1.425856,277.200000,1.426135,268.866428,0.000000,0.000000,0.000000,0.949466,
6941,119,-4.278311,10.503740,-0.028214,-1.425856,277.600000,1.426135,268.866428,0.000000,0.000000,0.000000,1.402949,
6951,119,-4.255138,9.959028,0.057932,-1.361780,278.000000,1.363012,272.435970,0.215364,0.160190,0.268407,2.320033,
6961,119,-4.208993,9.431403,0.115362,-1.319063,278.400000,1.324098,274.998243,0.143576,0.106793,0.178938,3.324951,
6971,119,-4.162849,8.903778,0.115362,-1.319063,278.800000,1.324098,274.998243,0.000000,0.000000,0.000000,4.366512,
6981,119,-4.116704,8.376153,0.115362,-1.319063,279.200000,1.324098,274.998243,0.000000,0.000000,0.000000,3.091001,
6991,119,-4.086297,7.848207,0.076016,-1.319864,279.600000,1.322051,273.296220,-0.098367,-0.002002,0.098387,2.093150,
7001,119,-4.197540,7.317379,-0.278106,-1.327071,280.000000,1.355898,258.164182,-0.885303,-0.018018,0.885486,1.311208,
7011,119,-4.308782,6.786551,-0.278106,-1.327071,280.400000,1.355898,258.164182,0.000000,0.000000,0.000000,1.194896,
7021,119,-4.235779,6.308954,0.182507,-1.193991,280.800000,1.207859,278.690646,1.151531,0.332700,1.198629,0.878626,
7031,119,-4.162776,5.831358,0.182507,-1.193991,281.200000,1.207859,278.690646,0.000000,0.000000,0.000000,0.877850,
7041,119,-4.089774,5.353761,0.182507,-1.193991,281.600000,1.207859,278.690646,0.000000,0.000000,0.000000,1.727403,
6811,120,-2.812226,5.845700,0.141950,0.666076,272.400000,0.681033,77.969471,,,,1.562746,
6821,120,-2.755447,6.112131,0.141950,0.666076,272.800000,0.681033,77.969471,0.000000,0.000000,0.000000,0.975227,
6831,120,-2.698667,6.378561,0.141950,0.666076,273.200000,0.681033,77.969471,0.000000,0.000000,0.000000,0.978356,
6841,120,-2.646727,6.663110,0.129848,0.711372,273.600000,0.723126,79.655582,-0.030254,0.113241,0.117213,1.006114,
6851,120,-2.638354,7.110726,0.020933,1.119042,274.000000,1.119238,88.928356,-0.272288,1.019175,1.054921,1.021050,
6861,120,-2.629981,7.558343,0.020933,1.119042,274.400000,1.119238,88.928357,-0.000000,0.000000,0.000000,1.022187,
6871,120,-2.621608,8.005960,0.020933,1.119042,274.800000,1.119238,88.928356,0.000000,0.000000,0.000000,1.029751,
6881,120,-2.608947,8.439781,0.031654,1.084552,275.200000,1.085014,88.328211,0.026804,-0.086225,0.090295,1.048303,
6891,120,-2.596285,8.873602,0.031654,1.084552,275.600000,1.085014,88.328211,0.000000,0.000000,0.000000,1.031810,
6901,120,-2.583623,9.307423,0.031654,1.084552,276.000000,1.085014,88.328211,0.000000,0.000000,0.000000,0.977562,
6911,120,-2.570961,9.741244,0.031654,1.084552,276.400000,1.085014,88.328211,0.000000,0.000000,0.000000,0.928687,
6921,120,-2.499613,10.245780,0.178372,1.261351,276.800000,1.273901,81.950981,0.366794,0.441997,0.574369,0.921250,
6931,120,-2.421743,10.758180,0.194674,1.280995,277.200000,1.295703,81.358830,0.040755,0.049110,0.063818,0.927127,
6941,120,-2.343874,11.270580,0.194674,1.280995,277.600000,1.295703,81.358830,0.000000,0.000000,0.000000,1.012532,
6951,120,-2.266004,11.782980,0.194674,1.280995,278.000000,1.295703,81.358830,0.000000,0.000000,0.000000,1.098293,
6961,120,-2.180347,12.268080,0.214141,1.212761,278.400000,1.231522,79.986309,0.048669,-0.170585,0.177392,1.199880,
6971,120,-2.093826,12.750150,0.216304,1.205180,278.800000,1.224437,79.824952,0.005407,-0.018952,0.019709,1.304515,
6981,120,-2.007304,13.232230,0.216304,1.205180,279.200000,1.224437,79.824952,0.000000,0.000000,0.000000,1.401554,
6991,120,-1.920782,13.714300,0.216304,1.205180,279.600000,1.224437,79.824952,0.000000,0.000000,0.000000,1.464302,
7001,120,-1.842309,14.199580,0.196183,1.213200,280.000000,1.228960,80.814383,-0.050303,0.020050,0.054152,1.518399,
7011,120,-1.836273,14.713730,0.015091,1.285382,280.400000,1.285471,89.327351,-0.452730,0.180455,0.487369,1.494547,
7021,120,-1.830236,15.227880,0.015091,1.285382,280.800000,1.285471,89.327351,0.000000,0.000000,0.000000,1.470716,
7031,120,-1.824200,15.742040,0.015091,1.285382,281.200000,1.285471,89.327351,0.000000,0.000000,0.000000,1.468420,
7041,120,-1.818164,16.256190,0.015091,1.285382,281.600000,1.285471,89.327351,0.000000,0.000000,0.000000,1.516407,
7051,120,-1.840688,16.769020,-0.056311,1.282081,282.000000,1.283317,92.514903,-0.178505,-0.008253,0.178696,1.538359,
7061,120,-1.870352,17.281520,-0.074161,1.281256,282.400000,1.283401,93.312690,-0.044626,-0.002063,0.044674,1.554181,
7071,120,-1.900017,17.794030,-0.074161,1.281256,282.800000,1.283401,93.312690,0.000000,0.000000,0.000000,1.570434,
7081,120,-1.940702,18.318200,-0.101713,1.310430,283.200000,1.314371,94.438300,-0.068880,0.072935,0.100319,1.506917,
7091,120,-2.007103,18.869600,-0.166001,1.378504,283.600000,1.388463,96.866558,-0.160719,0.170185,0.234080,1.392964,2.906399
7101,120,-2.073503,19.421000,-0.166001,1.378504,284.000000,1.388463,96.866558,0.000000,0.000000,0.000000,1.279543,2.506399
7111,120,-2.139904,19.972400,-0.166001,1.378504,284.400000,1.388463,96.866558,0.000000,0.000000,0.000000,1.166806,2.106393
7121,120,-2.206304,20.523800,-0.166001,1.378504,284.800000,1.388463,96.866558,0.000000,0.000000,0.000000,7.601113,
6821,121,-3.612823,5.647401,-0.020279,0.997734,272.800000,0.997940,91.164352,,,,0.975227,
6831,121,-3.620934,6.046495,-0.020279,0.997734,273.200000,0.997940,91.164352,0.000000,0.000000,0.000000,0.980227,
6841,121,-3.629046,6.445589,-0.020279,0.997734,273.600000,0.997940,91.164352,0.000000,0.000000,0.000000,1.006114,
6851,121,-3.636575,6.896021,-0.018823,1.126081,274.000000,1.126238,90.957619,0.003640,0.320867,0.320887,1.021050,
6861,121,-3.643230,7.423461,-0.016639,1.318600,274.400000,1.318705,90.722950,0.005460,0.481298,0.481328,1.022187,
6871,121,-3.649886,7.950901,-0.016639,1.318600,274.800000,1.318705,90.722950,0.000000,0.000000,0.000000,1.029751,
6881,121,-3.656541,8.478341,-0.016639,1.318600,275.200000,1.318705,90.722950,0.000000,0.000000,0.000000,1.048303,1.948695
6891,121,-3.621524,8.989865,0.087543,1.278809,275.600000,1.281802,86.083843,0.260454,-0.099477,0.278805,1.031810,
6901,121,-3.544834,9.485472,0.191724,1.239019,276.000000,1.253765,81.203883,0.260454,-0.099475,0.278804,0.977562,
6911,121,-3.468145,9.981080,0.191724,1.239019,276.400000,1.253765,81.203883,0.000000,0.000000,0.000000,0.928687,
6921,121,-3.391455,10.476690,0.191724,1.239019,276.800000,1.253765,81.203883,0.000000,0.000000,0.000000,0.921250,
6931,121,-3.322434,10.978000,0.172552,1.253282,277.200000,1.265105,82.160805,-0.047931,0.035658,0.059740,0.927127,
6941,121,-3.322434,11.530660,0.000000,1.381654,277.600000,1.381654,90.000000,-0.431379,0.320930,0.537666,1.012532,
6951,121,-3.322434,12.083320,0.000000,1.381654,278.000000,1.381654,90.000000,0.000000,0.000000,0.000000,1.098293,
6961,121,-3.322434,12.635980,0.000000,1.381654,278.400000,1.381654,90.000000,0.000000,0.000000,0.000000,1.199880,
6971,121,-3.322434,13.188650,0.000000,1.381654,278.800000,1.381654,90.000000,0.000000,0.000000,0.000000,1.304515,
6981,121,-3.317137,13.730920,0.013243,1.355685,279.200000,1.355750,89.440319,0.033108,-0.064923,0.072877,1.401554,
6991,121,-3.290651,14.231640,0.066216,1.251809,279.600000,1.253559,86.972108,0.132431,-0.259690,0.291508,1.464302,
7001,121,-3.264164,14.732370,0.066216,1.251809,280.000000,1.253559,86.972108,0.000000,0.000000,0.000000,1.518399,
7011,121,-3.237678,15.233090,0.066216,1.251809,280.400000,1.253559,86.972108,0.000000,0.000000,0.000000,1.494547,
7021,121,-3.211192,15.733810,0.066216,1.251809,280.800000,1.253559,86.972108,0.000000,0.000000,0.000000,1.470716,
7031,121,-3.203034,16.247090,0.020394,1.283183,281.200000,1.283345,89.089440,-0.114553,0.078435,0.138832,1.468420,
7041,121,-3.237643,16.789640,-0.086522,1.356387,281.600000,1.359144,93.649860,-0.267290,0.183010,0.323939,1.516407,
7051,121,-3.272252,17.332200,-0.086522,1.356387,282.000000,1.359144,93.649860,0.000000,0.000000,0.000000,1.538359,
7061,121,-3.306860,17.874750,-0.086522,1.356387,282.400000,1.359144,93.649860,0.000000,0.000000,0.000000,1.554181,
7071,121,-3.341469,18.417310,-0.086522,1.356387,282.800000,1.359144,93.649860,0.000000,0.000000,0.000000,1.570434,
7081,121,-3.310139,18.947040,0.078325,1.324323,283.200000,1.326637,86.615277,0.412117,-0.080160,0.419840,1.506917,
7091,121,-3.262324,19.473560,0.119537,1.316307,283.600000,1.321724,84.811083,0.103029,-0.020040,0.104960,1.392964,2.906399
7101,121,-3.214510,20.000080,0.119537,1.316307,284.000000,1.321724,84.811083,0.000000,0.000000,0.000000,1.279543,2.506399
7111,121,-3.166695,20.526600,0.119537,1.316307,284.400000,1.321724,84.811083,0.000000,0.000000,0.000000,1.166806,2.106393
6981,122,-3.659869,5.319097,0.467217,1.319577,279.200000,1.399848,70.502679,,,,3.091001,
6991,122,-3.472982,5.846927,0.467217,1.319577,279.600000,1.399848,70.502679,0.000000,0.000000,0.000000,1.162806,
7001,122,-3.286095,6.374758,0.467217,1.319577,280.000000,1.399848,70.502679,0.000000,0.000000,0.000000,1.114362,
7011,122,-3.119108,6.898138,0.417467,1.308450,280.400000,1.373434,72.304465,-0.124375,-0.027818,0.127448,1.086215,
7021,122,-2.972021,7.417068,0.367717,1.297324,280.800000,1.348431,74.174994,-0.124375,-0.027815,0.127447,1.030120,3.107178
7031,122,-2.824934,7.935998,0.367717,1.297324,281.200000,1.348431,74.174994,0.000000,0.000000,0.000000,0.968707,2.410201
7041,122,-2.708130,8.456604,0.292011,1.301515,281.600000,1.333871,77.354402,-0.189266,0.010477,0.189556,0.937653,4.431405
7051,122,-2.621608,8.978886,0.216304,1.305706,282.000000,1.323501,80.593761,-0.189266,0.010478,0.189556,0.931219,
7061,122,-2.535087,9.501168,0.216304,1.305706,282.400000,1.323501,80.593761,0.000000,0.000000,0.000000,0.925177,
7071,122,-2.471194,10.035420,0.159732,1.335638,282.800000,1.345155,83.180240,-0.141430,0.074830,0.160006,0.942735,
7081,122,-2.497816,10.617570,-0.066555,1.455367,283.200000,1.456888,92.618360,-0.565719,0.299323,0.640025,1.042312,
7091,122,-2.524438,11.199720,-0.066555,1.455367,283.600000,1.456888,92.618360,0.000000,0.000000,0.000000,1.128800,
7101,122,-2.551060,11.781860,-0.066555,1.455367,284.000000,1.456888,92.618360,0.000000,0.000000,0.000000,1.215304,
7111,122,-2.565246,12.360390,-0.035464,1.446323,284.400000,1.446758,91.404633,0.077727,-0.022610,0.080949,1.289388,
7121,122,-2.550413,12.930480,0.037081,1.425221,284.800000,1.425703,88.509641,0.181363,-0.052755,0.188880,1.318065,
7131,122,-2.535581,13.500570,0.037081,1.425221,285.200000,1.425703,88.509641,0.000000,0.000000,0.000000,1.333389,
7141,122,-2.520749,14.070660,0.037081,1.425221,285.600000,1.425703,88.509641,0.000000,0.000000,0.000000,1.352761,
7151,122,-2.532976,14.632120,-0.030569,1.403646,286.000000,1.403979,91.247606,-0.169124,-0.053938,0.177517,1.401117,
7161,122,-2.551969,15.191420,-0.047481,1.398252,286.400000,1.399058,91.944886,-0.042281,-0.013485,0.044379,1.441071,
7171,122,-2.570961,15.750720,-0.047481,1.398252,286.800000,1.399058,91.944886,0.000000,0.000000,0.000000,1.470145,
7181,122,-2.589954,16.310020,-0.047481,1.398252,287.200000,1.399058,91.944886,0.000000,0.000000,0.000000,1.499272,
7191,122,-2.619878,16.840750,-0.074810,1.326821,287.600000,1.328928,93.227069,-0.068321,-0.178577,0.191200,1.493166,
7201,122,-2.654487,17.359230,-0.086522,1.296209,288.000000,1.299093,93.818818,-0.029280,-0.076530,0.081940,1.395278,3.255106
7211,122,-2.689095,17.877710,-0.086522,1.296209,288.400000,1.299093,93.818818,0.000000,0.000000,0.000000,1.297406,2.855105
7221,122,-2.723704,18.396200,-0.086522,1.296209,288.800000,1.299093,93.818818,0.000000,0.000000,0.000000,1.199556,2.455109
7231,122,-2.793256,18.912650,-0.173881,1.291124,289.200000,1.302780,97.670101,-0.218398,-0.012713,0.218767,1.114468,2.419803
7241,122,-3.002583,19.420960,-0.523317,1.270787,289.600000,1.374322,112.382127,-0.873590,-0.050842,0.875069,1.144127,
7251,122,-3.211910,19.929280,-0.523317,1.270787,290.000000,1.374322,112.382127,0.000000,0.000000,0.000000,1.173959,
6991,123,-2.327434,5.647334,0.360507,1.419383,279.600000,1.464450,75.748868,,,,1.162806,
7001,123,-2.183232,6.215087,0.360507,1.419383,280.000000,1.464450,75.748868,0.000000,0.000000,0.000000,1.114362,
7011,123,-2.039029,6.782841,0.360507,1.419383,280.400000,1.464450,75.748868,0.000000,0.000000,0.000000,1.086215,
7021,123,-1.946739,7.317351,0.230725,1.336276,280.800000,1.356048,80.203762,-0.324456,-0.207767,0.385278,1.030120,3.107178
7031,123,-1.860217,7.848168,0.216304,1.327042,281.200000,1.344555,80.742354,-0.036051,-0.023085,0.042809,0.968707,2.410201
7041,123,-1.773695,8.378984,0.216304,1.327042,281.600000,1.344555,80.742354,0.000000,0.000000,0.000000,0.937653,4.431405
7051,123,-1.691623,8.930968,0.205180,1.379959,282.000000,1.395129,81.542898,-0.027811,0.132293,0.135184,0.931219,
7061,123,-1.610046,9.485304,0.203944,1.385839,282.400000,1.400765,81.628276,-0.003090,0.014700,0.015021,0.925177,
7071,123,-1.528468,10.039640,0.203944,1.385839,282.800000,1.400765,81.628276,0.000000,0.000000,0.000000,0.942735,
7081,123,-1.455562,10.606560,0.182266,1.417302,283.200000,1.428974,82.671941,-0.054195,0.078658,0.095520,1.042312,
7091,123,-1.395662,11.192360,0.149749,1.464496,283.600000,1.472132,84.161627,-0.081292,0.117985,0.143279,1.128800,
7101,123,-1.335762,11.778160,0.149749,1.464496,284.000000,1.472132,84.161627,0.000000,0.000000,0.000000,1.215304,
7111,123,-1.275863,12.363950,0.149749,1.464496,284.400000,1.472132,84.161627,0.000000,0.000000,0.000000,1.289388,
7121,123,-1.232602,12.904610,0.108152,1.351641,284.800000,1.355961,85.425198,-0.103992,-0.282137,0.300692,1.318065,
7131,123,-1.205980,13.400130,0.066555,1.238786,285.200000,1.240573,86.924677,-0.103993,-0.282138,0.300693,1.333389,6.193707
7141,123,-1.179358,13.895640,0.066555,1.238786,285.600000,1.240573,86.924677,0.000000,0.000000,0.000000,1.352761,
7151,123,-1.152736,14.391150,0.066555,1.238786,286.000000,1.240573,86.924677,0.000000,0.000000,0.000000,1.401117,
7161,123,-1.137367,14.916490,0.038420,1.313349,286.400000,1.313911,88.324357,-0.070337,0.186408,0.199236,1.425322,
7171,123,-1.129502,15.461720,0.019664,1.363057,286.800000,1.363199,89.173484,-0.046891,0.124270,0.132822,1.435447,
7181,123,-1.121636,16.006940,0.019664,1.363057,287.200000,1.363199,89.173484,0.000000,0.000000,0.000000,1.444609,
7191,123,-1.155065,16.551150,-0.083572,1.360514,287.600000,1.363078,93.515084,-0.258090,-0.006357,0.258169,1.435384,
7201,123,-1.284848,17.092980,-0.324456,1.354581,288.000000,1.392897,103.470017,-0.602211,-0.014833,0.602394,1.393907,3.255106
7211,123,-1.414630,17.634810,-0.324456,1.354581,288.400000,1.392897,103.470017,0.000000,0.000000,0.000000,1.297406,2.855105
7221,123,-1.544413,18.176640,-0.324456,1.354581,288.800000,1.392897,103.470017,0.000000,0.000000,0.000000,1.199556,2.455109
7231,123,-1.698103,18.706060,-0.384225,1.323553,289.200000,1.378195,106.187908,-0.149421,-0.077570,0.168356,1.114468,2.419803
7241,123,-1.875700,19.223070,-0.443993,1.292525,289.600000,1.366657,108.958023,-0.149421,-0.077570,0.168356,1.144127,
7251,123,-2.053297,19.740080,-0.443993,1.292525,290.000000,1.366657,108.958023,0.000000,0.000000,0.000000,1.173959,
7261,123,-2.230894,20.257090,-0.443993,1.292525,290.400000,1.366657,108.958023,0.000000,0.000000,0.000000,1.307168,
7011,124,-2.862296,5.530008,0.157312,1.303216,280.400000,1.312676,83.117084,,,,1.392024,
7021,124,-2.799371,6.051295,0.157312,1.303216,280.800000,1.312676,83.117084,0.000000,0.000000,0.000000,0.750155,
7031,124,-2.736446,6.572581,0.157312,1.303216,281.200000,1.312676,83.117084,0.000000,0.000000,0.000000,0.769191,
7041,124,-2.673521,7.093868,0.157312,1.303216,281.600000,1.312676,83.117084,0.000000,0.000000,0.000000,0.792809,
7051,124,-2.540411,7.621651,0.332776,1.319458,282.000000,1.360775,75.844831,0.438659,0.040605,0.440535,0.797507,
7061,124,-2.407301,8.149434,0.332776,1.319458,282.400000,1.360775,75.844831,0.000000,0.000000,0.000000,0.792458,
7071,124,-2.274190,8.677218,0.332776,1.319458,282.800000,1.360775,75.844831,0.000000,0.000000,0.000000,0.787872,
7081,124,-2.146491,9.209072,0.319248,1.329635,283.200000,1.367424,76.498750,-0.033820,0.025443,0.042322,0.778641,
7091,124,-2.067493,9.777562,0.197495,1.421226,283.600000,1.434882,82.088775,-0.304381,0.228977,0.380892,0.772585,
7101,124,-1.988495,10.346050,0.197495,1.421226,284.000000,1.434882,82.088775,0.000000,0.000000,0.000000,0.815402,
7111,124,-1.909497,10.914540,0.197495,1.421226,284.400000,1.434882,82.088775,0.000000,0.000000,0.000000,0.858395,
7121,124,-1.830499,11.483030,0.197495,1.421226,284.800000,1.434882,82.088775,0.000000,0.000000,0.000000,0.901538,
7131,124,-1.788351,12.034880,0.105369,1.379613,285.200000,1.383631,85.632462,-0.230315,-0.104033,0.252721,0.912423,6.193707
7141,124,-1.783054,12.570080,0.013243,1.338000,285.600000,1.338066,89.432922,-0.230315,-0.104032,0.252721,0.929840,
7151,124,-1.777757,13.105280,0.013243,1.338000,286.000000,1.338066,89.432922,0.000000,0.000000,0.000000,0.947680,
7161,124,-1.772459,13.640480,0.013243,1.338000,286.400000,1.338066,89.432922,0.000000,0.000000,0.000000,0.965923,
7171,124,-1.767162,14.175680,0.013243,1.338000,286.800000,1.338066,89.432922,0.000000,0.000000,0.000000,0.984544,
7181,124,-1.752065,14.707150,0.037743,1.328671,287.200000,1.329207,88.372865,0.061249,-0.023323,0.065540,0.965932,8.247254
7191,124,-1.730435,15.236130,0.054076,1.322452,287.600000,1.323557,87.658436,0.040833,-0.015547,0.043693,0.922329,2.957341
7201,124,-1.708804,15.765110,0.054076,1.322452,288.000000,1.323557,87.658436,0.000000,0.000000,0.000000,0.878727,2.557339
7211,124,-1.687174,16.294090,0.054076,1.322452,288.400000,1.323557,87.658436,0.000000,0.000000,0.000000,0.835126,2.157336
7221,124,-1.665543,16.823070,0.054076,1.322452,288.800000,1.323557,87.658436,0.000000,0.000000,0.000000,0.806815,2.957469
7231,124,-1.691754,17.371060,-0.065527,1.369973,289.200000,1.371539,92.738440,-0.299009,0.118803,0.321746,0.793986,6.345661
7241,124,-1.729926,17.923800,-0.095428,1.381853,289.600000,1.385144,93.950475,-0.074752,0.029700,0.080436,0.769681,2.793309
7251,124,-1.768097,18.476540,-0.095428,1.381853,290.000000,1.385144,93.950475,0.000000,0.000000,0.000000,0.745381,2.393327
7261,124,-1.854449,19.005300,-0.215880,1.321901,290.400000,1.339413,99.275119,-0.301130,-0.149880,0.336367,0.729305,
7271,124,-2.013072,19.498090,-0.396558,1.231973,290.800000,1.294224,107.842768,-0.451694,-0.224820,0.504551,0.698909,
7281,124,-2.171695,19.990880,-0.396558,1.231973,291.200000,1.294224,107.842768,0.000000,0.000000,0.000000,0.672222,
7291,124,-2.330318,20.483670,-0.396558,1.231973,291.600000,1.294224,107.842768,0.000000,0.000000,0.000000,0.649705,
7021,125,-3.510619,5.812843,0.069526,1.434327,280.800000,1.436011,87.224864,,,,0.750155,
7031,125,-3.482808,6.386573,0.069526,1.434327,281.200000,1.436011,87.224864,0.000000,0.000000,0.000000,0.769191,
7041,125,-3.454998,6.960304,0.069526,1.434327,281.600000,1.436011,87.224864,0.000000,0.000000,0.000000,0.792809,
7051,125,-3.330103,7.510278,0.312237,1.374935,282.000000,1.409943,77.205582,0.606776,-0.148480,0.624678,0.797507,
7061,125,-3.194421,8.057612,0.339205,1.368335,282.400000,1.409752,76.077282,0.067420,-0.016500,0.069409,0.792458,
7071,125,-3.058740,8.604946,0.339205,1.368335,282.800000,1.409752,76.077282,0.000000,0.000000,0.000000,0.787872,
7081,125,-2.923058,9.152281,0.339205,1.368335,283.200000,1.409752,76.077282,0.000000,0.000000,0.000000,0.778641,
7091,125,-2.837519,9.714732,0.213846,1.406128,283.600000,1.422296,81.352624,-0.313395,0.094482,0.327328,0.772585,
7101,125,-2.802124,10.292300,0.088488,1.443920,284.000000,1.446629,86.493113,-0.313395,0.094480,0.327327,0.815402,
7111,125,-2.766729,10.869870,0.088488,1.443920,284.400000,1.446629,86.493113,0.000000,0.000000,0.000000,0.858395,
7121,125,-2.731334,11.447440,0.088488,1.443920,284.800000,1.446629,86.493113,0.000000,0.000000,0.000000,0.901538,
7131,125,-2.700631,12.018710,0.076755,1.428189,285.200000,1.430250,86.923708,-0.029332,-0.039328,0.049061,0.912423,
7141,125,-2.712168,12.533350,-0.028841,1.286607,285.600000,1.286930,91.284127,-0.263990,-0.353955,0.441559,0.929840,
7151,125,-2.723704,13.048000,-0.028841,1.286607,286.000000,1.286930,91.284127,0.000000,0.000000,0.000000,0.947680,
7161,125,-2.735240,13.562640,-0.028841,1.286607,286.400000,1.286930,91.284127,0.000000,0.000000,0.000000,0.965923,
7171,125,-2.746776,14.077280,-0.028841,1.286607,286.800000,1.286930,91.284127,0.000000,0.000000,0.000000,0.984544,
7181,125,-2.712456,14.603840,0.085801,1.316392,287.200000,1.319185,86.270811,0.286603,0.074463,0.296118,0.965932,8.247254
7191,125,-2.647565,15.138340,0.162228,1.336248,287.600000,1.346060,83.077839,0.191069,0.049640,0.197412,0.922329,2.957341
7201,125,-2.582673,15.672840,0.162228,1.336248,288.000000,1.346060,83.077839,0.000000,0.000000,0.000000,0.878727,2.557339
7211,125,-2.517782,16.207340,0.162228,1.336248,288.400000,1.346060,83.077839,0.000000,0.000000,0.000000,0.835126,2.157336
7221,125,-2.468675,16.746070,0.122767,1.346826,288.800000,1.352410,84.791708,-0.098652,0.026445,0.102135,0.806815,2.957469
7231,125,-2.482706,17.301720,-0.035076,1.389136,289.200000,1.389579,91.446439,-0.394609,0.105775,0.408540,0.793986,6.345661
7241,125,-2.496736,17.857380,-0.035076,1.389136,289.600000,1.389579,91.446439,0.000000,0.000000,0.000000,0.769681,2.793309
7251,125,-2.510767,18.413030,-0.035076,1.389136,290.000000,1.389579,91.446439,0.000000,0.000000,0.000000,0.745381,2.393327
7261,125,-2.578146,18.915030,-0.168448,1.254999,290.400000,1.266253,97.644653,-0.333430,-0.335343,0.472895,0.729305,
7271,125,-2.698874,19.363370,-0.301820,1.120862,290.800000,1.160787,105.070846,-0.333429,-0.335342,0.472895,0.698909,
7281,125,-2.819602,19.811720,-0.301820,1.120862,291.200000,1.160787,105.070846,0.000000,0.000000,0.000000,0.672222,
7291,125,-2.940330,20.260060,-0.301820,1.120862,291.600000,1.160787,105.070846,0.000000,0.000000,0.000000,0.649705,
7311,126,-1.032204,20.317710,0.021630,-0.757339,292.400000,0.757648,271.635986,,,,,
7321,126,-1.023552,20.014780,0.021630,-0.757339,292.800000,0.757648,271.635986,0.000000,0.000000,0.000000,,
7331,126,-1.014900,19.711840,0.021630,-0.757339,293.200000,0.757648,271.635986,0.000000,0.000000,0.000000,2.825090,
7341,126,-1.012304,19.399630,0.006489,-0.780520,293.600000,0.780547,270.476338,-0.037853,-0.057954,0.069221,0.912192,
7351,126,-1.012304,19.083450,0.000000,-0.790455,294.000000,0.790455,270.000000,-0.016223,-0.024838,0.029666,0.897553,
7361,126,-1.012304,18.767270,0.000000,-0.790455,294.400000,0.790455,270.000000,0.000000,0.000000,0.000000,0.890410,
7371,126,-1.012304,18.451090,0.000000,-0.790455,294.800000,0.790455,270.000000,0.000000,0.000000,0.000000,0.890925,
7381,126,-0.954623,18.080410,0.144203,-0.926684,295.200000,0.937837,278.844954,0.360507,-0.340573,0.495939,0.856337,
7391,126,-0.896942,17.709740,0.144203,-0.926684,295.600000,0.937837,278.844954,0.000000,0.000000,0.000000,0.823514,
7401,126,-0.839261,17.339070,0.144203,-0.926684,296.000000,0.937837,278.844954,0.000000,0.000000,0.000000,0.808086,
7411,126,-0.794604,16.938180,0.111641,-1.002214,296.400000,1.008413,276.356217,-0.081405,-0.188824,0.205624,0.811182,
7421,126,-0.769485,16.491980,0.062798,-1.115509,296.800000,1.117275,273.222088,-0.122107,-0.283237,0.308437,0.824786,
7431,126,-0.744366,16.045770,0.062798,-1.115509,297.200000,1.117275,273.222088,-0.000000,0.000000,0.000000,0.841759,
7441,126,-0.716260,15.619700,0.070266,-1.065188,297.600000,1.067503,273.774090,0.018670,0.125802,0.127180,0.852849,
7451,126,-0.681183,15.240590,0.087691,-0.947773,298.000000,0.951821,275.286134,0.043563,0.293537,0.296752,0.849578,
7461,126,-0.646107,14.861480,0.087691,-0.947773,298.400000,0.951821,275.286134,0.000000,0.000000,0.000000,0.847973,
7471,126,-0.611031,14.482370,0.087691,-0.947773,298.800000,0.951821,275.286134,0.000000,0.000000,0.000000,0.808118,
7481,126,-0.554172,14.056310,0.142147,-1.065141,299.200000,1.074584,277.601419,0.136140,-0.293419,0.323464,0.797614,
7491,126,-0.482791,13.598960,0.178451,-1.143387,299.600000,1.157229,278.870723,0.090760,-0.195615,0.215645,0.810185,
7501,126,-0.411411,13.141610,0.178451,-1.143387,300.000000,1.157229,278.870723,0.000000,0.000000,0.000000,0.823177,
7511,126,-0.340030,12.684250,0.178451,-1.143387,300.400000,1.157229,278.870723,0.000000,0.000000,0.000000,0.836571,
7521,126,-0.270494,12.256750,0.173840,-1.068754,300.800000,1.082800,279.238654,-0.011527,0.186582,0.186938,0.837552,
7531,126,-0.202188,11.849150,0.170767,-1.018999,301.200000,1.033209,279.513381,-0.007685,0.124388,0.124625,0.832580,
7541,126,-0.133881,11.441550,0.170767,-1.018999,301.600000,1.033209,279.513381,0.000000,0.000000,0.000000,0.830784,
7551,126,-0.065574,11.033950,0.170767,-1.018999,302.000000,1.033209,279.513381,0.000000,0.000000,0.000000,0.832186,
7561,126,-0.013280,10.647740,0.130736,-0.965533,302.400000,0.974343,277.711105,-0.100077,0.133666,0.166979,0.813159,
7571,126,0.035011,10.266870,0.120728,-0.952166,302.800000,0.959790,277.226143,-0.025019,0.033416,0.041744,0.792148,
7581,126,0.083302,9.886005,0.120728,-0.952166,303.200000,0.959790,277.226143,0.000000,0.000000,0.000000,0.792664,
7591,126,0.131594,9.505138,0.120728,-0.952166,303.600000,0.959790,277.226143,0.000000,0.000000,0.000000,0.794929,
7601,126,0.179885,9.139386,0.120728,-0.914380,304.000000,0.922315,277.521411,0.000000,0.094467,0.094467,0.794179,6.506918
7611,126,0.228176,8.788749,0.120728,-0.876593,304.400000,0.884868,277.841679,0.000000,0.094467,0.094467,0.793184,6.209802
7621,126,0.276467,8.438112,0.120728,-0.876593,304.800000,0.884868,277.841679,0.000000,0.000000,0.000000,0.786373,5.809803
7631,126,0.324758,8.087475,0.120728,-0.876593,305.200000,0.884868,277.841679,0.000000,0.000000,0.000000,0.742190,5.409802
7641,126,0.383915,7.760472,0.147892,-0.817507,305.600000,0.830777,280.254236,0.067909,0.147714,0.162577,0.709139,3.219465
7651,126,0.486534,7.528006,0.256547,-0.581164,306.000000,0.635270,293.818417,0.271638,0.590858,0.650308,0.685234,2.466790
7661,126,0.589152,7.295541,0.256547,-0.581164,306.400000,0.635270,293.818417,0.000000,0.000000,0.000000,0.663746,2.066791
7671,126,0.691771,7.063075,0.256547,-0.581164,306.800000,0.635270,293.818417,0.000000,0.000000,0.000000,0.618256,0.183724
7681,126,0.794390,6.830610,0.256547,-0.581164,307.200000,0.635270,293.818417,0.000000,0.000000,0.000000,0.532893,9.733189
7691,126,1.019319,6.610904,0.562323,-0.549265,307.600000,0.786065,315.673068,0.764440,0.079748,0.768589,0.610784,
7701,126,1.257839,6.392616,0.596298,-0.545720,308.000000,0.808321,317.535888,0.084938,0.008861,0.085399,0.731813,
7711,126,1.496358,6.174328,0.596298,-0.545720,308.400000,0.808321,317.535888,0.000000,0.000000,0.000000,0.708902,
7721,126,1.730434,5.993098,0.585191,-0.453074,308.800000,0.740084,322.251752,-0.027769,0.231614,0.233273,0.693239,
7731,126,1.946739,5.960101,0.540761,-0.082492,309.200000,0.547017,351.326494,-0.111075,0.926456,0.933091,0.710841,
7741,126,2.163043,5.927104,0.540761,-0.082492,309.600000,0.547017,351.326494,0.000000,0.000000,0.000000,0.733510,
7751,126,2.379347,5.894107,0.540761,-0.082492,310.000000,0.547017,351.326494,0.000000,0.000000,0.000000,4.600466,
7331,127,-3.782441,20.279160,0.414583,-1.125899,293.200000,1.199803,290.214930,,,,2.825090,
7341,127,-3.616608,19.828800,0.414583,-1.125899,293.600000,1.199803,290.214930,0.000000,0.000000,0.000000,1.554219,
7351,127,-3.450775,19.378440,0.414583,-1.125899,294.000000,1.199803,290.214930,0.000000,0.000000,0.000000,1.378335,
7361,127,-3.284941,18.928080,0.414583,-1.125899,294.400000,1.199803,290.214930,0.000000,0.000000,0.000000,1.217423,
7371,127,-3.246561,18.473450,0.095950,-1.136569,294.800000,1.140612,274.825529,-0.796582,-0.026675,0.797029,1.178522,
7381,127,-3.293150,18.015980,-0.116472,-1.143681,295.200000,1.149596,264.185089,-0.531055,-0.017780,0.531352,1.206036,
7391,127,-3.339739,17.558510,-0.116472,-1.143681,295.600000,1.149596,264.185089,0.000000,0.000000,0.000000,1.233600,
7401,127,-3.386327,17.101040,-0.116472,-1.143681,296.000000,1.149596,264.185089,0.000000,0.000000,0.000000,1.261210,
7411,127,-3.395761,16.656900,-0.023585,-1.110355,296.400000,1.110605,268.783141,0.232215,0.083315,0.246709,1.243780,
7421,127,-3.389272,16.218470,0.016223,-1.096072,296.800000,1.096192,270.847966,0.099521,0.035707,0.105733,1.167830,5.527044
7431,127,-3.382783,15.780040,0.016223,-1.096072,297.200000,1.096192,270.847966,0.000000,0.000000,0.000000,1.074935,5.127011
7441,127,-3.376294,15.341610,0.016223,-1.096072,297.600000,1.096192,270.847966,0.000000,0.000000,0.000000,0.958405,4.727083
7451,127,-3.374347,14.879210,0.004867,-1.156005,298.000000,1.156015,270.241217,-0.028390,-0.149833,0.152498,0.894901,
7461,127,-3.374347,14.406530,0.000000,-1.181691,298.400000,1.181691,270.000000,-0.012167,-0.064215,0.065358,0.898319,
7471,127,-3.374347,13.933850,0.000000,-1.181691,298.800000,1.181691,270.000000,0.000000,0.000000,0.000000,0.959202,
7481,127,-3.374347,13.461180,0.000000,-1.181691,299.200000,1.181691,270.000000,0.000000,0.000000,0.000000,0.941870,
7491,127,-3.365532,13.008050,0.022039,-1.132824,299.600000,1.133038,271.114521,0.055096,0.122167,0.134017,0.916031,
7501,127,-3.336147,12.600530,0.073462,-1.018802,300.000000,1.021447,274.124237,0.128558,0.285055,0.312704,0.903942,
7511,127,-3.306762,12.193010,0.073462,-1.018802,300.400000,1.021447,274.124237,0.000000,0.000000,0.000000,0.905711,
7521,127,-3.277378,11.785490,0.073462,-1.018802,300.800000,1.021447,274.124237,0.000000,0.000000,0.000000,0.897975,
7531,127,-3.247993,11.377960,0.073462,-1.018802,301.200000,1.021447,274.124237,0.000000,0.000000,0.000000,0.880667,
7541,127,-3.218608,10.970440,0.073462,-1.018802,301.600000,1.021447,274.124237,0.000000,0.000000,0.000000,0.867606,
7551,127,-3.105754,10.593730,0.282136,-0.941795,302.000000,0.983147,286.676781,0.521686,0.192517,0.556074,0.947275,
7561,127,-2.992899,10.217010,0.282136,-0.941795,302.400000,0.983147,286.676781,0.000000,0.000000,0.000000,0.996136,
7571,127,-2.880045,9.840290,0.282136,-0.941795,302.800000,0.983147,286.676781,0.000000,0.000000,0.000000,0.997398,
7581,127,-2.767190,9.463572,0.282136,-0.941795,303.200000,0.983147,286.676781,0.000000,0.000000,0.000000,1.006752,7.541818
7591,127,-2.621608,9.122658,0.363955,-0.852284,303.600000,0.926743,293.124194,0.204548,0.223777,0.303177,1.071063,5.218218
7601,127,-2.426934,8.835451,0.486685,-0.718018,304.000000,0.867417,304.130074,0.306823,0.335665,0.454765,1.118024,1.739531
7611,127,-2.232260,8.548244,0.486685,-0.718018,304.400000,0.867417,304.130074,0.000000,0.000000,0.000000,0.999462,1.339530
7621,127,-2.037587,8.261036,0.486685,-0.718018,304.800000,0.867417,304.130074,0.000000,0.000000,0.000000,0.878342,0.939534
7631,127,-1.842913,7.973829,0.486685,-0.718018,305.200000,0.867417,304.130074,0.000000,0.000000,0.000000,0.758452,0.539533
7641,127,-1.689293,7.732720,0.384051,-0.602774,305.600000,0.714724,302.502797,-0.256585,0.288111,0.385804,0.702014,
7651,127,-1.535672,7.491610,0.384051,-0.602774,306.000000,0.714724,302.502797,0.000000,0.000000,0.000000,0.685549,
7661,127,-1.382052,7.250501,0.384051,-0.602774,306.400000,0.714724,302.502797,0.000000,0.000000,0.000000,0.689725,
7671,127,-1.228432,7.009391,0.384051,-0.602774,306.800000,0.714724,302.502797,0.000000,0.000000,0.000000,0.714178,
7681,127,-1.072576,6.771838,0.389640,-0.593882,307.200000,0.710293,303.268428,0.013973,0.022228,0.026255,0.767696,9.733189
7691,127,-0.896600,6.566293,0.439941,-0.513863,307.600000,0.676463,310.568327,0.125753,0.200050,0.236292,0.823127,
7701,127,-0.720623,6.360748,0.439941,-0.513863,308.000000,0.676463,310.568327,0.000000,0.000000,0.000000,0.886247,
7711,127,-0.544647,6.155203,0.439941,-0.513863,308.400000,0.676463,310.568327,0.000000,0.000000,0.000000,0.955532,
7721,127,-0.368671,5.949658,0.439941,-0.513863,308.800000,0.676463,310.568327,0.000000,0.000000,0.000000,1.029739,
7731,127,-0.192694,5.744113,0.439941,-0.513863,309.200000,0.676463,310.568327,0.000000,0.000000,0.000000,1.479248,
7341,128,-2.119782,20.247260,-0.108152,-0.943352,293.600000,0.949531,263.459780,,,,0.805930,3.379042
7351,128,-2.163043,19.869920,-0.108152,-0.943352,294.000000,0.949531,263.459780,0.000000,0.000000,0.000000,0.779524,2.979033
7361,128,-2.206304,19.492580,-0.108152,-0.943352,294.400000,0.949531,263.459780,0.000000,0.000000,0.000000,0.753546,2.579072
7371,128,-2.239858,19.086200,-0.083884,-1.015951,294.800000,1.019408,265.279975,0.060671,-0.181498,0.191370,0.721577,
7381,128,-2.258850,18.636260,-0.047481,-1.124850,295.200000,1.125852,267.582903,0.091006,-0.272248,0.287055,0.731487,
7391,128,-2.277843,18.186320,-0.047481,-1.124850,295.600000,1.125852,267.582903,0.000000,0.000000,0.000000,0.747975,
7401,128,-2.296835,17.736380,-0.047481,-1.124850,296.000000,1.125852,267.582903,0.000000,0.000000,0.000000,0.765653,
7411,128,-2.323757,17.287610,-0.067305,-1.121922,296.400000,1.123939,266.566898,-0.049559,0.007320,0.050096,0.792387,
7421,128,-2.369181,16.841580,-0.113560,-1.115089,296.800000,1.120857,264.185089,-0.115637,0.017082,0.116892,0.850735,5.527044
7431,128,-2.414605,16.395540,-0.113560,-1.115089,297.200000,1.120857,264.185089,0.000000,0.000000,0.000000,0.918192,5.127011
7441,128,-2.460029,15.949510,-0.113560,-1.115089,297.600000,1.120857,264.185089,0.000000,0.000000,0.000000,0.986615,4.727083
7451,128,-2.481010,15.505950,-0.052454,-1.108900,298.000000,1.110140,267.291783,0.152765,0.015473,0.153547,1.031249,
7461,128,-2.444960,15.068160,0.090127,-1.094458,298.400000,1.098163,274.707590,0.356451,0.036105,0.358275,1.019193,
7471,128,-2.408909,14.630380,0.090127,-1.094458,298.800000,1.098163,274.707590,0.000000,0.000000,0.000000,1.029063,
7481,128,-2.372858,14.192600,0.090127,-1.094458,299.200000,1.098163,274.707590,0.000000,0.000000,0.000000,1.045475,
7491,128,-2.321318,13.762290,0.128850,-1.075756,299.600000,1.083445,276.830145,0.096808,0.046755,0.107508,1.047516,
7501,128,-2.263140,13.335200,0.145446,-1.067740,300.000000,1.077601,277.757005,0.041490,0.020040,0.046076,1.044733,
7511,128,-2.204961,12.908100,0.145446,-1.067740,300.400000,1.077601,277.757005,0.000000,0.000000,0.000000,1.043941,
7521,128,-2.146783,12.481010,0.145446,-1.067740,300.800000,1.077601,277.757005,0.000000,0.000000,0.000000,1.057188,
7531,128,-2.088605,12.053910,0.145446,-1.067740,301.200000,1.077601,277.757005,0.000000,0.000000,0.000000,1.082498,
7541,128,-2.030426,11.626810,0.145446,-1.067740,301.600000,1.077601,277.757005,0.000000,0.000000,0.000000,1.112078,
7551,128,-1.967398,11.288080,0.157570,-0.846831,302.000000,0.861366,280.540512,0.030311,0.552272,0.553103,1.132706,
7561,128,-1.903831,10.959170,0.158917,-0.822286,302.400000,0.837501,280.938306,0.003368,0.061364,0.061456,1.152896,
7571,128,-1.840264,10.630250,0.158917,-0.822286,302.800000,0.837501,280.938306,0.000000,0.000000,0.000000,1.168586,
7581,128,-1.776697,10.301340,0.158917,-0.822286,303.200000,0.837501,280.938306,0.000000,0.000000,0.000000,1.140415,
7591,128,-1.713130,9.972424,0.158917,-0.822286,303.600000,0.837501,280.938306,0.000000,0.000000,0.000000,1.118966,
7601,128,-1.592402,9.584538,0.301820,-0.969715,304.000000,1.015600,287.288548,0.357256,-0.368573,0.513301,1.036058,1.739531
7611,128,-1.471674,9.196652,0.301820,-0.969715,304.400000,1.015600,287.288548,0.000000,0.000000,0.000000,0.954968,1.339530
7621,128,-1.350946,8.808766,0.301820,-0.969715,304.800000,1.015600,287.288548,0.000000,0.000000,0.000000,0.878342,0.939534
7631,128,-1.230218,8.420880,0.301820,-0.969715,305.200000,1.015600,287.288548,0.000000,0.000000,0.000000,0.758452,0.539533
7641,128,-1.065483,8.054721,0.411837,-0.915397,305.600000,1.003773,294.222982,0.275042,0.135796,0.306739,0.702014,3.219465
7651,128,-0.881888,7.697874,0.458987,-0.892117,306.000000,1.003266,297.225455,0.117876,0.058198,0.131460,0.685549,0.896359
7661,128,-0.698294,7.341028,0.458987,-0.892117,306.400000,1.003266,297.225455,0.000000,0.000000,0.000000,0.658650,0.496356
7671,128,-0.514699,6.984181,0.458987,-0.892117,306.800000,1.003266,297.225455,0.000000,0.000000,0.000000,0.620606,0.246482
7681,128,-0.312607,6.663195,0.505230,-0.802463,307.200000,0.948264,302.194473,0.115607,0.224135,0.252194,0.587979,
7691,128,-0.098183,6.366118,0.536058,-0.742694,307.600000,0.915944,305.820840,0.077071,0.149423,0.168129,0.546402,
7701,128,0.116240,6.069040,0.536058,-0.742694,308.000000,0.915944,305.820840,0.000000,0.000000,0.000000,0.517115,
7711,128,0.330663,5.771963,0.536058,-0.742694,308.400000,0.915944,305.820840,0.000000,0.000000,0.000000,0.529450,
7721,128,0.545087,5.474885,0.536058,-0.742694,308.800000,0.915944,305.820840,0.000000,0.000000,0.000000,0.611397,
7341,129,-1.313961,20.260500,-0.175382,-0.900323,293.600000,0.917246,258.976893,,,,0.805930,3.379042
7351,129,-1.384114,19.900370,-0.175382,-0.900323,294.000000,0.917246,258.976893,0.000000,0.000000,0.000000,0.779524,2.979033
7361,129,-1.454267,19.540250,-0.175382,-0.900323,294.400000,0.917246,258.976893,0.000000,0.000000,0.000000,0.753546,2.579072
7371,129,-1.524419,19.180120,-0.175382,-0.900323,294.800000,0.917246,258.976893,0.000000,0.000000,0.000000,0.721577,
7381,129,-1.531435,18.713340,-0.017538,-1.166951,295.200000,1.167083,269.138962,0.394609,-0.666570,0.774617,0.731487,
7391,129,-1.531435,18.234710,0.000000,-1.196576,295.600000,1.196576,270.000000,0.043845,-0.074062,0.086068,0.747975,
7401,129,-1.531435,17.756080,0.000000,-1.196576,296.000000,1.196576,270.000000,0.000000,0.000000,0.000000,0.765653,
7411,129,-1.531435,17.277440,-0.000000,-1.196576,296.400000,1.196576,270.000000,-0.000000,0.000000,0.000000,0.792387,
7421,129,-1.518456,16.837400,0.032446,-1.100111,296.800000,1.100589,271.689339,0.081114,0.241162,0.254438,0.824786,
7431,129,-1.496826,16.423080,0.054076,-1.035800,297.200000,1.037211,272.988531,0.054076,0.160778,0.169628,0.841759,
7441,129,-1.475195,16.008760,0.054076,-1.035800,297.600000,1.037211,272.988531,0.000000,0.000000,0.000000,0.852849,
7451,129,-1.453565,15.594440,0.054076,-1.035800,298.000000,1.037211,272.988531,0.000000,0.000000,0.000000,0.849578,
7461,129,-1.431935,15.180120,0.054076,-1.035800,298.400000,1.037211,272.988531,0.000000,0.000000,0.000000,0.847973,
7471,129,-1.383682,14.719150,0.120631,-1.152423,298.800000,1.158719,275.975739,0.166388,-0.291557,0.335694,0.808118,
7481,129,-1.328774,14.246520,0.137270,-1.181579,299.200000,1.189526,276.626634,0.041597,-0.072890,0.083924,0.797614,
7491,129,-1.273866,13.773890,0.137270,-1.181579,299.600000,1.189526,276.626634,0.000000,0.000000,0.000000,0.810185,
7501,129,-1.218958,13.301260,0.137270,-1.181579,300.000000,1.189526,276.626634,0.000000,0.000000,0.000000,0.823177,
7511,129,-1.164050,12.828620,0.137270,-1.181579,300.400000,1.189526,276.626634,0.000000,0.000000,0.000000,0.836571,
7521,129,-1.091118,12.424290,0.182331,-1.010832,300.800000,1.027145,280.224898,0.112652,0.426867,0.441482,0.837552,
7531,129,-1.006169,12.065490,0.212371,-0.897001,301.200000,0.921798,283.319934,0.075102,0.284579,0.294322,0.832580,
7541,129,-0.921220,11.706690,0.212371,-0.897001,301.600000,0.921798,283.319934,0.000000,0.000000,0.000000,0.830784,
7551,129,-0.836272,11.347890,0.212371,-0.897001,302.000000,0.921798,283.319934,0.000000,0.000000,0.000000,0.832186,
7561,129,-0.751323,10.989090,0.212371,-0.897001,302.400000,0.921798,283.319934,0.000000,0.000000,0.000000,0.813159,
7571,129,-0.671691,10.624740,0.199080,-0.910866,302.800000,0.932367,282.328783,-0.033228,-0.034662,0.048017,0.792148,
7581,129,-0.639908,10.210480,0.079459,-1.035650,303.200000,1.038694,274.387340,-0.299054,-0.311961,0.432149,0.792664,7.541818
7591,129,-0.608124,9.796223,0.079459,-1.035650,303.600000,1.038694,274.387340,0.000000,0.000000,0.000000,0.794929,5.218218
7601,129,-0.576341,9.381963,0.079459,-1.035650,304.000000,1.038694,274.387340,0.000000,0.000000,0.000000,0.794179,2.417435
7611,129,-0.544557,8.967703,0.079459,-1.035650,304.400000,1.038694,274.387340,0.000000,0.000000,0.000000,0.793184,2.017435
7621,129,-0.496882,8.580641,0.119188,-0.967654,304.800000,0.974967,277.021878,0.099323,0.169989,0.196879,0.786373,1.630352
7631,129,-0.385640,8.302373,0.278106,-0.695670,305.200000,0.749200,291.789860,0.397294,0.679960,0.787520,0.742190,5.036668
7641,129,-0.274398,8.024105,0.278106,-0.695670,305.600000,0.749200,291.789860,0.000000,0.000000,0.000000,0.709139,
7651,129,-0.163155,7.745837,0.278106,-0.695670,306.000000,0.749200,291.789860,0.000000,0.000000,0.000000,0.685234,0.896359
7661,129,-0.051913,7.467569,0.278106,-0.695670,306.400000,0.749200,291.789860,0.000000,0.000000,0.000000,0.658650,0.496356
7671,129,0.080923,7.158496,0.332091,-0.772683,306.800000,0.841025,293.257509,0.134963,-0.192531,0.235124,0.618256,0.183724
7681,129,0.264146,6.777544,0.458056,-0.952379,307.200000,1.056807,295.685702,0.314914,-0.449240,0.548623,0.532893,
7691,129,0.447368,6.396593,0.458056,-0.952379,307.600000,1.056807,295.685702,0.000000,0.000000,0.000000,0.546402,
7701,129,0.630591,6.015641,0.458056,-0.952379,308.000000,1.056807,295.685702,0.000000,0.000000,0.000000,0.517115,
7711,129,0.846582,5.890898,0.539978,-0.311858,308.400000,0.623563,329.991925,0.204804,1.601302,1.614346,0.529450,
7721,129,1.066214,5.794623,0.549080,-0.240689,308.800000,0.599517,336.329802,0.022756,0.177922,0.179372,0.611397,
7731,129,1.285846,5.698347,0.549080,-0.240689,309.200000,0.599517,336.329802,0.000000,0.000000,0.000000,0.710841,
7741,129,1.505478,5.602072,0.549080,-0.240689,309.600000,0.599517,336.329802,0.000000,0.000000,0.000000,0.733510,
7361,130,-2.569695,20.486810,-0.455993,-1.248840,294.400000,1.329485,249.941185,,,,1.058559,
7371,130,-2.752092,19.987270,-0.455993,-1.248840,294.800000,1.329485,249.941185,0.000000,0.000000,0.000000,1.036490,
7381,130,-2.934490,19.487730,-0.455993,-1.248840,295.200000,1.329485,249.941185,0.000000,0.000000,0.000000,1.086964,
7391,130,-3.116887,18.988200,-0.455993,-1.248840,295.600000,1.329485,249.941185,0.000000,0.000000,0.000000,1.160606,
7401,130,-3.274847,18.474760,-0.394902,-1.283589,296.000000,1.342962,252.899268,0.152729,-0.086873,0.175707,1.225444,
7411,130,-3.375789,17.928890,-0.252355,-1.364670,296.400000,1.387807,259.523205,0.356366,-0.202703,0.409982,1.232076,
7421,130,-3.476731,17.383020,-0.252355,-1.364670,296.800000,1.387807,259.523205,0.000000,0.000000,0.000000,1.167830,
7431,130,-3.577673,16.837160,-0.252355,-1.364670,297.200000,1.387807,259.523205,0.000000,0.000000,0.000000,1.074935,
7441,130,-3.727492,16.233350,-0.374548,-1.509505,297.600000,1.555279,256.064837,-0.305482,-0.362087,0.473737,0.958405,
7451,130,-3.898259,15.604720,-0.426916,-1.571577,298.000000,1.628531,254.802432,-0.130921,-0.155180,0.203030,0.894901,
7461,130,-4.069026,14.976090,-0.426916,-1.571577,298.400000,1.628531,254.802432,0.000000,0.000000,0.000000,0.898319,
7471,130,-4.239792,14.347460,-0.426916,-1.571577,298.800000,1.628531,254.802432,0.000000,0.000000,0.000000,0.959202,
7481,130,-4.246003,13.818020,-0.015528,-1.323618,299.200000,1.323709,269.327873,1.028471,0.619898,1.200844,0.941870,
7491,130,-4.233931,13.299590,0.030182,-1.296067,299.600000,1.296418,271.334027,0.114275,0.068877,0.133427,0.916031,
7501,130,-4.221858,12.781160,0.030182,-1.296067,300.000000,1.296418,271.334027,0.000000,0.000000,0.000000,0.903942,
7511,130,-4.209785,12.262740,0.030182,-1.296067,300.400000,1.296418,271.334027,0.000000,0.000000,0.000000,0.905711,
7521,130,-4.175291,11.774980,0.086234,-1.219388,300.800000,1.222433,274.045183,0.140131,0.191697,0.237454,0.897975,
7531,130,-4.125850,11.307670,0.123603,-1.168268,301.200000,1.174788,276.039414,0.093421,0.127800,0.158304,0.880667,
7541,130,-4.076409,10.840370,0.123603,-1.168268,301.600000,1.174788,276.039414,0.000000,0.000000,0.000000,0.867606,
7551,130,-4.026968,10.373060,0.123603,-1.168268,302.000000,1.174788,276.039414,0.000000,0.000000,0.000000,0.947275,
7561,130,-3.939926,9.908098,0.217605,-1.162401,302.400000,1.182594,280.603237,0.235007,0.014668,0.235465,0.996136,
7571,130,-3.796482,9.446658,0.358610,-1.153600,302.800000,1.208054,287.268457,0.352511,0.022002,0.353197,0.997398,
7581,130,-3.653038,8.985218,0.358610,-1.153600,303.200000,1.208054,287.268457,0.000000,0.000000,0.000000,1.006752,
7591,130,-3.509594,8.523778,0.358610,-1.153600,303.600000,1.208054,287.268457,0.000000,0.000000,0.000000,1.071063,
7601,130,-3.334463,8.182481,0.437829,-0.853241,304.000000,0.959018,297.163988,0.198048,0.750897,0.776575,1.118024,6.044070
7611,130,-3.138206,7.921280,0.490642,-0.653002,304.400000,0.816787,306.919830,0.132032,0.500598,0.517717,1.101736,
7621,130,-2.941950,7.660079,0.490642,-0.653002,304.800000,0.816787,306.919830,0.000000,0.000000,0.000000,1.085828,
7631,130,-2.745693,7.398878,0.490642,-0.653002,305.200000,0.816787,306.919830,0.000000,0.000000,0.000000,1.070318,9.523646
7641,130,-2.532530,7.122959,0.532907,-0.689798,305.600000,0.871671,307.688078,0.105664,-0.091989,0.140096,1.040604,6.057082
7651,130,-2.302461,6.832322,0.575173,-0.726593,306.000000,0.926694,308.365216,0.105664,-0.091989,0.140096,1.011250,
7661,130,-2.072392,6.541685,0.575173,-0.726593,306.400000,0.926694,308.365216,0.000000,0.000000,0.000000,0.989439,
7671,130,-1.842323,6.251047,0.575173,-0.726593,306.800000,0.926694,308.365216,0.000000,0.000000,0.000000,0.975678,7.209280
7681,130,-1.616003,5.967224,0.565801,-0.709557,307.200000,0.907525,308.568848,-0.023430,0.042590,0.048610,0.970936,
7691,130,-1.423422,5.744731,0.481451,-0.556233,307.600000,0.735657,310.878063,-0.210873,0.383310,0.437486,0.975964,
7701,130,-1.230841,5.522238,0.481451,-0.556233,308.000000,0.735657,310.878063,0.000000,0.000000,0.000000,0.981540,
7711,130,-1.038261,5.299745,0.481451,-0.556233,308.400000,0.735657,310.878063,0.000000,0.000000,0.000000,0.987655,
7501,131,-2.517782,20.575650,0.194674,-1.345805,300.000000,1.359812,278.230879,,,,7.244926,
7511,131,-2.439913,20.037330,0.194674,-1.345805,300.400000,1.359812,278.230879,0.000000,0.000000,0.000000,7.133101,
7521,131,-2.362043,19.499010,0.194674,-1.345805,300.800000,1.359812,278.230879,0.000000,0.000000,0.000000,7.021301,
7531,131,-2.284174,18.960690,0.194674,-1.345805,301.200000,1.359812,278.230879,0.000000,0.000000,0.000000,6.909548,
7541,131,-2.246002,18.369710,0.095428,-1.477431,301.600000,1.480510,273.695643,-0.248114,-0.329065,0.412122,6.746345,
7551,131,-2.207831,17.778740,0.095428,-1.477431,302.000000,1.480510,273.695643,0.000000,0.000000,0.000000,6.495112,
7561,131,-2.169659,17.187770,0.095428,-1.477431,302.400000,1.480510,273.695643,0.000000,0.000000,0.000000,6.234270,
7571,131,-2.129038,16.659230,0.101554,-1.321358,302.800000,1.325255,274.394851,0.015313,0.390182,0.390483,6.035892,
7581,131,-2.086783,16.172300,0.105637,-1.217309,303.200000,1.221884,274.959652,0.010209,0.260123,0.260323,5.879143,
7591,131,-2.044528,15.685380,0.105637,-1.217309,303.600000,1.221884,274.959652,0.000000,0.000000,0.000000,5.722560,
7601,131,-2.002274,15.198460,0.105637,-1.217309,304.000000,1.221884,274.959652,0.000000,0.000000,0.000000,5.628864,
7611,131,-1.966068,14.700250,0.090514,-1.245524,304.400000,1.248809,274.156454,-0.037808,-0.070538,0.080031,5.525759,
7621,131,-1.943977,14.175700,0.055227,-1.311357,304.800000,1.312519,272.411536,-0.088218,-0.164582,0.186735,5.399599,
7631,131,-1.921887,13.651160,0.055227,-1.311357,305.200000,1.312519,272.411536,0.000000,0.000000,0.000000,5.275816,
7641,131,-1.899796,13.126620,0.055227,-1.311357,305.600000,1.312519,272.411536,0.000000,0.000000,0.000000,5.140062,
7651,131,-1.877706,12.602070,0.055227,-1.311357,306.000000,1.312519,272.411536,0.000000,0.000000,0.000000,5.004277,
7661,131,-1.865931,12.129960,0.029437,-1.180294,306.400000,1.180661,271.428676,-0.064474,0.327658,0.333941,4.903393,
7671,131,-1.861033,11.692790,0.012244,-1.092919,306.800000,1.092988,270.641840,-0.042983,0.218437,0.222626,4.711617,
7681,131,-1.856136,11.255620,0.012244,-1.092919,307.200000,1.092988,270.641840,0.000000,0.000000,0.000000,3.764190,
7691,131,-1.851238,10.818450,0.012244,-1.092919,307.600000,1.092988,270.641840,0.000000,0.000000,0.000000,2.860456,
7701,131,-1.846341,10.381290,0.012244,-1.092919,308.000000,1.092988,270.641840,0.000000,0.000000,0.000000,2.058786,
7711,131,-1.833752,9.930377,0.031473,-1.127273,308.400000,1.127712,271.599278,0.048074,-0.085885,0.098424,1.533069,
7721,131,-1.803215,9.447404,0.076343,-1.207432,308.800000,1.209843,273.617843,0.112173,-0.200397,0.229656,1.615825,
7731,131,-1.772677,8.964432,0.076343,-1.207432,309.200000,1.209843,273.617843,0.000000,0.000000,0.000000,2.169524,
7741,131,-1.742140,8.481459,0.076343,-1.207432,309.600000,1.209843,273.617843,0.000000,0.000000,0.000000,2.930103,
7751,131,-1.711603,7.998486,0.076343,-1.207432,310.000000,1.209843,273.617843,0.000000,0.000000,0.000000,3.774518,
7761,131,-1.679603,7.515840,0.080001,-1.206614,310.400000,1.209263,273.793266,0.009145,0.002045,0.009371,4.657531,
7771,131,-1.641750,7.034504,0.094633,-1.203341,310.800000,1.207056,274.496599,0.036581,0.008182,0.037485,2.745993,
7781,131,-1.603896,6.553167,0.094633,-1.203341,311.200000,1.207056,274.496599,0.000000,0.000000,0.000000,1.698350,
7791,131,-1.566043,6.071831,0.094633,-1.203341,311.600000,1.207056,274.496599,0.000000,0.000000,0.000000,1.361613,
7801,131,-1.528190,5.590494,0.094633,-1.203341,312.000000,1.207056,274.496599,0.000000,0.000000,0.000000,1.602898,
7641,132,-3.493442,5.687405,0.038171,1.291913,305.600000,1.292477,88.307610,,,,1.727474,
7651,132,-3.478173,6.204170,0.038171,1.291913,306.000000,1.292477,88.307610,0.000000,0.000000,0.000000,1.332994,
7661,132,-3.462905,6.720935,0.038171,1.291913,306.400000,1.292477,88.307610,0.000000,0.000000,0.000000,1.402019,
7671,132,-3.442872,7.254646,0.050081,1.334279,306.800000,1.335219,87.850470,0.029774,0.105915,0.110020,1.889171,
7681,132,-3.411725,7.827899,0.077870,1.433132,307.200000,1.435246,86.889879,0.069472,0.247133,0.256712,2.566492,
7691,132,-3.380577,8.401152,0.077870,1.433132,307.600000,1.435246,86.889879,0.000000,0.000000,0.000000,2.860456,
7701,132,-3.349429,8.974405,0.077870,1.433132,308.000000,1.435246,86.889879,0.000000,0.000000,0.000000,2.058786,3.763548
7711,132,-3.318281,9.547657,0.077870,1.433132,308.400000,1.435246,86.889879,0.000000,0.000000,0.000000,1.533069,3.363546
7721,132,-3.286943,10.087280,0.078346,1.349059,308.800000,1.351332,86.676294,0.001192,-0.210182,0.210186,1.615825,2.933006
7731,132,-3.255159,10.548440,0.079459,1.152889,309.200000,1.155624,86.057329,0.002781,-0.490425,0.490433,2.169524,2.747661
7741,132,-3.223376,11.009590,0.079459,1.152889,309.600000,1.155624,86.057329,0.000000,0.000000,0.000000,2.930103,2.347661
7751,132,-3.191592,11.470750,0.079459,1.152889,310.000000,1.155624,86.057329,0.000000,0.000000,0.000000,3.774518,2.410988
7761,132,-3.159809,11.931900,0.079459,1.152889,310.400000,1.155624,86.057329,0.000000,0.000000,0.000000,4.405603,2.010990
7771,132,-3.185573,12.415470,-0.064410,1.208917,310.800000,1.210632,93.049770,-0.359671,0.140070,0.385983,3.494211,
7781,132,-3.297658,12.932650,-0.280212,1.292958,311.200000,1.322974,102.228149,-0.539507,0.210103,0.578974,2.678989,
7791,132,-3.409742,13.449840,-0.280212,1.292958,311.600000,1.322974,102.228149,0.000000,0.000000,0.000000,2.066460,
7801,132,-3.521827,13.967020,-0.280212,1.292958,312.000000,1.322974,102.228149,0.000000,0.000000,0.000000,1.338237,
7811,132,-3.633912,14.484200,-0.280212,1.292958,312.400000,1.322974,102.228149,0.000000,0.000000,0.000000,0.982317,
7821,132,-3.607061,15.023210,0.067129,1.347515,312.800000,1.349186,87.148064,0.868353,0.136392,0.879000,1.427733,
7831,132,-3.580209,15.562220,0.067129,1.347515,313.200000,1.349186,87.148064,0.000000,0.000000,0.000000,2.302022,
7841,132,-3.548256,16.100080,0.079883,1.344655,313.600000,1.347026,86.600162,0.031886,-0.007150,0.032678,3.275546,
7851,132,-3.470386,16.627640,0.194674,1.318907,314.000000,1.333197,81.603628,0.286976,-0.064370,0.294107,4.228925,
7861,132,-3.392517,17.155200,0.194674,1.318907,314.400000,1.333197,81.603628,0.000000,0.000000,0.000000,5.178847,
7871,132,-3.314647,17.682770,0.194674,1.318907,314.800000,1.333197,81.603628,0.000000,0.000000,0.000000,6.132888,
7881,132,-3.236778,18.210330,0.194674,1.318907,315.200000,1.333197,81.603628,0.000000,0.000000,0.000000,7.089366,
7891,132,-3.164183,18.739050,0.181486,1.321810,315.600000,1.334211,82.182094,-0.032969,0.007257,0.033758,8.048365,
7901,132,-3.139064,19.278230,0.062798,1.347935,316.000000,1.349397,87.332615,-0.296721,0.065313,0.303824,8.366556,
7911,132,-3.113945,19.817400,0.062798,1.347935,316.400000,1.349397,87.332615,0.000000,0.000000,0.000000,8.462384,
7921,132,-3.088826,20.356580,0.062798,1.347935,316.800000,1.349397,87.332614,0.000000,0.000000,0.000000,8.558213,
7681,133,-2.053809,20.222880,0.081114,-1.249046,307.200000,1.251677,273.715620,,,,8.969438,
7691,133,-2.021364,19.723260,0.081114,-1.249046,307.600000,1.251677,273.715620,0.000000,0.000000,0.000000,8.906435,
7701,133,-1.988918,19.223640,0.081114,-1.249046,308.000000,1.251677,273.715620,0.000000,0.000000,0.000000,1.796443,
7711,133,-2.009776,18.718480,-0.052145,-1.262890,308.400000,1.263966,267.635598,-0.333147,-0.034610,0.334940,1.679372,3.716738
7721,133,-2.083938,18.207790,-0.185404,-1.276735,308.800000,1.290127,261.737433,-0.333147,-0.034612,0.334940,1.527764,2.554809
7731,133,-2.158099,17.697100,-0.185404,-1.276735,309.200000,1.290127,261.737433,0.000000,0.000000,0.000000,1.376880,2.154806
7741,133,-2.232260,17.186400,-0.185404,-1.276735,309.600000,1.290127,261.737433,0.000000,0.000000,0.000000,1.299161,2.347661
7751,133,-2.181789,16.701090,0.126177,-1.213294,310.000000,1.219837,275.937179,0.778953,0.158603,0.794936,1.285394,
7761,133,-2.131318,16.215770,0.126177,-1.213294,310.400000,1.219837,275.937179,0.000000,0.000000,0.000000,1.271639,
7771,133,-2.080847,15.730450,0.126177,-1.213294,310.800000,1.219837,275.937179,0.000000,0.000000,0.000000,1.238267,
7781,133,-2.020900,15.287830,0.149868,-1.106551,311.200000,1.116654,277.713039,0.059226,0.266858,0.273351,1.167868,
7791,133,-1.946739,14.909250,0.185404,-0.946438,311.600000,0.964427,281.083674,0.088839,0.400282,0.410023,1.071537,
7801,133,-1.872577,14.530680,0.185404,-0.946438,312.000000,0.964427,281.083674,0.000000,0.000000,0.000000,0.994643,
7811,133,-1.798416,14.152100,0.185404,-0.946438,312.400000,0.964427,281.083674,0.000000,0.000000,0.000000,0.937130,
7821,133,-1.718563,13.777560,0.199632,-0.936361,312.800000,0.957405,282.035277,0.035571,0.025193,0.043589,0.898450,
7831,133,-1.615944,13.419140,0.256547,-0.896052,313.200000,0.932055,285.976843,0.142287,0.100771,0.174357,0.898448,
7841,133,-1.513325,13.060720,0.256547,-0.896052,313.600000,0.932055,285.976843,0.000000,0.000000,0.000000,0.923293,
7851,133,-1.410707,12.702300,0.256547,-0.896052,314.000000,0.932055,285.976843,0.000000,0.000000,0.000000,0.892592,
7861,133,-1.308088,12.343880,0.256547,-0.896052,314.400000,0.932055,285.976843,0.000000,0.000000,0.000000,0.838095,
7871,133,-1.144520,11.906270,0.408919,-1.094024,314.800000,1.167948,290.494490,0.380930,-0.494929,0.624550,0.827233,8.641776
7881,133,-0.974181,11.459860,0.425849,-1.116021,315.200000,1.194508,290.885756,0.042326,-0.054993,0.069395,0.820928,
7891,133,-0.803841,11.013450,0.425849,-1.116021,315.600000,1.194508,290.885756,0.000000,0.000000,0.000000,0.832260,
7901,133,-0.634882,10.589400,0.422396,-1.060130,316.000000,1.141181,291.724227,-0.008632,0.139728,0.139994,0.916560,
7911,133,-0.466516,10.174930,0.420917,-1.036177,316.400000,1.118407,292.108005,-0.003700,0.059883,0.059997,1.002317,
7921,133,-0.298149,9.760455,0.420917,-1.036177,316.800000,1.118407,292.108005,0.000000,0.000000,0.000000,1.088150,
7931,133,-0.129783,9.345984,0.420917,-1.036177,317.200000,1.118407,292.108005,0.000000,0.000000,0.000000,1.104124,
7941,133,-0.024553,8.952270,0.263073,-0.984286,317.600000,1.018836,284.963829,-0.394609,0.129727,0.415386,1.017720,2.203253
7951,133,0.080676,8.558555,0.263073,-0.984286,318.000000,1.018836,284.963829,0.000000,0.000000,0.000000,0.933303,1.803245
7961,133,0.185905,8.164841,0.263073,-0.984286,318.400000,1.018836,284.963829,0.000000,0.000000,0.000000,0.851468,1.403247
7971,133,0.316822,7.786521,0.327294,-0.945799,318.800000,1.000828,289.088167,0.160552,0.096218,0.187176,0.819034,
7981,133,0.507679,7.444123,0.477142,-0.855995,319.200000,0.979996,299.135815,0.374621,0.224509,0.436744,0.865270,
7991,133,0.698536,7.101725,0.477142,-0.855995,319.600000,0.979996,299.135815,0.000000,0.000000,0.000000,0.913463,
8001,133,0.889392,6.759327,0.477142,-0.855995,320.000000,0.979996,299.135815,0.000000,0.000000,0.000000,0.889457,
8011,133,1.096663,6.581379,0.518176,-0.444871,320.400000,0.682947,319.352814,0.102586,1.027810,1.032916,0.830130,
8021,133,1.305757,6.421702,0.522735,-0.399191,320.800000,0.657728,322.632552,0.011398,0.114201,0.114768,0.855936,
8031,133,1.514851,6.262026,0.522735,-0.399191,321.200000,0.657728,322.632552,0.000000,0.000000,0.000000,11.185286,
8041,133,1.728468,6.120594,0.534042,-0.353580,321.600000,0.640484,326.492169,0.028267,0.114028,0.117479,11.376106,
8051,133,1.952638,6.021732,0.560425,-0.247154,322.000000,0.612504,336.201976,0.065957,0.266065,0.274119,11.455122,
8061,133,2.176808,5.922871,0.560425,-0.247154,322.400000,0.612504,336.201976,0.000000,0.000000,0.000000,11.535372,
8071,133,2.400978,5.824009,0.560425,-0.247154,322.800000,0.612504,336.201976,0.000000,0.000000,0.000000,11.652086,
8081,133,2.625148,5.725148,0.560425,-0.247154,323.200000,0.612504,336.201976,0.000000,0.000000,0.000000,11.874041,
7701,134,-3.285122,20.467450,0.141950,-1.483432,308.000000,1.490208,275.465994,,,,1.796443,3.763548
7711,134,-3.228342,19.874070,0.141950,-1.483432,308.400000,1.490208,275.465994,0.000000,0.000000,0.000000,1.679372,3.363546
7721,134,-3.171562,19.280700,0.141950,-1.483432,308.800000,1.490208,275.465994,0.000000,0.000000,0.000000,1.527764,2.554809
7731,134,-3.114782,18.687330,0.141950,-1.483432,309.200000,1.490208,275.465994,0.000000,0.000000,0.000000,1.376880,2.154806
7741,134,-3.053708,18.192900,0.152685,-1.236070,309.600000,1.245465,277.041783,0.026839,0.618405,0.618987,1.299161,2.810991
7751,134,-2.992634,17.698470,0.152685,-1.236070,310.000000,1.245465,277.041783,0.000000,0.000000,0.000000,1.285394,2.410988
7761,134,-2.931560,17.204040,0.152685,-1.236070,310.400000,1.245465,277.041783,0.000000,0.000000,0.000000,1.271639,2.010990
7771,134,-2.876847,16.678970,0.136781,-1.312672,310.800000,1.319779,275.948764,-0.039762,-0.191505,0.195589,1.238267,
7781,134,-2.826376,16.133480,0.126177,-1.363740,311.200000,1.369565,275.286135,-0.026508,-0.127670,0.130393,1.167868,4.079263
7791,134,-2.775905,15.587980,0.126177,-1.363740,311.600000,1.369565,275.286135,0.000000,0.000000,0.000000,1.071537,3.679261
7801,134,-2.725434,15.042490,0.126177,-1.363740,312.000000,1.369565,275.286135,0.000000,0.000000,0.000000,0.994643,3.279263
7811,134,-2.652998,14.536680,0.181092,-1.264507,312.400000,1.277408,278.150001,0.137286,0.248083,0.283536,0.937130,
7821,134,-2.580561,14.030880,0.181092,-1.264507,312.800000,1.277408,278.150001,0.000000,0.000000,0.000000,0.898450,
7831,134,-2.508124,13.525080,0.181092,-1.264507,313.200000,1.277408,278.150001,0.000000,0.000000,0.000000,0.898448,
7841,134,-2.435687,13.019270,0.181092,-1.264507,313.600000,1.277408,278.150001,0.000000,0.000000,0.000000,0.923293,
7851,134,-2.292826,12.565970,0.357154,-1.133249,314.000000,1.188197,287.492714,0.440154,0.328145,0.549012,0.892592,
7861,134,-2.119782,12.135180,0.432609,-1.076996,314.400000,1.160634,291.884380,0.188638,0.140633,0.235290,0.838095,
7871,134,-1.946739,11.704380,0.432609,-1.076996,314.800000,1.160634,291.884380,0.000000,0.000000,0.000000,0.827233,8.641776
7881,134,-1.773695,11.273580,0.432609,-1.076996,315.200000,1.160634,291.884380,0.000000,0.000000,0.000000,0.820928,
7891,134,-1.617956,10.840610,0.389348,-1.082432,315.600000,1.150326,289.783518,-0.108152,-0.013590,0.109002,0.832260,
7901,134,-1.531435,10.398940,0.216304,-1.104178,316.000000,1.125165,281.083669,-0.432609,-0.054365,0.436011,0.916560,
7911,134,-1.444913,9.957265,0.216304,-1.104178,316.400000,1.125165,281.083669,0.000000,0.000000,0.000000,1.002317,
7921,134,-1.358391,9.515594,0.216304,-1.104178,316.800000,1.125165,281.083669,0.000000,0.000000,0.000000,1.088150,
7931,134,-1.203983,9.090675,0.386020,-1.062297,317.200000,1.130259,289.970252,0.424289,0.104703,0.437017,1.104124,
7941,134,-1.004318,8.676924,0.499164,-1.034377,317.600000,1.148521,295.760764,0.282859,0.069800,0.291344,1.017720,2.203253
7951,134,-0.804652,8.263174,0.499164,-1.034377,318.000000,1.148521,295.760764,0.000000,0.000000,0.000000,0.933303,1.803245
7961,134,-0.604986,7.849423,0.499164,-1.034377,318.400000,1.148521,295.760764,0.000000,0.000000,0.000000,0.851468,1.403247
7971,134,-0.427519,7.444800,0.443669,-1.011558,318.800000,1.104577,293.682216,-0.138738,0.057047,0.150009,0.819034,
7981,134,-0.259565,7.044088,0.419885,-1.001778,319.200000,1.086215,292.740486,-0.059459,0.024450,0.064290,0.865270,
7991,134,-0.091611,6.643377,0.419885,-1.001778,319.600000,1.086215,292.740486,0.000000,0.000000,0.000000,0.913463,
8001,134,0.147628,6.268493,0.598097,-0.937210,320.000000,1.111792,302.544722,0.445531,0.161421,0.473872,0.889457,
8011,134,0.553198,5.953874,1.013926,-0.786549,320.400000,1.283240,322.197619,1.039572,0.376651,1.105701,0.830130,
8021,134,0.958769,5.639254,1.013926,-0.786549,320.800000,1.283240,322.197619,0.000000,0.000000,0.000000,0.855936,
7771,135,-3.965357,5.571176,0.099833,0.899950,310.800000,0.905470,83.669975,,,,2.745993,
7781,135,-3.925424,5.931156,0.099833,0.899950,311.200000,0.905470,83.669975,0.000000,0.000000,0.000000,1.065617,
7791,135,-3.885491,6.291136,0.099833,0.899950,311.600000,0.905470,83.669975,0.000000,0.000000,0.000000,1.015881,
7801,135,-3.845558,6.651116,0.099833,0.899950,312.000000,0.905470,83.669975,0.000000,0.000000,0.000000,0.972800,
7811,135,-3.805625,7.011096,0.099833,0.899950,312.400000,0.905470,83.669975,0.000000,0.000000,0.000000,0.936659,
7821,135,-3.782408,7.415365,0.058042,1.010674,312.800000,1.012339,86.713154,-0.104476,0.276811,0.295871,0.922060,
7831,135,-3.770335,7.849161,0.030182,1.084490,313.200000,1.084910,88.405836,-0.069651,0.184540,0.197247,0.922803,
7841,135,-3.758262,8.282958,0.030182,1.084490,313.600000,1.084910,88.405836,0.000000,0.000000,0.000000,0.923747,
7851,135,-3.746189,8.716754,0.030182,1.084490,314.000000,1.084910,88.405836,0.000000,0.000000,0.000000,0.924890,
7861,135,-3.731158,9.153421,0.037579,1.091668,314.400000,1.092315,88.028474,0.018492,0.017945,0.025768,0.924778,
7871,135,-3.709223,9.596787,0.054838,1.108416,314.800000,1.109772,87.167661,0.043147,0.041870,0.060123,0.921409,
7881,135,-3.687288,10.040150,0.054838,1.108416,315.200000,1.109772,87.167661,0.000000,0.000000,0.000000,0.918154,
7891,135,-3.665353,10.483520,0.054838,1.108416,315.600000,1.109772,87.167661,0.000000,0.000000,0.000000,0.915017,
7901,135,-3.643418,10.926890,0.054838,1.108416,316.000000,1.109772,87.167661,0.000000,0.000000,0.000000,0.911996,
7911,135,-3.621483,11.370250,0.054838,1.108416,316.400000,1.109772,87.167661,0.000000,0.000000,0.000000,0.920704,
7921,135,-3.599547,11.813620,0.054838,1.108416,316.800000,1.109772,87.167661,0.000000,0.000000,0.000000,0.937243,
7931,135,-3.581999,12.269410,0.043870,1.139483,317.200000,1.140327,87.795198,-0.027419,0.077668,0.082365,0.961456,
7941,135,-3.581999,12.774910,0.000000,1.263753,317.600000,1.263753,90.000000,-0.109675,0.310675,0.329466,1.018373,
7951,135,-3.581999,13.280410,0.000000,1.263753,318.000000,1.263753,90.000000,0.000000,0.000000,0.000000,1.078614,
7961,135,-3.581999,13.785910,0.000000,1.263753,318.400000,1.263753,90.000000,0.000000,0.000000,0.000000,1.141659,
7971,135,-3.581999,14.291420,0.000000,1.263753,318.800000,1.263753,90.000000,0.000000,0.000000,0.000000,1.176305,
7981,135,-3.581999,14.796920,0.000000,1.263753,319.200000,1.263753,90.000000,0.000000,0.000000,0.000000,1.204347,
7991,135,-3.594750,15.295040,-0.031876,1.245304,319.600000,1.245712,91.466297,-0.079691,-0.046122,0.092076,1.242525,
8001,135,-3.658503,15.763640,-0.159382,1.171509,320.000000,1.182301,97.747442,-0.318764,-0.184488,0.368302,1.321621,
8011,135,-3.722256,16.232250,-0.159382,1.171509,320.400000,1.182301,97.747442,0.000000,0.000000,0.000000,1.406069,
8021,135,-3.786008,16.700850,-0.159382,1.171509,320.800000,1.182301,97.747442,0.000000,0.000000,0.000000,1.448541,
8031,135,-3.849761,17.169450,-0.159382,1.171509,321.200000,1.182301,97.747442,0.000000,0.000000,0.000000,1.445729,
8041,135,-3.913514,17.638060,-0.159382,1.171509,321.600000,1.182301,97.747442,0.000000,0.000000,0.000000,1.443071,
8051,135,-3.935407,18.124840,-0.054733,1.216948,322.000000,1.218178,92.575172,0.261623,0.113598,0.285221,1.402720,8.431027
8061,135,-3.915441,18.629790,0.049916,1.262387,322.400000,1.263373,87.735632,0.261623,0.113598,0.285221,1.325313,
8071,135,-3.895474,19.134750,0.049916,1.262387,322.800000,1.263373,87.735632,0.000000,0.000000,0.000000,1.303350,
8081,135,-3.875508,19.639700,0.049916,1.262387,323.200000,1.263373,87.735632,0.000000,0.000000,0.000000,1.318634,
8091,135,-3.855541,20.144660,0.049916,1.262387,323.600000,1.263373,87.735632,0.000000,0.000000,0.000000,1.334899,
7781,136,-2.945694,5.512027,0.055621,1.131987,311.200000,1.133353,87.186987,,,,1.065617,4.079263
7791,136,-2.923445,5.964822,0.055621,1.131987,311.600000,1.133353,87.186987,0.000000,0.000000,0.000000,1.015881,3.679261
7801,136,-2.901197,6.417617,0.055621,1.131987,312.000000,1.133353,87.186987,0.000000,0.000000,0.000000,0.972800,3.279263
7811,136,-2.880092,6.867153,0.052763,1.123839,312.400000,1.125077,87.312010,-0.007146,-0.020370,0.021587,0.936659,
7821,136,-2.869277,7.287356,0.027038,1.050507,312.800000,1.050855,88.525642,-0.064312,-0.183330,0.194283,0.922060,
7831,136,-2.858461,7.707559,0.027038,1.050507,313.200000,1.050855,88.525642,0.000000,0.000000,0.000000,0.922803,
7841,136,-2.847646,8.127761,0.027038,1.050507,313.600000,1.050855,88.525642,0.000000,0.000000,0.000000,0.923747,
7851,136,-2.836831,8.547964,0.027038,1.050507,314.000000,1.050855,88.525642,0.000000,0.000000,0.000000,0.924890,
7861,136,-2.824290,8.972302,0.031353,1.060844,314.400000,1.061307,88.307150,0.010786,0.025843,0.028003,0.924778,
7871,136,-2.807722,9.406288,0.041420,1.084964,314.800000,1.085754,87.813718,0.025168,0.060300,0.065342,0.921409,
7881,136,-2.791154,9.840273,0.041420,1.084964,315.200000,1.085754,87.813718,0.000000,0.000000,0.000000,0.918154,
7891,136,-2.774586,10.274260,0.041420,1.084964,315.600000,1.085754,87.813718,0.000000,0.000000,0.000000,0.915017,
7901,136,-2.758018,10.708250,0.041420,1.084964,316.000000,1.085754,87.813718,0.000000,0.000000,0.000000,0.911996,
7911,136,-2.729910,11.140480,0.070271,1.080579,316.400000,1.082861,86.279237,0.072128,-0.010963,0.072956,0.920704,
7921,136,-2.694107,11.571540,0.089505,1.077656,316.800000,1.081367,85.252169,0.048085,-0.007307,0.048637,0.937243,
7931,136,-2.658305,12.002600,0.089505,1.077656,317.200000,1.081367,85.252169,0.000000,0.000000,0.000000,0.961456,
7941,136,-2.622503,12.433660,0.089505,1.077656,317.600000,1.081367,85.252169,0.000000,0.000000,0.000000,1.018373,
7951,136,-2.586701,12.864730,0.089505,1.077656,318.000000,1.081367,85.252169,0.000000,0.000000,0.000000,1.078614,
7961,136,-2.550899,13.295790,0.089505,1.077656,318.400000,1.081367,85.252169,0.000000,0.000000,0.000000,1.141659,
7971,136,-2.512395,13.801890,0.096260,1.265266,318.800000,1.268922,85.649368,0.016888,0.469025,0.469329,1.176305,
7981,136,-2.473215,14.326760,0.097949,1.312169,319.200000,1.315820,85.730975,0.004222,0.117258,0.117333,1.204347,
7991,136,-2.434036,14.851630,0.097949,1.312169,319.600000,1.315820,85.730975,0.000000,0.000000,0.000000,1.242525,
8001,136,-2.394856,15.376500,0.097949,1.312169,320.000000,1.315820,85.730975,0.000000,0.000000,0.000000,1.321621,
8011,136,-2.355676,15.901360,0.097949,1.312169,320.400000,1.315820,85.730975,0.000000,0.000000,0.000000,1.406069,
8021,136,-2.367870,16.405630,-0.030484,1.260659,320.800000,1.261028,91.385207,-0.321083,-0.128775,0.345944,1.448541,
8031,136,-2.431437,16.889290,-0.158917,1.209149,321.200000,1.219547,97.487424,-0.321083,-0.128775,0.345944,1.445729,
8041,136,-2.495004,17.372950,-0.158917,1.209149,321.600000,1.219547,97.487424,0.000000,0.000000,0.000000,1.443071,
8051,136,-2.558571,17.856610,-0.158917,1.209149,322.000000,1.219547,97.487424,0.000000,0.000000,0.000000,1.402720,8.431027
8061,136,-2.622138,18.340270,-0.158917,1.209149,322.400000,1.219547,97.487424,0.000000,0.000000,0.000000,1.325313,
8071,136,-2.632371,18.813360,-0.025582,1.182748,322.800000,1.183025,91.239066,0.333339,-0.066002,0.339811,1.303350,
8081,136,-2.607047,19.279420,0.063309,1.165148,323.200000,1.166867,86.889879,0.222226,-0.044000,0.226540,1.318634,
8091,136,-2.581724,19.745480,0.063309,1.165148,323.600000,1.166867,86.889879,0.000000,0.000000,0.000000,1.334899,
8101,136,-2.556400,20.211540,0.063309,1.165148,324.000000,1.166867,86.889879,0.000000,0.000000,0.000000,3.663345,
8011,137,-7.285129,14.035850,0.504710,0.638131,320.400000,0.813599,51.658840,,,,4.185479,
8021,137,-7.083245,14.291100,0.504710,0.638131,320.800000,0.813599,51.658840,0.000000,0.000000,0.000000,0.746538,
8031,137,-6.881361,14.546350,0.504710,0.638131,321.200000,0.813599,51.658840,0.000000,0.000000,0.000000,0.748555,
8041,137,-6.679477,14.801600,0.504710,0.638131,321.600000,0.813599,51.658840,0.000000,0.000000,0.000000,0.774839,
8051,137,-6.250978,15.121180,1.071247,0.798946,322.000000,1.336370,36.715909,1.416342,0.402037,1.472297,0.819850,
8061,137,-5.725359,15.468330,1.314049,0.867866,322.400000,1.574775,33.442850,0.607005,0.172302,0.630986,0.863587,
8071,137,-5.199739,15.815470,1.314049,0.867866,322.800000,1.574775,33.442850,0.000000,0.000000,0.000000,0.902049,
8081,137,-4.674120,16.162620,1.314049,0.867866,323.200000,1.574775,33.442850,0.000000,0.000000,0.000000,0.865086,
8091,137,-4.334738,16.518390,0.848454,0.889427,323.600000,1.229209,46.350599,-1.163988,0.053902,1.165236,0.972737,
8101,137,-4.075173,16.877860,0.648913,0.898667,324.000000,1.108463,54.167574,-0.498852,0.023101,0.499386,0.939961,4.927333
8111,137,-3.823595,17.244230,0.628946,0.915939,324.400000,1.111088,55.523840,-0.049916,0.043179,0.066000,0.892909,2.490359
8121,137,-3.583996,17.620970,0.598997,0.941846,324.800000,1.116186,57.544400,-0.074875,0.064768,0.099000,0.806656,1.481979
8131,137,-3.344397,17.997710,0.598997,0.941846,325.200000,1.116186,57.544400,0.000000,0.000000,0.000000,0.706138,
8141,137,-3.296478,18.429880,0.119799,1.080430,325.600000,1.087051,83.672825,-1.197993,0.346460,1.247085,0.768030,
8151,137,-3.296478,18.885100,0.000000,1.138036,326.000000,1.138036,90.000000,-0.299498,0.144015,0.332324,0.841015,
8161,137,-3.296478,19.422970,0.000000,1.344683,326.400000,1.344683,90.000000,0.000000,0.516618,0.516618,0.905194,
8171,137,-3.296478,19.960840,0.000000,1.344683,326.800000,1.344683,90.000000,0.000000,0.000000,0.000000,0.967549,
8021,138,-7.075747,13.544600,0.843587,0.667476,320.800000,1.075715,38.352320,,,,0.746538,
8031,138,-6.738312,13.811590,0.843587,0.667476,321.200000,1.075715,38.352320,0.000000,0.000000,0.000000,0.748555,
8041,138,-6.400877,14.078580,0.843587,0.667476,321.600000,1.075715,38.352320,0.000000,0.000000,0.000000,0.774839,
8051,138,-5.856559,14.402440,1.360794,0.809660,322.000000,1.583449,30.752271,1.293018,0.355460,1.340987,0.819850,
8061,138,-5.260521,14.740520,1.490096,0.845206,322.400000,1.713114,29.562604,0.323255,0.088865,0.335247,0.863587,
8071,138,-4.669813,15.085490,1.476769,0.862424,322.800000,1.710153,30.284665,-0.033317,0.043044,0.054432,0.902049,
8081,138,-4.127086,15.492450,1.356818,1.017383,323.200000,1.695884,36.863668,-0.299878,0.387398,0.489901,0.865086,
8091,138,-3.584359,15.899400,1.356818,1.017383,323.600000,1.695884,36.863668,0.000000,0.000000,0.000000,0.972737,
8101,138,-3.337105,16.295810,0.618134,0.991026,324.000000,1.168000,58.046905,-1.846709,-0.065892,1.847884,0.939961,4.927333
8111,138,-3.122682,16.691050,0.536058,0.988098,324.400000,1.124142,61.519475,-0.205190,-0.007321,0.205320,0.892909,2.490359
8121,138,-2.904534,17.186200,0.545369,1.237866,324.800000,1.352679,66.223058,0.023276,0.624421,0.624854,0.806656,1.481979
8131,138,-2.683904,17.747950,0.551576,1.404378,325.200000,1.508812,68.557351,0.015518,0.416280,0.416569,0.706138,
8141,138,-2.549846,18.249850,0.335144,1.254745,325.600000,1.298733,75.045320,-0.541079,-0.374082,0.657803,0.768030,
8151,138,-2.473503,18.711840,0.190857,1.154989,326.000000,1.170652,80.616924,-0.360719,-0.249390,0.438536,0.841015,
8161,138,-2.419147,19.200110,0.135890,1.220667,326.400000,1.228208,83.647738,-0.137417,0.164195,0.214111,0.905194,
8171,138,-2.367234,19.691290,0.129783,1.227964,326.800000,1.234803,83.966849,-0.015268,0.018242,0.023789,0.967549,
8181,138,-2.315321,20.182480,0.129783,1.227964,327.200000,1.234803,83.966849,0.000000,0.000000,0.000000,,
8361,139,-3.209488,5.351570,0.227996,1.429514,334.400000,1.447582,80.938091,,,,,
8371,139,-3.118290,5.923375,0.227996,1.429514,334.800000,1.447582,80.938091,0.000000,0.000000,0.000000,,
8381,139,-3.027091,6.495181,0.227996,1.429514,335.200000,1.447582,80.938091,0.000000,0.000000,0.000000,,
8391,139,-2.935893,7.066986,0.227996,1.429514,335.600000,1.447582,80.938091,0.000000,0.000000,0.000000,,
8401,139,-2.873757,7.633216,0.155338,1.415573,336.000000,1.424071,83.737692,-0.181646,-0.034853,0.184959,,
8411,139,-2.855217,8.191081,0.046351,1.394663,336.400000,1.395433,88.096504,-0.272468,-0.052275,0.277438,12.415859,
8421,139,-2.836677,8.748946,0.046351,1.394663,336.800000,1.395433,88.096504,0.000000,0.000000,0.000000,11.240555,
8431,139,-2.818136,9.306811,0.046351,1.394663,337.200000,1.395433,88.096504,0.000000,0.000000,0.000000,10.066386,
8441,139,-2.801973,9.863148,0.040408,1.390841,337.600000,1.391428,88.335838,-0.014856,-0.009555,0.017664,8.877037,
8451,139,-2.795317,10.413370,0.016639,1.375554,338.000000,1.375655,89.306980,-0.059424,-0.038218,0.070653,7.694797,
8461,139,-2.788662,10.963590,0.016639,1.375554,338.400000,1.375655,89.306980,0.000000,0.000000,0.000000,6.518242,
8471,139,-2.782006,11.513810,0.016639,1.375554,338.800000,1.375655,89.306980,0.000000,0.000000,0.000000,5.360682,
8481,139,-2.772628,11.985820,0.023446,1.180029,339.200000,1.180262,88.861761,0.017017,-0.488813,0.489109,4.291098,
8491,139,-2.756897,12.275350,0.039328,0.723804,339.600000,0.724872,86.889879,0.039706,-1.140562,1.141253,3.493676,
8501,139,-2.741166,12.564870,0.039328,0.723804,340.000000,0.724872,86.889879,0.000000,0.000000,0.000000,2.910550,
8511,139,-2.725434,12.854390,0.039328,0.723804,340.400000,0.724872,86.889879,0.000000,0.000000,0.000000,2.492431,
8521,139,-2.676766,13.140790,0.121671,0.715996,340.800000,0.726260,80.355691,0.205858,-0.019521,0.206781,2.259947,
8531,139,-2.629508,13.486700,0.118144,0.864789,341.200000,0.872822,82.220607,-0.008817,0.371984,0.372088,2.238614,
8541,139,-2.584366,13.921890,0.112854,1.087979,341.600000,1.093816,84.077975,-0.013225,0.557975,0.558132,2.586495,
8551,139,-2.539413,14.366710,0.112384,1.112031,342.000000,1.117695,84.229161,-0.001176,0.060130,0.060141,3.206052,
8561,139,-2.496152,14.898100,0.108152,1.328495,342.400000,1.332890,85.345839,-0.010580,0.541160,0.541263,4.061699,
8571,139,-2.452891,15.429500,0.108152,1.328495,342.800000,1.332890,85.345839,0.000000,0.000000,0.000000,5.010521,
8581,139,-2.409630,15.960900,0.108152,1.328495,343.200000,1.332890,85.345839,0.000000,0.000000,0.000000,6.001294,
8591,139,-2.382477,16.422730,0.067883,1.154582,343.600000,1.156576,86.635213,-0.100674,-0.434782,0.446286,6.170458,
8601,139,-2.371432,16.815000,0.027613,0.980670,344.000000,0.981058,88.387113,-0.100674,-0.434781,0.446284,6.152376,
8611,139,-2.360386,17.207270,0.027613,0.980670,344.400000,0.981058,88.387113,0.000000,0.000000,0.000000,6.256195,
8621,139,-2.349341,17.599540,0.027613,0.980670,344.800000,0.981058,88.387113,0.000000,0.000000,0.000000,6.576738,
8631,139,-2.338296,17.991810,0.027613,0.980670,345.200000,0.981058,88.387113,0.000000,0.000000,0.000000,2.410900,
8641,139,-2.379803,18.305580,-0.103768,0.784440,345.600000,0.791274,97.535491,-0.328453,-0.490573,0.590376,1.762816,
8651,139,-2.434448,18.599730,-0.136613,0.735383,346.000000,0.747965,100.523954,-0.082113,-0.122644,0.147594,1.269995,
8661,139,-2.429294,18.913200,0.012885,0.783673,346.400000,0.783779,89.058031,0.373746,0.120725,0.392760,1.043181,0.464236
8671,139,-2.417496,19.228820,0.029496,0.789039,346.800000,0.789590,87.859152,0.041527,0.013414,0.043640,0.659803,0.056123
8681,139,-2.478847,19.629480,-0.153379,1.001657,347.200000,1.013332,98.705832,-0.457189,0.531546,0.701115,0.684140,
8691,139,-2.571549,20.066590,-0.231755,1.092779,347.600000,1.117084,101.973774,-0.195938,0.227805,0.300478,1.444654,
8701,139,-2.664251,20.503710,-0.231755,1.092779,348.000000,1.117084,101.973774,0.000000,0.000000,0.000000,2.328683,
8411,140,-0.100246,20.297430,-0.358021,-1.527877,336.400000,1.569263,256.812065,,,,12.415859,
8421,140,-0.243454,19.686280,-0.358021,-1.527877,336.800000,1.569263,256.812065,0.000000,0.000000,0.000000,11.240555,
8431,140,-0.386663,19.075130,-0.358021,-1.527877,337.200000,1.569263,256.812065,0.000000,0.000000,0.000000,10.066386,
8441,140,-0.515550,18.440680,-0.322219,-1.586129,337.600000,1.618527,258.516748,0.089505,-0.145630,0.170936,8.877037,
8451,140,-0.640857,17.800400,-0.313268,-1.600693,338.000000,1.631060,258.926721,0.022376,-0.036410,0.042736,7.694797,
8461,140,-0.766165,17.160120,-0.313268,-1.600693,338.400000,1.631060,258.926721,0.000000,0.000000,0.000000,6.518242,
8471,140,-0.890828,16.529820,-0.311657,-1.575748,338.800000,1.606273,258.812222,0.004028,0.062362,0.062492,5.360682,
8481,140,-1.015419,15.900630,-0.311478,-1.572976,339.200000,1.603519,258.799279,0.000448,0.006930,0.006944,4.291098,
8491,140,-1.013142,15.302740,0.005694,-1.494738,339.600000,1.494749,270.218247,0.792930,0.195595,0.816698,3.493676,
8501,140,-0.820561,14.751780,0.481451,-1.377381,340.000000,1.459100,289.266628,1.189395,0.293393,1.225046,2.910550,
8511,140,-0.627980,14.200830,0.481451,-1.377381,340.400000,1.459100,289.266628,0.000000,0.000000,0.000000,2.492431,
8521,140,-0.476337,13.656030,0.379108,-1.362009,340.800000,1.413786,285.554251,-0.255859,0.038430,0.258729,2.259947,
8531,140,-0.420215,13.125570,0.140305,-1.326143,341.200000,1.333544,276.039408,-0.597006,0.089665,0.603701,2.238614,
8541,140,-0.364093,12.595110,0.140305,-1.326143,341.600000,1.333544,276.039408,0.000000,0.000000,0.000000,2.586495,
8551,140,-0.307971,12.064660,0.140305,-1.326143,342.000000,1.333544,276.039408,0.000000,0.000000,0.000000,3.206052,
8561,140,-0.228544,11.528330,0.198567,-1.340821,342.400000,1.355444,278.423889,0.145653,-0.036695,0.150204,4.061699,3.266443
8571,140,-0.133581,10.988090,0.237407,-1.350607,342.800000,1.371314,279.969500,0.097102,-0.024465,0.100136,5.010521,2.790389
8581,140,-0.038618,10.447840,0.237407,-1.350607,343.200000,1.371314,279.969500,0.000000,0.000000,0.000000,4.736854,2.390386
8591,140,0.056345,9.907601,0.237407,-1.350607,343.600000,1.371314,279.969500,0.000000,0.000000,0.000000,4.104495,2.224725
8601,140,0.103826,9.406948,0.118704,-1.251630,344.000000,1.257246,275.417682,-0.296759,0.247443,0.386385,3.544684,2.153987
8611,140,0.103826,8.945887,0.000000,-1.152653,344.400000,1.152653,270.000000,-0.296759,0.247443,0.386385,3.042363,2.144351
8621,140,0.103826,8.484826,0.000000,-1.152653,344.800000,1.152653,270.000000,0.000000,0.000000,0.000000,2.542786,1.744352
8631,140,0.103826,8.023764,0.000000,-1.152653,345.200000,1.152653,270.000000,0.000000,0.000000,0.000000,2.047962,1.344352
8641,140,0.115362,7.550969,0.028841,-1.181989,345.600000,1.182341,271.397742,0.072101,-0.073340,0.102846,1.528368,
8651,140,0.134589,7.070351,0.048068,-1.201545,346.000000,1.202506,272.290887,0.048068,-0.048890,0.068562,1.039978,
8661,140,0.153816,6.589733,0.048068,-1.201545,346.400000,1.202506,272.290887,0.000000,0.000000,0.000000,0.757558,
8671,140,0.364757,6.263154,0.527352,-0.816446,346.800000,0.971949,302.858903,1.198212,0.962747,1.537073,0.656744,
8681,140,0.597000,5.953691,0.580606,-0.773657,347.200000,0.967290,306.887111,0.133135,0.106972,0.170786,0.827738,
8691,140,1.051239,5.723721,1.135598,-0.574926,347.600000,1.272841,333.147989,1.387479,0.496828,1.473749,1.181031,
8701,140,1.505478,5.493750,1.135598,-0.574926,348.000000,1.272841,333.147989,0.000000,0.000000,0.000000,1.720741,
8711,140,1.737233,5.464844,0.579387,-0.072265,348.400000,0.583876,352.890384,-1.390529,1.256653,1.874232,1.920733,
8721,140,1.968987,5.435938,0.579387,-0.072265,348.800000,0.583876,352.890384,0.000000,0.000000,0.000000,2.110527,
8591,141,-6.779842,12.094020,1.849402,-0.544803,343.600000,1.927978,343.585903,,,,6.170458,
8601,141,-6.040082,11.876100,1.849402,-0.544803,344.000000,1.927978,343.585903,0.000000,0.000000,0.000000,6.152376,
8611,141,-5.083379,11.574750,2.391756,-0.753382,344.400000,2.507605,342.516042,1.355885,-0.521446,1.452698,2.385613,
8621,141,-4.072441,11.252540,2.527345,-0.805526,344.800000,2.652611,342.321657,0.338972,-0.130361,0.363176,3.133284,
8631,141,-3.668521,10.980340,1.009800,-0.680480,345.200000,1.217682,326.024911,-3.793863,0.312615,3.806720,3.321297,
8641,141,-3.332048,10.713710,0.841183,-0.666586,345.600000,1.073278,321.605340,-0.421541,0.034735,0.422970,3.229116,
8651,141,-3.015470,10.496750,0.791444,-0.542397,346.000000,0.959468,325.576145,-0.124349,0.310473,0.334448,3.072167,4.028337
8661,141,-2.778476,10.478490,0.592486,-0.045641,346.400000,0.594241,355.595014,-0.497396,1.241890,1.337794,2.763805,
8671,141,-2.541482,10.460240,0.592486,-0.045641,346.800000,0.594241,355.595014,0.000000,0.000000,0.000000,2.481294,
8681,141,-2.446684,10.291860,0.236994,-0.420930,347.200000,0.483062,299.380595,-0.888729,-0.938223,1.292324,2.122473,2.124623
8691,141,-2.367686,10.106810,0.197495,-0.462629,347.600000,0.503021,293.117510,-0.098748,-0.104247,0.143592,1.939492,5.566937
8701,141,-2.369943,9.805301,-0.005643,-0.753780,348.000000,0.753801,269.571098,-0.507845,-0.727877,0.887531,1.838984,8.747211
8711,141,-2.426370,9.426149,-0.141068,-0.947881,348.400000,0.958320,261.535106,-0.338563,-0.485252,0.591687,1.701021,
8721,141,-2.476610,9.023580,-0.125599,-1.006423,348.800000,1.014230,262.886401,0.038672,-0.146356,0.151379,1.636829,7.234202
8731,141,-2.512412,8.566371,-0.089505,-1.143022,349.200000,1.146521,265.522546,0.090235,-0.341498,0.353218,1.594209,
8741,141,-2.548214,8.109162,-0.089505,-1.143022,349.600000,1.146521,265.522546,0.000000,0.000000,0.000000,1.586098,
8751,141,-2.605497,7.645070,-0.143208,-1.160229,350.000000,1.169034,262.963506,-0.134258,-0.043018,0.140981,1.557585,
8761,141,-2.695003,7.170654,-0.223763,-1.186040,350.400000,1.206963,259.315929,-0.201387,-0.064528,0.211472,1.483991,5.164706
8771,141,-2.784508,6.696238,-0.223763,-1.186040,350.800000,1.206963,259.315929,0.000000,0.000000,0.000000,1.358779,2.834296
8781,141,-2.864202,6.228413,-0.199235,-1.169561,351.200000,1.186410,260.332443,0.061320,0.041198,0.073874,1.245447,2.636584
8791,141,-2.934085,5.767180,-0.174707,-1.153083,351.600000,1.166243,261.384461,0.061320,0.041195,0.073872,1.143767,2.445224
8801,141,-3.003968,5.305947,-0.174707,-1.153083,352.000000,1.166243,261.384461,0.000000,0.000000,0.000000,3.549607,
8611,142,-7.149678,12.767040,0.693666,-0.269545,344.400000,0.744195,338.764829,,,,2.385613,
8621,142,-6.872212,12.659220,0.693666,-0.269545,344.800000,0.744195,338.764829,0.000000,0.000000,0.000000,3.133284,
8631,142,-6.594745,12.551400,0.693666,-0.269545,345.200000,0.744195,338.764829,0.000000,0.000000,0.000000,3.321297,
8641,142,-6.180646,12.234460,1.035248,-0.792357,345.600000,1.303675,322.570336,0.853956,-1.307028,1.561270,3.229116,5.403418
8651,142,-5.751365,11.894280,1.073202,-0.850447,346.000000,1.369314,321.605336,0.094885,-0.145226,0.173475,3.072167,4.825434
8661,142,-5.326854,11.548250,1.061278,-0.865069,346.400000,1.369180,320.815842,-0.029810,-0.036555,0.047169,2.763805,
8671,142,-4.913473,11.188580,1.033454,-0.899187,346.800000,1.369877,318.974146,-0.069560,-0.085295,0.110063,2.481294,
8681,142,-4.500091,10.828900,1.033454,-0.899187,347.200000,1.369877,318.974146,0.000000,0.000000,0.000000,2.122473,2.124623
8691,142,-4.286819,10.387090,0.533181,-1.104538,347.600000,1.226493,295.767462,-1.250683,-0.513378,1.351948,1.939492,
8701,142,-4.206952,9.890514,0.199665,-1.241439,348.000000,1.257393,279.136858,-0.833789,-0.342253,0.901299,1.838984,
8711,142,-4.127086,9.393938,0.199665,-1.241439,348.400000,1.257393,279.136858,0.000000,0.000000,0.000000,1.701021,
8721,142,-4.112666,8.973296,0.036051,-1.051606,348.800000,1.052224,271.963421,-0.409037,0.474582,0.626530,1.636829,7.234202
8731,142,-4.106321,8.535463,0.015862,-1.094583,349.200000,1.094698,270.830253,-0.050471,-0.107443,0.118706,1.594209,
8741,142,-4.132278,8.028866,-0.064891,-1.266491,349.600000,1.268152,267.066897,-0.201884,-0.429770,0.474826,1.586098,
8751,142,-4.158234,7.522270,-0.064891,-1.266491,350.000000,1.268152,267.066897,0.000000,0.000000,0.000000,1.557585,
8761,142,-4.172668,7.033773,-0.036086,-1.221242,350.400000,1.221775,268.307487,0.072014,0.113123,0.134099,1.483991,5.164706
8771,142,-4.141014,6.617674,0.079136,-1.040247,350.800000,1.043253,274.350338,0.288054,0.452487,0.536395,1.358779,2.834296
8781,142,-4.109360,6.201575,0.079136,-1.040247,351.200000,1.043253,274.350338,0.000000,0.000000,0.000000,1.245447,2.636584
8791,142,-4.077706,5.785476,0.079136,-1.040247,351.600000,1.043253,274.350338,0.000000,0.000000,0.000000,1.143767,2.445224
8631,143,-1.719029,20.321820,0.442441,-1.163019,345.200000,1.244334,290.828027,,,,2.410900,
8641,143,-1.542053,19.856610,0.442441,-1.163019,345.600000,1.244334,290.828027,0.000000,0.000000,0.000000,1.762816,
8651,143,-1.431189,19.378420,0.277161,-1.195462,346.000000,1.227171,283.053088,-0.413199,-0.081108,0.421084,1.269995,
8661,143,-1.386436,18.887260,0.111881,-1.227904,346.400000,1.232991,275.206177,-0.413199,-0.081105,0.421084,1.043181,7.628913
8671,143,-1.341683,18.396100,0.111881,-1.227904,346.800000,1.232991,275.206177,0.000000,0.000000,0.000000,1.360440,7.228914
8681,143,-1.410996,17.909990,-0.173282,-1.215286,347.200000,1.227578,261.885154,-0.712909,0.031545,0.713607,1.440144,5.451416
8691,143,-1.556353,17.427240,-0.363391,-1.206874,347.600000,1.260396,253.242889,-0.475273,0.021030,0.475738,1.398524,2.775102
8701,143,-1.691272,16.956100,-0.337298,-1.177837,348.000000,1.225182,254.019835,0.065233,0.072593,0.097596,1.357964,2.438322
8711,143,-1.732256,16.589500,-0.102460,-0.916506,348.400000,0.922216,263.621161,0.587096,0.653327,0.878361,1.272794,3.162599
8721,143,-1.773240,16.220620,-0.102460,-0.922207,348.800000,0.927882,263.660274,0.000000,-0.014253,0.014253,1.245061,9.971344
8731,143,-1.814224,15.842610,-0.102460,-0.945012,349.200000,0.950550,263.812059,0.000000,-0.057011,0.057011,1.226348,
8741,143,-1.792128,15.469950,0.055239,-0.931664,349.600000,0.933300,273.393150,0.394248,0.033369,0.395658,1.178931,3.331934
8751,143,-1.622847,15.109740,0.423204,-0.900520,350.000000,0.995006,295.171434,0.919912,0.077862,0.923201,1.122039,
8761,143,-1.453565,14.749530,0.423204,-0.900520,350.400000,0.995006,295.171434,0.000000,0.000000,0.000000,1.081647,
8771,143,-1.377858,14.409710,0.189266,-0.849559,350.800000,0.870386,282.559355,-0.584844,0.127401,0.598560,1.005375,8.737278
8781,143,-1.302152,14.069880,0.189266,-0.849559,351.200000,0.870386,282.559355,0.000000,0.000000,0.000000,0.964010,8.337270
8791,143,-1.271869,13.711890,0.075707,-0.894972,351.600000,0.898168,274.835191,-0.283899,-0.113532,0.305759,0.914999,2.849832
8801,143,-1.271869,13.341800,0.000000,-0.925247,352.000000,0.925247,270.000000,-0.189266,-0.075688,0.203839,0.858381,1.829146
8811,143,-1.265380,12.975580,0.016223,-0.915536,352.400000,0.915680,271.015145,0.040557,0.024279,0.047269,0.808791,1.722682
8821,143,-1.232935,12.624910,0.081114,-0.876690,352.800000,0.880435,275.286134,0.162228,0.097114,0.189075,0.765657,2.877206
8831,143,-1.200489,12.274230,0.081114,-0.876690,353.200000,0.880435,275.286134,0.000000,0.000000,0.000000,0.726127,2.477234
8841,143,-1.168043,11.923550,0.081114,-0.876690,353.600000,0.880435,275.286134,0.000000,0.000000,0.000000,0.690815,2.077260
8851,143,-1.073656,11.553330,0.235968,-0.925547,354.000000,0.955154,284.302866,0.387135,-0.122142,0.405946,0.678157,1.771720
8861,143,-0.979269,11.183120,0.235968,-0.925547,354.400000,0.955154,284.302866,0.000000,0.000000,0.000000,0.660005,4.479336
8871,143,-0.884881,10.812900,0.235968,-0.925547,354.800000,0.955154,284.302866,0.000000,0.000000,0.000000,0.647358,4.079335
8881,143,-0.751064,10.432330,0.334542,-0.951406,355.200000,1.008510,289.373169,0.246435,-0.064647,0.254773,0.691701,3.715031
8891,143,-0.600349,10.047340,0.376788,-0.962488,355.600000,1.033612,291.379003,0.105615,-0.027706,0.109189,0.590286,
8901,143,-0.449634,9.662343,0.376788,-0.962488,356.000000,1.033612,291.379003,0.000000,0.000000,0.000000,0.535166,
8911,143,-0.378607,9.289167,0.177567,-0.932941,356.400000,0.949689,280.776224,-0.498054,0.073869,0.503502,0.506597,2.413708
8921,143,-0.360706,8.923870,0.044753,-0.913243,356.800000,0.914338,272.805483,-0.332035,0.049246,0.335668,0.481972,2.207402
8931,143,-0.342805,8.558573,0.044753,-0.913243,357.200000,0.914338,272.805483,0.000000,0.000000,0.000000,0.554496,1.807403
8941,143,-0.406652,8.084991,-0.159618,-1.183956,357.600000,1.194667,262.321835,-0.510926,-0.676783,0.847986,0.603669,
8951,143,-0.505534,7.565000,-0.247205,-1.299976,358.000000,1.323272,259.233123,-0.218968,-0.290050,0.363423,0.642194,
8961,143,-0.608980,7.047674,-0.258614,-1.293315,358.400000,1.318918,258.692138,-0.028524,0.016653,0.033029,0.666091,
8971,143,-0.715468,6.532124,-0.266221,-1.288875,358.800000,1.316082,258.329521,-0.019016,0.011100,0.022018,0.691810,
8981,143,-0.821956,6.016574,-0.266221,-1.288875,359.200000,1.316082,258.329521,0.000000,0.000000,0.000000,0.751240,
8991,143,-0.928445,5.501025,-0.266221,-1.288875,359.600000,1.316082,258.329521,0.000000,0.000000,0.000000,0.830875,
8651,144,-2.112323,20.510590,0.201387,-1.018689,346.000000,1.038405,281.182731,,,,1.321269,
8661,144,-2.031769,20.103110,0.201387,-1.018689,346.400000,1.038405,281.182731,0.000000,0.000000,0.000000,1.254556,0.464236
8671,144,-1.951214,19.695640,0.201387,-1.018689,346.800000,1.038405,281.182731,0.000000,0.000000,0.000000,0.659803,0.056123
8681,144,-1.900196,19.264500,0.127545,-1.077834,347.200000,1.085354,276.748686,-0.184605,-0.147863,0.236521,0.684140,
8691,144,-1.918097,18.778170,-0.044753,-1.215838,347.600000,1.216661,267.892006,-0.430744,-0.345010,0.551881,1.034187,
8701,144,-1.935998,18.291830,-0.044753,-1.215838,348.000000,1.216661,267.892006,0.000000,0.000000,0.000000,1.119510,
8711,144,-1.964640,17.840900,-0.071604,-1.127326,348.400000,1.129598,266.365636,-0.067129,0.221280,0.231238,1.202912,3.162599
8721,144,-2.009392,17.443080,-0.111881,-0.994557,348.800000,1.000831,263.581566,-0.100693,0.331922,0.346859,1.188340,9.971344
8731,144,-2.054145,17.045260,-0.111881,-0.994557,349.200000,1.000831,263.581566,0.000000,0.000000,0.000000,1.179148,
8741,144,-2.048131,16.620750,0.015034,-1.061280,349.600000,1.061386,270.811597,0.317289,-0.166807,0.358464,1.129310,6.572585
8751,144,-1.991352,16.169540,0.141950,-1.128002,350.000000,1.136899,277.172496,0.317289,-0.166805,0.358464,1.037853,2.123003
8761,144,-1.934572,15.718340,0.141950,-1.128002,350.400000,1.136899,277.172496,0.000000,0.000000,0.000000,0.948121,1.722992
8771,144,-1.883702,15.278560,0.127175,-1.099466,350.800000,1.106797,276.598084,-0.036936,0.071340,0.080335,0.862997,1.304536
8781,144,-1.846621,14.865410,0.092702,-1.032881,351.200000,1.037033,275.128598,-0.086184,0.166463,0.187450,0.827575,2.731302
8791,144,-1.809540,14.452250,0.092702,-1.032881,351.600000,1.037033,275.128598,0.000000,0.000000,0.000000,0.803440,2.849832
8801,144,-1.772459,14.039100,0.092702,-1.032881,352.000000,1.037033,275.128598,0.000000,0.000000,0.000000,0.779850,1.829146
8811,144,-1.749469,13.623500,0.057475,-1.039010,352.400000,1.040598,273.166216,-0.088067,-0.015323,0.089390,0.787556,1.722682
8821,144,-1.730002,13.207280,0.048668,-1.040542,352.800000,1.041680,272.677900,-0.022017,-0.003830,0.022347,0.765657,
8831,144,-1.710535,12.791060,0.048668,-1.040542,353.200000,1.041680,272.677900,0.000000,0.000000,0.000000,0.726127,
8841,144,-1.691067,12.374850,0.048668,-1.040542,353.600000,1.041680,272.677900,0.000000,0.000000,0.000000,0.690815,
8851,144,-1.625439,11.947580,0.164070,-1.068168,354.000000,1.080695,278.732337,0.288503,-0.069065,0.296655,0.678157,
8861,144,-1.548271,11.517550,0.192920,-1.075075,354.400000,1.092247,280.173338,0.072126,-0.017268,0.074164,0.660005,
8871,144,-1.471103,11.087520,0.192920,-1.075075,354.800000,1.092247,280.173338,0.000000,0.000000,0.000000,0.647358,
8881,144,-1.405645,10.655880,0.163645,-1.079088,355.200000,1.091426,278.623258,-0.073188,-0.010033,0.073873,0.691701,
8891,144,-1.445578,10.209800,-0.099833,-1.115204,355.600000,1.119664,264.884533,-0.658694,-0.090290,0.664853,0.860700,
8901,144,-1.485511,9.763720,-0.099833,-1.115204,356.000000,1.119664,264.884533,0.000000,0.000000,0.000000,0.899816,
8911,144,-1.525445,9.317638,-0.099833,-1.115204,356.400000,1.119664,264.884533,0.000000,0.000000,0.000000,0.872721,
8921,144,-1.564807,8.884119,-0.098407,-1.083798,356.800000,1.088256,264.811890,0.003565,0.078515,0.078596,0.842076,
8931,144,-1.601888,8.500849,-0.092702,-0.958174,357.200000,0.962648,264.473923,0.014262,0.314059,0.314383,0.775904,1.093902
8941,144,-1.638969,8.117580,-0.092702,-0.958174,357.600000,0.962648,264.473923,0.000000,0.000000,0.000000,0.708115,0.644953
8951,144,-1.676049,7.734310,-0.092702,-0.958174,358.000000,0.962648,264.473923,0.000000,0.000000,0.000000,0.640403,0.242208
8961,144,-1.713130,7.351040,-0.092702,-0.958174,358.400000,0.962648,264.473923,0.000000,0.000000,0.000000,0.574241,
8971,144,-1.910894,6.878459,-0.494410,-1.181454,358.800000,1.280732,247.291874,-1.004270,-0.558199,1.148975,0.683777,
8981,144,-2.108658,6.405877,-0.494410,-1.181454,359.200000,1.280732,247.291874,0.000000,0.000000,0.000000,0.746768,
8991,144,-2.306422,5.933296,-0.494410,-1.181454,359.600000,1.280732,247.291874,0.000000,0.000000,0.000000,0.778742,
9001,144,-2.504186,5.460715,-0.494410,-1.181454,360.000000,1.280732,247.291874,0.000000,0.000000,0.000000,0.810734,
8661,145,-4.522923,20.344030,0.162228,-1.579292,346.400000,1.587602,275.864972,,,,0.861597,
8671,145,-4.458032,19.712310,0.162228,-1.579292,346.800000,1.587602,275.864972,0.000000,0.000000,0.000000,0.852989,
8681,145,-4.393141,19.080590,0.162228,-1.579292,347.200000,1.587602,275.864972,0.000000,0.000000,0.000000,0.845957,
8691,145,-4.367526,18.453730,0.064037,-1.567147,347.600000,1.568455,272.339944,-0.245477,0.030362,0.247347,0.870931,
8701,145,-4.381187,17.831730,-0.034153,-1.555002,348.000000,1.555377,268.741786,-0.245477,0.030363,0.247348,0.932935,
8711,145,-4.394848,17.209730,-0.034153,-1.555002,348.400000,1.555377,268.741786,0.000000,0.000000,0.000000,0.997434,
8721,145,-4.408510,16.587730,-0.034153,-1.555002,348.800000,1.555377,268.741786,0.000000,0.000000,0.000000,1.058123,
8731,145,-4.381460,15.964830,0.067624,-1.557263,349.200000,1.558731,272.486486,0.254442,-0.005653,0.254505,1.066052,
8741,145,-4.336963,15.341530,0.111242,-1.558232,349.600000,1.562198,274.083419,0.109047,-0.002422,0.109074,1.057127,
8751,145,-4.292466,14.718240,0.111242,-1.558232,350.000000,1.562198,274.083419,0.000000,0.000000,0.000000,1.048536,
8761,145,-4.247969,14.094950,0.111242,-1.558232,350.400000,1.562198,274.083419,0.000000,0.000000,0.000000,1.044575,
8771,145,-4.203473,13.471660,0.111242,-1.558232,350.800000,1.562198,274.083419,0.000000,0.000000,0.000000,1.058516,
8781,145,-4.158976,12.848360,0.111242,-1.558232,351.200000,1.562198,274.083419,0.000000,0.000000,0.000000,1.073453,
8791,145,-4.114479,12.225070,0.111242,-1.558232,351.600000,1.562198,274.083419,0.000000,0.000000,0.000000,1.089349,
8801,145,-4.073413,11.633140,0.102663,-1.479831,352.000000,1.483388,273.968541,-0.021447,0.196003,0.197172,1.103440,
8811,145,-4.033819,11.054640,0.098987,-1.446231,352.400000,1.449615,273.915481,-0.009192,0.084000,0.084501,1.116644,
8821,145,-3.994224,10.476150,0.098987,-1.446231,352.800000,1.449615,273.915481,0.000000,0.000000,0.000000,1.098676,
8831,145,-3.954629,9.897659,0.098987,-1.446231,353.200000,1.449615,273.915481,0.000000,0.000000,0.000000,1.080890,
8841,145,-3.915035,9.319167,0.098987,-1.446231,353.600000,1.449615,273.915481,0.000000,0.000000,0.000000,1.063295,
8851,145,-3.875440,8.740674,0.098987,-1.446231,354.000000,1.449615,273.915481,0.000000,0.000000,0.000000,1.045898,
8861,145,-3.864117,8.176206,0.028308,-1.411170,354.400000,1.411454,271.149183,-0.176698,0.087653,0.197244,1.086321,
8871,145,-3.859862,7.615244,0.010638,-1.402405,354.800000,1.402445,270.434608,-0.044174,0.021912,0.049311,1.133324,
8881,145,-3.855607,7.054282,0.010638,-1.402405,355.200000,1.402445,270.434608,0.000000,0.000000,0.000000,1.180739,
8891,145,-3.851351,6.493320,0.010638,-1.402405,355.600000,1.402445,270.434608,0.000000,0.000000,0.000000,1.212335,
8901,145,-3.847096,5.932358,0.010638,-1.402405,356.000000,1.402445,270.434608,0.000000,0.000000,0.000000,1.179340,7.057752
8911,145,-3.842841,5.371396,0.010638,-1.402405,356.400000,1.402445,270.434608,0.000000,0.000000,0.000000,1.146354,6.657749
8661,146,-3.685825,20.548030,0.117984,-1.496753,346.400000,1.501396,274.507121,,,,0.861597,
8671,146,-3.638632,19.949320,0.117984,-1.496753,346.800000,1.501396,274.507121,0.000000,0.000000,0.000000,0.852989,
8681,146,-3.591438,19.350620,0.117984,-1.496753,347.200000,1.501396,274.507121,0.000000,0.000000,0.000000,0.845957,5.451416
8691,146,-3.534536,18.707990,0.142255,-1.606583,347.600000,1.612869,275.060069,0.060677,-0.274575,0.281200,0.870931,2.775102
8701,146,-3.475207,18.054370,0.148323,-1.634040,348.000000,1.640758,275.186566,0.015170,-0.068643,0.070299,0.932935,2.438322
8711,146,-3.415878,17.400760,0.148323,-1.634040,348.400000,1.640758,275.186566,0.000000,0.000000,0.000000,0.997434,
8721,146,-3.362952,16.750310,0.132315,-1.626110,348.800000,1.631484,274.651850,-0.040020,0.019825,0.044662,1.058123,
8731,146,-3.324967,16.107270,0.094963,-1.607607,349.200000,1.610409,273.380588,-0.093380,0.046258,0.104209,1.066052,
8741,146,-3.286981,15.464230,0.094963,-1.607607,349.600000,1.610409,273.380588,0.000000,0.000000,0.000000,1.057127,
8751,146,-3.248996,14.821190,0.094963,-1.607607,350.000000,1.610409,273.380588,0.000000,0.000000,0.000000,1.048536,
8761,146,-3.207627,14.188890,0.103424,-1.580729,350.400000,1.584109,273.743426,0.021154,0.067195,0.070446,1.044575,
8771,146,-3.152719,13.599610,0.137270,-1.473214,350.800000,1.479595,275.323292,0.084614,0.268787,0.281791,1.058516,
8781,146,-3.097811,13.010320,0.137270,-1.473214,351.200000,1.479595,275.323292,0.000000,0.000000,0.000000,1.073453,
8791,146,-3.042902,12.421040,0.137270,-1.473214,351.600000,1.479595,275.323292,0.000000,0.000000,0.000000,1.089349,
8801,146,-2.987994,11.831750,0.137270,-1.473214,352.000000,1.479595,275.323292,0.000000,0.000000,0.000000,1.103440,
8811,146,-2.933086,11.242470,0.137270,-1.473214,352.400000,1.479595,275.323292,0.000000,0.000000,0.000000,1.116644,
8821,146,-2.913619,10.674600,0.048668,-1.419668,352.800000,1.420502,271.963421,-0.221504,0.133865,0.258812,1.098676,
8831,146,-2.894152,10.106730,0.048668,-1.419668,353.200000,1.420502,271.963421,0.000000,0.000000,0.000000,1.080890,
8841,146,-2.874684,9.538864,0.048668,-1.419668,353.600000,1.420502,271.963421,0.000000,0.000000,0.000000,1.063295,
8851,146,-2.855217,8.970997,0.048668,-1.419668,354.000000,1.420502,271.963421,0.000000,0.000000,0.000000,1.045898,
8861,146,-2.800572,8.397488,0.136613,-1.433773,354.400000,1.440267,275.442842,0.219862,-0.035263,0.222672,1.086321,
8871,146,-2.745926,7.823979,0.136613,-1.433773,354.800000,1.440267,275.442842,0.000000,0.000000,0.000000,1.133324,
8881,146,-2.691281,7.250470,0.136613,-1.433773,355.200000,1.440267,275.442842,0.000000,0.000000,0.000000,1.180739,
8891,146,-2.653333,6.679086,0.094870,-1.428460,355.600000,1.431607,273.799685,-0.104357,0.013282,0.105199,1.212335,
8901,146,-2.682173,6.116201,-0.072101,-1.407212,356.000000,1.409058,267.066896,-0.417429,0.053120,0.420796,1.179340,7.057752
8911,146,-2.711014,5.553316,-0.072101,-1.407212,356.400000,1.409058,267.066896,0.000000,0.000000,0.000000,1.146354,6.657749
8671,147,-1.105006,20.133900,0.247205,-1.382275,346.800000,1.404206,280.139537,,,,0.952964,
8681,147,-1.006124,19.580990,0.247205,-1.382275,347.200000,1.404206,280.139537,0.000000,0.000000,0.000000,0.948436,
8691,147,-0.941851,19.119470,0.160683,-1.153808,347.600000,1.164943,277.928212,-0.216304,0.571167,0.610754,1.034187,
8701,147,-0.886230,18.680790,0.139053,-1.096692,348.000000,1.105472,277.226141,-0.054076,0.142790,0.152687,1.119510,
8711,147,-0.830609,18.242110,0.139053,-1.096692,348.400000,1.105472,277.226141,0.000000,0.000000,0.000000,1.202912,
8721,147,-0.865217,17.764040,-0.086522,-1.195189,348.800000,1.198317,265.859486,-0.563936,-0.246242,0.615353,1.188340,
8731,147,-0.899826,17.285960,-0.086522,-1.195189,349.200000,1.198317,265.859486,0.000000,0.000000,0.000000,1.179148,
8741,147,-0.934435,16.807890,-0.086522,-1.195189,349.600000,1.198317,265.859486,0.000000,0.000000,0.000000,1.129310,3.331934
8751,147,-0.974992,16.379660,-0.101393,-1.070570,350.000000,1.075361,264.589713,-0.037177,0.311548,0.313758,1.037853,2.123003
8761,147,-1.015549,15.951430,-0.101393,-1.070570,350.400000,1.075361,264.589713,0.000000,0.000000,0.000000,0.948121,1.722992
8771,147,-1.056106,15.523200,-0.101393,-1.070570,350.800000,1.075361,264.589713,0.000000,0.000000,0.000000,0.862997,1.304536
8781,147,-1.058110,15.116670,-0.005010,-1.016324,351.200000,1.016336,269.717562,0.240957,0.135615,0.276499,0.827575,2.731302
8791,147,-1.050476,14.715570,0.019086,-1.002763,351.600000,1.002945,271.090384,0.060239,0.033902,0.069124,0.803440,3.745698
8801,147,-1.042841,14.314460,0.019086,-1.002763,352.000000,1.002945,271.090384,0.000000,0.000000,0.000000,0.779850,3.670105
8811,147,-1.014301,13.905940,0.071351,-1.021307,352.400000,1.023796,273.996333,0.130663,-0.046360,0.138644,0.787556,7.227835
8821,147,-0.954401,13.486290,0.149749,-1.049122,352.800000,1.059756,278.123387,0.195995,-0.069537,0.207965,0.824259,2.877206
8831,147,-0.894501,13.066640,0.149749,-1.049122,353.200000,1.059756,278.123387,0.000000,0.000000,0.000000,0.849436,2.477234
8841,147,-0.834602,12.646990,0.149749,-1.049122,353.600000,1.059756,278.123387,0.000000,0.000000,0.000000,0.796585,2.077260
8851,147,-0.771279,12.249790,0.158306,-0.993013,354.000000,1.005553,279.057875,0.021393,0.140272,0.141894,0.759268,1.771720
8861,147,-0.704534,11.875030,0.166863,-0.936904,354.400000,0.951647,280.098535,0.021393,0.140273,0.141895,0.744459,5.193391
8871,147,-0.637789,11.500260,0.166863,-0.936904,354.800000,0.951647,280.098535,0.000000,0.000000,0.000000,0.730424,4.793382
8881,147,-0.571043,11.125500,0.166863,-0.936904,355.200000,0.951647,280.098535,0.000000,0.000000,0.000000,0.716165,4.393384
8891,147,-0.621690,10.637240,-0.126617,-1.220659,355.600000,1.227208,264.077970,-0.733701,-0.709387,1.020563,0.590286,
8901,147,-0.672337,10.148970,-0.126617,-1.220659,356.000000,1.227208,264.077970,0.000000,0.000000,0.000000,0.535166,
8911,147,-0.722984,9.660711,-0.126617,-1.220659,356.400000,1.227208,264.077970,0.000000,0.000000,0.000000,0.506597,
8921,147,-0.773631,9.172447,-0.126617,-1.220659,356.800000,1.227208,264.077970,0.000000,0.000000,0.000000,0.481972,
8931,147,-0.865217,8.744454,-0.228966,-1.069982,357.200000,1.094206,257.921415,-0.255872,0.376693,0.455376,0.554496,1.093902
8941,147,-0.961353,8.323158,-0.240338,-1.053240,357.600000,1.080313,257.145807,-0.028430,0.041855,0.050598,0.603669,0.644953
8951,147,-1.056231,7.895373,-0.237195,-1.069463,358.000000,1.095451,257.494845,0.007857,-0.040558,0.041312,0.640403,0.242208
8961,147,-1.146080,7.441630,-0.224624,-1.134358,358.400000,1.156384,258.799282,0.031429,-0.162238,0.165254,0.574241,
8971,147,-1.235930,6.987887,-0.224624,-1.134358,358.800000,1.156384,258.799282,0.000000,0.000000,0.000000,0.683777,
8981,147,-1.371987,6.528265,-0.340145,-1.149053,359.200000,1.198341,253.510109,-0.288802,-0.036738,0.291129,0.746768,
8991,147,-1.538851,6.064725,-0.417158,-1.158850,359.600000,1.231647,250.202336,-0.192534,-0.024492,0.194086,0.778742,
9001,147,-1.705714,5.601185,-0.417158,-1.158850,360.000000,1.231647,250.202336,0.000000,0.000000,0.000000,0.810734,
8561,148,2.256487,5.921178,-0.410978,0.271514,342.400000,0.492568,146.549123,,,,6.133150,3.266443
8571,148,2.092095,6.029784,-0.410978,0.271514,342.800000,0.492568,146.549123,0.000000,0.000000,0.000000,5.434927,2.790389
8581,148,1.927704,6.138390,-0.410978,0.271514,343.200000,0.492568,146.549123,0.000000,0.000000,0.000000,4.736854,2.390386
8591,148,1.777287,6.181311,-0.376043,0.107304,343.600000,0.391053,164.073884,0.087338,-0.410525,0.419713,4.104495,2.224725
8601,148,1.630363,6.207812,-0.367309,0.066251,344.000000,0.373236,169.775515,0.021835,-0.102631,0.104928,3.544684,2.153987
8611,148,1.483439,6.234312,-0.367309,0.066251,344.400000,0.373236,169.775515,0.000000,0.000000,0.000000,3.042363,2.144351
8621,148,1.336516,6.260813,-0.367309,0.066251,344.800000,0.373236,169.775515,0.000000,0.000000,0.000000,2.542786,1.744352
8631,148,1.189592,6.287313,-0.367309,0.066251,345.200000,0.373236,169.775515,0.000000,0.000000,0.000000,2.047962,1.344352
8641,148,1.075146,6.361547,-0.286114,0.185583,345.600000,0.341032,147.031256,0.202987,0.298329,0.360838,1.528368,5.403418
8651,148,0.993178,6.483513,-0.204920,0.304915,346.000000,0.367376,123.903313,0.202987,0.298330,0.360838,1.039978,4.028337
8661,148,0.911210,6.605479,-0.204920,0.304915,346.400000,0.367376,123.903313,0.000000,0.000000,0.000000,0.757558,7.628913
8671,148,0.829242,6.727445,-0.204920,0.304915,346.800000,0.367376,123.903313,0.000000,0.000000,0.000000,0.656744,7.228914
8681,148,0.698141,6.775227,-0.327754,0.119457,347.200000,0.348845,159.974611,-0.307085,-0.463644,0.556118,0.827738,3.532111
8691,148,0.545982,6.791218,-0.380397,0.039975,347.600000,0.382492,174.000895,-0.131608,-0.198705,0.238336,1.181031,5.566937
8701,148,0.393823,6.807208,-0.380397,0.039975,348.000000,0.382492,174.000895,0.000000,0.000000,0.000000,1.720741,6.477692
8711,148,0.355840,6.799373,-0.094957,-0.019587,348.400000,0.096956,191.654829,0.713601,-0.148905,0.728971,1.920733,
8721,148,0.346401,6.785582,-0.023597,-0.034477,348.800000,0.041779,235.611420,0.178400,-0.037226,0.182243,2.110527,
8731,148,0.336963,6.771791,-0.023597,-0.034477,349.200000,0.041779,235.611420,0.000000,0.000000,0.000000,3.367411,
8741,148,0.327524,6.758001,-0.023597,-0.034477,349.600000,0.041779,235.611420,0.000000,0.000000,0.000000,3.177342,
8751,148,0.318085,6.744210,-0.023597,-0.034477,350.000000,0.041779,235.611420,0.000000,0.000000,0.000000,3.059229,
8761,148,0.308646,6.730419,-0.023597,-0.034477,350.400000,0.041779,235.611420,0.000000,0.000000,0.000000,3.035740,
8771,148,0.299208,6.716628,-0.023597,-0.034477,350.800000,0.041779,235.611420,0.000000,0.000000,0.000000,3.083783,8.737278
8781,148,0.289769,6.702837,-0.023597,-0.034477,351.200000,0.041779,235.611420,0.000000,0.000000,0.000000,3.189453,8.337270
8791,148,0.280330,6.689047,-0.023597,-0.034477,351.600000,0.041779,235.611420,0.000000,0.000000,0.000000,3.343995,
8801,148,0.270892,6.675256,-0.023597,-0.034477,352.000000,0.041779,235.611420,0.000000,0.000000,0.000000,3.549607,
8811,148,0.261453,6.661465,-0.023597,-0.034477,352.400000,0.041779,235.611420,0.000000,0.000000,0.000000,5.584862,7.227835
8821,148,0.252014,6.647674,-0.023597,-0.034477,352.800000,0.041779,235.611420,0.000000,0.000000,0.000000,5.122242,6.164388
8831,148,0.242575,6.633883,-0.023597,-0.034477,353.200000,0.041779,235.611420,0.000000,0.000000,0.000000,4.679714,5.764387
8841,148,0.233137,6.620093,-0.023597,-0.034477,353.600000,0.041779,235.611420,0.000000,0.000000,0.000000,4.263540,5.364385
8851,148,0.223698,6.606302,-0.023597,-0.034477,354.000000,0.041779,235.611420,0.000000,0.000000,0.000000,3.882203,4.879326
8861,148,0.214259,6.592511,-0.023597,-0.034477,354.400000,0.041779,235.611420,0.000000,0.000000,0.000000,3.513851,4.479336
8871,148,0.204820,6.578720,-0.023597,-0.034477,354.800000,0.041779,235.611420,0.000000,0.000000,0.000000,3.202745,4.079335
8881,148,0.195382,6.564929,-0.023597,-0.034477,355.200000,0.041779,235.611420,0.000000,0.000000,0.000000,2.966949,3.715031
8891,148,0.185943,6.551138,-0.023597,-0.034477,355.600000,0.041779,235.611420,0.000000,0.000000,0.000000,2.842157,
8901,148,0.176504,6.537348,-0.023597,-0.034477,356.000000,0.041779,235.611420,0.000000,0.000000,0.000000,2.889533,
8911,148,0.167066,6.523557,-0.023597,-0.034477,356.400000,0.041779,235.611420,0.000000,0.000000,0.000000,2.818928,2.413708
8921,148,0.157627,6.509766,-0.023597,-0.034477,356.800000,0.041779,235.611420,0.000000,0.000000,0.000000,2.469123,2.207402
8931,148,0.148188,6.495975,-0.023597,-0.034477,357.200000,0.041779,235.611420,0.000000,0.000000,0.000000,2.120232,1.807403
8941,148,0.138749,6.482184,-0.023597,-0.034477,357.600000,0.041779,235.611420,0.000000,0.000000,0.000000,1.693060,
8951,148,0.129311,6.468394,-0.023597,-0.034477,358.000000,0.041779,235.611420,0.000000,0.000000,0.000000,1.267112,
8961,148,0.119872,6.454603,-0.023597,-0.034477,358.400000,0.041779,235.611420,0.000000,0.000000,0.000000,0.939659,
8971,148,0.110433,6.440812,-0.023597,-0.034477,358.800000,0.041779,235.611420,0.000000,0.000000,0.000000,0.830934,
8981,148,0.040689,6.340665,-0.174362,-0.250366,359.200000,0.305098,235.145627,-0.376912,-0.539722,0.658303,0.921516,
8991,148,-0.169770,6.039023,-0.526146,-0.754107,359.600000,0.919514,235.096248,-0.879460,-1.259352,1.536040,0.930070,
9001,148,-0.380228,5.737380,-0.526146,-0.754107,360.000000,0.919514,235.096248,0.000000,0.000000,0.000000,1.332465,
9011,148,-0.590686,5.435737,-0.526146,-0.754107,360.400000,0.919514,235.096248,0.000000,0.000000,0.000000,,
