1 37 -206.702 -1001.43 180
1 38 -205.229 -1000.77 180
1 39 -205.217 -998.86 180
1 40 -205.206 -996.945 180
1 41 -205.195 -995.029 180
1 42 -205.359 -991.768 180
1 43 -203.328 -990.255 180
1 44 -203.31 -987.377 180
1 45 -203.293 -984.496 180
1 46 -203.269 -980.652 180
1 47 -201.858 -975.857 180
1 48 -201.153 -972.098 180
1 49 -199.271 -966.303 180
1 50 -197.931 -961.702 180
1 51 -195.735 -956.619 180
1 52 -194.771 -950.821 180
1 53 -193.784 -942.106 180
1 54 -191.89 -936.295 180
1 55 -191.84 -929.488 180
1 56 -187.615 -922.702 180
1 57 -187.081 -913.923 180
1 58 -185.625 -906.111 180
1 59 -185.104 -899.258 180
1 60 -184.109 -891.415 180
1 61 -182.662 -885.528 180
1 62 -182.121 -876.672 180
1 63 -180.195 -869.779 180
1 64 -181.036 -858.905 180
1 65 -179.092 -850.495 180
1 66 -177.153 -843.061 180
1 67 -175.214 -836.111 180
1 68 -170.436 -827.164 180
1 69 -167.537 -819.19 180
1 70 -165.595 -813.197 180
1 71 -163.639 -806.194 180
1 72 -161.637 -795.162 180
1 73 -158.734 -788.631 180
1 74 -154.368 -778.562 180
1 75 -152.837 -768.972 180
1 76 -149.647 -759.612 180
1 77 -148.841 -751.753 180
1 78 -146.818 -741.592 180
1 79 -144.815 -733.444 180
1 80 -144.726 -726.304 180
1 81 -142.679 -715.057 180
1 82 -139.738 -708.905 180
1 83 -138.649 -698.641 180
1 84 -136.614 -689.379 180
1 85 -134.561 -679.064 180
1 86 -131.543 -668.72 180
1 87 -129.522 -661.464 180
1 88 -125.545 -652.108 180
1 89 -121.573 -643.77 180
1 90 -118.509 -637.38 180
1 91 -114.66 -629.219 180
1 92 -113.554 -623.905 180
1 93 -111.18 -611.954 180
1 94 -107.483 -607.102 180
1 95 -105.372 -596.578 180
1 96 -103.291 -588.136 180
1 97 -100.322 -576.257 180
1 98 -99.7014 -571.821 180
1 99 -97.9973 -562.718 180
1 100 -97.3814 -555.285 180
1 101 -96.7829 -548.903 180
1 102 -94.6818 -540.366 180
1 103 -92.5765 -531.811 180
1 104 -90.4282 -521.099 180
1 105 -88.3137 -512.505 180
1 106 -86.2148 -504.968 180
1 107 -82.6392 -497.399 180
1 108 -80.0396 -489.828 180
1 109 -78.8851 -482.434 180
1 110 -76.7705 -475.383 180
1 111 -74.9614 -467.999 180
1 112 -70.6127 -461.044 180
1 113 -67.4963 -453.398 180
1 114 -64.3854 -446.281 180
1 115 -62.9327 -438.272 180
1 116 -61.0658 -428.1 180
1 117 -60.866 -420.023 180
1 118 -58.695 -411.22 180
1 119 -58.5549 -404.63 180
1 120 -56.1586 -397.167 180
1 121 -55.3816 -390.656 180
1 122 -56.1172 -383.665 180
1 123 -53.9324 -374.788 180
1 124 -53.7644 -367.038 180
1 125 -53.572 -358.164 180
1 126 -51.9536 -350.847 180
1 127 -49.6836 -342.236 180
1 128 -48.0669 -335.248 180
1 129 -46.6623 -327.986 180
1 130 -44.1922 -318.967 180
1 131 -43.0097 -311.099 180
1 132 -40.8832 -306.005 180
1 133 -38.6759 -297.53 180
1 134 -36.517 -291.292 180
1 135 -34.0397 -285.365 180
1 136 -32.8398 -276.431 180
1 137 -29.4336 -269.114 180
1 138 -28.4772 -260.879 180
1 139 -29.2749 -254.929 180
1 140 -27.9019 -247.523 180
1 141 -27.737 -240.691 180
1 142 -27.5718 -233.85 180
1 143 -26.9263 -228.128 180
1 144 -26.7603 -221.269 180
1 145 -26.6218 -215.545 180
1 146 -25.7368 -209.233 180
1 147 -24.4919 -202.811 180
1 148 -22.5544 -194.787 180
1 149 -21.7477 -190.992 180
1 150 -20.7971 -185.531 180
1 151 -19.1513 -180.875 180
1 152 -17.0418 -174.908 180
1 153 -15.3429 -171.534 180
1 154 -13.0794 -166.128 180
1 155 -11.7742 -161.889 180
1 156 -11.4067 -157.533 180
1 157 -10.9016 -153.808 180
1 158 -11.0622 -149.692 180
1 159 -11.0791 -144.754 180
1 160 -10.4766 -141.248 180
1 161 -10.915 -138.352 180
1 162 -11.867 -135.469 180
1 163 -10.252 -132.509 180
1 164 -9.66331 -129.577 180
1 165 -8.0312 -126.029 180
1 166 -7.45642 -123.677 180
1 167 -3.95491 -119.889 180
1 168 -2.18938 -118.846 180
1 169 0.446961 -116.428 180
1 170 4.11577 -113.977 180
1 171 6.75649 -111.555 180
1 172 10.4306 -109.1 180
1 173 13.1581 -103.739 180
1 174 16.8555 -100.691 180
1 175 18.2994 -94.5894 180
1 176 21.2602 -91.149 180
1 177 23.4322 -87.5487 180
1 178 24.1386 -81.0441 180
1 179 26.3144 -77.435 180
1 180 26.9889 -72.0987 180
1 181 28.2356 -64.9626 180
1 182 28.4103 -59.0358 180
1 183 30.1443 -53.0501 180
1 184 31.8451 -48.2455 180
1 185 34.0325 -44.6078 180
1 186 37.3355 -38.5493 180
1 187 39.5647 -33.7099 180
1 188 41.7964 -28.865 180
1 189 44.0308 -24.0142 180
1 190 45.2233 -19.1941 180
1 191 47.4623 -14.332 180
1 192 50.4161 -9.07516 180
1 193 53.0328 -3.3533 180
1 194 54.9826 0.712403 180
1 195 55.5123 8.74655 180
1 196 57.7258 12.4359 180
1 197 60.0589 19.748 180
1 198 61.227 23.4089 180
1 199 62.9651 29.0648 180
1 200 63.6852 34.3706 180
1 201 65.0498 40.7142 180
1 202 69.2487 43.6576 180
1 203 71.6205 51.6307 180
1 204 75.7094 55.7331 180
1 205 79.0782 63.6136 180
1 206 81.6976 67.6647 180
1 207 82.9717 75.1906 180
1 208 87.0356 82.0023 180
1 209 89.8505 87.4349 180
1 210 91.8962 94.3729 180
1 211 92.3525 101.258 180
1 212 93.9504 107.122 180
1 213 95.4785 111.58 180
1 214 96.0671 116.156 180
1 215 98.3722 121.176 180
1 216 98.4612 123.645 180
1 217 100.77 128.675 180
1 218 105.213 133.799 180
1 219 109.175 140.147 180
1 220 112.68 142.646 180
1 221 116.443 149.124 180
1 222 118.77 154.186 180
1 223 123.241 159.345 180
1 224 127.719 164.511 180
1 225 129.862 164.603 180
1 226 133.324 170.979 180
1 227 135.386 179.241 180
1 228 137.018 184.431 180
1 229 138.117 190.473 180
1 230 140.21 198.526 180
1 231 141.168 206.346 180
1 232 141.854 211.91 180
1 233 144.96 220.346 180
1 234 146.346 227.969 180
1 235 148.816 235.655 180
1 236 151.289 243.354 180
1 237 153.689 249.162 180
1 238 155.651 257.135 180
1 239 156.195 264.015 180
1 240 158.405 271.601 180
1 241 160.353 279.335 180
1 242 162.956 289.668 180
1 243 165.348 294.896 180
1 244 166.824 307.458 180
1 245 168.505 318.12 180
1 246 169.925 325.904 180
1 247 170.95 338.735 180
1 248 172.008 349.222 180
1 249 170.146 356.886 180
1 250 172.197 364.216 180
1 251 173.002 372.592 180
1 252 175.672 383.783 180
1 253 174.99 393.516 180
1 254 179.661 403.795 180
1 255 180.678 410.802 180
1 256 180.579 421.275 180
1 257 183.072 427.972 180
1 258 183.472 437.193 180
1 259 185.214 444.78 180
1 260 186.431 454.487 180
1 261 188.06 466.472 180
1 262 189.576 475.828 180
1 263 190.099 487.8 180
1 264 188.339 498.336 180
1 265 187.632 507.621 180
1 266 187.981 515.649 180
1 267 188.33 523.688 180
1 268 187.063 532.984 180
1 269 186.853 541.017 180
1 270 187.318 551.792 180
1 271 188.846 561.307 180
1 272 190.247 572.993 180
1 273 193.21 584.533 180
1 274 193.566 592.682 180
1 275 196.48 602.907 180
1 276 196.304 606.07 180
1 277 197.955 616.057 180
1 278 198.084 624.106 180
1 279 199.181 631.137 180
1 280 199.603 640.733 180
1 281 200.214 652.574 180
1 282 200.066 664.075 180
1 283 198.051 673.234 180
1 284 198.648 683.256 180
1 285 196.742 691.41 180
1 286 194.833 699.575 180
1 287 193.655 707.68 180
1 288 192.025 713.235 180
1 289 191.306 722.902 180
1 290 192.743 729.951 180
1 291 192.084 741.047 180
1 292 193.094 750.003 180
1 293 195.329 763.626 180
1 294 195.632 770.653 180
1 295 196.117 781.915 180
1 296 196.36 787.555 180
1 297 196.634 793.907 180
1 298 196.847 798.853 180
1 299 196.005 805.843 180
1 300 195.609 812.592 180
1 301 197 818.349 180
1 302 195.074 824.152 180
1 303 196.075 834.147 180
1 304 192.808 838.162 180
1 305 189.6 843.605 180
1 306 186.389 849.053 180
1 307 186.688 856.19 180
1 308 185.716 860.391 180
1 309 184.624 861.734 180
1 310 183.77 868.802 180
1 311 182.976 871.53 180
1 312 183.514 877.853 180
1 313 183.153 881.615 180
1 314 183.451 888.795 180
1 315 183.63 893.108 180
1 316 183.928 900.304 180
1 317 184.047 903.186 180
1 318 184.432 908.846 180
1 319 185.563 911.928 180
1 320 183.428 916.08 180
1 321 183.548 918.97 180
1 322 181.292 920.235 180
1 323 182.689 926.11 180
1 324 182.808 929.005 180
1 325 182.987 933.35 180
1 326 184.266 936.34 180
1 327 184.386 939.241 180
1 328 184.566 943.594 180
1 329 184.566 943.594 180
1 330 185.907 948.044 180
1 331 185.907 948.044 180
1 332 187.249 952.497 180
1 333 188.471 954.044 180
1 334 189.633 954.136 180
1 335 191.988 955.048 180
1 336 193.181 955.868 180
1 337 195.567 957.509 180
1 338 195.567 957.509 180
1 339 198.017 960.607 180
1 340 199.181 960.7 180
1 341 199.763 960.747 180
1 342 201.571 962.343 180
1 343 201.633 963.801 180
1 344 201.571 962.343 180
1 345 201.633 963.801 180
1 346 201.633 963.801 180
1 347 200.594 966.625 180
1 348 200.594 966.625 180
1 349 200.594 966.625 180
1 350 201.696 965.26 180
1 351 201.758 966.719 180
1 352 200.012 966.579 180
1 353 200.012 966.579 180
1 354 200.656 968.085 180
1 355 198.266 966.44 180
1 356 199.492 967.992 180
1 357 198.266 966.44 180
1 358 198.359 968.628 180
1 359 198.266 966.44 180
1 360 195.999 967.712 180
1 361 198.39 969.358 180
1 362 195.999 967.712 180
1 363 196.061 969.172 180
1 364 195.999 967.712 180
1 365 195.938 966.253 180
1 366 197.225 969.265 180
1 367 195.938 966.253 180
1 368 196.061 969.172 180
1 369 195.938 966.253 180
1 370 196.061 969.172 180
1 371 196.061 969.172 180
1 372 196.061 969.172 180
1 373 196.061 969.172 180
1 374 195.938 966.253 180
1 375 193.733 968.985 180
1 376 194.928 969.808 180
1 377 194.928 969.808 180
1 378 194.928 969.808 180
1 379 194.866 968.349 180
1 380 194.897 969.078 180
1 381 195.479 969.125 180
1 382 197.225 969.265 180
1 383 196.705 970.678 180
1 384 196.154 971.361 180
1 385 195.898 969.432 180
1 386 197.084 969.755 180
1 387 196.123 970.631 180
1 388 196.154 971.361 180
1 389 196.123 970.631 180
1 390 196.337 969.946 180
1 391 196.73 972.644 180
1 392 196.061 969.172 180
1 393 196.154 971.361 180
1 394 196.71 971.625 180
1 395 198.239 971.553 180
1 396 198.514 972.278 180
1 397 198.514 972.278 180
1 398 199.679 972.371 180
1 399 198.474 972.15 180
1 400 202.071 974.019 180
1 401 201.164 974.529 180
1 402 202.071 974.019 180
1 403 202.071 974.019 180
1 404 201.281 972.388 180
1 405 202.009 972.558 180
1 406 203.237 974.113 180
1 407 203.174 972.652 180
1 408 203.237 974.113 180
1 409 203.819 974.159 180
1 410 203.819 974.159 180
1 411 205.567 974.299 180
1 412 203.923 973.877 180
1 413 204.339 972.745 180
1 414 205.504 972.838 180
1 415 205.504 972.838 180
1 416 205.504 972.838 180
1 417 205.567 974.299 180
1 418 206.087 972.885 180
1 419 206.087 972.885 180
1 420 205.504 972.838 180
1 421 206.087 972.885 180
1 422 205.753 973.214 180
1 423 206.607 971.471 180
1 424 205.958 972.584 180
1 425 206.513 973.608 180
1 426 205.567 974.299 180
1 427 205.567 974.299 180
1 428 205.504 972.838 180
1 429 205.504 972.838 180
1 430 204.922 972.792 180
1 431 204.339 972.745 180
1 432 204.339 972.745 180
1 433 204.276 971.284 180
1 434 204.276 971.284 180
1 435 202.009 972.558 180
1 436 201.946 971.098 180
1 437 201.946 971.098 180
1 438 199.096 972.325 180
1 439 198.15 971.643 180
1 440 197.349 972.185 180
1 441 197.349 972.185 180
1 442 194.781 971.833 180
1 443 194.049 973.466 180
1 444 193.274 971.858 180
1 445 193.366 974.048 180
1 446 192.815 974.732 180
1 447 192.174 974.124 180
1 448 191.773 977.56 180
1 449 191.65 974.638 180
1 450 192.907 976.923 180
1 451 192.907 976.923 180
1 452 192.937 977.654 180
1 453 192.937 977.654 180
1 454 195.236 977.111 180
1 455 195.654 977.651 180
1 456 197.597 978.029 180
1 457 198.762 978.123 180
1 458 199.928 978.216 180
1 459 199.924 977.584 180
1 460 202.259 978.404 180
1 461 203.362 977.036 180
2 37 198.423 -996.996 180
2 38 198.499 -995.531 180
2 39 198.626 -993.089 180
2 40 198.703 -991.623 180
2 41 198.805 -989.667 180
2 42 198.958 -986.732 180
2 43 199.06 -984.775 180
2 44 198.308 -980.847 180
2 45 198.461 -977.906 180
2 46 197.734 -973.481 180
2 47 195.998 -970.026 180
2 48 194.312 -965.586 180
2 49 192.625 -961.142 180
2 50 191.92 -955.816 180
2 51 188.388 -950.263 180
2 52 186.571 -948.273 180
2 53 184.067 -940.843 180
2 54 181.413 -936.371 180
2 55 180.749 -930.426 180
2 56 177.827 -925.834 180
2 57 176.512 -918.987 180
2 58 176.292 -914.465 180
2 59 175.15 -907.544 180
2 60 173.037 -901.553 180
2 61 171.86 -896.061 180
2 62 171.211 -889.566 180
2 63 170.49 -884.563 180
2 64 170.78 -878.558 180
2 65 170.178 -871.036 180
2 66 169.502 -865.009 180
2 67 169.913 -856.463 180
2 68 169.236 -850.416 180
2 69 168.655 -842.344 180
2 70 167.589 -834.256 180
2 71 164.97 -828.176 180
2 72 163.875 -820.572 180
2 73 161.18 -815.998 180
2 74 159.595 -808.375 180
2 75 156.018 -801.754 180
2 76 153.409 -795.128 180
2 77 151.745 -789.005 180
2 78 147.719 -781.728 180
2 79 145.584 -774.688 180
2 80 142.916 -769.054 180
2 81 142.454 -759.975 180
2 82 141.744 -751.6 180
2 83 140.112 -744.394 180
2 84 138.477 -737.179 180
2 85 137.772 -730.985 180
2 86 137.066 -724.784 180
2 87 136.36 -718.574 180
2 88 135.675 -711.837 180
2 89 134.054 -704.055 180
2 90 133.924 -695.736 180
2 91 133.839 -686.358 180
2 92 132.167 -679.58 180
2 93 130.829 -671.85 180
2 94 129.846 -664.945 180
2 95 126.267 -656.573 180
2 96 124.564 -650.281 180
2 97 123.012 -640.297 180
2 98 119.289 -635.051 180
2 99 117.665 -626.622 180
2 100 114.297 -621.193 180
2 101 111.656 -615.764 180
2 102 108.461 -610.293 180
2 103 104.87 -601.308 180
2 104 106.153 -593.865 180
2 105 103.354 -589.635 180
2 106 101.55 -580.43 180
2 107 101.438 -572.923 180
2 108 100.334 -565.67 180
2 109 100.563 -559.785 180
2 110 100.429 -554.56 180
2 111 99.6119 -548.017 180
2 112 98.2923 -541.577 180
2 113 97.5886 -534.058 180
2 114 97.3401 -527.6 180
2 115 95.7267 -520.9 180
2 116 94.9113 -513.058 180
2 117 94.6397 -507.113 180
2 118 93.352 -499.028 180
2 119 92.1814 -493.055 180
2 120 90.3889 -487.648 180
2 121 87.5145 -484.425 180
2 122 83.72 -479.037 180
2 123 80.922 -473.631 180
2 124 78.6321 -469.292 180
2 125 74.3572 -461.725 180
2 126 71.9736 -458.483 180
2 127 67.6457 -453.627 180
2 128 64.9964 -447.288 180
2 129 64.0614 -441.64 180
2 130 62.2285 -436.733 180
2 131 60.9514 -430.167 180
2 132 59.5977 -425.793 180
2 133 57.816 -419.22 180
2 134 57.519 -413.167 180
2 135 56.1803 -408.227 180
2 136 54.8219 -403.834 180
2 137 54.4672 -399.421 180
2 138 52.641 -393.923 180
2 139 52.843 -387.83 180
2 140 52.057 -381.192 180
2 141 50.2445 -375.119 180
2 142 48.4482 -368.483 180
2 143 47.1176 -362.944 180
2 144 45.3929 -357.071 180
2 145 41.93 -351.895 180
2 146 38.4678 -346.604 180
2 147 37.2023 -341.935 180
2 148 33.3731 -335.299 180
2 149 29.908 -333.13 180
2 150 26.9713 -326.803 180
2 151 23.6314 -323.732 180
2 152 19.8857 -318.973 180
2 153 16.8736 -313.207 180
2 154 14.8573 -309.585 180
2 155 13.106 -303.727 180
2 156 12.2717 -297.549 180
2 157 12.4166 -292.471 180
2 158 12.9736 -286.429 180
2 159 12.0248 -280.64 180
2 160 10.8083 -277.816 180
2 161 10.9527 -272.717 180
2 162 12.0798 -268.724 180
2 163 12.7004 -264.739 180
2 164 13.3702 -259.045 180
2 165 14.925 -256.872 180
2 166 15.1555 -249.903 180
2 167 15.9933 -246.922 180
2 168 16.3532 -242.547 180
2 169 16.4223 -237.674 180
2 170 16.3303 -233.793 180
2 171 16.2876 -228.193 180
2 172 16.3864 -224.758 180
2 173 17.7523 -221.575 180
2 174 16.5841 -217.88 180
2 175 15.1517 -214.477 180
2 176 15.5845 -210.403 180
2 177 15.1598 -207.762 180
2 178 13.3708 -205.338 180
2 179 13.4361 -203.038 180
2 180 13.5994 -197.282 180
2 181 13.1207 -196.143 180
2 182 14.2253 -193.235 180
2 183 14.4982 -187.233 180
2 184 15.2556 -185.783 180
2 185 15.5612 -182.242 180
2 186 17.1561 -177.67 180
2 187 17.6633 -174.985 180
2 188 17.3965 -171.788 180
2 189 18.8761 -169.524 180
2 190 20.3697 -165.742 180
2 191 21.0038 -164.043 180
2 192 22.351 -160.062 180
2 193 25.2534 -157.369 180
2 194 24.1904 -155.099 180
2 195 25.7076 -150.675 180
2 196 27.3369 -147.72 180
2 197 28.5117 -144.87 180
2 198 26.6995 -143.548 180
2 199 27.1157 -137.827 180
2 200 25.6743 -137.146 180
2 201 24.87 -133.693 180
2 202 24.6777 -133.232 180
2 203 21.9437 -131.679 180
2 204 21.6888 -129.818 180
2 205 20.3262 -127.451 180
2 206 20.1313 -126.711 180
2 207 20.312 -124.018 180
2 208 20.1133 -121.978 180
2 209 18.1015 -119.923 180
2 210 18.384 -117.607 180
2 211 19.2104 -115.745 180
2 212 20.1984 -111.508 180
2 213 19.922 -112.157 180
2 214 20.7047 -107.544 180
2 215 22.4366 -104.041 180
2 216 24.1783 -100.61 180
2 217 25.6978 -97.0472 180
2 218 26.7781 -96.8584 180
2 219 29.346 -92.1766 180
2 220 30.6449 -88.5 180
2 221 31.7688 -85.5188 180
2 222 34.2145 -80.6273 180
2 223 35.5532 -76.7857 180
2 224 34.3788 -73.4613 180
2 225 35.2528 -73.0147 180
2 226 35.3421 -70.0564 180
2 227 34.3934 -67.1296 180
2 228 35.5392 -63.5413 180
2 229 34.6981 -63.2204 180
2 230 34.1239 -58.8485 180
2 231 31.4539 -57.8848 180
2 232 30.4317 -54.9102 180
2 233 28.5679 -52.9885 180
2 234 28.1706 -49.5552 180
2 235 28.7606 -47.1603 180
2 236 28.4852 -44.1658 180
2 237 29.3855 -42.1823 180
2 238 29.5945 -39.6812 180
2 239 27.4802 -37.6917 180
2 240 27.55 -35.3087 180
2 241 28.1056 -34.0991 180
2 242 28.6965 -31.6963 180
2 243 29.2524 -30.4856 180
2 244 29.3227 -28.0989 180
2 245 30.9921 -24.4626 180
2 246 33.1129 -23.1959 180
2 247 34.7848 -19.5553 180
2 248 34.8747 -16.5642 180
2 249 34.9466 -14.17 180
2 250 35.466 -11.1187 180
2 251 36.7658 -5.72589 180
2 252 36.7839 -5.12607 180
2 253 36.5695 -0.122919 180
2 254 34.4591 4.3877 180
2 255 33.485 6.75466 180
2 256 32.0011 11.3278 180
2 257 30.6313 16.2696 180
2 258 30.8091 22.2965 180
2 259 29.8326 24.6709 180
2 260 31.1261 31.2694 180
2 261 31.2544 37.3963 180
2 262 32.3931 40.4612 180
2 263 31.4508 44.0551 180
2 264 32.6083 47.7306 180
2 265 32.2546 50.3182 180
2 266 31.7728 54.9709 180
2 267 32.9676 59.8705 180
2 268 34.1818 65.3836 180
2 269 36.6575 70.831 180
2 270 38.7775 78.343 180
2 271 40.2722 83.5459 180
2 272 42.2939 90.0759 180
2 273 42.499 96.8092 180
2 274 42.6483 101.712 180
2 275 41.8522 110.261 180
2 276 41.9641 113.948 180
2 277 40.0333 120.011 180
2 278 36.2777 122.41 180
2 279 34.9344 129.889 180
2 280 32.0726 136.916 180
2 281 32.2354 142.475 180
2 282 32.4345 149.277 180
2 283 29.4492 155.952 180
2 284 28.5845 162.726 180
2 285 26.7272 171.948 180
2 286 25.8241 177.498 180
2 287 24.3471 183.464 180
2 288 22.9627 190.13 180
2 289 21.0666 197.209 180
2 290 20.141 202.159 180
2 291 18.218 209.569 180
2 292 17.3591 217.038 180
2 293 15.466 225.723 180
2 294 12.5017 234.373 180
2 295 12.4414 242.411 180
2 296 10.1264 250.054 180
2 297 6.74325 258.655 180
2 298 4.76852 264.875 180
2 299 2.82456 272.368 180
2 300 -0.210058 279.184 180
2 301 -3.24798 286.008 180
2 302 -7.39343 291.515 180
2 303 -10.4537 297.716 180
2 304 -14.5746 304.506 180
2 305 -17.611 311.994 180
2 306 -21.74 318.799 180
2 307 -22.4558 329.505 180
2 308 -23.4425 337.884 180
2 309 -25.3864 344.925 180
2 310 -24.8275 349.596 180
2 311 -28.3689 357.513 180
2 312 -30.7719 364.559 180
2 313 -31.1817 373.199 180
2 314 -32.4103 381.92 180
2 315 -33.1266 388.539 180
2 316 -33.9069 399.154 180
2 317 -35.6412 406.279 180
2 318 -36.7556 417.166 180
2 319 -42.0031 424.681 180
2 320 -44.0053 432.384 180
2 321 -44.9529 438.852 180
2 322 -48.0176 447.823 180
2 323 -51.7112 454.35 180
2 324 -53.2933 460.347 180
2 325 -56.3333 465.678 180
2 326 -60.927 474.994 180
2 327 -61.4606 481.14 180
2 328 -62.3723 490.3 180
2 329 -64.3744 499.412 180
2 330 -65.2902 508.603 180
2 331 -64.621 515.257 180
2 332 -64.9925 524.508 180
2 333 -65.9233 533.078 180
2 334 -66.8457 538.649 180
2 335 -68.2261 547.893 180
2 336 -69.4179 555.616 180
2 337 -69.722 564.148 180
2 338 -71.072 570.563 180
2 339 -71.5993 581.427 180
2 340 -73.6974 586.658 180
2 341 -73.5065 597.414 180
2 342 -77.7356 606.562 180
2 343 -79.9739 614.317 180
2 344 -81.6811 620.517 180
2 345 -86.1673 627.602 180
2 346 -87.4079 632.389 180
2 347 -89.2598 640.255 180
2 348 -91.3974 644.18 180
2 349 -93.4829 651.503 180
2 350 -96.5828 658.924 180
2 351 -97.4282 667.009 180
2 352 -98.5986 677.014 180
2 353 -100.664 686.429 180
2 354 -102.491 693.482 180
2 355 -104.455 698.89 180
2 356 -105.91 705.23 180
2 357 -106.958 709.272 180
2 358 -110.162 717.287 180
2 359 -111.174 724.09 180
2 360 -110.437 737.226 180
2 361 -113.125 743.245 180
2 362 -113.345 752.263 180
2 363 -117.306 762.309 180
2 364 -121.995 770.65 180
2 365 -127.04 775.844 180
2 366 -128.143 783.733 180
2 367 -132.56 786.194 180
2 368 -136.906 794.924 180
2 369 -140.214 797.469 180
2 370 -144.598 803.421 180
2 371 -147.858 810.857 180
2 372 -154.455 815.485 180
2 373 -157.764 822.004 180
2 374 -161.055 827.358 180
2 375 -162.081 837.092 180
2 376 -163.223 844.006 180
2 377 -167.686 851.424 180
2 378 -169.926 858.425 180
2 379 -170.94 864.047 180
2 380 -173.081 868.641 180
2 381 -175.74 871.232 180
2 382 -176.267 875.427 180
2 383 -180.374 880.514 180
2 384 -182.333 886.268 180
2 385 -185.109 888.883 180
2 386 -186.74 895.839 180
2 387 -189.518 898.457 180
2 388 -192.84 903.871 180
2 389 -194.502 906.58 180
2 390 -196.173 907.869 180
2 391 -196.132 914.977 180
2 392 -197.236 917.735 180
2 393 -196.095 921.383 180
2 394 -195.523 923.565 180
2 395 -195.506 926.415 180
2 396 -193.808 929.402 180
2 397 -193.803 930.115 180
2 398 -193.225 933.014 180
2 399 -193.213 935.156 180
2 400 -191.512 938.148 180
2 401 -191.498 940.292 180
2 402 -190.915 943.913 180
2 403 -189.764 948.297 180
2 404 -189.467 949.095 180
2 405 -189.175 952.64 180
2 406 -189.998 955.797 180
2 407 -191.035 958.994 180
2 408 -191.367 961.781 180
2 409 -192.762 963.461 180
2 410 -193.587 966.624 180
2 411 -193.807 967.468 180
2 412 -195.826 968.596 180
2 413 -196.524 968.464 180
2 414 -198.073 969.131 180
2 415 -199.198 969.039 180
2 416 -201.177 967.083 180
2 417 -202.588 965.892 180
2 418 -202.599 963.738 180
2 419 -203.731 962.212 180
2 420 -204.296 961.449 180
2 421 -204.303 960.014 180
2 422 -204.317 957.146 180
2 423 -204.331 954.28 180
2 424 -206.016 954.144 180
2 425 -206.023 952.712 180
2 426 -205.065 953.433 180
2 427 -204.302 953.481 180
2 428 -204.893 954.235 180
2 429 -204.916 956.505 180
2 430 -204.879 957.101 180
2 431 -204.31 958.58 180
2 432 -203.929 960.736 180
2 433 -203.727 962.929 180
2 434 -202.595 964.456 180
2 435 -202.033 964.502 180
2 436 -200.783 967.187 180
2 437 -199.761 968.993 180
2 438 -199.757 969.712 180
2 439 -199.456 969.24 180
2 440 -199.191 970.477 180
2 441 -198.962 971.07 180
2 442 -199.639 970.727 180
2 443 -199.749 971.149 180
2 444 -201.548 971.434 180
2 445 -200.301 973.26 180
2 446 -201.598 972.507 180
2 447 -202.094 972.444 180
2 448 -201.541 972.727 180
2 449 -201.768 972.34 180
2 450 -201.545 974.219 180
2 451 -200.293 974.698 180
2 452 -201.419 974.606 180
2 453 -201.419 974.606 180
2 454 -201.419 974.606 180
2 455 -201.419 974.606 180
2 456 -201.419 974.606 180
2 457 -201.419 974.606 180
2 458 -200.023 974.636 180
2 459 -199.167 974.79 180
2 460 -199.167 974.79 180
2 461 -200.301 973.26 180
3 37 390.137 -931.046 180
3 38 387.239 -930.524 180
3 39 385.724 -926.458 180
3 40 385.194 -925.002 180
3 41 384.207 -920.395 180
3 42 383.329 -916.969 180
3 43 381.661 -912.943 180
3 44 380.101 -907.406 180
3 45 378.848 -904.381 180
3 46 377.883 -897.329 180
3 47 377.336 -891.277 180
3 48 377.879 -883.708 180
3 49 376.348 -877.634 180
3 50 373.831 -871.547 180
3 51 374.408 -863.439 180
3 52 370.866 -857.839 180
3 53 367.642 -847.657 180
3 54 365.149 -841.027 180
3 55 362.267 -832.856 180
3 56 362.27 -825.704 180
3 57 358.209 -818.448 180
3 58 356.911 -810.328 180
3 59 357.052 -801.087 180
3 60 356.627 -792.857 180
3 61 356.343 -782.548 180
3 62 355.917 -774.285 180
3 63 354.496 -766.008 180
3 64 353.074 -757.716 180
3 65 350.298 -747.333 180
3 66 348.904 -738.49 180
3 67 347.255 -725.978 180
3 68 344.928 -716.052 180
3 69 341.529 -707.158 180
3 70 339.123 -698.247 180
3 71 337.609 -690.896 180
3 72 336.404 -678.79 180
3 73 335.057 -668.769 180
3 74 333.88 -656.078 180
3 75 332.494 -646.541 180
3 76 331.207 -635.39 180
3 77 329.85 -625.279 180
3 78 328.489 -615.149 180
3 79 328.065 -606.061 180
3 80 326.919 -595.148 180
3 81 324.528 -582.479 180
3 82 323.122 -572.8 180
3 83 321.64 -561.05 180
3 84 319.425 -551.229 180
3 85 316.996 -541.499 180
3 86 316.795 -528.466 180
3 87 315.183 -518.64 180
3 88 314.187 -505.051 180
3 89 313.812 -494.66 180
3 90 312.974 -480.838 180
3 91 311.221 -470.534 180
3 92 310.842 -460.07 180
3 93 306.337 -450.194 180
3 94 307.043 -438.563 180
3 95 306.826 -425.25 180
3 96 305.38 -415.262 180
3 97 302.883 -399.991 180
3 98 302.715 -391.308 180
3 99 299.575 -379.32 180
3 100 298.154 -370.342 180
3 101 295.248 -361.139 180
3 102 296.079 -347.032 180
3 103 295.779 -334.603 180
3 104 296.446 -323.258 180
3 105 296.594 -311.577 180
3 106 293.568 -301.713 180
3 107 294.168 -291.434 180
3 108 292.351 -281.643 180
3 109 292.316 -269.729 180
3 110 292.439 -259.726 180
3 111 290.526 -247.63 180
3 112 289.101 -235.274 180
3 113 287.61 -224.905 180
3 114 287.881 -216.163 180
3 115 287.627 -206.35 180
3 116 288.36 -193.534 180
3 117 288.994 -182.437 180
3 118 289.697 -170.143 180
3 119 294.443 -160.638 180
3 120 294.985 -151.229 180
3 121 295.46 -142.981 180
3 122 296.517 -135.975 180
3 123 298.663 -124.013 180
3 124 300.336 -113.703 180
3 125 300.957 -102.62 180
3 126 301.509 -93.0955 180
3 127 302.266 -83.499 180
3 128 302.616 -73.9894 180
3 129 302.356 -65.2755 180
3 130 303.58 -55.1362 180
3 131 303.288 -44.0197 180
3 132 306.05 -33.1011 180
3 133 306.54 -24.6468 180
3 134 307.461 -17.9755 180
3 135 310.059 -10.0269 180
3 136 311.646 -1.86663 180
3 137 312.927 7.60387 180
3 138 314.159 14.3812 180
3 139 314.588 21.6995 180
3 140 314.337 26.565 180
3 141 314.086 31.4351 180
3 142 315.21 35.7974 180
3 143 317.019 39.3601 180
3 144 315.806 42.4948 180
3 145 316.812 45.897 180
3 146 317.926 48.4104 180
3 147 317.387 51.1234 180
3 148 319.16 53.108 180
3 149 319.759 54.8902 180
3 150 320.91 56.1599 180
3 151 321.176 58.6536 180
3 152 320.245 58.3865 180
3 153 319.437 58.5585 180
3 154 318.898 58.5382 180
3 155 320.222 59.4548 180
3 156 321.359 59.0239 180
3 157 322.098 58.0452 180
3 158 325.002 56.1913 180
3 159 326.483 58.2979 180
3 160 326.344 53.0745 180
3 161 328.168 51.5269 180
3 162 331.557 50.0745 180
3 163 329.062 48.4961 180
3 164 329.809 43.0131 180
3 165 331.418 44.0091 180
3 166 333.006 42.5193 180
3 167 335.274 44.4399 180
3 168 335.925 42.0421 180
3 169 336.389 41.5429 180
3 170 337.747 40.6958 180
3 171 338.252 39.0957 180
3 172 339.289 39.6917 180
3 173 338.211 39.6519 180
3 174 338.975 43.3523 180
3 175 340.203 45.8475 180
3 176 339.964 50.7416 180
3 177 339.424 50.7215 180
3 178 339.034 53.1601 180
3 179 337.098 56.7693 180
3 180 337.397 61.6938 180
3 181 337.771 67.8562 180
3 182 336.914 71.5162 180
3 183 335.026 76.8825 180
3 184 332.1 81.1894 180
3 185 331.315 86.0951 180
3 186 329.445 90.9626 180
3 187 329.889 98.3997 180
3 188 328.312 108.247 180
3 189 326.97 113.711 180
3 190 325.984 120.652 180
3 191 327.25 126.836 180
3 192 326.545 131.413 180
3 193 324.432 134.192 180
3 194 324.33 141.67 180
3 195 322.124 150.32 180
3 196 321.356 157.993 180
3 197 318.499 162.681 180
3 198 315.695 169.808 180
3 199 312.542 172.458 180
3 200 309.344 173.575 180
3 201 309.413 179.544 180
3 202 305.174 180.746 180
3 203 303.956 186.123 180
3 204 303.732 195.466 180
3 205 301.251 201.495 180
3 206 298.034 204.547 180
3 207 296.243 210.545 180
3 208 292.75 214.574 180
3 209 289.488 218.282 180
3 210 286.518 222.994 180
3 211 283.003 228.535 180
3 212 277.947 235.913 180
3 213 273.645 243.207 180
3 214 267.612 247.972 180
3 215 260.903 253.233 180
3 216 256.73 257.81 180
3 217 250.026 263.718 180
3 218 244.574 265.519 180
3 219 235.66 272.748 180
3 220 228.381 280.061 180
3 221 223.891 288.796 180
3 222 218.483 298.795 180
3 223 211.729 308.711 180
3 224 204.362 314.77 180
3 225 196.443 320.804 180
3 226 192.355 331.263 180
3 227 182.561 341.949 180
3 228 176.939 349.476 180
3 229 164.962 355.841 180
3 230 157.919 364.488 180
3 231 149.564 367.671 180
3 232 143.753 380.141 180
3 233 133.125 391.196 180
3 234 127.153 401.599 180
3 235 124.22 412.961 180
3 236 114.465 423.213 180
3 237 108.472 431.721 180
3 238 101.065 439.176 180
3 239 93.7412 449.27 180
3 240 85.1891 459.34 180
3 241 79.0647 469.499 180
3 242 70.6966 482.218 180
3 243 62.1482 489.655 180
3 244 55.9558 502.538 180
3 245 48.9195 509.685 180
3 246 40.7996 516.054 180
3 247 33.011 525.75 180
3 248 27.2709 536.727 180
3 249 20.9523 547.02 180
3 250 13.4105 561.403 180
3 251 7.76999 568.96 180
3 252 0.483272 579.196 180
3 253 -6.72125 584.164 180
3 254 -12.0131 593.246 180
3 255 -19.383 602.898 180
3 256 -24.7663 614.009 180
3 257 -33.3672 624.27 180
3 258 -40.8738 634.616 180
3 259 -45.1282 642.477 180
3 260 -52.9863 652.726 180
3 261 -57.0733 661.332 180
3 262 -64.5366 667.032 180
3 263 -69.8717 677.586 180
3 264 -77.3834 690.746 180
3 265 -84.9661 700.499 180
3 266 -90.4875 708.171 180
3 267 -96.8224 715.901 180
3 268 -103.475 720.5 180
3 269 -108.899 728.377 180
3 270 -114.165 740.136 180
3 271 -121.41 745.421 180
3 272 -129.61 754.511 180
3 273 -137.116 761.956 180
3 274 -145.013 764.479 180
3 275 -149.824 775.109 180
3 276 -157.867 775.687 180
3 277 -164.8 781.073 180
3 278 -175.667 791.049 180
3 279 -181.281 799.331 180
3 280 -189.006 804.332 180
3 281 -196.128 808.852 180
3 282 -202.132 815.63 180
3 283 -209.38 817.951 180
3 284 -216.621 821.809 180
3 285 -224.078 827.887 180
3 286 -232.091 834.626 180
3 287 -237.621 839.107 180
3 288 -246.479 840.537 180
3 289 -253.008 843.181 180
3 290 -260.863 839.449 180
3 291 -267.496 838.947 180
3 292 -274.122 837.048 180
3 293 -279.098 840.866 180
3 294 -283.814 841.423 180
3 295 -289.044 844.308 180
3 296 -292.37 848.953 180
3 297 -296.787 849.316 180
3 298 -300.87 854.866 180
3 299 -304.822 857.511 180
3 300 -308.704 861.366 180
3 301 -312.861 864.904 180
3 302 -316.715 863.204 180
3 303 -321.026 864.696 180
3 304 -322.778 862.738 180
3 305 -325.515 859.724 180
3 306 -327.352 859.061 180
3 307 -331.353 857.821 180
3 308 -333.885 856.172 180
3 309 -335.965 857.52 180
3 310 -339.56 859.741 180
3 311 -342.038 859.854 180
3 312 -343.871 863.188 180
3 313 -347.048 864.042 180
3 314 -349.685 865.991 180
3 315 -353.17 869.28 180
3 316 -353.698 871.572 180
3 317 -355.131 873.052 180
3 318 -356.209 875.237 180
3 319 -355.963 878.416 180
3 320 -357.038 881.43 180
3 321 -358.218 883.863 180
3 322 -357.768 887.528 180
3 323 -359.562 890.707 180
3 324 -360.515 893.536 180
3 325 -361.645 896.265 180
3 326 -362.789 900.405 180
3 327 -365.293 903.627 180
3 328 -366.55 906.838 180
3 329 -368.523 905.526 180
3 330 -369.934 908.568 180
3 331 -371.128 906.802 180
3 332 -373.363 909.449 180
3 333 -375.896 910.005 180
3 334 -377.471 908.905 180
3 335 -378.298 906.939 180
3 336 -380.493 906.06 180
3 337 -381.043 906.016 180
3 338 -382.678 904.476 180
3 339 -382.686 905.18 180
3 340 -382.678 904.476 180
3 341 -382.856 904.631 180
3 342 -382.851 904.168 180
3 343 -382.67 903.771 180
3 344 -380.394 897.607 180
3 345 -379.004 896.443 180
3 346 -378.153 894.262 180
3 347 -377.587 892.898 180
3 348 -375.929 892.325 180
3 349 -373.729 892.498 180
3 350 -373.752 894.608 180
3 351 -371.558 895.485 180
3 352 -370.457 895.572 180
3 353 -368.255 895.745 180
3 354 -368.284 898.562 180
3 355 -366.081 898.735 180
3 356 -367.087 901.152 180
3 357 -365.573 903.007 180
3 358 -366.907 904.008 180
3 359 -366.69 904.33 180
3 360 -366.69 904.33 180
3 361 -367.154 905.468 180
3 362 -367.241 904.286 180
3 363 -367.256 905.697 180
3 364 -368.902 904.86 180
3 365 -368.902 904.86 180
3 366 -369.226 907.332 180
3 367 -370.762 905.547 180
3 368 -369.767 908.402 180
3 369 -371.664 905.348 180
3 370 -372.923 907.474 180
3 371 -374.004 908.484 180
3 372 -375.1 906.91 180
3 373 -376.624 910.067 180
3 374 -378.752 907.111 180
3 375 -380.989 909.894 180
3 376 -381.627 908.793 180
3 377 -383.862 909.554 180
3 378 -385.642 908.148 180
3 379 -387.538 906.427 180
3 380 -387.943 905.349 180
3 381 -389.298 905.362 180
3 382 -390.966 906.64 180
3 383 -390.802 905.01 180
3 384 -391.958 907.592 180
3 385 -392.73 906.782 180
3 386 -393.271 908.611 180
3 387 -393.184 907.875 180
3 388 -393.309 908.995 180
3 389 -393.202 909.285 180
3 390 -393.758 908.813 180
3 391 -393.568 910.301 180
3 392 -393.202 909.285 180
3 393 -392.67 910.739 180
3 394 -391.946 910.051 180
3 395 -391.108 909.169 180
3 396 -389.919 910.958 180
3 397 -389.096 910.401 180
3 398 -387.655 910.552 180
3 399 -386.73 909.691 180
3 400 -386.031 908.443 180
3 401 -384.93 908.531 180
3 402 -384.93 908.531 180
3 403 -382.736 909.411 180
3 404 -381.68 907.708 180
3 405 -380.509 907.47 180
3 406 -379.975 908.924 180
3 407 -380.087 909.074 180
3 408 -379.424 908.968 180
3 409 -379.679 908.158 180
3 410 -379.767 908.134 180
3 411 -378.678 907.42 180
3 412 -379.332 907.687 180
3 413 -379.391 906.147 180
3 414 -379.368 907.021 180
3 415 -379.737 906.509 180
3 416 -380.476 904.65 180
3 417 -381.074 904.893 180
3 418 -381.906 904.396 180
3 419 -382.661 903.066 180
3 420 -383.438 903.569 180
3 421 -384.862 902.892 180
3 422 -386.513 902.762 180
3 423 -387.8 899.982 180
3 424 -389.246 901.136 180
3 425 -391.409 898.147 180
3 426 -392.553 898.989 180
3 427 -393.608 897.973 180
3 428 -395.185 897.444 180
3 429 -395.99 898.452 180
3 430 -396.518 896.774 180
3 431 -397.984 896.22 180
3 432 -397.984 896.22 180
3 433 -397.984 896.22 180
3 434 -398.707 896.797 180
3 435 -399.221 896.575 180
3 436 -399.882 896.728 180
3 437 -399.15 897.043 180
3 438 -397.984 896.22 180
3 439 -397.994 896.923 180
3 440 -397.984 896.22 180
3 441 -398.24 898.875 180
3 442 -395.806 897.8 180
3 443 -395.833 899.911 180
3 444 -395.161 898.978 180
3 445 -393.644 900.788 180
3 446 -392.544 900.875 180
3 447 -390.895 901.006 180
3 448 -389.73 904.66 180
3 449 -389.263 902.544 180
3 450 -388.847 906.265 180
3 451 -386.612 905.506 180
3 452 -385.496 906.098 180
3 453 -384.353 906.376 180
3 454 -383.393 907.132 180
3 455 -381.375 906.131 180
3 456 -379.991 906.534 180
3 457 -378.906 908.032 180
3 458 -378.047 907.176 180
3 459 -377.596 908.222 180
3 460 -377.196 907.027 180
3 461 -376.854 907.942 180
4 37 634.887 -797.532 180
4 38 634.606 -796.885 180
4 39 632.956 -794.694 180
4 40 631.643 -793.494 180
4 41 629.186 -790.101 180
4 42 629.341 -788.536 180
4 43 626.552 -785.923 180
4 44 624.527 -780.699 180
4 45 620.667 -778.605 180
4 46 618.028 -774.421 180
4 47 614.472 -769.186 180
4 48 613.144 -764.429 180
4 49 611.421 -758.703 180
4 50 608.475 -752.004 180
4 51 606.58 -745.57 180
4 52 603.44 -741.563 180
4 53 601.985 -735.043 180
4 54 599.638 -732.937 180
4 55 595.37 -727.446 180
4 56 591.314 -723.979 180
4 57 588.17 -718.383 180
4 58 584.148 -713.42 180
4 59 578.446 -710.819 180
4 60 574.491 -707.62 180
4 61 569.07 -703.937 180
4 62 564.803 -696.515 180
4 63 559.435 -693.878 180
4 64 554.671 -690.177 180
4 65 551.163 -683.812 180
4 66 547.556 -678.506 180
4 67 542.094 -671.071 180
4 68 539.548 -665.217 180
4 69 535.097 -657.762 180
4 70 531.384 -653.505 180
4 71 527.296 -647.641 180
4 72 522.137 -642.313 180
4 73 518.553 -636.437 180
4 74 515.194 -627.869 180
4 75 511.693 -620.903 180
4 76 508.234 -613.389 180
4 77 503.566 -608.032 180
4 78 500.188 -599.422 180
4 79 496.715 -591.881 180
4 80 492.313 -586.234 180
4 81 489.49 -580.027 180
4 82 484.715 -575.73 180
4 83 479.086 -569.265 180
4 84 473.895 -565.998 180
4 85 467.686 -557.954 180
4 86 460.933 -552.575 180
4 87 455.778 -548.082 180
4 88 450.619 -540.139 180
4 89 445.477 -533.64 180
4 90 441.439 -526.028 180
4 91 437.966 -517.798 180
4 92 434.93 -511.472 180
4 93 430.758 -504.219 180
4 94 425.983 -499.329 180
4 95 422.259 -491.715 180
4 96 419.714 -486.745 180
4 97 414.141 -478.543 180
4 98 409.784 -474.647 180
4 99 406.224 -467.045 180
4 100 402.141 -459.352 180
4 101 399.521 -452.738 180
4 102 395.944 -445.019 180
4 103 390.401 -438.676 180
4 104 387.59 -431.797 180
4 105 382.619 -427.039 180
4 106 378.035 -420.799 180
4 107 374.246 -415.836 180
4 108 368.352 -411.463 180
4 109 363.121 -404.84 180
4 110 356.393 -400.979 180
4 111 350.212 -395.965 180
4 112 346.845 -385.506 180
4 113 342.112 -378.85 180
4 114 339.911 -369.16 180
4 115 336.43 -362.633 180
4 116 332.28 -355.322 180
4 117 331.072 -349.189 180
4 118 325.018 -342.916 180
4 119 323.524 -337.455 180
4 120 319.797 -330.729 180
4 121 315.962 -325.701 180
4 122 313.363 -316.985 180
4 123 311.013 -309.035 180
4 124 309.394 -303.19 180
4 125 305.393 -294.617 180
4 126 303.587 -290.087 180
4 127 300.941 -282.139 180
4 128 298.225 -275.329 180
4 129 294.331 -270.831 180
4 130 290.761 -265.703 180
4 131 287.031 -260.437 180
4 132 285.162 -255.848 180
4 133 279.902 -250.483 180
4 134 276.093 -244.24 180
4 135 274.3 -239.095 180
4 136 272.602 -232.211 180
4 137 271.03 -223.002 180
4 138 270.372 -216.07 180
4 139 268.146 -209.17 180
4 140 268.071 -201.043 180
4 141 267.229 -196.042 180
4 142 266.523 -191.196 180
4 143 264.781 -184.833 180
4 144 264.773 -180.961 180
4 145 264.243 -175.512 180
4 146 263.514 -169.688 180
4 147 262.783 -163.857 180
4 148 260.819 -156.589 180
4 149 260.269 -152.206 180
4 150 257.676 -144.258 180
4 151 256.071 -139.354 180
4 152 254.448 -133.563 180
4 153 253.512 -129.644 180
4 154 250.709 -124.832 180
4 155 246.317 -120.433 180
4 156 243.903 -116.555 180
4 157 241.908 -109.83 180
4 158 240.613 -106.82 180
4 159 239.461 -98.5643 180
4 160 236.978 -95.6765 180
4 161 236.137 -91.5499 180
4 162 234.27 -86.8583 180
4 163 233.985 -82.113 180
4 164 232.542 -80.6541 180
4 165 230.502 -78.0595 180
4 166 230.617 -73.2857 180
4 167 229.316 -67.9171 180
4 168 227.905 -66.8259 180
4 169 224.182 -61.0999 180
4 170 224.405 -57.6893 180
4 171 222.16 -55.0744 180
4 172 219.107 -52.7838 180
4 173 216.17 -48.0965 180
4 174 215.546 -44.8702 180
4 175 211.116 -43.4763 180
4 176 209.233 -38.7476 180
4 177 209.685 -34.8359 180
4 178 206.462 -30.4454 180
4 179 204.46 -28.1122 180
4 180 202.571 -23.3714 180
4 181 201.21 -18.6085 180
4 182 200.851 -15.0109 180
4 183 200.019 -10.2224 180
4 184 200.245 -5.3928 180
4 185 198.295 -1.84169 180
4 186 198.521 2.99601 180
4 187 198.804 9.04988 180
4 188 199.031 13.8985 180
4 189 199.258 18.7518 180
4 190 200.159 26.6684 180
4 191 201.451 31.5737 180
4 192 201.262 38.8629 180
4 193 202.528 43.1711 180
4 194 200.05 48.6512 180
4 195 199.921 52.2773 180
4 196 197.763 58.5209 180
4 197 197.098 63.7129 180
4 198 194.815 64.3473 180
4 199 193.11 69.6772 180
4 200 189.372 75.3499 180
4 201 186.08 80.5922 180
4 202 182.928 82.3286 180
4 203 178.99 87.5164 180
4 204 177.125 93.585 180
4 205 173.12 99.5748 180
4 206 169.062 107.38 180
4 207 168.791 110.486 180
4 208 165.418 118.987 180
4 209 162.137 127.255 180
4 210 157.7 130.28 180
4 211 155.227 134.533 180
4 212 152.385 139.479 180
4 213 148.356 145.509 180
4 214 144.297 150.923 180
4 215 141.408 158.878 180
4 216 137.368 164.926 180
4 217 136.642 173.616 180
4 218 131.203 179.983 180
4 219 127.268 187.398 180
4 220 122.926 192.999 180
4 221 118.377 200.309 180
4 222 116.494 205.57 180
4 223 110.201 211.227 180
4 224 106.086 216.063 180
4 225 103.134 223.47 180
4 226 97.3319 226.349 180
4 227 93.3425 228.899 180
4 228 87.701 233.661 180
4 229 82.1793 238.242 180
4 230 77.9855 241.199 180
4 231 70.7294 247.019 180
4 232 68.0425 254.161 180
4 233 64.0744 259.65 180
4 234 58.714 262.649 180
4 235 53.2759 267.326 180
4 236 48.0945 271.701 180
4 237 40.7585 273.029 180
4 238 36.576 278.259 180
4 239 29.8398 280.644 180
4 240 24.7775 284.157 180
4 241 20.4179 289.071 180
4 242 14.1435 295.117 180
4 243 8.80481 296.125 180
4 244 4.57464 298.459 180
4 245 -1.83626 299.414 180
4 246 -7.62929 303.579 180
4 247 -12.7472 304.724 180
4 248 -19.6326 305.844 180
4 249 -27.9935 303.202 180
4 250 -31.3971 306.529 180
4 251 -40.3117 303.503 180
4 252 -46.677 304.813 180
4 253 -52.2348 307.396 180
4 254 -59.9441 309.235 180
4 255 -64.7058 311.539 180
4 256 -71.5762 315.889 180
4 257 -77.711 317.296 180
4 258 -83.3568 319.123 180
4 259 -89.7329 319.329 180
4 260 -97.6839 321.543 180
4 261 -102.845 324.167 180
4 262 -113.27 325.304 180
4 263 -118.808 329.16 180
4 264 -126.216 332.602 180
4 265 -133.068 337.986 180
4 266 -139.931 342.734 180
4 267 -145.871 344.595 180
4 268 -150.504 349.206 180
4 269 -159.199 353.245 180
4 270 -166.431 352.205 180
4 271 -171.932 355.238 180
4 272 -180.23 354.036 180
4 273 -185.576 357.887 180
4 274 -193.464 359.727 180
4 275 -200.357 360.64 180
4 276 -208.832 362.748 180
4 277 -215.179 366.246 180
4 278 -222.044 373.556 180
4 279 -228.391 378.338 180
4 280 -234.213 382.509 180
4 281 -240.038 385.4 180
4 282 -248.779 388.453 180
4 283 -255.399 391.621 180
4 284 -261.142 396.412 180
4 285 -267.052 396.76 180
4 286 -272.355 402.892 180
4 287 -277.659 407.743 180
4 288 -285.08 411.191 180
4 289 -290.394 417.333 180
4 290 -298.095 423.668 180
4 291 -303.668 426.901 180
4 292 -309.502 429.152 180
4 293 -316.682 435.523 180
4 294 -319.908 438.509 180
4 295 -327.566 441.041 180
4 296 -334.988 443.203 180
4 297 -341.351 445.424 180
4 298 -348.784 445.575 180
4 299 -355.157 452.392 180
4 300 -361.506 453.319 180
4 301 -365.91 460.161 180
4 302 -372.206 465.652 180
4 303 -376.49 470.59 180
4 304 -382.272 475.024 180
4 305 -387.197 481.65 180
4 306 -390.215 486.153 180
4 307 -395.184 490.087 180
4 308 -401.086 492.535 180
4 309 -406.056 497.116 180
4 310 -410.138 501.459 180
4 311 -415.049 507.341 180
4 312 -419.398 514.914 180
4 313 -423.619 518.272 180
4 314 -429.058 523.48 180
4 315 -433.472 531.686 180
4 316 -438.773 534.673 180
4 317 -444.105 536.966 180
4 318 -447.348 540.701 180
4 319 -452.681 542.994 180
4 320 -456.983 546.665 180
4 321 -462.317 548.959 180
4 322 -468.707 551.187 180
4 323 -475.179 557.354 180
4 324 -481.571 559.583 180
4 325 -484.853 564.64 180
4 326 -490.28 570.883 180
4 327 -495.711 577.13 180
4 328 -502.68 582.09 180
4 329 -505.305 589.194 180
4 330 -507.77 594.855 180
4 331 -512.557 595.868 180
4 332 -516.419 602.238 180
4 333 -518.076 604.981 180
4 334 -522.758 611.707 180
4 335 -527.846 615.19 180
4 336 -530.655 620.546 180
4 337 -533.987 626.309 180
4 338 -538.306 629.348 180
4 339 -541.715 637.779 180
4 340 -546.039 640.823 180
4 341 -550.364 643.867 180
4 342 -554.671 646.245 180
4 343 -557.975 649.475 180
4 344 -562.189 649.742 180
4 345 -564.911 652.229 180
4 346 -568.651 653.311 180
4 347 -571.414 657.133 180
4 348 -575.663 657.512 180
4 349 -578.553 658.518 180
4 350 -583.974 657.867 180
4 351 -586.292 662.907 180
4 352 -590.037 663.484 180
4 353 -592.946 668.37 180
4 354 -595.167 671.565 180
4 355 -596.333 674.834 180
4 356 -598.512 676.694 180
4 357 -600.413 677.824 180
4 358 -603.444 681.718 180
4 359 -603.396 683.465 180
4 360 -604.285 691.059 180
4 361 -606.006 694.973 180
4 362 -609.793 698.514 180
4 363 -611.613 704.002 180
4 364 -614.014 705.989 180
4 365 -617.64 709.642 180
4 366 -619.198 714.792 180
4 367 -622.373 714.567 180
4 368 -623.861 720.672 180
4 369 -626.38 722.57 180
4 370 -628.021 727.269 180
4 371 -627.901 729.848 180
4 372 -628.526 732.51 180
4 373 -628.646 735.887 180
4 374 -628.622 735.211 180
4 375 -627.807 741.894 180
4 376 -628.332 742.01 180
4 377 -628.428 744.716 180
4 378 -626.626 748.521 180
4 379 -626.98 748.894 180
4 380 -626.592 752.999 180
4 381 -625 753.115 180
4 382 -622.97 755.982 180
4 383 -622.35 757.436 180
4 384 -621.033 761.568 180
4 385 -619.438 761.685 180
4 386 -619 764.442 180
4 387 -618.058 766.194 180
4 388 -617.545 768.638 180
4 389 -617.059 770.038 180
4 390 -617.082 770.719 180
4 391 -617.176 773.441 180
4 392 -617.479 773.891 180
4 393 -617.246 775.484 180
4 394 -617.246 775.484 180
4 395 -617.802 776.126 180
4 396 -617.293 776.847 180
4 397 -617.246 775.484 180
4 398 -617.825 776.807 180
4 399 -617.802 776.126 180
4 400 -618.358 776.768 180
4 401 -618.679 775.542 180
4 402 -620.393 773.886 180
4 403 -621.99 773.769 180
4 404 -622.428 771.007 180
4 405 -623.492 770.929 180
4 406 -625.866 769.903 180
4 407 -626.587 767.973 180
4 408 -628.01 766.897 180
4 409 -629.68 765.021 180
4 410 -629.632 763.662 180
4 411 -630.604 762.518 180
4 412 -631.66 760.79 180
4 413 -632.075 759.864 180
4 414 -632.143 759.394 180
4 415 -633.687 757.92 180
4 416 -633.687 757.92 180
4 417 -632.143 759.394 180
4 418 -632.192 760.751 180
4 419 -632.674 759.355 180
4 420 -631.362 762.267 180
4 421 -631.362 762.267 180
4 422 -631.178 762.187 180
4 423 -630.115 762.265 180
4 424 -629.584 762.303 180
4 425 -628.57 763.74 180
4 426 -628.57 763.74 180
4 427 -628.57 763.74 180
4 428 -627.99 762.42 180
4 429 -628.038 763.779 180
4 430 -628.57 763.74 180
4 431 -628.038 763.779 180
4 432 -628.038 763.779 180
4 433 -628.038 763.779 180
4 434 -627.555 765.176 180
4 435 -628.618 765.099 180
4 436 -628.57 763.74 180
4 437 -627.555 765.176 180
4 438 -628.902 765.899 180
4 439 -628.618 765.099 180
4 440 -629.68 765.021 180
4 441 -629.68 765.021 180
4 442 -629.475 766.739 180
4 443 -629.68 765.021 180
4 444 -629.68 765.021 180
4 445 -630.26 766.34 180
4 446 -631.806 764.864 180
4 447 -631.779 765.59 180
4 448 -632.13 765.576 180
4 449 -631.777 765.26 180
4 450 -631.935 765.482 180
4 451 -631.946 765.211 180
4 452 -630.743 764.942 180
4 453 -630.743 764.942 180
4 454 -630.743 764.942 180
4 455 -630.164 763.623 180
4 456 -630.743 764.942 180
4 457 -630.743 764.942 180
4 458 -630.212 764.981 180
4 459 -630.84 767.661 180
4 460 -630.84 767.661 180
4 461 -630.84 767.661 180
5 37 -778.07 -649.962 180
5 38 -777.531 -651.471 180
5 39 -777.542 -650.02 180
5 40 -775.78 -650.454 180
5 41 -775.909 -649.275 180
5 42 -775.294 -648.576 180
5 43 -774.143 -647.42 180
5 44 -774.2 -646.411 180
5 45 -772.557 -645.837 180
5 46 -770.75 -643.364 180
5 47 -770.003 -642.147 180
5 48 -769.22 -638.899 180
5 49 -766.504 -638.286 180
5 50 -765.257 -636.256 180
5 51 -762.25 -633.201 180
5 52 -761.343 -633.195 180
5 53 -756.118 -629.109 180
5 54 -751.524 -627.082 180
5 55 -747.221 -625.501 180
5 56 -742.862 -621.917 180
5 57 -735.994 -620.508 180
5 58 -730.32 -617.763 180
5 59 -723.075 -616.694 180
5 60 -715.925 -613.587 180
5 61 -708.791 -609.966 180
5 62 -702.154 -605.322 180
5 63 -697.413 -599.15 180
5 64 -691.238 -593.98 180
5 65 -687.034 -585.738 180
5 66 -680.137 -580.961 180
5 67 -675.598 -574.323 180
5 68 -670.018 -569.922 180
5 69 -664.906 -565.973 180
5 70 -657.746 -560.738 180
5 71 -649.626 -556.002 180
5 72 -641.491 -551.256 180
5 73 -633.319 -547.022 180
5 74 -624.33 -539.651 180
5 75 -616.975 -537.49 180
5 76 -608.275 -533.748 180
5 77 -600.9 -530.109 180
5 78 -591.357 -524.683 180
5 79 -584.089 -518.844 180
5 80 -575.871 -512.983 180
5 81 -568.141 -506.064 180
5 82 -560.41 -498.604 180
5 83 -551.72 -492.042 180
5 84 -542.589 -486.866 180
5 85 -533.648 -481.364 180
5 86 -523.436 -475.4 180
5 87 -512.683 -471.007 180
5 88 -501.993 -463.416 180
5 89 -491.67 -459.009 180
5 90 -479.279 -454.264 180
5 91 -469.058 -450.14 180
5 92 -459.625 -445.721 180
5 93 -448.945 -439.828 180
5 94 -438.88 -432.536 180
5 95 -428.519 -423.23 180
5 96 -419.55 -414.998 180
5 97 -409.158 -404.017 180
5 98 -400.366 -397.746 180
5 99 -391.543 -389.615 180
5 100 -380.038 -382.884 180
5 101 -370.429 -377.263 180
5 102 -359.616 -369.773 180
5 103 -347.78 -362.638 180
5 104 -337.147 -354.762 180
5 105 -326.948 -350.172 180
5 106 -315.565 -344.56 180
5 107 -305.521 -339.845 180
5 108 -295.235 -332.124 180
5 109 -285.989 -322.324 180
5 110 -276.804 -312.752 180
5 111 -267.002 -302.629 180
5 112 -259.697 -295.931 180
5 113 -252.534 -286.565 180
5 114 -243.131 -281.881 180
5 115 -234.693 -273.848 180
5 116 -223.748 -264.614 180
5 117 -215.771 -258.803 180
5 118 -205.774 -250.676 180
5 119 -196.771 -245.943 180
5 120 -187.752 -241.202 180
5 121 -178.707 -235.319 180
5 122 -171.659 -230.609 180
5 123 -162.079 -224.692 180
5 124 -155.286 -217.206 180
5 125 -147.839 -208.388 180
5 126 -140.225 -203.051 180
5 127 -134.11 -197.746 180
5 128 -126.724 -192.478 180
5 129 -119.207 -187.404 180
5 130 -111.23 -180.276 180
5 131 -103.46 -175.693 180
5 132 -95.2767 -171.437 180
5 133 -89.0482 -167.587 180
5 134 -81.5675 -162.45 180
5 135 -76.7483 -158.223 180
5 136 -71.566 -153.449 180
5 137 -64.3353 -148.609 180
5 138 -60.1217 -142.108 180
5 139 -54.7006 -136.839 180
5 140 -51.2357 -132.551 180
5 141 -47.0778 -129.519 180
5 142 -42.9027 -125.9 180
5 143 -37.6974 -122.247 180
5 144 -31.4591 -118.558 180
5 145 -27.2957 -116.096 180
5 146 -23.0719 -111.291 180
5 147 -20.4866 -110.627 180
5 148 -16.7398 -104.658 180
5 149 -14.0918 -101.646 180
5 150 -10.8512 -95.6782 180
5 151 -8.65269 -90.3222 180
5 152 -6.5644 -83.3512 180
5 153 -4.98365 -78.1397 180
5 154 -5.14203 -74.3123 180
5 155 -2.91901 -68.3386 180
5 156 -0.878175 -65.0617 180
5 157 0.437298 -58.7694 180
5 158 4.71025 -53.891 180
5 159 8.0162 -46.665 180
5 160 13.8926 -40.5288 180
5 161 18.8086 -35.6275 180
5 162 24.5659 -30.6454 180
5 163 28.316 -26.9407 180
5 164 35.7562 -21.9108 180
5 165 41.1569 -15.7479 180
5 166 45.4655 -11.4092 180
5 167 50.9395 -3.42724 180
5 168 56.3865 3.0466 180
5 169 61.6499 12.2764 180
5 170 64.7048 17.5061 180
5 171 69.4614 26.4264 180
5 172 73.5178 29.8981 180
5 173 77.4499 37.3018 180
5 174 84.0259 44.818 180
5 175 90.5076 49.3092 180
5 176 97.5031 57.5353 180
5 177 105.244 62.6398 180
5 178 111.736 66.5455 180
5 179 118.584 72.6067 180
5 180 126.458 77.4952 180
5 181 131.989 83.2179 180
5 182 139.705 89.1265 180
5 183 146.326 96.0484 180
5 184 150.949 104.84 180
5 185 157.081 111.245 180
5 186 162.313 121.33 180
5 187 168.522 129.003 180
5 188 173.134 136.626 180
5 189 177.108 141.753 180
5 190 183.238 146.977 180
5 191 189.434 153.457 180
5 192 197.315 161.265 180
5 193 205.155 167.84 180
5 194 212.95 173.175 180
5 195 220.699 177.264 180
5 196 224.128 181.171 180
5 197 230.934 187.738 180
5 198 236.566 190.696 180
5 199 242.605 200.318 180
5 200 248.012 207.522 180
5 201 253.549 217.074 180
5 202 259.97 225.585 180
5 203 263.891 233.36 180
5 204 269.154 242.872 180
5 205 271.317 249.105 180
5 206 277.021 259.402 180
5 207 281.249 263.604 180
5 208 287.072 273.286 180
5 209 293.976 278.249 180
5 210 300.321 286.013 180
5 211 307.362 292.848 180
5 212 315.45 299.67 180
5 213 322.3 303.868 180
5 214 329.235 309.364 180
5 215 335.15 316.111 180
5 216 345.168 321.58 180
5 217 351.532 331.163 180
5 218 356.373 337.894 180
5 219 364.885 350.026 180
5 220 371.019 357.727 180
5 221 374.62 363.563 180
5 222 380.619 370.406 180
5 223 386.544 375.949 180
5 224 392.479 381.499 180
5 225 401.959 389.872 180
5 226 411.514 396.843 180
5 227 419.597 402.647 180
5 228 427.745 407.037 180
5 229 435.904 411.434 180
5 230 444.122 416.501 180
5 231 451.79 420.771 180
5 232 460.645 427.325 180
5 233 467.913 434.355 180
5 234 475.291 442.734 180
5 235 482.686 451.132 180
5 236 488.145 456.102 180
5 237 494.848 462.485 180
5 238 500.214 469.806 180
5 239 506.949 472.528 180
5 240 516.695 481.123 180
5 241 526.154 485.688 180
5 242 533.337 490.13 180
5 243 542.824 494.709 180
5 244 551.492 499.586 180
5 245 560.587 502.469 180
5 246 566.913 502.833 180
5 247 574.669 506.656 180
5 248 582.778 513.409 180
5 249 590.719 520.443 180
5 250 598.103 526.3 180
5 251 605.24 532.491 180
5 252 610.999 535.889 180
5 253 618.789 540.163 180
5 254 622.654 544.067 180
5 255 630.318 545.885 180
5 256 639.338 552.573 180
5 257 646.973 557.803 180
5 258 655.922 562.034 180
5 259 661.568 565.523 180
5 260 668.57 565.944 180
5 261 674.657 569.053 180
5 262 680.5 569.405 180
5 263 685.295 574.156 180
5 264 692.896 577.708 180
5 265 696.985 584.148 180
5 266 700.888 588.518 180
5 267 704.795 592.893 180
5 268 708.447 594.496 180
5 269 711.187 598.806 180
5 270 713.929 603.12 180
5 271 717.797 604.837 180
5 272 718.835 609.012 180
5 273 721.516 612.238 180
5 274 726.754 614.989 180
5 275 731.868 619.467 180
5 276 735.541 621.084 180
5 277 740.397 622.776 180
5 278 742.894 624.321 180
5 279 746.708 627.339 180
5 280 750.255 627.561 180
5 281 755.258 630.657 180
5 282 756.654 632.068 180
5 283 759.351 632.343 180
5 284 763.818 633.979 180
5 285 766.602 635.465 180
5 286 770.718 632.324 180
5 287 775.388 631.921 180
5 288 776.886 629.23 180
5 289 779.85 629.416 180
5 290 782.743 628.901 180
5 291 784.76 627.863 180
5 292 787.117 624.479 180
5 293 788.72 622.733 180
5 294 789.815 623.08 180
5 295 791.926 623.559 180
5 296 792.78 623.265 180
5 297 793.818 623.051 180
5 298 794.417 621.975 180
5 299 795.534 623.115 180
5 300 796.409 624.187 180
5 301 797.216 626.325 180
5 302 796.694 626.989 180
5 303 796.979 629.792 180
5 304 795.417 630.669 180
5 305 796.6 631.859 180
5 306 795.222 632.817 180
5 307 794.226 635.91 180
5 308 793.386 635.771 180
5 309 792.087 636.803 180
5 310 790.045 637.023 180
5 311 788.738 638.685 180
5 312 788.285 638.531 180
5 313 786.283 638.321 180
5 314 786.625 638.203 180
5 315 786.336 637.212 180
5 316 786.625 638.203 180
5 317 787.447 636.999 180
5 318 788.857 636.949 180
5 319 790.547 636.626 180
5 320 790.806 632.889 180
5 321 792.8 635.105 180
5 322 791.993 632.963 180
5 323 793.18 633.038 180
5 324 793.038 631.635 180
5 325 793.038 631.635 180
5 326 794.225 631.71 180
5 327 794.225 631.71 180
5 328 794.225 631.71 180
5 329 794.225 631.71 180
5 330 794.225 631.71 180
5 331 794.225 631.71 180
5 332 794.225 631.71 180
5 333 793.038 631.635 180
5 334 792.445 631.598 180
5 335 791.851 631.561 180
5 336 791.851 631.561 180
5 337 789.761 634.217 180
5 338 789.761 634.217 180
5 339 788.122 635.508 180
5 340 787.529 635.471 180
5 341 786.484 636.799 180
5 342 785.297 636.724 180
5 343 783.205 639.382 180
5 344 782.471 637.941 180
5 345 782.159 640.711 180
5 346 781.425 639.27 180
5 347 780.079 640.193 180
5 348 779.052 639.12 180
5 349 777.133 637.604 180
5 350 776.993 636.202 180
5 351 776.853 634.799 180
5 352 776.853 634.799 180
5 353 776.713 633.397 180
5 354 776.713 633.397 180
5 355 777.259 631.314 180
5 356 777.549 629.967 180
5 357 781.175 630.891 180
5 358 781.175 630.891 180
5 359 782.08 628.163 180
5 360 783.266 628.237 180
5 361 784.31 626.911 180
5 362 785.203 626.41 180
5 363 786.682 627.059 180
5 364 786.682 627.059 180
5 365 787.867 627.133 180
5 366 789.195 628.608 180
5 367 788.912 625.806 180
5 368 790.012 628.413 180
5 369 789.054 627.207 180
5 370 789.93 630.047 180
5 371 789.336 630.01 180
5 372 789.336 630.01 180
5 373 790.213 632.851 180
5 374 789.407 630.711 180
5 375 788.433 632.74 180
5 376 788.433 632.74 180
5 377 788.574 634.142 180
5 378 788.176 634.166 180
5 379 786.342 635.396 180
5 380 786.484 636.799 180
5 381 786.484 636.799 180
5 382 785.438 638.128 180
5 383 785.438 638.128 180
5 384 784.905 639.28 180
5 385 784.844 638.091 180
5 386 785.327 639.377 180
5 387 785.042 638.65 180
5 388 784.404 637.226 180
5 389 784.192 635.121 180
5 390 782.642 633.769 180
5 391 784.488 635.012 180
5 392 784.422 633.881 180
5 393 785.015 633.919 180
5 394 786.583 631.927 180
5 395 787.399 631.839 180
5 396 787.757 631.064 180
5 397 788.15 629.936 180
5 398 789.336 630.01 180
5 399 790.149 627.554 180
5 400 790.978 627.701 180
5 401 791.426 627.355 180
5 402 793.799 627.504 180
5 403 796.312 630.769 180
5 404 796.172 627.652 180
5 405 797.072 630.004 180
5 406 797.644 630.53 180
5 407 797.787 631.933 180
5 408 799.117 633.411 180
5 409 799.26 634.814 180
5 410 797.93 633.336 180
5 411 798.519 634.488 180
5 412 797.93 633.336 180
5 413 797.787 631.933 180
5 414 797.93 633.336 180
5 415 797.93 633.336 180
5 416 795.555 633.187 180
5 417 797.289 635.736 180
5 418 795.555 633.187 180
5 419 795.626 633.888 180
5 420 796.477 635.297 180
5 421 796.147 635.649 180
5 422 795.84 635.993 180
5 423 794.51 634.515 180
5 424 795.982 637.397 180
5 425 795.84 635.993 180
5 426 794.795 637.323 180
5 427 793.678 637.95 180
5 428 792.561 638.577 180
5 429 790.328 639.831 180
5 430 790.328 639.831 180
5 431 790.718 639.955 180
5 432 790.328 639.831 180
5 433 790.186 638.427 180
5 434 791.374 638.502 180
5 435 790.186 638.427 180
5 436 790.045 637.023 180
5 437 790.045 637.023 180
5 438 789.451 636.986 180
5 439 789.451 636.986 180
5 440 791.232 637.098 180
5 441 790.045 637.023 180
5 442 791.232 637.098 180
5 443 790.638 637.061 180
5 444 792.348 636.471 180
5 445 790.638 637.061 180
5 446 792.348 636.471 180
5 447 790.638 637.061 180
5 448 792.13 636.531 180
5 449 792.128 635.223 180
5 450 791.755 636.434 180
5 451 791.09 635.695 180
5 452 791.831 636.02 180
5 453 791.09 635.695 180
5 454 791.684 635.732 180
5 455 792.277 635.769 180
5 456 792.277 635.769 180
5 457 792.277 635.769 180
5 458 792.277 635.769 180
5 459 791.991 637.369 180
5 460 791.991 637.369 180
5 461 792.077 636.937 180
6 37 969.193 -307.368 180
6 38 966.973 -307.132 180
6 39 962.512 -308.03 180
6 40 959.439 -306.338 180
6 41 956.593 -302.885 180
6 42 952.42 -301.215 180
6 43 946.848 -301.915 180
6 44 941.503 -300.855 180
6 45 935.862 -302.141 180
6 46 931.471 -302.232 180
6 47 926.131 -301.172 180
6 48 915.106 -299.576 180
6 49 914.505 -297.904 180
6 50 906.977 -296.891 180
6 51 902.191 -295.821 180
6 52 894.895 -294.558 180
6 53 890.574 -292.555 180
6 54 884.546 -290.131 180
6 55 877.711 -289.527 180
6 56 871.662 -287.117 180
6 57 866.013 -284.452 180
6 58 859.711 -281.508 180
6 59 853.43 -279.301 180
6 60 844.011 -275.992 180
6 61 839.096 -271.411 180
6 62 834.043 -268.004 180
6 63 826.805 -264.646 180
6 64 819.433 -262.464 180
6 65 811.589 -261.678 180
6 66 803.339 -260.479 180
6 67 795.974 -258.299 180
6 68 786.173 -258.521 180
6 69 778.555 -258.694 180
6 70 771.199 -256.516 180
6 71 762.756 -254.363 180
6 72 755.245 -251.228 180
6 73 746.785 -246.412 180
6 74 740.831 -244.014 180
6 75 733.842 -240.949 180
6 76 726.49 -238.772 180
6 77 714.562 -239.054 180
6 78 710.128 -235.671 180
6 79 702.291 -233.438 180
6 80 693.773 -230.363 180
6 81 685.072 -228.598 180
6 82 679.279 -224.623 180
6 83 669.526 -222.392 180
6 84 662.179 -219.631 180
6 85 655.525 -219.324 180
6 86 648.003 -216.275 180
6 87 640.43 -216.051 180
6 88 632.706 -215.771 180
6 89 624.136 -215.396 180
6 90 617.887 -213.2 180
6 91 608.301 -212.263 180
6 92 600.873 -211.274 180
6 93 592.583 -207.955 180
6 94 587.416 -205.733 180
6 95 579.767 -201.221 180
6 96 571.043 -201.408 180
6 97 564.646 -196.311 180
6 98 555.715 -194.493 180
6 99 549.042 -190.827 180
6 100 540.606 -189.28 180
6 101 534.367 -187.087 180
6 102 527.841 -184.631 180
6 103 518.725 -182.196 180
6 104 511.655 -177.079 180
6 105 504.347 -174.915 180
6 106 496.946 -173.934 180
6 107 488.572 -171.8 180
6 108 482.156 -171.973 180
6 109 473.697 -171.022 180
6 110 466.156 -170.531 180
6 111 458.207 -168.141 180
6 112 449.326 -169.325 180
6 113 442.14 -165.171 180
6 114 435.986 -162.615 180
6 115 428.782 -159.275 180
6 116 423.793 -154.693 180
6 117 416.42 -153.717 180
6 118 410.239 -150.938 180
6 119 404.058 -148.159 180
6 120 396.772 -146.002 180
6 121 390.55 -143.815 180
6 122 384.474 -141.069 180
6 123 378.037 -137.658 180
6 124 371.72 -135.486 180
6 125 365.979 -130.327 180
6 126 358.553 -129.892 180
6 127 353.445 -129.39 180
6 128 346.031 -127.357 180
6 129 339.667 -127.543 180
6 130 331.187 -127.79 180
6 131 324.795 -128.568 180
6 132 317.421 -128.192 180
6 133 311.213 -126.009 180
6 134 303.741 -127.409 180
6 135 298.244 -126.873 180
6 136 292.125 -124.524 180
6 137 287.177 -121.987 180
6 138 281.502 -119.79 180
6 139 275.041 -118.308 180
6 140 269.035 -116.614 180
6 141 263.653 -114.882 180
6 142 256.454 -112.695 180
6 143 251.379 -108.578 180
6 144 245.819 -107.846 180
6 145 239.621 -105.667 180
6 146 232.918 -101.233 180
6 147 227.465 -102.002 180
6 148 219.982 -99.2915 180
6 149 214.43 -97.0541 180
6 150 210.742 -94.7069 180
6 151 204.744 -95.4203 180
6 152 201.396 -95.4265 180
6 153 197.077 -95.1287 180
6 154 192.904 -94.6654 180
6 155 190.202 -88.7117 180
6 156 186.264 -90.1842 180
6 157 182.759 -87.2796 180
6 158 178.667 -85.0364 180
6 159 177.751 -82.1 180
6 160 173.791 -80.3858 180
6 161 172.484 -78.6515 180
6 162 169.065 -77.0338 180
6 163 166.131 -77.0084 180
6 164 163.396 -74.8393 180
6 165 162.194 -73.0676 180
6 166 158.527 -73.2929 180
6 167 154.576 -72.5818 180
6 168 150.714 -75.0059 180
6 169 145.389 -74.701 180
6 170 142.101 -75.2732 180
6 171 137.777 -76.6574 180
6 172 132.467 -77.6977 180
6 173 128.58 -79.2668 180
6 174 124.366 -79.9476 180
6 175 118.085 -83.3874 180
6 176 114.952 -83.4861 180
6 177 110.777 -83.6177 180
6 178 105.302 -82.0611 180
6 179 101.376 -82.0042 180
6 180 97.9957 -82.7201 180
6 181 94.3611 -81.0338 180
6 182 90.2593 -82.1959 180
6 183 85.747 -81.8067 180
6 184 81.7805 -82.2017 180
6 185 77.5347 -81.712 180
6 186 71.8323 -81.3017 180
6 187 71.3524 -80.1352 180
6 188 65.5926 -81.4994 180
6 189 62.1148 -81.7892 180
6 190 57.798 -81.7465 180
6 191 54.2552 -82.8503 180
6 192 50.4343 -84.9299 180
6 193 45.5577 -87.3878 180
6 194 42.0431 -88.1419 180
6 195 38.274 -90.1629 180
6 196 32.6456 -90.7927 180
6 197 29.4176 -91.5047 180
6 198 26.8994 -92.7379 180
6 199 22.812 -91.1005 180
6 200 18.1572 -91.2462 180
6 201 15.0883 -90.1655 180
6 202 13.2943 -89.67 180
6 203 10.7573 -90.6473 180
6 204 8.61622 -88.9047 180
6 205 6.35091 -88.6748 180
6 206 2.7506 -88.1997 180
6 207 -2.65951 -88.3005 180
6 208 -5.46479 -86.6934 180
6 209 -6.76292 -87.0285 180
6 210 -9.7905 -84.8355 180
6 211 -16.2416 -84.6807 180
6 212 -19.3072 -83.6011 180
6 213 -23.9906 -85.514 180
6 214 -27.0688 -85.0236 180
6 215 -31.1768 -84.5656 180
6 216 -35.3243 -85.8726 180
6 217 -38.1625 -86.2562 180
6 218 -44.073 -85.1751 180
6 219 -48.627 -82.7678 180
6 220 -52.7168 -81.7224 180
6 221 -55.8058 -78.0462 180
6 222 -60.3939 -76.2226 180
6 223 -64.9244 -75.6446 180
6 224 -68.853 -72.7 180
6 225 -73.0092 -70.8684 180
6 226 -79.6814 -68.4709 180
6 227 -81.3885 -63.5197 180
6 228 -86.2798 -60.7508 180
6 229 -90.2235 -57.7966 180
6 230 -94.3124 -53.6249 180
6 231 -102.456 -49.1732 180
6 232 -104.679 -43.6344 180
6 233 -109.605 -40.674 180
6 234 -115.856 -39.1043 180
6 235 -121.811 -39.1882 180
6 236 -126.26 -35.8819 180
6 237 -131.18 -32.3609 180
6 238 -136.961 -31.9909 180
6 239 -142.034 -28.2676 180
6 240 -147.575 -25.9149 180
6 241 -153.439 -26.0704 180
6 242 -157.926 -19.9436 180
6 243 -163.617 -19.3148 180
6 244 -168.3 -13.7883 180
6 245 -172.761 -10.7388 180
6 246 -176.182 -9.41028 180
6 247 -180.915 -5.68419 180
6 248 -184.475 -2.24612 180
6 249 -188.548 1.17479 180
6 250 -195.348 4.5508 180
6 251 -199.288 3.16671 180
6 252 -202.346 5.43521 180
6 253 -209.254 9.7615 180
6 254 -214.209 11.6418 180
6 255 -219.448 14.038 180
6 256 -225.844 12.911 180
6 257 -232.857 12.2439 180
6 258 -237.594 13.6711 180
6 259 -243.721 13.4467 180
6 260 -252.171 12.8615 180
6 261 -257.78 13.7521 180
6 262 -263.581 14.4384 180
6 263 -269.504 16.2254 180
6 264 -275.232 17.9982 180
6 265 -282.081 20.7055 180
6 266 -286.969 21.023 180
6 267 -293.413 24.6301 180
6 268 -300.303 27.4191 180
6 269 -306.915 27.7669 180
6 270 -312.519 29.9377 180
6 271 -319.698 30.6299 180
6 272 -326.134 35.9507 180
6 273 -331.875 37.5443 180
6 274 -336.822 40.3606 180
6 275 -346.711 41.731 180
6 276 -354.626 43.0256 180
6 277 -360.633 45.3808 180
6 278 -366.445 45.7586 180
6 279 -374.589 49.0215 180
6 280 -381.563 48.767 180
6 281 -388.478 50.4261 180
6 282 -396.543 50.6174 180
6 283 -404.002 53.8443 180
6 284 -410.576 54.1849 180
6 285 -418.24 57.0955 180
6 286 -426.194 60.4869 180
6 287 -431.437 63.5053 180
6 288 -437.67 65.4851 180
6 289 -446.238 68.7903 180
6 290 -453.792 70.8172 180
6 291 -459.119 73.4508 180
6 292 -464.497 74.6799 180
6 293 -474.608 79.1024 180
6 294 -482.439 82.8724 180
6 295 -488.44 89.3059 180
6 296 -495.555 92.0083 180
6 297 -502.147 92.795 180
6 298 -510.771 96.7733 180
6 299 -517.851 98.2786 180
6 300 -524.88 97.9893 180
6 301 -532.176 100.203 180
6 302 -540.047 101.554 180
6 303 -546.115 103.099 180
6 304 -553.202 105.2 180
6 305 -559.304 107.94 180
6 306 -567.286 110.51 180
6 307 -574.178 113.849 180
6 308 -579.671 117.875 180
6 309 -586.299 121.628 180
6 310 -591.271 124.643 180
6 311 -597.544 127.918 180
6 312 -604.149 130.639 180
6 313 -609.233 132.824 180
6 314 -615.339 135.566 180
6 315 -620.836 138.094 180
6 316 -625.725 142.815 180
6 317 -633.65 145.737 180
6 318 -640.501 149.606 180
6 319 -644.847 148.72 180
6 320 -652.924 150.774 180
6 321 -657.108 155.408 180
6 322 -663.551 154.637 180
6 323 -669.485 158.778 180
6 324 -674.181 157.665 180
6 325 -681.204 158.559 180
6 326 -687.531 163.232 180
6 327 -690.844 162.348 180
6 328 -699.435 164.977 180
6 329 -706.56 168.275 180
6 330 -709.625 169.947 180
6 331 -713.712 172.176 180
6 332 -720.192 177.617 180
6 333 -724.801 179.846 180
6 334 -731.118 182.253 180
6 335 -736.143 183.232 180
6 336 -739.815 188.828 180
6 337 -745.805 191.53 180
6 338 -751.012 192.85 180
6 339 -757.549 197.488 180
6 340 -764.873 200.659 180
6 341 -769.959 202.845 180
6 342 -774.274 205.68 180
6 343 -778.815 208.397 180
6 344 -786.272 210.565 180
6 345 -791.358 212.751 180
6 346 -794.898 213.172 180
6 347 -800.778 216.066 180
6 348 -807.406 215.631 180
6 349 -813.52 218.762 180
6 350 -818.182 220.215 180
6 351 -823.653 221.443 180
6 352 -829.652 223.066 180
6 353 -834.876 227.672 180
6 354 -838.478 229.929 180
6 355 -843.068 232.138 180
6 356 -845.992 234.663 180
6 357 -850.238 236.047 180
6 358 -853.384 238.935 180
6 359 -857.409 239.956 180
6 360 -860.892 241.769 180
6 361 -865.532 243.21 180
6 362 -870.767 247.825 180
6 363 -874.942 251.275 180
6 364 -879.552 253.11 180
6 365 -883.068 254.53 180
6 366 -886.106 255.599 180
6 367 -890.851 256.279 180
6 368 -893.09 256.472 180
6 369 -897.864 253.798 180
6 370 -901.924 255.425 180
6 371 -904.762 253.457 180
6 372 -906.732 253.359 180
6 373 -909.899 254.139 180
6 374 -912.866 252.751 180
6 375 -916.576 252.872 180
6 376 -918.423 250.955 180
6 377 -922.969 252.556 180
6 378 -923.986 252.155 180
6 379 -926.41 252.385 180
6 380 -927.885 252.313 180
6 381 -929.641 251.683 180
6 382 -930.26 250.979 180
6 383 -932.225 250.882 180
6 384 -933.78 252.021 180
6 385 -936.318 253.111 180
6 386 -937.3 253.063 180
6 387 -939.743 253.316 180
6 388 -941.608 253.35 180
6 389 -943.274 253.983 180
6 390 -945.74 253.296 180
6 391 -946.302 255.049 180
6 392 -947.242 254.394 180
6 393 -949.246 254.903 180
6 394 -949.777 254.729 180
6 395 -949.246 254.903 180
6 396 -951.377 257.23 180
6 397 -951.781 259.56 180
6 398 -952.878 261.111 180
6 399 -951.5 262.28 180
6 400 -951.798 263.296 180
6 401 -949.961 265.216 180
6 402 -949.961 265.216 180
6 403 -948.698 268.328 180
6 404 -949.105 267.088 180
6 405 -948.438 270.758 180
6 406 -948.009 272.633 180
6 407 -946.359 275.676 180
6 408 -945.813 277.226 180
6 409 -945.229 276.682 180
6 410 -944.41 277.448 180
6 411 -944.429 279.628 180
6 412 -944.845 280.43 180
6 413 -944.986 278.895 180
6 414 -944.845 280.43 180
6 415 -944.469 281.32 180
6 416 -945.955 282.208 180
6 417 -946.756 283.085 180
6 418 -947.923 282.108 180
6 419 -948.148 281.79 180
6 420 -949.624 281.715 180
6 421 -950.341 281.373 180
6 422 -950.789 281.022 180
6 423 -951.787 277.327 180
6 424 -952.715 280.029 180
6 425 -952.728 276.668 180
6 426 -953.203 279.136 180
6 427 -954.202 276.594 180
6 428 -954.202 276.594 180
6 429 -954.694 276.569 180
6 430 -955.436 278.73 180
6 431 -955.762 277.736 180
6 432 -956.253 277.711 180
6 433 -956.83 278.903 180
6 434 -956.872 279.512 180
6 435 -956.915 280.121 180
6 436 -957.448 281.787 180
6 437 -957.327 282.939 180
6 438 -957.17 283.776 180
6 439 -957.159 287.142 180
6 440 -954.903 286.104 180
6 441 -955.288 285.096 180
6 442 -955.288 285.096 180
6 443 -954.796 285.121 180
6 444 -953.321 285.196 180
6 445 -954.005 284.997 180
6 446 -953.77 284.562 180
6 447 -953.77 284.562 180
6 448 -953.813 285.171 180
6 449 -954.005 284.997 180
6 450 -952.981 285.583 180
6 451 -953.203 285.086 180
6 452 -953.77 284.562 180
6 453 -953.77 284.562 180
6 454 -954.711 283.902 180
6 455 -955.246 284.486 180
6 456 -955.61 282.633 180
6 457 -956.532 282.119 180
6 458 -957 281.339 180
6 459 -956.915 280.121 180
6 460 -957.898 280.071 180
6 461 -958.88 280.021 180
7 37 -947.21 -299.038 180
7 38 -946.173 -299.631 180
7 39 -945.13 -299.975 180
7 40 -944.205 -299.954 180
7 41 -942.315 -300.452 180
7 42 -940.503 -299.871 180
7 43 -937.47 -300.776 180
7 44 -934.756 -299.719 180
7 45 -932.198 -301.533 180
7 46 -928.885 -300.149 180
7 47 -924.171 -300.595 180
7 48 -920.001 -301.031 180
7 49 -914.473 -300.366 180
7 50 -910.648 -301.903 180
7 51 -906.005 -301.799 180
7 52 -898.377 -302.418 180
7 53 -893.5 -299.568 180
7 54 -887.526 -299.986 180
7 55 -882.37 -298.775 180
7 56 -878.287 -298.465 180
7 57 -873.7 -297.277 180
7 58 -868.107 -297.15 180
7 59 -863.444 -297.044 180
7 60 -858.528 -297.205 180
7 61 -853.974 -299.002 180
7 62 -847.904 -298.865 180
7 63 -841.73 -300.356 180
7 64 -837.925 -301.356 180
7 65 -830.501 -301.06 180
7 66 -823.732 -303.754 180
7 67 -818.202 -302.088 180
7 68 -811.061 -304.015 180
7 69 -805.875 -304.443 180
7 70 -801.188 -304.339 180
7 71 -793.685 -304.172 180
7 72 -787.651 -303.81 180
7 73 -780.281 -303.167 180
7 74 -776.483 -302.375 180
7 75 -771.191 -301.539 180
7 76 -762.88 -303.619 180
7 77 -758.566 -308.008 180
7 78 -751.973 -309.779 180
7 79 -747.265 -309.675 180
7 80 -742 -311.193 180
7 81 -736.084 -310.628 180
7 82 -733.427 -311.332 180
7 83 -728.193 -313.613 180
7 84 -724.673 -314.32 180
7 85 -720.484 -316.71 180
7 86 -714.967 -319.616 180
7 87 -712.146 -323.208 180
7 88 -706.721 -327.83 180
7 89 -700.294 -331.583 180
7 90 -697.548 -335.855 180
7 91 -692.252 -339.628 180
7 92 -685.816 -344.643 180
7 93 -679.904 -348.336 180
7 94 -674.354 -353.721 180
7 95 -667.674 -355.212 180
7 96 -662.277 -357.593 180
7 97 -655.72 -359.465 180
7 98 -649.043 -362.384 180
7 99 -642.819 -363.248 180
7 100 -635.49 -367.018 180
7 101 -628.604 -369.685 180
7 102 -619.662 -372.118 180
7 103 -612.888 -375.77 180
7 104 -605.309 -375.629 180
7 105 -598.266 -376.783 180
7 106 -591.956 -377.541 180
7 107 -585.312 -377.418 180
7 108 -577.222 -377.809 180
7 109 -571.008 -378.774 180
7 110 -564.581 -380.126 180
7 111 -558.419 -382.325 180
7 112 -549.5 -381.622 180
7 113 -542.767 -383.66 180
7 114 -534.127 -385.665 180
7 115 -526.349 -387.47 180
7 116 -517.942 -387.752 180
7 117 -511.025 -389.606 180
7 118 -503.228 -389.24 180
7 119 -496.768 -389.86 180
7 120 -489.139 -389.259 180
7 121 -481.022 -387.956 180
7 122 -472.827 -387.603 180
7 123 -464.71 -386.884 180
7 124 -456.845 -386.634 180
7 125 -449.856 -387.398 180
7 126 -442.319 -387.946 180
7 127 -435.427 -389.808 180
7 128 -425.076 -389.656 180
7 129 -417.315 -390.191 180
7 130 -409.406 -388.846 180
7 131 -399.305 -387.037 180
7 132 -391.707 -386.325 180
7 133 -384.831 -383.929 180
7 134 -376.531 -384.78 180
7 135 -370.262 -383.035 180
7 136 -362.494 -383.004 180
7 137 -355.809 -384.626 180
7 138 -348.33 -383.936 180
7 139 -340.151 -385.925 180
7 140 -331.788 -387.629 180
7 141 -322.655 -389.058 180
7 142 -315.969 -388.82 180
7 143 -307.209 -389.755 180
7 144 -299.432 -387.436 180
7 145 -291.64 -386.751 180
7 146 -284.821 -384.445 180
7 147 -277.505 -383.221 180
7 148 -269.207 -379.79 180
7 149 -263.339 -381.873 180
7 150 -255.513 -378.995 180
7 151 -248.66 -379.418 180
7 152 -240.938 -377.81 180
7 153 -232.444 -377.173 180
7 154 -225.481 -378.275 180
7 155 -218.248 -376.673 180
7 156 -210.346 -374.464 180
7 157 -202.991 -373.099 180
7 158 -196.675 -370.563 180
7 159 -189.096 -368.86 180
7 160 -182.029 -369.137 180
7 161 -175.854 -368.196 180
7 162 -167.949 -367.498 180
7 163 -161.483 -370.001 180
7 164 -154.139 -369.998 180
7 165 -146.225 -369.852 180
7 166 -138.319 -370.809 180
7 167 -130.386 -370.111 180
7 168 -122.975 -371.63 180
7 169 -116.088 -370.643 180
7 170 -107.568 -369.691 180
7 171 -98.5971 -367.867 180
7 172 -92.1524 -368.854 180
7 173 -87.1377 -366.549 180
7 174 -79.1717 -366.401 180
7 175 -73.1933 -366.29 180
7 176 -65.2056 -365.588 180
7 177 -58.15 -365.878 180
7 178 -52.7876 -367.097 180
7 179 -44.8456 -366.451 180
7 180 -39.1644 -368.33 180
7 181 -31.8042 -367.74 180
7 182 -25.8007 -367.629 180
7 183 -21.2679 -366.436 180
7 184 -15.2291 -365.214 180
7 185 -9.24415 -366.213 180
7 186 -3.71378 -365.556 180
7 187 0.466441 -365.611 180
7 188 6.33768 -364.814 180
7 189 10.7777 -367.509 180
7 190 15.9847 -365.902 180
7 191 20.8412 -366.768 180
7 192 26.4387 -364.441 180
7 193 30.9711 -362.899 180
7 194 35.0243 -360.052 180
7 195 39.4754 -357.796 180
7 196 43.5727 -355.69 180
7 197 46.9025 -354.032 180
7 198 50.3775 -354.167 180
7 199 55.0889 -350.527 180
7 200 59.9002 -349.172 180
7 201 64.3559 -345.319 180
7 202 67.6181 -343.074 180
7 203 69.6288 -339.06 180
7 204 74.7724 -336.717 180
7 205 78.967 -332.709 180
7 206 84.7931 -329.718 180
7 207 90.8929 -326.64 180
7 208 96.5391 -323.928 180
7 209 100.819 -320.396 180
7 210 104.914 -317.563 180
7 211 110.582 -315.755 180
7 212 115.324 -311.708 180
7 213 120.957 -311.026 180
7 214 127.638 -309.756 180
7 215 134.001 -303.968 180
7 216 140.232 -301.572 180
7 217 145.542 -296.926 180
7 218 152.886 -292.796 180
7 219 159.265 -287.546 180
7 220 164.376 -283.34 180
7 221 168.917 -278.229 180
7 222 175.219 -275.238 180
7 223 181.582 -271.101 180
7 224 186.895 -267.554 180
7 225 191.183 -264.026 180
7 226 198.629 -259.276 180
7 227 204.688 -254.609 180
7 228 210.508 -248.678 180
7 229 217.67 -243.635 180
7 230 223.829 -237.354 180
7 231 229.869 -234.408 180
7 232 235.422 -227.351 180
7 233 244.049 -221.361 180
7 234 249.442 -217.755 180
7 235 252.756 -214.198 180
7 236 260.862 -210.747 180
7 237 267.416 -205.742 180
7 238 273.792 -201.477 180
7 239 278.665 -198.443 180
7 240 284.167 -193.644 180
7 241 291.774 -188.781 180
7 242 297.921 -182.199 180
7 243 303.941 -177.947 180
7 244 310.697 -170.109 180
7 245 316.359 -163.552 180
7 246 320.861 -158.731 180
7 247 328.755 -150.278 180
7 248 334.049 -145.712 180
7 249 338.575 -140.866 180
7 250 342.846 -137.994 180
7 251 346.72 -133.251 180
7 252 353.461 -127.14 180
7 253 359.076 -122.237 180
7 254 364.49 -116.443 180
7 255 369.783 -108.563 180
7 256 377.18 -100.238 180
7 257 383.08 -96.5493 180
7 258 388.982 -88.0112 180
7 259 393.705 -84.912 180
7 260 396.957 -80.5869 180
7 261 406.307 -75.9716 180
7 262 411.573 -70.3968 180
7 263 414.033 -65.6553 180
7 264 419.742 -60.6634 180
7 265 424.299 -56.9058 180
7 266 430.023 -51.9007 180
7 267 433.686 -45.7486 180
7 268 441.171 -40.4282 180
7 269 446.668 -35.6144 180
7 270 451.287 -25.8016 180
7 271 455.973 -20.7885 180
7 272 462.134 -15.0629 180
7 273 466.667 -9.2356 180
7 274 468.893 -6.96643 180
7 275 473.696 -0.703748 180
7 276 476.054 1.8193 180
7 277 482.049 9.36091 180
7 278 484.6 14.3455 180
7 279 490.52 20.6825 180
7 280 495.329 23.7984 180
7 281 501.106 30.8839 180
7 282 507.053 37.2498 180
7 283 511.819 42.3509 180
7 284 516.788 49.9347 180
7 285 522.469 52.6152 180
7 286 525.959 55.2167 180
7 287 531.3 60.364 180
7 288 535.797 61.7706 180
7 289 542.853 67.6125 180
7 290 546.968 70.4131 180
7 291 553.331 74.8365 180
7 292 558.053 78.7454 180
7 293 563.333 82.6802 180
7 294 567.863 88.6317 180
7 295 576.371 96.1503 180
7 296 581.299 99.5908 180
7 297 586.162 104.783 180
7 298 591.587 110.006 180
7 299 596.465 115.213 180
7 300 601.106 118.912 180
7 301 605.463 123.106 180
7 302 610.138 125.808 180
7 303 615.04 131.039 180
7 304 619.837 135.013 180
7 305 625.869 140.303 180
7 306 630.792 145.556 180
7 307 640.759 151.024 180
7 308 644.02 156.222 180
7 309 651.772 161.616 180
7 310 657.173 165.649 180
7 311 664.029 167.207 180
7 312 668.881 171.224 180
7 313 674.744 174.016 180
7 314 680.493 175.532 180
7 315 689.748 178.473 180
7 316 696.636 180.041 180
7 317 703.089 182.867 180
7 318 709.989 184.438 180
7 319 716.456 187.269 180
7 320 722.93 190.103 180
7 321 729.794 196.798 180
7 322 738.516 199.931 180
7 323 746.188 202.636 180
7 324 750.992 205.412 180
7 325 757.068 209.531 180
7 326 762.755 209.78 180
7 327 768.711 212.613 180
7 328 774.539 214.156 180
7 329 782.382 213.214 180
7 330 788.491 217.346 180
7 331 793.192 218.842 180
7 332 803.61 220.592 180
7 333 810.608 222.192 180
7 334 818.032 227.688 180
7 335 823.615 228.712 180
7 336 830.919 230.849 180
7 337 838.087 231.686 180
7 338 843.539 231.412 180
7 339 847.127 232.867 180
7 340 852.726 231.822 180
7 341 858.472 232.078 180
7 342 865.882 231.636 180
7 343 871.979 230.089 180
7 344 877.668 230.171 180
7 345 883.416 229.95 180
7 346 886.946 230.755 180
7 347 894.163 233.671 180
7 348 900.005 234.58 180
7 349 904.698 235.439 180
7 350 909.469 236.951 180
7 351 914.09 237.158 180
7 352 918.713 237.365 180
7 353 922.336 238.826 180
7 354 925.806 238.982 180
7 355 930.434 239.189 180
7 356 932.905 240.601 180
7 357 936.645 238.167 180
7 358 939.854 240.913 180
7 359 942.347 240.848 180
7 360 945.068 241.146 180
7 361 948.441 245.205 180
7 362 952.572 246.359 180
7 363 956.039 250.763 180
7 364 957.86 251.498 180
7 365 959 256.119 180
7 366 961.645 258.853 180
7 367 963.97 258.958 180
7 368 965.455 261.641 180
7 369 967.684 259.819 180
7 370 969.268 264.432 180
7 371 970.432 264.486 180
7 372 972.046 267.822 180
7 373 973.571 271.178 180
7 374 975.248 270.687 180
7 375 976.063 272.604 180
7 376 976.728 273.29 180
7 377 978.219 275.983 180
7 378 978.717 277.108 180
7 379 980.163 279.051 180
7 380 981.543 279.418 180
7 381 982.71 279.472 180
7 382 984.04 280.848 180
7 383 985.208 280.902 180
7 384 986.539 282.278 180
7 385 986.621 282.938 180
7 386 988.238 283.802 180
7 387 987.707 282.332 180
7 388 988.875 282.386 180
7 389 988.875 282.386 180
7 390 988.875 282.386 180
7 391 987.789 282.993 180
7 392 986.375 280.956 180
7 393 987.871 283.654 180
7 394 986.905 282.048 180
7 395 987.123 282.305 180
7 396 987.287 283.627 180
7 397 986.703 283.599 180
7 398 986.037 282.911 180
7 399 985.536 283.545 180
7 400 986.867 284.921 180
7 401 986.867 284.921 180
7 402 984.532 284.812 180
7 403 984.859 287.457 180
7 404 984.388 285.71 180
7 405 983.692 287.403 180
7 406 983.355 288.439 180
7 407 982.524 287.348 180
7 408 982.851 289.994 180
7 409 980.515 289.884 180
7 410 980.515 289.884 180
7 411 978.931 290.406 180
7 412 978.407 290.58 180
7 413 978.342 291.098 180
7 414 976.51 290.354 180
7 415 974.352 286.965 180
7 416 973.347 288.233 180
7 417 971.678 288.812 180
7 418 968.6 287.353 180
7 419 967.353 286.637 180
7 420 968.62 285.247 180
7 421 966.778 284.311 180
7 422 966.025 285.261 180
7 423 965.702 282.619 180
7 424 961.831 283.374 180
7 425 963.532 283.831 180
7 426 960.036 283.668 180
7 427 959.454 283.641 180
7 428 958.871 283.614 180
7 429 958.871 283.614 180
7 430 959.032 284.934 180
7 431 959.032 284.934 180
7 432 959.614 284.961 180
7 433 959.614 284.961 180
7 434 960.197 284.989 180
7 435 962.102 287.311 180
7 436 962.689 286.419 180
7 437 965.211 289.519 180
7 438 965.343 289.172 180
7 439 966.671 290.549 180
7 440 968.672 290.315 180
7 441 970.007 289.851 180
7 442 970.62 291.444 180
7 443 971.5 292.092 180
7 444 970.309 290.801 180
7 445 970.916 292.064 180
7 446 972.093 289.357 180
7 447 973.347 288.233 180
7 448 972.606 289.565 180
7 449 973.85 287.599 180
7 450 973.887 289.981 180
7 451 974.178 289.324 180
7 452 974.178 289.324 180
7 453 973.137 287.372 180
7 454 973.347 288.233 180
7 455 974.352 286.965 180
7 456 975.249 286.146 180
7 457 974.514 288.287 180
7 458 975.079 283.911 180
7 459 975.056 284.673 180
7 460 976.028 284.087 180
7 461 976.198 283.109 180
8 37 1011.35 74.1685 180
8 38 1010.66 73.8221 180
8 39 1008.41 73.1849 180
8 40 1007.26 73.1421 180
8 41 1004.48 72.2554 180
8 42 1003.34 71.4173 180
8 43 1000.23 71.6171 180
8 44 998.003 71.8882 180
8 45 995.482 70.1786 180
8 46 992.117 69.9754 180
8 47 989.105 69.3112 180
8 48 983.849 67.9067 180
8 49 981.504 69.9749 180
8 50 973.27 65.5729 180
8 51 968.939 67.3026 180
8 52 964.135 65.2354 180
8 53 958.587 66.2893 180
8 54 950.603 65.9938 180
8 55 945.058 67.0473 180
8 56 939.516 68.1007 180
8 57 930.481 68.3943 180
8 58 921.605 69.9518 180
8 59 912.205 67.0864 180
8 60 903.266 68.0116 180
8 61 894.751 67.695 180
8 62 885.109 67.3363 180
8 63 877.174 67.0412 180
8 64 868.36 65.7171 180
8 65 861.023 67.4922 180
8 66 850.858 63.5549 180
8 67 842.526 64.4992 180
8 68 831.801 64.101 180
8 69 823.758 67.5608 180
8 70 813.322 69.6776 180
8 71 802.192 70.514 180
8 72 794.446 71.4765 180
8 73 782.5 69.7761 180
8 74 771.826 69.3762 180
8 75 761.722 68.9976 180
8 76 751.628 68.6195 180
8 77 741.542 68.2415 180
8 78 731.466 67.8641 180
8 79 720.281 67.4449 180
8 80 706.696 65.0174 180
8 81 694.113 61.4794 180
8 82 681.858 61.023 180
8 83 669.616 60.5668 180
8 84 656.626 63.8152 180
8 85 644.522 64.6063 180
8 86 631.546 67.8515 180
8 87 618.13 66.1034 180
8 88 604.843 65.6041 180
8 89 594.997 66.4761 180
8 90 580.632 65.9353 180
8 91 570.908 68.0518 180
8 92 559.534 70.1046 180
8 93 546.962 70.8694 180
8 94 534.117 69.6021 180
8 95 520.555 69.8681 180
8 96 507.376 69.3684 180
8 97 494.689 75.0816 180
8 98 482.815 77.1064 180
8 99 472.137 80.4154 180
8 100 460.548 86.169 180
8 101 448.618 86.7534 180
8 102 436.705 88.3441 180
8 103 422.635 89.6559 180
8 104 410.802 91.6733 180
8 105 401.239 95.0183 180
8 106 391.431 94.633 180
8 107 374.718 97.2673 180
8 108 368.577 98.6188 180
8 109 355.97 100.051 180
8 110 343.892 100.224 180
8 111 332.282 101.7 180
8 112 320.649 106.701 180
8 113 310.644 111.258 180
8 114 300.498 113.329 180
8 115 287.79 117.776 180
8 116 278.395 123.598 180
8 117 267.762 124.882 180
8 118 256.028 128.889 180
8 119 244.155 128.401 180
8 120 234.511 129.245 180
8 121 225.026 133.197 180
8 122 217.291 134.428 180
8 123 206.927 136.791 180
8 124 196.171 136.344 180
8 125 185.425 135.897 180
8 126 174.743 136.692 180
8 127 167.421 140.727 180
8 128 157.519 142.771 180
8 129 148.314 145.006 180
8 130 139.936 148.877 180
8 131 130.762 149.358 180
8 132 119.703 151.204 180
8 133 110.505 153.839 180
8 134 99.5776 154.61 180
8 135 92.3224 154.424 180
8 136 83.656 156.411 180
8 137 76.1922 156.092 180
8 138 67.7093 156.97 180
8 139 59.7822 155.144 180
8 140 49.5205 153.096 180
8 141 39.9015 150.831 180
8 142 32.4708 150.515 180
8 143 24.02 151.391 180
8 144 14.5979 154.888 180
8 145 7.1322 153.143 180
8 146 -0.565621 154.401 180
8 147 -9.76844 153.656 180
8 148 -18.9097 153.802 180
8 149 -27.6843 149.449 180
8 150 -35.1741 150.103 180
8 151 -42.6083 147.321 180
8 152 -48.968 145.203 180
8 153 -56.1531 143.545 180
8 154 -64.2287 137.888 180
8 155 -68.8688 136.753 180
8 156 -75.9982 132.388 180
8 157 -84.774 129.683 180
8 158 -91.758 124.604 180
8 159 -100.256 118.847 180
8 160 -108.727 113.897 180
8 161 -116.249 110.833 180
8 162 -123.197 109.549 180
8 163 -129.281 106.154 180
8 164 -137.844 100.95 180
8 165 -145.481 95.3964 180
8 166 -152.213 89.0174 180
8 167 -158.471 85.1318 180
8 168 -163.709 78.872 180
8 169 -168.917 75.0397 180
8 170 -174.138 68.7977 180
8 171 -180.768 62.0921 180
8 172 -187.574 51.8746 180
8 173 -192.275 44.7752 180
8 174 -200.632 36.5305 180
8 175 -206.825 30.3159 180
8 176 -214.33 25.9319 180
8 177 -219.015 19.966 180
8 178 -227.894 11.0509 180
8 179 -236.081 4.80869 180
8 180 -243.212 -1.68254 180
8 181 -249.861 -9.32376 180
8 182 -255.968 -16.046 180
8 183 -261.556 -20.377 180
8 184 -267.643 -26.4881 180
8 185 -274.22 -34.9593 180
8 186 -281.8 -41.0967 180
8 187 -287.846 -48.3438 180
8 188 -295.394 -55.6267 180
8 189 -300.907 -63.4113 180
8 190 -309.952 -67.2128 180
8 191 -316.474 -70.3431 180
8 192 -325.607 -75.2412 180
8 193 -335.002 -77.9347 180
8 194 -342.01 -79.3249 180
8 195 -349.513 -80.7301 180
8 196 -358.051 -81.9444 180
8 197 -363.49 -84.0838 180
8 198 -371.471 -85.5007 180
8 199 -377.955 -86.2888 180
8 200 -384.41 -88.8132 180
8 201 -391.887 -89.0526 180
8 202 -398.363 -89.26 180
8 203 -404.355 -88.2944 180
8 204 -411.34 -87.3612 180
8 205 -415.855 -85.1916 180
8 206 -419.892 -81.8482 180
8 207 -423.625 -78.9574 180
8 208 -428.386 -79.8073 180
8 209 -433.032 -79.751 180
8 210 -437.881 -77.2206 180
8 211 -443.036 -75.3835 180
8 212 -448.485 -73.2098 180
8 213 -453.874 -72.5306 180
8 214 -458.909 -69.219 180
8 215 -465.421 -66.5359 180
8 216 -472.416 -64.4487 180
8 217 -478.445 -61.1693 180
8 218 -482.991 -60.644 180
8 219 -491.393 -57.6789 180
8 220 -496.856 -60.452 180
8 221 -502.363 -62.0279 180
8 222 -508.63 -62.7592 180
8 223 -516.424 -66.8578 180
8 224 -524.908 -67.7011 180
8 225 -536.038 -68.5336 180
8 226 -546.5 -68.2282 180
8 227 -553.85 -69.2061 180
8 228 -564.051 -64.8175 180
8 229 -572.849 -60.2846 180
8 230 -580.866 -55.929 180
8 231 -588.856 -54.1316 180
8 232 -598.811 -52.241 180
8 233 -607.171 -48.7254 180
8 234 -615.584 -52.5182 180
8 235 -624.686 -52.7939 180
8 236 -633.174 -53.7766 180
8 237 -642.38 -53.7439 180
8 238 -650.876 -54.1492 180
8 239 -661.269 -55.7721 180
8 240 -668.822 -54.9916 180
8 241 -677.965 -53.4587 180
8 242 -687.422 -49.17 180
8 243 -696.369 -47.5172 180
8 244 -704.664 -45.1505 180
8 245 -714.872 -45.5038 180
8 246 -723.559 -46.957 180
8 247 -730.987 -48.6845 180
8 248 -740.876 -50.4332 180
8 249 -748.596 -51.2739 180
8 250 -757.67 -53.8847 180
8 251 -765.706 -57.6048 180
8 252 -773.73 -61.3193 180
8 253 -785.061 -63.4797 180
8 254 -793.824 -65.5897 180
8 255 -802.378 -66.8692 180
8 256 -811.576 -66.0359 180
8 257 -819.888 -67.1352 180
8 258 -828.447 -65.463 180
8 259 -835.705 -67.6779 180
8 260 -841.596 -70.4744 180
8 261 -849.186 -71.8701 180
8 262 -856.983 -74.4761 180
8 263 -864.13 -78.0659 180
8 264 -868.616 -82.7648 180
8 265 -875.733 -83.5681 180
8 266 -882.016 -87.4185 180
8 267 -887.346 -92.178 180
8 268 -893.305 -95.7712 180
8 269 -899.912 -100.229 180
8 270 -905.495 -102.105 180
8 271 -910.995 -105.107 180
8 272 -915.696 -105.822 180
8 273 -920.572 -107.604 180
8 274 -924.538 -108.362 180
8 275 -928.324 -108.482 180
8 276 -933.188 -110.779 180
8 277 -937.071 -112.142 180
8 278 -940.036 -112.259 180
8 279 -944.137 -115.293 180
8 280 -946.249 -115.369 180
8 281 -950.366 -115.397 180
8 282 -951.466 -115.975 180
8 283 -953.946 -114.366 180
8 284 -956.078 -111.057 180
8 285 -957.418 -111.364 180
8 286 -959.626 -107.792 180
8 287 -960.325 -105.69 180
8 288 -961.138 -104.227 180
8 289 -961.173 -103.353 180
8 290 -963.299 -102.838 180
8 291 -962.354 -101.219 180
8 292 -964.49 -99.4929 180
8 293 -964.49 -99.4929 180
8 294 -965.434 -99.5235 180
8 295 -966.378 -99.5541 180
8 296 -967.736 -100.618 180
8 297 -968.725 -100.924 180
8 298 -970.929 -101.957 180
8 299 -971.872 -101.987 180
8 300 -973.167 -102.367 180
8 301 -974.187 -102.626 180
8 302 -976.418 -104.388 180
8 303 -977.873 -103.871 180
8 304 -979.972 -104.22 180
8 305 -982.155 -103.446 180
8 306 -983.012 -104.6 180
8 307 -984.604 -102.73 180
8 308 -985.066 -102.413 180
8 309 -986.178 -100.196 180
8 310 -986.093 -101.32 180
8 311 -986.94 -100.108 180
8 312 -987.29 -97.9771 180
8 313 -988.189 -98.5701 180
8 314 -989.259 -96.9136 180
8 315 -989.71 -98.4923 180
8 316 -989.259 -96.9136 180
8 317 -991.229 -95.85 180
8 318 -991.272 -95.2877 180
8 319 -991.315 -94.725 180
8 320 -992.461 -94.936 180
8 321 -992.043 -94.4666 180
8 322 -992.293 -94.035 180
8 323 -992.918 -93.6355 180
8 324 -993.285 -93.6612 180
8 325 -994.741 -93.1447 180
8 326 -994.741 -93.1447 180
8 327 -995.164 -94.228 180
8 328 -995.255 -92.5972 180
8 329 -995.534 -94.1691 180
8 330 -996.667 -92.6437 180
8 331 -997.052 -93.7844 180
8 332 -996.965 -94.9097 180
8 333 -998.15 -95.5561 180
8 334 -998.848 -94.9711 180
8 335 -998.675 -97.2204 180
8 336 -1000.16 -96.7638 180
8 337 -999.146 -97.2356 180
8 338 -998.972 -99.4837 180
8 339 -999.059 -98.3599 180
8 340 -998.799 -101.731 180
8 341 -998.886 -100.607 180
8 342 -998.485 -101.798 180
8 343 -998.243 -102.839 180
8 344 -998.243 -102.839 180
8 345 -998.156 -103.962 180
8 346 -998.07 -105.084 180
8 347 -997.933 -103.565 180
8 348 -998.07 -105.084 180
8 349 -998.243 -102.839 180
8 350 -998.156 -103.962 180
8 351 -998.713 -102.854 180
8 352 -998.713 -102.854 180
8 353 -998.799 -101.731 180
8 354 -998.626 -103.977 180
8 355 -1000.21 -101.777 180
8 356 -999.97 -99.818 180
8 357 -1000.21 -101.777 180
8 358 -1000.34 -100.091 180
8 359 -1000.21 -101.777 180
8 360 -1000.04 -101.005 180
8 361 -1000.21 -101.777 180
8 362 -1000.21 -101.777 180
8 363 -1000.04 -100.401 180
8 364 -1000.21 -101.777 180
8 365 -1000.53 -101.129 180
8 366 -999.803 -101.109 180
8 367 -1000.68 -101.792 180
8 368 -999.443 -99.4989 180
8 369 -999.74 -101.761 180
8 370 -998.799 -101.731 180
8 371 -998.329 -101.716 180
8 372 -998.329 -101.716 180
8 373 -997.16 -99.79 180
8 374 -996.887 -101.827 180
8 375 -997.475 -100.562 180
8 376 -995.55 -101.063 180
8 377 -996.063 -100.516 180
8 378 -995.507 -101.624 180
8 379 -996.02 -101.078 180
8 380 -995.55 -101.063 180
8 381 -995.55 -101.063 180
8 382 -995.55 -101.063 180
8 383 -995.507 -101.624 180
8 384 -995.593 -100.501 180
8 385 -995.55 -101.063 180
8 386 -995.55 -101.063 180
8 387 -995.507 -101.624 180
8 388 -995.55 -101.063 180
8 389 -995.977 -101.64 180
8 390 -995.977 -101.64 180
8 391 -995.977 -101.64 180
8 392 -996.318 -103.34 180
8 393 -996.318 -103.34 180
8 394 -996.318 -103.34 180
8 395 -995.35 -103.792 180
8 396 -996.318 -103.34 180
8 397 -996.188 -104.321 180
8 398 -996.275 -103.901 180
8 399 -995.993 -104.965 180
8 400 -997.129 -105.054 180
8 401 -995.754 -106.162 180
8 402 -997.043 -106.176 180
8 403 -997.086 -105.615 180
8 404 -996.87 -108.421 180
8 405 -996.914 -107.86 180
8 406 -997.34 -108.436 180
8 407 -997.34 -108.436 180
8 408 -997.34 -108.436 180
8 409 -997.34 -108.436 180
8 410 -997.34 -108.436 180
8 411 -997.34 -108.436 180
8 412 -997.34 -108.436 180
8 413 -997.271 -109.824 180
8 414 -997.34 -108.436 180
8 415 -996.87 -108.421 180
8 416 -996.465 -108.26 180
8 417 -996.87 -108.421 180
8 418 -995.475 -108.297 180
8 419 -996.653 -107.608 180
8 420 -995.162 -106.116 180
8 421 -997.043 -106.176 180
8 422 -997.034 -105.25 180
8 423 -996.817 -105.287 180
8 424 -997.216 -103.931 180
8 425 -997.302 -102.808 180
8 426 -997.216 -103.931 180
8 427 -996.361 -102.778 180
8 428 -996.447 -101.655 180
8 429 -997.388 -101.685 180
8 430 -996.02 -101.078 180
8 431 -996.106 -99.9541 180
8 432 -996.563 -99.4834 180
8 433 -996.149 -99.3922 180
8 434 -995.5 -98.3817 180
8 435 -996.651 -98.7707 180
8 436 -996.236 -98.268 180
8 437 -994.91 -97.0978 180
8 438 -995.381 -97.113 180
8 439 -994.906 -96.8383 180
8 440 -994.85 -98.1148 180
8 441 -994.558 -98.2406 180
8 442 -994.738 -99.3462 180
8 443 -994.695 -99.9084 180
8 444 -994.652 -100.47 180
8 445 -994.652 -100.47 180
8 446 -994.523 -102.156 180
8 447 -995.642 -103.181 180
8 448 -995.334 -103.871 180
8 449 -995.484 -105.322 180
8 450 -995.248 -104.994 180
8 451 -995.162 -106.116 180
8 452 -995.162 -106.116 180
8 453 -995.443 -107.011 180
8 454 -995.632 -106.131 180
8 455 -995.46 -108.376 180
8 456 -995.973 -107.83 180
8 457 -995.973 -107.83 180
8 458 -997.34 -108.436 180
8 459 -997.34 -108.436 180
8 460 -997.34 -108.436 180
8 461 -996.948 -109.739 180
9 37 951.821 385.058 180
9 38 951.498 386.653 180
9 39 951.734 385.796 180
9 40 950.161 385.246 180
9 41 949.066 385.859 180
9 42 949.066 385.859 180
9 43 948.102 385.901 180
9 44 947.971 386.472 180
9 45 944.765 388.984 180
9 46 946.261 391.739 180
9 47 945.485 395.049 180
9 48 944.314 399.366 180
9 49 944.333 405.05 180
9 50 944.653 407.753 180
9 51 944.357 415.132 180
9 52 942.401 418.393 180
9 53 943.117 425.246 180
9 54 942.743 431.214 180
9 55 940.944 435.842 180
9 56 937.022 442.386 180
9 57 933.528 447.608 180
9 58 931.212 452.896 180
9 59 927.122 458.093 180
9 60 923.78 463.885 180
9 61 921.299 468.626 180
9 62 916.842 475.919 180
9 63 911.412 480.808 180
9 64 907.973 485.562 180
9 65 901.736 492.704 180
9 66 897.471 496.554 180
9 67 893.823 505.902 180
9 68 889.938 513.198 180
9 69 886.126 521.191 180
9 70 881.201 529.815 180
9 71 875.966 535.685 180
9 72 869.177 543.53 180
9 73 863.114 547.299 180
9 74 858.243 556.645 180
9 75 847.73 557.399 180
9 76 841.514 565.297 180
9 77 833.369 571.707 180
9 78 824.927 575.341 180
9 79 816.037 580.329 180
9 80 807.146 585.319 180
9 81 799.491 592.417 180
9 82 792.006 598.232 180
9 83 783.112 603.412 180
9 84 778.589 616.821 180
9 85 769.677 621.824 180
9 86 761.588 635.232 180
9 87 752.664 640.242 180
9 88 743.67 644.552 180
9 89 734.975 646.698 180
9 90 725.156 653.838 180
9 91 715.897 661.625 180
9 92 705.846 667.269 180
9 93 696.648 675.339 180
9 94 684.489 677.78 180
9 95 672.935 679.828 180
9 96 660.085 680.389 180
9 97 652.634 689.007 180
9 98 643.691 694.027 180
9 99 633.039 699.637 180
9 100 623.212 708.113 180
9 101 610.64 708.329 180
9 102 600.183 719.932 180
9 103 587.125 717.647 180
9 104 575.711 721.098 180
9 105 563.292 726.591 180
9 106 553.198 730.594 180
9 107 540.637 735.612 180
9 108 526.729 739.446 180
9 109 515.171 738.099 180
9 110 502.646 739.605 180
9 111 489.224 740.787 180
9 112 478.411 744.732 180
9 113 467.194 750.867 180
9 114 453.364 754.653 180
9 115 443.693 756.704 180
9 116 432.733 760.243 180
9 117 418.093 762.395 180
9 118 407.802 764.497 180
9 119 395.348 765.424 180
9 120 382.502 766.955 180
9 121 372.866 770.818 180
9 122 360.884 772.485 180
9 123 345.908 776.929 180
9 124 333.563 778.028 180
9 125 319.346 779.693 180
9 126 308.718 777.258 180
9 127 292.78 779.146 180
9 128 282.814 779.231 180
9 129 271.03 781.09 180
9 130 260.042 781.756 180
9 131 245.123 786.52 180
9 132 233.277 787.093 180
9 133 220.459 789.985 180
9 134 208.161 790.04 180
9 135 195.215 787.473 180
9 136 180.521 790.637 180
9 137 169.121 790.521 180
9 138 158.301 790.446 180
9 139 142.904 789.339 180
9 140 129.999 788.71 180
9 141 117.631 786.221 180
9 142 104.396 783.982 180
9 143 88.4678 781.141 180
9 144 80.4554 783.692 180
9 145 68.8265 785.062 180
9 146 57.4913 785.435 180
9 147 44.518 785.752 180
9 148 33.5377 785.996 180
9 149 20.4772 779.139 180
9 150 7.21184 779.023 180
9 151 -4.66417 775.885 180
9 152 -16.125 774.419 180
9 153 -27.4365 769.432 180
9 154 -38.1385 765.886 180
9 155 -48.2237 764.471 180
9 156 -59.4806 759.504 180
9 157 -72.7062 753.515 180
9 158 -83.092 746.749 180
9 159 -94.261 743.196 180
9 160 -107.653 738.111 180
9 161 -116.528 737.487 180
9 162 -127.663 732.571 180
9 163 -140.974 728.885 180
9 164 -155.392 722.381 180
9 165 -166.126 717.653 180
9 166 -177.808 708.829 180
9 167 -186.351 705.16 180
9 168 -197.925 696.851 180
9 169 -207.821 690.038 180
9 170 -217.137 686.678 180
9 171 -228.034 675.474 180
9 172 -236.844 667.687 180
9 173 -246.657 659.581 180
9 174 -255.73 650.955 180
9 175 -266.054 645.096 180
9 176 -277.05 639.341 180
9 177 -286.787 636.007 180
9 178 -296.016 630.436 180
9 179 -306.802 622.574 180
9 180 -319.06 611.102 180
9 181 -325.198 603.267 180
9 182 -336.135 592.66 180
9 183 -344.668 586.793 180
9 184 -353.173 579.611 180
9 185 -362.716 571.052 180
9 186 -371.227 567.867 180
9 187 -378.598 559.473 180
9 188 -385.347 551.078 180
9 189 -395.894 538.636 180
9 190 -404.762 527.589 180
9 191 -410.999 519.349 180
9 192 -419.367 512.956 180
9 193 -427.429 506.997 180
9 194 -436.331 501.57 180
9 195 -444.035 494.993 180
9 196 -453.639 482.909 180
9 197 -461.856 473.352 180
9 198 -469.998 461.241 180
9 199 -476.686 455.691 180
9 200 -484.351 447.519 180
9 201 -489.421 440.798 180
9 202 -496.505 431.408 180
9 203 -501.889 420.901 180
9 204 -508.058 414.119 180
9 205 -514.512 402.279 180
9 206 -520.496 393.039 180
9 207 -527.431 381.232 180
9 208 -535.481 373.193 180
9 209 -541.489 366.545 180
9 210 -548.478 358.595 180
9 211 -554.462 351.974 180
9 212 -560.397 344.11 180
9 213 -567.441 335.351 180
9 214 -572.42 329.91 180
9 215 -578.109 319.991 180
9 216 -584.954 310.273 180
9 217 -588.91 306.33 180
9 218 -593.604 297.127 180
9 219 -598.193 291.178 180
9 220 -601.714 281.01 180
9 221 -607.091 271.897 180
9 222 -610.092 263.409 180
9 223 -614.023 253.897 180
9 224 -618.604 246.362 180
9 225 -622.504 235.427 180
9 226 -627.08 229.386 180
9 227 -631.05 224.088 180
9 228 -637.525 218.797 180
9 229 -643.227 209.985 180
9 230 -647.961 202.454 180
9 231 -651.588 192.559 180
9 232 -658.5 184.84 180
9 233 -664.058 178.651 180
9 234 -668.839 167.252 180
9 235 -674.257 159.47 180
9 236 -679.74 153.715 180
9 237 -683.828 150.017 180
9 238 -687.623 145.644 180
9 239 -690.288 138.326 180
9 240 -693.256 131.445 180
9 241 -696.622 124.282 180
9 242 -698.31 117.639 180
9 243 -700.906 107.035 180
9 244 -705.305 97.0953 180
9 245 -707.035 91.6787 180
9 246 -709.64 83.8628 180
9 247 -713.108 78.4221 180
9 248 -714.971 71.2216 180
9 249 -718.247 67.5468 180
9 250 -721.464 62.6986 180
9 251 -725.3 56.8521 180
9 252 -728.696 49.4607 180
9 253 -731.352 43.4828 180
9 254 -734.464 36.9095 180
9 255 -737.112 30.9501 180
9 256 -741.679 24.3417 180
9 257 -745.234 17.1997 180
9 258 -747.926 12.4332 180
9 259 -752.016 6.45628 180
9 260 -754.392 -0.0223204 180
9 261 -759.203 -5.433 180
9 262 -760.967 -8.97844 180
9 263 -761.638 -14.7982 180
9 264 -765.612 -22.4641 180
9 265 -765.764 -28.825 180
9 266 -768.79 -35.8549 180
9 267 -770.36 -42.8221 180
9 268 -770.961 -49.7448 180
9 269 -773.071 -55.5606 180
9 270 -774.335 -59.0462 180
9 271 -776.861 -66.0085 180
9 272 -779.024 -70.6596 180
9 273 -782.147 -75.3374 180
9 274 -784.18 -82.2556 180
9 275 -786.815 -86.9034 180
9 276 -788.841 -93.802 180
9 277 -790.869 -99.7239 180
9 278 -793.779 -104.988 180
9 279 -796.078 -110.502 180
9 280 -799.43 -119.1 180
9 281 -801.056 -124.239 180
9 282 -803.093 -130.512 180
9 283 -805.095 -137.338 180
9 284 -807.982 -145.304 180
9 285 -810.291 -154.922 180
9 286 -812.313 -161.149 180
9 287 -813.76 -169.028 180
9 288 -817.266 -174.159 180
9 289 -820.702 -180.397 180
9 290 -824.164 -186.068 180
9 291 -827.688 -190.62 180
9 292 -831.614 -196.288 180
9 293 -836.006 -201.961 180
9 294 -838.367 -209.786 180
9 295 -841.837 -214.86 180
9 296 -846.578 -222.17 180
9 297 -849.967 -228.328 180
9 298 -853.673 -235.145 180
9 299 -858.572 -241.21 180
9 300 -862.012 -246.241 180
9 301 -865.483 -250.717 180
9 302 -868.375 -256.816 180
9 303 -870.971 -260.163 180
9 304 -873.353 -266.781 180
9 305 -875.262 -273.376 180
9 306 -876.631 -281.038 180
9 307 -878.535 -287.611 180
9 308 -881.368 -294.195 180
9 309 -882.8 -300.736 180
9 310 -884.085 -309.428 180
9 311 -886.406 -313.48 180
9 312 -887.403 -317.11 180
9 313 -890.722 -321.456 180
9 314 -892.359 -324.726 180
9 315 -893.996 -327.993 180
9 316 -895.24 -330.172 180
9 317 -897.727 -334.528 180
9 318 -899.748 -338.869 180
9 319 -900.379 -343.176 180
9 320 -901.787 -349.639 180
9 321 -903.377 -353.42 180
9 322 -904.85 -361.043 180
9 323 -906.146 -366.836 180
9 324 -905.39 -371.089 180
9 325 -906.551 -374.308 180
9 326 -906.329 -377.5 180
9 327 -905.187 -380.672 180
9 328 -906.881 -382.831 180
9 329 -905.003 -383.328 180
9 330 -904.966 -383.859 180
9 331 -905.887 -383.876 180
9 332 -906.807 -383.893 180
9 333 -908.039 -386.042 180
9 334 -911.352 -383.52 180
9 335 -914.042 -383.782 180
9 336 -914.364 -384.447 180
9 337 -916.678 -383.735 180
9 338 -917.461 -384.302 180
9 339 -918.503 -384.045 180
9 340 -920.45 -386.269 180
9 341 -921.753 -387.355 180
9 342 -925.243 -387.727 180
9 343 -929.558 -387.498 180
9 344 -931.317 -388.591 180
9 345 -932.158 -389.668 180
9 346 -935.596 -392.911 180
9 347 -938.175 -392.162 180
9 348 -939.45 -396.687 180
9 349 -940.968 -396.132 180
9 350 -942.408 -397.005 180
9 351 -943.05 -397.471 180
9 352 -942.33 -398.062 180
9 353 -943.494 -397.818 180
9 354 -943.455 -398.346 180
9 355 -943.644 -399.101 180
9 356 -944.371 -398.363 180
9 357 -943.054 -399.968 180
9 358 -943.57 -398.031 180
9 359 -942.954 -399.554 180
9 360 -943.972 -398.408 180
9 361 -942.428 -399.227 180
9 362 -943.062 -400.391 180
9 363 -942.462 -399.387 180
9 364 -942.903 -400.579 180
9 365 -942.706 -399.053 180
9 366 -942.462 -399.387 180
9 367 -941.68 -399.817 180
9 368 -942.501 -398.858 180
9 369 -941.66 -400.325 180
9 370 -942.462 -399.387 180
9 371 -941.23 -399.312 180
9 372 -941.05 -399.891 180
9 373 -940.46 -398.557 180
9 374 -941.698 -399.796 180
9 375 -942.842 -400.451 180
9 376 -942.384 -400.443 180
9 377 -942.842 -400.451 180
9 378 -942.384 -400.443 180
9 379 -942.842 -400.451 180
9 380 -942.384 -400.443 180
9 381 -942.384 -400.443 180
9 382 -942.384 -400.443 180
9 383 -941.927 -400.435 180
9 384 -940.592 -399.883 180
9 385 -940.592 -399.883 180
9 386 -940.669 -398.826 180
9 387 -940.592 -399.883 180
9 388 -940.708 -398.297 180
9 389 -940.592 -399.883 180
9 390 -940.669 -398.826 180
9 391 -940.708 -398.297 180
9 392 -940.592 -399.883 180
9 393 -940.631 -399.354 180
9 394 -940.553 -400.411 180
9 395 -940.002 -398.549 180
9 396 -940.253 -397.569 180
9 397 -940.553 -400.411 180
9 398 -939.296 -398.801 180
9 399 -940.545 -398.369 180
9 400 -938.953 -397.208 180
9 401 -938.876 -398.265 180
9 402 -938.876 -398.265 180
9 403 -939.359 -398.083 180
9 404 -938.876 -398.265 180
9 405 -939.493 -398.032 180
9 406 -939.021 -398.49 180
9 407 -939.445 -398.243 180
9 408 -939.496 -398.075 180
9 409 -939.118 -397.549 180
9 410 -938.677 -397.669 180
9 411 -938.677 -397.669 180
9 412 -937.083 -397.704 180
9 413 -937.044 -398.232 180
9 414 -937.827 -397.124 180
9 415 -937.083 -397.704 180
9 416 -937.083 -397.704 180
9 417 -938.649 -396.355 180
9 418 -937.541 -397.712 180
9 419 -937.618 -396.654 180
9 420 -936.128 -398.216 180
9 421 -936.167 -397.687 180
9 422 -936.167 -397.687 180
9 423 -936.167 -397.687 180
9 424 -937.083 -397.704 180
9 425 -938.037 -397.191 180
9 426 -937.16 -396.646 180
9 427 -937.121 -397.175 180
9 428 -937.121 -397.175 180
9 429 -938.221 -397.046 180
9 430 -938.037 -397.191 180
9 431 -938.21 -397.237 180
9 432 -938.251 -397.534 180
9 433 -938.655 -397.742 180
9 434 -938.454 -398.511 180
9 435 -937.044 -398.232 180
9 436 -937.96 -398.248 180
9 437 -936.987 -398.39 180
9 438 -937.96 -398.248 180
9 439 -937.731 -398.879 180
9 440 -937.044 -398.232 180
9 441 -938.457 -397.728 180
9 442 -937.96 -398.248 180
9 443 -937.922 -398.777 180
9 444 -937.922 -398.777 180
9 445 -938.151 -398.58 180
9 446 -937.464 -398.769 180
9 447 -938.211 -398.518 180
9 448 -937.96 -398.248 180
9 449 -937.922 -398.777 180
9 450 -938.76 -399.85 180
9 451 -938.722 -400.378 180
9 452 -938.303 -399.842 180
9 453 -938.264 -400.37 180
9 454 -937.348 -400.354 180
9 455 -936.89 -400.346 180
9 456 -936.89 -400.346 180
9 457 -936.89 -400.346 180
9 458 -936.89 -400.346 180
9 459 -936.89 -400.346 180
9 460 -935.974 -400.33 180
9 461 -936.89 -400.346 180
10 37 -899.911 450.709 180
10 38 -898.362 450.166 180
10 39 -898.051 449.234 180
10 40 -897.679 449.684 180
10 41 -897.085 449.925 180
10 42 -894.339 450.404 180
10 43 -894.26 449.14 180
10 44 -892.248 449.259 180
10 45 -892.248 449.259 180
10 46 -889.601 449.919 180
10 47 -888.093 450.185 180
10 48 -886.21 449.615 180
10 49 -886.134 452.475 180
10 50 -884.119 448.47 180
10 51 -882.571 452.876 180
10 52 -882.28 449.658 180
10 53 -881.396 452.326 180
10 54 -880.246 451.236 180
10 55 -880.56 452.081 180
10 56 -879.393 453.826 180
10 57 -879.393 453.826 180
10 58 -879.548 456.357 180
10 59 -879.548 456.357 180
10 60 -879.664 458.256 180
10 61 -879.198 458.92 180
10 62 -879.198 458.92 180
10 63 -879.198 458.92 180
10 64 -879.198 458.92 180
10 65 -879.198 458.92 180
10 66 -879.548 456.357 180
10 67 -879.548 456.357 180
10 68 -879.548 456.357 180
10 69 -879.586 456.99 180
10 70 -878.54 456.417 180
10 71 -877.859 455.272 180
10 72 -876.523 456.536 180
10 73 -876.186 456.732 180
10 74 -874.66 459.189 180
10 75 -873.728 460.516 180
10 76 -872.796 461.844 180
10 77 -870.93 464.501 180
10 78 -867.157 468.698 180
10 79 -866.298 471.785 180
10 80 -862.324 479.243 180
10 81 -859.934 484.3 180
10 82 -856.428 489.828 180
10 83 -854.35 495.648 180
10 84 -851.423 504.04 180
10 85 -846.616 507.291 180
10 86 -842.358 514.886 180
10 87 -837.997 519.021 180
10 88 -833.004 526.387 180
10 89 -827.147 528.703 180
10 90 -823.323 533.301 180
10 91 -815.733 538.165 180
10 92 -808.41 539.609 180
10 93 -801.555 545.875 180
10 94 -792.956 553.114 180
10 95 -786.506 558.201 180
10 96 -779.493 561.78 180
10 97 -774.261 565.824 180
10 98 -766.413 574.16 180
10 99 -758.484 581.21 180
10 100 -749.473 587.689 180
10 101 -742.734 595.41 180
10 102 -734.627 603.104 180
10 103 -726.541 608.245 180
10 104 -718.413 612.736 180
10 105 -710.056 615.655 180
10 106 -697.952 622.019 180
10 107 -685.635 627.472 180
10 108 -672.306 629.756 180
10 109 -660.795 635.104 180
10 110 -639.402 613.194 180
10 111 -639.016 612.983 180
10 112 -630.854 647.078 180
10 113 -617.264 648.373 180
10 114 -604.856 654.324 180
10 115 -592.915 658.547 180
10 116 -581.724 665.123 180
10 117 -569.883 667.851 180
10 118 -559.639 671.326 180
10 119 -546.42 673.576 180
10 120 -533.677 676.012 180
10 121 -524.073 674.078 180
10 122 -508.597 672.816 180
10 123 -494.04 675.108 180
10 124 -481.91 674.531 180
10 125 -468.984 677.46 180
10 126 -457.268 674.136 180
10 127 -443.725 673.733 180
10 128 -433.65 669.198 180
10 129 -424.002 669.855 180
10 130 -408.957 669.533 180
10 131 -394.103 668.658 180
10 132 -384.493 669.012 180
10 133 -372.338 667.979 180
10 134 -359.377 666.161 180
10 135 -343.959 662.146 180
10 136 -333.399 658.476 180
10 137 -322.556 653.14 180
10 138 -308.478 649.368 180
10 139 -297.509 644.752 180
10 140 -284.963 641.643 180
10 141 -272.714 638.283 180
10 142 -261.87 633.618 180
10 143 -251.602 628.728 180
10 144 -241.026 626.469 180
10 145 -229.332 622.31 180
10 146 -219.278 623.975 180
10 147 -205.419 622.527 180
10 148 -195.302 621.707 180
10 149 -184.44 618.731 180
10 150 -172.795 615.236 180
10 151 -163.011 611.836 180
10 152 -153.252 605.749 180
10 153 -140.175 603.903 180
10 154 -130.386 600.502 180
10 155 -119.502 597.17 180
10 156 -110.861 589.671 180
10 157 -96.7347 583.863 180
10 158 -90.715 577.279 180
10 159 -79.4014 573.572 180
10 160 -65.3028 566.427 180
10 161 -54.0522 564.402 180
10 162 -41.7077 561.979 180
10 163 -29.3001 558.633 180
10 164 -17.1197 553.348 180
10 165 -7.5347 550.62 180
10 166 3.91071 544.896 180
10 167 14.1748 540.709 180
10 168 26.0957 533.99 180
10 169 40.1196 532.038 180
10 170 51.5047 530.62 180
10 171 61.0201 524.1 180
10 172 74.1413 520.89 180
10 173 84.88 512.213 180
10 174 95.8854 511.535 180
10 175 107.769 504.258 180
10 176 122.383 504.388 180
10 177 133.083 501.757 180
10 178 146.204 497.873 180
10 179 157.111 493.858 180
10 180 166.88 489.113 180
10 181 179.754 484.181 180
10 182 189.692 478.486 180
10 183 201.824 475.554 180
10 184 212.621 470.517 180
10 185 221.863 466.406 180
10 186 232.218 462.357 180
10 187 241.527 457.811 180
10 188 250.601 452.146 180
10 189 259.148 445.354 180
10 190 268.805 438.629 180
10 191 278.038 434.521 180
10 192 287.306 431.075 180
10 193 300.668 427.581 180
10 194 310.797 423.133 180
10 195 322.304 419.807 180
10 196 332.923 413.039 180
10 197 340.846 404.465 180
10 198 350.632 397.394 180
10 199 361.44 393.637 180
10 200 370.818 384.418 180
10 201 381.199 379.598 180
10 202 390.769 372.242 180
10 203 400.204 364.622 180
10 204 408.858 358.796 180
10 205 417.204 350.087 180
10 206 429.505 342.238 180
10 207 439.83 338.2 180
10 208 450.494 334.686 180
10 209 459.082 326.151 180
10 210 468.766 322.551 180
10 211 474.814 311.992 180
10 212 481.11 306.464 180
10 213 488.283 297.745 180
10 214 494.472 290.928 180
10 215 504.117 285.574 180
10 216 510.247 278.118 180
10 217 516.372 270.669 180
10 218 520.051 260.539 180
10 219 525.933 251.317 180
10 220 529.727 241.718 180
10 221 536.944 234.357 180
10 222 543.14 228.236 180
10 223 551.464 220.936 180
10 224 558.315 216.13 180
10 225 562.399 204.826 180
10 226 570.704 197.546 180
10 227 574.32 187.525 180
10 228 582.935 184.084 180
10 229 590.269 178.683 180
10 230 597.741 171.705 180
10 231 606.774 163.531 180
10 232 609.236 153.51 180
10 233 615.803 146.088 180
10 234 622.068 135.104 180
10 235 627.801 124.633 180
10 236 635.039 118.635 180
10 237 643.157 110.166 180
10 238 651.384 102.962 180
10 239 658.321 94.6177 180
10 240 667.643 86.6886 180
10 241 673.063 79.3969 180
10 242 679.354 69.6511 180
10 243 684.718 56.1513 180
10 244 691.606 47.0823 180
10 245 698.729 40.5141 180
10 246 703.316 30.762 180
10 247 708.823 19.2033 180
10 248 713.087 6.38919 180
10 249 716.796 -2.8899 180
10 250 721.097 -13.0319 180
10 251 726.201 -22.6825 180
10 252 731.298 -32.3188 180
10 253 739.283 -40.6237 180
10 254 746.151 -48.9565 180
10 255 753.013 -57.2801 180
10 256 759.482 -69.2595 180
10 257 763.791 -80.6757 180
10 258 768.416 -89.0296 180
10 259 773.56 -99.4637 180
10 260 777.192 -109.949 180
10 261 782.9 -118.233 180
10 262 786.068 -129.59 180
10 263 789.427 -139.117 180
10 264 792.517 -151.034 180
10 265 795.35 -160.42 180
10 266 799.835 -172.255 180
10 267 801.179 -181.884 180
10 268 806.645 -192.603 180
10 269 811.061 -201.264 180
10 270 816.975 -207.052 180
10 271 820.019 -218.831 180
10 272 823.46 -227.03 180
10 273 827.721 -237.559 180
10 274 829.836 -248.554 180
10 275 831.985 -257.482 180
10 276 833.975 -268.592 180
10 277 838.352 -277.931 180
10 278 839.373 -287.793 180
10 279 841.827 -294.749 180
10 280 842.78 -305.223 180
10 281 840.604 -314.576 180
10 282 842.711 -324.405 180
10 283 844.508 -333.586 180
10 284 846.98 -343.432 180
10 285 850.365 -351.454 180
10 286 851.577 -359.505 180
10 287 855.09 -366.352 180
10 288 858.295 -373.485 180
10 289 859.941 -380.062 180
10 290 860.675 -387.196 180
10 291 863.768 -393.183 180
10 292 864.229 -398.325 180
10 293 864.621 -404.035 180
10 294 866.367 -407.434 180
10 295 867.975 -411.975 180
10 296 866.343 -417.473 180
10 297 868.352 -422.226 180
10 298 869.28 -427.902 180
10 299 868.591 -433.595 180
10 300 869.724 -437.553 180
10 301 870.459 -442.035 180
10 302 871.592 -446.247 180
10 303 873.78 -452.796 180
10 304 875.309 -457.865 180
10 305 876.353 -463.896 180
10 306 879.229 -469.671 180
10 307 880.683 -475.289 180
10 308 882.137 -478.898 180
10 309 884.959 -479.74 180
10 310 885.078 -483.116 180
10 311 886.967 -480.841 180
10 312 888.438 -481.948 180
10 313 890.794 -484.304 180
10 314 891.776 -485.282 180
10 315 892.173 -486.402 180
10 316 894.32 -486.376 180
10 317 894.717 -487.496 180
10 318 895.675 -484.108 180
10 319 897.823 -484.082 180
10 320 897.964 -482.954 180
10 321 899.18 -481.813 180
10 322 899.321 -480.685 180
10 323 901.612 -479.529 180
10 324 901.612 -479.529 180
10 325 902.829 -478.387 180
10 326 903.904 -478.373 180
10 327 904.838 -479.488 180
10 328 906.278 -481.104 180
10 329 909.856 -482.197 180
10 330 910.865 -482.792 180
10 331 911.656 -485.035 180
10 332 912.732 -485.022 180
10 333 912.589 -486.15 180
10 334 912.446 -487.277 180
10 335 912.161 -489.531 180
10 336 912.084 -490.994 180
10 337 912.951 -491.771 180
10 338 912.809 -492.897 180
10 339 912.666 -494.023 180
10 340 912.381 -496.274 180
10 341 911.591 -494.036 180
10 342 910.375 -495.174 180
10 343 909.158 -496.312 180
10 344 908.322 -496.648 180
10 345 907.689 -495.207 180
10 346 905.937 -496.351 180
10 347 905.146 -494.113 180
10 348 903.789 -496.377 180
10 349 902.716 -496.389 180
10 350 902.716 -496.389 180
10 351 901.334 -495.103 180
10 352 901.099 -495.78 180
10 353 901.48 -495.562 180
10 354 901.287 -494.879 180
10 355 902.998 -494.139 180
10 356 903.281 -491.888 180
10 357 904.368 -493.055 180
10 358 904.638 -489.623 180
10 359 905.713 -489.61 180
10 360 907.071 -487.343 180
10 361 907.355 -485.089 180
10 362 907.355 -485.089 180
10 363 907.781 -481.704 180
10 364 907.174 -482.94 180
10 365 908.146 -480.337 180
10 366 906.847 -480.59 180
10 367 906.847 -480.59 180
10 368 907.773 -479.462 180
10 369 907.923 -480.576 180
10 370 907.923 -480.576 180
10 371 908.461 -480.569 180
10 372 907.781 -481.704 180
10 373 907.923 -480.576 180
10 374 906.421 -483.974 180
10 375 909.647 -483.934 180
10 376 909.505 -485.062 180
10 377 909.505 -485.062 180
10 378 909.505 -485.062 180
10 379 909.505 -485.062 180
10 380 909.505 -485.062 180
10 381 909.505 -485.062 180
10 382 909.505 -485.062 180
10 383 909.505 -485.062 180
10 384 909.505 -485.062 180
10 385 908.288 -486.203 180
10 386 909.505 -485.062 180
10 387 909.363 -486.189 180
10 388 909.505 -485.062 180
10 389 909.221 -487.317 180
10 390 909.221 -487.317 180
10 391 909.363 -486.189 180
10 392 909.221 -487.317 180
10 393 909.363 -486.189 180
10 394 909.221 -487.317 180
10 395 909.221 -487.317 180
10 396 909.221 -487.317 180
10 397 909.221 -487.317 180
10 398 909.221 -487.317 180
10 399 909.221 -487.317 180
10 400 909.633 -488.043 180
10 401 908.837 -489.594 180
10 402 908.571 -488.72 180
10 403 908.596 -487.673 180
10 404 908.68 -489.394 180
10 405 908.004 -488.457 180
10 406 908.004 -488.457 180
10 407 908.146 -487.33 180
10 408 908.004 -488.457 180
10 409 908.146 -487.33 180
10 410 908.004 -488.457 180
10 411 908.004 -488.457 180
10 412 907.466 -488.464 180
10 413 906.787 -489.597 180
10 414 906.929 -488.47 180
10 415 906.126 -488.03 180
10 416 906.929 -488.47 180
10 417 907.071 -487.343 180
10 418 906.929 -488.47 180
10 419 906.929 -488.47 180
10 420 907.071 -487.343 180
10 421 906.929 -488.47 180
10 422 907.071 -487.343 180
10 423 906.929 -488.47 180
10 424 906.929 -488.47 180
10 425 906.25 -489.603 180
10 426 906.25 -489.603 180
10 427 906.25 -489.603 180
10 428 906.25 -489.603 180
10 429 906.25 -489.603 180
10 430 906.787 -489.597 180
10 431 906.25 -489.603 180
10 432 906.25 -489.603 180
10 433 906.787 -489.597 180
10 434 906.787 -489.597 180
10 435 906.787 -489.597 180
10 436 906.254 -490.334 180
10 437 906.778 -490.092 180
10 438 906.645 -490.723 180
10 439 908.399 -489.577 180
10 440 907.324 -489.59 180
10 441 908.936 -489.571 180
10 442 908.936 -489.571 180
10 443 908.361 -489.454 180
10 444 908.399 -489.577 180
10 445 908.936 -489.571 180
10 446 908.936 -489.571 180
10 447 908.936 -489.571 180
10 448 908.936 -489.571 180
10 449 908.936 -489.571 180
10 450 908.004 -488.457 180
10 451 907.862 -489.584 180
10 452 909.221 -487.317 180
10 453 909.007 -489.007 180
10 454 909.078 -488.444 180
10 455 910.154 -488.43 180
10 456 909.078 -488.444 180
10 457 910.154 -488.43 180
10 458 910.154 -488.43 180
10 459 911.229 -488.417 180
10 460 911.086 -489.544 180
10 461 911.086 -489.544 180
11 37 800.634 625.146 180
11 38 799.153 624.497 180
11 39 798.118 623.598 180
11 40 796.931 623.523 180
11 41 796.931 623.523 180
11 42 794.559 623.375 180
11 43 793.373 623.302 180
11 44 792.187 623.228 180
11 45 790.82 623.699 180
11 46 788.629 623.006 180
11 47 786.259 622.858 180
11 48 781.94 626.762 180
11 49 779.429 625.214 180
11 50 777.06 625.066 180
11 51 774.97 627.718 180
11 52 770.232 627.421 180
11 53 766.749 627.899 180
11 54 762.221 629.702 180
11 55 758.67 629.48 180
11 56 752.756 629.109 180
11 57 746.844 628.738 180
11 58 742.161 630.113 180
11 59 737.392 628.145 180
11 60 733.716 626.525 180
11 61 726.046 626.044 180
11 62 721.918 625.786 180
11 63 717.465 628.284 180
11 64 711.636 628.613 180
11 65 706.919 634.569 180
11 66 699.849 634.123 180
11 67 693.629 636.51 180
11 68 689.92 639.473 180
11 69 685.77 640.184 180
11 70 681.349 644.354 180
11 71 673.33 644.957 180
11 72 669.125 650.257 180
11 73 662.315 652.606 180
11 74 657.858 655.107 180
11 75 652.164 656.831 180
11 76 646.53 659.256 180
11 77 637.674 664.959 180
11 78 632.04 667.385 180
11 79 623.998 668.956 180
11 80 615.195 668.385 180
11 81 611.988 665.758 180
11 82 602.825 666.885 180
11 83 595.911 667.83 180
11 84 589.113 670.176 180
11 85 579.976 672.369 180
11 86 573.125 674.014 180
11 87 566.33 676.359 180
11 88 559.007 679.366 180
11 89 554.036 678.227 180
11 90 544.622 681.212 180
11 91 535.392 682 180
11 92 528 685.723 180
11 93 521.082 688.647 180
11 94 513.97 690.352 180
11 95 504.22 691.8 180
11 96 499.133 693.556 180
11 97 489.377 698.546 180
11 98 479.751 697.851 180
11 99 470.45 697.232 180
11 100 462.416 698.091 180
11 101 453.252 695.04 180
11 102 447.376 697.785 180
11 103 437.476 696.428 180
11 104 430.085 698.025 180
11 105 421.402 697.445 180
11 106 414.063 699.741 180
11 107 403.572 702.242 180
11 108 394.897 706.122 180
11 109 388.009 706.356 180
11 110 379.713 708.695 180
11 111 373.492 708.068 180
11 112 362.672 705.346 180
11 113 353.622 707.522 180
11 114 345.644 708.376 180
11 115 337.75 710.628 180
11 116 331.007 712.957 180
11 117 321.888 713.732 180
11 118 313.847 713.186 180
11 119 305.581 713.669 180
11 120 297.846 711.565 180
11 121 288.494 710.931 180
11 122 280.639 707.107 180
11 123 272.444 707.598 180
11 124 264.714 706.12 180
11 125 253.91 706.098 180
11 126 245.971 706.361 180
11 127 237.751 708.023 180
11 128 229.379 710.767 180
11 129 220.914 712.43 180
11 130 212.312 710.457 180
11 131 201.277 713.042 180
11 132 194.029 713.718 180
11 133 185.385 716.942 180
11 134 179.168 717.211 180
11 135 171.037 718.521 180
11 136 165.372 723.089 180
11 137 158.429 722.031 180
11 138 148.539 721.795 180
11 139 140.326 721.48 180
11 140 131.143 717.384 180
11 141 123.629 718.222 180
11 142 114.09 713.945 180
11 143 104.972 710.058 180
11 144 98.2085 709.596 180
11 145 90.3464 709.749 180
11 146 81.4087 711.209 180
11 147 71.5552 710.189 180
11 148 65.6648 710.131 180
11 149 56.0966 708.786 180
11 150 48.0934 710.105 180
11 151 40.062 707.17 180
11 152 32.0054 707.825 180
11 153 25.2116 704.606 180
11 154 17.3618 703.381 180
11 155 8.4715 704.838 180
11 156 1.71656 702.312 180
11 157 -7.26267 699.637 180
11 158 -15.9796 698.219 180
11 159 -22.9307 695.823 180
11 160 -30.2509 689.418 180
11 161 -36.5182 683.938 180
11 162 -45.4585 680.599 180
11 163 -52.2231 674.678 180
11 164 -59.8247 673.605 180
11 165 -68.8632 672.195 180
11 166 -75.5966 666.292 180
11 167 -83.3317 665.774 180
11 168 -92.8752 657.917 180
11 169 -97.3062 657.721 180
11 170 -103.377 652.205 180
11 171 -111.16 646.265 180
11 172 -120.558 641.581 180
11 173 -128.941 639.78 180
11 174 -135.972 635.685 180
11 175 -144.267 629.214 180
11 176 -149.768 626.157 180
11 177 -157.469 620.94 180
11 178 -162.974 615.872 180
11 179 -167.387 610.21 180
11 180 -175.283 603.796 180
11 181 -180.546 598.632 180
11 182 -185.647 592.349 180
11 183 -191.04 586.449 180
11 184 -198.05 578.804 180
11 185 -204.265 575.922 180
11 186 -210.015 568.726 180
11 187 -216.517 565.658 180
11 188 -223.021 559.938 180
11 189 -228.442 551.641 180
11 190 -233.251 547.314 180
11 191 -241.243 540.843 180
11 192 -247.049 534.293 180
11 193 -253.565 527.266 180
11 194 -258.599 522.055 180
11 195 -265.295 514.087 180
11 196 -269.587 510.951 180
11 197 -271.976 504.826 180
11 198 -277.627 496.142 180
11 199 -279.964 490.602 180
11 200 -285.275 481.147 180
11 201 -289.517 474.38 180
11 202 -291.613 464.497 180
11 203 -296.899 456.398 180
11 204 -300.113 452.607 180
11 205 -303.23 446.96 180
11 206 -308.515 443.421 180
11 207 -313.77 435.366 180
11 208 -319.037 431.195 180
11 209 -323.233 425.8 180
11 210 -327.405 417.84 180
11 211 -333.686 411.062 180
11 212 -337.555 404.378 180
11 213 -343.071 398.998 180
11 214 -348.523 394.614 180
11 215 -352.461 390.804 180
11 216 -356.586 382.915 180
11 217 -360.729 377.588 180
11 218 -363.778 368.509 180
11 219 -367.937 365.743 180
11 220 -369.929 356.745 180
11 221 -376.107 348.81 180
11 222 -377.03 338.638 180
11 223 -382.139 330.163 180
11 224 -385.206 325.59 180
11 225 -390.362 317.295 180
11 226 -394.393 312.532 180
11 227 -399.502 306.62 180
11 228 -404.961 300.41 180
11 229 -409.676 293.574 180
11 230 -414.933 288.174 180
11 231 -421.143 280.879 180
11 232 -425.893 273.418 180
11 233 -431.391 268.026 180
11 234 -436.46 261.63 180
11 235 -439.977 254.089 180
11 236 -444.006 249.557 180
11 237 -447.028 246.316 180
11 238 -450.035 242.461 180
11 239 -454.238 234.405 180
11 240 -456.903 230.294 180
11 241 -459.935 224.713 180
11 242 -463.587 219.154 180
11 243 -465.787 210.912 180
11 244 -469.247 207.385 180
11 245 -472.482 202.142 180
11 246 -476.686 195.7 180
11 247 -480.703 193.07 180
11 248 -482.655 189.314 180
11 249 -487.037 184.662 180
11 250 -490.502 176.76 180
11 251 -495.948 169.21 180
11 252 -497.725 164.231 180
11 253 -500.952 157.757 180
11 254 -504.549 152.126 180
11 255 -506.53 146.769 180
11 256 -509.261 140.84 180
11 257 -511.639 130.384 180
11 258 -513.518 125.776 180
11 259 -516.077 116.088 180
11 260 -518.137 109.057 180
11 261 -521.168 103.096 180
11 262 -523.812 95.6392 180
11 263 -526.798 89.8917 180
11 264 -528.966 82.2856 180
11 265 -532.901 75.6355 180
11 266 -535.088 68.3406 180
11 267 -538.472 61.7826 180
11 268 -541.563 54.9491 180
11 269 -543.44 46.0631 180
11 270 -546.325 42.4025 180
11 271 -548.586 34.6361 180
11 272 -550.588 27.9939 180
11 273 -551.695 22.1398 180
11 274 -553.396 12.6673 180
11 275 -554.209 6.76642 180
11 276 -556.931 -1.5398 180
11 277 -558.731 -7.45758 180
11 278 -560.455 -15.7007 180
11 279 -562.249 -21.599 180
11 280 -563.967 -29.8155 180
11 281 -567.508 -35.5765 180
11 282 -569.514 -41.6334 180
11 283 -572.664 -45.7452 180
11 284 -575.316 -52.0156 180
11 285 -578.034 -58.5212 180
11 286 -580.557 -65.165 180
11 287 -583.798 -71.0425 180
11 288 -586.987 -76.5777 180
11 289 -589.106 -82.2727 180
11 290 -592.513 -88.5898 180
11 291 -595.849 -93.1691 180
11 292 -598.017 -99.0898 180
11 293 -601.637 -107.217 180
11 294 -602.367 -114.095 180
11 295 -604.552 -120.314 180
11 296 -605.242 -129.004 180
11 297 -607.425 -135.893 180
11 298 -610.091 -142.785 180
11 299 -612.291 -149.789 180
11 300 -615.619 -156.089 180
11 301 -617.605 -160.567 180
11 302 -622.068 -168.846 180
11 303 -625.414 -173.753 180
11 304 -629.083 -178.922 180
11 305 -632.614 -187.45 180
11 306 -637.235 -192.627 180
11 307 -641.826 -198.354 180
11 308 -643.983 -204.567 180
11 309 -649.088 -209.173 180
11 310 -654.619 -214.9 180
11 311 -658.702 -220.579 180
11 312 -661.916 -224.002 180
11 313 -665.462 -230.764 180
11 314 -667.232 -234.141 180
11 315 -670.769 -240.885 180
11 316 -672.486 -245.358 180
11 317 -675.968 -253.309 180
11 318 -679.484 -259.898 180
11 319 -681.455 -269.115 180
11 320 -684.405 -277.632 180
11 321 -686.276 -283.781 180
11 322 -689.43 -292.557 180
11 323 -693.037 -297.727 180
11 324 -695.648 -304.823 180
11 325 -699.962 -310.82 180
11 326 -702.675 -317.666 180
11 327 -705.205 -324.931 180
11 328 -707.535 -330.562 180
11 329 -710.941 -338.222 180
11 330 -715.22 -344.23 180
11 331 -717.759 -352.958 180
11 332 -720.843 -356.461 180
11 333 -723.774 -364.394 180
11 334 -725.381 -369.804 180
11 335 -726.05 -375.19 180
11 336 -726.718 -380.568 180
11 337 -727.173 -383.997 180
11 338 -727.997 -392.374 180
11 339 -728.554 -399.867 180
11 340 -730.227 -407.205 180
11 341 -730.76 -411.637 180
11 342 -730.328 -420.143 180
11 343 -730.004 -426.512 180
11 344 -731.834 -432.09 180
11 345 -732.812 -438.103 180
11 346 -735.541 -445.667 180
11 347 -736.306 -448.849 180
11 348 -738.708 -456.272 180
11 349 -738.312 -462.84 180
11 350 -740.721 -471.037 180
11 351 -742.243 -477.359 180
11 352 -744.224 -483.677 180
11 353 -747.182 -488.951 180
11 354 -748.623 -496.069 180
11 355 -750.15 -502.571 180
11 356 -749.927 -506.739 180
11 357 -750.054 -512.989 180
11 358 -750.292 -517.152 180
11 359 -751.338 -523.398 180
11 360 -751.115 -527.547 180
11 361 -752.159 -533.778 180
11 362 -751.936 -537.916 180
11 363 -751.603 -544.118 180
11 364 -752.075 -552.382 180
11 365 -751.545 -556.975 180
11 366 -750.646 -562.579 180
11 367 -751.485 -568.82 180
11 368 -751.528 -572.241 180
11 369 -752.517 -578.1 180
11 370 -752.727 -580.614 180
11 371 -753.014 -585.789 180
11 372 -754.645 -589.385 180
11 373 -754.478 -592.451 180
11 374 -756.424 -598.595 180
11 375 -756.768 -600.639 180
11 376 -757.701 -605.958 180
11 377 -759.449 -611.938 180
11 378 -760.48 -615.942 180
11 379 -761.49 -618.236 180
11 380 -762.729 -624.589 180
11 381 -762.857 -626.365 180
11 382 -765.993 -631.199 180
11 383 -765.936 -632.212 180
11 384 -767.637 -634.247 180
11 385 -769.603 -638.002 180
11 386 -769.656 -638.528 180
11 387 -772.676 -641.355 180
11 388 -772.733 -640.345 180
11 389 -772.008 -641.957 180
11 390 -774.43 -642.375 180
11 391 -774.018 -641.05 180
11 392 -776.241 -642.386 180
11 393 -778.167 -640.377 180
11 394 -779.948 -640.893 180
11 395 -779.977 -640.388 180
11 396 -780.665 -641.493 180
11 397 -781.788 -640.399 180
11 398 -781.067 -641.041 180
11 399 -783.568 -640.914 180
11 400 -783.057 -641.921 180
11 401 -783.422 -643.437 180
11 402 -784.327 -643.442 180
11 403 -783.816 -644.448 180
11 404 -783.276 -645.958 180
11 405 -783.641 -645.497 180
11 406 -784.097 -646.619 180
11 407 -784.662 -645.462 180
11 408 -785.236 -644.547 180
11 409 -784.645 -647.126 180
11 410 -784.151 -646.468 180
11 411 -784.151 -646.468 180
11 412 -784.151 -646.468 180
11 413 -784.495 -647.397 180
11 414 -784.151 -646.468 180
11 415 -784.486 -648.486 180
11 416 -784.108 -647.587 180
11 417 -783.13 -648.479 180
11 418 -783.13 -648.479 180
11 419 -783.13 -648.479 180
11 420 -783.582 -648.481 180
11 421 -783.13 -648.479 180
11 422 -783.13 -648.479 180
11 423 -783.072 -649.486 180
11 424 -782.856 -650.09 180
11 425 -782.984 -650.997 180
11 426 -782.321 -650.742 180
11 427 -782.112 -650.811 180
11 428 -782.112 -650.811 180
11 429 -781.84 -651.243 180
11 430 -781.245 -653.315 180
11 431 -781.285 -650.887 180
11 432 -781.993 -652.503 180
11 433 -780.699 -650.602 180
11 434 -781.993 -652.503 180
11 435 -781.315 -650.938 180
11 436 -781.366 -652.399 180
11 437 -781.993 -652.503 180
11 438 -782.955 -651.501 180
11 439 -782.955 -651.501 180
11 440 -782.269 -651.346 180
11 441 -782.64 -650.693 180
11 442 -783.888 -651.002 180
11 443 -784.005 -652.11 180
11 444 -785.666 -651.515 180
11 445 -785.666 -651.515 180
11 446 -784.733 -652.014 180
11 447 -785.265 -650.788 180
11 448 -784.849 -652.176 180
11 449 -785.385 -650.587 180
11 450 -786.059 -652.524 180
11 451 -786.059 -652.524 180
11 452 -784.733 -652.014 180
11 453 -784.783 -652.719 180
11 454 -785.637 -652.019 180
11 455 -786.511 -652.527 180
11 456 -785.922 -652.957 180
11 457 -786.178 -652.545 180
11 458 -786.055 -653.38 180
11 459 -785.637 -652.019 180
11 460 -785.44 -653.055 180
11 461 -786.511 -652.527 180
12 37 702.727 697.218 180
12 38 700.361 693.899 180
12 39 697.077 690.172 180
12 40 696.62 688.387 180
12 41 692.748 684.626 180
12 42 691.073 682.629 180
12 43 688.496 676.641 180
12 44 684.116 670.409 180
12 45 679.414 664.966 180
12 46 673.976 657.119 180
12 47 669.375 653.059 180
12 48 661.108 645.57 180
12 49 655.82 645.233 180
12 50 647.357 641.914 180
12 51 639.408 641.062 180
12 52 629.757 633.858 180
12 53 619.223 633.192 180
12 54 611.214 627.839 180
12 55 602.051 622.421 180
12 56 594.594 616.428 180
12 57 586.569 610.409 180
12 58 578.2 607.132 180
12 59 570.311 602.513 180
12 60 562.216 595.14 180
12 61 552.507 589.052 180
12 62 542.923 584.353 180
12 63 533.355 579.661 180
12 64 525.295 576.619 180
12 65 514.575 574.414 180
12 66 502.751 570.122 180
12 67 491.764 568.252 180
12 68 479.352 562.732 180
12 69 469.392 557.642 180
12 70 459.402 551.879 180
12 71 450.39 544.355 180
12 72 441.185 538.728 180
12 73 433.4 532.857 180
12 74 425.627 526.996 180
12 75 416.731 521.078 180
12 76 408.236 513.617 180
12 77 400.343 503.982 180
12 78 388.758 494.931 180
12 79 380.072 486.736 180
12 80 368.445 480.728 180
12 81 358.211 478.81 180
12 82 347.654 475.009 180
12 83 336.644 471.831 180
12 84 327.43 470.4 180
12 85 317.621 465.192 180
12 86 307.756 458.662 180
12 87 296.033 450.424 180
12 88 285.923 446.845 180
12 89 276.302 439.572 180
12 90 266.44 435.859 180
12 91 256.185 430.682 180
12 92 244.807 424.793 180
12 93 235.046 419.649 180
12 94 221.029 409.132 180
12 95 209.99 402.325 180
12 96 197.517 393.416 180
12 97 183.656 390.719 180
12 98 171.261 385.814 180
12 99 156.941 381.489 180
12 100 142.605 378.781 180
12 101 127.257 371.217 180
12 102 117.446 363.202 180
12 103 102.785 353.37 180
12 104 87.6906 349.234 180
12 105 75.3634 339.661 180
12 106 67.7247 333.873 180
12 107 52.4377 322.806 180
12 108 43.0324 315.767 180
12 109 32.6384 309.215 180
12 110 21.2223 301.826 180
12 111 10.7287 297.449 180
12 112 -6.40045 288.391 180
12 113 -18.3079 282.737 180
12 114 -31.2446 277.676 180
12 115 -45.3949 264.362 180
12 116 -58.328 256.185 180
12 117 -68.7203 245.889 180
12 118 -82.5655 236.211 180
12 119 -91.5685 231.212 180
12 120 -103.943 221.469 180
12 121 -117.273 210.89 180
12 122 -128.983 200.416 180
12 123 -140.103 192.476 180
12 124 -152.904 186.225 180
12 125 -164.837 180.244 180
12 126 -176.907 173.544 180
12 127 -186.872 165.72 180
12 128 -202.305 157.577 180
12 129 -212.907 147.704 180
12 130 -221.975 138.188 180
12 131 -233.758 124.559 180
12 132 -242.174 113.066 180
12 133 -251.323 105.005 180
12 134 -259.094 95.4291 180
12 135 -267.764 83.1876 180
12 136 -276.969 70.7833 180
12 137 -286.153 61.4175 180
12 138 -298.356 50.5874 180
12 139 -307.552 42.7255 180
12 140 -318.503 34.5213 180
12 141 -328.759 26.8535 180
12 142 -337.085 16.7917 180
12 143 -348.807 3.68252 180
12 144 -359.789 -8.51972 180
12 145 -370.185 -21.8686 180
12 146 -378.358 -34.1487 180
12 147 -383.507 -43.3972 180
12 148 -390.391 -52.9746 180
12 149 -398.704 -66.0656 180
12 150 -404.963 -75.936 180
12 151 -412.221 -88.3153 180
12 152 -419.241 -100.408 180
12 153 -428.297 -112.704 180
12 154 -436.039 -122.708 180
12 155 -444.788 -130.101 180
12 156 -452.525 -138.666 180
12 157 -461.152 -150.335 180
12 158 -469.285 -160.815 180
12 159 -476.932 -174.313 180
12 160 -484.086 -187.976 180
12 161 -489.861 -202.681 180
12 162 -495.433 -214.073 180
12 163 -499.531 -225.394 180
12 164 -503.616 -236.683 180
12 165 -508.675 -247.409 180
12 166 -513.647 -260.826 180
12 167 -517.648 -273.733 180
12 168 -523.053 -287.682 180
12 169 -529.845 -297.286 180
12 170 -536.42 -308.354 180
12 171 -543.82 -317.84 180
12 172 -550.721 -327.291 180
12 173 -557.285 -337.692 180
12 174 -564.156 -349.81 180
12 175 -570.55 -363.485 180
12 176 -575.345 -374.575 180
12 177 -580.598 -388.994 180
12 178 -584.613 -397.343 180
12 179 -587.586 -407.062 180
12 180 -590.985 -417.836 180
12 181 -594.298 -430.715 180
12 182 -597.562 -444.617 180
12 183 -601.402 -455.299 180
12 184 -606.131 -467.023 180
12 185 -611.742 -479.78 180
12 186 -617.113 -486.176 180
12 187 -624.258 -494.686 180
12 188 -630.309 -503.035 180
12 189 -634.934 -511.022 180
12 190 -641.307 -522.792 180
12 191 -645.478 -533.637 180
12 192 -650.092 -545.12 180
12 193 -657.465 -556.597 180
12 194 -659.875 -564.893 180
12 195 -662.131 -573.19 180
12 196 -665.186 -580.408 180
12 197 -666.752 -586.592 180
12 198 -670.884 -599.227 180
12 199 -672.721 -607.144 180
12 200 -675.922 -617.382 180
12 201 -679.163 -626.576 180
12 202 -682.758 -637.781 180
12 203 -688.721 -646.942 180
12 204 -692.176 -651.01 180
12 205 -695.627 -655.074 180
12 206 -700.615 -659.624 180
12 207 -702.872 -665.204 180
12 208 -706.813 -668.245 180
12 209 -710.599 -674.3 180
12 210 -714.182 -680.806 180
12 211 -718.101 -687.381 180
12 212 -721.014 -692.4 180
12 213 -723.926 -700.1 180
12 214 -724.256 -705.124 180
12 215 -724.359 -708.197 180
12 216 -724.906 -711.308 180
12 217 -723.523 -713.876 180
12 218 -723.982 -717.62 180
12 219 -721.852 -718.332 180
12 220 -722.235 -721.337 180
12 221 -720.78 -723.323 180
12 222 -721.656 -723.821 180
12 223 -720.175 -726.303 180
12 224 -720.15 -726.799 180
12 225 -720.124 -727.296 180
12 226 -720.022 -729.282 180
12 227 -719.82 -729.837 180
12 228 -720.965 -731.476 180
12 229 -720.668 -734.243 180
12 230 -720.642 -734.739 180
12 231 -719.08 -738.325 180
12 232 -719.48 -739.316 180
12 233 -719.461 -740.188 180
12 234 -719.257 -744.147 180
12 235 -718.332 -744.641 180
12 236 -718.307 -745.135 180
12 237 -718.205 -747.113 180
12 238 -718.18 -747.608 180
12 239 -717.704 -748.102 180
12 240 -717.255 -748.101 180
12 241 -717.628 -749.584 180
12 242 -717.204 -749.09 180
12 243 -718.078 -749.585 180
12 244 -717.204 -749.09 180
12 245 -718.104 -749.091 180
12 246 -718.18 -747.608 180
12 247 -718.205 -747.113 180
12 248 -718.205 -747.113 180
12 249 -719.206 -745.136 180
12 250 -720.259 -742.169 180
12 251 -719.225 -741.277 180
12 252 -719.512 -739.197 180
12 253 -720.463 -738.208 180
12 254 -720.591 -735.73 180
12 255 -720.617 -735.235 180
12 256 -721.356 -733.997 180
12 257 -720.719 -733.252 180
12 258 -720.77 -732.26 180
12 259 -721.696 -731.765 180
12 260 -721.773 -730.277 180
12 261 -721.825 -729.285 180
12 262 -720.949 -728.787 180
12 263 -720.022 -729.282 180
12 264 -718.357 -729.398 180
12 265 -717.368 -728.284 180
12 266 -717.368 -728.284 180
12 267 -717.12 -727.966 180
12 268 -717.12 -727.966 180
12 269 -717.12 -727.966 180
12 270 -717.419 -727.291 180
12 271 -718.219 -729.279 180
12 272 -718.321 -727.293 180
12 273 -719.648 -727.792 180
12 274 -721.476 -727.298 180
12 275 -721.927 -727.299 180
12 276 -721.927 -727.299 180
12 277 -721.927 -727.299 180
12 278 -722.378 -727.3 180
12 279 -722.828 -727.301 180
12 280 -722.828 -727.301 180
12 281 -722.828 -727.301 180
12 282 -722.828 -727.301 180
12 283 -722.803 -727.797 180
12 284 -722.751 -728.79 180
12 285 -722.726 -729.286 180
12 286 -722.777 -728.293 180
12 287 -722.726 -729.286 180
12 288 -722.623 -731.271 180
12 289 -722.674 -730.279 180
12 290 -722.623 -731.271 180
12 291 -722.623 -731.271 180
12 292 -722.623 -731.271 180
12 293 -722.623 -731.271 180
12 294 -722.623 -731.271 180
12 295 -722.623 -731.271 180
12 296 -722.597 -731.767 180
12 297 -721.696 -731.765 180
12 298 -720.744 -732.756 180
12 299 -720.77 -732.26 180
12 300 -720.228 -732.993 180
12 301 -718.968 -732.257 180
12 302 -718.968 -732.257 180
12 303 -719.553 -733.151 180
12 304 -719.413 -733.448 180
12 305 -718.968 -732.257 180
12 306 -718.968 -732.257 180
12 307 -717.165 -732.255 180
12 308 -717.165 -732.255 180
12 309 -717.481 -731.938 180
12 310 -718.016 -733.248 180
12 311 -718.993 -731.761 180
12 312 -718.092 -731.76 180
12 313 -718.968 -732.257 180
12 314 -718.993 -731.761 180
12 315 -718.905 -732.118 180
12 316 -718.993 -731.761 180
12 317 -718.968 -732.257 180
12 318 -718.993 -731.761 180
12 319 -718.993 -731.761 180
12 320 -719.894 -731.763 180
12 321 -719.07 -730.273 180
12 322 -719.019 -731.265 180
12 323 -719.07 -730.273 180
12 324 -719.07 -730.273 180
12 325 -719.92 -731.267 180
12 326 -719.92 -731.267 180
12 327 -719.92 -731.267 180
12 328 -719.92 -731.267 180
12 329 -719.92 -731.267 180
12 330 -720.148 -730.126 180
12 331 -719.92 -731.267 180
12 332 -719.548 -729.837 180
12 333 -719.92 -731.267 180
12 334 -719.095 -729.776 180
12 335 -719.07 -730.273 180
12 336 -719.095 -729.776 180
12 337 -719.095 -729.776 180
12 338 -719.044 -730.769 180
12 339 -719.775 -729.817 180
12 340 -719.095 -729.776 180
12 341 -719.095 -729.776 180
12 342 -719.095 -729.776 180
12 343 -719.12 -729.28 180
12 344 -719.642 -730.482 180
12 345 -719.971 -730.274 180
12 346 -719.07 -730.273 180
12 347 -719.095 -729.776 180
12 348 -719.095 -729.776 180
12 349 -719.095 -729.776 180
12 350 -719.048 -730.193 180
12 351 -719.044 -730.769 180
12 352 -719.92 -731.267 180
12 353 -719.996 -729.778 180
12 354 -719.996 -729.778 180
12 355 -719.095 -729.776 180
12 356 -719.12 -729.28 180
12 357 -719.07 -730.273 180
12 358 -719.12 -729.28 180
12 359 -718.719 -730.074 180
12 360 -719.12 -729.28 180
12 361 -719.172 -728.287 180
12 362 -719.12 -729.28 180
12 363 -719.12 -729.28 180
12 364 -719.095 -729.776 180
12 365 -718.876 -728.406 180
12 366 -718.775 -728.982 180
12 367 -719.12 -729.28 180
12 368 -719.172 -728.287 180
12 369 -719.095 -729.776 180
12 370 -719.172 -728.287 180
12 371 -719.12 -729.28 180
12 372 -719.12 -729.28 180
12 373 -719.172 -728.287 180
12 374 -719.971 -730.274 180
12 375 -720.099 -727.792 180
12 376 -719.12 -729.28 180
12 377 -719.197 -727.791 180
12 378 -719.172 -728.287 180
12 379 -719.172 -728.287 180
12 380 -719.12 -729.28 180
12 381 -719.172 -728.287 180
12 382 -719.12 -729.28 180
12 383 -719.12 -729.28 180
12 384 -719.12 -729.28 180
12 385 -719.12 -729.28 180
12 386 -719.172 -728.287 180
12 387 -719.172 -728.287 180
12 388 -719.223 -727.294 180
12 389 -719.197 -727.791 180
12 390 -719.197 -727.791 180
12 391 -719.223 -727.294 180
12 392 -719.197 -727.791 180
12 393 -718.321 -727.293 180
12 394 -720.073 -728.289 180
12 395 -718.751 -726.876 180
12 396 -719.382 -727.692 180
12 397 -719.382 -727.692 180
12 398 -719.223 -727.294 180
12 399 -720.15 -726.799 180
12 400 -720.124 -727.296 180
12 401 -719.223 -727.294 180
12 402 -719.673 -727.295 180
12 403 -719.673 -727.295 180
12 404 -719.223 -727.294 180
12 405 -719.386 -726.748 180
12 406 -719.223 -727.294 180
12 407 -719.223 -727.294 180
12 408 -719.223 -727.294 180
12 409 -719.199 -728.009 180
12 410 -719.273 -726.301 180
12 411 -719.045 -727.751 180
12 412 -719.223 -727.294 180
12 413 -719.099 -728.843 180
12 414 -718.246 -726.995 180
12 415 -719.099 -728.843 180
12 416 -718.981 -728.059 180
12 417 -719.12 -729.28 180
12 418 -718.707 -730.153 180
12 419 -719.095 -729.776 180
12 420 -718.683 -730.361 180
12 421 -718.789 -730.689 180
12 422 -718.779 -730.6 180
12 423 -718.268 -731.036 180
12 424 -718.541 -730.917 180
12 425 -719.92 -731.267 180
12 426 -719.019 -731.265 180
12 427 -719.019 -731.265 180
12 428 -719.019 -731.265 180
12 429 -719.019 -731.265 180
12 430 -719.019 -731.265 180
12 431 -719.019 -731.265 180
12 432 -718.092 -731.76 180
12 433 -718.168 -730.271 180
12 434 -719.019 -731.265 180
12 435 -719.019 -731.265 180
12 436 -718.993 -731.761 180
12 437 -718.993 -731.761 180
12 438 -718.993 -731.761 180
12 439 -719.019 -731.265 180
12 440 -718.993 -731.761 180
12 441 -720.795 -731.764 180
12 442 -720.795 -731.764 180
12 443 -720.795 -731.764 180
12 444 -720.795 -731.764 180
12 445 -720.625 -731.972 180
12 446 -720.73 -732.002 180
12 447 -720.795 -731.764 180
12 448 -721.722 -731.269 180
12 449 -721.246 -731.765 180
12 450 -719.92 -731.267 180
12 451 -719.894 -731.763 180
12 452 -719.92 -731.267 180
12 453 -720.184 -731.694 180
12 454 -720.795 -731.764 180
12 455 -720.77 -732.26 180
12 456 -720.77 -732.26 180
12 457 -720.77 -732.26 180
12 458 -719.818 -733.251 180
12 459 -718.917 -733.249 180
12 460 -719.818 -733.251 180
12 461 -720.719 -733.252 180
13 37 -707.809 682.524 180
13 38 -707.705 682.321 180
13 39 -707.91 683.16 180
13 40 -707.765 682.234 180
13 41 -707.735 682.515 180
13 42 -707.451 682.256 180
13 43 -707.924 680.824 180
13 44 -707.794 680.495 180
13 45 -707.72 679.993 180
13 46 -707.242 679.865 180
13 47 -707.366 679.817 180
13 48 -707.403 677.516 180
13 49 -706.794 678.009 180
13 50 -707.477 673.171 180
13 51 -707.098 676.535 180
13 52 -705.385 673.316 180
13 53 -706.374 671.913 180
13 54 -704.224 670.727 180
13 55 -703.992 669.225 180
13 56 -702.448 668.449 180
13 57 -700.83 664.961 180
13 58 -699.473 663.643 180
13 59 -697.467 659.863 180
13 60 -695.235 656.687 180
13 61 -692.63 652.076 180
13 62 -690.197 649.051 180
13 63 -686.197 646.869 180
13 64 -682.909 643.899 180
13 65 -680.984 641.705 180
13 66 -678.209 637.911 180
13 67 -675.202 637.141 180
13 68 -671.651 633.83 180
13 69 -667.464 631.34 180
13 70 -664.824 630.854 180
13 71 -661.532 627.099 180
13 72 -659.363 625.257 180
13 73 -656.271 619.837 180
13 74 -653.137 616.011 180
13 75 -650.517 613.276 180
13 76 -648.74 609.232 180
13 77 -643.849 603.152 180
13 78 -642.559 596.644 180
13 79 -640.373 594.152 180
13 80 -636.572 590.449 180
13 81 -634.202 585.734 180
13 82 -631.25 581.403 180
13 83 -627.643 575.963 180
13 84 -624.471 574.141 180
13 85 -622.836 572.277 180
13 86 -619.251 570.589 180
13 87 -615.255 564.893 180
13 88 -611.929 560.977 180
13 89 -607.973 553.831 180
13 90 -603.241 549.944 180
13 91 -599.481 546.913 180
13 92 -595.549 538.671 180
13 93 -592.279 537.068 180
13 94 -588.183 532.257 180
13 95 -584.888 532.161 180
13 96 -581.065 525.632 180
13 97 -577.067 522.743 180
13 98 -573.123 517.529 180
13 99 -569.68 513.572 180
13 100 -566.222 509.755 180
13 101 -563.769 502.83 180
13 102 -559.832 498.594 180
13 103 -555.437 491.086 180
13 104 -552.849 487.459 180
13 105 -548.928 482.42 180
13 106 -545.295 478.66 180
13 107 -541.451 475.463 180
13 108 -538.043 473.31 180
13 109 -535.365 472.269 180
13 110 -532.523 469.037 180
13 111 -531.133 467.78 180
13 112 -524.207 455.502 180
13 113 -520.951 450.546 180
13 114 -516.689 446.936 180
13 115 -512.397 442.045 180
13 116 -508.699 439.586 180
13 117 -505.443 434.745 180
13 118 -502.422 432.199 180
13 119 -497.96 426.84 180
13 120 -495.284 423.791 180
13 121 -492.015 421.184 180
13 122 -488.977 416.802 180
13 123 -485.931 413.812 180
13 124 -482.822 408.438 180
13 125 -480.151 403.937 180
13 126 -476.798 398.13 180
13 127 -473.31 394.187 180
13 128 -470.489 388.695 180
13 129 -468.293 383.686 180
13 130 -464.434 379.086 180
13 131 -462.523 377.158 180
13 132 -457.742 371.519 180
13 133 -453.791 369.885 180
13 134 -451.829 367.332 180
13 135 -448.049 363.177 180
13 136 -446.082 360.291 180
13 137 -442.865 356.605 180
13 138 -438.917 352.082 180
13 139 -434.432 348.259 180
13 140 -432.12 342.567 180
13 141 -427.554 341.043 180
13 142 -423.858 337.451 180
13 143 -420.66 335.051 180
13 144 -415.432 330.325 180
13 145 -411.75 327.366 180
13 146 -408.012 320.635 180
13 147 -403.314 318.99 180
13 148 -400.673 315.982 180
13 149 -396.961 310.516 180
13 150 -394.043 306.672 180
13 151 -390.518 302.433 180
13 152 -387.949 296.545 180
13 153 -384.55 294.523 180
13 154 -381.349 289.17 180
13 155 -378.862 283.482 180
13 156 -374.473 281.624 180
13 157 -370.923 278.751 180
13 158 -367.437 273.179 180
13 159 -364.408 271.207 180
13 160 -360.121 267.924 180
13 161 -356.442 263.116 180
13 162 -353.797 260.941 180
13 163 -350.158 256.571 180
13 164 -345.967 251.796 180
13 165 -340.882 247.671 180
13 166 -336.561 242.925 180
13 167 -334.212 240.864 180
13 168 -329.417 237.344 180
13 169 -326.567 234.568 180
13 170 -322.575 231.38 180
13 171 -319.558 228.098 180
13 172 -317.26 225.233 180
13 173 -313.151 220.98 180
13 174 -309.789 216.347 180
13 175 -307.339 211.468 180
13 176 -303.812 206.27 180
13 177 -301.079 201.879 180
13 178 -298.477 198.915 180
13 179 -295.87 194.104 180
13 180 -292.755 191.782 180
13 181 -290.095 188.884 180
13 182 -286.521 184.679 180
13 183 -282.833 183.516 180
13 184 -280.405 181.413 180
13 185 -276.148 175.31 180
13 186 -272.52 171.787 180
13 187 -268.375 167.675 180
13 188 -265.827 165.678 180
13 189 -262.162 163.043 180
13 190 -258.021 160.161 180
13 191 -254.482 156.289 180
13 192 -252.744 155.247 180
13 193 -249.227 151.972 180
13 194 -245.43 150.891 180
13 195 -243.023 147.347 180
13 196 -240.378 144.355 180
13 197 -237.336 143.924 180
13 198 -234.245 137.338 180
13 199 -232.434 137.72 180
13 200 -229.606 130.825 180
13 201 -227.541 129.693 180
13 202 -225.481 126.733 180
13 203 -222.077 123.952 180
13 204 -220.614 122.342 180
13 205 -217.746 120.358 180
13 206 -213.61 119.922 180
13 207 -211.56 115.748 180
13 208 -208.257 114.182 180
13 209 -207.956 112.249 180
13 210 -203.194 112.81 180
13 211 -200.451 112.862 180
13 212 -200.324 109.632 180
13 213 -198.145 109.006 180
13 214 -193.746 108.883 180
13 215 -192.983 106.787 180
13 216 -190.403 105.678 180
13 217 -187.963 106.608 180
13 218 -186.281 102.81 180
13 219 -183.407 103.638 180
13 220 -181.891 101.471 180
13 221 -179.278 99.144 180
13 222 -175.845 97.2575 180
13 223 -174.042 94.9294 180
13 224 -171.867 92.4728 180
13 225 -170.763 90.9242 180
13 226 -169.822 89.5245 180
13 227 -164.921 87.6003 180
13 228 -163.373 87.0563 180
13 229 -161.592 83.7966 180
13 230 -159.52 83.8789 180
13 231 -157.478 80.9336 180
13 232 -154.399 80.2 180
13 233 -153.358 79.7014 180
13 234 -150.243 79.4047 180
13 235 -148.765 80.9981 180
13 236 -146.83 78.8136 180
13 237 -142.971 80.9031 180
13 238 -140.497 81.3718 180
13 239 -138.279 81.2962 180
13 240 -135.692 82.4031 180
13 241 -134.624 84.8696 180
13 242 -132.033 87.772 180
13 243 -128.721 87.6371 180
13 244 -124.184 88.9252 180
13 245 -121.533 92.6744 180
13 246 -119.998 90.9138 180
13 247 -117.353 94.0575 180
13 248 -114.229 94.183 180
13 249 -111.185 94.4451 180
13 250 -107.448 95.0635 180
13 251 -105.373 94.5388 180
13 252 -103.279 95.2311 180
13 253 -100.701 93.5103 180
13 254 -97.0513 93.6567 180
13 255 -94.9751 93.132 180
13 256 -91.5186 92.8399 180
13 257 -88.3579 91.0585 180
13 258 -86.4317 91.4783 180
13 259 -84.592 90.5073 180
13 260 -81.0166 88.5927 180
13 261 -76.7717 90.2114 180
13 262 -74.2166 87.2732 180
13 263 -72.1275 87.3563 180
13 264 -69.8759 87.7269 180
13 265 -67.9481 87.5226 180
13 266 -62.3762 87.2298 180
13 267 -59.6777 86.8445 180
13 268 -56.5208 84.3282 180
13 269 -54.2114 82.2923 180
13 270 -50.7752 82.6869 180
13 271 -48.7002 83.4219 180
13 272 -43.0229 79.9988 180
13 273 -38.8356 80.1638 180
13 274 -33.627 79.153 180
13 275 -29.4366 79.3179 180
13 276 -26.3213 78.2245 180
13 277 -20.0609 77.2545 180
13 278 -19.042 76.0786 180
13 279 -11.51 76.8515 180
13 280 -7.54938 74.7047 180
13 281 -2.98383 68.8062 180
13 282 0.00389027 68.8152 180
13 283 4.50513 64.9858 180
13 284 9.43301 62.2649 180
13 285 14.0052 57.3246 180
13 286 17.1033 55.6244 180
13 287 22.2317 51.5776 180
13 288 25.2939 48.6654 180
13 289 29.4934 48.8242 180
13 290 33.92 45.2725 180
13 291 38.6607 45.2207 180
13 292 42.6172 43.493 180
13 293 46.045 40.9719 180
13 294 50.7366 39.9372 180
13 295 55.3323 35.8745 180
13 296 59.4594 33.6096 180
13 297 64.6175 30.7785 180
13 298 68.7839 29.7238 180
13 299 75.5523 26.0642 180
13 300 80.1504 24.1009 180
13 301 82.2341 23.5733 180
13 302 88.4216 20.1769 180
13 303 92.5245 17.3089 180
13 304 96.6484 15.0455 180
13 305 100.683 10.3681 180
13 306 104.716 5.69353 180
13 307 109.158 1.93282 180
13 308 112.933 -3.58175 180
13 309 116.272 -8.33206 180
13 310 121.873 -12.9404 180
13 311 124.841 -17.6378 180
13 312 128.859 -22.2956 180
13 313 132.875 -26.9506 180
13 314 139.089 -29.1341 180
13 315 143.076 -34.385 180
13 316 147.21 -36.0399 180
13 317 152.219 -41.8496 180
13 318 157.275 -46.4595 180
13 319 162.278 -52.2616 180
13 320 166.198 -58.6906 180
13 321 171.485 -61.4373 180
13 322 177.315 -68.4511 180
13 323 182.439 -71.2605 180
13 324 186.532 -74.2951 180
13 325 192.572 -79.2582 180
13 326 197.552 -85.0377 180
13 327 202.67 -87.8439 180
13 328 206.678 -91.8695 180
13 329 209.518 -98.2979 180
13 330 214.597 -102.65 180
13 331 219.041 -107.473 180
13 332 224.03 -112.897 180
13 333 226.28 -120.765 180
13 334 230.874 -127.195 180
13 335 236.118 -132.918 180
13 336 240.075 -137.509 180
13 337 244.617 -142.904 180
13 338 250.607 -146.609 180
13 339 256.848 -150.507 180
13 340 262.115 -156.846 180
13 341 267.11 -161.395 180
13 342 270.987 -167.143 180
13 343 275.812 -174.614 180
13 344 279.649 -180.936 180
13 345 285.39 -184.821 180
13 346 291.606 -191.701 180
13 347 296.514 -197.397 180
13 348 301.942 -203.076 180
13 349 305.304 -208.222 180
13 350 312.473 -212.513 180
13 351 317.262 -218.372 180
13 352 322.082 -225.21 180
13 353 326.243 -229.568 180
13 354 331.85 -236.55 180
13 355 335.465 -245.71 180
13 356 339.255 -251.968 180
13 357 344.015 -259.349 180
13 358 350.038 -263.241 180
13 359 352.585 -272.386 180
13 360 358.016 -274.826 180
13 361 363.381 -283.053 180
13 362 368.269 -288.107 180
13 363 373.308 -290.863 180
13 364 377.03 -297.654 180
13 365 380.904 -302.147 180
13 366 385.842 -309.358 180
13 367 388.533 -316.55 180
13 368 397.38 -320.646 180
13 369 399.878 -329.708 180
13 370 415.324 -346.158 180
13 371 408.294 -340.946 180
13 372 414.535 -343.631 180
13 373 419.59 -350.195 180
13 374 423.992 -357.061 180
13 375 427.132 -361.452 180
13 376 431.428 -369.37 180
13 377 435.578 -376.638 180
13 378 438.719 -385.086 180
13 379 442.196 -391.75 180
13 380 447.001 -397.844 180
13 381 450.911 -401.151 180
13 382 456.602 -408.357 180
13 383 459.709 -412.043 180
13 384 464.412 -414.962 180
13 385 469.181 -420.49 180
13 386 471.91 -425.485 180
13 387 476.584 -432.124 180
13 388 481.388 -437.079 180
13 389 483.737 -443.462 180
13 390 487.642 -449.815 180
13 391 493.983 -454.625 180
13 392 498.039 -462.468 180
13 393 501.877 -466.305 180
13 394 507.608 -472.335 180
13 395 512.481 -476.154 180
13 396 517.259 -481.082 180
13 397 519.374 -488.032 180
13 398 525.581 -493.155 180
13 399 529.17 -499.742 180
13 400 531.906 -504.126 180
13 401 535.299 -512.908 180
13 402 539.866 -520.013 180
13 403 543.679 -523.821 180
13 404 546.213 -530.388 180
13 405 549.973 -534.74 180
13 406 554.622 -540.725 180
13 407 560.4 -545.598 180
13 408 564.768 -548.841 180
13 409 567.902 -554.282 180
13 410 572.587 -559.705 180
13 411 574.212 -564.605 180
13 412 578.841 -570.565 180
13 413 583.416 -577.065 180
13 414 589.323 -580.283 180
13 415 589.804 -586.264 180
13 416 595.189 -589.483 180
13 417 600.012 -592.956 180
13 418 604.149 -598.647 180
13 419 608.909 -602.952 180
13 420 612.633 -607.262 180
13 421 616.147 -613.736 180
13 422 619.866 -618.039 180
13 423 622.236 -625.59 180
13 424 626.93 -630.42 180
13 425 630.483 -636.331 180
13 426 634.085 -641.698 180
13 427 635.621 -647.072 180
13 428 641.282 -652.42 180
13 429 645.089 -655.624 180
13 430 649.003 -657.754 180
13 431 653.948 -659.878 180
13 432 656.72 -663.086 180
13 433 660.523 -666.288 180
13 434 664.325 -669.488 180
13 435 667.203 -671.62 180
13 436 671.057 -674.283 180
13 437 674.801 -678.017 180
13 438 678.819 -679.072 180
13 439 681.379 -679.373 180
13 440 684.29 -682.049 180
13 441 686.746 -682.254 180
13 442 689.049 -684.921 180
13 443 693.092 -686.725 180
13 444 695.481 -687.572 180
13 445 696.514 -687.569 180
13 446 699.388 -689.698 180
13 447 700.862 -689.532 180
13 448 702.834 -691.29 180
13 449 707.759 -692.867 180
13 450 708.461 -691.806 180
13 451 709.957 -697.144 180
13 452 712.024 -697.138 180
13 453 712.197 -700.341 180
13 454 712.713 -700.339 180
13 455 714.55 -702.469 180
13 456 716.387 -704.597 180
13 457 717.189 -706.728 180
13 458 716.844 -709.926 180
13 459 716.844 -709.926 180
13 460 717.721 -712.033 180
13 461 716.738 -713.207 180
14 37 -208.19 969.742 180
14 38 -207.072 968.397 180
14 39 -208.203 966.87 180
14 40 -208.851 965.355 180
14 41 -209.34 963.907 180
14 42 -209.347 962.472 180
14 43 -211.161 958.311 180
14 44 -212.238 956.004 180
14 45 -211.406 953.565 180
14 46 -212.936 949.935 180
14 47 -211.1 946.579 180
14 48 -211.118 942.29 180
14 49 -210.683 939.183 180
14 50 -210.445 929.573 180
14 51 -208.379 928.241 180
14 52 -206.179 919.872 180
14 53 -202.849 914.447 180
14 54 -200.633 910.358 180
14 55 -198.426 904.852 180
14 56 -195.654 900.813 180
14 57 -192.341 893.985 180
14 58 -190.967 890.197 180
14 59 -189.604 884.997 180
14 60 -189.058 882.918 180
14 61 -187.419 877.392 180
14 62 -187.041 872.18 180
14 63 -185.257 866.975 180
14 64 -185.31 859.223 180
14 65 -184.79 853.635 180
14 66 -184.291 845.242 180
14 67 -184.33 839.626 180
14 68 -182.689 835.543 180
14 69 -182.729 829.937 180
14 70 -181.085 826.561 180
14 71 -180.57 821.005 180
14 72 -180.049 816.153 180
14 73 -177.864 811.429 180
14 74 -174.59 804.001 180
14 75 -172.414 798.59 180
14 76 -170.24 793.182 180
14 77 -168.067 787.78 180
14 78 -165.921 779.604 180
14 79 -162.077 775.721 180
14 80 -159.383 767.601 180
14 81 -157.219 762.22 180
14 82 -153.95 756.923 180
14 83 -150.697 750.247 180
14 84 -149.619 747.563 180
14 85 -147.491 739.441 180
14 86 -146.617 738.461 180
14 87 -145.367 731.329 180
14 88 -145.411 727.2 180
14 89 -143.305 717.732 180
14 90 -143.364 712.241 180
14 91 -142.336 705.461 180
14 92 -141.324 697.321 180
14 93 -139.747 690.598 180
14 94 -139.289 682.442 180
14 95 -137.684 678.462 180
14 96 -137.212 671.687 180
14 97 -135.075 666.39 180
14 98 -132.924 662.457 180
14 99 -129.151 657.485 180
14 100 -129.136 653.302 180
14 101 -127.088 645.89 180
14 102 -124.411 640.651 180
14 103 -121.231 632.071 180
14 104 -119.108 626.807 180
14 105 -115.369 619.631 180
14 106 -111.625 613.136 180
14 107 -107.326 607.355 180
14 108 -105.193 603.458 180
14 109 -104.62 598.479 180
14 110 -104.229 595.313 180
14 111 -103.871 594.371 180
14 112 -100.008 584.327 180
14 113 -101.173 579.566 180
14 114 -99.047 575.686 180
14 115 -99.7014 566.448 180
14 116 -98.1595 562.382 180
14 117 -98.2829 554.376 180
14 118 -98.3857 547.713 180
14 119 -98.4678 542.389 180
14 120 -99.6596 535.676 180
14 121 -96.998 531.857 180
14 122 -97.6661 523.865 180
14 123 -96.6606 518.63 180
14 124 -95.6353 514.724 180
14 125 -95.1646 510.127 180
14 126 -93.6182 504.938 180
14 127 -91.5406 499.126 180
14 128 -89.4759 492.66 180
14 129 -87.4133 486.202 180
14 130 -85.353 479.75 180
14 131 -82.188 474.682 180
14 132 -80.6745 468.211 180
14 133 -78.6209 461.778 180
14 134 -74.9214 456.755 180
14 135 -71.766 451.704 180
14 136 -69.1543 446.626 180
14 137 -68.065 441.206 180
14 138 -65.8123 437.355 180
14 139 -66.7398 431.114 180
14 140 -66.8373 425.903 180
14 141 -66.9104 421.999 180
14 142 -65.3215 414.683 180
14 143 -67.1778 407.707 180
14 144 -67.8019 403.138 180
14 145 -67.9349 396.014 180
14 146 -66.6911 390.588 180
14 147 -68.4996 381.3 180
14 148 -68.2843 377.28 180
14 149 -68.8821 374.028 180
14 150 -68.4646 367.617 180
14 151 -66.9253 363.842 180
14 152 -66.3205 356.658 180
14 153 -64.9476 354.958 180
14 154 -63.9722 349.88 180
14 155 -62.8969 344.476 180
14 156 -61.4695 337.956 180
14 157 -60.9413 333.18 180
14 158 -59.6472 326.014 180
14 159 -56.8565 319.446 180
14 160 -53.9589 314.625 180
14 161 -50.8518 309.69 180
14 162 -48.8169 304.706 180
14 163 -46.7836 299.726 180
14 164 -44.8464 295.838 180
14 165 -43.2158 291.654 180
14 166 -42.2691 285.998 180
14 167 -41.8029 282.856 180
14 168 -40.3513 275.969 180
14 169 -40.5479 271.313 180
14 170 -39.531 264.644 180
14 171 -38.6819 260.109 180
14 172 -38.1247 255.889 180
14 173 -38.304 247.702 180
14 174 -36.581 242.39 180
14 175 -36.4384 235.859 180
14 176 -36.5078 232.721 180
14 177 -33.4439 227.225 180
14 178 -34.5908 223.417 180
14 179 -33.2753 218.186 180
14 180 -31.0985 213.576 180
14 181 -30.653 209.85 180
14 182 -28.6732 203.703 180
14 183 -26.8469 198.345 180
14 184 -25.2499 191.404 180
14 185 -24.3065 186.473 180
14 186 -21.2307 182.261 180
14 187 -19.2754 175.522 180
14 188 -17.7767 171.869 180
14 189 -15.2811 165.784 180
14 190 -14.8731 160.853 180
14 191 -13.4082 155.971 180
14 192 -12.9405 153.52 180
14 193 -12.5341 148.6 180
14 194 -12.7633 145.733 180
14 195 -12.7325 140.579 180
14 196 -13.1135 135.398 180
14 197 -11.9061 131.383 180
14 198 -13.6704 123.938 180
14 199 -13.7311 121.481 180
14 200 -15.0059 115.009 180
14 201 -15.5822 110.375 180
14 202 -16.2283 105.454 180
14 203 -17.9248 100.496 180
14 204 -18.569 95.5857 180
14 205 -18.6873 90.7019 180
14 206 -18.7761 87.042 180
14 207 -18.8943 82.1663 180
14 208 -18.9534 79.7302 180
14 209 -18.0231 74.903 180
14 210 -19.1599 71.2139 180
14 211 -19.2483 67.5685 180
14 212 -19.3367 63.9258 180
14 213 -18.4077 59.1132 180
14 214 -19.5719 54.2253 180
14 215 -18.5847 51.843 180
14 216 -19.2254 46.9822 180
14 217 -18.6141 46.3528 180
14 218 -19.059 39.6596 180
14 219 -18.357 39.7692 180
14 220 -19.519 34.9011 180
14 221 -19.032 32.6245 180
14 222 -19.4975 29.35 180
14 223 -20.2748 25.2386 180
14 224 -20.3624 21.6274 180
14 225 -20.4645 17.4175 180
14 226 -20.5519 13.812 180
14 227 -20.6538 9.60895 180
14 228 -21.2615 5.99076 180
14 229 -22.3889 2.35654 180
14 230 -22.9667 -0.0584021 180
14 231 -23.053 -3.65051 180
14 232 -23.6015 -4.86584 180
14 233 -23.1536 -7.83816 180
14 234 -23.2255 -10.8272 180
14 235 -22.4818 -12.7019 180
14 236 -21.7828 -15.5514 180
14 237 -21.3214 -17.921 180
14 238 -19.793 -19.0603 180
14 239 -17.8043 -22.5673 180
14 240 -17.3 -23.1457 180
14 241 -15.2681 -24.8625 180
14 242 -13.7108 -24.809 180
14 243 -12.2371 -27.2545 180
14 244 -11.2054 -28.2955 180
14 245 -9.17458 -30.0115 180
14 246 -8.6065 -32.5373 180
14 247 -7.17483 -32.9181 180
14 248 -5.72562 -37.0308 180
14 249 -5.26849 -39.3921 180
14 250 -4.82706 -42.3467 180
14 251 -3.36438 -45.8587 180
14 252 -2.82586 -48.6321 180
14 253 -3.56622 -53.5723 180
14 254 -3.6438 -56.5359 180
14 255 -3.20355 -59.4807 180
14 256 -3.29672 -63.0325 180
14 257 -3.37424 -65.9902 180
14 258 -2.90343 -67.7474 180
14 259 -1.21344 -74.6004 180
14 260 -0.0345628 -76.5077 180
14 261 0.467317 -80.5481 180
14 262 2.3607 -83.503 180
14 263 4.26847 -89.3284 180
14 264 6.17422 -95.148 180
14 265 8.6266 -99.7706 180
14 266 11.0281 -106.151 180
14 267 14.5412 -109.561 180
14 268 18.891 -114.662 180
14 269 23.017 -114.959 180
14 270 27.0917 -117.732 180
14 271 30.0577 -125.482 180
14 272 32.1036 -126.006 180
14 273 33.9903 -131.791 180
14 274 35.9819 -134.068 180
14 275 37.4214 -137.527 180
14 276 39.3396 -142.135 180
14 277 39.6746 -147.949 180
14 278 41.5538 -153.712 180
14 279 42.9163 -159.484 180
14 280 43.2124 -166.44 180
14 281 43.5443 -172.226 180
14 282 46.0263 -178.179 180
14 283 46.7377 -184.866 180
14 284 48.3593 -190.309 180
14 285 49.9979 -195.169 180
14 286 51.9008 -199.73 180
14 287 53.8023 -204.287 180
14 288 55.6267 -211.143 180
14 289 58.2301 -214.49 180
14 290 60.0362 -220.829 180
14 291 62.3021 -225.9 180
14 292 65.692 -231.545 180
14 293 67.5047 -238.368 180
14 294 69.8266 -245.17 180
14 295 73.7188 -250.786 180
14 296 76.968 -256.001 180
14 297 79.4092 -263.19 180
14 298 81.1679 -271.112 180
14 299 82.577 -274.489 180
14 300 82.7811 -282.997 180
14 301 83.6052 -286.991 180
14 302 83.9016 -294.298 180
14 303 84.2269 -299.38 180
14 304 84.4699 -306.715 180
14 305 83.7367 -312.933 180
14 306 84.3876 -319.924 180
14 307 83.2481 -326.447 180
14 308 83.9985 -333.73 180
14 309 83.7746 -339.902 180
14 310 83.4902 -347.745 180
14 311 83.7935 -353.33 180
14 312 85.6144 -358.879 180
14 313 86.8867 -365.549 180
14 314 89.2301 -370.519 180
14 315 91.004 -377.165 180
14 316 93.3224 -382.682 180
14 317 96.6484 -388.176 180
14 318 99.4735 -393.762 180
14 319 102.261 -399.72 180
14 320 106.062 -405.745 180
14 321 109.946 -409.551 180
14 322 112.754 -415.03 180
14 323 115.807 -419.595 180
14 324 118.45 -423.767 180
14 325 121.229 -429.785 180
14 326 123.064 -434.16 180
14 327 124.876 -439.082 180
14 328 126.472 -444.311 180
14 329 127.946 -450.018 180
14 330 128.724 -455.489 180
14 331 130.956 -462.684 180
14 332 131.976 -468.772 180
14 333 133.949 -475.81 180
14 334 135.581 -483.215 180
14 335 136.839 -489.232 180
14 336 139.067 -495.729 180
14 337 140.884 -500.052 180
14 338 143.608 -506.531 180
14 339 147.363 -511.778 180
14 340 150.691 -516.202 180
14 341 153.931 -522.117 180
14 342 156.764 -525.87 180
14 343 160.973 -532.305 180
14 344 164.228 -537.665 180
14 345 168.981 -543.006 180
14 346 173.179 -549.424 180
14 347 178.526 -552.6 180
14 348 182.347 -560.066 180
14 349 186.982 -563.803 180
14 350 190.167 -570.211 180
14 351 193.427 -575.005 180
14 352 195.266 -578.202 180
14 353 198.582 -583.396 180
14 354 198.336 -586.734 180
14 355 200.51 -593.125 180
14 356 202.844 -596.308 180
14 357 203.978 -605.05 180
14 358 205.727 -608.667 180
14 359 207.355 -615.44 180
14 360 209.075 -620.739 180
14 361 210.793 -626.033 180
14 362 212.483 -631.851 180
14 363 215.826 -634.478 180
14 364 217.484 -640.817 180
14 365 219.859 -642.918 180
14 366 222.066 -648.188 180
14 367 223.774 -653.456 180
14 368 227.082 -656.603 180
14 369 228.674 -663.969 180
14 370 230.929 -668.168 180
14 371 234.117 -673.41 180
14 372 236.312 -678.653 180
14 373 241.04 -682.832 180
14 374 242.648 -689.639 180
14 375 243.931 -693.3 180
14 376 246.554 -699.568 180
14 377 246.678 -702.849 180
14 378 248.097 -707.398 180
14 379 247.834 -712.093 180
14 380 247.601 -716.262 180
14 381 247.426 -719.386 180
14 382 246.27 -725.921 180
14 383 244.796 -732.176 180
14 384 243.421 -738.09 180
14 385 242.148 -743.271 180
14 386 239.948 -747.412 180
14 387 238.13 -753.615 180
14 388 237.074 -757.785 180
14 389 235.104 -763.931 180
14 390 234.766 -770.109 180
14 391 234.54 -774.223 180
14 392 233.768 -779.359 180
14 393 233.543 -783.465 180
14 394 232.17 -790.638 180
14 395 231.834 -796.779 180
14 396 231.499 -802.911 180
14 397 230.675 -809.034 180
14 398 230.829 -815.151 180
14 399 229.059 -820.745 180
14 400 229.619 -828.37 180
14 401 229.134 -834.56 180
14 402 227.358 -841.243 180
14 403 226.905 -846.161 180
14 404 224.402 -852.66 180
14 405 223.123 -856.35 180
14 406 220.803 -859.749 180
14 407 217.493 -863.724 180
14 408 215.939 -868.297 180
14 409 211.626 -873.756 180
14 410 209.451 -878.263 180
14 411 205.776 -883.759 180
14 412 203.098 -888.752 180
14 413 198.925 -894.728 180
14 414 196.333 -898.209 180
14 415 191.739 -903.169 180
14 416 189.585 -907.64 180
14 417 187.559 -909.619 180
14 418 185.41 -914.082 180
14 419 183.362 -916.553 180
14 420 182.733 -919.529 180
14 421 181.143 -922.496 180
14 422 180.564 -924.476 180
14 423 179.887 -928.437 180
14 424 179.26 -931.405 180
14 425 178.129 -934.861 180
14 426 177.479 -938.318 180
14 427 177.284 -942.27 180
14 428 177.064 -946.712 180
14 429 176.894 -950.163 180
14 430 175.767 -953.603 180
14 431 174.64 -957.041 180
14 432 174.761 -961.588 180
14 433 174.374 -962.45 180
14 434 175.161 -965.898 180
14 435 175.064 -967.862 180
14 436 174.967 -969.825 180
14 437 176.772 -970.039 180
14 438 178.966 -971.091 180
14 439 178.642 -972.805 180
14 440 181.507 -972.833 180
14 441 182.364 -974.804 180
14 442 185.081 -977.773 180
14 443 186.992 -977.792 180
14 444 188.853 -978.791 180
14 445 190.713 -979.79 180
14 446 192.121 -980.294 180
14 447 193.92 -979.714 180
14 448 197.426 -980.161 180
14 449 198.761 -981.341 180
14 450 202.863 -980.647 180
14 451 204.698 -982.137 180
14 452 206.533 -982.185 180
14 453 207.994 -983.151 180
14 454 208.698 -983.403 180
14 455 209.568 -986.127 180
14 456 210.959 -985.877 180
14 457 210.402 -987.34 180
14 458 211.896 -988.042 180
14 459 212.289 -987.85 180
14 460 211.984 -989.071 180
14 461 212.184 -989.807 180
15 37 305.905 -995.613 170
15 38 305.486 -995.363 170
15 39 305.318 -993.766 170
15 40 305.021 -992.365 170
15 41 303.595 -992.438 170
15 42 303.238 -990.465 170
15 43 303.679 -988.105 170
15 44 303.615 -984.555 170
15 45 301.807 -982.563 170
15 46 301.996 -979.604 170
15 47 301.217 -976.633 170
15 48 300.437 -973.661 170
15 49 298.752 -969.689 170
15 50 296.727 -964.918 170
15 51 295.826 -958.756 170
15 52 293.327 -955.767 170
15 53 290.914 -947.802 170
15 54 286.674 -945.778 170
15 55 285.04 -940.791 170
15 56 281.862 -932.619 170
15 57 278.88 -927.191 170
15 58 274.485 -922.765 170
15 59 270.96 -916.745 170
15 60 267.938 -906.426 170
15 61 267.052 -900.696 170
15 62 264.12 -892.646 170
15 63 262.275 -882.578 170
15 64 259.441 -868.81 170
15 65 258.952 -861.248 170
15 66 256.488 -852.855 170
15 67 253.65 -844.752 170
15 68 252.591 -836.409 170
15 69 249.709 -826.334 170
15 70 246.304 -817.086 170
15 71 244.692 -807.213 170
15 72 242.791 -795.924 170
15 73 238.601 -786.847 170
15 74 235.913 -776.584 170
15 75 233.536 -767.352 170
15 76 232.073 -758.063 170
15 77 230.607 -748.755 170
15 78 226.839 -736.32 170
15 79 226.835 -725.712 170
15 80 226.29 -715.393 170
15 81 224.664 -705.075 170
15 82 223.486 -697.247 170
15 83 220.984 -688.351 170
15 84 217.568 -677.868 170
15 85 215.388 -668.665 170
15 86 213.187 -658.444 170
15 87 211.15 -648.391 170
15 88 210.139 -637.074 170
15 89 207.256 -627.227 170
15 90 202.755 -617.693 170
15 91 202.335 -608.977 170
15 92 200.488 -598.419 170
15 93 199.08 -586.969 170
15 94 197.26 -577.684 170
15 95 196.368 -565.343 170
15 96 195.682 -556.083 170
15 97 192.806 -545.984 170
15 98 191.439 -537.159 170
15 99 190.236 -526.54 170
15 100 187.838 -516.444 170
15 101 185.345 -506.939 170
15 102 181.531 -493.092 170
15 103 182.142 -485.276 170
15 104 180.407 -472.428 170
15 105 178.979 -466.701 170
15 106 177.017 -455.041 170
15 107 174.919 -445.317 170
15 108 172.313 -435.981 170
15 109 171.858 -423.829 170
15 110 171.961 -413.845 170
15 111 171.912 -403.831 170
15 112 167.202 -392.26 170
15 113 165.594 -382.811 170
15 114 162.938 -373.921 170
15 115 161.273 -365.56 170
15 116 159.655 -356.061 170
15 117 158.009 -347.108 170
15 118 157.483 -335.865 170
15 119 155.29 -327.327 170
15 120 154.227 -316.74 170
15 121 152.521 -308.852 170
15 122 150.08 -300.117 170
15 123 149.053 -294.178 170
15 124 146.881 -287.393 170
15 125 144.692 -276.065 170
15 126 143.905 -270.378 170
15 127 145.321 -261.206 170
15 128 143.551 -254.38 170
15 129 144.429 -245.762 170
15 130 142.41 -238.635 170
15 131 142.357 -233.751 170
15 132 140.436 -230.347 170
15 133 139.691 -223.456 170
15 134 140.463 -216.298 170
15 135 140.123 -213.062 170
15 136 140.459 -204.963 170
15 137 140.4 -200.405 170
15 138 138.724 -196.904 170
15 139 138.94 -191.681 170
15 140 139.108 -187.616 170
15 141 138.782 -182.979 170
15 142 138.455 -178.338 170
15 143 138.695 -172.512 170
15 144 139.879 -168.985 170
15 145 139.552 -164.331 170
15 146 139.745 -159.657 170
15 147 140.41 -156.135 170
15 148 141.693 -150.253 170
15 149 141.887 -145.565 170
15 150 139.525 -139.774 170
15 151 139.197 -135.092 170
15 152 138.371 -129.833 170
15 153 135.979 -124.614 170
15 154 133.514 -121.158 170
15 155 132.257 -113.542 170
15 156 131.308 -111.214 170
15 157 131.047 -104.734 170
15 158 130.191 -100.036 170
15 159 128.251 -92.3777 170
15 160 127.478 -89.4759 170
15 161 125.572 -84.7976 170
15 162 124.713 -80.0828 170
15 163 122.805 -75.3969 170
15 164 121.311 -68.8902 170
15 165 120.313 -64.9652 170
15 166 120.31 -58.8311 170
15 167 118.872 -52.6814 170
15 168 117.577 -48.1912 170
15 169 116.757 -42.2479 170
15 170 115.631 -34.6705 170
15 171 117.217 -30.2704 170
15 172 116.35 -25.5068 170
15 173 113.109 -18.9925 170
15 174 114.155 -13.0417 170
15 175 111.726 -8.8556 170
15 176 111.908 -4.03657 170
15 177 111.012 0.146999 170
15 178 111.354 9.20338 170
15 179 110.525 15.2124 170
15 180 109.413 22.3999 170
15 181 109.44 28.4831 170
15 182 109.779 32.196 170
15 183 108.745 38.1596 170
15 184 108.152 43.804 170
15 185 107.886 50.5859 170
15 186 107.351 57.5679 170
15 187 108.386 64.8951 170
15 188 108.072 71.5818 170
15 189 107.545 77.1113 170
15 190 108.429 84.0592 170
15 191 110.173 90.6904 170
15 192 108.896 99.2349 170
15 193 109.261 109.09 170
15 194 108.027 118.901 170
15 195 110.046 127.38 170
15 196 109.598 132.555 170
15 197 109.979 142.254 170
15 198 110.451 148.388 170
15 199 110.472 156.152 170
15 200 110.702 162.381 170
15 201 108.927 172.27 170
15 202 109.203 179.769 170
15 203 105.765 188.368 170
15 204 105.593 198.376 170
15 205 102.557 207.622 170
15 206 100.805 214.478 170
15 207 99.0654 222.953 170
15 208 97.0809 230.674 170
15 209 92.5634 239.931 170
15 210 89.1181 249.25 170
15 211 87.016 260.19 170
15 212 84.0855 270.387 170
15 213 80.436 279.286 170
15 214 76.4076 288.003 170
15 215 74.5807 298.118 170
15 216 71.0085 307.908 170
15 217 66.4177 316.511 170
15 218 61.9837 326.165 170
15 219 57.8087 335.323 170
15 220 52.0567 345.578 170
15 221 45.7742 354.725 170
15 222 40.9493 365.768 170
15 223 29.3298 372.912 170
15 224 26.288 384.407 170
15 225 19.9078 389.253 170
15 226 14.754 396.629 170
15 227 7.4436 410.672 170
15 228 -6.51041 420.933 170
15 229 -9.89753 434.503 170
15 230 -16.6667 447.21 170
15 231 -24.0838 455.969 170
15 232 -30.3459 468.089 170
15 233 -36.7044 476.275 170
15 234 -43.0285 486.45 170
15 235 -51.5227 496.009 170
15 236 -57.7991 511.355 170
15 237 -64.6289 521.905 170
15 238 -70.7284 532.342 170
15 239 -77.4288 542.713 170
15 240 -85.4988 550.215 170
15 241 -91.9551 556.488 170
15 242 -99.9173 565.39 170
15 243 -110.294 572.723 170
15 244 -115.608 583.772 170
15 245 -121.122 596.978 170
15 246 -126.812 605.893 170
15 247 -132.718 615.614 170
15 248 -140.3 623.216 170
15 249 -145.695 630.968 170
15 250 -152.54 637.905 170
15 251 -159.226 644.802 170
15 252 -165.347 654.25 170
15 253 -173.326 667.09 170
15 254 -178.022 677.345 170
15 255 -182.539 682.803 170
15 256 -189.953 692.749 170
15 257 -197.812 699.505 170
15 258 -203.257 708.705 170
15 259 -207.545 717.634 170
15 260 -215.88 728.542 170
15 261 -221.008 737.311 170
15 262 -227.283 748.032 170
15 263 -229.701 758.259 170
15 264 -234.975 765.617 170
15 265 -239.37 773.6 170
15 266 -243.926 781.075 170
15 267 -248.179 786.818 170
15 268 -253.14 796.173 170
15 269 -257.5 803.45 170
15 270 -261.379 812.335 170
15 271 -266.289 817.5 170
15 272 -268.618 825.672 170
15 273 -271.667 832.081 170
15 274 -274.023 832.146 170
15 275 -279.151 841.661 170
15 276 -283.583 844.828 170
15 277 -286.923 852.284 170
15 278 -289.162 860.535 170
15 279 -293.086 868.327 170
15 280 -294.737 871.356 170
15 281 -298.093 879.547 170
15 282 -296.995 882.452 170
15 283 -299.795 889.29 170
15 284 -301.471 891.983 170
15 285 -300.94 897.678 170
15 286 -302.068 901.833 170
15 287 -302.116 905.201 170
15 288 -301.549 910.372 170
15 289 -303.496 913.287 170
15 290 -302.691 917.373 170
15 291 -303.815 920.123 170
15 292 -303.271 923.006 170
15 293 -302.728 925.892 170
15 294 -302.046 927.824 170
15 295 -301.633 930.245 170
15 296 -300.52 930.334 170
15 297 -299.418 933.268 170
15 298 -299.497 933.715 170
15 299 -299.672 935.392 170
15 300 -298.714 938.435 170
15 301 -299.998 938.919 170
15 302 -300.396 940.9 170
15 303 -300.052 941.326 170
15 304 -300.027 946.047 170
15 305 -299.464 944.665 170
15 306 -300.587 946.715 170
15 307 -301.702 946.625 170
15 308 -301.519 948.12 170
15 309 -301.284 947.81 170
15 310 -300.602 950.283 170
15 311 -300.596 948.855 170
15 312 -301.568 949.024 170
15 313 -300.33 949.134 170
15 314 -300.328 951.376 170
15 315 -299.797 949.905 170
15 316 -298.377 951.891 170
15 317 -299.487 950.373 170
15 318 -299.399 950.757 170
15 319 -297.187 950.275 170
15 320 -296.698 950.598 170
15 321 -296.7 951.312 170
15 322 -297.253 949.839 170
15 323 -296.137 949.929 170
15 324 -296.14 950.643 170
15 325 -295.42 952.201 170
15 326 -296.14 950.643 170
15 327 -296.14 950.643 170
15 328 -296.706 952.74 170
15 329 -298.481 950.026 170
15 330 -297.685 952.057 170
15 331 -299.487 950.373 170
15 332 -300.044 950.328 170
15 333 -301.717 950.193 170
15 334 -301.68 949.313 170
15 335 -303.393 950.772 170
15 336 -305.614 948.451 170
15 337 -306.171 948.406 170
15 338 -306.171 948.406 170
15 339 -306.858 947.528 170
15 340 -308.397 947.513 170
15 341 -308.943 945.329 170
15 342 -308.386 945.374 170
15 343 -309.107 944.532 170
15 344 -308.933 943.191 170
15 345 -308.545 943.606 170
15 346 -307.259 942.613 170
15 347 -307.259 942.613 170
15 348 -307.252 941.188 170
15 349 -306.695 941.232 170
15 350 -307.252 941.188 170
15 351 -306.101 942.894 170
15 352 -306.148 943.415 170
15 353 -304.088 943.91 170
15 354 -306.151 944.128 170
15 355 -305.594 944.172 170
15 356 -304.539 945.008 170
15 357 -305.569 946.083 170
15 358 -304.215 947.493 170
15 359 -303.848 947.716 170
15 360 -304.925 946.514 170
15 361 -303.745 947.103 170
15 362 -303.713 947.32 170
15 363 -303.341 948.908 170
15 364 -302.814 945.822 170
15 365 -303.424 947.64 170
15 366 -302.827 948.676 170
15 367 -305.043 945.643 170
15 368 -303.485 948.833 170
15 369 -302.26 946.581 170
15 370 -303.661 948.252 170
15 371 -303.378 947.204 170
15 372 -303.935 947.159 170
15 373 -304.225 949.634 170
15 374 -305.607 947.024 170
15 375 -306.171 948.406 170
15 376 -306.617 948.397 170
15 377 -306.171 948.406 170
15 378 -307.286 948.316 170
15 379 -307.821 950.613 170
15 380 -309.515 948.137 170
15 381 -308.404 948.94 170
15 382 -309.522 949.564 170
15 383 -309.832 949.096 170
15 384 -310.636 949.474 170
15 385 -310.632 948.76 170
15 386 -310.632 948.76 170
15 387 -310.636 949.474 170
15 388 -310.636 949.474 170
15 389 -310.636 949.474 170
15 390 -311.75 949.384 170
15 391 -310.636 949.474 170
15 392 -311.75 949.384 170
15 393 -311.75 949.384 170
15 394 -311.75 949.384 170
15 395 -311.75 949.384 170
15 396 -311.75 949.384 170
15 397 -311.477 950.477 170
15 398 -311.294 951.629 170
15 399 -311.552 952.012 170
15 400 -311.197 950.142 170
15 401 -310.64 950.187 170
15 402 -310.64 950.187 170
15 403 -310.636 949.474 170
15 404 -311.34 949.884 170
15 405 -311.765 952.238 170
15 406 -311.765 952.238 170
15 407 -311.765 952.238 170
15 408 -311.013 953.384 170
15 409 -310.913 953.515 170
15 410 -310.913 953.515 170
15 411 -310.363 952.808 170
15 412 -309.994 952.591 170
15 413 -310.338 952.296 170
15 414 -309.536 952.418 170
15 415 -309.973 950.669 170
15 416 -309.536 952.418 170
15 417 -309.793 952.617 170
15 418 -309.532 951.704 170
15 419 -308.697 949.714 170
15 420 -310.187 951.147 170
15 421 -308.964 949.608 170
15 422 -307.959 949.261 170
15 423 -307.85 949.698 170
15 424 -307.516 949.868 170
15 425 -308.4 948.227 170
15 426 -307.286 948.316 170
15 427 -306.171 948.406 170
15 428 -306.171 948.406 170
15 429 -306.164 946.98 170
15 430 -306.171 948.406 170
15 431 -307.009 948.695 170
15 432 -306.184 951.261 170
15 433 -306.184 951.261 170
15 434 -306.191 952.688 170
15 435 -306.191 952.688 170
15 436 -306.191 952.688 170
15 437 -305.578 952.911 170
15 438 -305.082 954.207 170
15 439 -305.866 954.715 170
15 440 -305.082 954.207 170
15 441 -306.762 955.5 170
15 442 -307.313 954.026 170
15 443 -307.313 954.026 170
15 444 -307.226 954.583 170
15 445 -307.32 955.455 170
15 446 -307.81 955.345 170
15 447 -307.87 953.981 170
15 448 -308.77 955.48 170
15 449 -310.1 953.801 170
15 450 -309.831 955.609 170
15 451 -310.1 953.801 170
15 452 -310.1 953.801 170
15 453 -310.1 953.801 170
15 454 -311.219 954.425 170
15 455 -311.78 955.094 170
15 456 -310.938 954.09 170
15 457 -311.219 954.425 170
15 458 -311.765 952.238 170
15 459 -310.989 953.158 170
15 460 -311.212 952.997 170
15 461 -311.75 949.384 170
16 37 -285.727 -979.125 170
16 38 -284.318 -978.843 170
16 39 -282.67 -975.922 170
16 40 -281.66 -973.704 170
16 41 -278.243 -973.085 170
16 42 -276.874 -970.723 170
16 43 -274.309 -969.364 170
16 44 -271.802 -965.826 170
16 45 -270.503 -963.151 170
16 46 -268.939 -958.229 170
16 47 -267.799 -951.982 170
16 48 -267.942 -947.804 170
16 49 -267.565 -947.566 170
16 50 -267.968 -928.416 170
16 51 -267.044 -929.881 170
16 52 -266.12 -931.345 170
16 53 -264.627 -920.838 170
16 54 -262.305 -913.393 170
16 55 -262.937 -909.35 170
16 56 -262.914 -903.119 170
16 57 -258.418 -894.098 170
16 58 -256.899 -887 170
16 59 -253.188 -883.586 170
16 60 -249.465 -870.82 170
16 61 -247.136 -866.889 170
16 62 -240.806 -860.91 170
16 63 -238.867 -855.295 170
16 64 -235.831 -848.953 170
16 65 -237.306 -840.222 170
16 66 -234.496 -837.254 170
16 67 -230.012 -825.85 170
16 68 -230.711 -821.344 170
16 69 -225.686 -809.255 170
16 70 -225.959 -801.368 170
16 71 -222.792 -793.443 170
16 72 -224.964 -785.313 170
16 73 -223.059 -779.279 170
16 74 -222.034 -772.217 170
16 75 -219.217 -761.121 170
16 76 -216.835 -756.062 170
16 77 -211.032 -742.686 170
16 78 -208.7 -736.779 170
16 79 -204.039 -725.479 170
16 80 -201.128 -715.172 170
16 81 -196.909 -709.465 170
16 82 -195.186 -701.006 170
16 83 -192.263 -691.756 170
16 84 -190.281 -681.457 170
16 85 -186.9 -671.448 170
16 86 -183.312 -662.862 170
16 87 -181.471 -655.582 170
16 88 -179.449 -643.114 170
16 89 -177.475 -636.861 170
16 90 -175.961 -628.515 170
16 91 -172.178 -620.922 170
16 92 -170.523 -612.805 170
16 93 -167.55 -604.4 170
16 94 -162.605 -592.808 170
16 95 -158.648 -584.353 170
16 96 -155.19 -577.995 170
16 97 -149.176 -569.172 170
16 98 -147.149 -561.848 170
16 99 -143.757 -554.604 170
16 100 -140.393 -549.217 170
16 101 -138.15 -542.003 170
16 102 -137.648 -533.26 170
16 103 -136.575 -525.775 170
16 104 -134.51 -517.195 170
16 105 -131.147 -509.86 170
16 106 -129.927 -500.72 170
16 107 -127.339 -493.494 170
16 108 -126.298 -489.173 170
16 109 -125.732 -483.776 170
16 110 -122.732 -477.184 170
16 111 -124.282 -468.824 170
16 112 -117.089 -462.519 170
16 113 -115.572 -455.989 170
16 114 -113.21 -446.511 170
16 115 -111.834 -440.459 170
16 116 -109.74 -434.737 170
16 117 -105.091 -428.334 170
16 118 -103.073 -419.882 170
16 119 -101.47 -412.735 170
16 120 -99.8543 -405.028 170
16 121 -98.0807 -397.524 170
16 122 -97.1211 -390.131 170
16 123 -96.606 -384.985 170
16 124 -95.4312 -378.517 170
16 125 -95.1878 -368.981 170
16 126 -95.1842 -364.131 170
16 127 -94.5711 -357.466 170
16 128 -93.487 -352.45 170
16 129 -92.3723 -345.758 170
16 130 -91.2463 -338.5 170
16 131 -88.5675 -328.407 170
16 132 -87.0054 -325.024 170
16 133 -83.8362 -316.009 170
16 134 -82.7508 -311.505 170
16 135 -82.1249 -304.761 170
16 136 -80.4929 -297.986 170
16 137 -79.1051 -293.096 170
16 138 -78.2494 -285.553 170
16 139 -76.6536 -281.006 170
16 140 -76.5465 -275.358 170
16 141 -75.9026 -267.994 170
16 142 -75.8272 -264.03 170
16 143 -75.6978 -257.227 170
16 144 -75.5681 -250.414 170
16 145 -74.5139 -248.117 170
16 146 -74.4051 -242.429 170
16 147 -74.307 -237.304 170
16 148 -73.6806 -231.021 170
16 149 -73.0864 -226.442 170
16 150 -70.9148 -218.961 170
16 151 -69.8222 -214.93 170
16 152 -67.7356 -212.014 170
16 153 -64.5853 -206.777 170
16 154 -64.5162 -203.334 170
16 155 -61.5743 -197.102 170
16 156 -60.2368 -192.882 170
16 157 -58.8929 -188.416 170
16 158 -56.9901 -183.585 170
16 159 -56.2161 -178.732 170
16 160 -55.7772 -174.323 170
16 161 -54.8845 -170.185 170
16 162 -55.6562 -168.542 170
16 163 -55.5592 -163.912 170
16 164 -53.7241 -158.244 170
16 165 -53.1495 -156.2 170
16 166 -51.873 -152.894 170
16 167 -52.161 -148.166 170
16 168 -49.7633 -143.706 170
16 169 -49.9514 -140.548 170
16 170 -47.3011 -136.399 170
16 171 -47.7758 -134.666 170
16 172 -47.2297 -135.477 170
16 173 -43.7946 -128.43 170
16 174 -43.4928 -126.38 170
16 175 -41.4133 -125.151 170
16 176 -39.3917 -121.528 170
16 177 -36.6295 -122.44 170
16 178 -36.2315 -114.01 170
16 179 -33.6688 -110.324 170
16 180 -32.2296 -106.376 170
16 181 -29.1551 -106.066 170
16 182 -27.1362 -99.0812 170
16 183 -26.3276 -95.4147 170
16 184 -24.1795 -91.8211 170
16 185 -22.0295 -88.2245 170
16 186 -20.9394 -85.8355 170
16 187 -17.358 -79.1955 170
16 188 -15.2398 -72.5631 170
16 189 -13.0802 -68.5209 170
16 190 -8.99657 -63.0206 170
16 191 -6.6691 -59.1185 170
16 192 -3.56522 -53.3628 170
16 193 -1.42643 -50.9191 170
16 194 1.8162 -46.0608 170
16 195 3.95897 -43.612 170
16 196 6.13529 -39.9708 170
16 197 10.8361 -34.2478 170
16 198 11.6345 -29.0616 170
16 199 12.8089 -24.2473 170
16 200 17.369 -20.2963 170
16 201 18.3453 -14.5178 170
16 202 21.4269 -14.3861 170
16 203 23.6196 -10.7173 170
16 204 25.8143 -7.04534 170
16 205 28.0461 -2.16842 170
16 206 31.0923 2.92783 170
16 207 34.8488 6.78343 170
16 208 37.7017 11.1198 170
16 209 41.0511 12.7223 170
16 210 43.2237 15.2099 170
16 211 44.9101 18.8879 170
16 212 47.6865 23.8162 170
16 213 50.3687 28.9886 170
16 214 52.1586 32.4404 170
16 215 54.4946 39.7916 170
16 216 56.6597 41.69 170
16 217 58.9042 46.0187 170
16 218 59.0216 49.6651 170
16 219 62.4239 57.0855 170
16 220 64.1274 60.8009 170
16 221 66.401 65.7596 170
16 222 68.1081 69.4827 170
16 223 70.8751 73.2499 170
16 224 73.6447 77.0207 170
16 225 75.3575 80.7542 170
16 226 79.1507 83.3484 170
16 227 82.501 88.3767 170
16 228 85.813 92.1837 170
16 229 88.1089 97.1816 170
16 230 93.7514 104.236 170
16 231 96.223 108.874 170
16 232 99.2734 112.383 170
16 233 101.718 121.112 170
16 234 104.099 125.672 170
16 235 104.167 129.857 170
16 236 107.598 136.184 170
16 237 109.385 141.213 170
16 238 112.011 147.213 170
16 239 112.964 151.288 170
16 240 116.485 156.78 170
16 241 118.915 163.855 170
16 242 121.215 169.985 170
16 243 124.61 176.067 170
16 244 129.931 183.218 170
16 245 129.909 188.175 170
16 246 135.018 193.74 170
16 247 138.929 201.485 170
16 248 142.251 207.277 170
16 249 145.76 211.973 170
16 250 148.036 219.176 170
16 251 150.966 227.207 170
16 252 155.176 233.654 170
16 253 156.779 239.737 170
16 254 159.681 250.961 170
16 255 162.473 256.284 170
16 256 161.199 267.872 170
16 257 164.677 273.133 170
16 258 167.811 282.478 170
16 259 170.008 291.954 170
16 260 172.167 295.853 170
16 261 174.19 304.924 170
16 262 177.283 313.423 170
16 263 179.806 321.267 170
16 264 184.52 332.585 170
16 265 188.502 344.935 170
16 266 194.025 352.014 170
16 267 197.563 358.954 170
16 268 198.17 364.878 170
16 269 202.494 374.429 170
16 270 203.287 380.761 170
16 271 207.63 391.429 170
16 272 211.68 405.119 170
16 273 214.954 416.173 170
16 274 214.064 423.227 170
16 275 216.834 435.225 170
16 276 217.142 441.836 170
16 277 219.705 449.241 170
16 278 218.87 455.144 170
16 279 222.709 465.956 170
16 280 225.315 474.066 170
16 281 228.052 484.858 170
16 282 231.29 494.37 170
16 283 234.536 503.903 170
16 284 237.228 513.422 170
16 285 238.738 521.549 170
16 286 241.341 529.083 170
16 287 242.064 540.538 170
16 288 243.731 550.624 170
16 289 245.132 560.968 170
16 290 245.594 570.463 170
16 291 246.189 582.698 170
16 292 248.847 591.011 170
16 293 249.114 596.467 170
16 294 249.648 607.396 170
16 295 251.182 615.68 170
16 296 253.22 622.642 170
16 297 257.335 634.954 170
16 298 258.981 646.674 170
16 299 261.624 658.765 170
16 300 265.049 665.475 170
16 301 264.851 674.25 170
16 302 265.769 681.223 170
16 303 269.686 691.176 170
16 304 268.355 698.715 170
16 305 270.528 707.891 170
16 306 271.09 719.064 170
16 307 274.249 731.124 170
16 308 272.149 740.079 170
16 309 272.574 748.508 170
16 310 271.707 754.055 170
16 311 272.167 763.212 170
16 312 272.521 770.266 170
16 313 273.816 773.172 170
16 314 275.914 784.012 170
16 315 279.937 789.154 170
16 316 280.843 798.365 170
16 317 284.722 805.481 170
16 318 285.26 817.105 170
16 319 286.711 822.893 170
16 320 287.872 828.156 170
16 321 288.65 835.868 170
16 322 289.334 840.168 170
16 323 288.816 846.296 170
16 324 290.654 854.544 170
16 325 288.66 860.833 170
16 326 288.992 867.303 170
16 327 289.325 873.781 170
16 328 289.769 882.43 170
16 329 289.806 883.152 170
16 330 289.285 888.62 170
16 331 288.39 889.516 170
16 332 288.176 896.7 170
16 333 288.398 901.041 170
16 334 289.204 905.43 170
16 335 290.559 909.143 170
16 336 291.952 913.584 170
16 337 292.761 917.985 170
16 338 292.985 922.344 170
16 339 294.456 928.252 170
16 340 293.848 930.492 170
16 341 294.756 934.077 170
16 342 293.734 936.9 170
16 343 293.959 941.275 170
16 344 295.433 947.205 170
16 345 294.335 948.574 170
16 346 297.167 950.452 170
16 347 298.083 953.235 170
16 348 299.334 954.79 170
16 349 301.096 954.928 170
16 350 302.775 959.069 170
16 351 303.395 960.403 170
16 352 304.263 959.55 170
16 353 305.238 961.172 170
16 354 308.023 964.224 170
16 355 307.945 962.758 170
16 356 309.826 965.096 170
16 357 310.765 964.239 170
16 358 312.353 966.318 170
16 359 313.387 965.269 170
16 360 313.808 965.033 170
16 361 314.024 966.889 170
16 362 313.985 966.156 170
16 363 314.063 967.622 170
16 364 313.946 965.422 170
16 365 313.907 964.689 170
16 366 314.063 967.622 170
16 367 312.73 964.596 170
16 368 313.946 965.422 170
16 369 311.631 965.969 170
16 370 311.694 964.952 170
16 371 309.865 965.83 170
16 372 309.199 964.317 170
16 373 308.85 966.357 170
16 374 306.655 963.612 170
16 375 305.67 964.038 170
16 376 304.532 964.678 170
16 377 302.141 963.759 170
16 378 301.732 964.894 170
16 379 300.582 963.052 170
16 380 299.79 963.573 170
16 381 299.79 963.573 170
16 382 299.459 964.872 170
16 383 298.576 962.748 170
16 384 299.733 964.736 170
16 385 299.202 963.527 170
16 386 299.515 963.916 170
16 387 299.79 963.573 170
16 388 301.208 963.831 170
16 389 302.141 963.759 170
16 390 302.141 963.759 170
16 391 302.141 963.759 170
16 392 303.836 962.132 170
16 393 304.493 963.945 170
16 394 304.417 962.48 170
16 395 304.417 962.48 170
16 396 304.417 962.48 170
16 397 304.417 962.48 170
16 398 305.593 962.573 170
16 399 306.769 962.666 170
16 400 306.692 961.2 170
16 401 306.769 962.666 170
16 402 305.232 962.398 170
16 403 306.769 962.666 170
16 404 306.692 961.2 170
16 405 306.769 962.666 170
16 406 306.769 962.666 170
16 407 306.769 962.666 170
16 408 305.91 963.268 170
16 409 304.789 962.431 170
16 410 304.789 962.431 170
16 411 304.789 962.431 170
16 412 304.417 962.48 170
16 413 304.417 962.48 170
16 414 304.417 962.48 170
16 415 304.417 962.48 170
16 416 304.557 962.929 170
16 417 304.417 962.48 170
16 418 304.417 962.48 170
16 419 304.417 962.48 170
16 420 304.871 963.318 170
16 421 304.053 963.13 170
16 422 304.053 963.13 170
16 423 304.053 963.13 170
16 424 303.78 961.949 170
16 425 302.653 962.34 170
16 426 303.279 963.119 170
16 427 303.279 963.119 170
16 428 303.279 963.119 170
16 429 303.241 962.387 170
16 430 302.576 960.876 170
16 431 302.653 962.34 170
16 432 302.653 962.34 170
16 433 301.666 961.834 170
16 434 302.027 961.562 170
16 435 302.027 961.562 170
16 436 302.027 961.562 170
16 437 302.027 961.562 170
16 438 301.988 960.829 170
16 439 301.988 960.829 170
16 440 301.988 960.829 170
16 441 301.439 961.515 170
16 442 301.515 962.98 170
16 443 301.515 962.98 170
16 444 301.439 961.515 170
16 445 300.965 963.666 170
16 446 300.824 962.758 170
16 447 300.851 961.469 170
16 448 301.553 963.713 170
16 449 301.553 963.713 170
16 450 300.889 962.201 170
16 451 301.03 963.11 170
16 452 301.03 963.11 170
16 453 301.03 963.11 170
16 454 301.515 962.98 170
16 455 300.965 963.666 170
16 456 300.965 963.666 170
16 457 300.965 963.666 170
16 458 301.553 963.713 170
16 459 301.553 963.713 170
16 460 301.553 963.713 170
16 461 301.553 963.713 170
17 37 -379.717 -938.625 170
17 38 -378.35 -938.637 170
17 39 -377.813 -937.214 170
17 40 -377.927 -936.23 170
17 41 -377.954 -934.3 170
17 42 -377.068 -932.377 170
17 43 -375.706 -929.258 170
17 44 -374.878 -925.631 170
17 45 -373.534 -923.707 170
17 46 -371.746 -920.817 170
17 47 -369.51 -916.959 170
17 48 -367.15 -913.437 170
17 49 -364.575 -909.233 170
17 50 -362.305 -906.121 170
17 51 -359.181 -900.52 170
17 52 -357.38 -897.611 170
17 53 -351.05 -888.874 170
17 54 -347.424 -884.012 170
17 55 -343.669 -878.497 170
17 56 -342.468 -873.272 170
17 57 -338.537 -866.877 170
17 58 -335.67 -860.545 170
17 59 -332.587 -854.931 170
17 60 -331.147 -849.241 170
17 61 -328.409 -844.813 170
17 62 -326.612 -837.904 170
17 63 -323.862 -833.957 170
17 64 -322.99 -826.53 170
17 65 -319.781 -821.083 170
17 66 -317.042 -814.135 170
17 67 -313.367 -805.622 170
17 68 -311.366 -799.443 170
17 69 -309.269 -791.714 170
17 70 -304.639 -785.216 170
17 71 -300.933 -779.206 170
17 72 -298.161 -772.18 170
17 73 -293.041 -765.142 170
17 74 -288.846 -759.099 170
17 75 -285.448 -753.993 170
17 76 -281.369 -748.496 170
17 77 -278.423 -742.586 170
17 78 -273.873 -735.834 170
17 79 -270.118 -727.708 170
17 80 -267.297 -720.584 170
17 81 -264.944 -713.448 170
17 82 -262.587 -706.3 170
17 83 -258.805 -699.646 170
17 84 -256.911 -692.985 170
17 85 -254.066 -687.85 170
17 86 -253.115 -679.632 170
17 87 -251.212 -673.453 170
17 88 -247.173 -663.687 170
17 89 -244.367 -657.738 170
17 90 -241.667 -649.668 170
17 91 -239.267 -641.366 170
17 92 -235.909 -634.08 170
17 93 -232.066 -626.778 170
17 94 -228.425 -622.089 170
17 95 -226.282 -614.232 170
17 96 -222.424 -607.936 170
17 97 -217.593 -600.575 170
17 98 -213.843 -595.998 170
17 99 -210.202 -587.372 170
17 100 -206.91 -580.54 170
17 101 -203.976 -573.141 170
17 102 -201.993 -564.151 170
17 103 -199.044 -556.192 170
17 104 -196.094 -548.747 170
17 105 -192.704 -543.078 170
17 106 -190.191 -535.943 170
17 107 -188.196 -528.47 170
17 108 -186.205 -522.051 170
17 109 -184.194 -513.484 170
17 110 -182.399 -505.566 170
17 111 -180.609 -497.623 170
17 112 -177.188 -490.891 170
17 113 -173.695 -482.241 170
17 114 -169.619 -474.934 170
17 115 -168.185 -468.146 170
17 116 -165.162 -459.453 170
17 117 -160.693 -453.974 170
17 118 -157.2 -448.5 170
17 119 -153.529 -441.613 170
17 120 -149.681 -435.343 170
17 121 -147.806 -428.177 170
17 122 -144.095 -421.079 170
17 123 -142.028 -413.392 170
17 124 -139.972 -406.788 170
17 125 -138.818 -399.903 170
17 126 -137.385 -393.739 170
17 127 -135.595 -387.758 170
17 128 -133.71 -381.403 170
17 129 -132.616 -373.662 170
17 130 -130.557 -368.101 170
17 131 -128.48 -361.425 170
17 132 -126.21 -355.4 170
17 133 -124.301 -346.931 170
17 134 -122.229 -341.334 170
17 135 -120.155 -335.729 170
17 136 -120.075 -330.156 170
17 137 -116.015 -325.613 170
17 138 -114.932 -320.007 170
17 139 -112.987 -316.948 170
17 140 -110.812 -312.092 170
17 141 -109.249 -308.139 170
17 142 -107.391 -302 170
17 143 -104.562 -296.819 170
17 144 -102.464 -291.153 170
17 145 -100.884 -286.617 170
17 146 -100.308 -282.098 170
17 147 -98.2128 -276.976 170
17 148 -96.1439 -273.543 170
17 149 -94.0731 -270.106 170
17 150 -92.4651 -264.415 170
17 151 -89.8862 -260.958 170
17 152 -86.2961 -257.475 170
17 153 -83.7014 -253.445 170
17 154 -80.1148 -250.522 170
17 155 -77.7906 -245.058 170
17 156 -74.9326 -243.579 170
17 157 -71.8097 -238.952 170
17 158 -68.7278 -236.599 170
17 159 -65.8093 -231.899 170
17 160 -63.7311 -228.322 170
17 161 -60.3884 -224.984 170
17 162 -57.756 -220.345 170
17 163 -56.6927 -218.03 170
17 164 -55.6286 -215.714 170
17 165 -54.1301 -211.14 170
17 166 -52.7841 -209.019 170
17 167 -52.3348 -204.166 170
17 168 -52.2856 -201.868 170
17 169 -52.212 -198.42 170
17 170 -50.6088 -193.917 170
17 171 -50.0263 -191.462 170
17 172 -48.3847 -186.236 170
17 173 -47.8118 -183.338 170
17 174 -46.7157 -179.849 170
17 175 -47.1504 -176.397 170
17 176 -46.0659 -173.48 170
17 177 -46.0023 -170.589 170
17 178 -45.9487 -166.284 170
17 179 -46.3357 -162.498 170
17 180 -46.2342 -157.861 170
17 181 -46.1324 -153.219 170
17 182 -47.592 -149.778 170
17 183 -48.003 -145.143 170
17 184 -48.9268 -140.519 170
17 185 -48.8765 -138.19 170
17 186 -47.7252 -132.334 170
17 187 -46.5723 -126.47 170
17 188 -45.4437 -121.768 170
17 189 -45.1255 -116.617 170
17 190 -43.1825 -112.347 170
17 191 -41.6117 -110.103 170
17 192 -39.9398 -105.222 170
17 193 -37.7881 -101.052 170
17 194 -35.6073 -95.7017 170
17 195 -33.4645 -92.1098 170
17 196 -31.8081 -87.3533 170
17 197 -29.0897 -81.3798 170
17 198 -27.4986 -79.5615 170
17 199 -24.2431 -72.969 170
17 200 -22.0757 -70.951 170
17 201 -18.3798 -65.6906 170
17 202 -14.1485 -62.0039 170
17 203 -9.08797 -58.0776 170
17 204 -5.70255 -55.805 170
17 205 -1.99928 -52.19 170
17 206 1.23341 -48.4563 170
17 207 4.99881 -43.5775 170
17 208 7.1596 -40.5315 170
17 209 9.87532 -36.2735 170
17 210 12.8463 -32.3003 170
17 211 14.24 -28.9733 170
17 212 17.9394 -27.0573 170
17 213 20.632 -23.9798 170
17 214 23.3613 -19.7031 170
17 215 27.1036 -16.5836 170
17 216 29.2639 -14.1147 170
17 217 30.938 -10.4629 170
17 218 33.0656 -9.19007 170
17 219 35.8073 -4.8965 170
17 220 37.7183 -1.87749 170
17 221 39.7094 3.04795 170
17 222 41.9346 7.3363 170
17 223 44.1622 11.6291 170
17 224 44.8488 16.5583 170
17 225 46.5043 19.5486 170
17 226 48.6999 22.6455 170
17 227 50.3903 26.3303 170
17 228 51.0112 29.3747 170
17 229 53.2495 33.6907 170
17 230 56.621 40.4765 170
17 231 58.9433 47.2339 170
17 232 60.6434 50.9405 170
17 233 62.4239 57.0855 170
17 234 64.6158 59.6021 170
17 235 65.251 64.8201 170
17 236 68.1485 70.704 170
17 237 69.4091 76.8566 170
17 238 71.7309 83.0587 170
17 239 72.6294 89.0445 170
17 240 74.8339 96.6547 170
17 241 75.5716 102.821 170
17 242 77.8628 107.829 170
17 243 80.1988 114.075 170
17 244 80.4725 122.095 170
17 245 82.3024 128.957 170
17 246 84.0711 133.973 170
17 247 85.4157 142.071 170
17 248 86.6764 147.7 170
17 249 90.1848 156.535 170
17 250 92.6301 165.342 170
17 251 94.9918 171.67 170
17 252 96.3735 180.46 170
17 253 98.7642 187.435 170
17 254 99.8346 193.382 170
17 255 101.384 200.696 170
17 256 102.776 209.541 170
17 257 105.203 217.191 170
17 258 105.568 227.281 170
17 259 106.876 233.647 170
17 260 108.232 241.288 170
17 261 108.463 247.622 170
17 262 109.823 255.286 170
17 263 111.679 261.715 170
17 264 113.301 270.247 170
17 265 114.951 277.126 170
17 266 117.357 283.612 170
17 267 118.529 289.447 170
17 268 120.287 293.853 170
17 269 121.734 299.15 170
17 270 122.543 306.229 170
17 271 123.826 311.419 170
17 272 123.572 319.106 170
17 273 124.36 325.57 170
17 274 124.628 332.661 170
17 275 124.896 339.761 170
17 276 123.878 341.644 170
17 277 124.316 353.289 170
17 278 121.424 363.491 170
17 279 121.667 369.984 170
17 280 120.415 376.002 170
17 281 120.057 385.486 170
17 282 122.303 392.895 170
17 283 122.383 403.853 170
17 284 125.859 411.721 170
17 285 128.021 422.471 170
17 286 129.521 433.048 170
17 287 132.762 441.295 170
17 288 134.036 450.4 170
17 289 135.681 457.949 170
17 290 138.465 465.168 170
17 291 138.875 475.776 170
17 292 142.535 484.603 170
17 293 146.308 496.114 170
17 294 146.727 506.79 170
17 295 149.321 516.28 170
17 296 150.196 524.35 170
17 297 152.16 531.829 170
17 298 153.569 539.286 170
17 299 156.125 547.495 170
17 300 159.803 555.786 170
17 301 162.507 567.405 170
17 302 166.143 574.379 170
17 303 169.87 583.399 170
17 304 172.34 588.97 170
17 305 174.813 594.547 170
17 306 177.289 600.132 170
17 307 179.941 609.816 170
17 308 182.482 616.785 170
17 309 185.057 624.45 170
17 310 186.477 631.37 170
17 311 189.058 639.058 170
17 312 191.585 645.385 170
17 313 191.792 650.198 170
17 314 193.162 655.777 170
17 315 193.936 660.636 170
17 316 195.905 666.955 170
17 317 196.712 672.517 170
17 318 199.283 679.581 170
17 319 202.622 686.237 170
17 320 203.685 689.542 170
17 321 206.205 695.244 170
17 322 207.466 698.098 170
17 323 208.79 702.344 170
17 324 211.824 706.708 170
17 325 213.658 709.608 170
17 326 216.065 712.549 170
17 327 219.635 716.796 170
17 328 223.865 721.422 170
17 329 226.849 724.41 170
17 330 230.583 729.481 170
17 331 236.325 732.028 170
17 332 242.349 738.725 170
17 333 247.102 742.547 170
17 334 252.974 745.751 170
17 335 258.852 748.959 170
17 336 265.381 753.616 170
17 337 269.88 759.252 170
17 338 273.354 763.998 170
17 339 279.581 773.578 170
17 340 282.213 780.103 170
17 341 287.343 790.346 170
17 342 291.758 797.73 170
17 343 296.181 805.127 170
17 344 299.956 811.07 170
17 345 303.661 815.596 170
17 346 306.134 818.616 170
17 347 308.027 821.596 170
17 348 310.931 821.807 170
17 349 314.066 826.302 170
17 350 320.656 830.342 170
17 351 322.715 836.195 170
17 352 326.747 839.915 170
17 353 330.963 842.694 170
17 354 336.634 846.499 170
17 355 338.626 850.937 170
17 356 341.87 856.904 170
17 357 345.211 862.059 170
17 358 347.118 867.334 170
17 359 350.865 870.106 170
17 360 353.259 872.82 170
17 361 357.066 878.139 170
17 362 359.41 878.315 170
17 363 362.541 882.567 170
17 364 366.284 886.033 170
17 365 368.045 886.165 170
17 366 372.645 888.819 170
17 367 373.471 885.98 170
17 368 377.751 889.1 170
17 369 378.704 888.41 170
17 370 379.793 887.049 170
17 371 383.751 888.646 170
17 372 384.311 889.193 170
17 373 386.749 891.759 170
17 374 386.685 889.531 170
17 375 390.602 893.083 170
17 376 389.965 890.702 170
17 377 391.408 895.743 170
17 378 393.173 895.278 170
17 379 392.365 896.062 170
17 380 393.062 897.293 170
17 381 393.351 898.183 170
17 382 393.439 899.636 170
17 383 392.35 901 170
17 384 394.35 903.033 170
17 385 391.216 901.637 170
17 386 390.803 904.5 170
17 387 390.258 905.183 170
17 388 389.036 904.366 170
17 389 388.447 904.321 170
17 390 388.403 903.594 170
17 391 388.304 907.786 170
17 392 387.854 906.158 170
17 393 387.488 907.868 170
17 394 386.614 907.371 170
17 395 386.614 907.371 170
17 396 386.987 909.279 170
17 397 386.899 907.823 170
17 398 386.987 909.279 170
17 399 386.899 907.823 170
17 400 386.723 904.914 170
17 401 386.899 907.823 170
17 402 387.298 907.054 170
17 403 388.077 907.913 170
17 404 387.488 907.868 170
17 405 387.576 909.324 170
17 406 387.4 906.413 170
17 407 387.488 907.868 170
17 408 387.832 907.349 170
17 409 387.691 906.175 170
17 410 388.628 906.741 170
17 411 388.935 907.739 170
17 412 388.667 907.958 170
17 413 389.338 907.995 170
17 414 388.077 907.913 170
17 415 389.977 910.602 170
17 416 390.709 909.523 170
17 417 390.675 911.287 170
17 418 388.931 912.325 170
17 419 389.007 912.994 170
17 420 388.621 912.632 170
17 421 389.52 912.37 170
17 422 389.107 915.239 170
17 423 388.535 912.185 170
17 424 386.749 915.058 170
17 425 388.518 915.193 170
17 426 386.159 915.013 170
17 427 387.426 916.561 170
17 428 387.426 916.561 170
17 429 386.756 916.537 170
17 430 386.33 918.828 170
17 431 386.992 919.094 170
17 432 386.888 918.54 170
17 433 386.992 919.094 170
17 434 386.35 919.163 170
17 435 386.77 918.53 170
17 436 387.69 920.934 170
17 437 387.862 921.836 170
17 438 387.734 921.664 170
17 439 388.057 921.751 170
17 440 385.921 920.799 170
17 441 387.188 922.348 170
17 442 388.006 922.083 170
17 443 387.778 922.393 170
17 444 387.778 922.393 170
17 445 387.778 922.393 170
17 446 388.264 923.045 170
17 447 388.264 923.045 170
17 448 389.247 923.378 170
17 449 388.651 922.256 170
17 450 387.822 923.123 170
17 451 387.954 925.312 170
17 452 387.954 925.312 170
17 453 387.954 925.312 170
17 454 387.954 925.312 170
17 455 389.046 923.943 170
17 456 387.954 925.312 170
17 457 388.972 923.49 170
17 458 388.545 925.358 170
17 459 388.574 922.729 170
17 460 389.159 922.89 170
17 461 388.523 920.914 170
18 37 561.92 -861.212 170
18 38 561.406 -862.113 170
18 39 559.826 -861.5 170
18 40 559.621 -860.884 170
18 41 557.838 -859.86 170
18 42 556.801 -858.029 170
18 43 555.351 -856.534 170
18 44 553.049 -853.259 170
18 45 552.7 -852.353 170
18 46 551.281 -849.953 170
18 47 549.137 -846.562 170
18 48 546.952 -842.953 170
18 49 545.357 -841.145 170
18 50 543.362 -836.616 170
18 51 543.006 -830.501 170
18 52 540.691 -826.819 170
18 53 539.162 -820.492 170
18 54 538.524 -816.354 170
18 55 535.644 -809.098 170
18 56 535.385 -803.499 170
18 57 532.742 -797.474 170
18 58 531.441 -792.099 170
18 59 529.283 -786.228 170
18 60 525.814 -780.319 170
18 61 522.788 -775.186 170
18 62 519.62 -769.799 170
18 63 516.771 -765.368 170
18 64 512.809 -758.571 170
18 65 509.829 -752.52 170
18 66 505.988 -749.671 170
18 67 500.156 -742.123 170
18 68 498.174 -736.339 170
18 69 494.579 -729.12 170
18 70 494.087 -721.518 170
18 71 491.683 -714.741 170
18 72 489.181 -707.006 170
18 73 485.817 -700.203 170
18 74 482.83 -693.328 170
18 75 479.959 -689.712 170
18 76 470.3 -677.134 170
18 77 470.883 -674.155 170
18 78 466.654 -667.362 170
18 79 462.082 -658.664 170
18 80 456.668 -653.344 170
18 81 451.604 -645.56 170
18 82 445.994 -641.216 170
18 83 440.501 -634.653 170
18 84 435.12 -628.276 170
18 85 428.567 -621.053 170
18 86 424.59 -613.021 170
18 87 420.723 -606.593 170
18 88 416.322 -597.661 170
18 89 412.308 -592.686 170
18 90 405.885 -583.512 170
18 91 399.451 -577.345 170
18 92 395.052 -571.157 170
18 93 390.508 -565.647 170
18 94 383.653 -559.329 170
18 95 379.665 -550.675 170
18 96 373.258 -543.742 170
18 97 367.903 -535.941 170
18 98 362.875 -532.886 170
18 99 355.465 -526.209 170
18 100 351.066 -520.992 170
18 101 344.68 -517.236 170
18 102 341.235 -507.426 170
18 103 335.17 -500.602 170
18 104 331.791 -495.475 170
18 105 326.507 -487.609 170
18 106 321.377 -482.416 170
18 107 316.435 -475.599 170
18 108 311.119 -468.802 170
18 109 305.344 -463.417 170
18 110 300.974 -460.628 170
18 111 295.456 -453.743 170
18 112 290.163 -445.033 170
18 113 284.406 -439.41 170
18 114 278.859 -432.727 170
18 115 271.34 -430.066 170
18 116 265.793 -422.508 170
18 117 261.969 -418.431 170
18 118 255.953 -412.517 170
18 119 252.101 -408.124 170
18 120 246.011 -401.735 170
18 121 242.702 -397.404 170
18 122 239.054 -393.836 170
18 123 234.285 -387.212 170
18 124 230.13 -383.256 170
18 125 225.682 -376.213 170
18 126 220.03 -373.803 170
18 127 215.737 -369.619 170
18 128 210.325 -365.229 170
18 129 205.424 -360.828 170
18 130 199.711 -358.743 170
18 131 193.456 -354.308 170
18 132 190.464 -352.678 170
18 133 185.028 -347.956 170
18 134 182.155 -344.398 170
18 135 177.255 -341.023 170
18 136 172.736 -337.821 170
18 137 168.741 -335.645 170
18 138 164.797 -332.34 170
18 139 160.645 -328.383 170
18 140 156.806 -327.986 170
18 141 152.81 -325.808 170
18 142 148.837 -323.065 170
18 143 144.642 -319.524 170
18 144 138.867 -317.054 170
18 145 135.621 -316.443 170
18 146 133.092 -314.822 170
18 147 128.174 -316.143 170
18 148 123.108 -315.117 170
18 149 119.509 -315.756 170
18 150 115.956 -315.264 170
18 151 111.361 -315.358 170
18 152 108.299 -315.421 170
18 153 104.771 -314.365 170
18 154 99.6695 -314.47 170
18 155 95.6327 -313.424 170
18 156 91.0866 -312.389 170
18 157 87.6018 -310.203 170
18 158 83.7569 -310.08 170
18 159 80.778 -308.256 170
18 160 76.9843 -308.166 170
18 161 72.4217 -307.696 170
18 162 68.9171 -306.076 170
18 163 64.8842 -305.031 170
18 164 61.4368 -301.715 170
18 165 56.9328 -299.55 170
18 166 52.9372 -297.374 170
18 167 48.3961 -296.341 170
18 168 43.6166 -295.483 170
18 169 38.3 -294.297 170
18 170 33.9441 -293.939 170
18 171 29.1901 -293.363 170
18 172 24.8296 -289.839 170
18 173 20.6595 -290.156 170
18 174 16.6646 -287.981 170
18 175 11.7127 -286.993 170
18 176 8.87331 -283.74 170
18 177 5.22997 -283.481 170
18 178 -0.494438 -278.502 170
18 179 -2.40905 -277.31 170
18 180 -6.99106 -274.24 170
18 181 -10.8819 -271.834 170
18 182 -13.023 -269.559 170
18 183 -15.879 -267.468 170
18 184 -19.1943 -263.856 170
18 185 -21.3254 -261.498 170
18 186 -25.1541 -258.884 170
18 187 -27.7281 -256.33 170
18 188 -30.4858 -254.644 170
18 189 -32.0841 -253.647 170
18 190 -35.521 -251.511 170
18 191 -38.1366 -250.663 170
18 192 -41.6336 -248.47 170
18 193 -45.964 -246.821 170
18 194 -48.1973 -245.179 170
18 195 -52.1523 -243.031 170
18 196 -56.5343 -239.492 170
18 197 -59.1442 -236.889 170
18 198 -63.6863 -237.615 170
18 199 -66.083 -232.921 170
18 200 -70.124 -230.363 170
18 201 -73.0462 -228.039 170
18 202 -76.1044 -225.375 170
18 203 -79.5864 -222.036 170
18 204 -82.8575 -219.274 170
18 205 -86.1091 -218.773 170
18 206 -90.4718 -214.677 170
18 207 -95.6317 -213.299 170
18 208 -99.1377 -211.1 170
18 209 -104.687 -210.099 170
18 210 -108.315 -209.185 170
18 211 -112.712 -209.012 170
18 212 -117.299 -208.135 170
18 213 -121.848 -208.253 170
18 214 -124.864 -207.187 170
18 215 -132.25 -203.558 170
18 216 -136.136 -204.162 170
18 217 -140.153 -201.658 170
18 218 -144.223 -201.902 170
18 219 -147.501 -200.912 170
18 220 -150.528 -200.991 170
18 221 -154.545 -199.38 170
18 222 -159.389 -195.822 170
18 223 -163.586 -196.185 170
18 224 -168.6 -193.456 170
18 225 -174.425 -193.61 170
18 226 -175.542 -192.266 170
18 227 -180.692 -190.205 170
18 228 -184.639 -190.276 170
18 229 -188.574 -190.164 170
18 230 -192.749 -190.035 170
18 231 -196.955 -188.602 170
18 232 -201.955 -187.237 170
18 233 -206.796 -186.462 170
18 234 -212.165 -184.993 170
18 235 -216.825 -182.153 170
18 236 -221.22 -180.646 170
18 237 -225.939 -177.257 170
18 238 -229.629 -175.456 170
18 239 -235.374 -171.773 170
18 240 -239.386 -169.59 170
18 241 -243.902 -167.994 170
18 242 -248.917 -164.691 170
18 243 -253.241 -161.988 170
18 244 -259.954 -160.408 170
18 245 -263.738 -156.896 170
18 246 -268.481 -157.777 170
18 247 -272.996 -155.608 170
18 248 -279.007 -156.353 170
18 249 -283.479 -154.976 170
18 250 -287.03 -153.136 170
18 251 -290.038 -152.072 170
18 252 -294.223 -144.408 170
18 253 -298.113 -143.578 170
18 254 -299.013 -139.414 170
18 255 -303.116 -138.071 170
18 256 -306.141 -134.127 170
18 257 -310.151 -131.854 170
18 258 -311.181 -128.511 170
18 259 -312.203 -125.079 170
18 260 -312.839 -120.884 170
18 261 -315.258 -117.083 170
18 262 -315.287 -112.457 170
18 263 -316.319 -107.857 170
18 264 -317.344 -104.412 170
18 265 -319.694 -99.6488 170
18 266 -322.425 -95.2886 170
18 267 -324.466 -90.7061 170
18 268 -328.016 -86.1679 170
18 269 -330.572 -80.431 170
18 270 -333.121 -75.8533 170
18 271 -335.663 -72.4385 170
18 272 -339.754 -64.4035 170
18 273 -342.289 -62.1509 170
18 274 -345.852 -57.5937 170
18 275 -348.885 -49.7795 170
18 276 -352.667 -46.9869 170
18 277 -356.214 -39.8252 170
18 278 -357.91 -33.6332 170
18 279 -360.76 -29.1609 170
18 280 -362.564 -25.4256 170
18 281 -364.156 -18.2953 170
18 282 -365.455 -13.0615 170
18 283 -368.535 -8.45239 170
18 284 -371.625 -3.24983 170
18 285 -374.71 1.36612 170
18 286 -378.821 7.13129 170
18 287 -380.901 11.7911 170
18 288 -384.497 16.3987 170
18 289 -386.612 23.4377 170
18 290 -389.203 28.0911 170
18 291 -393.076 34.5743 170
18 292 -396.236 39.7752 170
18 293 -398.557 45.5867 170
18 294 -400.957 51.8296 170
18 295 -403.279 56.7397 170
18 296 -404.897 63.2499 170
18 297 -406.997 67.9531 170
18 298 -410.41 76.1327 170
18 299 -412.905 82.4614 170
18 300 -415.421 87.4039 170
18 301 -418.574 93.8877 170
18 302 -421.719 99.7769 170
18 303 -426.352 105.67 170
18 304 -428.538 112.154 170
18 305 -433.536 119.287 170
18 306 -436.895 124.49 170
18 307 -439.593 132.849 170
18 308 -442.273 140.008 170
18 309 -446.052 148.058 170
18 310 -447.465 153.159 170
18 311 -452.368 161.449 170
18 312 -454.552 168.665 170
18 313 -455.67 173.496 170
18 314 -458.853 179.461 170
18 315 -461.019 185.477 170
18 316 -462.205 193.382 170
18 317 -464.414 201.252 170
18 318 -468.658 208.425 170
18 319 -470.861 215.701 170
18 320 -472.424 221.237 170
18 321 -474.696 229.559 170
18 322 -476.381 233.931 170
18 323 -481.231 239.927 170
18 324 -483.843 246.555 170
18 325 -486.077 254.498 170
18 326 -488.272 260.592 170
18 327 -490.526 269.175 170
18 328 -493.88 277.588 170
18 329 -497.526 282.519 170
18 330 -496.986 290.885 170
18 331 -498.756 295.134 170
18 332 -499.126 302.37 170
18 333 -500.73 308.588 170
18 334 -500.821 312.342 170
18 335 -502.55 319.778 170
18 336 -502.844 328.013 170
18 337 -504.403 337.656 170
18 338 -506.718 342.201 170
18 339 -507.675 350.355 170
18 340 -510.163 355.903 170
18 341 -513.425 362.051 170
18 342 -514.9 368.341 170
18 343 -516.348 375.918 170
18 344 -519.265 383.669 170
18 345 -520.402 391.489 170
18 346 -522.14 398.396 170
18 347 -523.93 407.222 170
18 348 -525.444 413.747 170
18 349 -526.344 419.864 170
18 350 -527.536 425.556 170
18 351 -528.21 431.284 170
18 352 -527.878 438.359 170
18 353 -528.065 445.415 170
18 354 -528.237 451.837 170
18 355 -528.442 459.555 170
18 356 -528.683 468.574 170
18 357 -530.926 474.257 170
18 358 -533.241 482.531 170
18 359 -532.335 487.767 170
18 360 -534.602 494.117 170
18 361 -535.895 503.132 170
18 362 -536.001 507.027 170
18 363 -538.345 516 170
18 364 -537.867 524.984 170
18 365 -538.521 531.98 170
18 366 -538.5 540.813 170
18 367 -540.219 545.947 170
18 368 -539.237 554.233 170
18 369 -539.221 557.493 170
18 370 -539.709 565.681 170
18 371 -538.836 572.32 170
18 372 -539.579 580.185 170
18 373 -539.269 588.13 170
18 374 -539.413 593.41 170
18 375 -539.594 600.019 170
18 376 -539.739 605.312 170
18 377 -540.029 615.913 170
18 378 -540.211 622.55 170
18 379 -540.392 629.196 170
18 380 -542.128 634.413 170
18 381 -543.919 641.634 170
18 382 -546.207 647.493 170
18 383 -546.374 653.502 170
18 384 -546.616 662.192 170
18 385 -547.334 668.851 170
18 386 -546.952 674.25 170
18 387 -547.102 679.617 170
18 388 -547.001 684.009 170
18 389 -546.318 689.771 170
18 390 -546.524 697.175 170
18 391 -545.626 703.316 170
18 392 -544.69 708.113 170
18 393 -546 716.822 170
18 394 -545.597 721.595 170
18 395 -546.318 728.329 170
18 396 -546.468 733.753 170
18 397 -547.688 739.107 170
18 398 -547.802 743.182 170
18 399 -548.452 749.218 170
18 400 -549.175 753.989 170
18 401 -549.289 758.076 170
18 402 -549.441 763.531 170
18 403 -548.52 769.069 170
18 404 -548.596 771.802 170
18 405 -549.822 777.192 170
18 406 -548.206 781.013 170
18 407 -548.919 783.43 170
18 408 -550.55 783.996 170
18 409 -548.307 785.429 170
18 410 -549.014 786.855 170
18 411 -546.903 788.385 170
18 412 -547.996 793.647 170
18 413 -546.38 796.81 170
18 414 -544.994 800.122 170
18 415 -545.097 803.889 170
18 416 -546.28 804.942 170
18 417 -544.455 808.048 170
18 418 -545.513 805.279 170
18 419 -542.515 806.956 170
18 420 -541.142 810.51 170
18 421 -539.924 813.419 170
18 422 -540.634 818.11 170
18 423 -539.132 816.102 170
18 424 -542.052 824.177 170
18 425 -541.28 824.429 170
18 426 -540.555 825.632 170
18 427 -539.636 824.844 170
18 428 -539.063 825.648 170
18 429 -540.64 829.581 170
18 430 -539.97 826.818 170
18 431 -539.527 828.049 170
18 432 -539.785 828.772 170
18 433 -540.078 827.624 170
18 434 -539.336 827.362 170
18 435 -538.177 824.885 170
18 436 -538.076 825.577 170
18 437 -537.425 825.08 170
18 438 -537.346 826.193 170
18 439 -534.865 822.368 170
18 440 -534.562 819.072 170
18 441 -533.659 817.619 170
18 442 -533.544 817.352 170
18 443 -533.726 818.138 170
18 444 -532.862 816.503 170
18 445 -532.561 817.011 170
18 446 -532.198 815.518 170
18 447 -533.641 816.929 170
18 448 -533.331 817.505 170
18 449 -534.083 817.311 170
18 450 -534.365 817.747 170
18 451 -534.72 816.848 170
18 452 -534.811 820.297 170
18 453 -535.374 817.075 170
18 454 -536.411 819.485 170
18 455 -537.242 818.179 170
18 456 -538.35 819.201 170
18 457 -539.425 821.811 170
18 458 -539.703 819.663 170
18 459 -541.378 823.259 170
18 460 -543.19 822.293 170
18 461 -544.039 822.103 170
19 37 -547.642 -834.146 170
19 38 -547.738 -831.208 170
19 39 -549.164 -829.243 170
19 40 -549.747 -825.319 170
19 41 -551.207 -822.371 170
19 42 -553.695 -819.094 170
19 43 -555.458 -817.448 170
19 44 -557.069 -811.398 170
19 45 -557.927 -808.887 170
19 46 -559.783 -805.358 170
19 47 -564.105 -803.654 170
19 48 -565.082 -801.682 170
19 49 -568.753 -800.689 170
19 50 -572.039 -797.725 170
19 51 -576.27 -793.772 170
19 52 -583.31 -792.35 170
19 53 -589.826 -787.878 170
19 54 -597.459 -785.844 170
19 55 -604.875 -781.884 170
19 56 -612.214 -779.9 170
19 57 -619.631 -775.94 170
19 58 -626.122 -772.474 170
19 59 -631.831 -766.038 170
19 60 -635.794 -758.109 170
19 61 -643.437 -749.176 170
19 62 -651.089 -740.232 170
19 63 -656.802 -734.264 170
19 64 -666.197 -727.299 170
19 65 -671.094 -717.943 170
19 66 -677.717 -713.838 170
19 67 -684.66 -706.451 170
19 68 -692.722 -698.146 170
19 69 -700.754 -690.154 170
19 70 -710.001 -680.589 170
19 71 -717.13 -672.353 170
19 72 -724.566 -662.211 170
19 73 -729.106 -658.245 170
19 74 -735.628 -644.888 170
19 75 -743.478 -636.054 170
19 76 -749.545 -624.921 170
19 77 -759.382 -611.755 170
19 78 -762.682 -601.576 170
19 79 -769.555 -592.941 170
19 80 -774.61 -584.28 170
19 81 -780.23 -577.048 170
19 82 -788.488 -565.412 170
19 83 -794.663 -553.631 170
19 84 -800.955 -541.62 170
19 85 -806.976 -529.664 170
19 86 -811.338 -519.677 170
19 87 -814.652 -510.367 170
19 88 -820.464 -496.214 170
19 89 -825.357 -485.483 170
19 90 -826.32 -469.793 170
19 91 -829.891 -456.718 170
19 92 -832.613 -442.541 170
19 93 -836.023 -426.79 170
19 94 -839.577 -416.276 170
19 95 -841.123 -402.431 170
19 96 -845.2 -389.189 170
19 97 -848.393 -375.362 170
19 98 -853.023 -360.988 170
19 99 -856.906 -343.869 170
19 100 -861.061 -329.938 170
19 101 -866.062 -318.683 170
19 102 -865.599 -302.965 170
19 103 -867.772 -291.054 170
19 104 -870.303 -273.663 170
19 105 -871.365 -257.271 170
19 106 -872.501 -239.724 170
19 107 -873.499 -224.316 170
19 108 -875.372 -209.99 170
19 109 -876.305 -195.595 170
19 110 -879.101 -177.375 170
19 111 -878.464 -165.533 170
19 112 -881.935 -142.651 170
19 113 -884.13 -126.116 170
19 114 -885.703 -109.558 170
19 115 -885.709 -94.831 170
19 116 -885.385 -77.7695 170
19 117 -884.508 -61.7693 170
19 118 -881.932 -42.2133 170
19 119 -879.678 -24.8876 170
19 120 -877.822 -8.66565 170
19 121 -873.512 7.12569 170
19 122 -874.018 22.7926 170
19 123 -872.143 39.1865 170
19 124 -870.158 55.8962 170
19 125 -870.029 74.3449 170
19 126 -865.539 89.3549 170
19 127 -867.188 109.899 170
19 128 -864.049 125.659 170
19 129 -863.612 137.491 170
19 130 -858.391 152.238 170
19 131 -854.783 170.195 170
19 132 -849.886 187.264 170
19 133 -846.029 205.562 170
19 134 -842.014 221.511 170
19 135 -837.771 233.875 170
19 136 -831.427 252.199 170
19 137 -825.758 267.462 170
19 138 -823.741 284.769 170
19 139 -815.752 302.179 170
19 140 -810.444 317.824 170
19 141 -805.393 333.99 170
19 142 -798.873 348.238 170
19 143 -794.86 363.266 170
19 144 -787.545 378.09 170
19 145 -779.666 392.368 170
19 146 -770.903 409.908 170
19 147 -762.58 426.859 170
19 148 -751.966 439.553 170
19 149 -744.516 456.382 170
19 150 -736.177 472.132 170
19 151 -728.469 485.098 170
19 152 -720.471 502.734 170
19 153 -709.22 515.955 170
19 154 -702.698 532.578 170
19 155 -694.976 548.05 170
19 156 -686.436 561.372 170
19 157 -675.424 576.751 170
19 158 -667.561 589.086 170
19 159 -654.498 603.118 170
19 160 -643.481 617.066 170
19 161 -632.233 631.609 170
19 162 -620.16 647.993 170
19 163 -610.142 657.882 170
19 164 -598.875 669.357 170
19 165 -585.496 682.354 170
19 166 -576.297 694.431 170
19 167 -563.956 709.468 170
19 168 -550.402 721.255 170
19 169 -538.019 738.437 170
19 170 -526.48 748.803 170
19 171 -511.649 758.067 170
19 172 -497.913 770.018 170
19 173 -486.076 779.921 170
19 174 -471.314 794.816 170
19 175 -456.678 801.23 170
19 176 -442.376 811.315 170
19 177 -426.21 822.23 170
19 178 -413.204 828.765 170
19 179 -399.622 835.357 170
19 180 -386.059 846.148 170
19 181 -369.736 859.982 170
19 182 -356.602 868.002 170
19 183 -341.227 876.213 170
19 184 -325.097 885.586 170
19 185 -310.341 891.292 170
19 186 -295.914 898.978 170
19 187 -281.195 907.261 170
19 188 -266.937 914.176 170
19 189 -251.127 915.227 170
19 190 -234.655 922.755 170
19 191 -218.974 925.42 170
19 192 -203.258 929.518 170
19 193 -187.511 933.623 170
19 194 -171.814 941.595 170
19 195 -155.854 949.032 170
19 196 -138.35 948.998 170
19 197 -124.132 955.882 170
19 198 -108.276 955.716 170
19 199 -92.3571 958.432 170
19 200 -77.1131 961.238 170
19 201 -62.2455 961.952 170
19 202 -44.4024 968.056 170
19 203 -29.5433 969.252 170
19 204 -12.3724 970.635 170
19 205 3.9213 970.137 170
19 206 20.7524 967.509 170
19 207 36.7053 963.722 170
19 208 51.5195 967.949 170
19 209 67.31 970.798 170
19 210 82.9077 971.045 170
19 211 97.4027 972.585 170
19 212 113 971.66 170
19 213 127.996 973.207 170
19 214 144.081 970.132 170
19 215 160.291 969.973 170
19 216 175.029 967.367 170
19 217 190.316 966.547 170
19 218 205.16 960.454 170
19 219 220.552 956.233 170
19 220 234.401 953.752 170
19 221 248.422 952.24 170
19 222 261.807 951.839 170
19 223 278.467 946.603 170
19 224 291.838 945.47 170
19 225 305.183 943.605 170
19 226 317.204 938.727 170
19 227 334.203 933.872 170
19 228 343.399 929.719 170
19 229 358.821 928.877 170
19 230 370.178 922.492 170
19 231 378.366 917.54 170
19 232 391.658 908.91 170
19 233 399.51 902.99 170
19 234 409.764 897.979 170
19 235 420.698 894.465 170
19 236 430.266 887.957 170
19 237 440.516 882.947 170
19 238 449.184 880.707 170
19 239 458.666 871.806 170
19 240 466.626 869.019 170
19 241 474.505 863.837 170
19 242 481.199 858.57 170
19 243 486.533 855.773 170
19 244 493.432 852.633 170
19 245 497.149 851.107 170
19 246 501.263 842.783 170
19 247 503.473 840.789 170
19 248 506.658 835.996 170
19 249 511.18 833.455 170
19 250 516.195 831.236 170
19 251 519.145 829.728 170
19 252 521.511 829.899 170
19 253 524.739 829.773 170
19 254 526.032 827.357 170
19 255 529.584 827.613 170
19 256 529.584 827.613 170
19 257 529.477 826.172 170
19 258 532.921 824.986 170
19 259 536.202 825.4 170
19 260 538.734 823.971 170
19 261 539.864 823.336 170
19 262 540.293 821.217 170
19 263 543.364 822.87 170
19 264 543.956 822.913 170
19 265 544.137 822.821 170
19 266 544.095 821.633 170
19 267 544.289 821.393 170
19 268 544.439 821.515 170
19 269 544.439 821.515 170
19 270 544.439 821.515 170
19 271 543.037 818.549 170
19 272 540.56 816.94 170
19 273 541.905 816.514 170
19 274 540.08 811.519 170
19 275 540.126 811.187 170
19 276 538.907 807.821 170
19 277 539.909 808.312 170
19 278 538.727 808.228 170
19 279 538.618 806.791 170
19 280 538.564 806.073 170
19 281 538.51 805.355 170
19 282 538.564 806.073 170
19 283 538.402 803.919 170
19 284 539.584 804.003 170
19 285 539.584 804.003 170
19 286 539.584 804.003 170
19 287 539.693 805.439 170
19 288 540.284 805.481 170
19 289 540.929 806.241 170
19 290 542.058 805.607 170
19 291 540.95 806.358 170
19 292 542.275 808.48 170
19 293 543.567 810.002 170
19 294 544.751 810.086 170
19 295 545.506 812.285 170
19 296 545.788 814.756 170
19 297 547.446 814.57 170
19 298 547.539 814.86 170
19 299 549.925 816.178 170
19 300 549.805 817.547 170
19 301 551.33 819.143 170
19 302 551.922 819.185 170
19 303 551.927 819.703 170
19 304 551.927 819.703 170
19 305 553.921 822.195 170
19 306 553.921 822.195 170
19 307 554.67 823.345 170
19 308 554.946 822.952 170
19 309 555.473 822.75 170
19 310 556.515 825.248 170
19 311 556.515 825.248 170
19 312 557.108 825.291 170
19 313 557.479 822.45 170
19 314 557.266 823.51 170
19 315 558.477 821.318 170
19 316 559.623 822.87 170
19 317 559.408 821.762 170
19 318 559.408 821.762 170
19 319 559.147 821.136 170
19 320 559.518 818.296 170
19 321 559.147 821.136 170
19 322 559.305 819.966 170
19 323 558.443 819.652 170
19 324 559.436 820.296 170
19 325 558.554 821.093 170
19 326 557.368 821.008 170
19 327 557.368 821.008 170
19 328 557.479 822.45 170
19 329 556.664 819.525 170
19 330 556.293 822.365 170
19 331 555.534 820.16 170
19 332 556.293 822.365 170
19 333 554.996 820.838 170
19 334 555.645 821.601 170
19 335 555.645 821.601 170
19 336 555.645 821.601 170
19 337 556.293 822.365 170
19 338 556.664 820.908 170
19 339 556.293 822.365 170
19 340 556.293 822.365 170
19 341 557.188 822.344 170
19 342 556.293 822.365 170
19 343 557.565 824.492 170
19 344 556.293 822.365 170
19 345 557.448 824.494 170
19 346 556.135 824.145 170
19 347 556.57 825.969 170
19 348 556.135 824.145 170
19 349 556.459 824.527 170
19 350 555.866 824.485 170
19 351 555.729 825.766 170
19 352 556.515 825.248 170
19 353 556.515 825.248 170
19 354 556.515 825.248 170
19 355 555.425 824.883 170
19 356 556.515 825.248 170
19 357 555.811 823.764 170
19 358 555.247 824.563 170
19 359 556.997 823.849 170
19 360 556.997 823.849 170
19 361 557.59 823.891 170
19 362 557.423 821.729 170
19 363 559.258 822.577 170
19 364 559.685 820.458 170
19 365 559.051 821.415 170
19 366 560.734 821.823 170
19 367 560.435 818.72 170
19 368 562.225 822.79 170
19 369 561.392 817.824 170
19 370 562.037 819.606 170
19 371 562.483 818.508 170
19 372 561.778 817.025 170
19 373 562.001 819.907 170
19 374 562.26 815.627 170
19 375 563.49 817.653 170
19 376 563.339 819.057 170
19 377 563.339 819.057 170
19 378 563.544 817.746 170
19 379 563.016 819.154 170
19 380 562.604 818.695 170
19 381 562.604 818.695 170
19 382 562.604 818.695 170
19 383 562.635 817.578 170
19 384 562.014 816.41 170
19 385 561.868 816.357 170
19 386 561.543 817.64 170
19 387 561.736 815.865 170
19 388 561.198 817.455 170
19 389 561.074 815.543 170
19 390 559.488 814.857 170
19 391 560.122 813.9 170
19 392 559.21 811.259 170
19 393 558.605 813.494 170
19 394 558.37 811.056 170
19 395 557.777 811.013 170
19 396 557.19 811.809 170
19 397 556.648 811.648 170
19 398 556.262 812.766 170
19 399 556.434 812.706 170
19 400 555.518 812.283 170
19 401 555.518 812.283 170
19 402 555.518 812.283 170
19 403 554.388 812.918 170
19 404 555.518 812.283 170
19 405 554.333 812.199 170
19 406 554.712 813.299 170
19 407 554.712 813.299 170
19 408 553.681 814.442 170
19 409 554.554 815.077 170
19 410 554.554 815.077 170
19 411 554.554 815.077 170
19 412 554.072 816.475 170
19 413 553.748 816.093 170
19 414 553.748 816.093 170
19 415 553.748 816.093 170
19 416 553.328 815.992 170
19 417 554.72 817.237 170
19 418 554.72 817.237 170
19 419 552.387 815.253 170
19 420 554.183 817.915 170
19 421 554.775 817.957 170
19 422 554.183 817.915 170
19 423 554.183 817.915 170
19 424 555.52 818.44 170
19 425 556.071 819.482 170
19 426 556.071 819.482 170
19 427 556.071 819.482 170
19 428 556.071 819.482 170
19 429 555.393 819.864 170
19 430 555.612 819.339 170
19 431 555.612 819.339 170
19 432 556.54 818.524 170
19 433 556.54 818.524 170
19 434 555.85 816.602 170
19 435 555.85 816.602 170
19 436 555.85 816.602 170
19 437 555.85 816.602 170
19 438 555.85 816.602 170
19 439 555.85 816.602 170
19 440 555.85 816.602 170
19 441 555.85 816.602 170
19 442 555.85 816.602 170
19 443 555.85 816.602 170
19 444 555.85 816.602 170
19 445 555.85 816.602 170
19 446 555.85 816.602 170
19 447 555.85 816.602 170
19 448 557.035 816.686 170
19 449 555.85 816.602 170
19 450 557.298 818.567 170
19 451 557.091 817.406 170
19 452 557.091 817.406 170
19 453 557.091 817.406 170
19 454 556.443 816.644 170
19 455 556.971 816.928 170
19 456 556.971 816.928 170
19 457 556.878 818.465 170
19 458 556.971 816.928 170
19 459 557.339 817.567 170
19 460 557.339 817.567 170
19 461 557.339 817.567 170
20 37 -442.562 -865.899 170
20 38 -440.801 -861.861 170
20 39 -439.566 -856.131 170
20 40 -438.772 -850.255 170
20 41 -437.997 -843.388 170
20 42 -436.283 -837.497 170
20 43 -432.914 -831.701 170
20 44 -431.012 -825.694 170
20 45 -427.47 -818.793 170
20 46 -423.94 -810.889 170
20 47 -418.54 -803.963 170
20 48 -414.992 -796.027 170
20 49 -409.589 -788.076 170
20 50 -405.895 -782.299 170
20 51 -402.419 -774.116 170
20 52 -396.93 -769.619 170
20 53 -394.758 -760.102 170
20 54 -388.374 -752.069 170
20 55 -386.223 -739.991 170
20 56 -380.752 -731.409 170
20 57 -377.602 -722.81 170
20 58 -373.517 -713.683 170
20 59 -368.928 -706.565 170
20 60 -362.802 -695.456 170
20 61 -357.891 -688.199 170
20 62 -349.54 -677.946 170
20 63 -343.976 -669.214 170
20 64 -338.408 -659.431 170
20 65 -330.933 -649.613 170
20 66 -325.324 -640.81 170
20 67 -318.763 -630.426 170
20 68 -312.165 -623.127 170
20 69 -305.576 -611.13 170
20 70 -298.971 -598.05 170
20 71 -292.331 -588.066 170
20 72 -287.6 -573.871 170
20 73 -282.836 -565.418 170
20 74 -275.183 -555.863 170
20 75 -271.143 -547.639 170
20 76 -263.668 -536.183 170
20 77 -257.028 -525.763 170
20 78 -250.154 -513.179 170
20 79 -241.499 -503.342 170
20 80 -234.401 -494.097 170
20 81 -228.209 -484.785 170
20 82 -220.463 -473.168 170
20 83 -214.083 -462.84 170
20 84 -206.708 -452.468 170
20 85 -201.254 -439.383 170
20 86 -194.074 -427.588 170
20 87 -188.366 -418.508 170
20 88 -182.382 -407.488 170
20 89 -174.428 -398.595 170
20 90 -168.397 -386.416 170
20 91 -160.401 -377.47 170
20 92 -152.423 -368.358 170
20 93 -146.293 -356.223 170
20 94 -137.336 -346.849 170
20 95 -130.361 -338.601 170
20 96 -123.076 -330.774 170
20 97 -116.302 -322.057 170
20 98 -108.318 -312.6 170
20 99 -101.398 -302.646 170
20 100 -94.9422 -291.551 170
20 101 -89.277 -283.543 170
20 102 -82.5713 -274.365 170
20 103 -75.8918 -267.428 170
20 104 -69.6591 -258.22 170
20 105 -62.2046 -250.835 170
20 106 -56.1577 -240.85 170
20 107 -47.449 -231.858 170
20 108 -41.0791 -223.931 170
20 109 -33.8138 -217.453 170
20 110 -27.5529 -210.128 170
20 111 -21.4652 -202.895 170
20 112 -13.8868 -194.539 170
20 113 -9.0622 -185.762 170
20 114 -4.75446 -177.559 170
20 115 1.58342 -170.441 170
20 116 4.86184 -160.772 170
20 117 8.64042 -156.322 170
20 118 11.3739 -150.43 170
20 119 17.7004 -145.01 170
20 120 22.5412 -137.874 170
20 121 26.3412 -131.339 170
20 122 31.6456 -126.505 170
20 123 35.4592 -119.95 170
20 124 39.2072 -115.733 170
20 125 42.5327 -108.588 170
20 126 44.7161 -104.995 170
20 127 48.173 -94.9435 170
20 128 51.8922 -91.2269 170
20 129 52.6196 -84.7106 170
20 130 54.0495 -81.9205 170
20 131 56.6478 -78.7177 170
20 132 57.0104 -77.4779 170
20 133 57.1641 -72.737 170
20 134 59.5673 -67.336 170
20 135 62.5692 -66.6369 170
20 136 63.8084 -60.6617 170
20 137 67.0984 -55.8009 170
20 138 69.2674 -53.3511 170
20 139 72.0009 -49.6904 170
20 140 74.7574 -45.4296 170
20 141 79.0257 -42.9033 170
20 142 82.2919 -39.2145 170
20 143 87.1551 -34.8711 170
20 144 88.813 -32.4243 170
20 145 92.132 -27.5262 170
20 146 96.7577 -22.8772 170
20 147 98.6732 -20.7138 170
20 148 101.18 -16.4997 170
20 149 103.946 -14.4127 170
20 150 107.994 -10.1876 170
20 151 110.808 -5.2785 170
20 152 115.911 -0.11702 170
20 153 123.033 4.7191 170
20 154 128.254 9.80434 170
20 155 132.677 14.7966 170
20 156 138.066 17.4094 170
20 157 142.377 19.3802 170
20 158 147.801 22.6045 170
20 159 151.235 28.7931 170
20 160 157.914 36.3256 170
20 161 162.426 42.5753 170
20 162 168.072 49.0603 170
20 163 171.42 53.8827 170
20 164 174.78 57.6729 170
20 165 181.427 63.4263 170
20 166 184.879 69.0671 170
20 167 190.476 74.7983 170
20 168 197.294 83.6578 170
20 169 203.19 93.2981 170
20 170 208.685 98.2639 170
20 171 215.313 104.775 170
20 172 220.089 112.307 170
20 173 224.639 117.442 170
20 174 231.16 124.216 170
20 175 236.041 130.312 170
20 176 240.864 140.462 170
20 177 245.508 146.886 170
20 178 251.705 156.008 170
20 179 254.885 161.019 170
20 180 258.532 168.686 170
20 181 266.537 176.554 170
20 182 271.836 184.322 170
20 183 277.725 192.76 170
20 184 281.92 199.879 170
20 185 286.703 207.668 170
20 186 292.52 214.252 170
20 187 296.156 220.749 170
20 188 299.869 228.529 170
20 189 303.247 240.404 170
20 190 306.503 249.194 170
20 191 306.935 256.871 170
20 192 311.878 262.726 170
20 193 313.5 266.128 170
20 194 316.954 273.656 170
20 195 319.272 280.501 170
20 196 321.743 288.593 170
20 197 326.615 297.894 170
20 198 328.281 302.809 170
20 199 330.096 312.741 170
20 200 331.899 317.289 170
20 201 335.592 323.848 170
20 202 337.603 329.781 170
20 203 339.137 336.995 170
20 204 340.634 343.569 170
20 205 341.655 351.43 170
20 206 343.252 363.379 170
20 207 345.05 371.181 170
20 208 345.499 380.628 170
20 209 346.734 387.337 170
20 210 346.854 395.347 170
20 211 349.775 401.858 170
20 212 351.558 414.863 170
20 213 355 425.613 170
20 214 357.405 437.655 170
20 215 360.298 448.426 170
20 216 363.036 456.552 170
20 217 365.902 466.698 170
20 218 366.391 474.728 170
20 219 369.347 486.255 170
20 220 370.488 495.695 170
20 221 372.889 507.24 170
20 222 373.51 517.362 170
20 223 374.215 528.857 170
20 224 375.615 536.906 170
20 225 375.13 543.773 170
20 226 378.076 554.784 170
20 227 381.053 563.471 170
20 228 383.945 576.2 170
20 229 387.822 587.816 170
20 230 391.688 599.88 170
20 231 393.886 610.357 170
20 232 397.443 618.744 170
20 233 399.733 627.822 170
20 234 402.558 636.263 170
20 235 405.521 646.798 170
20 236 408.313 654.578 170
20 237 410.267 667.167 170
20 238 413.065 676.001 170
20 239 413.651 684.052 170
20 240 415.302 691.817 170
20 241 418.07 698.97 170
20 242 418.794 710.19 170
20 243 423.984 718.934 170
20 244 427.975 726.912 170
20 245 431.133 739.768 170
20 246 432.153 740.822 170
20 247 435.373 751.321 170
20 248 436.96 757.776 170
20 249 438.549 764.241 170
20 250 442.572 772.298 170
20 251 444.044 782.175 170
20 252 445.297 788.581 170
20 253 447.012 796.286 170
20 254 449.175 805.773 170
20 255 449.511 810.276 170
20 256 447.527 811.712 170
20 257 448.892 814.662 170
20 258 449.789 820.222 170
20 259 449.245 824.326 170
20 260 451.612 830.861 170
20 261 452.831 836.82 170
20 262 452.655 840.318 170
20 263 454.538 846.552 170
20 264 455.911 849.523 170
20 265 456.202 853.855 170
20 266 456.396 856.744 170
20 267 456.444 857.467 170
20 268 459.834 864.193 170
20 269 460.571 866.409 170
20 270 460.774 870.816 170
20 271 460.864 870.754 170
20 272 461.355 874.541 170
20 273 462.438 876.643 170
20 274 462.487 877.368 170
20 275 463.43 881.215 170
20 276 462.92 880.635 170
20 277 464.063 883.264 170
20 278 464.384 883.649 170
20 279 465.895 885.091 170
20 280 468.108 885.591 170
20 281 466.835 887.141 170
20 282 468.947 885.798 170
20 283 470.081 885.16 170
20 284 471.642 887.302 170
20 285 473.634 885.426 170
20 286 474.127 884.017 170
20 287 475.362 884.832 170
20 288 476.383 886.993 170
20 289 476.204 888.512 170
20 290 476.747 887.829 170
20 291 477.39 888.601 170
20 292 477.49 890.056 170
20 293 477.49 890.056 170
20 294 476.897 890.012 170
20 295 477.413 889.451 170
20 296 476.166 889.667 170
20 297 475.219 891.334 170
20 298 473.491 891.928 170
20 299 472.849 891.156 170
20 300 471.763 892.522 170
20 301 470.628 893.161 170
20 302 469.986 892.388 170
20 303 469.492 893.8 170
20 304 468.307 893.71 170
20 305 468.307 893.71 170
20 306 468.307 893.71 170
20 307 467.122 893.621 170
20 308 467.122 893.621 170
20 309 467.715 893.666 170
20 310 467.715 893.666 170
20 311 467.305 893.707 170
20 312 468.307 893.71 170
20 313 468.258 892.983 170
20 314 468.307 893.71 170
20 315 468.258 892.983 170
20 316 468.258 892.983 170
20 317 469.294 890.888 170
20 318 469.294 890.888 170
20 319 468.601 890.588 170
20 320 468.8 890.562 170
20 321 468.881 890.19 170
20 322 470.379 889.522 170
20 323 470.429 890.25 170
20 324 470.379 889.522 170
20 325 470.379 889.522 170
20 326 470.379 889.522 170
20 327 470.379 889.522 170
20 328 470.429 890.25 170
20 329 470.28 888.068 170
20 330 470.379 889.522 170
20 331 470.651 889.181 170
20 332 470.6 889.302 170
20 333 471.464 888.157 170
20 334 472.057 888.201 170
20 335 472.057 888.201 170
20 336 472.057 888.201 170
20 337 472.057 888.201 170
20 338 471.957 886.747 170
20 339 472.007 887.474 170
20 340 472.135 888.653 170
20 341 472.035 887.198 170
20 342 472.45 885.337 170
20 343 472.45 885.337 170
20 344 471.119 884.481 170
20 345 471.572 885.772 170
20 346 472.052 879.525 170
20 347 471.46 879.481 170
20 348 471.002 878.3 170
20 349 470.892 879.268 170
20 350 471.634 876.686 170
20 351 471.417 876.624 170
20 352 471.261 876.578 170
20 353 471.877 875.765 170
20 354 470.963 872.225 170
20 355 470.273 870.732 170
20 356 470.322 871.456 170
20 357 469.251 870.07 170
20 358 469.09 870.644 170
20 359 467.809 869.107 170
20 360 467.858 869.831 170
20 361 467.415 871.962 170
20 362 465.408 870.482 170
20 363 463.868 871.699 170
20 364 461.504 871.523 170
20 365 459.682 870.667 170
20 366 457.417 871.94 170
20 367 456.632 868.999 170
20 368 456.284 872.577 170
20 369 456.17 871.222 170
20 370 455.006 871.04 170
20 371 455.006 871.04 170
20 372 454.957 870.316 170
20 373 457.466 872.665 170
20 374 458.55 871.304 170
20 375 459.238 872.797 170
20 376 460.864 870.754 170
20 377 462.095 871.567 170
20 378 464.952 870.337 170
20 379 466.134 870.425 170
20 380 467.217 869.063 170
20 381 468.991 869.194 170
20 382 469.728 869.989 170
20 383 471.257 867.92 170
20 384 471.947 869.414 170
20 385 471.848 867.964 170
20 386 473.721 869.545 170
20 387 473.672 868.82 170
20 388 473.721 869.545 170
20 389 473.721 869.545 170
20 390 472.975 869.125 170
20 391 473.821 870.995 170
20 392 473.416 871.092 170
20 393 473.516 872.376 170
20 394 473.821 870.995 170
20 395 473.519 872.769 170
20 396 474.021 873.896 170
20 397 472.642 873.529 170
20 398 471.582 876.275 170
20 399 470.028 875.764 170
20 400 469.486 876.445 170
20 401 467.633 878.618 170
20 402 467.219 877.721 170
20 403 464.951 878.996 170
20 404 464.951 878.996 170
20 405 462.585 878.819 170
20 406 461.913 879.148 170
20 407 460.906 880.437 170
20 408 461.783 881.224 170
20 409 461.83 881.398 170
20 410 461.83 881.398 170
20 411 461.83 881.398 170
20 412 461.569 881.537 170
20 413 462.684 880.271 170
20 414 462.585 878.819 170
20 415 464.36 878.952 170
20 416 464.951 878.996 170
20 417 467.318 879.172 170
20 418 467.81 877.765 170
20 419 467.292 875.506 170
20 420 469.437 875.72 170
20 421 469.486 876.445 170
20 422 470.67 875.338 170
20 423 470.714 875.467 170
20 424 471.753 875.171 170
20 425 471.704 874.445 170
20 426 471.654 873.72 170
20 427 471.654 873.72 170
20 428 472.837 873.808 170
20 429 472.246 873.764 170
20 430 473.252 874.705 170
20 431 473.319 873.794 170
20 432 474.021 873.896 170
20 433 472.68 873.741 170
20 434 472.914 874.411 170
20 435 472.114 874.93 170
20 436 472.272 875.697 170
20 437 471.261 876.578 170
20 438 471.903 877.348 170
20 439 471.928 878.577 170
20 440 471.755 878.637 170
20 441 471.045 878.584 170
20 442 470.868 879.437 170
20 443 470.561 878.914 170
20 444 470.717 879.815 170
20 445 471.144 880.036 170
20 446 470.868 879.437 170
20 447 470.179 880.033 170
20 448 470.967 880.889 170
20 449 470.967 880.889 170
20 450 471.067 882.342 170
20 451 470.425 881.572 170
20 452 471.067 882.342 170
20 453 471.067 882.342 170
20 454 470.475 882.298 170
20 455 471.067 882.342 170
20 456 471.067 882.342 170
20 457 471.737 883.006 170
20 458 471.067 882.342 170
20 459 471.067 882.342 170
20 460 471.067 882.342 170
20 461 471.067 882.342 170
21 37 728.804 -758.829 170
21 38 727.824 -759.219 170
21 39 727.386 -758.142 170
21 40 726.804 -755.922 170
21 41 723.714 -755.923 170
21 42 723.283 -752.497 170
21 43 722.514 -752.751 170
21 44 722.001 -747.989 170
21 45 719.663 -747.218 170
21 46 718.158 -742.653 170
21 47 714.557 -740.579 170
21 48 712.416 -737.007 170
21 49 709.307 -733.795 170
21 50 706.142 -730.614 170
21 51 704.943 -725.41 170
21 52 702.51 -723.075 170
21 53 700.36 -713.669 170
21 54 697.783 -709.241 170
21 55 695.594 -705.513 170
21 56 692.427 -701.251 170
21 57 689.529 -696.868 170
21 58 686.143 -692.184 170
21 59 682.232 -690.057 170
21 60 678.86 -686.589 170
21 61 674.103 -681.818 170
21 62 669.988 -676.999 170
21 63 665.224 -672.544 170
21 64 660.22 -672.993 170
21 65 654.313 -664.966 170
21 66 648.274 -663.38 170
21 67 643.695 -657.489 170
21 68 639.364 -654.282 170
21 69 635.936 -647.429 170
21 70 632.909 -642.142 170
21 71 628.76 -635.809 170
21 72 624.284 -632.616 170
21 73 618.372 -627.334 170
21 74 614.539 -620.931 170
21 75 609.516 -615.582 170
21 76 605.44 -611.002 170
21 77 599.773 -603.718 170
21 78 593.498 -598.235 170
21 79 590.267 -592.693 170
21 80 584.871 -585.889 170
21 81 580.786 -579.176 170
21 82 575.212 -573.758 170
21 83 571.339 -569.642 170
21 84 566.228 -563.131 170
21 85 561.531 -556.347 170
21 86 553.824 -551.206 170
21 87 546.953 -546.889 170
21 88 541.635 -542.555 170
21 89 534.241 -538.239 170
21 90 526.838 -532.803 170
21 91 523.544 -527.089 170
21 92 519.487 -523.008 170
21 93 515.872 -515.351 170
21 94 511.306 -509.096 170
21 95 507.944 -500.887 170
21 96 504.995 -494.765 170
21 97 500.53 -485.964 170
21 98 494.851 -482.433 170
21 99 490.062 -477.503 170
21 100 484.408 -470.361 170
21 101 478.485 -466.55 170
21 102 474.9 -459.37 170
21 103 469.621 -453.876 170
21 104 465.985 -447.239 170
21 105 462.172 -442.831 170
21 106 456.362 -437.332 170
21 107 449.51 -431.846 170
21 108 443.483 -429.14 170
21 109 436.468 -426.461 170
21 110 427.424 -419.044 170
21 111 423.273 -413.91 170
21 112 422.693 -415.466 170
21 113 419.642 -408.012 170
21 114 416.149 -405.476 170
21 115 412.233 -402.17 170
21 116 408.475 -396.613 170
21 117 403.437 -394.448 170
21 118 398.637 -389.758 170
21 119 394.244 -385.588 170
21 120 390.787 -382.279 170
21 121 385.252 -377.9 170
21 122 383.088 -373.392 170
21 123 378.678 -369.519 170
21 124 375.267 -366.191 170
21 125 370.333 -362.325 170
21 126 366.057 -359.463 170
21 127 361.944 -355.692 170
21 128 357.389 -351.508 170
21 129 352.437 -350.208 170
21 130 347.902 -347.597 170
21 131 344.887 -344.912 170
21 132 336.893 -344.95 170
21 133 332.268 -340.958 170
21 134 328.013 -338.489 170
21 135 324.277 -336.009 170
21 136 320.402 -331.545 170
21 137 316.387 -329.352 170
21 138 313.53 -322.92 170
21 139 309.667 -320.393 170
21 140 306.755 -317.039 170
21 141 302.836 -313.134 170
21 142 299.374 -310.79 170
21 143 295.468 -306.631 170
21 144 292.563 -302.518 170
21 145 289.125 -299.166 170
21 146 285.231 -294.681 170
21 147 283.413 -290.149 170
21 148 278.995 -285.669 170
21 149 275.328 -283.3 170
21 150 272.481 -276.479 170
21 151 269.505 -272.831 170
21 152 265.163 -270.198 170
21 153 261.97 -265.726 170
21 154 256.683 -266.683 170
21 155 252.648 -264.479 170
21 156 249.47 -260.819 170
21 157 244.059 -260.082 170
21 158 238.955 -258.477 170
21 159 234.43 -255.709 170
21 160 228.316 -253.552 170
21 161 223.358 -249.069 170
21 162 220.301 -247.99 170
21 163 218.398 -244.583 170
21 164 214.381 -239.842 170
21 165 211.536 -236.73 170
21 166 207.58 -234.704 170
21 167 203.909 -233.41 170
21 168 199.867 -231.201 170
21 169 196.373 -226.845 170
21 170 192.298 -224.209 170
21 171 188.778 -221.004 170
21 172 183.285 -220.066 170
21 173 180.797 -217.817 170
21 174 177.26 -215.363 170
21 175 173.199 -213.962 170
21 176 170.216 -211.146 170
21 177 166.688 -208.922 170
21 178 163.134 -207.276 170
21 179 160.25 -205 170
21 180 155.483 -204.578 170
21 181 150.399 -202.393 170
21 182 144.699 -202.54 170
21 183 140.652 -200.329 170
21 184 136.557 -199.277 170
21 185 132.081 -199.219 170
21 186 127.333 -197.2 170
21 187 123.24 -196.148 170
21 188 119.193 -193.937 170
21 189 117.215 -191.672 170
21 190 113.999 -187.989 170
21 191 111.254 -185.452 170
21 192 108.172 -184.954 170
21 193 105.43 -181.5 170
21 194 103.289 -180.164 170
21 195 100.618 -178.099 170
21 196 97.1418 -175.963 170
21 197 95.5902 -176.005 170
21 198 92.0131 -174.94 170
21 199 90.2277 -172.327 170
21 200 87.5561 -170.773 170
21 201 84.9841 -169.32 170
21 202 81.9647 -167.077 170
21 203 79.4616 -164.819 170
21 204 76.1724 -162.874 170
21 205 73.8564 -162.647 170
21 206 71.4729 -160.478 170
21 207 67.7347 -160.489 170
21 208 64.6741 -159.41 170
21 209 61.575 -159.496 170
21 210 58.4768 -159.582 170
21 211 56.4118 -159.64 170
21 212 53.315 -159.726 170
21 213 50.2191 -159.812 170
21 214 44.6979 -157.418 170
21 215 41.0091 -157.742 170
21 216 39.3907 -160.113 170
21 217 35.8277 -156.398 170
21 218 31.6977 -159.165 170
21 219 29.7416 -155.731 170
21 220 26.6511 -155.817 170
21 221 23.7669 -154.502 170
21 222 20.5565 -153.08 170
21 223 17.4677 -153.167 170
21 224 14.9437 -151.493 170
21 225 13.416 -150.955 170
21 226 10.3771 -149.295 170
21 227 8.16049 -146.89 170
21 228 6.35648 -145.917 170
21 229 3.79959 -145.407 170
21 230 2.27186 -144.869 170
21 231 -1.18896 -144.35 170
21 232 -2.60755 -142.795 170
21 233 -4.9522 -143.631 170
21 234 -7.35962 -143.747 170
21 235 -11.5849 -143.076 170
21 236 -12.1532 -146.444 170
21 237 -15.2644 -147.696 170
21 238 -18.3305 -147.202 170
21 239 -22.4652 -148.483 170
21 240 -27.0908 -151.113 170
21 241 -30.7406 -151.623 170
21 242 -32.7636 -150.518 170
21 243 -35.8652 -151.768 170
21 244 -39.9694 -151.709 170
21 245 -41.9596 -149.618 170
21 246 -45.0577 -150.867 170
21 247 -47.7438 -148.284 170
21 248 -52.216 -148.342 170
21 249 -54.7318 -148.82 170
21 250 -55.3576 -145.981 170
21 251 -59.252 -144.884 170
21 252 -63.3325 -144.42 170
21 253 -66.3894 -143.928 170
21 254 -71.4568 -141.75 170
21 255 -72.4459 -140.035 170
21 256 -76.4917 -137.828 170
21 257 -80.402 -136.011 170
21 258 -83.5416 -132.218 170
21 259 -86.5979 -131.725 170
21 260 -91.4211 -127.095 170
21 261 -92.5801 -123.168 170
21 262 -97.48 -123.52 170
21 263 -99.716 -122.215 170
21 264 -102.744 -119.975 170
21 265 -105.191 -119.698 170
21 266 -108.345 -118.977 170
21 267 -110.797 -116.445 170
21 268 -114.914 -114.51 170
21 269 -117.977 -114.602 170
21 270 -120.002 -113.497 170
21 271 -124.101 -114.787 170
21 272 -126.941 -111.294 170
21 273 -130.515 -110.868 170
21 274 -134.227 -109.263 170
21 275 -135.175 -108.399 170
21 276 -138.292 -108.22 170
21 277 -140.289 -104.779 170
21 278 -142.26 -98.9991 170
21 279 -144.789 -96.2833 170
21 280 -149.505 -94.8172 170
21 281 -153.588 -90.463 170
21 282 -155.118 -90.5109 170
21 283 -158.468 -88.9775 170
21 284 -161.071 -84.1414 170
21 285 -165.517 -79.8292 170
21 286 -168.54 -75.8213 170
21 287 -171.197 -70.5217 170
21 288 -174.858 -65.4675 170
21 289 -179.593 -56.5342 170
21 290 -184.174 -53.4086 170
21 291 -187.698 -46.4541 170
21 292 -190.739 -43.017 170
21 293 -194.803 -39.613 170
21 294 -199.89 -36.2424 170
21 295 -203.944 -30.4712 170
21 296 -208.008 -25.8791 170
21 297 -210.783 -18.5738 170
21 298 -216.638 -13.1469 170
21 299 -220.912 -7.839 170
21 300 -225.918 -6.71003 170
21 301 -230.907 0.59678 170
21 302 -235.084 2.78472 170
21 303 -240.602 10.3608 170
21 304 -244.329 14.7145 170
21 305 -247.174 23.5356 170
21 306 -250.045 31.7872 170
21 307 -252.09 38.8883 170
21 308 -254.691 44.7825 170
21 309 -260.033 49.6715 170
21 310 -265.163 56.6756 170
21 311 -267.219 61.4018 170
21 312 -270.303 66.0918 170
21 313 -275.134 71.4391 170
21 314 -280.066 74.738 170
21 315 -284.7 81.184 170
21 316 -291.137 90.8002 170
21 317 -295.211 93.319 170
21 318 -299.146 101.141 170
21 319 -303.27 104.605 170
21 320 -309.455 109.197 170
21 321 -315.628 111.367 170
21 322 -320.706 117.057 170
21 323 -325.214 124.619 170
21 324 -329.62 130.207 170
21 325 -332.439 136.05 170
21 326 -338.432 140.179 170
21 327 -342.88 149.435 170
21 328 -346.787 155.065 170
21 329 -351.961 158.505 170
21 330 -355.093 163.258 170
21 331 -358.397 169.514 170
21 332 -363.454 175.745 170
21 333 -367.866 180.061 170
21 334 -373.859 185.708 170
21 335 -377.489 188.001 170
21 336 -381.148 195.009 170
21 337 -385.843 197.455 170
21 338 -389.496 202.708 170
21 339 -392.697 209.455 170
21 340 -394.326 215.486 170
21 341 -394.962 224.162 170
21 342 -395.099 234.054 170
21 343 -394.82 243.738 170
21 344 -396.79 248.567 170
21 345 -396.708 257.492 170
21 346 -396.478 264.719 170
21 347 -396.705 275.017 170
21 348 -396.735 281.595 170
21 349 -395.043 289.02 170
21 350 -395.765 295.453 170
21 351 -395.323 300.307 170
21 352 -396.143 304.726 170
21 353 -394.968 307.693 170
21 354 -394.597 310.212 170
21 355 -393.762 313.893 170
21 356 -393.174 320.356 170
21 357 -391.869 324.079 170
21 358 -392.446 330.544 170
21 359 -395.292 338.047 170
21 360 -397.123 345.158 170
21 361 -400.928 352.822 170
21 362 -402.387 359.851 170
21 363 -404.766 365.315 170
21 364 -408.478 368.931 170
21 365 -410.645 373.904 170
21 366 -412.813 378.882 170
21 367 -416.329 381.615 170
21 368 -420.312 389.953 170
21 369 -422.487 394.943 170
21 370 -426.82 403.656 170
21 371 -429.022 409.937 170
21 372 -433.786 416.383 170
21 373 -435.55 423.684 170
21 374 -439.763 424.732 170
21 375 -440.615 431.239 170
21 376 -446.213 433.366 170
21 377 -449.925 441.078 170
21 378 -454.842 445.752 170
21 379 -459.764 453.182 170
21 380 -466.39 458.961 170
21 381 -470.403 463.175 170
21 382 -477.394 467.104 170
21 383 -482.603 468.684 170
21 384 -486.772 473.973 170
21 385 -492.591 475.15 170
21 386 -498.182 480.497 170
21 387 -503.15 484.237 170
21 388 -506.567 492.675 170
21 389 -512.65 496.729 170
21 390 -518.055 502.905 170
21 391 -521.367 509.214 170
21 392 -526.187 512.829 170
21 393 -530.861 518.782 170
21 394 -536.391 521.335 170
21 395 -541.776 526.227 170
21 396 -546.64 531.153 170
21 397 -552.556 536.016 170
21 398 -558.998 540.85 170
21 399 -563.307 544.509 170
21 400 -568.725 550.066 170
21 401 -575.155 554.252 170
21 402 -580.877 552.582 170
21 403 -584.751 558.895 170
21 404 -589.026 561.25 170
21 405 -593.91 566.193 170
21 406 -598.36 573.797 170
21 407 -603.59 578.185 170
21 408 -606.618 585.118 170
21 409 -611.47 588.76 170
21 410 -615.12 591.61 170
21 411 -619.837 597.309 170
21 412 -623.94 599.829 170
21 413 -628.179 600.874 170
21 414 -631.721 605.567 170
21 415 -637.537 609.78 170
21 416 -640.647 614.339 170
21 417 -645.759 618.984 170
21 418 -652.167 620.609 170
21 419 -657.769 623.986 170
21 420 -662.144 626.584 170
21 421 -666.297 627.517 170
21 422 -670 632.469 170
21 423 -672.713 634.923 170
21 424 -676.884 640.694 170
21 425 -680.246 643.809 170
21 426 -682.721 647.57 170
21 427 -686.106 650.681 170
21 428 -689.119 655.188 170
21 429 -691.381 659.032 170
21 430 -693.595 659.446 170
21 431 -697.094 663.922 170
21 432 -699.545 667.918 170
21 433 -702.369 670.289 170
21 434 -703.895 675.735 170
21 435 -705.8 676.734 170
21 436 -707.021 680.663 170
21 437 -707.661 683.295 170
21 438 -709.439 684.742 170
21 439 -710.515 688.454 170
21 440 -711.098 689.754 170
21 441 -711.681 691.054 170
21 442 -711.739 692.39 170
21 443 -713.897 693.58 170
21 444 -714.48 694.881 170
21 445 -716.172 697.446 170
21 446 -716.217 699.658 170
21 447 -717.649 699.893 170
21 448 -718.508 702.653 170
21 449 -718.567 703.992 170
21 450 -718.009 705.907 170
21 451 -719.399 704.941 170
21 452 -718.656 706.002 170
21 453 -718.597 704.662 170
21 454 -718.626 705.332 170
21 455 -718.449 701.314 170
21 456 -719.332 703.187 170
21 457 -719.43 702.549 170
21 458 -720.489 699.828 170
21 459 -720.489 699.828 170
21 460 -720.263 696.643 170
21 461 -721.359 695.741 170
22 37 -715.07 -717.711 170
22 38 -714.434 -718.657 170
22 39 -713.919 -715.414 170
22 40 -713.065 -714.414 170
22 41 -712.26 -712.416 170
22 42 -710.944 -711.035 170
22 43 -710.649 -708.416 170
22 44 -708.453 -705.211 170
22 45 -706.68 -703.735 170
22 46 -704.75 -699.394 170
22 47 -700.233 -697.076 170
22 48 -696.172 -692.749 170
22 49 -692.518 -689.323 170
22 50 -688.366 -686.836 170
22 51 -683.772 -681.748 170
22 52 -676.349 -679.807 170
22 53 -671.259 -676.158 170
22 54 -661.473 -672.322 170
22 55 -654.874 -665.328 170
22 56 -649.022 -661.909 170
22 57 -641.947 -655.792 170
22 58 -635.639 -646.972 170
22 59 -629.717 -640.475 170
22 60 -625.548 -629.739 170
22 61 -617.728 -620.628 170
22 62 -612.372 -612.761 170
22 63 -606.211 -604.501 170
22 64 -599.109 -596.213 170
22 65 -591.951 -588.936 170
22 66 -583.846 -581.635 170
22 67 -574.986 -571.894 170
22 68 -565.319 -561.972 170
22 69 -554.909 -554.377 170
22 70 -545.811 -545.941 170
22 71 -538.469 -540.639 170
22 72 -530.283 -531.65 170
22 73 -523.077 -520.546 170
22 74 -512.973 -510.955 170
22 75 -505.732 -499.256 170
22 76 -495.794 -488.98 170
22 77 -487.816 -477.294 170
22 78 -478.982 -469.193 170
22 79 -468.733 -459.449 170
22 80 -458.429 -450.745 170
22 81 -446.308 -437.201 170
22 82 -433.918 -432.129 170
22 83 -422.575 -422.253 170
22 84 -410.224 -412.87 170
22 85 -400.696 -405.674 170
22 86 -391.215 -393.573 170
22 87 -381.203 -382.511 170
22 88 -371.67 -369.235 170
22 89 -360.604 -359.172 170
22 90 -351.953 -348.025 170
22 91 -342.297 -336.823 170
22 92 -330.633 -327.755 170
22 93 -319.938 -315.356 170
22 94 -309.584 -305.366 170
22 95 -299.397 -294.904 170
22 96 -287.596 -285.157 170
22 97 -277.986 -274.589 170
22 98 -267.352 -266.212 170
22 99 -257.931 -256.997 170
22 100 -247.982 -243.23 170
22 101 -239.002 -233.965 170
22 102 -229.987 -221.27 170
22 103 -221.45 -210.82 170
22 104 -212.382 -199.185 170
22 105 -202.806 -192.076 170
22 106 -191.675 -181.471 170
22 107 -182.018 -170.299 170
22 108 -172.855 -161.41 170
22 109 -163.179 -154.217 170
22 110 -154.543 -144.92 170
22 111 -145.265 -136.635 170
22 112 -136.514 -129.124 170
22 113 -128.275 -121.902 170
22 114 -118.962 -111.407 170
22 115 -109.664 -105.01 170
22 116 -103.358 -94.2821 170
22 117 -95.574 -88.1756 170
22 118 -87.2201 -79.6882 170
22 119 -78.4431 -72.7988 170
22 120 -71.5259 -65.0466 170
22 121 -63.137 -57.6847 170
22 122 -53.9851 -51.7626 170
22 123 -47.004 -46.6392 170
22 124 -39.5454 -41.4987 170
22 125 -35.0078 -33.206 170
22 126 -26.8111 -28.5801 170
22 127 -22.4122 -18.2919 170
22 128 -15.3756 -11.5989 170
22 129 -12.6406 -8.76376 170
22 130 -7.41359 -1.01841 170
22 131 -2.62411 2.74947 170
22 132 3.27988 8.96414 170
22 133 9.68487 14.0041 170
22 134 16.9278 20.5883 170
22 135 21.4426 26.9355 170
22 136 28.016 32.7621 170
22 137 34.4627 37.8382 170
22 138 42.0091 44.1752 170
22 139 46.3707 49.1903 170
22 140 53.3751 54.312 170
22 141 59.4526 63.0579 170
22 142 63.8378 68.0992 170
22 143 68.3503 76.8154 170
22 144 75.2166 82.5367 170
22 145 80.3369 87.0671 170
22 146 85.7704 90.9562 170
22 147 93.3455 96.3973 170
22 148 100.027 103.798 170
22 149 107.123 109.41 170
22 150 114.778 114.241 170
22 151 117.68 120.528 170
22 152 127.488 125.87 170
22 153 134.588 129.872 170
22 154 139.755 138.757 170
22 155 149.225 148.574 170
22 156 153.192 152.983 170
22 157 158.985 163.193 170
22 158 163.45 167.126 170
22 159 170.131 172.409 170
22 160 176.767 176.446 170
22 161 183.524 182.999 170
22 162 191.941 186.82 170
22 163 198.101 194.931 170
22 164 207.036 200.984 170
22 165 214.359 206.977 170
22 166 222.209 212.373 170
22 167 228.439 217.704 170
22 168 236.531 223.321 170
22 169 244.266 229.811 170
22 170 247.962 236.999 170
22 171 258.094 244.411 170
22 172 264.033 251.708 170
22 173 270.813 257.739 170
22 174 278.701 261.938 170
22 175 284.471 267.321 170
22 176 293.517 272.226 170
22 177 301.547 278.374 170
22 178 307.422 285.071 170
22 179 315.443 290.597 170
22 180 322.372 296.079 170
22 181 328.797 302.189 170
22 182 333.971 305.666 170
22 183 339.344 312.388 170
22 184 345.836 319.175 170
22 185 351.941 328.549 170
22 186 357.902 335.339 170
22 187 363.356 342.764 170
22 188 369.856 348.953 170
22 189 376.803 353.218 170
22 190 383.925 360.109 170
22 191 392.828 368.266 170
22 192 399.333 373.99 170
22 193 409.869 381.097 170
22 194 415.883 387.324 170
22 195 423.983 391.038 170
22 196 431.945 395.208 170
22 197 438.14 401.01 170
22 198 447.541 406.79 170
22 199 456.153 416.198 170
22 200 462.239 423.463 170
22 201 470.275 433.192 170
22 202 476.81 437.537 170
22 203 483.45 443.225 170
22 204 491.338 450.325 170
22 205 498.473 454.724 170
22 206 505.919 463.16 170
22 207 515.097 471.71 170
22 208 524.194 478.931 170
22 209 531.485 484.718 170
22 210 541.298 492.644 170
22 211 547.829 496.421 170
22 212 554.222 504.888 170
22 213 561.314 514.765 170
22 214 568.656 523.699 170
22 215 575.66 535.958 170
22 216 581.668 539.033 170
22 217 587.029 548.206 170
22 218 593.053 551.292 170
22 219 599.825 563.313 170
22 220 607.145 567.859 170
22 221 612.495 576.408 170
22 222 622.522 585.258 170
22 223 629.653 593.951 170
22 224 635.27 598.43 170
22 225 643.49 605.313 170
22 226 648.473 607.417 170
22 227 654.216 614.005 170
22 228 659.941 620.692 170
22 229 664.671 627.923 170
22 230 670.06 635.901 170
22 231 674.156 642.42 170
22 232 677.605 648.211 170
22 233 682.238 654.085 170
22 234 687.088 655.79 170
22 235 690.551 661.599 170
22 236 695.074 666.085 170
22 237 699.825 675.442 170
22 238 704.916 683.542 170
22 239 709.127 690.843 170
22 240 714.271 695.401 170
22 241 716.911 698.39 170
22 242 719.553 701.382 170
22 243 722.315 703.115 170
22 244 727.154 703.645 170
22 245 726.762 708.911 170
22 246 729.703 712.495 170
22 247 731.371 717.748 170
22 248 731.735 717.719 170
22 249 731.169 719.874 170
22 250 732.735 722.03 170
22 251 732.139 721.991 170
22 252 730.946 721.911 170
22 253 730.42 719.728 170
22 254 729.157 721.792 170
22 255 733.19 726.476 170
22 256 734.374 728.089 170
22 257 734.544 734.907 170
22 258 734.531 736.653 170
22 259 734.949 739.193 170
22 260 734.544 734.907 170
22 261 733.755 739.112 170
22 262 732.291 736.174 170
22 263 731.853 736.571 170
22 264 732.779 738.081 170
22 265 733.107 740.175 170
22 266 733.348 742.352 170
22 267 732.964 743.321 170
22 268 732.977 742.824 170
22 269 732.964 743.321 170
22 270 732.367 743.28 170
22 271 730.305 740.3 170
22 272 731.769 743.24 170
22 273 731.5 740.38 170
22 274 730.903 740.34 170
22 275 729.704 741.35 170
22 276 729.509 738.896 170
22 277 728.933 739.334 170
22 278 728.246 737.321 170
22 279 728.709 735.933 170
22 280 728.44 733.078 170
22 281 728.599 729.211 170
22 282 728.082 728.256 170
22 283 728.531 725.343 170
22 284 728.351 723.295 170
22 285 728.36 719.616 170
22 286 728.294 718.905 170
22 287 728.16 717.481 170
22 288 727.032 714.933 170
22 289 726.701 714.557 170
22 290 725.376 713.056 170
22 291 725.309 712.345 170
22 292 724.211 711.99 170
22 293 724.052 711.556 170
22 294 722.994 712.898 170
22 295 722.994 712.898 170
22 296 722.488 713.3 170
22 297 722.488 713.3 170
22 298 721.896 712.543 170
22 299 721.518 715.083 170
22 300 720.613 712.741 170
22 301 720.879 715.584 170
22 302 721.348 713.767 170
22 303 720.746 714.162 170
22 304 720.172 715.489 170
22 305 719.688 715.505 170
22 306 719.328 714.691 170
22 307 719.328 714.691 170
22 308 718.365 714.004 170
22 309 718.365 714.004 170
22 310 718.365 714.004 170
22 311 718.365 714.004 170
22 312 718.365 714.004 170
22 313 718.365 714.004 170
22 314 718.365 714.004 170
22 315 718.299 713.294 170
22 316 718.365 714.004 170
22 317 718.365 714.004 170
22 318 718.365 714.004 170
22 319 718.365 714.004 170
22 320 718.365 714.004 170
22 321 718.299 713.294 170
22 322 718.365 714.004 170
22 323 718.365 714.004 170
22 324 718.365 714.004 170
22 325 717.704 713.254 170
22 326 717.704 713.254 170
22 327 717.968 712.919 170
22 328 717.188 712.796 170
22 329 716.91 711.083 170
22 330 717.042 712.504 170
22 331 717.968 712.919 170
22 332 717.042 712.504 170
22 333 717.968 712.919 170
22 334 717.968 712.919 170
22 335 717.974 712.6 170
22 336 718.233 712.583 170
22 337 718.527 712.82 170
22 338 718.828 712.622 170
22 339 718.663 713.144 170
22 340 718.663 713.144 170
22 341 719.423 712.662 170
22 342 719.423 712.662 170
22 343 719.342 713.322 170
22 344 719.201 711.301 170
22 345 719.423 712.662 170
22 346 719.423 712.662 170
22 347 719.555 714.083 170
22 348 719.423 712.662 170
22 349 720.613 712.741 170
22 350 719.753 709.859 170
22 351 719.616 711.693 170
22 352 720.475 711.517 170
22 353 719.616 711.693 170
22 354 719.499 711.319 170
22 355 719.29 711.241 170
22 356 719.582 713.096 170
22 357 717.934 714.202 170
22 358 719.013 714.484 170
22 359 718.233 712.583 170
22 360 717.439 716.769 170
22 361 716.513 719.535 170
22 362 713.536 719.337 170
22 363 713.465 724.058 170
22 364 711.299 723.29 170
22 365 709.633 721.905 170
22 366 710.579 725.234 170
22 367 707.318 722.458 170
22 368 709.095 726.724 170
22 369 708.219 725.177 170
22 370 707.58 725.305 170
22 371 708.519 725.227 170
22 372 707.514 724.593 170
22 373 707.58 725.305 170
22 374 706.962 721.161 170
22 375 707.23 722.66 170
22 376 708.312 720.403 170
22 377 708.616 719.858 170
22 378 709.299 720.203 170
22 379 709.359 717.908 170
22 380 713.01 713.649 170
22 381 713.604 713.689 170
22 382 716.315 712.565 170
22 383 717.386 708.574 170
22 384 717.836 708.321 170
22 385 719.371 705.387 170
22 386 719.95 705.639 170
22 387 720.584 704.199 170
22 388 720.928 705.216 170
22 389 721.14 705.717 170
22 390 721.007 704.298 170
22 391 719.818 704.219 170
22 392 718.721 702.596 170
22 393 718.166 705.521 170
22 394 717.439 704.063 170
22 395 714.797 701.069 170
22 396 713.477 699.574 170
22 397 709.52 695.09 170
22 398 707.87 696.389 170
22 399 706.487 694.187 170
22 400 705.958 694.857 170
22 401 705.062 694.855 170
22 402 703.454 693.285 170
22 403 703.65 695.409 170
22 404 703.584 694.701 170
22 405 704.373 696.864 170
22 406 704.503 698.28 170
22 407 708.52 703.95 170
22 408 709.082 705.553 170
22 409 709.844 706.521 170
22 410 709.38 706.352 170
22 411 709.904 712.031 170
22 412 709.854 710.585 170
22 413 711.913 712.023 170
22 414 712.759 713.757 170
22 415 714.926 715.189 170
22 416 713.736 715.11 170
22 417 715.058 716.611 170
22 418 716.204 717.231 170
22 419 717.219 714.779 170
22 420 717.109 713.215 170
22 421 717.611 714.802 170
22 422 718.299 713.294 170
22 423 719.713 713.366 170
22 424 721.341 714.202 170
22 425 723.128 714.32 170
22 426 723.725 717.54 170
22 427 724.321 717.58 170
22 428 724.129 718.192 170
22 429 725.129 719.26 170
22 430 723.66 720.011 170
22 431 724.042 722.198 170
22 432 724.513 722.419 170
22 433 723.535 720.95 170
22 434 723.927 722.859 170
22 435 724.433 722.321 170
22 436 725.625 722.15 170
22 437 725.237 721.672 170
22 438 725.491 720.976 170
22 439 726.526 718.62 170
22 440 726.968 717.402 170
22 441 728.16 717.481 170
22 442 729.996 717.865 170
22 443 731.139 717.679 170
22 444 730.409 716.217 170
22 445 730.584 717.193 170
22 446 730.409 716.217 170
22 447 729.217 716.138 170
22 448 730.409 716.217 170
22 449 728.026 716.059 170
22 450 728.227 718.193 170
22 451 726.968 717.402 170
22 452 724.718 718.667 170
22 453 724.268 718.92 170
22 454 722.271 719.971 170
22 455 720.615 719.101 170
22 456 721.068 719.512 170
22 457 720.979 720.594 170
22 458 720.086 719.773 170
22 459 720.88 718.765 170
22 460 721.794 720.311 170
22 461 721.735 718.666 170
23 37 800.732 -662.179 170
23 38 799.622 -662.725 170
23 39 799.873 -660.56 170
23 40 797.904 -659.487 170
23 41 795.935 -658.413 170
23 42 796.709 -656.244 170
23 43 793.293 -654.094 170
23 44 792.557 -651.388 170
23 45 789.477 -650.861 170
23 46 786.707 -647.622 170
23 47 785.26 -646.545 170
23 48 780.516 -642.229 170
23 49 778.206 -639.527 170
23 50 772.104 -637.931 170
23 51 769.17 -633.406 170
23 52 762.12 -633.642 170
23 53 760.633 -628.215 170
23 54 754.994 -627.161 170
23 55 747.503 -623.942 170
23 56 743.39 -618.525 170
23 57 737.061 -614.208 170
23 58 732.242 -610.425 170
23 59 728.408 -607.179 170
23 60 722.772 -601.215 170
23 61 717.772 -599.066 170
23 62 712.711 -592.546 170
23 63 708.007 -589.049 170
23 64 703.573 -584.957 170
23 65 698.273 -580.618 170
23 66 694.843 -576.986 170
23 67 690.624 -568.617 170
23 68 685.726 -565.365 170
23 69 683.126 -556.197 170
23 70 677.421 -554.445 170
23 71 670.755 -547.9 170
23 72 667.229 -541.32 170
23 73 662.319 -538.058 170
23 74 656.47 -533.701 170
23 75 650.04 -529.901 170
23 76 641.822 -528.329 170
23 77 636.492 -523.964 170
23 78 631.159 -519.598 170
23 79 624.777 -515.24 170
23 80 619.44 -510.87 170
23 81 614.493 -505.107 170
23 82 609.282 -502.117 170
23 83 604.144 -495.518 170
23 84 599.991 -490.434 170
23 85 593.97 -486.749 170
23 86 589.293 -480.687 170
23 87 584.003 -478.694 170
23 88 576.81 -474.364 170
23 89 572.545 -469.203 170
23 90 567.543 -463.936 170
23 91 562.016 -458.181 170
23 92 556.697 -453.224 170
23 93 551.801 -449.378 170
23 94 547.109 -444.24 170
23 95 542.624 -440.552 170
23 96 537.579 -438.384 170
23 97 531.572 -433.741 170
23 98 524.013 -431.856 170
23 99 521.248 -427.409 170
23 100 515.693 -425.574 170
23 101 508.513 -423.022 170
23 102 502.283 -417.815 170
23 103 495.579 -415.447 170
23 104 491.802 -410.446 170
23 105 486.797 -407.713 170
23 106 481.268 -404.987 170
23 107 475.791 -396.537 170
23 108 470.693 -393.328 170
23 109 465.203 -390.035 170
23 110 462.02 -387.56 170
23 111 457.049 -383.726 170
23 112 452.642 -376.692 170
23 113 447.357 -370.991 170
23 114 445.082 -366.07 170
23 115 441.276 -361.037 170
23 116 438.557 -355.413 170
23 117 432.568 -351.549 170
23 118 430.932 -345.328 170
23 119 425.903 -342.579 170
23 120 421.961 -339.24 170
23 121 419.27 -333.027 170
23 122 412.263 -328.604 170
23 123 408.315 -325.259 170
23 124 403.883 -321.353 170
23 125 398.401 -317.466 170
23 126 393.807 -315.845 170
23 127 386.385 -309.709 170
23 128 383.555 -305.191 170
23 129 380.8 -299.523 170
23 130 374.822 -295.064 170
23 131 370.08 -287.708 170
23 132 366.078 -284.924 170
23 133 362.3 -278.686 170
23 134 358.407 -274.171 170
23 135 356.159 -268.464 170
23 136 350.577 -265.71 170
23 137 347.63 -258.57 170
23 138 343.898 -255.482 170
23 139 340.102 -249.217 170
23 140 335.333 -244.889 170
23 141 331.445 -239.323 170
23 142 328.607 -235.708 170
23 143 323.79 -234.967 170
23 144 321.309 -231.145 170
23 145 317.622 -229.727 170
23 146 313.348 -228.683 170
23 147 307.322 -228.586 170
23 148 304.28 -226.922 170
23 149 297.891 -228.816 170
23 150 293.835 -226.597 170
23 151 289.256 -224.391 170
23 152 287.016 -222.417 170
23 153 283.93 -220.418 170
23 154 280.498 -218.797 170
23 155 277.184 -215.991 170
23 156 272.378 -217.851 170
23 157 269.931 -213.351 170
23 158 263.614 -215.749 170
23 159 261.618 -214.059 170
23 160 259.547 -210.837 170
23 161 255.595 -209.567 170
23 162 254.12 -207.863 170
23 163 251.065 -205.024 170
23 164 248.093 -203.368 170
23 165 246.709 -199.916 170
23 166 241.42 -201.215 170
23 167 237.361 -198.994 170
23 168 234.196 -199.657 170
23 169 231.704 -197.395 170
23 170 228.077 -196.908 170
23 171 225.062 -194.66 170
23 172 219.928 -193.049 170
23 173 214.738 -192.602 170
23 174 210.386 -187.829 170
23 175 207.661 -188.133 170
23 176 203.41 -185.114 170
23 177 201.104 -183.649 170
23 178 195.201 -179.6 170
23 179 192.486 -178.636 170
23 180 190.59 -174.605 170
23 181 186.634 -170.045 170
23 182 185.451 -167.45 170
23 183 181.356 -166.756 170
23 184 178.555 -164.427 170
23 185 175.531 -162.173 170
23 186 172.832 -156.132 170
23 187 168.869 -153.621 170
23 188 167.278 -150.938 170
23 189 162.693 -146.147 170
23 190 158.621 -143.919 170
23 191 158.508 -141.694 170
23 192 155.692 -139.311 170
23 193 153.528 -138.235 170
23 194 148.511 -136.584 170
23 195 145.381 -136.674 170
23 196 142.823 -135.574 170
23 197 141.307 -134.444 170
23 198 138.862 -133.107 170
23 199 135.075 -134.038 170
23 200 128.869 -133.044 170
23 201 128.371 -132.471 170
23 202 124.655 -134.339 170
23 203 120.344 -135.554 170
23 204 117.276 -136.897 170
23 205 112.12 -135.873 170
23 206 109.045 -134.79 170
23 207 106.965 -134.85 170
23 208 102.807 -134.97 170
23 209 98.6506 -135.09 170
23 210 95.6201 -132.835 170
23 211 92.8128 -132.705 170
23 212 90.5116 -130.639 170
23 213 86.3368 -131.346 170
23 214 82.2056 -130.881 170
23 215 78.6554 -128.64 170
23 216 75.8588 -134.579 170
23 217 73.8657 -132.295 170
23 218 71.772 -132.941 170
23 219 68.6823 -132.445 170
23 220 66.8195 -133.963 170
23 221 64.876 -135.446 170
23 222 61.7153 -139.665 170
23 223 59.0321 -142.663 170
23 224 56.4324 -143.799 170
23 225 54.6492 -150.372 170
23 226 50.4426 -152.821 170
23 227 49.1065 -155.584 170
23 228 46.4157 -158.184 170
23 229 42.7847 -160.937 170
23 230 40.6891 -164.412 170
23 231 35.9981 -163.648 170
23 232 33.2944 -164.233 170
23 233 29.9789 -165.022 170
23 234 26.1162 -166.985 170
23 235 21.1655 -167.586 170
23 236 18.0146 -169.992 170
23 237 15.6148 -171.332 170
23 238 10.6143 -170.31 170
23 239 3.63589 -170.385 170
23 240 1.61458 -169.282 170
23 241 -2.48978 -169.395 170
23 242 -4.06395 -166.889 170
23 243 -7.15733 -169.546 170
23 244 -11.6597 -167.33 170
23 245 -15.3351 -170.905 170
23 246 -20.6628 -169.025 170
23 247 -24.5521 -171.157 170
23 248 -30.1808 -171.311 170
23 249 -34.2726 -171.423 170
23 250 -39.9224 -172.734 170
23 251 -44.0355 -174.002 170
23 252 -48.6567 -175.283 170
23 253 -53.785 -176.578 170
23 254 -56.3478 -177.224 170
23 255 -60.6052 -176.567 170
23 256 -63.9261 -173.968 170
23 257 -66.0213 -172.732 170
23 258 -70.0092 -172.402 170
23 259 -72.0254 -171.303 170
23 260 -74.5405 -169.64 170
23 261 -77.0557 -167.976 170
23 262 -80.1128 -168.06 170
23 263 -82.6178 -165.819 170
23 264 -85.1647 -165.89 170
23 265 -88.6888 -163.676 170
23 266 -92.2532 -163.775 170
23 267 -96.2962 -162.154 170
23 268 -99.8929 -159.989 170
23 269 -104.918 -160.662 170
23 270 -109.471 -159.842 170
23 271 -113.545 -159.748 170
23 272 -117.036 -155.222 170
23 273 -121.086 -154.18 170
23 274 -125.935 -152.12 170
23 275 -128.638 -149.188 170
23 276 -132.188 -148.711 170
23 277 -134.698 -146.468 170
23 278 -139.749 -144.297 170
23 279 -142.769 -142.068 170
23 280 -145.81 -141.576 170
23 281 -149.65 -140.066 170
23 282 -153.888 -137.755 170
23 283 -157.429 -136.7 170
23 284 -161.448 -132.759 170
23 285 -164.968 -129.383 170
23 286 -169.011 -127.761 170
23 287 -173.045 -124.979 170
23 288 -177.08 -122.196 170
23 289 -181.12 -119.994 170
23 290 -186.167 -116.659 170
23 291 -189.194 -114.425 170
23 292 -194.25 -112.252 170
23 293 -199.816 -110.676 170
23 294 -205.883 -107.953 170
23 295 -211.44 -104.632 170
23 296 -217.904 -99.94 170
23 297 -221.414 -95.6541 170
23 298 -225.067 -91.0693 170
23 299 -229.865 -85.6758 170
23 300 -235.69 -84.4007 170
23 301 -240.237 -77.534 170
23 302 -244.641 -73.8518 170
23 303 -249.918 -69.993 170
23 304 -253.909 -65.1006 170
23 305 -258.471 -58.8024 170
23 306 -262.367 -53.0316 170
23 307 -266.177 -45.988 170
23 308 -270.448 -39.019 170
23 309 -275.239 -32.9113 170
23 310 -281.4 -28.7632 170
23 311 -287.449 -22.1269 170
23 312 -291.517 -19.9071 170
23 313 -297.622 -15.9862 170
23 314 -303.225 -11.4552 170
23 315 -309.337 -6.94057 170
23 316 -314.945 -2.40567 170
23 317 -321.523 1.27644 170
23 318 -326.675 6.65146 170
23 319 -332.299 12.3785 170
23 320 -338.952 19.2601 170
23 321 -344.606 27.3742 170
23 322 -349.229 33.1543 170
23 323 -353.797 39.257 170
23 324 -357.971 44.1507 170
23 325 -363.119 50.5213 170
23 326 -367.757 56.3196 170
23 327 -371.904 63.3387 170
23 328 -375.562 71.5841 170
23 329 -380.735 78.5797 170
23 330 -383.879 85.6637 170
23 331 -387.786 92.4244 170
23 332 -392.862 102.4 170
23 333 -398.435 107.36 170
23 334 -402.498 113.472 170
23 335 -406.614 119.429 170
23 336 -413.826 123.667 170
23 337 -418.401 129.808 170
23 338 -422.267 132.371 170
23 339 -430.313 140.822 170
23 340 -433.727 146.444 170
23 341 -439.976 153.469 170
23 342 -444.256 160.827 170
23 343 -453.011 168.123 170
23 344 -454.213 177.224 170
23 345 -458.928 183.125 170
23 346 -462.626 189.077 170
23 347 -465.569 195.374 170
23 348 -470.544 200.972 170
23 349 -473.878 208.553 170
23 350 -479.45 214.427 170
23 351 -482.955 222.358 170
23 352 -484.501 230.463 170
23 353 -488.953 236.917 170
23 354 -493.439 243.351 170
23 355 -497.363 251 170
23 356 -505.606 256.033 170
23 357 -509.282 259.572 170
23 358 -513.565 268.286 170
23 359 -519.33 271.49 170
23 360 -525.706 279.877 170
23 361 -530.451 284.618 170
23 362 -533.577 291.963 170
23 363 -539.559 298.495 170
23 364 -543.411 304.36 170
23 365 -548.173 312.427 170
23 366 -550.425 319.196 170
23 367 -553.632 323.417 170
23 368 -557.631 331.701 170
23 369 -559.139 335.68 170
23 370 -564.541 344.198 170
23 371 -566.275 350.401 170
23 372 -568.011 356.611 170
23 373 -572.343 367.694 170
23 374 -574.616 370.148 170
23 375 -579.134 382.561 170
23 376 -583.458 388.664 170
23 377 -587.827 396.04 170
23 378 -592.924 400.002 170
23 379 -597.397 404.408 170
23 380 -601.692 409.258 170
23 381 -605.003 414.888 170
23 382 -609.817 420.27 170
23 383 -614.725 427.649 170
23 384 -618.091 435.125 170
23 385 -620.246 437.56 170
23 386 -623.686 446.965 170
23 387 -626.808 453.448 170
23 388 -628.529 459.194 170
23 389 -633.661 464.998 170
23 390 -636.435 469.98 170
23 391 -636.761 476.791 170
23 392 -641.464 480.305 170
23 393 -644.82 486.236 170
23 394 -646.568 491.297 170
23 395 -650.445 497.441 170
23 396 -651.772 505.212 170
23 397 -655.055 509.547 170
23 398 -657.405 516.537 170
23 399 -664.269 519.362 170
23 400 -668.155 525.617 170
23 401 -670.85 529.32 170
23 402 -676.682 530.941 170
23 403 -679.81 536.001 170
23 404 -683.31 536.735 170
23 405 -686.705 542.164 170
23 406 -688.288 546.938 170
23 407 -695.502 558.445 170
23 408 -697.778 561.317 170
23 409 -700.603 556.162 170
23 410 -702.339 560.493 170
23 411 -705.401 570.897 170
23 412 -706.496 572.137 170
23 413 -708.974 574.074 170
23 414 -710.876 577.097 170
23 415 -713.009 578.271 170
23 416 -715.201 580.753 170
23 417 -716.01 583.501 170
23 418 -718.782 591.025 170
23 419 -722.935 590.755 170
23 420 -724.848 598.52 170
23 421 -727.504 599.662 170
23 422 -728.129 601.714 170
23 423 -733.42 603.068 170
23 424 -736.053 604.367 170
23 425 -740.109 609.857 170
23 426 -741.414 612.148 170
23 427 -746.503 615.57 170
23 428 -749.404 616.998 170
23 429 -752.223 619.425 170
23 430 -757.057 622.601 170
23 431 -759.498 626.56 170
23 432 -762.38 628.995 170
23 433 -765.19 631.137 170
23 434 -766.082 633.391 170
23 435 -768.453 633.796 170
23 436 -767.812 631.714 170
23 437 -769.399 633.219 170
23 438 -770.856 634.312 170
23 439 -772.628 635.57 170
23 440 -773.556 634.69 170
23 441 -775.104 633.903 170
23 442 -776.794 635.185 170
23 443 -777.559 635.231 170
23 444 -779.042 635.923 170
23 445 -780.687 636.561 170
23 446 -781.689 631.722 170
23 447 -782.74 631.347 170
23 448 -784.719 632.762 170
23 449 -785.37 632.569 170
23 450 -786.655 635.62 170
23 451 -786.686 633.739 170
23 452 -788 636.744 170
23 453 -787.539 634.885 170
23 454 -788.756 636.708 170
23 455 -788.296 637.362 170
23 456 -788.367 637.499 170
23 457 -788.06 639.832 170
23 458 -788.913 638.973 170
23 459 -789.781 641.694 170
23 460 -789.349 641.342 170
23 461 -789.052 641.177 170
24 37 898.908 -505.375 170
24 38 898.371 -505.381 170
24 39 896.756 -503.884 170
24 40 894.361 -502.8 170
24 41 893.712 -501.292 170
24 42 892.446 -499.745 170
24 43 889.522 -498.936 170
24 44 887.499 -497.084 170
24 45 882.042 -496.136 170
24 46 878.232 -492.247 170
24 47 874.076 -491.172 170
24 48 868.426 -487.416 170
24 49 861.617 -483.921 170
24 50 855.111 -482.448 170
24 51 850.553 -476.604 170
24 52 836.951 -479.039 170
24 53 833.613 -471.411 170
24 54 825.579 -471.515 170
24 55 820.346 -465.946 170
24 56 812.927 -463.54 170
24 57 806.997 -456.532 170
24 58 799.806 -449.286 170
24 59 793.975 -442.614 170
24 60 785.748 -437.716 170
24 61 777.216 -431.494 170
24 62 769.155 -427.078 170
24 63 758.951 -422.693 170
24 64 750.647 -418.323 170
24 65 740.389 -408.232 170
24 66 728.701 -406.12 170
24 67 719.621 -401.146 170
24 68 710.658 -395.029 170
24 69 701.36 -392.859 170
24 70 689.052 -387.412 170
24 71 678.843 -383.024 170
24 72 667.905 -375.224 170
24 73 658.981 -368.527 170
24 74 649.096 -360.699 170
24 75 638.137 -352.885 170
24 76 625.675 -349.678 170
24 77 615.628 -342.484 170
24 78 602.354 -337.505 170
24 79 592.337 -330.81 170
24 80 581.149 -325.284 170
24 81 568.997 -318.627 170
24 82 555.579 -314.294 170
24 83 543.374 -308.212 170
24 84 531.167 -302.128 170
24 85 518.909 -296.621 170
24 86 510.067 -288.155 170
24 87 500.017 -281.44 170
24 88 489.69 -273.051 170
24 89 478.269 -265.687 170
24 90 466.699 -260.769 170
24 91 455.481 -255.228 170
24 92 444.347 -248.524 170
24 93 435.158 -244.094 170
24 94 424.505 -237.955 170
24 95 414.459 -230.636 170
24 96 401.846 -226.752 170
24 97 389.234 -221.355 170
24 98 379.289 -214.388 170
24 99 366.884 -208.505 170
24 100 357.758 -202.901 170
24 101 348.139 -196.723 170
24 102 340.699 -189.315 170
24 103 329.379 -184.931 170
24 104 319.669 -179.52 170
24 105 309.973 -174.905 170
24 106 300.761 -170.463 170
24 107 291.782 -161.907 170
24 108 282.53 -158.051 170
24 109 276.885 -151.755 170
24 110 267.72 -149.318 170
24 111 258.781 -146.064 170
24 112 249.671 -143.686 170
24 113 242.989 -139.273 170
24 114 236.937 -134.017 170
24 115 230.414 -130.103 170
24 116 224.513 -124.649 170
24 117 219.259 -122.171 170
24 118 211.022 -118.872 170
24 119 207.568 -115.406 170
24 120 200.971 -111.797 170
24 121 196.003 -107.42 170
24 122 191.631 -104.641 170
24 123 185.395 -100.6 170
24 124 177.292 -99.7845 170
24 125 173.829 -95.1534 170
24 126 168.055 -95.3304 170
24 127 162.911 -93.1192 170
24 128 153.42 -94.5951 170
24 129 150.375 -92.3206 170
24 130 145.391 -91.1088 170
24 131 140.018 -89.6797 170
24 132 134.79 -90.6609 170
24 133 131.673 -90.1653 170
24 134 126.955 -89.492 170
24 135 125.385 -89.5407 170
24 136 116.942 -85.8153 170
24 137 110.792 -88.8095 170
24 138 107.68 -88.3145 170
24 139 102.435 -89.0687 170
24 140 96.4055 -89.4379 170
24 141 92.0413 -88.209 170
24 142 86.826 -88.3711 170
24 143 81.6755 -86.7579 170
24 144 78.5689 -86.2637 170
24 145 74.4412 -85.2101 170
24 146 71.3158 -85.3077 170
24 147 66.1085 -85.4706 170
24 148 63.0246 -84.3849 170
24 149 60.9039 -85.6332 170
24 150 59.9795 -82.1159 170
24 151 57.7225 -82.1325 170
24 152 55.7581 -82.1208 170
24 153 53.9672 -83.1913 170
24 154 49.5749 -82.4428 170
24 155 47.458 -83.6909 170
24 156 44.3396 -83.7886 170
24 157 41.1857 -85.0686 170
24 158 35.4331 -83.4868 170
24 159 34.5061 -82.916 170
24 160 29.7989 -84.2446 170
24 161 29.1562 -81.4307 170
24 162 24.2916 -81.1116 170
24 163 20.7909 -80.2771 170
24 164 16.1731 -78.6514 170
24 165 12.3984 -76.5265 170
24 166 8.31549 -74.2927 170
24 167 4.78242 -70.8589 170
24 168 0.179539 -68.6413 170
24 169 -3.92065 -66.9987 170
24 170 -7.95999 -62.987 170
24 171 -12.076 -61.9367 170
24 172 -16.1326 -58.5159 170
24 173 -21.2034 -54.5868 170
24 174 -26.8406 -51.7563 170
24 175 -31.447 -49.5367 170
24 176 -35.5358 -47.2998 170
24 177 -40.2045 -44.6013 170
24 178 -44.6723 -39.295 170
24 179 -47.7791 -39.3992 170
24 180 -53.4407 -35.0884 170
24 181 -57.8581 -32.5752 170
24 182 -62.1112 -32.1595 170
24 183 -66.7556 -31.7228 170
24 184 -70.3187 -28.8717 170
24 185 -72.2155 -23.6801 170
24 186 -76.9419 -23.7449 170
24 187 -78.967 -21.434 170
24 188 -82.0486 -20.3497 170
24 189 -82.8155 -19.3032 170
24 190 -85.6261 -18.0915 170
24 191 -86.8681 -14.6305 170
24 192 -87.6323 -14.5868 170
24 193 -89.6907 -14.0625 170
24 194 -90.6944 -12.3094 170
24 195 -92.7628 -12.3815 170
24 196 -92.7228 -9.9954 170
24 197 -93.7272 -8.24118 170
24 198 -95.7665 -6.52316 170
24 199 -96.7617 -4.17076 170
24 200 -96.7422 -2.97615 170
24 201 -98.8114 -3.04913 170
24 202 -99.8363 -2.48829 170
24 203 -100.721 -0.919276 170
24 204 -101.096 -0.442787 170
24 205 -102.506 -0.00311101 170
24 206 -102.366 1.00556 170
24 207 -104.085 0.834718 170
24 208 -104.933 2.10927 170
24 209 -105.968 2.07256 170
24 210 -106.245 2.9027 170
24 211 -106.266 4.20615 170
24 212 -107.973 6.18494 170
24 213 -109.026 4.95163 170
24 214 -110.006 8.50429 170
24 215 -112.116 9.90618 170
24 216 -114.127 9.55277 170
24 217 -114.083 12.5464 170
24 218 -116.678 11.8542 170
24 219 -119.382 14.4274 170
24 220 -121.299 14.0813 170
24 221 -126.097 15.4773 170
24 222 -127.98 16.8327 170
24 223 -133.411 16.3361 170
24 224 -138.35 16.9673 170
24 225 -143.239 16.4246 170
24 226 -149.927 16.1756 170
24 227 -152.281 18.8339 170
24 228 -157.364 19.9529 170
24 229 -162.532 18.5678 170
24 230 -166.622 22.0084 170
24 231 -170.745 21.8573 170
24 232 -174.846 24.1009 170
24 233 -180.43 29.0543 170
24 234 -183.036 30.3861 170
24 235 -186.122 30.8706 170
24 236 -189.207 31.3553 170
24 237 -191.769 33.0578 170
24 238 -194.328 35.36 170
24 239 -198.083 37.4032 170
24 240 -201.514 38.6888 170
24 241 -203.562 40.4113 170
24 242 -206.694 41.6736 170
24 243 -211.789 41.302 170
24 244 -216.415 41.7276 170
24 245 -220.006 43.3917 170
24 246 -224.12 42.6367 170
24 247 -229.966 46.4948 170
24 248 -234.384 45.8475 170
24 249 -240.028 48.033 170
24 250 -245.674 47.8185 170
24 251 -251.377 50.283 170
24 252 -256.957 52.7882 170
24 253 -263.112 55.5538 170
24 254 -268.753 57.7385 170
24 255 -275.707 60.3937 170
24 256 -282.606 65.6135 170
24 257 -287.744 70.2238 170
24 258 -295.026 75.0384 170
24 259 -301.095 78.125 170
24 260 -308.881 84.3292 170
24 261 -316.518 88.9624 170
24 262 -324.736 92.8557 170
24 263 -331.936 97.3942 170
24 264 -341.185 101.851 170
24 265 -347.781 107.044 170
24 266 -356.107 110.913 170
24 267 -364.849 115.393 170
24 268 -373.095 121.106 170
24 269 -382.337 124.355 170
24 270 -390.605 131.283 170
24 271 -398.879 138.216 170
24 272 -405.645 146.435 170
24 273 -413.383 150.969 170
24 274 -421.633 155.481 170
24 275 -431.002 165.432 170
24 276 -438.116 170.586 170
24 277 -447.542 175.688 170
24 278 -457.907 183.171 170
24 279 -467.232 189.481 170
24 280 -477.555 194.524 170
24 281 -485.75 203.773 170
24 282 -496.136 203.481 170
24 283 -508.547 210.27 170
24 284 -515.108 217.898 170
24 285 -525.232 224.238 170
24 286 -534.715 231.544 170
24 287 -543.505 239.383 170
24 288 -552.342 245.127 170
24 289 -559.863 252.763 170
24 290 -570.065 257.858 170
24 291 -579.523 266.675 170
24 292 -589.884 271.739 170
24 293 -598.785 278.736 170
24 294 -609.903 285.743 170
24 295 -619.101 291.374 170
24 296 -629.958 295.797 170
24 297 -639.405 301.403 170
24 298 -650.803 308.422 170
24 299 -659.733 315.438 170
24 300 -666.98 323.488 170
24 301 -677.519 329.739 170
24 302 -684.421 334.127 170
24 303 -694.407 340.147 170
24 304 -705.826 346.758 170
24 305 -714.224 352.575 170
24 306 -723.697 359.59 170
24 307 -732.162 366.666 170
24 308 -740.453 369.984 170
24 309 -748.805 374.557 170
24 310 -755.991 376.05 170
24 311 -763.425 382.561 170
24 312 -769.756 387.248 170
24 313 -776.025 390.68 170
24 314 -782.621 400.402 170
24 315 -786.495 406.5 170
24 316 -793.279 409.909 170
24 317 -799.693 415.871 170
24 318 -803.812 416.902 170
24 319 -810.3 424.13 170
24 320 -814.404 427.661 170
24 321 -818.889 432.512 170
24 322 -825.982 435.598 170
24 323 -829.411 442.718 170
24 324 -833.986 442.479 170
24 325 -839.782 442.729 170
24 326 -842.89 443.819 170
24 327 -845.516 445.199 170
24 328 -848.92 447.091 170
24 329 -850.261 447.295 170
24 330 -851.239 450.358 170
24 331 -852.078 449.761 170
24 332 -851.74 449.671 170
24 333 -854.114 450.027 170
24 334 -858.24 448.577 170
24 335 -859.294 446.673 170
24 336 -859.91 448.29 170
24 337 -862.171 445.907 170
24 338 -865.281 445.053 170
24 339 -867.453 447.467 170
24 340 -868.945 446.353 170
24 341 -871.645 449.762 170
24 342 -872.664 448.178 170
24 343 -873.665 449.644 170
24 344 -875.515 450.192 170
24 345 -876.693 449.466 170
24 346 -876.693 449.466 170
24 347 -878.885 449.631 170
24 348 -881.157 447.935 170
24 349 -880.498 445.434 170
24 350 -881.786 444.153 170
24 351 -882.789 445.51 170
24 352 -882.647 445.616 170
24 353 -883.617 447.6 170
24 354 -883.418 448.51 170
24 355 -883.575 449.036 170
24 356 -882.389 449.149 170
24 357 -881.125 449.304 170
24 358 -879.707 451.066 170
24 359 -878.66 448.053 170
24 360 -876.694 447.815 170
24 361 -874.917 446.875 170
24 362 -874.063 444.845 170
24 363 -871.432 445.407 170
24 364 -871.155 443.286 170
24 365 -872.049 443.359 170
24 366 -872.003 444.076 170
24 367 -873.453 443.438 170
24 368 -872.269 447.502 170
24 369 -874.388 447.085 170
24 370 -875.389 449.67 170
24 371 -875.528 451.123 170
24 372 -877.701 453.538 170
24 373 -878.011 454.473 170
24 374 -878.103 454.327 170
24 375 -880.511 457.59 170
24 376 -880.729 457.493 170
24 377 -880.778 459.16 170
24 378 -881.735 461.229 170
24 379 -881.684 461.581 170
24 380 -881.154 463.75 170
24 381 -880.651 464.5 170
24 382 -880.358 468.201 170
24 383 -879.245 468.309 170
24 384 -876.839 468.551 170
24 385 -876.615 470.56 170
24 386 -876.097 473.061 170
24 387 -875.594 472.732 170
24 388 -875.941 474.666 170
24 389 -875.487 473.358 170
24 390 -876.174 474.333 170
24 391 -875.812 474.38 170
24 392 -877.37 473.426 170
24 393 -878.237 474.848 170
24 394 -878.892 473.846 170
24 395 -879.016 474.155 170
24 396 -879.865 474.652 170
24 397 -879.872 472.516 170
24 398 -880.751 473.873 170
24 399 -881.062 473.087 170
24 400 -881.117 472.123 170
24 401 -881.72 473.212 170
24 402 -881.72 473.212 170
24 403 -881.72 473.212 170
24 404 -882.262 472.259 170
24 405 -883.606 473.776 170
24 406 -883.612 473.348 170
24 407 -883.995 473.546 170
24 408 -884.696 473.816 170
24 409 -884.143 473.473 170
24 410 -884.972 473.636 170
24 411 -885.084 473.928 170
24 412 -885.838 474 170
24 413 -885.784 473.758 170
24 414 -885.784 473.758 170
24 415 -885.784 473.758 170
24 416 -884.695 472.547 170
24 417 -885.784 473.758 170
24 418 -885.784 473.758 170
24 419 -885.572 472.569 170
24 420 -885.745 473.122 170
24 421 -886.989 472.729 170
24 422 -887.301 473.667 170
24 423 -887.261 473.031 170
24 424 -888.078 473.94 170
24 425 -888.708 471.753 170
24 426 -889.244 472.275 170
24 427 -889.398 470.672 170
24 428 -889.392 470.624 170
24 429 -890.369 469.976 170
24 430 -889.591 469.704 170
24 431 -889.635 469.47 170
24 432 -889.532 469.711 170
24 433 -889.785 468.736 170
24 434 -889.552 469.069 170
24 435 -889.785 468.736 170
24 436 -889.785 468.736 170
24 437 -889.884 469.213 170
24 438 -890.057 469.038 170
24 439 -890.329 469.341 170
24 440 -890.47 469.118 170
24 441 -890.874 469.946 170
24 442 -891.924 470.521 170
24 443 -892.701 470.793 170
24 444 -892.701 470.793 170
24 445 -892.973 471.096 170
24 446 -892.156 470.188 170
24 447 -892.442 470.019 170
24 448 -892.429 470.491 170
24 449 -892.967 467.481 170
24 450 -892.251 469.202 170
24 451 -892.287 469.033 170
24 452 -893.087 468.858 170
24 453 -892.5 469.432 170
24 454 -892.327 469.668 170
24 455 -892.189 470.097 170
24 456 -892.294 469.885 170
24 457 -892.189 470.097 170
24 458 -892.327 469.668 170
24 459 -893.19 470.809 170
24 460 -892.21 470.047 170
24 461 -892.344 469.696 170
25 37 -883.231 -484.165 170
25 38 -882.401 -484.821 170
25 39 -880.927 -483.112 170
25 40 -878.8 -482.019 170
25 41 -877.075 -480.431 170
25 42 -875.28 -479.884 170
25 43 -872.566 -479.263 170
25 44 -870.102 -475.844 170
25 45 -867.246 -476.641 170
25 46 -864.313 -472.418 170
25 47 -861.103 -472.373 170
25 48 -857.57 -470.231 170
25 49 -853.106 -465.348 170
25 50 -849.575 -465.927 170
25 51 -845.245 -461.669 170
25 52 -842.107 -461.455 170
25 53 -837.293 -456.301 170
25 54 -833.674 -455.196 170
25 55 -829.261 -451.974 170
25 56 -823.791 -450.84 170
25 57 -820.355 -446.573 170
25 58 -814.94 -444.381 170
25 59 -810.444 -442.202 170
25 60 -802.952 -437.257 170
25 61 -796.31 -436.149 170
25 62 -792.603 -430.289 170
25 63 -787.187 -427.553 170
25 64 -784.672 -422.738 170
25 65 -777.475 -418.371 170
25 66 -772.011 -416.154 170
25 67 -766.658 -411.808 170
25 68 -761.124 -410.65 170
25 69 -754.738 -407.877 170
25 70 -749.251 -405.65 170
25 71 -742.896 -403.32 170
25 72 -736.47 -399.554 170
25 73 -729.974 -398.372 170
25 74 -724.569 -393.996 170
25 75 -719.519 -391.764 170
25 76 -712.066 -390.559 170
25 77 -709.039 -385.139 170
25 78 -701.269 -381.549 170
25 79 -695.214 -378.976 170
25 80 -689.689 -376.183 170
25 81 -681.8 -373.343 170
25 82 -675.837 -369.457 170
25 83 -671.475 -365.963 170
25 84 -666.424 -360.775 170
25 85 -657.875 -358.306 170
25 86 -652.803 -354.959 170
25 87 -645.388 -350.976 170
25 88 -639.839 -347.11 170
25 89 -633.062 -343.063 170
25 90 -626.181 -339.684 170
25 91 -620.162 -337.46 170
25 92 -615.495 -335.35 170
25 93 -610.023 -330.177 170
25 94 -602.47 -327.837 170
25 95 -596.937 -322.256 170
25 96 -589.798 -321.975 170
25 97 -584.157 -318.155 170
25 98 -577.067 -315.265 170
25 99 -570.945 -311.843 170
25 100 -564.816 -308.416 170
25 101 -559.046 -304.004 170
25 102 -554.491 -300.492 170
25 103 -548.786 -298.164 170
25 104 -543.442 -292.63 170
25 105 -538.356 -292.418 170
25 106 -534.595 -289.021 170
25 107 -528.385 -286.67 170
25 108 -523.512 -282.965 170
25 109 -518.486 -277.589 170
25 110 -516.068 -272.887 170
25 111 -511.1 -268.064 170
25 112 -501.532 -266.628 170
25 113 -499.43 -264.933 170
25 114 -491.718 -262.526 170
25 115 -486.914 -260.185 170
25 116 -482.131 -256.727 170
25 117 -476.318 -255.473 170
25 118 -469.229 -248.278 170
25 119 -465.775 -247.401 170
25 120 -460.804 -244.785 170
25 121 -456.11 -242.689 170
25 122 -451.006 -238.509 170
25 123 -446.006 -234.594 170
25 124 -441.623 -233.362 170
25 125 -437.406 -227.921 170
25 126 -432.933 -226.403 170
25 127 -425.597 -225.092 170
25 128 -422.913 -220.25 170
25 129 -417.347 -219.252 170
25 130 -411.505 -215.719 170
25 131 -405.69 -209.924 170
25 132 -400.289 -208.653 170
25 133 -395.921 -204.015 170
25 134 -391.036 -200.489 170
25 135 -387.567 -197.088 170
25 136 -380.645 -194.318 170
25 137 -376.635 -191.554 170
25 138 -370.397 -190.864 170
25 139 -365.459 -189.595 170
25 140 -361.559 -183.802 170
25 141 -356.105 -183.654 170
25 142 -350.659 -182.367 170
25 143 -346.72 -178.841 170
25 144 -342.777 -175.311 170
25 145 -338.81 -174.06 170
25 146 -334.85 -171.666 170
25 147 -331.873 -170.441 170
25 148 -328.907 -167.501 170
25 149 -324.412 -169.09 170
25 150 -322.933 -166.762 170
25 151 -321.936 -166.734 170
25 152 -318.96 -164.362 170
25 153 -314.977 -163.105 170
25 154 -313.993 -160.786 170
25 155 -311.005 -159.555 170
25 156 -307.019 -157.723 170
25 157 -304.029 -155.917 170
25 158 -302.03 -155.86 170
25 159 -298.734 -152.643 170
25 160 -295.038 -153.364 170
25 161 -293.041 -152.158 170
25 162 -291.043 -150.952 170
25 163 -289.541 -150.909 170
25 164 -287.037 -150.837 170
25 165 -285.542 -148.495 170
25 166 -283.036 -148.422 170
25 167 -281.037 -146.064 170
25 168 -279.034 -144.855 170
25 169 -277.028 -144.796 170
25 170 -275.022 -144.738 170
25 171 -273.017 -143.529 170
25 172 -270.509 -142.304 170
25 173 -267.998 -142.231 170
25 174 -264.635 -139.885 170
25 175 -262.976 -140.932 170
25 176 -258.956 -138.508 170
25 177 -254.934 -138.39 170
25 178 -251.914 -135.993 170
25 179 -248.391 -135.89 170
25 180 -244.864 -133.476 170
25 181 -241.84 -132.23 170
25 182 -236.798 -130.925 170
25 183 -234.267 -126.8 170
25 184 -230.221 -123.204 170
25 185 -225.72 -121.157 170
25 186 -221.377 -118.812 170
25 187 -218.08 -118.782 170
25 188 -214.53 -116.353 170
25 189 -210.482 -116.23 170
25 190 -206.407 -111.458 170
25 191 -202.354 -111.335 170
25 192 -200.326 -111.273 170
25 193 -198.299 -111.212 170
25 194 -194.235 -109.925 170
25 195 -190.176 -109.801 170
25 196 -188.154 -110.903 170
25 197 -183.079 -110.749 170
25 198 -179.007 -109.461 170
25 199 -173.906 -106.975 170
25 200 -169.849 -108.016 170
25 201 -166.782 -106.174 170
25 202 -160.681 -106.57 170
25 203 -157.526 -106.504 170
25 204 -151.759 -106.177 170
25 205 -147.447 -106.749 170
25 206 -141.323 -105.978 170
25 207 -140.296 -105.363 170
25 208 -136.118 -103.933 170
25 209 -133.125 -102.807 170
25 210 -129.017 -100.928 170
25 211 -123.901 -100.186 170
25 212 -120.818 -98.9211 170
25 213 -119.787 -98.3042 170
25 214 -116.702 -97.0386 170
25 215 -114.348 -97.5955 170
25 216 -112.645 -99.2537 170
25 217 -108.525 -97.3708 170
25 218 -107.537 -99.6812 170
25 219 -104.429 -97.2439 170
25 220 -103.433 -98.9694 170
25 221 -101.896 -98.922 170
25 222 -98.8427 -99.9986 170
25 223 -97.3253 -101.122 170
25 224 -96.3204 -102.262 170
25 225 -93.8283 -106.28 170
25 226 -93.3064 -105.679 170
25 227 -89.1714 -106.954 170
25 228 -86.6982 -108.401 170
25 229 -87.0638 -108.231 170
25 230 -86.2925 -108.622 170
25 231 -83.1642 -111.216 170
25 232 -80.6237 -112.308 170
25 233 -78.0834 -113.4 170
25 234 -76.0335 -113.338 170
25 235 -73.4706 -113.261 170
25 236 -71.4087 -112.614 170
25 237 -69.3688 -113.137 170
25 238 -67.5437 -112.076 170
25 239 -65.7552 -111.859 170
25 240 -62.8743 -110.382 170
25 241 -61.6381 -111.15 170
25 242 -58.6671 -108.869 170
25 243 -56.9933 -109.839 170
25 244 -55.8082 -108.138 170
25 245 -53.0291 -107.832 170
25 246 -50.2896 -108.465 170
25 247 -47.1674 -106.614 170
25 248 -45.6502 -107.739 170
25 249 -43.6191 -108.848 170
25 250 -41.5096 -106.442 170
25 251 -39.9661 -106.395 170
25 252 -37.9342 -107.505 170
25 253 -37.7955 -106.824 170
25 254 -34.6631 -107.049 170
25 255 -34.3316 -107.395 170
25 256 -32.7601 -106.175 170
25 257 -31.7575 -107.317 170
25 258 -29.6565 -105.495 170
25 259 -29.6702 -106.081 170
25 260 -28.6401 -106.05 170
25 261 -27.5402 -103.084 170
25 262 -27.582 -104.845 170
25 263 -27.5541 -103.671 170
25 264 -27.5263 -102.497 170
25 265 -27.011 -102.481 170
25 266 -25.3459 -100.476 170
25 267 -23.9455 -100.518 170
25 268 -24.2782 -99.3526 170
25 269 -32.9894 -100.525 170
25 270 -22.3371 -98.358 170
25 271 -21.2261 -97.6072 170
25 272 -18.1014 -96.3359 170
25 273 -17.0691 -96.304 170
25 274 -14.9749 -95.0638 170
25 275 -12.8798 -93.823 170
25 276 -11.1773 -92.6279 170
25 277 -7.44574 -90.4702 170
25 278 -3.48688 -90.0007 170
25 279 -0.352595 -88.7254 170
25 280 3.8186 -87.4167 170
25 281 8.9957 -87.255 170
25 282 13.7231 -84.7487 170
25 283 19.4921 -82.2073 170
25 284 25.8549 -77.2815 170
25 285 31.5993 -72.8792 170
25 286 37.982 -70.9804 170
25 287 43.8143 -67.2394 170
25 288 50.1374 -64.6646 170
25 289 55.4246 -62.1207 170
25 290 62.8235 -58.9118 170
25 291 69.7097 -55.7157 170
25 292 74.6736 -50.335 170
25 293 79.9072 -47.643 170
25 294 88.346 -45.5761 170
25 295 94.8056 -40.5884 170
25 296 99.657 -36.8424 170
25 297 106.704 -30.625 170
25 298 112.37 -25.1623 170
25 299 120.173 -21.7787 170
25 300 126.249 -14.3649 170
25 301 134.033 -6.73004 170
25 302 140.308 -5.45406 170
25 303 147.957 0.84208 170
25 304 154.409 3.4834 170
25 305 164.152 8.66151 170
25 306 172.228 14.3319 170
25 307 180.612 21.3625 170
25 308 188.922 28.9492 170
25 309 196.071 34.0749 170
25 310 202.729 38.9225 170
25 311 209.842 43.7206 170
25 312 217.055 49.4825 170
25 313 224.786 54.6618 170
25 314 233.664 61.1178 170
25 315 241.992 66.9518 170
25 316 249.26 72.7555 170
25 317 256.444 76.7201 170
25 318 263.165 81.9036 170
25 319 272.627 87.8183 170
25 320 280.453 93.0623 170
25 321 288.396 100.175 170
25 322 295.083 107.748 170
25 323 300.935 111.827 170
25 324 307.657 115.821 170
25 325 314.388 119.821 170
25 326 321.201 125.074 170
25 327 327.512 131.414 170
25 328 337.19 138.199 170
25 329 344.116 144.736 170
25 330 350.978 150.028 170
25 331 357.774 154.072 170
25 332 363.031 158.717 170
25 333 373.505 161.008 170
25 334 381.59 167.638 170
25 335 389.627 174.494 170
25 336 395.688 182.107 170
25 337 402.548 186.193 170
25 338 409.502 191.554 170
25 339 416.382 195.653 170
25 340 422.718 199.733 170
25 341 430.756 205.652 170
25 342 437.433 213.085 170
25 343 445.319 221.176 170
25 344 451.002 225.159 170
25 345 459.705 230.658 170
25 346 464.769 233.971 170
25 347 473.068 238.939 170
25 348 479.484 243.074 170
25 349 488.501 249.747 170
25 350 495.608 256.739 170
25 351 504.407 263.497 170
25 352 511.627 270.279 170
25 353 519.883 275.831 170
25 354 527.029 281.339 170
25 355 532.959 285.503 170
25 356 540.793 292.355 170
25 357 550.69 296.722 170
25 358 559.173 304.278 170
25 359 566.33 309.18 170
25 360 575.599 312.235 170
25 361 581.481 315.13 170
25 362 587.369 318.027 170
25 363 597.003 325.032 170
25 364 606.431 329.422 170
25 365 615.875 333.818 170
25 366 625.334 338.222 170
25 367 631.839 341.171 170
25 368 640.87 346.879 170
25 369 645.559 348.429 170
25 370 653.982 353.46 170
25 371 664.741 358.443 170
25 372 672.017 363.605 170
25 373 681.878 371.379 170
25 374 688.776 371.731 170
25 375 696.179 377.408 170
25 376 703.728 378.458 170
25 377 710.258 380.783 170
25 378 720.321 383.956 170
25 379 727.898 390.994 170
25 380 736.833 394.12 170
25 381 742.833 402.43 170
25 382 751.726 404.897 170
25 383 757.636 407.68 170
25 384 762.641 410.145 170
25 385 769.612 410.512 170
25 386 777.991 418.986 170
25 387 782.943 421.327 170
25 388 790.496 422.329 170
25 389 794.269 438.343 170
25 390 800.945 425.232 170
25 391 808.559 428.66 170
25 392 814.401 428.971 170
25 393 818.05 430.51 170
25 394 825.794 433.241 170
25 395 833.981 436.433 170
25 396 841.306 440.728 170
25 397 845.963 443.792 170
25 398 851.283 447.117 170
25 399 855.982 447.37 170
25 400 860.831 448.983 170
25 401 863.331 450.47 170
25 402 865.352 450.241 170
25 403 866.622 449.567 170
25 404 865.234 446.519 170
25 405 866.196 449.949 170
25 406 866.859 450.661 170
25 407 869.662 454.871 170
25 408 872.167 456.361 170
25 409 874.673 457.851 170
25 410 877.18 459.342 170
25 411 879.84 462.198 170
25 412 883.87 465.965 170
25 413 885.752 466.862 170
25 414 887.374 466.679 170
25 415 889.887 468.174 170
25 416 889.734 466.808 170
25 417 890.041 469.54 170
25 418 892.633 471.721 170
25 419 892.402 469.67 170
25 420 895.072 472.534 170
25 421 895.355 469.832 170
25 422 896.972 468.563 170
25 423 899.412 469.376 170
25 424 899.335 468.692 170
25 425 898.154 468.628 170
25 426 899.335 468.692 170
25 427 898.015 470.522 170
25 428 899.208 472.762 170
25 429 897.127 469.929 170
25 430 897.281 471.296 170
25 431 894.918 471.167 170
25 432 894.481 472.501 170
25 433 892.709 472.404 170
25 434 891.965 471.004 170
25 435 890.194 470.907 170
25 436 891.298 470.289 170
25 437 891.556 470.702 170
25 438 889.887 468.174 170
25 439 889.887 468.174 170
25 440 891.175 468.564 170
25 441 889.887 468.174 170
25 442 891.505 466.905 170
25 443 891.941 465.572 170
25 444 891.941 465.572 170
25 445 894.558 465.779 170
25 446 893.122 465.637 170
25 447 896.074 465.798 170
25 448 898.494 466.135 170
25 449 897.845 465.895 170
25 450 899.18 467.326 170
25 451 900.207 466.024 170
25 452 902.88 468.887 170
25 453 902.88 468.887 170
25 454 903.626 470.286 170
25 455 905.342 471.426 170
25 456 905.555 471.751 170
25 457 905.399 470.384 170
25 458 905.555 471.751 170
25 459 906.379 473.836 170
25 460 907.048 474.553 170
25 461 907.484 473.217 170
26 37 990.535 -198.577 170
26 38 990.287 -198.511 170
26 39 986.511 -197.515 170
26 40 986.432 -197.697 170
26 41 983.239 -196.578 170
26 42 981.007 -196.634 170
26 43 976.544 -196.745 170
26 44 974.076 -194.758 170
26 45 954.829 -191.563 170
26 46 954.999 -190.744 170
26 47 951.107 -191.142 170
26 48 955.903 -193.07 170
26 49 951.525 -192.581 170
26 50 947.882 -195.069 170
26 51 943.733 -192.778 170
26 52 928.643 -196.102 170
26 53 928.945 -192.325 170
26 54 925.943 -193.227 170
26 55 919.279 -193.395 170
26 56 916.095 -192.279 170
26 57 911.248 -190.38 170
26 58 905.364 -189.56 170
26 59 897.528 -190.357 170
26 60 892.275 -188.098 170
26 61 884.519 -188.296 170
26 62 880.657 -186.242 170
26 63 875.293 -184.645 170
26 64 869.529 -180.844 170
26 65 862.266 -180.493 170
26 66 855.77 -179.464 170
26 67 848.309 -177.265 170
26 68 844.638 -172.296 170
26 69 837.947 -171.549 170
26 70 830.624 -168.148 170
26 71 822.895 -168.353 170
26 72 817.512 -167.298 170
26 73 810.055 -168.585 170
26 74 803.176 -167.678 170
26 75 794.448 -168.149 170
26 76 785.815 -168.713 170
26 77 779.023 -167.721 170
26 78 773.299 -164.883 170
26 79 769.001 -162.533 170
26 80 761.235 -159.821 170
26 81 755.298 -157.947 170
26 82 746.453 -156.666 170
26 83 739.715 -156.214 170
26 84 733.382 -153.992 170
26 85 726.507 -153.748 170
26 86 719.072 -149.594 170
26 87 713.655 -149.144 170
26 88 705.742 -146.369 170
26 89 700.627 -142.917 170
26 90 694.298 -140.696 170
26 91 687.968 -138.476 170
26 92 681.64 -136.256 170
26 93 675.013 -136.67 170
26 94 668.522 -136.625 170
26 95 660.934 -136.239 170
26 96 653.839 -136.439 170
26 97 648.009 -134.806 170
26 98 638.761 -134.971 170
26 99 633.627 -133.38 170
26 100 628.613 -132.959 170
26 101 622.3 -130.744 170
26 102 617.239 -126.697 170
26 103 608.915 -128.731 170
26 104 603.799 -125.285 170
26 105 597.169 -125.451 170
26 106 589.775 -124.49 170
26 107 582.926 -122.292 170
26 108 577.134 -118.519 170
26 109 570.754 -119.051 170
26 110 561.971 -116.216 170
26 111 555.228 -115.371 170
26 112 552.341 -110.219 170
26 113 546.242 -110.733 170
26 114 539.927 -109.469 170
26 115 533.646 -108.995 170
26 116 526.708 -109.739 170
26 117 519.285 -110.126 170
26 118 512.373 -109.314 170
26 119 505.025 -110.797 170
26 120 498.501 -111.588 170
26 121 493.544 -108.205 170
26 122 483.579 -108.925 170
26 123 481.892 -103.704 170
26 124 475.515 -102.697 170
26 125 470.262 -101.058 170
26 126 464.921 -100.62 170
26 127 457.47 -97.0767 170
26 128 452.931 -96.8617 170
26 129 444.911 -95.2359 170
26 130 438.632 -93.0312 170
26 131 434.503 -90.761 170
26 132 429.255 -89.124 170
26 133 423.019 -86.319 170
26 134 418.847 -84.6492 170
26 135 412.444 -84.247 170
26 136 406.167 -82.0432 170
26 137 399.647 -83.4433 170
26 138 393.829 -82.4247 170
26 139 387.798 -82.2267 170
26 140 382.695 -80.9724 170
26 141 376.308 -80.5716 170
26 142 369.885 -80.7707 170
26 143 363.619 -78.5704 170
26 144 358.424 -76.3369 170
26 145 352.083 -75.3372 170
26 146 347.62 -71.643 170
26 147 341.234 -69.6869 170
26 148 333.368 -67.5381 170
26 149 331.232 -67.6057 170
26 150 324.934 -66.0074 170
26 151 319.776 -63.1738 170
26 152 313.418 -60.4599 170
26 153 310.526 -57.4715 170
26 154 305.366 -54.6367 170
26 155 300.274 -50.598 170
26 156 297.211 -48.2947 170
26 157 292.446 -47.8492 170
26 158 288.152 -45.6461 170
26 159 281.487 -44.0015 170
26 160 275.808 -43.611 170
26 161 269.314 -41.036 170
26 162 263.642 -39.7806 170
26 163 259.512 -37.5125 170
26 164 253.254 -35.315 170
26 165 248.122 -31.8766 170
26 166 241.802 -30.8848 170
26 167 237.825 -25.6005 170
26 168 233.969 -20.7893 170
26 169 230.717 -16.6085 170
26 170 225.762 -13.741 170
26 171 222.564 -12.2542 170
26 172 218.68 -8.52082 170
26 173 214.38 -5.89515 170
26 174 211.277 -4.19039 170
26 175 206.104 -1.34899 170
26 176 203.229 5.20298 170
26 177 199.088 7.47807 170
26 178 196.123 12.2178 170
26 179 192.484 13.9061 170
26 180 186.801 17.3397 170
26 181 182.575 17.7947 170
26 182 179.495 20.1093 170
26 183 174.181 19.9183 170
26 184 170.569 22.2137 170
26 185 166.851 22.0796 170
26 186 162.603 21.9264 170
26 187 158 23.3366 170
26 188 155.646 23.5498 170
26 189 150.553 25.1287 170
26 190 146.891 26.2088 170
26 191 142.699 27.2693 170
26 192 139.616 29.5833 170
26 193 136.436 29.4673 170
26 194 134.316 29.39 170
26 195 132.269 31.135 170
26 196 129.066 30.4114 170
26 197 127.296 32.4699 170
26 198 124.877 31.4714 170
26 199 123.889 33.255 170
26 200 119.629 32.4925 170
26 201 117.559 33.6297 170
26 202 115.395 32.3375 170
26 203 113.619 33.4367 170
26 204 112.528 31.6734 170
26 205 109.025 31.4979 170
26 206 109.198 29.6338 170
26 207 106.178 25.9419 170
26 208 104.043 25.2589 170
26 209 102.183 24.8888 170
26 210 101.291 22.1341 170
26 211 99.0913 19.6359 170
26 212 99.0472 18.4256 170
26 213 96.8931 17.1396 170
26 214 94.9464 15.7408 170
26 215 93.5987 13.3983 170
26 216 93.0715 13.3794 170
26 217 89.4253 14.456 170
26 218 88.3287 13.2098 170
26 219 87.2749 13.1718 170
26 220 86.2214 13.1342 170
26 221 85.737 14.3239 170
26 222 84.6467 14.7423 170
26 223 82.6423 13.9848 170
26 224 81.5234 14.1729 170
26 225 81.6369 14.4181 170
26 226 80.6766 14.0218 170
26 227 78.8078 11.6629 170
26 228 76.9347 10.6914 170
26 229 77.6724 9.21068 170
26 230 76.1146 9.7579 170
26 231 75.486 6.72293 170
26 232 73.9287 7.26996 170
26 233 71.6069 6.31904 170
26 234 70.6325 2.93868 170
26 235 70.0667 1.71538 170
26 236 70.3891 0.689564 170
26 237 69.8141 2.00722 170
26 238 70.0263 0.51072 170
26 239 69.5076 0.059539 170
26 240 70.4588 0.88685 170
26 241 71.3499 0.858073 170
26 242 71.1176 1.75238 170
26 243 71.7197 0.931254 170
26 244 71.4106 2.6652 170
26 245 73.0787 2.94204 170
26 246 73.2603 3.03158 170
26 247 73.8828 2.81267 170
26 248 74.2707 1.86355 170
26 249 75.281 0.695902 170
26 250 77.1661 -0.982267 170
26 251 76.7345 -2.86146 170
26 252 78.6889 -5.86083 170
26 253 78.187 -6.41686 170
26 254 79.6802 -8.7676 170
26 255 80.1225 -11.1539 170
26 256 80.1875 -13.8293 170
26 257 78.2808 -17.1203 170
26 258 78.2993 -18.4145 170
26 259 75.6146 -20.3044 170
26 260 73.4152 -23.3738 170
26 261 71.2782 -24.6436 170
26 262 69.6257 -27.0931 170
26 263 66.9869 -27.7806 170
26 264 62.7785 -28.5212 170
26 265 60.1616 -28.6098 170
26 266 57.468 -31.091 170
26 267 54.3874 -29.403 170
26 268 52.0708 -27.6673 170
26 269 48.1317 -29.0176 170
26 270 46.0781 -27.8924 170
26 271 43.4281 -29.1768 170
26 272 39.8439 -26.9092 170
26 273 37.7904 -25.7843 170
26 274 34.6741 -25.293 170
26 275 30.9076 -20.3409 170
26 276 30.5847 -22.4445 170
26 277 27.9736 -22.5339 170
26 278 27.3817 -24.9442 170
26 279 27.3192 -23.5123 170
26 280 26.289 -25.9394 170
26 281 26.0681 -25.2876 170
26 282 25.7464 -27.3887 170
26 283 25.1555 -29.7963 170
26 284 25.1555 -29.7963 170
26 285 25.0863 -32.1848 170
26 286 25.0863 -32.1848 170
26 287 24.0433 -32.2202 170
26 288 24.009 -33.4138 170
26 289 23.4603 -33.2917 170
26 290 23.4532 -34.625 170
26 291 24.009 -33.4138 170
26 292 23.9745 -34.6075 170
26 293 19.8048 -34.7478 170
26 294 19.7708 -35.9409 170
26 295 19.8048 -34.7478 170
26 296 18.7625 -34.7829 170
26 297 16.0674 -33.2598 170
26 298 13.636 -31.9755 170
26 299 11.6017 -30.2555 170
26 300 8.49249 -29.7646 170
26 301 6.45765 -28.0446 170
26 302 2.35519 -25.798 170
26 303 0.335371 -23.4797 170
26 304 -2.72675 -21.1967 170
26 305 -6.7849 -17.1552 170
26 306 -9.84872 -14.8708 170
26 307 -13.2969 -8.78071 170
26 308 -17.8852 -3.18496 170
26 309 -24.003 -0.0174538 170
26 310 -26.4706 7.90126 170
26 311 -33.6844 13.4659 170
26 312 -36.1525 17.1616 170
26 313 -41.271 21.1842 170
26 314 -44.8148 25.8677 170
26 315 -51.5266 28.6313 170
26 316 -55.28 32.4605 170
26 317 -61.1607 33.6358 170
26 318 -68.0048 37.6602 170
26 319 -75.2273 41.0082 170
26 320 -81.9512 43.1687 170
26 321 -87.6126 46.5755 170
26 322 -93.7956 49.9632 170
26 323 -101.521 54.5007 170
26 324 -107.025 58.2409 170
26 325 -114.842 60.276 170
26 326 -121.43 64.7385 170
26 327 -129.37 69.1503 170
26 328 -136.123 74.0623 170
26 329 -143.28 78.2964 170
26 330 -150.492 83.4683 170
26 331 -157.043 87.5156 170
26 332 -166.499 91.9339 170
26 333 -173.723 96.5027 170
26 334 -183.548 100.361 170
26 335 -193.899 102.981 170
26 336 -200.623 105.14 170
26 337 -210.971 107.151 170
26 338 -219.365 110.363 170
26 339 -229.069 110.668 170
26 340 -239.402 113.284 170
26 341 -246.631 117.852 170
26 342 -257.364 124.431 170
26 343 -266.778 129.191 170
26 344 -274.693 132.548 170
26 345 -284.858 135.745 170
26 346 -294.145 136.572 170
26 347 -303.956 140.424 170
26 348 -316.33 142.337 170
26 349 -327.156 144.925 170
26 350 -338.488 146.879 170
26 351 -349.49 150.512 170
26 352 -360.092 149.61 170
26 353 -371.397 150.953 170
26 354 -383.221 153.49 170
26 355 -394.041 157.899 170
26 356 -404.367 163.549 170
26 357 -415.68 166.715 170
26 358 -427.64 172.05 170
26 359 -438.405 174.082 170
26 360 -448.848 177.157 170
26 361 -458.828 178.24 170
26 362 -471.142 181.356 170
26 363 -484.497 185.645 170
26 364 -494.706 186.408 170
26 365 -507.003 189.52 170
26 366 -517.787 193.31 170
26 367 -529.457 191.639 170
26 368 -538.903 195.894 170
26 369 -547.813 195 170
26 370 -561.921 200.537 170
26 371 -570.475 206.186 170
26 372 -578.692 209.477 170
26 373 -589.277 215.413 170
26 374 -600.118 213.989 170
26 375 -609.128 217.221 170
26 376 -618.452 217.418 170
26 377 -626.525 217.04 170
26 378 -633.816 221.519 170
26 379 -643.03 226.057 170
26 380 -653.252 229.249 170
26 381 -661.457 232.535 170
26 382 -668.504 232.2 170
26 383 -676.552 231.817 170
26 384 -685.202 233.854 170
26 385 -694.27 234.034 170
26 386 -703.997 237.855 170
26 387 -710.128 240.011 170
26 388 -716.4 245.225 170
26 389 -723.11 247.039 170
26 390 -728.192 250.173 170
26 391 -733.822 252.353 170
26 392 -740.307 251.424 170
26 393 -744.522 255.513 170
26 394 -751.153 257.644 170
26 395 -757.844 260.999 170
26 396 -762.503 263.841 170
26 397 -769.012 266.546 170
26 398 -773.793 268.814 170
26 399 -778.794 268.565 170
26 400 -783.858 269.543 170
26 401 -787.856 269.345 170
26 402 -792.688 271.021 170
26 403 -797.376 274.095 170
26 404 -801.171 274.828 170
26 405 -804.062 277.071 170
26 406 -807.117 280.175 170
26 407 -811.627 282.917 170
26 408 -813.343 284.642 170
26 409 -816.721 284.507 170
26 410 -819.75 284.97 170
26 411 -823.741 284.769 170
26 412 -825.735 284.668 170
26 413 -829.724 284.466 170
26 414 -832.453 282.844 170
26 415 -837.184 278.005 170
26 416 -841.109 274.06 170
26 417 -843.453 271.489 170
26 418 -846.788 268.869 170
26 419 -849.336 261.392 170
26 420 -853.161 258.756 170
26 421 -854.89 254.392 170
26 422 -859.663 251.104 170
26 423 -863.33 246.044 170
26 424 -867.141 243.42 170
26 425 -871.404 240.579 170
26 426 -875.151 238.35 170
26 427 -879.122 236.751 170
26 428 -884.172 230.43 170
26 429 -887.964 227.819 170
26 430 -891.83 226.421 170
26 431 -895.926 228.652 170
26 432 -899.982 223.721 170
26 433 -903.904 222.207 170
26 434 -908.173 219.581 170
26 435 -913.263 214.66 170
26 436 -916.619 213.131 170
26 437 -919.281 210.579 170
26 438 -922.529 206.431 170
26 439 -925.214 201.862 170
26 440 -927.34 196.943 170
26 441 -928.157 194.497 170
26 442 -929.627 187.213 170
26 443 -932.316 183.486 170
26 444 -933.944 178.611 170
26 445 -935.652 174.936 170
26 446 -941.091 172.551 170
26 447 -942.319 172.238 170
26 448 -945.346 172.302 170
26 449 -946.053 169.675 170
26 450 -949.06 170.735 170
26 451 -949.548 170.713 170
26 452 -949.801 171.252 170
26 453 -956.686 167.998 170
26 454 -957.617 167.358 170
26 455 -956.602 166.807 170
26 456 -958.112 166.381 170
26 457 -957.763 167.758 170
26 458 -959.767 167.381 170
26 459 -961.065 167.992 170
26 460 -961.472 168.021 170
26 461 -961.221 167.281 170
27 37 1008.25 -112.829 170
27 38 1009.01 -113.332 170
27 39 1007.05 -113.474 170
27 40 1006.53 -113.257 170
27 41 1006.18 -113.633 170
27 42 1004.55 -113.375 170
27 43 1003.39 -114.542 170
27 44 1001.51 -116.315 170
27 45 999.254 -116.379 170
27 46 996.034 -115.253 170
27 47 992.812 -115.698 170
27 48 989.199 -116.057 170
27 49 984.776 -115.575 170
27 50 978.643 -116.639 170
27 51 975.777 -115.833 170
27 52 969.102 -113.284 170
27 53 962.492 -112.963 170
27 54 958.693 -111.94 170
27 55 954.65 -112.056 170
27 56 948.826 -111.408 170
27 57 934.748 -108.492 170
27 58 928.883 -106.227 170
27 59 925.204 -106.724 170
27 60 918.126 -102.888 170
27 61 911.555 -101.862 170
27 62 907.372 -99.5492 170
27 63 900.803 -98.5243 170
27 64 893.118 -97.533 170
27 65 886.41 -97.7313 170
27 66 879.49 -99.7615 170
27 67 873.156 -97.6934 170
27 68 863.936 -99.612 170
27 69 856.202 -99.232 170
27 70 850.702 -93.9209 170
27 71 843.737 -91.6946 170
27 72 839.878 -86.9578 170
27 73 830.714 -85.9111 170
27 74 823.268 -86.2221 170
27 75 812.145 -86.5575 170
27 76 803.809 -86.8089 170
27 77 794.014 -85.2799 170
27 78 788.24 -82.4134 170
27 79 779.69 -79.6313 170
27 80 771.078 -77.4603 170
27 81 762.532 -74.6791 170
27 82 750.048 -72.6291 170
27 83 739.533 -72.9536 170
27 84 729.277 -70.8371 170
27 85 718.964 -69.3317 170
27 86 709.265 -61.7219 170
27 87 700.362 -57.129 170
27 88 689.802 -52.588 170
27 89 679.006 -50.4937 170
27 90 670.419 -48.3298 170
27 91 660.172 -47.621 170
27 92 650.141 -45.019 170
27 93 639.67 -39.7353 170
27 94 628.186 -36.2779 170
27 95 619.34 -31.0745 170
27 96 608.624 -28.375 170
27 97 596.815 -25.7128 170
27 98 586.002 -24.2401 170
27 99 575.248 -22.156 170
27 100 563.559 -18.2723 170
27 101 553.069 -13.1267 170
27 102 544.37 -6.08413 170
27 103 532.034 -0.0806788 170
27 104 520.741 5.34743 170
27 105 508.859 6.77228 170
27 106 497.034 8.81029 170
27 107 486.447 12.7281 170
27 108 476.57 15.0746 170
27 109 467.185 24.3115 170
27 110 457.141 29.7365 170
27 111 446.384 34.0481 170
27 112 433.288 36.6018 170
27 113 424.251 39.3455 170
27 114 410.405 43.1421 170
27 115 399.702 45.2084 170
27 116 389.409 53.4392 170
27 117 379.995 58.6294 170
27 118 369.493 63.7798 170
27 119 358.02 70.7445 170
27 120 347.7 75.4106 170
27 121 337.978 79.2358 170
27 122 326.203 81.2525 170
27 123 316.708 85.2083 170
27 124 307.161 93.5386 170
27 125 298.679 100.581 170
27 126 288.602 103.898 170
27 127 276.655 110.538 170
27 128 266.036 113.779 170
27 129 255.053 115.789 170
27 130 245.198 119.512 170
27 131 233.38 125.547 170
27 132 222.008 129.738 170
27 133 213.736 136.853 170
27 134 204.264 141.434 170
27 135 190.507 146.46 170
27 136 183.16 150.509 170
27 137 173.106 154.865 170
27 138 164.209 159.675 170
27 139 154.706 163.634 170
27 140 145.305 170.093 170
27 141 135.561 172.626 170
27 142 125.028 172.964 170
27 143 114.921 175.024 170
27 144 103.302 178.077 170
27 145 92.0852 180.273 170
27 146 84.7565 184.948 170
27 147 73.0576 186.933 170
27 148 64.5756 189.058 170
27 149 53.879 188.588 170
27 150 46.5338 190.972 170
27 151 35.7743 189.663 170
27 152 29.7594 191.768 170
27 153 23.1294 194.72 170
27 154 16.7645 195.686 170
27 155 9.72259 198.333 170
27 156 0.74847 193.728 170
27 157 -9.75387 190.722 170
27 158 -14.2982 186.834 170
27 159 -22.3814 181.503 170
27 160 -28.2734 178.76 170
27 161 -30.5761 178.574 170
27 162 -32.9405 179.381 170
27 163 -35.5939 183.857 170
27 164 -38.7353 184.514 170
27 165 -41.2821 186.702 170
27 166 -43.5672 183.333 170
27 167 -46.5814 183.921 170
27 168 -49.4074 180.319 170
27 169 -52.7228 181.587 170
27 170 -57.8721 179.948 170
27 171 -60.3475 183.554 170
27 172 -62.5094 185.953 170
27 173 -64.6249 185.859 170
27 174 -68.2555 189.426 170
27 175 -69.6267 193.502 170
27 176 -72.3243 197.952 170
27 177 -75.3966 203.418 170
27 178 -80.3627 206.622 170
27 179 -81.7597 208.367 170
27 180 -82.684 209.946 170
27 181 -87.5997 216.274 170
27 182 -92.0622 218.256 170
27 183 -96.2954 218.063 170
27 184 -97.2636 221.658 170
27 185 -105.219 222.025 170
27 186 -107.164 222.714 170
27 187 -112.083 222.335 170
27 188 -115.236 223.439 170
27 189 -118.406 223.293 170
27 190 -121.328 226.562 170
27 191 -126.822 225.404 170
27 192 -129.982 225.883 170
27 193 -135.078 230.116 170
27 194 -139.413 231.069 170
27 195 -141.799 231.848 170
27 196 -146.812 229.477 170
27 197 -148.844 231.694 170
27 198 -153.125 230.433 170
27 199 -155.207 232.835 170
27 200 -160.477 232.59 170
27 201 -163.596 236.819 170
27 202 -167.476 241.097 170
27 203 -170.661 241.803 170
27 204 -173.349 241.489 170
27 205 -176.755 236.829 170
27 206 -182.56 234.06 170
27 207 -185.925 236.975 170
27 208 -191.989 238.615 170
27 209 -198.295 238.32 170
27 210 -204.757 237.528 170
27 211 -209.854 235.907 170
27 212 -216.414 234.665 170
27 213 -224.024 230.882 170
27 214 -232.405 228.624 170
27 215 -239.934 223.643 170
27 216 -247.22 219.622 170
27 217 -256.206 212.716 170
27 218 -263.222 215.398 170
27 219 -270.516 216.303 170
27 220 -278.225 218.056 170
27 221 -287.233 219.687 170
27 222 -294.455 217.68 170
27 223 -301.729 217.345 170
27 224 -310.395 216.193 170
27 225 -317.276 212.917 170
27 226 -327.108 210.611 170
27 227 -334.859 208.403 170
27 228 -343.484 207.844 170
27 229 -354.814 206.827 170
27 230 -363.785 206.464 170
27 231 -373.886 205.375 170
27 232 -386.603 197.293 170
27 233 -395.561 193.328 170
27 234 -410.126 184.975 170
27 235 -419.123 183.214 170
27 236 -429.864 188.102 170
27 237 -439.586 187.665 170
27 238 -451.829 185.89 170
27 239 -462.67 186.26 170
27 240 -474.253 183.661 170
27 241 -484.357 179.544 170
27 242 -494.966 176.02 170
27 243 -509.88 172.615 170
27 244 -518.748 171.917 170
27 245 -527.836 170.297 170
27 246 -540.7 168.207 170
27 247 -554.777 162.741 170
27 248 -564.013 161.413 170
27 249 -575.927 156.752 170
27 250 -588.997 154.262 170
27 251 -601.567 152.467 170
27 252 -612.56 152.024 170
27 253 -626.141 152.639 170
27 254 -638.467 153.609 170
27 255 -649.592 149.806 170
27 256 -659.06 148.79 170
27 257 -674.263 143.255 170
27 258 -684.871 141.374 170
27 259 -696.15 140.563 170
27 260 -706.396 135.92 170
27 261 -718.652 137.491 170
27 262 -729.473 135.226 170
27 263 -740.867 131.802 170
27 264 -752.01 128.109 170
27 265 -764.213 123.778 170
27 266 -774.764 119.6 170
27 267 -785.527 118.492 170
27 268 -795.974 117.816 170
27 269 -806.385 116.62 170
27 270 -815.169 115.749 170
27 271 -825.438 111.224 170
27 272 -835.404 108.955 170
27 273 -843.291 102.87 170
27 274 -852.503 99.9427 170
27 275 -860.164 97.2578 170
27 276 -868.923 93.9833 170
27 277 -876.725 90.311 170
27 278 -881.82 84.5583 170
27 279 -889.29 79.5422 170
27 280 -897.793 75.6677 170
27 281 -905.196 78.1303 170
27 282 -911.829 76.2963 170
27 283 -918.056 73.672 170
27 284 -924.889 70.9791 170
27 285 -931.351 69.615 170
27 286 -937.72 69.2141 170
27 287 -941.889 68.0184 170
27 288 -945.43 70.2194 170
27 289 -949.528 71.9235 170
27 290 -955.407 74.7292 170
27 291 -959.934 78.6144 170
27 292 -960.192 75.3932 170
27 293 -961.206 71.7803 170
27 294 -965.314 71.1736 170
27 295 -964.974 69.0888 170
27 296 -966.543 71.5889 170
27 297 -967.715 72.0125 170
27 298 -970.182 73.2856 170
27 299 -969.74 72.235 170
27 300 -970.862 72.6452 170
27 301 -970.833 72.9791 170
27 302 -971.586 71.7468 170
27 303 -972.222 72.2786 170
27 304 -973.084 71.2902 170
27 305 -973.668 73.1782 170
27 306 -974.161 72.1591 170
27 307 -974.855 72.337 170
27 308 -976.141 72.6316 170
27 309 -976.658 73.8185 170
27 310 -976.847 73.5659 170
27 311 -976.904 74.7162 170
27 312 -978.377 74.6752 170
27 313 -978.424 74.8597 170
27 314 -977.286 75.1402 170
27 315 -978.547 74.2899 170
27 316 -978.298 75.9591 170
27 317 -980.198 75.9991 170
27 318 -979.979 76.3198 170
27 319 -981.87 78.2084 170
27 320 -982.224 78.4646 170
27 321 -982.234 78.1032 170
27 322 -983.475 78.8193 170
27 323 -983.196 78.0639 170
27 324 -984.122 78.1128 170
27 325 -986.039 77.3619 170
27 326 -986.539 76.26 170
27 327 -986.039 77.3619 170
27 328 -986.453 75.9483 170
27 329 -986.343 78.0246 170
27 330 -986.553 78.2879 170
27 331 -987.044 77.9069 170
27 332 -987.393 79.3579 170
27 333 -987.044 77.9069 170
27 334 -984.316 77.5494 170
27 335 -980.971 76.0812 170
27 336 -976.802 71.9936 170
27 337 -974.856 70.6531 170
27 338 -972.181 68.6716 170
27 339 -972.973 70.2785 170
27 340 -972.09 70.08 170
27 341 -970.169 69.1296 170
27 342 -971.049 70.3562 170
27 343 -968.076 69.3054 170
27 344 -967.022 66.2403 170
27 345 -966.605 66.3216 170
27 346 -966.379 65.8626 170
27 347 -967.51 68.1577 170
27 348 -967.122 66.1252 170
27 349 -967.342 66.066 170
27 350 -969.237 66.6837 170
27 351 -968.685 67.0568 170
27 352 -970.794 66.855 170
27 353 -973.176 71.5314 170
27 354 -974.246 67.8861 170
27 355 -974.123 69.7461 170
27 356 -976.104 70.8542 170
27 357 -978.702 69.4616 170
27 358 -981.759 71.679 170
27 359 -984.934 69.8909 170
27 360 -984.792 73.9988 170
27 361 -985.03 73.722 170
27 362 -986.303 74.4223 170
27 363 -986.827 74.9865 170
27 364 -987.221 73.7995 170
27 365 -987.47 76.1013 170
27 366 -987.045 76.5333 170
27 367 -987.833 75.9191 170
27 368 -987.46 78.5263 170
27 369 -986.958 76.4209 170
27 370 -987.359 78.6606 170
27 371 -987.933 78.9747 170
27 372 -986.446 77.8409 170
27 373 -986.041 79.3909 170
27 374 -986.155 77.3911 170
27 375 -984.674 78.5206 170
27 376 -984.491 78.8176 170
27 377 -984.158 78.0248 170
27 378 -984.222 79.2682 170
27 379 -983.954 78.7024 170
27 380 -984.331 80.3625 170
27 381 -983.861 79.3816 170
27 382 -984.112 79.9774 170
27 383 -983.491 79.2794 170
27 384 -982.758 78.6681 170
27 385 -983.128 78.6868 170
27 386 -982.162 79.7477 170
27 387 -982.496 78.3855 170
27 388 -982.004 80.2232 170
27 389 -982.034 78.6167 170
27 390 -982.32 79.2721 170
27 391 -982.307 80.5568 170
27 392 -982.773 80.0123 170
27 393 -983.412 80.9867 170
27 394 -983.369 80.402 170
27 395 -983.326 79.8173 170
27 396 -984.418 81.5318 170
27 397 -982.406 80.4414 170
27 398 -982.365 81.887 170
27 399 -982.187 80.7435 170
27 400 -982.579 82.7804 170
27 401 -981.616 82.8201 170
27 402 -981.616 82.8201 170
27 403 -981.616 82.8201 170
27 404 -981.312 82.5791 170
27 405 -982.098 82.8002 170
27 406 -981.616 82.8201 170
27 407 -982 84.6564 170
27 408 -981.966 84.8997 170
27 409 -981.879 84.3679 170
27 410 -982.132 83.901 170
27 411 -982.184 83.9704 170
27 412 -982.666 83.9506 170
27 413 -982.622 83.3656 170
27 414 -982.666 83.9506 170
27 415 -982.666 83.9506 170
27 416 -983.628 83.9111 170
27 417 -983.542 82.7409 170
27 418 -983.542 82.7409 170
27 419 -983.542 82.7409 170
27 420 -983.542 82.7409 170
27 421 -983.542 82.7409 170
27 422 -983.542 82.7409 170
27 423 -984.986 82.6817 170
27 424 -984.827 81.6876 170
27 425 -984.61 82.1691 170
27 426 -983.455 81.5712 170
27 427 -984.418 81.5318 170
27 428 -985.388 82.8999 170
27 429 -984.444 81.6434 170
27 430 -984.418 81.5318 170
27 431 -984.504 82.7014 170
27 432 -984.504 82.7014 170
27 433 -984.504 82.7014 170
27 434 -984.418 81.5318 170
27 435 -984.418 81.5318 170
27 436 -984.418 81.5318 170
27 437 -985.424 82.0771 170
27 438 -985.289 82.5109 170
27 439 -985.424 82.0771 170
27 440 -985.38 81.4925 170
27 441 -985.289 82.5109 170
27 442 -985.424 82.0771 170
27 443 -985.467 82.6619 170
27 444 -985.289 82.5109 170
27 445 -985.424 82.0771 170
27 446 -985.299 82.3978 170
27 447 -985.38 81.4925 170
27 448 -985.155 82.5915 170
27 449 -984.899 81.5123 170
27 450 -985.467 82.6619 170
27 451 -985.467 82.6619 170
27 452 -985.843 83.1745 170
27 453 -985.587 82.9399 170
27 454 -985.587 82.9399 170
27 455 -985.467 82.6619 170
27 456 -985.625 82.1862 170
27 457 -985.587 82.9399 170
27 458 -984.993 81.6209 170
27 459 -985.143 82.2059 170
27 460 -984.418 81.5318 170
27 461 -984.374 80.9472 170
28 37 -991.755 -14.1922 170
28 38 -991.319 -14.7785 170
28 39 -990.071 -14.809 170
28 40 -988.258 -14.9846 170
28 41 -986.319 -15.1522 170
28 42 -985.461 -14.7108 170
28 43 -983.41 -15.9581 170
28 44 -979.752 -15.3106 170
28 45 -976.133 -18.8777 170
28 46 -973.547 -18.8189 170
28 47 -968.77 -21.4039 170
28 48 -965.678 -23.035 170
28 49 -959.239 -23.8987 170
28 50 -956.025 -31.0486 170
28 51 -948.434 -30.0245 170
28 52 -946.241 -34.1426 170
28 53 -939.232 -36.2367 170
28 54 -935.867 -38.1977 170
28 55 -926.51 -42.6185 170
28 56 -917.804 -43.5525 170
28 57 -912.656 -43.5109 170
28 58 -905.956 -43.8385 170
28 59 -901.273 -45.9805 170
28 60 -894.549 -44.8307 170
28 61 -886.392 -47.5286 170
28 62 -880.511 -46.8245 170
28 63 -874.19 -50.5463 170
28 64 -869.979 -45.7 170
28 65 -863.215 -43.2137 170
28 66 -858.196 -44.8331 170
28 67 -851.295 -42.5956 170
28 68 -844.109 -41.6852 170
28 69 -838.341 -38.3965 170
28 70 -830.699 -36.9786 170
28 71 -825.877 -36.8102 170
28 72 -816.433 -37.836 170
28 73 -807.764 -37.1256 170
28 74 -799.543 -40.4998 170
28 75 -791.744 -41.3811 170
28 76 -782.437 -40.5236 170
28 77 -769.126 -40.109 170
28 78 -760.354 -40.2017 170
28 79 -750.009 -39.9537 170
28 80 -741.099 -39.6564 170
28 81 -730.955 -38.3503 170
28 82 -722.035 -35.4953 170
28 83 -712.741 -33.6634 170
28 84 -699.765 -31.2441 170
28 85 -694.829 -32.2304 170
28 86 -684.129 -30.6967 170
28 87 -672.337 -31.4443 170
28 88 -662.542 -31.1019 170
28 89 -649.292 -32.1718 170
28 90 -639.934 -31.4736 170
28 91 -629.816 -30.6022 170
28 92 -617.846 -30.9856 170
28 93 -607.069 -31.36 170
28 94 -594.999 -34.5601 170
28 95 -584.605 -35.3631 170
28 96 -573.179 -35.7414 170
28 97 -556.936 -35.6633 170
28 98 -548.755 -34.9961 170
28 99 -537.58 -32.3361 170
28 100 -526.375 -31.9475 170
28 101 -516.108 -32.4307 170
28 102 -505.455 -34.0723 170
28 103 -495.501 -38.5881 170
28 104 -481.986 -36.1717 170
28 105 -471.466 -38.0096 170
28 106 -460.652 -38.3809 170
28 107 -451.617 -38.2465 170
28 108 -441.393 -39.767 170
28 109 -431.41 -43.1507 170
28 110 -420.201 -46.719 170
28 111 -413.168 -44.5081 170
28 112 -401.978 -54.8391 170
28 113 -390.769 -55.9432 170
28 114 -379.268 -57.2429 170
28 115 -372.61 -55.8497 170
28 116 -362.355 -55.638 170
28 117 -351.969 -58.5527 170
28 118 -344.873 -60.1468 170
28 119 -334.952 -63.3543 170
28 120 -326.24 -67.6977 170
28 121 -318.405 -70.4591 170
28 122 -309.264 -72.357 170
28 123 -299.62 -75.3331 170
28 124 -292.003 -75.4038 170
28 125 -284.173 -77.4082 170
28 126 -276.893 -81.0517 170
28 127 -269.97 -82.9962 170
28 128 -263.205 -87.5886 170
28 129 -256.948 -94.9825 170
28 130 -248.419 -95.6486 170
28 131 -240.263 -99.1718 170
28 132 -233.684 -101.793 170
28 133 -226.588 -101.213 170
28 134 -221.812 -104.882 170
28 135 -213.534 -108.565 170
28 136 -207.794 -107.119 170
28 137 -202.046 -110.628 170
28 138 -197.799 -112.36 170
28 139 -190.043 -115.56 170
28 140 -184.263 -119.855 170
28 141 -181.129 -121.156 170
28 142 -174.548 -122.701 170
28 143 -170.514 -126.739 170
28 144 -165.988 -129.993 170
28 145 -162.91 -134.912 170
28 146 -159.871 -139.412 170
28 147 -156.601 -143.937 170
28 148 -155.026 -149.363 170
28 149 -152.141 -156.352 170
28 150 -150.083 -160.772 170
28 151 -145.419 -164.805 170
28 152 -144.212 -167.261 170
28 153 -141.127 -174.35 170
28 154 -137.93 -176.23 170
28 155 -135.428 -179.29 170
28 156 -132.725 -187.123 170
28 157 -130.286 -193.231 170
28 158 -128.332 -202.128 170
28 159 -125.409 -210.059 170
28 160 -120.66 -214.908 170
28 161 -117.422 -219.369 170
28 162 -115.58 -228.638 170
28 163 -109.371 -235.031 170
28 164 -108.725 -242.121 170
28 165 -103.755 -246.544 170
28 166 -97.2143 -250.985 170
28 167 -93.8211 -255.385 170
28 168 -87.8079 -260.276 170
28 169 -82.3308 -265.097 170
28 170 -76.2693 -270.842 170
28 171 -71.0568 -277.539 170
28 172 -66.4043 -277.739 170
28 173 -57.4153 -281.909 170
28 174 -52.7467 -282.449 170
28 175 -48.319 -286.212 170
28 176 -43.2241 -288.492 170
28 177 -37.8794 -290.44 170
28 178 -31.7896 -292.055 170
28 179 -25.4038 -298.975 170
28 180 -21.169 -300.844 170
28 181 -12.5761 -306.843 170
28 182 -8.23364 -309.947 170
28 183 -4.87439 -316.555 170
28 184 4.58882 -313.64 170
28 185 11.7798 -315.324 170
28 186 18.3811 -316.144 170
28 187 24.9629 -316.008 170
28 188 32.5451 -316.415 170
28 189 37.0545 -318.01 170
28 190 44.1535 -317.865 170
28 191 50.7129 -318.856 170
28 192 57.4247 -315.34 170
28 193 65.0854 -314.055 170
28 194 73.8107 -311.618 170
28 195 80.0001 -309.232 170
28 196 90.7224 -308.443 170
28 197 98.3733 -308.284 170
28 198 108.05 -308.647 170
28 199 117.825 -306.746 170
28 200 128.543 -307.088 170
28 201 139.901 -304.585 170
28 202 151.71 -306.524 170
28 203 162.625 -304.05 170
28 204 173.172 -307.311 170
28 205 184.462 -305.919 170
28 206 195.879 -306.475 170
28 207 204.707 -302.086 170
28 208 215.822 -296.162 170
28 209 226.893 -290.351 170
28 210 234.959 -285.485 170
28 211 246.478 -282.947 170
28 212 256 -279.306 170
28 213 266.419 -278.504 170
28 214 275.872 -276.576 170
28 215 286.478 -272.899 170
28 216 299.121 -270.32 170
28 217 310.946 -264.304 170
28 218 319.518 -260.655 170
28 219 333.553 -252.627 170
28 220 343.25 -249.143 170
28 221 353.486 -244.855 170
28 222 365.487 -241.966 170
28 223 374.757 -240.878 170
28 224 387.271 -234.777 170
28 225 398.069 -231.031 170
28 226 409.048 -224.946 170
28 227 422.183 -216.402 170
28 228 431.932 -208.54 170
28 229 441.409 -201.943 170
28 230 453.905 -198.494 170
28 231 463.238 -194.346 170
28 232 473.158 -189.976 170
28 233 482.341 -187.208 170
28 234 492.725 -185.348 170
28 235 503.02 -176.821 170
28 236 514.131 -171.799 170
28 237 525.36 -165.581 170
28 238 535.977 -160.553 170
28 239 547.154 -155.5 170
28 240 555.964 -152.548 170
28 241 565.123 -153.224 170
28 242 573.928 -151.197 170
28 243 583.983 -147.347 170
28 244 591.833 -144.149 170
28 245 601.869 -138.282 170
28 246 612.642 -132.514 170
28 247 622.532 -125.826 170
28 248 631.568 -124.488 170
28 249 640.63 -120.627 170
28 250 649.66 -116.089 170
28 251 656.078 -115.674 170
28 252 662.511 -113.983 170
28 253 672.744 -111.928 170
28 254 679.664 -107.399 170
28 255 687.384 -105.423 170
28 256 693.778 -104.752 170
28 257 700.441 -102.737 170
28 258 709.792 -96.6272 170
28 259 716.458 -97.5835 170
28 260 722.13 -96.7805 170
28 261 727.985 -96.4849 170
28 262 733.042 -98.6342 170
28 263 739.914 -94.7034 170
28 264 747.278 -93.9707 170
28 265 754.227 -90.7307 170
28 266 760.991 -89.3138 170
28 267 768.02 -85.4584 170
28 268 773.755 -83.4612 170
28 269 778.678 -83.92 170
28 270 785.597 -81.2768 170
28 271 791.835 -79.8697 170
28 272 798.787 -73.4813 170
28 273 805.284 -73.3645 170
28 274 812.789 -70.6926 170
28 275 821.609 -64.8595 170
28 276 825.456 -66.6361 170
28 277 834.025 -60.1398 170
28 278 839.68 -58.8506 170
28 279 847.669 -54.0347 170
28 280 853.863 -52.9229 170
28 281 860.077 -51.1786 170
28 282 866.469 -47.5596 170
28 283 872.722 -47.9913 170
28 284 878.96 -47.6074 170
28 285 886.293 -44.8091 170
28 286 892.165 -43.435 170
28 287 899.291 -41.4571 170
28 288 904.949 -38.7625 170
28 289 912.571 -34.3497 170
28 290 916.582 -33.22 170
28 291 922.907 -28.3184 170
28 292 928.067 -25.9376 170
28 293 929.749 -23.5846 170
28 294 934.612 -23.4994 170
28 295 938.303 -23.9751 170
28 296 941.688 -20.8284 170
28 297 943.863 -21.0096 170
28 298 948.007 -18.6782 170
28 299 952.462 -17.3198 170
28 300 953.889 -12.7358 170
28 301 958.129 -10.6127 170
28 302 960.72 -7.04659 170
28 303 962.679 -6.29709 170
28 304 966.219 -4.93843 170
28 305 967.226 -4.03627 170
28 306 968.716 -2.79768 170
28 307 970.665 -3.13046 170
28 308 972.397 -2.32293 170
28 309 972.125 -2.68289 170
28 310 975.377 -3.81821 170
28 311 977.572 -4.36693 170
28 312 978.807 -3.28213 170
28 313 981.313 -6.10795 170
28 314 984.801 -5.57415 170
28 315 987.631 -6.38919 170
28 316 987.409 -7.1483 170
28 317 990.742 -7.65908 170
28 318 995.214 -8.13186 170
28 319 997.242 -6.37985 170
28 320 997.491 -8.05585 170
28 321 999.177 -7.64116 170
28 322 999.446 -10.4794 170
28 323 1001.42 -10.0419 170
28 324 1001.56 -11.6534 170
28 325 999.693 -12.959 170
28 326 1000.26 -12.9401 170
28 327 1001.24 -14.1514 170
28 328 1002.22 -15.3623 170
28 329 1000.76 -17.8959 170
28 330 1000.76 -17.8959 170
28 331 1001.6 -18.3651 170
28 332 1001.78 -19.3179 170
28 333 1002.3 -19.47 170
28 334 1003.03 -19.9948 170
28 335 1002.89 -20.7123 170
28 336 1002.71 -21.1854 170
28 337 1002.87 -20.8074 170
28 338 1003.8 -22.69 170
28 339 1005.63 -19.5989 170
28 340 1004.98 -20.2412 170
28 341 1005.06 -19.6175 170
28 342 1005.14 -18.9938 170
28 343 1008.57 -16.3456 170
28 344 1009.53 -16.6122 170
28 345 1010.57 -14.2541 170
28 346 1009.19 -15.0955 170
28 347 1010.43 -13.225 170
28 348 1009.21 -13.8873 170
28 349 1011.4 -10.9528 170
28 350 1010.56 -11.6841 170
28 351 1010.28 -9.57256 170
28 352 1011.42 -9.08516 170
28 353 1012.22 -8.1867 170
28 354 1011.87 -8.14976 170
28 355 1012.26 -7.90167 170
28 356 1012.32 -6.25771 170
28 357 1012.46 -6.31024 170
28 358 1012.46 -6.31024 170
28 359 1014.74 -6.23414 170
28 360 1015.95 -2.35818 170
28 361 1016.73 -1.97313 170
28 362 1016.93 -2.71826 170
28 363 1017.48 -1.69703 170
28 364 1017.28 -2.66679 170
28 365 1017.67 -2.32295 170
28 366 1019.51 -1.96544 170
28 367 1018.36 -2.695 170
28 368 1020.82 -0.620614 170
28 369 1020.25 -4.24507 170
28 370 1021.18 -3.02686 170
28 371 1020.77 -3.7138 170
28 372 1022.14 -3.89262 170
28 373 1020.61 -4.79135 170
28 374 1022.24 -5.36015 170
28 375 1022.56 -7.21856 170
28 376 1022.97 -6.27043 170
28 377 1022.24 -9.72105 170
28 378 1023.72 -8.36363 170
28 379 1023.44 -8.21098 170
28 380 1023.17 -8.46419 170
28 381 1023.48 -10.1092 170
28 382 1022.48 -10.0242 170
28 383 1023.44 -10.518 170
28 384 1023.61 -10.6903 170
28 385 1021.83 -12.8472 170
28 386 1023.38 -9.68296 170
28 387 1022.64 -10.9528 170
28 388 1022.06 -8.49016 170
28 389 1021.91 -9.4568 170
28 390 1021.54 -9.64826 170
28 391 1021.21 -9.3193 170
28 392 1018.65 -11.0854 170
28 393 1019.96 -6.30887 170
28 394 1016.98 -7.94184 170
28 395 1014.37 -7.36769 170
28 396 1013.44 -5.77928 170
28 397 1011.92 -5.28464 170
28 398 1009.86 -3.65625 170
28 399 1009.24 -2.87176 170
28 400 1007.5 -5.23089 170
28 401 1006.68 -4.94657 170
28 402 1005.02 -5.70985 170
28 403 1004.3 -4.42611 170
28 404 1002.44 -6.0951 170
28 405 1000.8 -6.81746 170
28 406 1000.09 -5.47886 170
28 407 999.602 -4.87267 170
28 408 1000.09 -5.47886 170
28 409 996.919 -5.89647 170
28 410 997.984 -8.1005 170
28 411 995.674 -10.7295 170
28 412 995.214 -8.13186 170
28 413 996.928 -12.4289 170
28 414 997.788 -11.826 170
28 415 998.998 -13.7779 170
28 416 998.882 -14.8508 170
28 417 998.641 -16.7231 170
28 418 998.822 -14.9686 170
28 419 999.779 -16.6855 170
28 420 1000.84 -17.2721 170
28 421 1000.76 -17.8959 170
28 422 1000.76 -17.8959 170
28 423 1000.67 -18.5198 170
28 424 1000.73 -19.1752 170
28 425 1003.03 -17.8209 170
28 426 1002.23 -16.7726 170
28 427 1002.18 -16.5169 170
28 428 1003.03 -16.5161 170
28 429 1002.38 -14.1135 170
28 430 1003.08 -14.7605 170
28 431 1002.38 -14.1135 170
28 432 1003.5 -12.7993 170
28 433 1003.19 -13.0919 170
28 434 1003.48 -11.7488 170
28 435 1003.46 -11.2654 170
28 436 1003.87 -9.77733 170
28 437 1003.56 -9.86854 170
28 438 1004 -9.45672 170
28 439 1004.73 -9.44249 170
28 440 1005.48 -8.78004 170
28 441 1005.54 -7.16434 170
28 442 1005.6 -6.96073 170
28 443 1005.62 -6.53914 170
28 444 1006.11 -7.14531 170
28 445 1006.6 -6.57884 170
28 446 1006.11 -7.14531 170
28 447 1006.68 -7.12627 170
28 448 1006.76 -6.50104 170
28 449 1006.6 -7.75166 170
28 450 1007.52 -6.8294 170
28 451 1007.39 -7.39043 170
28 452 1007.62 -6.66418 170
28 453 1007.54 -7.28962 170
28 454 1007.52 -6.74486 170
28 455 1007.96 -7.27688 170
28 456 1007.62 -6.70637 170
28 457 1007.65 -6.54347 170
28 458 1009.07 -6.90188 170
28 459 1008.45 -7.03486 170
28 460 1008.07 -7.82725 170
28 461 1008.17 -8.35185 170
29 37 -990.155 81.4727 170
29 38 -987.287 82.6777 170
29 39 -983.535 82.4668 170
29 40 -979.728 80.5228 170
29 41 -977.716 77.5525 170
29 42 -974.276 78.1736 170
29 43 -969.533 74.9889 170
29 44 -965.787 74.3768 170
29 45 -960.411 72.2285 170
29 46 -954.632 70.4338 170
29 47 -949.688 68.8757 170
29 48 -942.579 66.1408 170
29 49 -936.74 63.5398 170
29 50 -926.497 63.2034 170
29 51 -918.57 63.4701 170
29 52 -911.296 62.8279 170
29 53 -905.086 62.6491 170
29 54 -895.832 60.4863 170
29 55 -888.083 60.7948 170
29 56 -878.538 63.5212 170
29 57 -871.787 62.0475 170
29 58 -861.888 61.8369 170
29 59 -853.947 59.0113 170
29 60 -845.362 58.5814 170
29 61 -836.175 57.2389 170
29 62 -827.615 56.4957 170
29 63 -823.392 53.9688 170
29 64 -808.4 54.9109 170
29 65 -799.837 56.2517 170
29 66 -784.854 57.4842 170
29 67 -774.6 57.9052 170
29 68 -762.461 57.5582 170
29 69 -754.688 60.9602 170
29 70 -742.226 57.1614 170
29 71 -732.347 56.3712 170
29 72 -720.571 56.4822 170
29 73 -709.758 54.6075 170
29 74 -695.003 54.7688 170
29 75 -684.852 53.3032 170
29 76 -672.202 50.4466 170
29 77 -661.875 51.7184 170
29 78 -650.307 55.4534 170
29 79 -635.989 57.1962 170
29 80 -622.974 55.565 170
29 81 -610.117 56.4318 170
29 82 -599.719 54.5844 170
29 83 -586.476 54.2491 170
29 84 -570.641 53.2286 170
29 85 -557.471 50.4194 170
29 86 -543.511 49.8928 170
29 87 -531.455 46.4426 170
29 88 -516.385 44.6489 170
29 89 -506.309 42.6623 170
29 90 -491.258 42.644 170
29 91 -478.115 42.5177 170
29 92 -464.165 44.8666 170
29 93 -452.1 45.9226 170
29 94 -438.978 45.2346 170
29 95 -424.854 48.7111 170
29 96 -409.701 46.353 170
29 97 -395.538 46.8942 170
29 98 -381.87 48.0129 170
29 99 -367.327 47.0645 170
29 100 -353.733 45.0423 170
29 101 -342.782 42.7315 170
29 102 -328.459 42.2855 170
29 103 -314.206 39.1003 170
29 104 -299.916 43.3662 170
29 105 -287.129 44.1746 170
29 106 -271.297 45.6475 170
29 107 -258.237 43.4467 170
29 108 -244.653 43.0612 170
29 109 -232.339 42.327 170
29 110 -215.839 39.188 170
29 111 -200.945 42.6712 170
29 112 -188.064 47.6014 170
29 113 -175.678 48.0702 170
29 114 -161.301 50.9204 170
29 115 -146.527 43.4557 170
29 116 -132.244 47.3046 170
29 117 -120.834 47.7355 170
29 118 -104.259 52.2231 170
29 119 -109.729 43.6038 170
29 120 -77.8048 52.0346 170
29 121 -67.1634 54.8371 170
29 122 -49.5005 56.5506 170
29 123 -37.8976 55.7091 170
29 124 -25.3333 56.1862 170
29 125 -15.8381 57.796 170
29 126 1.22429 59.926 170
29 127 11.7181 59.7184 170
29 128 20.2678 55.4894 170
29 129 33.9504 56.0075 170
29 130 51.5493 59.9161 170
29 131 62.5031 59.5218 170
29 132 77.4388 61.0403 170
29 133 87.4941 64.1823 170
29 134 94.8867 64.1046 170
29 135 106.308 64.0056 170
29 136 118.816 66.5435 170
29 137 132.56 66.791 170
29 138 141.039 68.3926 170
29 139 157.126 68.0071 170
29 140 169.297 68.7168 170
29 141 179.984 68.6157 170
29 142 190.976 64.2099 170
29 143 202.54 63.1254 170
29 144 213.128 63.3688 170
29 145 223.124 64.3959 170
29 146 232.114 65.9066 170
29 147 241.324 69.0008 170
29 148 249.07 69.0627 170
29 149 255.36 66.232 170
29 150 262.998 67.5658 170
29 151 269.223 68.4783 170
29 152 274.891 67.9562 170
29 153 277.745 71.0158 170
29 154 286.376 67.532 170
29 155 288.563 72.0434 170
29 156 291.07 70.6623 170
29 157 294.044 75.7007 170
29 158 297.87 77.7944 170
29 159 301.496 80.8929 170
29 160 305.272 83.5311 170
29 161 310.316 81.1342 170
29 162 311.835 85.0196 170
29 163 316.001 84.3918 170
29 164 320.648 88.26 170
29 165 324.99 89.8137 170
29 166 332.015 89.3052 170
29 167 338.028 90.4461 170
29 168 343.962 89.3378 170
29 169 349.323 87.7082 170
29 170 356.42 86.5958 170
29 171 361.124 85.6901 170
29 172 370.247 84.2913 170
29 173 376.234 83.5222 170
29 174 383.069 82.5761 170
29 175 387.934 80.5354 170
29 176 396.986 81.8112 170
29 177 404.369 82.4046 170
29 178 413.732 84.0037 170
29 179 424.112 84.4032 170
29 180 431.634 83.7438 170
29 181 440.521 85.0347 170
29 182 445.908 84.0008 170
29 183 454.673 84.3376 170
29 184 465.639 84.7589 170
29 185 476.617 85.1809 170
29 186 487.925 85.491 170
29 187 498.408 82.039 170
29 188 506.083 79.1453 170
29 189 516.163 76.9565 170
29 190 525.61 73.381 170
29 191 536.813 73.3074 170
29 192 546.856 76.4229 170
29 193 556.656 76.421 170
29 194 567.413 76.4402 170
29 195 575.253 74.4611 170
29 196 587.889 71.5018 170
29 197 598.369 71.7541 170
29 198 608.553 70.2861 170
29 199 621.493 70.1274 170
29 200 630.399 68.5774 170
29 201 639.948 66.3747 170
29 202 650.209 60.6834 170
29 203 659.555 57.5657 170
29 204 671.368 56.0028 170
29 205 683.44 56.2424 170
29 206 693.904 57.8857 170
29 207 704.573 54.5765 170
29 208 713.816 52.3481 170
29 209 723.754 51.253 170
29 210 732.588 47.1092 170
29 211 742.846 44.6845 170
29 212 753.593 41.9949 170
29 213 762.298 39.8174 170
29 214 771.865 35.1805 170
29 215 780.859 30.6332 170
29 216 788.806 25.3921 170
29 217 797.71 23.048 170
29 218 807.867 17.7056 170
29 219 817.421 17.8857 170
29 220 827.55 12.2755 170
29 221 834.759 8.62994 170
29 222 843.729 3.90908 170
29 223 850.472 1.89446 170
29 224 859.613 -1.51474 170
29 225 868.887 -8.63649 170
29 226 875.766 -12.9588 170
29 227 882.369 -18.0878 170
29 228 889.377 -25.2734 170
29 229 895.254 -32.4894 170
29 230 901.273 -38.4617 170
29 231 907.85 -44.4118 170
29 232 913.596 -47.9229 170
29 233 921.989 -52.1643 170
29 234 925.809 -54.9817 170
29 235 930.339 -57.8524 170
29 236 933.037 -63.2982 170
29 237 937.238 -65.6243 170
29 238 942.565 -67.9153 170
29 239 943.902 -75.2348 170
29 240 946.541 -78.5469 170
29 241 949.584 -83.6378 170
29 242 951.784 -88.4661 170
29 243 953.521 -96.9694 170
29 244 957.148 -99.3042 170
29 245 959.497 -102.897 170
29 246 961.282 -106.503 170
29 247 965.623 -107.596 170
29 248 969.064 -111.555 170
29 249 971.436 -114.739 170
29 250 974.016 -117.344 170
29 251 977.4 -120.655 170
29 252 980.776 -121.836 170
29 253 979.178 -124.253 170
29 254 981.426 -124.189 170
29 255 983.674 -124.126 170
29 256 984.799 -124.094 170
29 257 985.282 -124.688 170
29 258 986.564 -123.436 170
29 259 987.61 -124.015 170
29 260 986.03 -121.407 170
29 261 985.991 -119.193 170
29 262 986.148 -117.971 170
29 263 986.451 -113.711 170
29 264 986.937 -111.857 170
29 265 989.1 -108.136 170
29 266 989.126 -102.544 170
29 267 990.05 -100.782 170
29 268 990.362 -96.1883 170
29 269 991.001 -93.4166 170
29 270 992.447 -90.9258 170
29 271 990.269 -90.3783 170
29 272 990.666 -87.3044 170
29 273 990.666 -87.3044 170
29 274 987.525 -88.9904 170
29 275 988.847 -86.0611 170
29 276 986.072 -88.054 170
29 277 986.798 -89.3158 170
29 278 987.369 -91.0767 170
29 279 985.361 -93.5836 170
29 280 985.045 -96.0393 170
29 281 985.909 -99.4489 170
29 282 984.347 -105.833 170
29 283 984.873 -108.026 170
29 284 983.664 -112.451 170
29 285 981.086 -118.116 170
29 286 982.532 -117.77 170
29 287 980.773 -120.559 170
29 288 980.459 -123.001 170
29 289 981.819 -121.137 170
29 290 981.303 -122.794 170
29 291 982.145 -122.953 170
29 292 982.302 -121.732 170
29 293 983.822 -119.499 170
29 294 983.179 -119.273 170
29 295 983.179 -119.273 170
29 296 983.898 -118.036 170
29 297 987.04 -117.142 170
29 298 987.026 -115.51 170
29 299 987.589 -115.494 170
29 300 987.836 -117.923 170
29 301 989.762 -116.041 170
29 302 991.213 -117.827 170
29 303 991.45 -115.993 170
29 304 992.497 -116.572 170
29 305 993.218 -115.333 170
29 306 994.908 -115.285 170
29 307 995.067 -114.061 170
29 308 996.756 -114.013 170
29 309 998.629 -112.996 170
29 310 999.157 -114.286 170
29 311 1000.78 -114.141 170
29 312 1001.78 -113.442 170
29 313 1002.42 -114.009 170
29 314 1003.44 -114.431 170
29 315 1003.36 -114.189 170
29 316 1004.85 -114 170
29 317 1005.13 -115.37 170
29 318 1005.34 -114.791 170
29 319 1006.02 -116.186 170
29 320 1004.89 -116.218 170
29 321 1005.45 -116.202 170
29 322 1007.14 -116.154 170
29 323 1007.14 -116.154 170
29 324 1007.14 -116.154 170
29 325 1007.63 -116.749 170
29 326 1007.21 -116.518 170
29 327 1008.19 -116.733 170
29 328 1008.27 -116.121 170
29 329 1007.21 -116.518 170
29 330 1008.27 -116.121 170
29 331 1008.27 -116.121 170
29 332 1007.14 -116.154 170
29 333 1007.14 -116.154 170
29 334 1007.14 -116.154 170
29 335 1008.27 -116.121 170
29 336 1008.35 -115.51 170
29 337 1007.06 -116.765 170
29 338 1006.78 -117.663 170
29 339 1006.42 -117.393 170
29 340 1006.59 -118.473 170
29 341 1008.11 -117.345 170
29 342 1007.95 -118.568 170
29 343 1008.11 -117.345 170
29 344 1007.87 -119.18 170
29 345 1007.87 -119.18 170
29 346 1007.79 -119.791 170
29 347 1007.95 -118.568 170
29 348 1007.79 -119.791 170
29 349 1007.95 -118.568 170
29 350 1006.74 -119.212 170
29 351 1006.82 -118.6 170
29 352 1006.9 -117.989 170
29 353 1006.9 -117.989 170
29 354 1007.14 -116.154 170
29 355 1007.06 -116.765 170
29 356 1007.14 -116.154 170
29 357 1006.98 -117.377 170
29 358 1007.22 -115.542 170
29 359 1006.58 -116.17 170
29 360 1006.02 -116.186 170
29 361 1006.58 -116.17 170
29 362 1006.06 -115.331 170
29 363 1007.38 -114.318 170
29 364 1005.29 -116.231 170
29 365 1006.1 -115.574 170
29 366 1007.3 -114.93 170
29 367 1005.91 -115.969 170
29 368 1007.14 -113.593 170
29 369 1006.58 -116.17 170
29 370 1006.82 -115.188 170
29 371 1007.29 -114.699 170
29 372 1006.5 -114.221 170
29 373 1006.74 -112.812 170
29 374 1005.92 -115.409 170
29 375 1007.3 -114.93 170
29 376 1006.75 -113.824 170
29 377 1006.01 -114.052 170
29 378 1007.14 -113.593 170
29 379 1007.3 -114.93 170
29 380 1006.9 -114.186 170
29 381 1006.5 -114.221 170
29 382 1005.77 -113.754 170
29 383 1006.18 -114.962 170
29 384 1006.1 -113.867 170
29 385 1006.71 -114.764 170
29 386 1006.63 -113.242 170
29 387 1007.43 -114.67 170
29 388 1008.51 -114.285 170
29 389 1007.61 -114.97 170
29 390 1007.91 -113.571 170
29 391 1008.59 -113.673 170
29 392 1008.35 -115.51 170
29 393 1008.59 -113.673 170
29 394 1008.51 -114.285 170
29 395 1008.51 -114.285 170
29 396 1008.59 -113.673 170
29 397 1008.27 -116.121 170
29 398 1008.59 -113.673 170
29 399 1008.43 -114.898 170
29 400 1008.51 -114.285 170
29 401 1008.43 -114.898 170
29 402 1008.43 -114.898 170
29 403 1008.59 -113.673 170
29 404 1008.43 -114.898 170
29 405 1008.59 -113.673 170
29 406 1008.59 -113.673 170
29 407 1008.51 -114.285 170
29 408 1008.67 -113.061 170
29 409 1008.67 -113.061 170
29 410 1008.67 -113.061 170
29 411 1008.67 -113.061 170
29 412 1009.88 -112.416 170
29 413 1008.81 -113.35 170
29 414 1009.16 -113.657 170
29 415 1008.78 -113.034 170
29 416 1008.69 -113.207 170
29 417 1008.48 -113.225 170
29 418 1008.59 -113.673 170
29 419 1008.51 -113.298 170
29 420 1008.59 -113.673 170
29 421 1007.66 -113.554 170
29 422 1008.36 -114.143 170
29 423 1007.87 -114.914 170
29 424 1007.87 -114.914 170
29 425 1007.74 -114.259 170
29 426 1007.38 -113.464 170
29 427 1007.43 -114.146 170
29 428 1007.63 -114.189 170
29 429 1007.46 -113.706 170
29 430 1007.46 -113.706 170
29 431 1007.46 -113.706 170
29 432 1007.54 -113.947 170
29 433 1007.63 -114.189 170
29 434 1007.18 -113.897 170
29 435 1007.44 -114.048 170
29 436 1008.35 -115.51 170
29 437 1007.3 -114.076 170
29 438 1007.22 -115.542 170
29 439 1007.19 -113.909 170
29 440 1007.4 -114.427 170
29 441 1007.4 -114.427 170
29 442 1008.27 -116.121 170
29 443 1006.58 -116.17 170
29 444 1009.4 -116.089 170
29 445 1008.27 -116.121 170
29 446 1008.6 -116.185 170
29 447 1008.19 -116.733 170
29 448 1008.19 -116.733 170
29 449 1009.08 -118.536 170
29 450 1009.81 -117.491 170
29 451 1007.95 -118.568 170
29 452 1009.08 -118.536 170
29 453 1008.51 -118.552 170
29 454 1009.08 -118.536 170
29 455 1007.95 -118.568 170
29 456 1007.95 -118.568 170
29 457 1007.95 -118.568 170
29 458 1007.31 -119.196 170
29 459 1009.08 -118.536 170
29 460 1008.51 -118.552 170
29 461 1008.84 -120.37 170
30 37 1009.82 175.189 170
30 38 1006.92 172.812 170
30 39 1002.78 171.996 170
30 40 996.66 169.167 170
30 41 993.024 167.729 170
30 42 988.395 167.538 170
30 43 982.866 164.737 170
30 44 978.082 163.255 170
30 45 971.986 160.435 170
30 46 964.742 157.571 170
30 47 956.513 155.952 170
30 48 949.443 154.382 170
30 49 941.539 155.342 170
30 50 931.108 154.276 170
30 51 924.173 158.478 170
30 52 914.405 158.078 170
30 53 904.646 157.679 170
30 54 892.378 155.257 170
30 55 883.508 157.453 170
30 56 873.129 156.389 170
30 57 861.451 154.104 170
30 58 849.122 155.406 170
30 59 832.279 154.616 170
30 60 823.886 153.097 170
30 61 812.416 152.168 170
30 62 797.168 148.811 170
30 63 785.622 155.355 170
30 64 772.107 155.381 170
30 65 752.263 154.705 170
30 66 742.5 154.246 170
30 67 728.977 153.031 170
30 68 715.99 152.498 170
30 69 702.035 152.022 170
30 70 687.861 152.129 170
30 71 674.749 149.537 170
30 72 659.078 149.528 170
30 73 643.023 145.072 170
30 74 627.456 145.701 170
30 75 612.969 145.74 170
30 76 598.535 144.897 170
30 77 581.856 145.395 170
30 78 566.114 143.822 170
30 79 549.544 143.477 170
30 80 534.886 141.285 170
30 81 519.16 138.126 170
30 82 500.338 137.359 170
30 83 485.872 135.513 170
30 84 471.614 136.188 170
30 85 456.918 130.575 170
30 86 440.41 129.906 170
30 87 426.038 128.072 170
30 88 411.309 128.726 170
30 89 395.666 131.842 170
30 90 382.141 133.791 170
30 91 367.896 134.861 170
30 92 354.438 133.471 170
30 93 339.54 132.053 170
30 94 325.957 132.122 170
30 95 311.846 132.168 170
30 96 296.77 134.044 170
30 97 283.742 133.51 170
30 98 269.645 132.932 170
30 99 255.566 132.356 170
30 100 241.632 134.271 170
30 101 227.708 136.185 170
30 102 218.231 140.77 170
30 103 204.206 140.188 170
30 104 191.387 142.143 170
30 105 179.158 143.599 170
30 106 166.8 144.848 170
30 107 153.814 147.289 170
30 108 141.176 147.505 170
30 109 129.768 151.498 170
30 110 116.874 153.468 170
30 111 104.096 153.392 170
30 112 94.3301 152.985 170
30 113 82.6607 154.974 170
30 114 70.5466 159.426 170
30 115 59.9948 162.702 170
30 116 50.0172 167.244 170
30 117 40.423 166.832 170
30 118 27.7865 171.257 170
30 119 16.1481 173.239 170
30 120 6.11119 175.289 170
30 121 -3.92125 177.338 170
30 122 -15.572 178.073 170
30 123 -25.4088 178.031 170
30 124 -35.6932 178.436 170
30 125 -48.4009 177.881 170
30 126 -58.5123 174.339 170
30 127 -68.5376 174.522 170
30 128 -79.0934 174.062 170
30 129 -89.6388 173.603 170
30 130 -100.71 172.502 170
30 131 -114.447 167.061 170
30 132 -127.444 157.373 170
30 133 -135.481 164.199 170
30 134 -147.61 157.739 170
30 135 -155.974 157.156 170
30 136 -166.452 154.247 170
30 137 -175.891 148.929 170
30 138 -186.354 143.577 170
30 139 -196.442 138.42 170
30 140 -207.218 132.906 170
30 141 -217.61 130.027 170
30 142 -227.929 125.649 170
30 143 -237.318 121.889 170
30 144 -247.665 116.592 170
30 145 -257.992 111.306 170
30 146 -268.957 105.088 170
30 147 -279.603 95.8817 170
30 148 -290.902 94.2174 170
30 149 -300.103 85.3963 170
30 150 -309.299 80.2095 170
30 151 -317.803 73.3148 170
30 152 -330.658 63.7451 170
30 153 -338.775 58.6358 170
30 154 -349.93 53.4181 170
30 155 -361.312 43.9842 170
30 156 -370.644 42.4765 170
30 157 -382.247 37.867 170
30 158 -394.821 32.0403 170
30 159 -404.735 26.5111 170
30 160 -414.941 20.2565 170
30 161 -427.707 14.3889 170
30 162 -439.512 9.17842 170
30 163 -453.952 0.586993 170
30 164 -461.521 -2.32492 170
30 165 -473.347 -8.18275 170
30 166 -485.814 -17.8976 170
30 167 -496.265 -21.3478 170
30 168 -510.761 -26.2827 170
30 169 -520.092 -29.1609 170
30 170 -533.179 -33.583 170
30 171 -544.948 -38.0681 170
30 172 -555.705 -42.5102 170
30 173 -569.422 -46.4649 170
30 174 -580.647 -50.328 170
30 175 -592.776 -55.9526 170
30 176 -603.488 -59.2053 170
30 177 -615.994 -66.5548 170
30 178 -627.261 -70.5507 170
30 179 -639.089 -77.6865 170
30 180 -650.088 -83.7918 170
30 181 -662.084 -88.7693 170
30 182 -671.524 -95.9453 170
30 183 -682.115 -98.57 170
30 184 -693.712 -100.081 170
30 185 -706.208 -102.759 170
30 186 -715.884 -104.58 170
30 187 -726.307 -107.953 170
30 188 -738.634 -112.89 170
30 189 -748.045 -117.728 170
30 190 -757.9 -121.097 170
30 191 -769.212 -125.772 170
30 192 -778.335 -127.728 170
30 193 -786.364 -130.235 170
30 194 -795.525 -134.077 170
30 195 -804.655 -137.564 170
30 196 -814.638 -142.701 170
30 197 -823.165 -148.254 170
30 198 -832.494 -151.901 170
30 199 -840.041 -153.246 170
30 200 -848.325 -157.976 170
30 201 -856.874 -158.225 170
30 202 -865.606 -162.958 170
30 203 -873.555 -164.866 170
30 204 -881.094 -165.642 170
30 205 -888.407 -169.762 170
30 206 -896.801 -171.676 170
30 207 -903.582 -176.328 170
30 208 -909.948 -176.364 170
30 209 -917.177 -177.826 170
30 210 -922.435 -176.862 170
30 211 -927.613 -177.008 170
30 212 -931.942 -177.431 170
30 213 -937.334 -179.508 170
30 214 -940.136 -182.476 170
30 215 -941.297 -184.175 170
30 216 -945.658 -186.783 170
30 217 -946.355 -190.94 170
30 218 -949.05 -193.874 170
30 219 -949.737 -194.48 170
30 220 -951.627 -196.547 170
30 221 -955.375 -196.65 170
30 222 -958.215 -193.129 170
30 223 -963.031 -194.646 170
30 224 -966.307 -194.736 170
30 225 -970.601 -193.747 170
30 226 -974.063 -194.595 170
30 227 -976.501 -192.969 170
30 228 -978.002 -195.058 170
30 229 -980.806 -195.135 170
30 230 -982.599 -194.022 170
30 231 -985.479 -195.263 170
30 232 -986.591 -193.568 170
30 233 -988.281 -195.34 170
30 234 -989.215 -195.366 170
30 235 -989.063 -193.393 170
30 236 -990.184 -194.099 170
30 237 -991.083 -195.417 170
30 238 -991.777 -193.977 170
30 239 -992.257 -193.758 170
30 240 -992.017 -195.443 170
30 241 -992.908 -196.02 170
30 242 -992.582 -193.435 170
30 243 -992.908 -194.351 170
30 244 -993.975 -193.131 170
30 245 -994.14 -192.184 170
30 246 -993.837 -192.253 170
30 247 -994.803 -190.775 170
30 248 -995.922 -193.339 170
30 249 -994.678 -190.661 170
30 250 -996.178 -190.028 170
30 251 -996.178 -190.028 170
30 252 -996.178 -190.028 170
30 253 -996.178 -190.028 170
30 254 -998.003 -190.632 170
30 255 -996.86 -190.069 170
30 256 -996.86 -190.069 170
30 257 -996.941 -192.262 170
30 258 -998.046 -190.08 170
30 259 -996.941 -192.262 170
30 260 -996.941 -192.262 170
30 261 -997.875 -192.287 170
30 262 -997.138 -193.063 170
30 263 -997.789 -193.391 170
30 264 -997.703 -194.494 170
30 265 -997.746 -193.942 170
30 266 -997.703 -194.494 170
30 267 -997.703 -194.494 170
30 268 -997.924 -195.119 170
30 269 -997.532 -196.699 170
30 270 -997.999 -196.712 170
30 271 -997.999 -196.712 170
30 272 -998.17 -194.507 170
30 273 -997.999 -196.712 170
30 274 -999.398 -196.751 170
30 275 -998.084 -195.61 170
30 276 -997.913 -197.815 170
30 277 -998.084 -195.61 170
30 278 -997.999 -196.712 170
30 279 -997.618 -195.597 170
30 280 -997.618 -195.597 170
30 281 -997.703 -194.494 170
30 282 -997.703 -194.494 170
30 283 -997.703 -194.494 170
30 284 -997.875 -192.287 170
30 285 -997.875 -192.287 170
30 286 -997.594 -191.373 170
30 287 -997.112 -190.054 170
30 288 -998.174 -188.423 170
30 289 -996.816 -187.832 170
30 290 -995.763 -188.135 170
30 291 -996.52 -185.609 170
30 292 -996.52 -185.609 170
30 293 -997.497 -185.083 170
30 294 -996.52 -185.609 170
30 295 -996.52 -185.609 170
30 296 -997.148 -186.169 170
30 297 -996.52 -185.609 170
30 298 -997.455 -185.635 170
30 299 -995.967 -186.701 170
30 300 -997.261 -186.704 170
30 301 -997.073 -184.517 170
30 302 -997.455 -185.635 170
30 303 -997.455 -185.635 170
30 304 -996.053 -185.596 170
30 305 -995.586 -185.583 170
30 306 -995.153 -185.737 170
30 307 -995.586 -185.583 170
30 308 -995.25 -186.858 170
30 309 -995.135 -187.176 170
30 310 -995.415 -187.793 170
30 311 -995.434 -187.14 170
30 312 -995.515 -187.995 170
30 313 -995.882 -187.806 170
30 314 -995.33 -188.898 170
30 315 -995.244 -190.002 170
30 316 -995.346 -189.319 170
30 317 -995.711 -190.015 170
30 318 -995.711 -190.015 170
30 319 -995.711 -190.015 170
30 320 -997.112 -190.054 170
30 321 -995.643 -189.681 170
30 322 -996.126 -189.639 170
30 323 -996.645 -190.041 170
30 324 -995.21 -189.835 170
30 325 -995.202 -190.554 170
30 326 -995.244 -190.002 170
30 327 -995.559 -189.568 170
30 328 -995.711 -190.015 170
30 329 -995.745 -189.784 170
30 330 -996.349 -187.819 170
30 331 -996.126 -189.639 170
30 332 -996.125 -187.879 170
30 333 -995.932 -189.578 170
30 334 -996.688 -189.489 170
30 335 -997.283 -187.845 170
30 336 -997.283 -187.845 170
30 337 -997.283 -187.845 170
30 338 -997.283 -187.845 170
30 339 -997.283 -187.845 170
30 340 -997.155 -189.502 170
30 341 -997.283 -187.845 170
30 342 -997.283 -187.845 170
30 343 -997.283 -187.845 170
30 344 -997.283 -187.845 170
30 345 -997.283 -187.845 170
30 346 -997.283 -187.845 170
30 347 -997.283 -187.845 170
30 348 -997.283 -187.845 170
30 349 -997.283 -187.845 170
30 350 -996.645 -190.041 170
30 351 -996.731 -188.937 170
30 352 -996.731 -188.937 170
30 353 -996.688 -189.489 170
30 354 -996.773 -188.384 170
30 355 -996.773 -188.384 170
30 356 -997.283 -187.845 170
30 357 -996.645 -190.041 170
30 358 -997.283 -187.845 170
30 359 -997.112 -190.054 170
30 360 -997.283 -187.845 170
30 361 -997.155 -189.502 170
30 362 -997.155 -189.502 170
30 363 -997.283 -187.845 170
30 364 -997.112 -190.054 170
30 365 -996.782 -188.728 170
30 366 -995.882 -187.806 170
30 367 -996.178 -190.028 170
30 368 -995.636 -188.187 170
30 369 -996.178 -190.028 170
30 370 -996.374 -188.705 170
30 371 -995.244 -190.002 170
30 372 -995.711 -190.015 170
30 373 -995.415 -187.793 170
30 374 -996.135 -190.58 170
30 375 -995.754 -189.463 170
30 376 -995.711 -190.015 170
30 377 -996.178 -190.028 170
30 378 -995.711 -190.015 170
30 379 -996.645 -190.041 170
30 380 -996.645 -190.041 170
30 381 -996.645 -190.041 170
30 382 -996.645 -190.041 170
30 383 -996.178 -190.028 170
30 384 -996.349 -187.819 170
30 385 -996.645 -190.041 170
30 386 -996.645 -190.041 170
30 387 -996.645 -190.041 170
30 388 -996.816 -187.832 170
30 389 -996.731 -188.937 170
30 390 -995.808 -188.546 170
30 391 -996.816 -187.832 170
30 392 -996.645 -190.041 170
30 393 -996.816 -187.832 170
30 394 -996.645 -190.041 170
30 395 -996.645 -190.041 170
30 396 -995.882 -187.806 170
30 397 -996.178 -190.028 170
30 398 -996.349 -187.819 170
30 399 -996.178 -190.028 170
30 400 -995.33 -188.898 170
30 401 -995.244 -190.002 170
30 402 -996.178 -190.028 170
30 403 -995.711 -190.015 170
30 404 -995.541 -192.223 170
30 405 -995.669 -191.397 170
30 406 -996.474 -192.249 170
30 407 -996.941 -192.262 170
30 408 -996.134 -193.622 170
30 409 -996.77 -194.468 170
30 410 -996.77 -194.468 170
30 411 -995.837 -194.443 170
30 412 -997.237 -194.481 170
30 413 -997.703 -194.494 170
30 414 -997.228 -194.138 170
30 415 -996.932 -193.588 170
30 416 -997.875 -192.287 170
30 417 -998.336 -192.72 170
30 418 -997.069 -190.606 170
30 419 -998.174 -188.423 170
30 420 -997.283 -187.845 170
30 421 -997.283 -187.845 170
30 422 -997.455 -185.635 170
30 423 -997.455 -185.635 170
30 424 -996.271 -184.65 170
30 425 -996.691 -183.398 170
30 426 -996.267 -182.832 170
30 427 -995.799 -182.819 170
30 428 -995.978 -182.935 170
30 429 -995.842 -182.266 170
30 430 -996.275 -182.012 170
30 431 -995.842 -182.266 170
30 432 -996.239 -181.756 170
30 433 -995.928 -181.16 170
30 434 -995.757 -183.372 170
30 435 -995.798 -183.129 170
30 436 -997.073 -184.517 170
30 437 -996.606 -184.504 170
30 438 -996.987 -185.622 170
30 439 -996.222 -186.431 170
30 440 -995.804 -187.051 170
30 441 -996.349 -187.819 170
30 442 -996.264 -188.924 170
30 443 -995.923 -190.297 170
30 444 -995.802 -191.024 170
30 445 -995.669 -191.065 170
30 446 -994.819 -192.479 170
30 447 -995.498 -192.775 170
30 448 -994.552 -193.843 170
30 449 -994.136 -195.148 170
30 450 -993.173 -195.696 170
30 451 -991.586 -196.934 170
30 452 -990.701 -197.341 170
30 453 -989.895 -198.7 170
30 454 -988.368 -200.315 170
30 455 -986.132 -201.127 170
30 456 -986.713 -200.546 170
30 457 -985.992 -200.803 170
30 458 -985.058 -200.777 170
30 459 -984.321 -199.001 170
30 460 -984.809 -199.412 170
30 461 -984.759 -198.56 170
31 37 -974.345 182.757 170
31 38 -972.398 182.847 170
31 39 -970.45 182.936 170
31 40 -967.528 183.07 170
31 41 -965.579 183.16 170
31 42 -962.656 183.294 170
31 43 -958.514 182.905 170
31 44 -954.94 184.848 170
31 45 -948.151 180.978 170
31 46 -945.614 179.841 170
31 47 -942.647 181.524 170
31 48 -932.845 176.862 170
31 49 -925.982 173.955 170
31 50 -919.87 166.068 170
31 51 -912.053 166.419 170
31 52 -903.585 164.405 170
31 53 -895.527 161.174 170
31 54 -885.944 155.235 170
31 55 -881.292 157.321 170
31 56 -868.116 146.843 170
31 57 -862.31 148.293 170
31 58 -850.679 145.021 170
31 59 -840.046 144.176 170
31 60 -834.62 145.922 170
31 61 -818.593 145.726 170
31 62 -809.794 147.7 170
31 63 -796.169 146.408 170
31 64 -789.137 144.32 170
31 65 -775.12 144.377 170
31 66 -766.117 139.333 170
31 67 -754.279 139.303 170
31 68 -741.278 137.729 170
31 69 -728.456 136.618 170
31 70 -716.107 135.357 170
31 71 -697.403 134.243 170
31 72 -685.778 131.483 170
31 73 -671.996 127.835 170
31 74 -656.474 126.706 170
31 75 -643.128 125.426 170
31 76 -629.65 125.998 170
31 77 -618.611 122.278 170
31 78 -596.365 124.081 170
31 79 -582.043 122.11 170
31 80 -569.808 121.317 170
31 81 -554.162 119.57 170
31 82 -539.183 118.102 170
31 83 -525.316 120.247 170
31 84 -510.406 118.07 170
31 85 -494.55 116.646 170
31 86 -480.367 116.033 170
31 87 -466.126 112.465 170
31 88 -451.277 109.346 170
31 89 -437.579 106.355 170
31 90 -420.845 108.248 170
31 91 -404.359 108.444 170
31 92 -389.685 108.565 170
31 93 -373.406 109.346 170
31 94 -358.768 107.151 170
31 95 -342.24 105.434 170
31 96 -327.439 102.815 170
31 97 -310.439 101.287 170
31 98 -295.093 99.7746 170
31 99 -279.97 98.7857 170
31 100 -263.656 98.3407 170
31 101 -248.323 96.0241 170
31 102 -233.174 93.0026 170
31 103 -216.233 86.3169 170
31 104 -201.103 84.2162 170
31 105 -186.441 81.4764 170
31 106 -168.622 80.7535 170
31 107 -153.64 80.3134 170
31 108 -138.604 78.4799 170
31 109 -120.432 76.7669 170
31 110 -106.495 75.9421 170
31 111 -90.3779 74.9646 170
31 112 -74.2127 67.6498 170
31 113 -59.2302 67.5607 170
31 114 -43.3133 66.7397 170
31 115 -30.7823 63.1457 170
31 116 -16.2922 63.6498 170
31 117 -1.67226 59.512 170
31 118 16.0274 54.1151 170
31 119 30.649 51.0265 170
31 120 44.3773 49.0427 170
31 121 58.0787 50.4882 170
31 122 77.0313 52.1643 170
31 123 88.8078 54.6306 170
31 124 102.677 54.2245 170
31 125 117.187 51.0684 170
31 126 128.068 50.8004 170
31 127 139.606 46.6126 170
31 128 154.853 50.616 170
31 129 170.141 48.9545 170
31 130 179.594 48.1032 170
31 131 194.406 46.4426 170
31 132 203.204 45.4269 170
31 133 214.768 46.344 170
31 134 222.546 47.1065 170
31 135 237.037 47.3121 170
31 136 247.02 50.0369 170
31 137 254.119 52.699 170
31 138 261.436 55.4688 170
31 139 267.936 58.872 170
31 140 272.336 61.6202 170
31 141 276.517 60.2804 170
31 142 282.617 64.5135 170
31 143 287.56 65.61 170
31 144 290.864 66.9645 170
31 145 293.772 71.617 170
31 146 295.491 72.6773 170
31 147 302.399 75.7127 170
31 148 303.368 78.5233 170
31 149 306.117 80.0077 170
31 150 310.952 82.8175 170
31 151 312.377 85.0407 170
31 152 317.517 90.564 170
31 153 320.958 95.0188 170
31 154 326.685 98.3507 170
31 155 332.339 102.529 170
31 156 336.254 104.544 170
31 157 342.969 109.901 170
31 158 346.83 111.786 170
31 159 355.142 112.851 170
31 160 362.001 115.263 170
31 161 368.755 117.604 170
31 162 376.335 119.824 170
31 163 383.619 120.207 170
31 164 390.318 121.583 170
31 165 396.862 116.907 170
31 166 403.262 114.669 170
31 167 413.834 117.586 170
31 168 422.305 116.144 170
31 169 430.657 115.762 170
31 170 440.884 118.289 170
31 171 450.974 116.573 170
31 172 461.26 118.546 170
31 173 468.941 114.79 170
31 174 478.911 113.912 170
31 175 487.253 110.293 170
31 176 497.071 109.318 170
31 177 506.228 107.972 170
31 178 515.491 105.384 170
31 179 529.422 103.417 170
31 180 538.826 99.4688 170
31 181 549.273 95.2099 170
31 182 558.346 90.1929 170
31 183 566.775 84.3547 170
31 184 576.533 78.3836 170
31 185 588.71 70.7859 170
31 186 597.805 68.9481 170
31 187 609.256 64.4625 170
31 188 621.022 62.1412 170
31 189 631.782 55.4741 170
31 190 640.408 50.5725 170
31 191 651.267 43.2636 170
31 192 661.102 36.0821 170
31 193 671.245 33.0346 170
31 194 680.875 25.3044 170
31 195 689.667 19.8642 170
31 196 700.134 14.8135 170
31 197 709.716 5.98825 170
31 198 718.713 -2.27249 170
31 199 727.743 -7.26575 170
31 200 734.65 -18.0631 170
31 201 745.758 -23.2266 170
31 202 754.882 -26.4585 170
31 203 764.656 -31.3276 170
31 204 775.13 -35.0232 170
31 205 783.959 -39.7834 170
31 206 793.063 -44.7573 170
31 207 802.048 -52.4347 170
31 208 810.071 -59.5954 170
31 209 818.07 -67.1095 170
31 210 825.497 -73.2312 170
31 211 834.466 -80.3997 170
31 212 841.019 -86.2961 170
31 213 850.003 -90.8146 170
31 214 856.342 -98.0119 170
31 215 863.653 -102.052 170
31 216 869.206 -111.607 170
31 217 875.181 -117.5 170
31 218 880.864 -125.82 170
31 219 888.414 -129.952 170
31 220 895.163 -136.307 170
31 221 901.486 -139.153 170
31 222 908.923 -141.969 170
31 223 915.877 -144.194 170
31 224 921.716 -146.45 170
31 225 930.047 -151.052 170
31 226 936.143 -155.715 170
31 227 942.147 -158.87 170
31 228 946.096 -165.092 170
31 229 951.556 -171.208 170
31 230 954.618 -176.901 170
31 231 957.048 -184.046 170
31 232 960.885 -186.648 170
31 233 961.704 -191.125 170
31 234 964.895 -192.244 170
31 235 966.567 -192.202 170
31 236 970.471 -192.103 170
31 237 972.702 -192.047 170
31 238 975.739 -194.368 170
31 239 978.612 -195.543 170
31 240 980.438 -197.247 170
31 241 984.295 -198.9 170
31 242 984.679 -198.34 170
31 243 988.038 -202.449 170
31 244 990.828 -202.38 170
31 245 993.72 -203.578 170
31 246 995.537 -204.659 170
31 247 998.329 -204.59 170
31 248 1000.32 -204.241 170
31 249 1001.68 -204.507 170
31 250 1006.31 -204.033 170
31 251 1006.71 -204.383 170
31 252 1008.45 -204.616 170
31 253 1009.15 -205.713 170
31 254 1009.02 -206.243 170
31 255 1010.06 -205.978 170
31 256 1010.34 -205.396 170
31 257 1010.3 -206.69 170
31 258 1011.03 -204.732 170
31 259 1011.66 -205.699 170
31 260 1010.86 -206.677 170
31 261 1010.3 -206.69 170
31 262 1010.3 -206.69 170
31 263 1009.74 -206.704 170
31 264 1008.78 -205.53 170
31 265 1009.02 -205.823 170
31 266 1007.59 -206.158 170
31 267 1007.82 -204.356 170
31 268 1007.07 -205.5 170
31 269 1005.51 -205.012 170
31 270 1004.87 -203.949 170
31 271 1003.27 -205.809 170
31 272 1001.12 -204.521 170
31 273 1000.64 -204.964 170
31 274 998.729 -205.777 170
31 275 999.167 -203.467 170
31 276 998.648 -204.534 170
31 277 997.928 -203.402 170
31 278 997.37 -203.416 170
31 279 996.411 -202.242 170
31 280 995.294 -202.269 170
31 281 995.211 -200.354 170
31 282 996.726 -199.837 170
31 283 995.141 -200.128 170
31 284 996.393 -197.964 170
31 285 997.285 -199.823 170
31 286 997.942 -196.174 170
31 287 997.601 -197.418 170
31 288 996.957 -193.835 170
31 289 996.957 -193.835 170
31 290 996.957 -193.835 170
31 291 997.018 -192.345 170
31 292 995.997 -192.659 170
31 293 995.438 -192.673 170
31 294 994.879 -192.687 170
31 295 994.879 -192.687 170
31 296 994.879 -192.687 170
31 297 995.036 -191.483 170
31 298 995.036 -191.483 170
31 299 995.036 -191.483 170
31 300 994.478 -191.497 170
31 301 995.036 -191.483 170
31 302 995.036 -191.483 170
31 303 996.194 -190.217 170
31 304 995.036 -191.483 170
31 305 994.512 -189.275 170
31 306 996.513 -190.161 170
31 307 994.154 -189.284 170
31 308 996.513 -190.161 170
31 309 995.273 -189.676 170
31 310 995.29 -190.312 170
31 311 995.269 -187.574 170
31 312 995.138 -189.007 170
31 313 994.076 -190.307 170
31 314 995.033 -189.382 170
31 315 993.997 -190.909 170
31 316 994.076 -190.307 170
31 317 994.076 -190.307 170
31 318 994.076 -190.307 170
31 319 993.997 -190.909 170
31 320 993.439 -190.923 170
31 321 992.855 -189.845 170
31 322 992.88 -190.937 170
31 323 993.64 -189.549 170
31 324 993.732 -189.619 170
31 325 994.237 -190.783 170
31 326 993.678 -190.797 170
31 327 992.801 -191.539 170
31 328 993.495 -191.426 170
31 329 993.579 -192.66 170
31 330 993.362 -192.365 170
31 331 993.006 -193.634 170
31 332 992.866 -193.086 170
31 333 992.965 -193.695 170
31 334 993.446 -195.123 170
31 335 993.596 -194.663 170
31 336 992.486 -193.947 170
31 337 993.525 -194.521 170
31 338 993.289 -196.326 170
31 339 993.604 -193.919 170
31 340 993.446 -195.123 170
31 341 992.329 -195.151 170
31 342 992.329 -195.151 170
31 343 993.446 -195.123 170
31 344 992.329 -195.151 170
31 345 992.781 -195.523 170
31 346 993.289 -196.326 170
31 347 993.368 -195.725 170
31 348 994.065 -195.671 170
31 349 993.368 -195.725 170
31 350 993.21 -196.928 170
31 351 992.73 -196.34 170
31 352 993.053 -198.131 170
31 353 993.053 -198.131 170
31 354 993.132 -197.529 170
31 355 994.17 -198.103 170
31 356 994.249 -197.501 170
31 357 992.974 -198.732 170
31 358 993.742 -196.351 170
31 359 993.292 -198.005 170
31 360 992.416 -198.746 170
31 361 993.132 -197.529 170
31 362 992.416 -198.746 170
31 363 992.257 -197.659 170
31 364 991.857 -198.76 170
31 365 991.936 -198.159 170
31 366 992.367 -198.436 170
31 367 990.902 -199.683 170
31 368 991.299 -198.774 170
31 369 990.505 -200.591 170
31 370 990.183 -198.801 170
31 371 990.741 -198.788 170
31 372 990.741 -198.788 170
31 373 989.781 -197.613 170
31 374 988.909 -200.032 170
31 375 990.339 -197.599 170
31 376 990.339 -197.599 170
31 377 990.819 -198.186 170
31 378 989.718 -197.411 170
31 379 989.497 -197.572 170
31 380 989.776 -197.565 170
31 381 989.223 -197.627 170
31 382 988.508 -198.843 170
31 383 987.752 -198.239 170
31 384 987.404 -198.26 170
31 385 986.958 -200.152 170
31 386 986.78 -200.576 170
31 387 985.806 -202.504 170
31 388 988.038 -202.449 170
31 389 987.182 -205.858 170
31 390 989.085 -207.211 170
31 391 989.486 -208.398 170
31 392 990.846 -210.756 170
31 393 991.804 -211.928 170
31 394 991.177 -216.723 170
31 395 991.734 -216.71 170
31 396 993.089 -216.976 170
31 397 992.535 -219.079 170
31 398 993.65 -219.052 170
31 399 993.257 -222.045 170
31 400 992.765 -222.415 170
31 401 992.743 -222.749 170
31 402 993.1 -223.242 170
31 403 992.71 -222.154 170
31 404 993.1 -223.242 170
31 405 992.103 -220.855 170
31 406 992.221 -221.473 170
31 407 992.378 -220.276 170
31 408 991.801 -219.001 170
31 409 991.835 -219.334 170
31 410 991.583 -219.138 170
31 411 991.355 -217.483 170
31 412 991.813 -216.111 170
31 413 992.924 -213.993 170
31 414 990.933 -214.34 170
31 415 991.09 -213.141 170
31 416 991.09 -213.141 170
31 417 992.998 -211.302 170
31 418 991.09 -213.141 170
31 419 991.247 -211.942 170
31 420 993.234 -209.669 170
31 421 991.961 -210.729 170
31 422 991.404 -210.743 170
31 423 992.995 -209.46 170
31 424 993.434 -208.995 170
31 425 993.631 -208.595 170
31 426 992.833 -208.316 170
31 427 992.684 -207.673 170
31 428 992.833 -208.316 170
31 429 991.717 -208.343 170
31 430 990.68 -207.77 170
31 431 991.888 -206.185 170
31 432 991.475 -206.793 170
31 433 990.759 -207.17 170
31 434 990.837 -206.57 170
31 435 990.915 -205.969 170
31 436 990.759 -207.17 170
31 437 990.436 -205.383 170
31 438 989.8 -205.997 170
31 439 989.399 -204.81 170
31 440 989.477 -204.209 170
31 441 988.919 -204.223 170
31 442 988.997 -203.623 170
31 443 988.997 -203.623 170
31 444 988.997 -203.623 170
31 445 990.944 -203.539 170
31 446 990.766 -203.711 170
31 447 991.229 -203.567 170
31 448 991.229 -203.567 170
31 449 991.641 -203.653 170
31 450 990.908 -202.282 170
31 451 991.547 -202.841 170
31 452 991.437 -203.682 170
31 453 993.462 -203.512 170
31 454 994.578 -203.485 170
31 455 994.421 -204.686 170
31 456 994.342 -205.287 170
31 457 993.818 -203 170
31 458 994.16 -204.046 170
31 459 995.38 -205.86 170
31 460 995.38 -205.86 170
31 461 995.222 -207.061 170
32 37 999.413 287.824 170
32 38 998.076 286.445 170
32 39 996.657 284.404 170
32 40 996.574 283.742 170
32 41 995.057 281.561 170
32 42 991.563 280.878 170
32 43 987.808 278.732 170
32 44 986.557 278.017 170
32 45 981.556 275.159 170
32 46 976.884 274.944 170
32 47 970.724 272.035 170
32 48 963.404 269.076 170
32 49 957.577 268.81 170
32 50 951.018 268.409 170
32 51 943.761 269.487 170
32 52 935.304 266.481 170
32 53 926.162 267.371 170
32 54 919.193 267.052 170
32 55 909.907 266.627 170
32 56 902.948 266.309 170
32 57 895.993 265.99 170
32 58 889.043 265.672 170
32 59 882.022 264.697 170
32 60 868.373 259.043 170
32 61 863.586 259.288 170
32 62 853.197 258.815 170
32 63 843.107 255.75 170
32 64 829.144 253.815 170
32 65 820.507 256.101 170
32 66 810.179 256.143 170
32 67 799.521 258.271 170
32 68 783.747 256.951 170
32 69 774.608 256.724 170
32 70 760.703 254.602 170
32 71 750.288 255.749 170
32 72 739.243 256.218 170
32 73 726.685 255.645 170
32 74 715.85 255.15 170
32 75 703.385 252.315 170
32 76 690.109 252.68 170
32 77 675.094 249.41 170
32 78 660.622 250.161 170
32 79 650.38 250.868 170
32 80 637.255 255.437 170
32 81 623.676 254.814 170
32 82 610.17 254.841 170
32 83 597.022 252.303 170
32 84 583.093 253.599 170
32 85 569.473 251.685 170
32 86 557.259 253.057 170
32 87 545.003 253.782 170
32 88 531.891 250.607 170
32 89 518.341 248.7 170
32 90 504.053 248.56 170
32 91 490.549 247.051 170
32 92 478.094 246.858 170
32 93 466.476 247.608 170
32 94 453.151 247.638 170
32 95 440.02 250.239 170
32 96 426.677 249.625 170
32 97 414.374 247.779 170
32 98 399.145 247.399 170
32 99 385.084 247.711 170
32 100 375.732 251.628 170
32 101 361.08 250.056 170
32 102 350.822 249.268 170
32 103 335.855 244.17 170
32 104 324.916 244.943 170
32 105 310.576 243.646 170
32 106 296.688 241.617 170
32 107 279.232 245.056 170
32 108 273.563 247.67 170
32 109 256.134 248.137 170
32 110 242.831 250.584 170
32 111 227.11 249.761 170
32 112 221.127 246.516 170
32 113 210.31 247.92 170
32 114 197.807 247.975 170
32 115 185.665 243.605 170
32 116 174.307 244.348 170
32 117 160.086 241.155 170
32 118 148.262 243.141 170
32 119 137.479 243.908 170
32 120 125.621 244.624 170
32 121 114.808 244.122 170
32 122 101.261 242.229 170
32 123 89.9777 242.969 170
32 124 80.2772 242.519 170
32 125 68.4738 243.233 170
32 126 58.7913 242.783 170
32 127 49.1562 243.597 170
32 128 39.5074 243.014 170
32 129 29.76 240.173 170
32 130 21.2199 241.036 170
32 131 11.6474 243.111 170
32 132 3.11619 243.973 170
32 133 -4.309 246.145 170
32 134 -11.7635 247.056 170
32 135 -21.3961 245.976 170
32 136 -30.4284 247.441 170
32 137 -38.1928 248.21 170
32 138 -45.4215 248.441 170
32 139 -55.852 246.957 170
32 140 -61.8214 248.484 170
32 141 -69.2706 248.134 170
32 142 -75.9108 249.95 170
32 143 -82.4493 247.765 170
32 144 -91.1376 248.613 170
32 145 -96.7653 248.91 170
32 146 -103.611 252.578 170
32 147 -114.828 252.269 170
32 148 -116.93 253.426 170
32 149 -122.245 251.919 170
32 150 -127.491 255.438 170
32 151 -134.902 255.086 170
32 152 -141.765 256.016 170
32 153 -146.51 257.047 170
32 154 -152.84 258.001 170
32 155 -159.684 260.187 170
32 156 -164.163 261.052 170
32 157 -171.816 260.862 170
32 158 -186.277 263.244 170
32 159 -183.42 260.307 170
32 160 -193.343 258.908 170
32 161 -200.265 263.426 170
32 162 -206.068 258.597 170
32 163 -213.95 259.474 170
32 164 -220.201 257.001 170
32 165 -226.55 262.003 170
32 166 -232.324 262.353 170
32 167 -241.033 263.688 170
32 168 -248.69 263.195 170
32 169 -256.027 264.595 170
32 170 -264.303 265.198 170
32 171 -273.727 265.996 170
32 172 -281.056 268.146 170
32 173 -288.383 270.296 170
32 174 -299.878 269.738 170
32 175 -307.598 264.121 170
32 176 -318.641 265.701 170
32 177 -330.16 264.896 170
32 178 -339.198 263.769 170
32 179 -349.401 261.573 170
32 180 -360.475 257.449 170
32 181 -367.128 251.965 170
32 182 -378.12 248.259 170
32 183 -386.656 244.827 170
32 184 -397.311 241.55 170
32 185 -409.611 238.325 170
32 186 -421.809 236.485 170
32 187 -433.348 233.796 170
32 188 -445.491 229.212 170
32 189 -455.728 227.497 170
32 190 -466.846 219.58 170
32 191 -477.453 212.936 170
32 192 -488.651 205.975 170
32 193 -498.085 199.714 170
32 194 -509.639 193.068 170
32 195 -519.102 185.31 170
32 196 -529.367 178.02 170
32 197 -542.008 169.669 170
32 198 -553.921 161.856 170
32 199 -563.284 154.174 170
32 200 -575.604 145.174 170
32 201 -587.507 139.832 170
32 202 -597.317 132.784 170
32 203 -609.936 120.829 170
32 204 -620.533 111.163 170
32 205 -633.23 101.895 170
32 206 -638.539 94.7544 170
32 207 -648.352 81.0204 170
32 208 -658.032 74.6929 170
32 209 -666.707 62.1642 170
32 210 -674.69 52.4343 170
32 211 -688.082 40.9663 170
32 212 -697.228 31.8446 170
32 213 -706.106 21.5393 170
32 214 -714.785 11.7382 170
32 215 -725.392 3.87513 170
32 216 -735.05 -7.4304 170
32 217 -745.344 -17.7836 170
32 218 -757.162 -34.4088 170
32 219 -763.656 -40.4074 170
32 220 -773.767 -51.124 170
32 221 -781.446 -59.6601 170
32 222 -787.144 -72.2323 170
32 223 -796.211 -82.8204 170
32 224 -803.2 -95.5878 170
32 225 -810.133 -108.879 170
32 226 -817.766 -119.689 170
32 227 -825.457 -130.438 170
32 228 -834.613 -136.492 170
32 229 -842.355 -146.573 170
32 230 -849.483 -154.645 170
32 231 -856.314 -167.166 170
32 232 -863.476 -174.077 170
32 233 -870.48 -183.197 170
32 234 -875.492 -193.829 170
32 235 -881.025 -202.938 170
32 236 -883.643 -208.571 170
32 237 -886.885 -219.861 170
32 238 -890.136 -229.159 170
32 239 -893.377 -236.95 170
32 240 -898.092 -243.665 170
32 241 -899.775 -248.965 170
32 242 -903.795 -254.994 170
32 243 -908.672 -260.367 170
32 244 -912.499 -265.926 170
32 245 -916.168 -273.653 170
32 246 -919.593 -278.092 170
32 247 -922.729 -282.476 170
32 248 -926.795 -286.789 170
32 249 -931.042 -287.734 170
32 250 -935.37 -289.701 170
32 251 -940.138 -290.527 170
32 252 -942.845 -291.673 170
32 253 -946.558 -291.758 170
32 254 -950.733 -291.853 170
32 255 -952.509 -292.977 170
32 256 -956.137 -294.144 170
32 257 -957.911 -295.267 170
32 258 -960.227 -295.319 170
32 259 -961.878 -298.064 170
32 260 -964.696 -297.586 170
32 261 -966.085 -297.617 170
32 262 -966.548 -297.627 170
32 263 -967.936 -297.659 170
32 264 -968.862 -297.679 170
32 265 -970.331 -296.63 170
32 266 -970.209 -298.251 170
32 267 -972.1 -297.752 170
32 268 -972.018 -298.832 170
32 269 -972.563 -297.763 170
32 270 -973.95 -297.794 170
32 271 -974.711 -299.974 170
32 272 -974.711 -299.974 170
32 273 -975.009 -302.143 170
32 274 -975.348 -303.772 170
32 275 -974.424 -303.751 170
32 276 -974.219 -306.447 170
32 277 -974.219 -306.447 170
32 278 -974.137 -307.525 170
32 279 -972.935 -306.862 170
32 280 -974.055 -308.603 170
32 281 -974.055 -308.603 170
32 282 -974.055 -308.603 170
32 283 -974.36 -309.43 170
32 284 -975.821 -309.721 170
32 285 -975.821 -309.721 170
32 286 -977.709 -309.223 170
32 287 -978.212 -308.694 170
32 288 -979.597 -308.725 170
32 289 -979.597 -308.725 170
32 290 -979.597 -308.725 170
32 291 -980.334 -307.554 170
32 292 -980.183 -307.119 170
32 293 -981.317 -307.111 170
32 294 -980.644 -307.129 170
32 295 -981.609 -306.61 170
32 296 -981.23 -305.522 170
32 297 -981.23 -305.522 170
32 298 -980.727 -306.051 170
32 299 -980.768 -305.512 170
32 300 -980.768 -305.512 170
32 301 -980.851 -304.434 170
32 302 -980.768 -305.512 170
32 303 -980.768 -305.512 170
32 304 -980.851 -304.434 170
32 305 -980.892 -303.895 170
32 306 -980.81 -304.973 170
32 307 -980.892 -303.895 170
32 308 -980.892 -303.895 170
32 309 -980.472 -303.345 170
32 310 -980.81 -304.973 170
32 311 -980.934 -303.356 170
32 312 -980.01 -303.335 170
32 313 -980.934 -303.356 170
32 314 -979.935 -303.593 170
32 315 -980.172 -304.765 170
32 316 -980.01 -303.335 170
32 317 -979.845 -305.492 170
32 318 -979.927 -304.413 170
32 319 -979.886 -304.953 170
32 320 -979.845 -305.492 170
32 321 -979.927 -304.413 170
32 322 -979.845 -305.492 170
32 323 -979.845 -305.492 170
32 324 -979.845 -305.492 170
32 325 -979.762 -306.57 170
32 326 -979.762 -306.57 170
32 327 -979.762 -306.57 170
32 328 -979.762 -306.57 170
32 329 -979.762 -306.57 170
32 330 -979.762 -306.57 170
32 331 -979.762 -306.57 170
32 332 -979.845 -305.492 170
32 333 -979.762 -306.57 170
32 334 -979.803 -306.031 170
32 335 -979.762 -306.57 170
32 336 -979.762 -306.57 170
32 337 -979.845 -305.492 170
32 338 -979.845 -305.492 170
32 339 -979.762 -306.57 170
32 340 -979.762 -306.57 170
32 341 -979.845 -305.492 170
32 342 -979.845 -305.492 170
32 343 -979.927 -304.413 170
32 344 -979.845 -305.492 170
32 345 -979.927 -304.413 170
32 346 -979.845 -305.492 170
32 347 -979.927 -304.413 170
32 348 -979.927 -304.413 170
32 349 -979.814 -304.919 170
32 350 -979.762 -306.57 170
32 351 -979.762 -306.57 170
32 352 -979.762 -306.57 170
32 353 -978.839 -306.549 170
32 354 -978.839 -306.549 170
32 355 -979.003 -304.393 170
32 356 -979.003 -304.393 170
32 357 -979.762 -306.57 170
32 358 -979.927 -304.413 170
32 359 -979.886 -304.953 170
32 360 -979.927 -304.413 170
32 361 -979.927 -304.413 170
32 362 -979.927 -304.413 170
32 363 -979.927 -304.413 170
32 364 -979.803 -306.031 170
32 365 -979.927 -304.413 170
32 366 -979.927 -304.413 170
32 367 -980.265 -306.041 170
32 368 -979.969 -303.874 170
32 369 -980.348 -304.963 170
32 370 -979.927 -304.413 170
32 371 -979.886 -304.953 170
32 372 -979.886 -304.953 170
32 373 -979.465 -304.403 170
32 374 -979.762 -306.57 170
32 375 -979.927 -304.413 170
32 376 -979.845 -305.492 170
32 377 -979.886 -304.953 170
32 378 -979.845 -305.492 170
32 379 -979.424 -304.942 170
32 380 -979.3 -306.56 170
32 381 -979.3 -306.56 170
32 382 -979.3 -306.56 170
32 383 -978.839 -306.549 170
32 384 -978.839 -306.549 170
32 385 -978.839 -306.549 170
32 386 -979.028 -304.534 170
32 387 -978.294 -307.617 170
32 388 -978.358 -304.973 170
32 389 -979.218 -307.637 170
32 390 -978.335 -307.078 170
32 391 -978.78 -305.392 170
32 392 -978.301 -306.462 170
32 393 -978.921 -305.471 170
32 394 -978.418 -306 170
32 395 -978.301 -306.321 170
32 396 -978.301 -306.321 170
32 397 -978.141 -306.372 170
32 398 -978.241 -306.255 170
32 399 -978.108 -306.425 170
32 400 -978.149 -305.886 170
32 401 -977.875 -306.161 170
32 402 -977.875 -306.161 170
32 403 -977.584 -305.528 170
32 404 -977.689 -306.686 170
32 405 -978.149 -305.886 170
32 406 -977.695 -306.308 170
32 407 -977.695 -306.308 170
32 408 -978.149 -305.886 170
32 409 -977.771 -305.608 170
32 410 -978.073 -305.668 170
32 411 -978.073 -305.668 170
32 412 -977.749 -305.165 170
32 413 -977.595 -305.647 170
32 414 -977.526 -305.106 170
32 415 -977.997 -305.451 170
32 416 -977.997 -305.451 170
32 417 -977.752 -305.035 170
32 418 -977.921 -305.233 170
32 419 -976.994 -305.007 170
32 420 -977.197 -304.893 170
32 421 -977.453 -306.519 170
32 422 -977.073 -305.43 170
32 423 -976.991 -306.508 170
32 424 -977.435 -305.352 170
32 425 -977.547 -306.359 170
32 426 -975.944 -308.105 170
32 427 -975.944 -308.105 170
32 428 -975.944 -308.105 170
32 429 -975.944 -308.105 170
32 430 -977.44 -306.4 170
32 431 -977.513 -306.153 170
32 432 -977.102 -306.479 170
32 433 -976.693 -305.39 170
32 434 -976.529 -306.498 170
32 435 -976.488 -307.037 170
32 436 -976.488 -307.037 170
32 437 -976.529 -306.498 170
32 438 -976.488 -307.037 170
32 439 -976.026 -307.027 170
32 440 -975.985 -307.566 170
32 441 -976.237 -307.302 170
32 442 -975.523 -307.556 170
32 443 -975.061 -307.546 170
32 444 -975.061 -307.546 170
32 445 -976.371 -307.359 170
32 446 -976.447 -307.576 170
32 447 -976.447 -307.576 170
32 448 -976.447 -307.576 170
32 449 -976.909 -307.586 170
32 450 -976.488 -307.037 170
32 451 -976.447 -307.576 170
32 452 -976.95 -307.047 170
32 453 -976.447 -307.576 170
32 454 -976.175 -307.171 170
32 455 -976.909 -307.586 170
32 456 -976.909 -307.586 170
32 457 -976.909 -307.586 170
32 458 -976.909 -307.586 170
32 459 -976.909 -307.586 170
32 460 -976.909 -307.586 170
32 461 -976.909 -307.586 170
33 37 -963.965 267.609 170
33 38 -962.982 267.659 170
33 39 -963.249 267.95 170
33 40 -962.982 267.659 170
33 41 -963.243 265.931 170
33 42 -961.283 268.049 170
33 43 -960.544 267.455 170
33 44 -959.722 266.906 170
33 45 -958.162 265.764 170
33 46 -957.756 267.005 170
33 47 -956.517 263.406 170
33 48 -954.258 264.983 170
33 49 -952.583 263.602 170
33 50 -951.431 261.22 170
33 51 -949.463 261.318 170
33 52 -947.328 258.986 170
33 53 -942.161 262.231 170
33 54 -939.372 258.161 170
33 55 -935.724 260.021 170
33 56 -932.48 258.502 170
33 57 -924.476 257.068 170
33 58 -918.171 256.69 170
33 59 -915.034 259.297 170
33 60 -908.359 260.306 170
33 61 -902.967 261.184 170
33 62 -893.887 265.824 170
33 63 -888.368 265.576 170
33 64 -885.705 270.605 170
33 65 -876.253 272.057 170
33 66 -871.679 268.855 170
33 67 -871.389 268.437 170
33 68 -871.1 268.019 170
33 69 -857.928 268.469 170
33 70 -847.927 271.265 170
33 71 -840.895 270.389 170
33 72 -836.987 271.811 170
33 73 -828.59 272.207 170
33 74 -822.501 276.855 170
33 75 -816.071 272.855 170
33 76 -810.77 278.283 170
33 77 -803.833 280.491 170
33 78 -798.44 279.887 170
33 79 -791.409 279.624 170
33 80 -785.44 280.539 170
33 81 -777.496 282.171 170
33 82 -771.548 283.703 170
33 83 -764.53 284.056 170
33 84 -757.217 287.971 170
33 85 -750.602 287.227 170
33 86 -744.753 291.23 170
33 87 -737.209 291.612 170
33 88 -728.769 294.514 170
33 89 -722.667 293.586 170
33 90 -715.611 293.943 170
33 91 -708.494 293.065 170
33 92 -701.374 292.187 170
33 93 -695.369 293.729 170
33 94 -688.033 294.825 170
33 95 -680.385 296.383 170
33 96 -674.793 296.775 170
33 97 -668.169 300.322 170
33 98 -660.105 302.661 170
33 99 -654.586 302.955 170
33 100 -651.189 305.29 170
33 101 -647.14 303.227 170
33 102 -640.036 306.482 170
33 103 -633.888 305.551 170
33 104 -629.356 307.028 170
33 105 -624.057 311.327 170
33 106 -619.864 312.501 170
33 107 -613.792 314.061 170
33 108 -609.755 315.517 170
33 109 -605.716 316.974 170
33 110 -601.897 316.864 170
33 111 -598.159 319.177 170
33 112 -591.456 318.96 170
33 113 -586.424 321.722 170
33 114 -583.476 325.631 170
33 115 -579.42 327.094 170
33 116 -575.52 333.568 170
33 117 -570.944 335.063 170
33 118 -567.468 339.014 170
33 119 -563.514 344.252 170
33 120 -559.516 348.24 170
33 121 -555.183 355.024 170
33 122 -551.616 360.01 170
33 123 -545.292 364.461 170
33 124 -540.431 369.055 170
33 125 -536.622 377.902 170
33 126 -531.539 381.35 170
33 127 -526.467 385.436 170
33 128 -521.907 389.498 170
33 129 -517.276 391.024 170
33 130 -510.464 396.443 170
33 131 -504.984 398.068 170
33 132 -500.401 402.147 170
33 133 -494.282 407.593 170
33 134 -487.053 410.551 170
33 135 -482.45 414.646 170
33 136 -475.179 416.333 170
33 137 -470.015 419.184 170
33 138 -461.711 422.215 170
33 139 -455.488 425.131 170
33 140 -445.882 428.509 170
33 141 -440.95 432.377 170
33 142 -432.287 435.778 170
33 143 -425.302 438.415 170
33 144 -416.745 442.642 170
33 145 -409.556 440.6 170
33 146 -401.426 444.393 170
33 147 -393.998 440.807 170
33 148 -386.2 443.737 170
33 149 -378.753 443.321 170
33 150 -370.991 445.28 170
33 151 -362.454 446.686 170
33 152 -354.337 448.659 170
33 153 -347.233 452.361 170
33 154 -338.924 454.983 170
33 155 -331.596 455.449 170
33 156 -324.072 455.836 170
33 157 -317.17 456.232 170
33 158 -309.2 456.689 170
33 159 -300.692 457.178 170
33 160 -293.242 457.605 170
33 161 -285.794 460.634 170
33 162 -277.265 461.124 170
33 163 -269.801 464.158 170
33 164 -260.188 463.409 170
33 165 -251.904 464.863 170
33 166 -244.688 461.694 170
33 167 -237.108 464.236 170
33 168 -227.647 461.992 170
33 169 -220.064 461.153 170
33 170 -213.125 461.704 170
33 171 -204.516 460.74 170
33 172 -195.921 461.885 170
33 173 -187.857 463 170
33 174 -180.861 464.054 170
33 175 -171.522 462.68 170
33 176 -164.084 462.664 170
33 177 -154.792 459.993 170
33 178 -147.509 460.736 170
33 179 -141.034 461.106 170
33 180 -133.476 461.538 170
33 181 -127.001 461.254 170
33 182 -118.19 461.642 170
33 183 -110.786 461.526 170
33 184 -103.592 460.807 170
33 185 -95.1111 460.455 170
33 186 -89.1348 455.032 170
33 187 -79.7301 457.074 170
33 188 -71.8798 456.537 170
33 189 -65.0114 453.753 170
33 190 -58.3147 456.652 170
33 191 -50.1999 455.146 170
33 192 -42.0408 455.608 170
33 193 -33.0371 457.101 170
33 194 -24.3041 458.253 170
33 195 -17.2803 459.587 170
33 196 -9.27848 460.09 170
33 197 -1.15189 457.923 170
33 198 4.27813 456.917 170
33 199 11.9828 459.324 170
33 200 17.1707 455.607 170
33 201 25.0808 458.751 170
33 202 33.8072 457.93 170
33 203 39.3258 459.557 170
33 204 46.9648 458.673 170
33 205 55.7859 460.489 170
33 206 61.2986 461.459 170
33 207 66.7732 461.111 170
33 208 73.8833 460.012 170
33 209 79.8858 459.217 170
33 210 86.4235 457.61 170
33 211 92.9626 456.002 170
33 212 99.5031 454.394 170
33 213 107.147 452.847 170
33 214 114.975 452.336 170
33 215 123.366 452.341 170
33 216 128.338 448.926 170
33 217 134.231 447.452 170
33 218 146.282 449.706 170
33 219 152.539 449.406 170
33 220 159.202 445.215 170
33 221 166.233 441.653 170
33 222 174.752 441.455 170
33 223 181.306 438.865 170
33 224 187.905 439.611 170
33 225 196.701 438.119 170
33 226 201.588 438.257 170
33 227 211.464 437.935 170
33 228 217.893 435.593 170
33 229 223.316 431.628 170
33 230 229.859 429.352 170
33 231 235.163 424.376 170
33 232 243.945 422.761 170
33 233 250.898 417.337 170
33 234 256.2 415.096 170
33 235 263.394 412.096 170
33 236 271.335 411.078 170
33 237 277.561 406.945 170
33 238 283.618 405.956 170
33 239 289.536 402.332 170
33 240 296.372 400.49 170
33 241 302.927 394.136 170
33 242 310.069 390.406 170
33 243 316.972 383.851 170
33 244 323.708 381.645 170
33 245 331.275 378.034 170
33 246 338.141 372.915 170
33 247 344.068 371.144 170
33 248 349.643 364.229 170
33 249 358.297 360.103 170
33 250 363.56 355.152 170
33 251 366.742 350.072 170
33 252 372.839 341.448 170
33 253 377.248 333.707 170
33 254 381.654 327.751 170
33 255 387.019 321.208 170
33 256 390.756 318.799 170
33 257 395.092 310.552 170
33 258 402.864 308.38 170
33 259 408.614 302.836 170
33 260 412.259 299.133 170
33 261 419.625 294.748 170
33 262 425.739 287.163 170
33 263 429.816 279.323 170
33 264 435.124 275.709 170
33 265 439.419 267.775 170
33 266 446.903 265.166 170
33 267 453.208 262.22 170
33 268 458.086 258.454 170
33 269 465.64 251.418 170
33 270 472.052 247.864 170
33 271 477.111 241.044 170
33 272 483.423 238.751 170
33 273 488.378 228.114 170
33 274 492.358 221.902 170
33 275 499.339 217.1 170
33 276 503.775 210.139 170
33 277 508.828 204.774 170
33 278 516.296 199.944 170
33 279 521.509 196.415 170
33 280 527.897 192.876 170
33 281 534.984 187.113 170
33 282 541.375 180.75 170
33 283 546.333 173.349 170
33 284 553.165 168.568 170
33 285 558.879 163.742 170
33 286 564.862 158.171 170
33 287 571.704 152.55 170
33 288 577.572 148.079 170
33 289 584.131 147.328 170
33 290 591.154 142.735 170
33 291 595.83 140.62 170
33 292 602.217 136.3 170
33 293 608.616 131.123 170
33 294 613.533 126.837 170
33 295 618.442 119.481 170
33 296 623.754 113.582 170
33 297 629.232 108.344 170
33 298 634.767 103.163 170
33 299 641.061 99.0182 170
33 300 646.429 93.8985 170
33 301 652.892 91.6416 170
33 302 659.275 86.1262 170
33 303 664.982 81.1508 170
33 304 671.087 75.1313 170
33 305 674.957 69.0321 170
33 306 680.995 62.3954 170
33 307 686.273 59.474 170
33 308 691.249 53.4281 170
33 309 697.119 50.3436 170
33 310 701.31 42.5978 170
33 311 708.751 39.1376 170
33 312 715.509 34.4117 170
33 313 720.034 29.608 170
33 314 725.113 24.827 170
33 315 730.372 16.3394 170
33 316 735.57 12.8074 170
33 317 739.146 4.27621 170
33 318 742.839 -1.53824 170
33 319 747.476 -6.54872 170
33 320 751.724 -13.8003 170
33 321 755.11 -18.6117 170
33 322 761.255 -25.6648 170
33 323 766.393 -29.4714 170
33 324 771.247 -34.0594 170
33 325 775.606 -40.0532 170
33 326 780.517 -46.0245 170
33 327 787.569 -48.0336 170
33 328 791.839 -54.2354 170
33 329 796.05 -61.4411 170
33 330 799.345 -66.8357 170
33 331 801.947 -73.467 170
33 332 806.969 -78.4153 170
33 333 812.634 -83.1342 170
33 334 816.756 -87.8497 170
33 335 820.818 -91.9817 170
33 336 824.957 -95.9028 170
33 337 829.832 -101.735 170
33 338 832.618 -106.605 170
33 339 837.275 -112.253 170
33 340 839.019 -118.537 170
33 341 842.783 -125.145 170
33 342 845.773 -131.513 170
33 343 847.211 -138.847 170
33 344 850.052 -142.988 170
33 345 855.11 -147.066 170
33 346 858.846 -152.983 170
33 347 863.002 -155.277 170
33 348 866.874 -159.982 170
33 349 873.033 -164.023 170
33 350 876.175 -167.843 170
33 351 878.838 -170.941 170
33 352 882.554 -176.972 170
33 353 885.668 -182.187 170
33 354 888.878 -188.783 170
33 355 892.806 -192.868 170
33 356 895.841 -195.182 170
33 357 900.32 -199.25 170
33 358 903.28 -202.161 170
33 359 907.553 -208.163 170
33 360 911.139 -210.901 170
33 361 914.647 -214.616 170
33 362 917.147 -219.699 170
33 363 920.967 -221.845 170
33 364 922.758 -227.89 170
33 365 924.381 -232.604 170
33 366 927.75 -236.121 170
33 367 927.387 -242.143 170
33 368 930.849 -246.032 170
33 369 931.717 -252.05 170
33 370 932.659 -253.945 170
33 371 935.848 -258.035 170
33 372 935.754 -260.885 170
33 373 938.068 -262.546 170
33 374 939.121 -268.955 170
33 375 941.881 -268.895 170
33 376 943.716 -271.803 170
33 377 946.803 -273.505 170
33 378 948.009 -277.014 170
33 379 950.618 -278.136 170
33 380 951.572 -279.293 170
33 381 952.479 -283.052 170
33 382 952.574 -288.684 170
33 383 956.284 -289.782 170
33 384 958.117 -293.503 170
33 385 959.238 -296.768 170
33 386 962.319 -298.465 170
33 387 963.042 -301.384 170
33 388 964.588 -301.763 170
33 389 964.64 -306.041 170
33 390 966.844 -305.997 170
33 391 966.844 -305.997 170
33 392 967.566 -308.911 170
33 393 967.49 -309.499 170
33 394 966.236 -310.695 170
33 395 966.236 -310.695 170
33 396 967.338 -310.673 170
33 397 967.473 -312.345 170
33 398 967.186 -311.847 170
33 399 967.584 -313.01 170
33 400 966.882 -314.194 170
33 401 967.432 -314.183 170
33 402 966.882 -314.194 170
33 403 967.983 -314.172 170
33 404 967.831 -315.345 170
33 405 967.983 -314.172 170
33 406 969.085 -314.15 170
33 407 969.237 -312.977 170
33 408 969.941 -311.792 170
33 409 970.568 -311.194 170
33 410 971.747 -310.585 170
33 411 973.155 -308.214 170
33 412 973.232 -307.626 170
33 413 975.116 -305.83 170
33 414 975.821 -304.643 170
33 415 975.269 -304.654 170
33 416 976.397 -302.754 170
33 417 976.833 -301.103 170
33 418 977.388 -300.223 170
33 419 977.14 -298.749 170
33 420 978.218 -297.246 170
33 421 976.895 -296.404 170
33 422 978.706 -295.192 170
33 423 978.706 -295.192 170
33 424 978.154 -295.204 170
33 425 977.959 -294.244 170
33 426 978.461 -292.846 170
33 427 980.194 -293.504 170
33 428 978.808 -294.156 170
33 429 978.308 -294.025 170
33 430 979.412 -294.002 170
33 431 979.412 -294.002 170
33 432 979.412 -294.002 170
33 433 977.846 -294.352 170
33 434 978.077 -295.793 170
33 435 978.077 -295.793 170
33 436 978.077 -295.793 170
33 437 977.696 -295.248 170
33 438 978.154 -296.719 170
33 439 977.846 -297.56 170
33 440 977.769 -298.148 170
33 441 980.139 -296.702 170
33 442 980.854 -298.062 170
33 443 981.096 -298.656 170
33 444 979.113 -298.825 170
33 445 981.006 -298.669 170
33 446 981.006 -298.669 170
33 447 980.929 -299.258 170
33 448 981.006 -298.669 170
33 449 980.929 -299.258 170
33 450 981.629 -296.013 170
33 451 980.454 -298.681 170
33 452 980.209 -296.336 170
33 453 980.209 -296.336 170
33 454 981.314 -296.314 170
33 455 981.314 -296.314 170
33 456 981.314 -296.314 170
33 457 983.203 -294.512 170
33 458 981.867 -296.302 170
33 459 981.623 -293.957 170
33 460 983.281 -293.922 170
33 461 981.623 -293.957 170
34 37 -926.086 371.106 170
34 38 -925.97 370.863 170
34 39 -926.194 371.004 170
34 40 -926.086 371.106 170
34 41 -927.07 371.6 170
34 42 -926.194 371.252 170
34 43 -927.254 371.429 170
34 44 -926.854 371.376 170
34 45 -926.768 370.339 170
34 46 -927.083 371.051 170
34 47 -926.645 370.667 170
34 48 -926.553 370.046 170
34 49 -927.083 371.051 170
34 50 -927.334 367.295 170
34 51 -926.754 366.079 170
34 52 -925.675 364.892 170
34 53 -923.614 367.647 170
34 54 -923.191 367.997 170
34 55 -921.55 367.86 170
34 56 -923.511 369.999 170
34 57 -922.596 371.298 170
34 58 -919.858 367.704 170
34 59 -920.102 371.435 170
34 60 -919.349 375.224 170
34 61 -917.516 377.825 170
34 62 -914.944 377.644 170
34 63 -912.454 380.919 170
34 64 -911.765 381.896 170
34 65 -912.588 386.858 170
34 66 -910.088 386.998 170
34 67 -909.521 390.296 170
34 68 -908.689 390.633 170
34 69 -905.256 389.318 170
34 70 -904.271 393.143 170
34 71 -900.88 394.52 170
34 72 -896.709 397.783 170
34 73 -894.783 399.148 170
34 74 -890.663 399.476 170
34 75 -887.762 399.543 170
34 76 -883.903 402.275 170
34 77 -878.959 403.812 170
34 78 -873.082 406.662 170
34 79 -867.092 408.085 170
34 80 -859.163 411.449 170
34 81 -853.249 412.83 170
34 82 -847.359 414.902 170
34 83 -837.663 419.175 170
34 84 -832.652 422.841 170
34 85 -825.766 428.312 170
34 86 -817.072 436.425 170
34 87 -810.975 444.023 170
34 88 -802.536 449.99 170
34 89 -795.001 457.955 170
34 90 -787.942 463.608 170
34 91 -779.949 467.278 170
34 92 -770.924 471.013 170
34 93 -761.917 475.394 170
34 94 -752.628 478 170
34 95 -742.249 490.282 170
34 96 -733.053 495.123 170
34 97 -718.95 502.428 170
34 98 -709.919 506.512 170
34 99 -699.707 511.358 170
34 100 -688.184 514.329 170
34 101 -678.169 516.563 170
34 102 -666.885 519.85 170
34 103 -654.747 528.396 170
34 104 -642.526 535.664 170
34 105 -631.271 541.582 170
34 106 -620.514 550.195 170
34 107 -609.349 556.286 170
34 108 -599.365 556.663 170
34 109 -587.014 564.003 170
34 110 -566.408 558.575 170
34 111 -553.134 562.317 170
34 112 -544.62 575.053 170
34 113 -531.67 580.691 170
34 114 -518.412 584.079 170
34 115 -503.242 586.475 170
34 116 -490.565 588.612 170
34 117 -476.78 589.496 170
34 118 -464.8 591.061 170
34 119 -451.816 591.098 170
34 120 -438.56 594.604 170
34 121 -423.84 600.243 170
34 122 -407.159 605.042 170
34 123 -393.868 608.136 170
34 124 -380.696 611.385 170
34 125 -363.988 613.813 170
34 126 -349.64 613.814 170
34 127 -336.961 611.824 170
34 128 -319.713 611.603 170
34 129 -304.608 612.581 170
34 130 -290.021 613.525 170
34 131 -275.262 620.157 170
34 132 -259.377 613.63 170
34 133 -247.554 612.784 170
34 134 -232.665 609.056 170
34 135 -218.988 610.734 170
34 136 -202.644 610.745 170
34 137 -189.186 609.396 170
34 138 -172.649 610.991 170
34 139 -159.061 612.158 170
34 140 -143.984 611.859 170
34 141 -128.962 609.12 170
34 142 -116.598 605.249 170
34 143 -101.836 598.7 170
34 144 -88.0175 596.926 170
34 145 -73.771 595.137 170
34 146 -59.4992 591.167 170
34 147 -47.1701 588.799 170
34 148 -33.6808 580.672 170
34 149 -21.7404 575.403 170
34 150 -8.90063 569.53 170
34 151 2.51061 562.118 170
34 152 13.4981 558.949 170
34 153 28.8244 554.527 170
34 154 43.1538 550.558 170
34 155 55.6022 548.522 170
34 156 69.2982 540.917 170
34 157 82.426 536.356 170
34 158 93.8936 525.891 170
34 159 109.906 515.359 170
34 160 119.091 508.563 170
34 161 135.393 500.643 170
34 162 148.053 498.21 170
34 163 162.075 493.651 170
34 164 174.662 484.457 170
34 165 188.378 478.204 170
34 166 202.283 468.779 170
34 167 216.128 463.316 170
34 168 231.096 457.347 170
34 169 244.835 454.213 170
34 170 259.212 450.115 170
34 171 274.58 445.674 170
34 172 291.135 440.37 170
34 173 305.292 433.581 170
34 174 318.874 424.77 170
34 175 332.889 416.628 170
34 176 347.8 408.072 170
34 177 363.815 397.028 170
34 178 375.212 393.867 170
34 179 388.228 386.715 170
34 180 400.469 379.426 170
34 181 412.371 368.11 170
34 182 426.762 356.408 170
34 183 437.412 347.995 170
34 184 449.498 338.311 170
34 185 463.136 329.198 170
34 186 477.499 323.872 170
34 187 489.662 318.162 170
34 188 502.507 310.518 170
34 189 514.42 298.826 170
34 190 528.284 288.798 170
34 191 539.157 276.693 170
34 192 550.539 266.932 170
34 193 561.3 254.531 170
34 194 571.054 250.47 170
34 195 581.337 242.822 170
34 196 590.144 233.455 170
34 197 599.716 224.768 170
34 198 607.1 212.918 170
34 199 616.471 202.827 170
34 200 623.801 190.308 170
34 201 632.502 181.648 170
34 202 643.032 169.806 170
34 203 651.439 163.551 170
34 204 659.681 157.021 170
34 205 665.639 147.896 170
34 206 675.035 140.681 170
34 207 678.975 130.859 170
34 208 685.584 122.148 170
34 209 690.29 113.842 170
34 210 696.348 106.192 170
34 211 701.222 98.8363 170
34 212 706.152 92.1183 170
34 213 709.782 85.057 170
34 214 713.451 74.1424 170
34 215 715.877 66.1858 170
34 216 718.86 56.9336 170
34 217 724.325 50.2769 170
34 218 727.983 42.3167 170
34 219 733.162 34.0484 170
34 220 737.813 25.027 170
34 221 741.402 15.4858 170
34 222 746.027 6.36656 170
34 223 748.719 -5.27323 170
34 224 752.409 -12.5454 170
34 225 755.967 -21.0441 170
34 226 759.648 -28.2982 170
34 227 763.624 -37.9879 170
34 228 764.646 -44.0831 170
34 229 768.135 -51.6579 170
34 230 769.241 -63.5006 170
34 231 770.293 -74.4405 170
34 232 773.625 -84.6809 170
34 233 776.038 -93.1106 170
34 234 779.49 -102.103 170
34 235 783.133 -109.261 170
34 236 789.353 -116.095 170
34 237 794.896 -122.822 170
34 238 798.326 -131.773 170
34 239 801.485 -143.125 170
34 240 803.954 -155.672 170
34 241 806.749 -165.188 170
34 242 809.326 -172.864 170
34 243 813.145 -181.764 170
34 244 816.329 -187.65 170
34 245 819.994 -194.114 170
34 246 822.433 -202.935 170
34 247 825.807 -210.626 170
34 248 826.755 -220.417 170
34 249 827.959 -229.853 170
34 250 830.381 -239.22 170
34 251 833.702 -245.943 170
34 252 838.571 -252.471 170
34 253 841.917 -258.427 170
34 254 845.609 -263.723 170
34 255 849.398 -268.812 170
34 256 853.583 -274.876 170
34 257 854.705 -282.536 170
34 258 858.529 -287.142 170
34 259 859.61 -296.482 170
34 260 863.429 -301.078 170
34 261 867.245 -305.672 170
34 262 868.466 -309.242 170
34 263 870.78 -312.601 170
34 264 874.044 -317.198 170
34 265 874.031 -321.856 170
34 266 875.654 -326.478 170
34 267 877.417 -329.932 170
34 268 876.856 -334.589 170
34 269 877.387 -339.221 170
34 270 878.197 -341.526 170
34 271 879.886 -345.551 170
34 272 881.855 -347.252 170
34 273 882.962 -350.231 170
34 274 883.331 -353.014 170
34 275 886.599 -352.955 170
34 276 886.035 -357.591 170
34 277 889.162 -358.691 170
34 278 889.827 -362.146 170
34 279 892.266 -364.413 170
34 280 895.154 -365.228 170
34 281 896.456 -370.111 170
34 282 899.84 -373.513 170
34 283 902.677 -376.922 170
34 284 905.327 -377.453 170
34 285 907.131 -380.165 170
34 286 907.805 -383.746 170
34 287 912.56 -384.115 170
34 288 914.721 -385.598 170
34 289 917.169 -387.042 170
34 290 919.203 -388.159 170
34 291 921.38 -388.123 170
34 292 921.38 -388.123 170
34 293 923.66 -387.717 170
34 294 925.883 -386.897 170
34 295 926.973 -386.879 170
34 296 926.428 -386.888 170
34 297 929.298 -385.689 170
34 298 930.427 -384.334 170
34 299 931.153 -383.931 170
34 300 932.716 -384.48 170
34 301 934.099 -382.152 170
34 302 934.099 -382.152 170
34 303 935.316 -381.832 170
34 304 936.827 -382.107 170
34 305 937.299 -382.675 170
34 306 937.624 -384.398 170
34 307 939.26 -384.371 170
34 308 938.966 -386.68 170
34 309 938.966 -386.68 170
34 310 938.671 -388.988 170
34 311 938.818 -387.834 170
34 312 939.069 -390.133 170
34 313 939.069 -390.133 170
34 314 938.774 -389.884 170
34 315 938.922 -391.286 170
34 316 938.996 -390.709 170
34 317 937.213 -391.889 170
34 318 938.23 -392.448 170
34 319 938.23 -392.448 170
34 320 938.23 -392.448 170
34 321 938.23 -392.448 170
34 322 937.853 -392.5 170
34 323 938.23 -392.448 170
34 324 938.23 -392.448 170
34 325 937.331 -392.497 170
34 326 937.066 -393.042 170
34 327 937.066 -393.042 170
34 328 937.066 -393.042 170
34 329 937.066 -393.042 170
34 330 937.412 -392.289 170
34 331 938.449 -392.007 170
34 332 937.306 -392.267 170
34 333 936.992 -393.618 170
34 334 936.992 -393.618 170
34 335 936.992 -393.618 170
34 336 936.992 -393.618 170
34 337 936.919 -394.195 170
34 338 936.845 -394.771 170
34 339 936.992 -393.618 170
34 340 936.992 -393.618 170
34 341 937.464 -394.186 170
34 342 937.464 -394.186 170
34 343 937.464 -394.186 170
34 344 937.464 -394.186 170
34 345 937.458 -393.381 170
34 346 937.228 -393.902 170
34 347 937.611 -393.033 170
34 348 937.458 -393.381 170
34 349 937.458 -393.381 170
34 350 937.428 -394.635 170
34 351 936.845 -394.771 170
34 352 936.845 -394.771 170
34 353 936.845 -394.771 170
34 354 936.845 -394.771 170
34 355 936.845 -394.771 170
34 356 936.845 -394.771 170
34 357 936.845 -394.771 170
34 358 937.066 -393.042 170
34 359 937.237 -394.431 170
34 360 937.066 -393.042 170
34 361 936.992 -393.618 170
34 362 936.919 -394.195 170
34 363 936.992 -393.618 170
34 364 936.884 -394.046 170
34 365 936.992 -393.618 170
34 366 937.537 -393.61 170
34 367 936.692 -394.44 170
34 368 938.23 -392.448 170
34 369 936.845 -394.771 170
34 370 936.992 -393.618 170
34 371 938.082 -393.601 170
34 372 936.992 -393.618 170
34 373 938.23 -392.448 170
34 374 936.608 -394.844 170
34 375 936.992 -393.618 170
34 376 936.845 -394.771 170
34 377 936.845 -394.771 170
34 378 935.756 -394.788 170
34 379 936.992 -393.618 170
34 380 936.992 -393.618 170
34 381 936.992 -393.618 170
34 382 937.537 -393.61 170
34 383 938.082 -393.601 170
34 384 938.009 -394.177 170
34 385 938.009 -394.177 170
34 386 938.009 -394.177 170
34 387 937.935 -394.753 170
34 388 938.554 -394.168 170
34 389 939.025 -394.735 170
34 390 938.319 -393.62 170
34 391 939.149 -392.491 170
34 392 939.282 -392.557 170
34 393 939.856 -391.213 170
34 394 938.23 -392.448 170
34 395 938.251 -390.319 170
34 396 939.762 -388.97 170
34 397 938.671 -388.988 170
34 398 938.775 -388.687 170
34 399 937.923 -388.885 170
34 400 939.909 -387.816 170
34 401 939.971 -386.053 170
34 402 939.898 -386.112 170
34 403 940.13 -386.085 170
34 404 939.909 -387.816 170
34 405 940.057 -386.662 170
34 406 939.614 -390.124 170
34 407 939.497 -390.621 170
34 408 939.32 -392.43 170
34 409 938.952 -395.311 170
34 410 939.821 -397.022 170
34 411 938.584 -398.191 170
34 412 938.363 -399.918 170
34 413 938.143 -401.644 170
34 414 937.42 -403.217 170
34 415 937.702 -405.095 170
34 416 935.922 -406.27 170
34 417 935.849 -406.845 170
34 418 936.173 -408.56 170
34 419 934.938 -409.726 170
34 420 935.828 -409.311 170
34 421 936.968 -410.84 170
34 422 936.968 -410.84 170
34 423 937.824 -411.366 170
34 424 937.909 -411.972 170
34 425 937.762 -413.12 170
34 426 938.85 -413.103 170
34 427 938.85 -413.103 170
34 428 938.85 -413.103 170
34 429 938.85 -413.103 170
34 430 938.85 -413.103 170
34 431 938.85 -413.103 170
34 432 939.938 -413.086 170
34 433 939.938 -413.086 170
34 434 939.938 -413.086 170
34 435 939.723 -412.139 170
34 436 939.938 -413.086 170
34 437 939.964 -411.699 170
34 438 941.321 -410.773 170
34 439 941.321 -410.773 170
34 440 941.321 -410.773 170
34 441 941.321 -410.773 170
34 442 942.63 -409.032 170
34 443 941.542 -409.05 170
34 444 940.942 -407.797 170
34 445 940.979 -407.59 170
34 446 940.527 -408.492 170
34 447 940.577 -408.354 170
34 448 940.527 -408.492 170
34 449 940.474 -407.885 170
34 450 941.071 -408.483 170
34 451 940.527 -408.492 170
34 452 941.839 -405.879 170
34 453 941.37 -405.129 170
34 454 939.806 -405.635 170
34 455 938.929 -404.594 170
34 456 938.964 -403.973 170
34 457 937.937 -405.378 170
34 458 935.451 -405.704 170
34 459 935.378 -406.279 170
34 460 932.682 -406.815 170
34 461 930.289 -407.104 170
35 37 867.848 572.434 170
35 38 867.697 571.042 170
35 39 867.102 571.007 170
35 40 866.507 570.971 170
35 41 865.686 568.849 170
35 42 865.913 570.936 170
35 43 865.366 570.251 170
35 44 864.572 569.474 170
35 45 862.412 565.891 170
35 46 862.562 567.281 170
35 47 862.519 567.096 170
35 48 860.629 565.785 170
35 49 859.809 563.665 170
35 50 858.915 560.852 170
35 51 859.273 562.419 170
35 52 855.053 557.866 170
35 53 851.642 559.043 170
35 54 850.456 558.973 170
35 55 848.083 558.833 170
35 56 845.266 560.046 170
35 57 841.115 559.801 170
35 58 838.829 561.574 170
35 59 832.965 560.698 170
35 60 829.971 565.255 170
35 61 825.483 562.323 170
35 62 821.299 571.726 170
35 63 816.448 570.478 170
35 64 810.904 572.632 170
35 65 805.091 575.598 170
35 66 800.197 577.325 170
35 67 794.867 580.414 170
35 68 789.713 581.894 170
35 69 783.319 581.198 170
35 70 778.244 589.187 170
35 71 773.376 587.509 170
35 72 770.452 593.557 170
35 73 764.02 593.859 170
35 74 758.953 593.689 170
35 75 747.942 591.499 170
35 76 743.037 595.349 170
35 77 736.55 594.954 170
35 78 729.61 595.914 170
35 79 723.867 599.353 170
35 80 717.045 599.295 170
35 81 709.194 602.965 170
35 82 703.075 603.494 170
35 83 695.203 603.489 170
35 84 688.403 605.838 170
35 85 678.541 606.614 170
35 86 672.167 610.29 170
35 87 665.411 609.954 170
35 88 658.617 612.301 170
35 89 652.54 611.653 170
35 90 644.546 611.43 170
35 91 638.033 612.791 170
35 92 628.39 613.194 170
35 93 623.405 613.438 170
35 94 614.471 613.713 170
35 95 606.521 615.983 170
35 96 598.23 614.086 170
35 97 589.12 616.282 170
35 98 581.65 617.198 170
35 99 575.349 618.186 170
35 100 569.271 621.951 170
35 101 559.951 621.368 170
35 102 555.741 620.573 170
35 103 545.089 622.668 170
35 104 539.161 622.785 170
35 105 531.709 621.229 170
35 106 522.826 615.46 170
35 107 516.264 617.255 170
35 108 505.831 616.603 170
35 109 500.14 617.624 170
35 110 493.181 616.701 170
35 111 485.585 619.368 170
35 112 477.196 618.941 170
35 113 469.57 617.831 170
35 114 461.022 617.927 170
35 115 450.541 617.713 170
35 116 445.548 620.12 170
35 117 438.143 619.242 170
35 118 429.773 620.159 170
35 119 421.673 621.643 170
35 120 414.15 620.482 170
35 121 407.252 620.048 170
35 122 400.271 618.235 170
35 123 391.396 616.938 170
35 124 383.506 612.96 170
35 125 374.782 612.518 170
35 126 367.829 610.712 170
35 127 359.34 608.075 170
35 128 352.201 608.288 170
35 129 345.925 610.161 170
35 130 337.208 612.899 170
35 131 329.538 611.213 170
35 132 321.523 608.695 170
35 133 312.698 608.652 170
35 134 304.643 606.972 170
35 135 294.681 603.4 170
35 136 288.01 604.025 170
35 137 279.916 602.476 170
35 138 272.041 602.404 170
35 139 265.24 602.921 170
35 140 257.806 601.094 170
35 141 250.513 602 170
35 142 243.59 598.844 170
35 143 235.758 595.582 170
35 144 227.448 591.04 170
35 145 221.509 587.91 170
35 146 214.491 585.622 170
35 147 208.064 585.088 170
35 148 200.776 585.314 170
35 149 195.772 586.36 170
35 150 190.971 589.217 170
35 151 183.791 588.382 170
35 152 178.728 587.673 170
35 153 172.503 587.489 170
35 154 166.615 585.905 170
35 155 159.369 588.271 170
35 156 151.022 587.643 170
35 157 145.472 588.652 170
35 158 138.803 589.59 170
35 159 132.748 591.92 170
35 160 127.01 595.285 170
35 161 121.005 596.251 170
35 162 115.603 596.263 170
35 163 108.847 594.486 170
35 164 102.013 593.492 170
35 165 94.5967 593.255 170
35 166 84.2003 590.238 170
35 167 78.6941 591.921 170
35 168 71.3379 592.032 170
35 169 65.3935 593.114 170
35 170 58.1887 593.228 170
35 171 49.8202 592.137 170
35 172 43.1528 591.719 170
35 173 34.3286 592.083 170
35 174 26.5024 590.675 170
35 175 18.7051 588.838 170
35 176 10.1246 589.774 170
35 177 0.658058 587.784 170
35 178 -6.54582 586.717 170
35 179 -14.0728 586.681 170
35 180 -20.818 587.371 170
35 181 -26.4279 586.444 170
35 182 -34.7623 586.713 170
35 183 -42.2886 584.811 170
35 184 -48.7388 581.925 170
35 185 -55.3126 578.551 170
35 186 -64.2417 575.591 170
35 187 -72.2771 571.686 170
35 188 -79.1211 568.896 170
35 189 -86.619 565.165 170
35 190 -93.403 565.161 170
35 191 -101.032 559.625 170
35 192 -109.429 556.748 170
35 193 -117.372 552.722 170
35 194 -125.736 548.176 170
35 195 -132.764 545.125 170
35 196 -138.463 542.411 170
35 197 -144.491 539.964 170
35 198 -152.168 532.865 170
35 199 -158.164 529.852 170
35 200 -165.273 522.807 170
35 201 -171.795 519.772 170
35 202 -179.406 514.694 170
35 203 -183.823 510.579 170
35 204 -190.556 509.646 170
35 205 -197.83 503.714 170
35 206 -204.348 495.942 170
35 207 -211.905 488.434 170
35 208 -217.291 485.497 170
35 209 -222.57 480.997 170
35 210 -230.204 475.582 170
35 211 -234.501 471.413 170
35 212 -240.402 465.852 170
35 213 -247.365 457.634 170
35 214 -253.778 453.363 170
35 215 -259.115 449.16 170
35 216 -264.807 442.9 170
35 217 -269.772 442.065 170
35 218 -274.851 435.683 170
35 219 -280.397 432.398 170
35 220 -286.759 426.869 170
35 221 -290.504 419.365 170
35 222 -296.516 415.859 170
35 223 -301.579 407.824 170
35 224 -306.804 402.564 170
35 225 -312.591 397.11 170
35 226 -317.313 391.722 170
35 227 -321.502 386.371 170
35 228 -326.315 382.364 170
35 229 -331.248 375.31 170
35 230 -338.495 368.271 170
35 231 -340.49 362.88 170
35 232 -344.454 359.615 170
35 233 -350.715 355.469 170
35 234 -354.846 348.901 170
35 235 -361.043 342.294 170
35 236 -365.814 335.314 170
35 237 -369.839 331.653 170
35 238 -373.957 326.387 170
35 239 -378.977 321.221 170
35 240 -383.216 315.824 170
35 241 -386.763 308.093 170
35 242 -390.336 302.886 170
35 243 -395.428 295.101 170
35 244 -398.391 290.873 170
35 245 -402.046 286.004 170
35 246 -407.956 279.68 170
35 247 -412.252 275.503 170
35 248 -415.753 267.849 170
35 249 -420.068 262.97 170
35 250 -425.356 254.942 170
35 251 -428.343 248.591 170
35 252 -432.397 244.678 170
35 253 -435.624 235.639 170
35 254 -439.865 230.711 170
35 255 -442.866 226.248 170
35 256 -446.306 218.071 170
35 257 -448.238 211.825 170
35 258 -451.215 206.769 170
35 259 -453.117 199.313 170
35 260 -458.106 192.955 170
35 261 -461.07 187.923 170
35 262 -464.982 182.027 170
35 263 -467.953 175.392 170
35 264 -472.941 170.292 170
35 265 -474.762 160.469 170
35 266 -478.692 154.22 170
35 267 -480.586 148.068 170
35 268 -484.027 143.07 170
35 269 -486.375 137.096 170
35 270 -488.987 131.294 170
35 271 -491.185 124.022 170
35 272 -494.794 118.358 170
35 273 -495.905 109.969 170
35 274 -499.795 103.797 170
35 275 -501.509 99.6444 170
35 276 -503.498 90.4506 170
35 277 -507.402 85.5043 170
35 278 -510.328 81.7989 170
35 279 -511.178 75.7915 170
35 280 -514.977 67.2916 170
35 281 -518.759 61.8746 170
35 282 -522.679 55.0908 170
35 283 -526.488 47.8197 170
35 284 -528.357 43.0051 170
35 285 -529.192 37.0517 170
35 286 -532.488 29.8314 170
35 287 -533.817 23.8772 170
35 288 -538.598 16.6245 170
35 289 -540.351 8.32037 170
35 290 -542.203 3.55114 170
35 291 -544.515 -2.40252 170
35 292 -547.782 -9.5536 170
35 293 -549.661 -13.1332 170
35 294 -555.432 -19.1854 170
35 295 -557.234 -25.0881 170
35 296 -560.974 -32.2154 170
35 297 -565.389 -39.6695 170
35 298 -569.051 -44.7728 170
35 299 -571.244 -51.1695 170
35 300 -574.013 -57.0594 170
35 301 -576.815 -61.7846 170
35 302 -580.482 -69.9994 170
35 303 -582.293 -74.6769 170
35 304 -585.968 -82.2901 170
35 305 -589.695 -88.1656 170
35 306 -591.537 -91.674 170
35 307 -596.254 -96.9927 170
35 308 -599.966 -102.845 170
35 309 -601.944 -106.401 170
35 310 -605.337 -111.889 170
35 311 -610.217 -116.895 170
35 312 -614.883 -122.746 170
35 313 -617.295 -129.725 170
35 314 -621.759 -134.345 170
35 315 -623.974 -140.096 170
35 316 -626.715 -144.719 170
35 317 -630.336 -151.629 170
35 318 -632.099 -156.21 170
35 319 -634.256 -163.058 170
35 320 -637.907 -168.808 170
35 321 -640.949 -173.169 170
35 322 -644.73 -179.707 170
35 323 -647.636 -183.399 170
35 324 -651.144 -188.318 170
35 325 -655.251 -194.042 170
35 326 -659.351 -199.758 170
35 327 -663.012 -204.334 170
35 328 -666.93 -210.173 170
35 329 -671.182 -215.723 170
35 330 -674.563 -219.257 170
35 331 -677.028 -224.79 170
35 332 -680.111 -230.988 170
35 333 -683.692 -236.633 170
35 334 -686.549 -241.864 170
35 335 -687.97 -248.725 170
35 336 -690.058 -254.518 170
35 337 -692.115 -261.748 170
35 338 -694.997 -266.505 170
35 339 -697.476 -269.595 170
35 340 -700.975 -276.282 170
35 341 -703.906 -281.242 170
35 342 -706.16 -287.387 170
35 343 -709.274 -291.843 170
35 344 -713.647 -299.605 170
35 345 -716.278 -304.036 170
35 346 -720.664 -311.228 170
35 347 -723.777 -314.892 170
35 348 -726.768 -321.707 170
35 349 -729.909 -325.036 170
35 350 -733.326 -332.167 170
35 351 -735.545 -334.925 170
35 352 -737.241 -343.128 170
35 353 -739.173 -346.911 170
35 354 -740.14 -355.573 170
35 355 -743.722 -359.236 170
35 356 -743.506 -363.188 170
35 357 -744.439 -372.354 170
35 358 -745.178 -376.871 170
35 359 -747.031 -384.89 170
35 360 -749.765 -387.276 170
35 361 -752.703 -393.421 170
35 362 -755.193 -399.345 170
35 363 -756.172 -402.63 170
35 364 -758.85 -409.545 170
35 365 -761.009 -412.778 170
35 366 -762.527 -419.189 170
35 367 -765.438 -425.612 170
35 368 -767.531 -429.891 170
35 369 -768.967 -436.453 170
35 370 -771.308 -440.65 170
35 371 -774.576 -445.352 170
35 372 -777.527 -450.677 170
35 373 -780.099 -454.408 170
35 374 -782.519 -460.765 170
35 375 -783.224 -462.259 170
35 376 -783.951 -468.149 170
35 377 -786.929 -472.067 170
35 378 -786.646 -477.635 170
35 379 -788.382 -482.794 170
35 380 -788.814 -488.139 170
35 381 -790.877 -492.348 170
35 382 -790.996 -495.066 170
35 383 -792.296 -499.676 170
35 384 -794.354 -503.873 170
35 385 -794.715 -508.201 170
35 386 -798.127 -510.168 170
35 387 -798.986 -513.694 170
35 388 -801.315 -516.975 170
35 389 -801.615 -521.62 170
35 390 -804.611 -524.787 170
35 391 -805.343 -527.906 170
35 392 -806.928 -532.066 170
35 393 -807.721 -534.145 170
35 394 -809.272 -538.815 170
35 395 -810.978 -540.899 170
35 396 -812.256 -542.462 170
35 397 -813.264 -545.466 170
35 398 -814.354 -545.58 170
35 399 -816.056 -547.66 170
35 400 -817.883 -547.679 170
35 401 -820.08 -550.588 170
35 402 -820.36 -552.27 170
35 403 -820.618 -552.241 170
35 404 -821.942 -555.96 170
35 405 -822.808 -556.915 170
35 406 -825.526 -557.024 170
35 407 -827.453 -556.837 170
35 408 -828.863 -558.147 170
35 409 -831.777 -559.141 170
35 410 -832.168 -560.173 170
35 411 -834.516 -560.504 170
35 412 -835.226 -562.257 170
35 413 -837.312 -565.017 170
35 414 -838.98 -564.089 170
35 415 -838.996 -567.423 170
35 416 -841.737 -568.679 170
35 417 -841.204 -568.469 170
35 418 -842.722 -571.762 170
35 419 -844.011 -570.801 170
35 420 -843.604 -573.614 170
35 421 -843.084 -574.633 170
35 422 -843.992 -574.641 170
35 423 -843.615 -576.275 170
35 424 -843.79 -576.379 170
35 425 -843.837 -576.891 170
35 426 -842.855 -578.212 170
35 427 -841.395 -579.734 170
35 428 -841.476 -580.971 170
35 429 -840.383 -581.586 170
35 430 -839.352 -583.294 170
35 431 -838.632 -583.186 170
35 432 -837.88 -583.588 170
35 433 -837.504 -583.789 170
35 434 -836.531 -584.803 170
35 435 -837.504 -583.789 170
35 436 -836.596 -583.781 170
35 437 -837.095 -584.501 170
35 438 -837.439 -584.81 170
35 439 -836.531 -584.803 170
35 440 -838.347 -584.818 170
35 441 -838.347 -584.818 170
35 442 -838.347 -584.818 170
35 443 -837.893 -584.814 170
35 444 -837.439 -584.81 170
35 445 -837.893 -584.814 170
35 446 -837.893 -584.814 170
35 447 -837.893 -584.814 170
35 448 -837.893 -584.814 170
35 449 -837.893 -584.814 170
35 450 -837.851 -584.466 170
35 451 -837.822 -585.11 170
35 452 -837.65 -585.068 170
35 453 -838.282 -585.839 170
35 454 -837.584 -584.842 170
35 455 -838.273 -585.543 170
35 456 -837.893 -584.814 170
35 457 -837.893 -584.814 170
35 458 -838.217 -586.86 170
35 459 -838.217 -586.86 170
35 460 -837.763 -586.856 170
35 461 -838.671 -586.864 170
36 37 -832.388 560.496 170
36 38 -832.576 560.602 170
36 39 -832.203 560.275 170
36 40 -831.684 560.786 170
36 41 -829.444 558.407 170
36 42 -829.166 559.172 170
36 43 -828.621 558.556 170
36 44 -828.383 557.824 170
36 45 -828.073 556.869 170
36 46 -827.56 556.901 170
36 47 -827.409 556.899 170
36 48 -824.921 555.86 170
36 49 -824.169 557.236 170
36 50 -821.708 553.374 170
36 51 -818.959 552.611 170
36 52 -820.78 550.509 170
36 53 -819.242 550.606 170
36 54 -814.698 546.478 170
36 55 -815.31 549.231 170
36 56 -811.363 543.333 170
36 57 -810.342 538.19 170
36 58 -806.405 536.849 170
36 59 -804.097 532.079 170
36 60 -803.107 532.145 170
36 61 -799.931 527.597 170
36 62 -797.292 524.76 170
36 63 -795.342 521.572 170
36 64 -794.137 521.269 170
36 65 -791.833 518.634 170
36 66 -790.029 515.326 170
36 67 -787.705 514.72 170
36 68 -784.843 512.936 170
36 69 -780.414 506.427 170
36 70 -780.616 505.589 170
36 71 -775.447 499.641 170
36 72 -774.456 500.346 170
36 73 -773.376 498.997 170
36 74 -772.214 498.774 170
36 75 -763.23 488.384 170
36 76 -756.538 484.543 170
36 77 -751.749 482.221 170
36 78 -747.713 478.807 170
36 79 -746 477.043 170
36 80 -740.131 471.86 170
36 81 -737.254 470.575 170
36 82 -735.387 467.993 170
36 83 -731.497 463.006 170
36 84 -725.757 457.467 170
36 85 -723.466 452.308 170
36 86 -720.469 446.894 170
36 87 -717.083 441.934 170
36 88 -714.173 436.316 170
36 89 -709.47 428.625 170
36 90 -707.281 427.122 170
36 91 -702.602 422.165 170
36 92 -699.519 416.131 170
36 93 -696.718 412.505 170
36 94 -694.391 405.372 170
36 95 -691.11 401.476 170
36 96 -688.321 395.864 170
36 97 -683.877 390.77 170
36 98 -679.237 381.143 170
36 99 -675.895 375.801 170
36 100 -673.269 372.379 170
36 101 -669.95 366.26 170
36 102 -666.788 363.914 170
36 103 -666.483 356.385 170
36 104 -663.902 351.672 170
36 105 -661.901 344.078 170
36 106 -660.582 336.631 170
36 107 -658.36 329.771 170
36 108 -656.948 321.957 170
36 109 -655.751 314.89 170
36 110 -654.368 305.659 170
36 111 -653.662 298.111 170
36 112 -651.741 293.454 170
36 113 -652.365 288.663 170
36 114 -650.192 279.895 170
36 115 -647.973 275.055 170
36 116 -647.13 266.446 170
36 117 -645.277 257.9 170
36 118 -644.027 251.8 170
36 119 -640.664 243.35 170
36 120 -638.316 234.864 170
36 121 -636.017 227.614 170
36 122 -635.164 218.47 170
36 123 -631.383 211.922 170
36 124 -629.441 203.477 170
36 125 -629.472 196.508 170
36 126 -627.496 188.937 170
36 127 -624.433 181.595 170
36 128 -622.087 172.597 170
36 129 -620.112 166.207 170
36 130 -620.259 156.521 170
36 131 -619.811 149.776 170
36 132 -616.734 139.465 170
36 133 -616.612 132.262 170
36 134 -614.958 121.217 170
36 135 -613.024 116.2 170
36 136 -610.744 109.884 170
36 137 -608.336 101.864 170
36 138 -606.303 96.1339 170
36 139 -603.232 87.0101 170
36 140 -602.048 78.9113 170
36 141 -598.101 68.7673 170
36 142 -594.978 60.3467 170
36 143 -592.673 55.9276 170
36 144 -589.227 49.8427 170
36 145 -587.344 43.3608 170
36 146 -584.811 37.0057 170
36 147 -581.812 29.1539 170
36 148 -578.637 23.3807 170
36 149 -576.293 13.1352 170
36 150 -574.474 8.54327 170
36 151 -571.221 1.61505 170
36 152 -569.428 -4.13091 170
36 153 -564.531 -13.6629 170
36 154 -562.329 -20.5973 170
36 155 -558.04 -24.6494 170
36 156 -554.269 -32.8567 170
36 157 -551.601 -39.1699 170
36 158 -548.882 -47.2181 170
36 159 -546.76 -51.3236 170
36 160 -542.368 -58.3176 170
36 161 -537.966 -65.4957 170
36 162 -535.661 -71.344 170
36 163 -533.42 -77.1236 170
36 164 -528.885 -84.85 170
36 165 -526.141 -92.9109 170
36 166 -522.863 -101.574 170
36 167 -519.144 -107.022 170
36 168 -518.732 -112.016 170
36 169 -514.916 -120.132 170
36 170 -507.683 -125.494 170
36 171 -502.9 -131.429 170
36 172 -502.512 -135.064 170
36 173 -494.328 -148.193 170
36 174 -490.949 -150.763 170
36 175 -487.86 -156.871 170
36 176 -483.316 -165.569 170
36 177 -478.511 -171.399 170
36 178 -472.818 -177.539 170
36 179 -468.109 -183.362 170
36 180 -461.137 -190.476 170
36 181 -457.031 -198.848 170
36 182 -451.05 -203.207 170
36 183 -445.214 -207.828 170
36 184 -441.575 -215.198 170
36 185 -435.938 -223.105 170
36 186 -431.442 -227.49 170
36 187 -424.236 -232.647 170
36 188 -420.403 -238.705 170
36 189 -418.045 -245.275 170
36 190 -410.92 -251.667 170
36 191 -407.801 -262.776 170
36 192 -400.675 -267.523 170
36 193 -394.123 -276.049 170
36 194 -387.449 -281.268 170
36 195 -383.947 -286.754 170
36 196 -377.988 -293.293 170
36 197 -370.579 -298.685 170
36 198 -364.343 -304.543 170
36 199 -357.217 -311.707 170
36 200 -350.797 -320.208 170
36 201 -343.821 -327.416 170
36 202 -336.133 -333.798 170
36 203 -329.091 -339.637 170
36 204 -321.892 -344.796 170
36 205 -315.78 -351.725 170
36 206 -309.879 -357.112 170
36 207 -302.981 -366.869 170
36 208 -296.107 -373.325 170
36 209 -288.546 -379.467 170
36 210 -282.379 -385.127 170
36 211 -273.565 -390.988 170
36 212 -266.421 -394.581 170
36 213 -260.842 -400.602 170
36 214 -253.016 -402.108 170
36 215 -248.429 -405.895 170
36 216 -242.429 -412.316 170
36 217 -238.358 -417.13 170
36 218 -228.589 -422.961 170
36 219 -221.257 -425.565 170
36 220 -214.912 -429.815 170
36 221 -209.053 -432.985 170
36 222 -202.215 -436.14 170
36 223 -195.502 -440.425 170
36 224 -189.532 -444.091 170
36 225 -182.705 -448.329 170
36 226 -176.37 -452.573 170
36 227 -168.557 -455.711 170
36 228 -163.179 -457.26 170
36 229 -155.856 -460.405 170
36 230 -150.082 -462.62 170
36 231 -144.658 -467.825 170
36 232 -134.127 -469.575 170
36 233 -128.106 -471.743 170
36 234 -120.206 -475.064 170
36 235 -112.373 -477.123 170
36 236 -103.063 -479.162 170
36 237 -95.2262 -481.221 170
36 238 -87.8599 -482.207 170
36 239 -79.7443 -484.393 170
36 240 -72.1845 -486.869 170
36 241 -63.9545 -488.472 170
36 242 -56.4793 -490.452 170
36 243 -49.1468 -493.602 170
36 244 -42.2169 -497.08 170
36 245 -32.9529 -501.619 170
36 246 -23.6943 -507.107 170
36 247 -16.4212 -512.455 170
36 248 -8.61526 -512.537 170
36 249 0.724443 -514.586 170
36 250 8.08766 -516.657 170
36 251 16.753 -518.284 170
36 252 24.8011 -520.78 170
36 253 31.6407 -523.936 170
36 254 39.9676 -527.076 170
36 255 49.3233 -529.129 170
36 256 58.091 -531.652 170
36 257 67.4924 -534.857 170
36 258 76.916 -535.297 170
36 259 84.7145 -539.522 170
36 260 88.5326 -543.785 170
36 261 99.3533 -546.903 170
36 262 107.148 -551.125 170
36 263 115.006 -553.735 170
36 264 123.817 -557.411 170
36 265 134.283 -557.313 170
36 266 142.624 -560.457 170
36 267 151.606 -560.375 170
36 268 160.499 -562.442 170
36 269 167.691 -564.633 170
36 270 176.294 -566.596 170
36 271 184.144 -569.749 170
36 272 192.532 -571.093 170
36 273 201.73 -572.13 170
36 274 211.076 -573.532 170
36 275 219.441 -574.814 170
36 276 226.854 -576.9 170
36 277 235.688 -580.585 170
36 278 243.502 -582.743 170
36 279 251.497 -585.287 170
36 280 259.982 -586.293 170
36 281 270.362 -589.431 170
36 282 279.485 -588.286 170
36 283 287.52 -588.996 170
36 284 295.011 -589.776 170
36 285 303.488 -591.322 170
36 286 310.554 -591.267 170
36 287 319.578 -592.273 170
36 288 328.642 -592.741 170
36 289 336.77 -592.141 170
36 290 344.799 -593.156 170
36 291 353.374 -593.629 170
36 292 360.833 -595.725 170
36 293 371.373 -597.261 170
36 294 379.927 -598.274 170
36 295 387.977 -599.291 170
36 296 397.163 -598.686 170
36 297 405.771 -599.161 170
36 298 413.407 -599.105 170
36 299 421.557 -599.046 170
36 300 429.059 -599.282 170
36 301 435.793 -599.481 170
36 302 443.835 -601.041 170
36 303 451.068 -599.91 170
36 304 460.183 -600.923 170
36 305 467.94 -599.787 170
36 306 475.488 -601.353 170
36 307 483.17 -601.298 170
36 308 490.672 -603.006 170
36 309 498.13 -603.288 170
36 310 505.8 -606.13 170
36 311 513.631 -604.865 170
36 312 521.504 -605.502 170
36 313 528.58 -604.219 170
36 314 536.763 -604.703 170
36 315 544.017 -604.11 170
36 316 551.181 -604.602 170
36 317 556.383 -604.023 170
36 318 564.017 -602.463 170
36 319 570.04 -601.216 170
36 320 578.403 -600.071 170
36 321 585.741 -598.932 170
36 322 591.848 -599.974 170
36 323 597.54 -599.933 170
36 324 604.081 -599.94 170
36 325 611.526 -599.832 170
36 326 618.525 -602.5 170
36 327 626.253 -602.988 170
36 328 633.053 -602.397 170
36 329 642.043 -600.701 170
36 330 647.761 -600.66 170
36 331 654.522 -600.611 170
36 332 661.179 -601.653 170
36 333 668.839 -602.677 170
36 334 673.678 -601.564 170
36 335 682.019 -601.505 170
36 336 688.279 -601.46 170
36 337 695.179 -600.32 170
36 338 701.332 -601.367 170
36 339 706.035 -601.334 170
36 340 713.123 -603.466 170
36 341 719.341 -603.968 170
36 342 725.097 -603.928 170
36 343 729.926 -602.802 170
36 344 737.2 -603.297 170
36 345 741.512 -602.174 170
36 346 747.625 -603.77 170
36 347 751.47 -602.836 170
36 348 755.959 -604.259 170
36 349 761.794 -603.671 170
36 350 766.986 -604.182 170
36 351 771.899 -602.507 170
36 352 776.105 -602.477 170
36 353 780.375 -601.9 170
36 354 784.585 -601.87 170
36 355 788.796 -601.84 170
36 356 792.945 -602.359 170
36 357 793.999 -602.351 170
36 358 797.538 -599.039 170
36 359 799.583 -599.573 170
36 360 801.926 -596.442 170
36 361 804.042 -596.733 170
36 362 806.005 -596.895 170
36 363 806.722 -595.99 170
36 364 807.22 -597.325 170
36 365 810.776 -596.037 170
36 366 812.824 -595.846 170
36 367 815.263 -595.828 170
36 368 818.561 -594.706 170
36 369 820.689 -598.072 170
36 370 822.132 -596.119 170
36 371 825.043 -598.293 170
36 372 827.287 -597.179 170
36 373 831.647 -596.049 170
36 374 832.862 -598.445 170
36 375 837.763 -595.73 170
36 376 839.054 -596.874 170
36 377 840.488 -595.929 170
36 378 842.516 -595.244 170
36 379 842.994 -595.318 170
36 380 844.412 -595.406 170
36 381 845.075 -595.346 170
36 382 845.246 -595.51 170
36 383 846.037 -595.526 170
36 384 845.896 -595.824 170
36 385 846.331 -597.041 170
36 386 846.311 -595.887 170
36 387 845.14 -598.148 170
36 388 846.199 -596.382 170
36 389 845.08 -598.291 170
36 390 845.537 -599.244 170
36 391 846.596 -599.236 170
36 392 845.832 -600.658 170
36 393 846.596 -598.357 170
36 394 847.059 -599.782 170
36 395 846.861 -600.98 170
36 396 847.654 -600.107 170
36 397 846.86 -601.43 170
36 398 847.456 -599.998 170
36 399 846.331 -601.434 170
36 400 847.967 -600.665 170
36 401 847.273 -601.34 170
36 402 846.794 -601.98 170
36 403 847.083 -601.594 170
36 404 845.933 -603.852 170
36 405 845.07 -603.21 170
36 406 845.415 -603.767 170
36 407 844.36 -604.016 170
36 408 844.29 -604.159 170
36 409 844.282 -604.927 170
36 410 844.81 -605.285 170
36 411 844.81 -605.285 170
36 412 843.421 -605.405 170
36 413 844.158 -604.994 170
36 414 844.524 -605.112 170
36 415 844.876 -604.737 170
36 416 844.214 -604.96 170
36 417 845.653 -603.985 170
36 418 845.808 -604.192 170
36 419 845.616 -604.117 170
36 420 845.801 -603.194 170
36 421 846.86 -603.186 170
36 422 847.078 -602.603 170
36 423 847.11 -602.691 170
36 424 847.913 -601.115 170
36 425 847.687 -601.15 170
36 426 848.396 -600.881 170
36 427 848.58 -600.32 170
36 428 848.396 -600.881 170
36 429 848.58 -600.32 170
36 430 848.878 -600.043 170
36 431 848.878 -600.043 170
36 432 849.11 -600.316 170
36 433 848.647 -599.77 170
36 434 848.664 -599.979 170
36 435 848.664 -599.979 170
36 436 848.886 -600.153 170
36 437 848.97 -599.812 170
36 438 849.243 -599.217 170
36 439 848.573 -598.717 170
36 440 849.019 -599.054 170
36 441 848.762 -598.462 170
36 442 849.541 -598.94 170
36 443 848.889 -598.901 170
36 444 848.889 -598.901 170
36 445 848.58 -600.32 170
36 446 848.051 -600.324 170
36 447 848.051 -600.324 170
36 448 848.051 -600.324 170
36 449 847.654 -599.228 170
36 450 847.257 -598.133 170
36 451 846.596 -599.236 170
36 452 847.257 -598.133 170
36 453 846.728 -599.015 170
36 454 846.997 -598.98 170
36 455 845.934 -600.339 170
36 456 845.934 -600.339 170
36 457 845.934 -600.339 170
36 458 845.471 -599.793 170
36 459 844.941 -599.797 170
36 460 845.272 -601.442 170
36 461 845.272 -601.442 170
37 37 575.595 839.699 170
37 38 574.269 840.898 170
37 39 574.099 838.727 170
37 40 571.278 838.191 170
37 41 569.817 837.344 170
37 42 569.286 837.66 170
37 43 565.876 833.333 170
37 44 564.721 831.846 170
37 45 563.265 828.604 170
37 46 560.89 828.433 170
37 47 559.729 825.623 170
37 48 555.85 821.969 170
37 49 553.275 819.612 170
37 50 550.407 814.781 170
37 51 549.333 816.136 170
37 52 545.825 808.733 170
37 53 543.35 807.128 170
37 54 539.27 803.258 170
37 55 535.715 799.447 170
37 56 531.795 797.463 170
37 57 529.064 793.285 170
37 58 525.837 791.402 170
37 59 524.344 788.671 170
37 60 520.596 785.562 170
37 61 517.441 782.497 170
37 62 513.006 777.925 170
37 63 508.382 773.736 170
37 64 503.341 767.59 170
37 65 498.764 767.006 170
37 66 495.14 765.339 170
37 67 490.713 763.997 170
37 68 485.939 759.043 170
37 69 481.053 755.879 170
37 70 479.484 750.124 170
37 71 474.704 748.385 170
37 72 471.775 739.729 170
37 73 468.488 738.449 170
37 74 465.447 732.263 170
37 75 458.938 721.992 170
37 76 455.833 718.978 170
37 77 453.128 713.968 170
37 78 448.406 708.537 170
37 79 447.318 704.409 170
37 80 444.852 702.149 170
37 81 441.039 697.009 170
37 82 438.531 694.052 170
37 83 435.283 688.098 170
37 84 432.084 683.874 170
37 85 428.242 678.058 170
37 86 423.203 671.478 170
37 87 420.392 666.847 170
37 88 415.772 663.367 170
37 89 411.158 658.831 170
37 90 408.224 653.19 170
37 91 404.199 649.834 170
37 92 400.738 643.73 170
37 93 395.917 639.974 170
37 94 392.494 633.958 170
37 95 389.521 629.238 170
37 96 386.754 621.503 170
37 97 382.972 615.775 170
37 98 380.995 610.18 170
37 99 378.383 604.252 170
37 100 375.03 598.252 170
37 101 372.44 592.21 170
37 102 370.489 591.012 170
37 103 366.094 581.918 170
37 104 363.648 579.044 170
37 105 360.752 575.08 170
37 106 356.32 570.436 170
37 107 353.72 564.846 170
37 108 349.337 557.799 170
37 109 345.768 554.875 170
37 110 339.329 549.815 170
37 111 334.791 545.436 170
37 112 332.165 544.59 170
37 113 327.792 539.198 170
37 114 324.905 536.058 170
37 115 320.301 534.437 170
37 116 317.812 530.248 170
37 117 313.064 525.929 170
37 118 309.229 517.638 170
37 119 304.421 511.988 170
37 120 301.873 506.476 170
37 121 298.239 501.578 170
37 122 295.662 495.41 170
37 123 293.268 492.599 170
37 124 289.609 487.049 170
37 125 286.588 482.875 170
37 126 282.518 479.977 170
37 127 279.307 476.332 170
37 128 275.163 467.586 170
37 129 272.716 463.464 170
37 130 267.441 458.524 170
37 131 262.611 454.304 170
37 132 257.437 448.032 170
37 133 252.841 445.132 170
37 134 247.068 440.849 170
37 135 243.064 437.832 170
37 136 237.899 435.065 170
37 137 236.626 431.699 170
37 138 233.067 426.894 170
37 139 229.607 424.073 170
37 140 223.224 418.395 170
37 141 218.996 410.362 170
37 142 217.581 403.732 170
37 143 212.386 398.873 170
37 144 210.515 394.196 170
37 145 208.063 388.84 170
37 146 205.644 384.145 170
37 147 202.095 378.743 170
37 148 198.726 377.264 170
37 149 195.156 371.221 170
37 150 190.576 367.083 170
37 151 187.595 361.733 170
37 152 183.462 355.036 170
37 153 179.996 350.972 170
37 154 174.284 345.504 170
37 155 168.904 341.485 170
37 156 164.09 337.234 170
37 157 158.975 332.461 170
37 158 157.148 327.859 170
37 159 151.576 325.005 170
37 160 148.246 323.552 170
37 161 144.819 319.06 170
37 162 140.196 312.871 170
37 163 136.774 308.854 170
37 164 134.099 302.995 170
37 165 129.794 296.986 170
37 166 125.248 291.651 170
37 167 124.476 289.023 170
37 168 120.566 282.492 170
37 169 118.252 278.558 170
37 170 115.988 275.902 170
37 171 111.464 270.597 170
37 172 109.389 269.123 170
37 173 107.155 264.775 170
37 174 104.059 260.086 170
37 175 100.601 253.022 170
37 176 95.5489 248.285 170
37 177 93.2574 244.385 170
37 178 89.351 240.413 170
37 179 86.5262 236.496 170
37 180 84.264 233.238 170
37 181 80.4005 231.826 170
37 182 79.7666 227.362 170
37 183 76.4559 224.693 170
37 184 75.2552 220.865 170
37 185 71.949 218.201 170
37 186 70.7718 215.007 170
37 187 70.6275 210.608 170
37 188 69.6135 207.124 170
37 189 68.236 202.979 170
37 190 69.2259 200.518 170
37 191 65.4482 197.861 170
37 192 66.8382 192.906 170
37 193 64.0808 190.285 170
37 194 61.27 186.932 170
37 195 61.1658 182.668 170
37 196 58.9087 178.829 170
37 197 56.6538 174.995 170
37 198 54.44 172.409 170
37 199 52.2278 169.826 170
37 200 49.9787 166 170
37 201 48.8413 165.028 170
37 202 48.7976 162.223 170
37 203 45.9953 160.373 170
37 204 46.3836 158.11 170
37 205 43.2819 155.785 170
37 206 42.129 153.163 170
37 207 42.0303 149.537 170
37 208 38.8022 148.163 170
37 209 36.6023 145.596 170
37 210 36.5657 144.358 170
37 211 34.4039 143.031 170
37 212 30.9876 140.478 170
37 213 30.791 139.912 170
37 214 26.9703 136.459 170
37 215 24.6352 135.213 170
37 216 23.5396 133.934 170
37 217 20.3587 133.802 170
37 218 17.0763 129.968 170
37 219 13.9322 131.07 170
37 220 12.3266 130.387 170
37 221 9.38656 130.01 170
37 222 9.1003 128.407 170
37 223 6.10587 126.723 170
37 224 5.54529 123.915 170
37 225 4.17551 122.052 170
37 226 3.58202 119.569 170
37 227 2.95655 115.858 170
37 228 2.85967 112.171 170
37 229 2.7951 109.715 170
37 230 3.29073 108.509 170
37 231 2.66607 104.807 170
37 232 2.83925 103.776 170
37 233 2.53716 99.9027 170
37 234 0.970875 96.4145 170
37 235 0.299994 94.9202 170
37 236 -0.8635 91.475 170
37 237 -1.96622 88.721 170
37 238 -3.60885 86.2146 170
37 239 -5.25033 83.7102 170
37 240 -8.43802 82.3657 170
37 241 -11.2739 79.4711 170
37 242 -12.7358 78.5419 170
37 243 -14.9428 74.1948 170
37 244 -19.0739 72.5966 170
37 245 -19.7718 69.751 170
37 246 -23.5601 64.7457 170
37 247 -23.6177 62.3158 170
37 248 -24.7521 58.633 170
37 249 -27.6973 55.7935 170
37 250 -29.1679 48.7753 170
37 251 -29.7472 46.334 170
37 252 -30.8769 42.6649 170
37 253 -32.5283 38.9794 170
37 254 -35.1681 37.6741 170
37 255 -36.8706 31.5801 170
37 256 -40.2563 31.7566 170
37 257 -44.3066 25.2845 170
37 258 -48.5274 22.7241 170
37 259 -51.7536 17.7985 170
37 260 -57.007 15.2065 170
37 261 -61.2155 12.6547 170
37 262 -64.4286 7.74315 170
37 263 -68.6064 6.39568 170
37 264 -71.4178 2.57447 170
37 265 -77.0201 0.11196 170
37 266 -77.7341 -4.93317 170
37 267 -80.8423 -10.7727 170
37 268 -82.9555 -13.232 170
37 269 -86.1432 -18.1095 170
37 270 -87.2601 -22.9095 170
37 271 -88.9332 -30.1003 170
37 272 -93.6386 -33.8223 170
37 273 -95.3983 -34.8575 170
37 274 -98.3771 -39.9122 170
37 275 -99.4078 -39.9469 170
37 276 -101.802 -45.4267 170
37 277 -103.641 -47.1933 170
37 278 -105.792 -53.1764 170
37 279 -107.903 -56.7894 170
37 280 -109.003 -61.5453 170
37 281 -111.513 -63.9453 170
37 282 -114.156 -67.8082 170
37 283 -115.419 -72.1195 170
37 284 -117.439 -77.1228 170
37 285 -116.788 -81.6835 170
37 286 -120.662 -87.7901 170
37 287 -120.711 -91.3077 170
37 288 -120.826 -99.5062 170
37 289 -122.952 -105.416 170
37 290 -121.312 -111.526 170
37 291 -121.388 -117.736 170
37 292 -121.907 -122.003 170
37 293 -122.255 -128.703 170
37 294 -123.355 -134.545 170
37 295 -124.437 -139.218 170
37 296 -125.581 -148.522 170
37 297 -127.676 -153.21 170
37 298 -129.792 -159.626 170
37 299 -131.904 -166.032 170
37 300 -135.519 -171.318 170
37 301 -138.265 -176.308 170
37 302 -141.999 -183.858 170
37 303 -143.301 -187.05 170
37 304 -146.413 -194.013 170
37 305 -149.937 -195.894 170
37 306 -152.571 -203.332 170
37 307 -154.655 -209.669 170
37 308 -158.076 -216.203 170
37 309 -159.322 -222.898 170
37 310 -162.851 -229.072 170
37 311 -164.254 -233.935 170
37 312 -166.019 -240.106 170
37 313 -167.588 -246.942 170
37 314 -171.147 -252.684 170
37 315 -174.205 -258.971 170
37 316 -175.994 -263.493 170
37 317 -179.303 -270.928 170
37 318 -183.342 -276.646 170
37 319 -187.357 -280.108 170
37 320 -191.602 -288.508 170
37 321 -194.173 -293.439 170
37 322 -199.432 -299.429 170
37 323 -203.122 -305.208 170
37 324 -207.44 -310.768 170
37 325 -211.44 -317.537 170
37 326 -214.423 -319.825 170
37 327 -217.417 -325.447 170
37 328 -218.427 -330.466 170
37 329 -222.893 -334.993 170
37 330 -223.408 -341.098 170
37 331 -226.392 -347.794 170
37 332 -228.378 -352.253 170
37 333 -229.38 -357.791 170
37 334 -233.582 -364.208 170
37 335 -235.843 -367.619 170
37 336 -238.516 -372.002 170
37 337 -242.209 -376.738 170
37 338 -244.916 -382.547 170
37 339 -246.786 -387.688 170
37 340 -251.054 -393.333 170
37 341 -253.014 -397.739 170
37 342 -256.929 -402.174 170
37 343 -260.839 -405.512 170
37 344 -266.697 -410.35 170
37 345 -266.69 -416.499 170
37 346 -270.586 -420.909 170
37 347 -273.498 -427.469 170
37 348 -278.171 -432.463 170
37 349 -282.115 -437.926 170
37 350 -284.354 -443.225 170
37 351 -286.092 -446.599 170
37 352 -289.951 -453.129 170
37 353 -294.184 -456.767 170
37 354 -297.657 -464.541 170
37 355 -301.507 -468.892 170
37 356 -305.347 -474.309 170
37 357 -309.168 -481.86 170
37 358 -313.008 -485.12 170
37 359 -317.78 -492.66 170
37 360 -321.124 -496.437 170
37 361 -324.449 -502.339 170
37 362 -328.726 -508.775 170
37 363 -331.092 -513.054 170
37 364 -334.308 -519.83 170
37 365 -339.134 -525.871 170
37 366 -341.475 -531.717 170
37 367 -345.236 -538.623 170
37 368 -347.106 -542.863 170
37 369 -352.293 -549.238 170
37 370 -356.069 -552.958 170
37 371 -357.424 -559.803 170
37 372 -362.138 -564.045 170
37 373 -364.919 -570.359 170
37 374 -370.076 -576.161 170
37 375 -373.815 -580.896 170
37 376 -377.608 -588.223 170
37 377 -381.693 -594.517 170
37 378 -385.835 -602.869 170
37 379 -390.872 -605.637 170
37 380 -394.784 -612.479 170
37 381 -396.199 -619.303 170
37 382 -400.316 -625.491 170
37 383 -403.791 -631.975 170
37 384 -407.956 -636.123 170
37 385 -412.081 -642.324 170
37 386 -414.587 -646.707 170
37 387 -418.012 -653.604 170
37 388 -422.595 -657.779 170
37 389 -426.675 -664.965 170
37 390 -429.364 -671.109 170
37 391 -433.034 -676.105 170
37 392 -437.214 -682.328 170
37 393 -440.076 -686.542 170
37 394 -444.892 -692.962 170
37 395 -447.505 -696.625 170
37 396 -452.025 -702.721 170
37 397 -455.608 -708.804 170
37 398 -459.23 -712.857 170
37 399 -464.656 -718.926 170
37 400 -468.232 -724.478 170
37 401 -471.79 -730.523 170
37 402 -473.482 -737.058 170
37 403 -477.516 -742.081 170
37 404 -480.547 -750.099 170
37 405 -483.672 -754.102 170
37 406 -487.208 -759.18 170
37 407 -492.185 -763.092 170
37 408 -495.271 -768.076 170
37 409 -499.297 -772.057 170
37 410 -502.387 -776.531 170
37 411 -508.265 -779.507 170
37 412 -511.831 -782.978 170
37 413 -514.595 -787.169 170
37 414 -518.038 -789.909 170
37 415 -519.294 -793.866 170
37 416 -522.832 -797.816 170
37 417 -525.026 -800.776 170
37 418 -528.587 -803.73 170
37 419 -533.056 -806.679 170
37 420 -532.964 -809.636 170
37 421 -536.167 -812.661 170
37 422 -538.228 -816.021 170
37 423 -540.457 -817.49 170
37 424 -542.78 -820.206 170
37 425 -545.048 -823.734 170
37 426 -546.136 -825.488 170
37 427 -547.671 -827.425 170
37 428 -547.771 -830.228 170
37 429 -548.614 -832.184 170
37 430 -550.268 -837.073 170
37 431 -551.142 -838.048 170
37 432 -550.301 -841.571 170
37 433 -550.207 -842.226 170
37 434 -550.884 -845.867 170
37 435 -551.725 -847.815 170
37 436 -551.66 -849.767 170
37 437 -551.595 -851.718 170
37 438 -550.625 -851.771 170
37 439 -551.498 -854.642 170
37 440 -551.563 -852.693 170
37 441 -552.092 -855.828 170
37 442 -553.276 -855.608 170
37 443 -553.26 -856.095 170
37 444 -553.211 -857.556 170
37 445 -554.567 -857.55 170
37 446 -555.285 -857.994 170
37 447 -554.494 -857.862 170
37 448 -554.807 -858.775 170
37 449 -555.014 -860.672 170
37 450 -554.017 -860.472 170
37 451 -554.954 -859.495 170
37 452 -556.714 -858.513 170
37 453 -554.922 -860.468 170
37 454 -555.552 -857.837 170
37 455 -554.918 -858.687 170
37 456 -554.918 -858.687 170
37 457 -555.511 -858.275 170
37 458 -554.418 -859.303 170
37 459 -555.516 -858.392 170
37 460 -555.148 -859.104 170
37 461 -555.342 -858.714 170
38 37 -633.67 768.03 170
38 38 -633.354 765.744 170
38 39 -633.312 765.187 170
38 40 -633.329 765.064 170
38 41 -632.834 762.558 170
38 42 -633.215 762.468 170
38 43 -633.018 759.362 170
38 44 -633.178 759.068 170
38 45 -633.115 756.697 170
38 46 -632.87 753.723 170
38 47 -632.06 753.442 170
38 48 -631.939 750.05 170
38 49 -630.272 748.131 170
38 50 -628.759 743.345 170
38 51 -626.906 742.771 170
38 52 -623.827 734.273 170
38 53 -621.666 733.051 170
38 54 -617.094 729.867 170
38 55 -614.962 724.836 170
38 56 -610.988 721.625 170
38 57 -607.28 717.714 170
38 58 -604.613 718.525 170
38 59 -602.345 710.15 170
38 60 -599.137 709.7 170
38 61 -596.301 707.604 170
38 62 -594.183 704.647 170
38 63 -591.065 697.334 170
38 64 -588.383 692.3 170
38 65 -587.829 688.918 170
38 66 -582.78 680.817 170
38 67 -580.73 676.765 170
38 68 -578.09 669.389 170
38 69 -576.397 664.399 170
38 70 -574.266 659.632 170
38 71 -572.367 652.673 170
38 72 -572.828 650.381 170
38 73 -568.298 641.534 170
38 74 -568.294 640.671 170
38 75 -566.019 635.489 170
38 76 -559.427 630.763 170
38 77 -557.173 626.487 170
38 78 -555.458 619.526 170
38 79 -551.718 618.354 170
38 80 -546.502 608.717 170
38 81 -543.429 603.646 170
38 82 -541.597 595.916 170
38 83 -536.398 587.886 170
38 84 -533.119 584.265 170
38 85 -528.435 578.257 170
38 86 -521.923 575.769 170
38 87 -519.017 567.531 170
38 88 -515.371 563.268 170
38 89 -511.925 559.79 170
38 90 -509.582 555.157 170
38 91 -506.69 550.888 170
38 92 -504.344 544.244 170
38 93 -500.624 537.816 170
38 94 -496.985 529.744 170
38 95 -494.482 524.157 170
38 96 -493.138 516.139 170
38 97 -489.293 509.197 170
38 98 -487.067 505.751 170
38 99 -485.566 499.355 170
38 100 -481.758 495.619 170
38 101 -478.86 489.648 170
38 102 -474.365 487.517 170
38 103 -471.689 482.861 170
38 104 -468.207 478.786 170
38 105 -464.144 471.419 170
38 106 -462.555 464.031 170
38 107 -457.75 459.642 170
38 108 -453.931 452.9 170
38 109 -449.6 446.053 170
38 110 -444.953 440.054 170
38 111 -440.013 432.178 170
38 112 -434.604 435.568 170
38 113 -431.44 430.551 170
38 114 -427.229 428.008 170
38 115 -426.073 421.647 170
38 116 -422.084 419.051 170
38 117 -417.95 413.856 170
38 118 -415.363 408.132 170
38 119 -411.587 401.296 170
38 120 -408.446 394.689 170
38 121 -405.093 388.369 170
38 122 -403.024 382.216 170
38 123 -400.375 377.867 170
38 124 -397.957 371.197 170
38 125 -395.901 367.059 170
38 126 -392.172 362.172 170
38 127 -389.735 357.416 170
38 128 -387.841 350.975 170
38 129 -385.165 346.045 170
38 130 -383.012 341.091 170
38 131 -377.629 336.614 170
38 132 -374.228 329.923 170
38 133 -370.98 324.476 170
38 134 -368.091 315.334 170
38 135 -363.25 311.548 170
38 136 -359.642 305.688 170
38 137 -355.373 301.312 170
38 138 -352.044 296.766 170
38 139 -349.219 292.435 170
38 140 -345.593 284.534 170
38 141 -343.633 277.243 170
38 142 -340.524 272.977 170
38 143 -339.117 267.858 170
38 144 -338.369 257.882 170
38 145 -333.959 252.608 170
38 146 -331.448 246.431 170
38 147 -331.97 237.026 170
38 148 -329.839 229.677 170
38 149 -327.88 222.917 170
38 150 -327.174 219.886 170
38 151 -323.142 215.548 170
38 152 -323.47 208.924 170
38 153 -319.095 205.294 170
38 154 -317.185 198.099 170
38 155 -314.065 195.774 170
38 156 -311.337 189.49 170
38 157 -310.877 181.144 170
38 158 -308.763 172.638 170
38 159 -302.032 168.225 170
38 160 -299.225 162.255 170
38 161 -295.248 154.845 170
38 162 -290.329 151.693 170
38 163 -287.982 144.765 170
38 164 -284.872 140.624 170
38 165 -282.022 136.779 170
38 166 -280.719 131.653 170
38 167 -279.677 127.433 170
38 168 -275.177 120.797 170
38 169 -275.527 115.444 170
38 170 -272.423 108.288 170
38 171 -270.352 101.098 170
38 172 -266.643 98.5835 170
38 173 -264.937 90.7258 170
38 174 -263.029 84.6991 170
38 175 -263.127 78.4186 170
38 176 -260.041 73.717 170
38 177 -258.499 68.9585 170
38 178 -255.417 65.4671 170
38 179 -253.363 61.9373 170
38 180 -250.798 58.4294 170
38 181 -248.634 54.1285 170
38 182 -247.726 47.7406 170
38 183 -245.166 43.0417 170
38 184 -241.064 41.9982 170
38 185 -240.046 37.2452 170
38 186 -235.128 34.3169 170
38 187 -233.384 30.0858 170
38 188 -231.87 24.3942 170
38 189 -229.117 19.2422 170
38 190 -228.299 18.5561 170
38 191 -227.804 12.6115 170
38 192 -225.488 9.88583 170
38 193 -224.686 4.36739 170
38 194 -224.264 -0.949022 170
38 195 -222.203 -5.6998 170
38 196 -222.257 -12.1581 170
38 197 -220.182 -17.5977 170
38 198 -220.765 -23.3608 170
38 199 -221.294 -28.7014 170
38 200 -220.233 -34.2592 170
38 201 -219.597 -38.5632 170
38 202 -219.312 -43.9776 170
38 203 -217.586 -48.111 170
38 204 -217.811 -50.9932 170
38 205 -217.33 -58.0333 170
38 206 -216.826 -59.1916 170
38 207 -215.091 -65.1866 170
38 208 -212.548 -67.4975 170
38 209 -210.033 -71.0443 170
38 210 -208.857 -73.9506 170
38 211 -206.498 -77.9473 170
38 212 -204.69 -82.1287 170
38 213 -202.88 -85.5368 170
38 214 -201.053 -87.7082 170
38 215 -199.803 -91.0491 170
38 216 -200.232 -94.9596 170
38 217 -197.796 -95.2338 170
38 218 -195.994 -100.948 170
38 219 -193.923 -102.555 170
38 220 -193.264 -105.676 170
38 221 -191.001 -110.265 170
38 222 -189.693 -113.277 170
38 223 -188.391 -115.68 170
38 224 -187.148 -119.187 170
38 225 -186.955 -120.459 170
38 226 -186.063 -123.257 170
38 227 -183.64 -125.931 170
38 228 -183.427 -128.619 170
38 229 -180.713 -132.746 170
38 230 -179.225 -134.116 170
38 231 -178.318 -135.966 170
38 232 -175.694 -138.39 170
38 233 -174.124 -140.741 170
38 234 -170.89 -145.055 170
38 235 -168.412 -147.608 170
38 236 -166.184 -150.837 170
38 237 -161.922 -155.047 170
38 238 -159.62 -156.782 170
38 239 -154.518 -162.649 170
38 240 -150.89 -165.119 170
38 241 -146.772 -167.136 170
38 242 -143.213 -169.318 170
38 243 -138.602 -174.856 170
38 244 -133.558 -176.364 170
38 245 -127.797 -179.566 170
38 246 -124.275 -183.495 170
38 247 -119.634 -189.081 170
38 248 -116.577 -195.438 170
38 249 -111.784 -201.181 170
38 250 -108.136 -204.82 170
38 251 -105.177 -211.61 170
38 252 -101.327 -218.164 170
38 253 -97.3659 -223.201 170
38 254 -94.8538 -225.934 170
38 255 -91.4298 -233.737 170
38 256 -88.4573 -239.959 170
38 257 -82.1444 -240.614 170
38 258 -77.5405 -244.654 170
38 259 -73.2551 -249.394 170
38 260 -67.5593 -254.199 170
38 261 -61.7825 -257.877 170
38 262 -58.3291 -265.303 170
38 263 -52.4425 -268.305 170
38 264 -46.5681 -274.568 170
38 265 -41.3025 -278.521 170
38 266 -35.6142 -283.763 170
38 267 -29.3011 -288.085 170
38 268 -24.9573 -292.279 170
38 269 -20.5202 -296.694 170
38 270 -16.0281 -298.852 170
38 271 -11.1185 -304.381 170
38 272 -4.92652 -309.034 170
38 273 -0.410718 -313.923 170
38 274 4.96721 -320.409 170
38 275 7.86849 -325.378 170
38 276 12.1205 -332.111 170
38 277 16.1388 -337.688 170
38 278 19.9988 -344.08 170
38 279 23.2691 -347.102 170
38 280 28.6953 -351.524 170
38 281 32.1433 -354.25 170
38 282 37.3309 -357.781 170
38 283 41.7512 -361.603 170
38 284 45.6826 -364.875 170
38 285 50.6628 -369.052 170
38 286 55.0193 -372.503 170
38 287 58.8714 -377.997 170
38 288 63.2631 -382.367 170
38 289 68.1956 -385.614 170
38 290 74.1136 -386.634 170
38 291 79.5111 -389.828 170
38 292 84.7668 -391.625 170
38 293 90.3573 -396.114 170
38 294 95.8226 -399.039 170
38 295 100.078 -401.63 170
38 296 104.584 -406.586 170
38 297 108.654 -409.698 170
38 298 113.208 -413.598 170
38 299 117.113 -417.241 170
38 300 120.615 -422.568 170
38 301 124.487 -427.907 170
38 302 128.508 -430.78 170
38 303 132.595 -435.923 170
38 304 136.382 -440.207 170
38 305 139.895 -443.525 170
38 306 144.503 -447.408 170
38 307 146.69 -451.434 170
38 308 151.199 -454.26 170
38 309 155.171 -456.182 170
38 310 159.842 -460.103 170
38 311 163.737 -461.926 170
38 312 169.003 -463.566 170
38 313 172.384 -467.338 170
38 314 174.783 -470.047 170
38 315 181.65 -471.775 170
38 316 187.183 -474.815 170
38 317 192.443 -477.616 170
38 318 198.526 -478.063 170
38 319 205.299 -479.936 170
38 320 211.563 -482.714 170
38 321 218.096 -483.201 170
38 322 224.287 -485.05 170
38 323 231.767 -486.686 170
38 324 236.55 -488.969 170
38 325 242.07 -489.601 170
38 326 247.471 -493.212 170
38 327 250.534 -495.79 170
38 328 258.27 -499.644 170
38 329 263.763 -504.781 170
38 330 269.211 -507.983 170
38 331 271.674 -513.684 170
38 332 276.496 -517.992 170
38 333 281.316 -522.297 170
38 334 285.119 -526.611 170
38 335 292.33 -528.983 170
38 336 297.845 -531.395 170
38 337 300.834 -535.148 170
38 338 308.663 -537.525 170
38 339 313.984 -540.112 170
38 340 317.559 -543.672 170
38 341 324.869 -548.485 170
38 342 329.874 -552.159 170
38 343 335.015 -556.523 170
38 344 340.107 -559.89 170
38 345 347.349 -562.965 170
38 346 352.912 -566.553 170
38 347 359.402 -567.947 170
38 348 365.113 -572.928 170
38 349 369.876 -574.618 170
38 350 374.511 -579.357 170
38 351 378.707 -582.92 170
38 352 382.184 -587.145 170
38 353 386.399 -592.839 170
38 354 391.724 -596.571 170
38 355 394.861 -602.471 170
38 356 399.712 -605.664 170
38 357 404.251 -613.157 170
38 358 408.082 -616.354 170
38 359 411.793 -621.159 170
38 360 415.066 -624.291 170
38 361 419.251 -628.671 170
38 362 423.93 -632.917 170
38 363 428.115 -634.659 170
38 364 432.295 -638.616 170
38 365 437.496 -640.609 170
38 366 441.44 -645.613 170
38 367 445.63 -649.363 170
38 368 451.064 -652.507 170
38 369 456.255 -657.188 170
38 370 460.641 -659.929 170
38 371 466.418 -664.199 170
38 372 471.501 -666.447 170
38 373 479.041 -668.109 170
38 374 483.171 -672.948 170
38 375 487.973 -674.163 170
38 376 492.272 -677.892 170
38 377 496.263 -681.27 170
38 378 500.592 -686.058 170
38 379 504.334 -688.86 170
38 380 507.252 -692.725 170
38 381 511.977 -696.953 170
38 382 515.53 -700.844 170
38 383 519.157 -705.146 170
38 384 521.894 -709.013 170
38 385 525.397 -714.102 170
38 386 529.552 -716.694 170
38 387 533.287 -720.827 170
38 388 537.199 -723.144 170
38 389 540.902 -726.324 170
38 390 544.853 -728.081 170
38 391 548.731 -730.184 170
38 392 552.007 -733.343 170
38 393 556.72 -733.844 170
38 394 559.37 -738.498 170
38 395 563.502 -739.8 170
38 396 566.134 -742.156 170
38 397 569.689 -745.542 170
38 398 574.904 -745.791 170
38 399 578.269 -748.777 170
38 400 581.028 -749.638 170
38 401 584.492 -750.689 170
38 402 588.199 -751.318 170
38 403 591.337 -752.369 170
38 404 592.749 -754.891 170
38 405 594.785 -754.891 170
38 406 598.559 -758.043 170
38 407 599.986 -759.093 170
38 408 602.432 -760.144 170
38 409 605.185 -763.294 170
38 410 608.089 -764.869 170
38 411 609.923 -766.969 170
38 412 612.457 -767.2 170
38 413 615.22 -770.118 170
38 414 618.123 -771.692 170
38 415 619.719 -773.391 170
38 416 622.857 -775.364 170
38 417 624.282 -776.413 170
38 418 626.159 -780.32 170
38 419 628.911 -781.129 170
38 420 630.845 -782.178 170
38 421 629.782 -784.688 170
38 422 632.415 -786.888 170
38 423 631.687 -788.382 170
38 424 631.096 -789.625 170
38 425 630.932 -791.589 170
38 426 631.659 -791.747 170
38 427 632.604 -795.247 170
38 428 630.334 -794.846 170
38 429 629.118 -797.067 170
38 430 628.968 -798.173 170
38 431 626.339 -798.846 170
38 432 625.894 -800.576 170
38 433 626.724 -800.713 170
38 434 626.747 -803.058 170
38 435 627.027 -802.798 170
38 436 627.578 -803.393 170
38 437 626.278 -804.723 170
38 438 628.023 -803.623 170
38 439 629.972 -803.846 170
38 440 631.347 -804.025 170
38 441 631.882 -803.756 170
38 442 632.637 -805.153 170
38 443 633.197 -804.633 170
38 444 633.643 -804.239 170
38 445 635.773 -803.472 170
38 446 635.975 -804.097 170
38 447 636.911 -803.078 170
38 448 638.536 -803.206 170
38 449 638.604 -803.436 170
38 450 639.936 -802.125 170
38 451 641.279 -805.171 170
38 452 641.781 -802.087 170
38 453 642.115 -803.025 170
38 454 643.259 -802.673 170
38 455 642.943 -802.172 170
38 456 643.207 -800.859 170
38 457 643.223 -801.005 170
38 458 643.908 -801.788 170
38 459 645.307 -799.715 170
38 460 646.471 -800.093 170
38 461 646.072 -799.81 170
39 37 -479.066 876.048 170
39 38 -477.938 876.404 170
39 39 -477.847 876.25 170
39 40 -474.76 872.775 170
39 41 -472.119 870.737 170
39 42 -472.178 870.425 170
39 43 -472.044 865.995 170
39 44 -469.009 864.937 170
39 45 -466.897 864.172 170
39 46 -465.339 861.587 170
39 47 -465.614 858.913 170
39 48 -463.019 856.269 170
39 49 -461.704 854.328 170
39 50 -460.421 849.476 170
39 51 -459.25 851.021 170
39 52 -458.687 846.154 170
39 53 -458.875 840.541 170
39 54 -456.158 837.584 170
39 55 -456.869 829.641 170
39 56 -455.957 827.488 170
39 57 -455.216 822.841 170
39 58 -454.577 818.968 170
39 59 -453.218 809.122 170
39 60 -452.081 806.441 170
39 61 -450.195 798.513 170
39 62 -448.596 794.266 170
39 63 -445.172 794.2 170
39 64 -443.014 787.699 170
39 65 -444.035 782.197 170
39 66 -441.721 774.11 170
39 67 -437.98 771.732 170
39 68 -435.27 765.539 170
39 69 -433.784 760.366 170
39 70 -430.585 757.069 170
39 71 -425.95 752.058 170
39 72 -421.5 744.847 170
39 73 -421.033 743.428 170
39 74 -417.569 733.078 170
39 75 -417.122 727.947 170
39 76 -415.397 721.253 170
39 77 -413.674 714.567 170
39 78 -409.35 704.284 170
39 79 -410.213 704.253 170
39 80 -408.22 696.473 170
39 81 -407.287 690.937 170
39 82 -404.644 684.961 170
39 83 -402.337 677.384 170
39 84 -400.145 674.831 170
39 85 -394.503 668.151 170
39 86 -391.386 663.036 170
39 87 -389.306 652.948 170
39 88 -384.738 650.258 170
39 89 -382.873 638.593 170
39 90 -377.237 635.174 170
39 91 -373.499 630.044 170
39 92 -370.877 621.584 170
39 93 -366.974 619.629 170
39 94 -364.796 613.981 170
39 95 -360.005 607.91 170
39 96 -358.38 601.092 170
39 97 -354.269 598.157 170
39 98 -352.328 590.411 170
39 99 -350.169 584.307 170
39 100 -347.428 577.836 170
39 101 -345.216 570.013 170
39 102 -343.033 565.511 170
39 103 -340.031 558.746 170
39 104 -337.047 554.04 170
39 105 -333.102 549.283 170
39 106 -329.466 542.549 170
39 107 -326.741 535.462 170
39 108 -322.478 529.991 170
39 109 -319.341 524.365 170
39 110 -315.821 518.772 170
39 111 -311.138 511.097 170
39 112 -309.612 505.249 170
39 113 -305.635 498.228 170
39 114 -301.918 493.615 170
39 115 -298.42 486.956 170
39 116 -296.004 483.504 170
39 117 -294.114 477.414 170
39 118 -292.223 470.678 170
39 119 -289.854 463.783 170
39 120 -287.909 455.312 170
39 121 -285.793 449.093 170
39 122 -282.503 440.75 170
39 123 -281.039 433.915 170
39 124 -280.379 424.642 170
39 125 -277.733 419.89 170
39 126 -275.044 413.322 170
39 127 -271.893 408.386 170
39 128 -267.68 401.343 170
39 129 -265.341 395.869 170
39 130 -263.714 390.668 170
39 131 -260.243 385.34 170
39 132 -256.659 376.925 170
39 133 -254.688 373.434 170
39 134 -249.406 364.347 170
39 135 -248.51 358.941 170
39 136 -242.735 354.942 170
39 137 -240.691 348.763 170
39 138 -238.772 344.836 170
39 139 -237.432 337.218 170
39 140 -235.856 332.214 170
39 141 -233.247 326.939 170
39 142 -233.775 317.728 170
39 143 -232.307 313.524 170
39 144 -231.164 306.468 170
39 145 -229.863 299.899 170
39 146 -229.182 294.231 170
39 147 -227.289 286.033 170
39 148 -225.437 282.153 170
39 149 -224.412 273.401 170
39 150 -223.369 270.939 170
39 151 -220.755 266.672 170
39 152 -217.815 260.216 170
39 153 -218.171 254.888 170
39 154 -216.11 244.978 170
39 155 -212.711 242.327 170
39 156 -213.01 233.888 170
39 157 -208.905 228.206 170
39 158 -207.328 222.578 170
39 159 -205.64 220.74 170
39 160 -203.458 215.157 170
39 161 -202.249 210.215 170
39 162 -200.739 204.89 170
39 163 -200.343 199.115 170
39 164 -197.231 196.395 170
39 165 -196.063 188.801 170
39 166 -196.53 182.512 170
39 167 -196.556 178.19 170
39 168 -194.711 172.598 170
39 169 -193.481 169.078 170
39 170 -191.779 164.34 170
39 171 -191.457 159.32 170
39 172 -190.253 156.998 170
39 173 -189.938 152.627 170
39 174 -188.404 148.396 170
39 175 -186.354 143.577 170
39 176 -183.71 140.43 170
39 177 -183.024 136.061 170
39 178 -180.186 131.487 170
39 179 -177.427 126.326 170
39 180 -177.666 122.53 170
39 181 -172.019 118.575 170
39 182 -172.031 112.391 170
39 183 -169.972 110.038 170
39 184 -167.914 107.685 170
39 185 -166.907 104.073 170
39 186 -163.608 101.286 170
39 187 -163.236 98.887 170
39 188 -161.283 94.5714 170
39 189 -159.975 90.2515 170
39 190 -158.769 86.1732 170
39 191 -158.817 81.3213 170
39 192 -158.847 78.2914 170
39 193 -156.815 74.1337 170
39 194 -155.885 70.7496 170
39 195 -154.822 66.3507 170
39 196 -154.866 62.1213 170
39 197 -152.537 61.9092 170
39 198 -152.844 57.3716 170
39 199 -150.785 56.2441 170
39 200 -149.938 51.2577 170
39 201 -148.792 49.0883 170
39 202 -146.775 44.3488 170
39 203 -145.754 43.184 170
39 204 -144.242 39.6322 170
39 205 -142.725 36.6838 170
39 206 -140.691 33.7561 170
39 207 -141.782 28.9137 170
39 208 -141.81 26.5135 170
39 209 -141.852 22.9156 170
39 210 -142.41 19.3014 170
39 211 -143.699 15.8742 170
39 212 -145.577 13.203 170
39 213 -146.133 9.59695 170
39 214 -147.195 4.08199 170
39 215 -149.289 0.986225 170
39 216 -150.388 -2.48879 170
39 217 -150.427 -6.06436 170
39 218 -152.549 -12.0896 170
39 219 -152.587 -15.6577 170
39 220 -154.154 -18.0885 170
39 221 -152.072 -19.4069 170
39 222 -152.527 -24.5018 170
39 223 -153.014 -26.8314 170
39 224 -152.843 -31.0117 170
39 225 -150.749 -35.758 170
39 226 -150.794 -39.9007 170
39 227 -149.663 -44.2734 170
39 228 -145.742 -49.2486 170
39 229 -145.018 -52.2934 170
39 230 -143.298 -56.773 170
39 231 -141.816 -61.438 170
39 232 -140.841 -65.5272 170
39 233 -138.828 -68.4035 170
39 234 -138.19 -73.9371 170
39 235 -136.896 -77.7437 170
39 236 -137.278 -82.1688 170
39 237 -136.724 -84.4852 170
39 238 -135.521 -89.6332 170
39 239 -136.588 -94.145 170
39 240 -135.063 -97.123 170
39 241 -135.137 -100.532 170
39 242 -132.578 -103.15 170
39 243 -132.694 -108.177 170
39 244 -131.958 -111.235 170
39 245 -130.04 -116.598 170
39 246 -129.804 -121.947 170
39 247 -127.287 -124.2 170
39 248 -125.837 -129.971 170
39 249 -123.864 -134.56 170
39 250 -119.527 -137.451 170
39 251 -117.021 -141.544 170
39 252 -115.375 -145.913 170
39 253 -111.872 -149.867 170
39 254 -109.407 -155.006 170
39 255 -108.147 -158.371 170
39 256 -107.225 -163.834 170
39 257 -106.607 -171.099 170
39 258 -105.324 -173.485 170
39 259 -104.941 -178.785 170
39 260 -104.179 -184.507 170
39 261 -102.727 -190.1 170
39 262 -104.994 -197.507 170
39 263 -101.975 -199.4 170
39 264 -101.697 -206.657 170
39 265 -101.799 -211.683 170
39 266 -100.369 -218.333 170
39 267 -98.3431 -224.219 170
39 268 -96.0367 -231.344 170
39 269 -94.5009 -236.089 170
39 270 -92.5583 -240.593 170
39 271 -88.6678 -249.022 170
39 272 -85.473 -253.77 170
39 273 -81.7552 -257.369 170
39 274 -79.3797 -265.244 170
39 275 -75.355 -265.718 170
39 276 -72.9854 -273.582 170
39 277 -67.2477 -276.561 170
39 278 -66.14 -284.157 170
39 279 -62.0081 -289.028 170
39 280 -60.3412 -294.636 170
39 281 -56.3664 -298.592 170
39 282 -52.6349 -305.799 170
39 283 -48.6387 -311.286 170
39 284 -43.6693 -316.3 170
39 285 -43.8715 -325.269 170
39 286 -37.9141 -328.507 170
39 287 -33.0431 -335.121 170
39 288 -28.6254 -339.504 170
39 289 -23.1689 -344.054 170
39 290 -19.2942 -348.252 170
39 291 -14.8059 -353.518 170
39 292 -10.5625 -360.343 170
39 293 -3.67405 -364.978 170
39 294 -0.278852 -370.163 170
39 295 4.62289 -374.517 170
39 296 10.8292 -379.879 170
39 297 15.8943 -384.303 170
39 298 19.7181 -390.885 170
39 299 22.5999 -395.263 170
39 300 27.4881 -399.604 170
39 301 31.9067 -405.752 170
39 302 35.591 -410.869 170
39 303 36.9932 -419.885 170
39 304 41.6632 -427.494 170
39 305 44.9241 -435.137 170
39 306 49.2667 -440.79 170
39 307 51.4872 -448.748 170
39 308 57.645 -451.671 170
39 309 61.6494 -459 170
39 310 64.9079 -466.057 170
39 311 68.3452 -467.31 170
39 312 74.6074 -474.656 170
39 313 76.8377 -480.784 170
39 314 78.7366 -484.95 170
39 315 83.5974 -488.697 170
39 316 86.9365 -493.003 170
39 317 91.2989 -482.22 170
39 318 93.3538 -505.701 170
39 319 98.8151 -509.138 170
39 320 102.707 -511.801 170
39 321 106.439 -513.437 170
39 322 110.116 -517.217 170
39 323 112.238 -521.607 170
39 324 115.073 -527.347 170
39 325 117.957 -532.045 170
39 326 120.537 -540.235 170
39 327 123.331 -545.053 170
39 328 124.039 -552.037 170
39 329 125.721 -559.54 170
39 330 129.481 -564.869 170
39 331 132.896 -570.754 170
39 332 136.551 -574.672 170
39 333 139.749 -580.839 170
39 334 142.869 -585.974 170
39 335 147.995 -589.072 170
39 336 150.585 -593.246 170
39 337 154.748 -598.226 170
39 338 157.612 -604.169 170
39 339 162.055 -608.565 170
39 340 167.001 -612.965 170
39 341 169.852 -618.969 170
39 342 174.673 -622.123 170
39 343 180.435 -626.33 170
39 344 185.15 -631.602 170
39 345 190.119 -633.438 170
39 346 194.466 -639.226 170
39 347 199.016 -642.64 170
39 348 203.637 -647.584 170
39 349 207.979 -652.105 170
39 350 211.983 -658.861 170
39 351 215.899 -663.429 170
39 352 220.269 -668.55 170
39 353 226.143 -675.208 170
39 354 231.408 -678.868 170
39 355 235.913 -682.791 170
39 356 241.758 -686.121 170
39 357 246.114 -691.417 170
39 358 252.478 -692.509 170
39 359 256.906 -698.021 170
39 360 260.859 -702.902 170
39 361 266.289 -705.191 170
39 362 272.066 -709.373 170
39 363 277.313 -712.07 170
39 364 282.79 -718.539 170
39 365 288.946 -718.632 170
39 366 294.85 -722.903 170
39 367 299.517 -726.236 170
39 368 306.708 -729.721 170
39 369 310.905 -735.888 170
39 370 315.002 -740.133 170
39 371 319.483 -745.468 170
39 372 323.352 -749.76 170
39 373 328.757 -755.774 170
39 374 334.046 -766.043 170
39 375 338.051 -767.371 170
39 376 341.888 -773.607 170
39 377 347.961 -779.3 170
39 378 353.178 -782.923 170
39 379 358.925 -786.03 170
39 380 365.384 -789.178 170
39 381 370.151 -792.498 170
39 382 375.289 -797.149 170
39 383 378.705 -801.536 170
39 384 383.982 -802.783 170
39 385 389.265 -806.708 170
39 386 393.747 -808.108 170
39 387 397.761 -812.903 170
39 388 401.586 -814.97 170
39 389 407.093 -817 170
39 390 410.305 -818.078 170
39 391 414.627 -820.146 170
39 392 417.876 -823.238 170
39 393 423.527 -823.635 170
39 394 426.262 -827.054 170
39 395 428.349 -829.432 170
39 396 432.171 -831.497 170
39 397 435.686 -833.664 170
39 398 438.386 -836.699 170
39 399 442.398 -840.763 170
39 400 446.216 -842.826 170
39 401 448.959 -845.909 170
39 402 451.856 -848.275 170
39 403 456.096 -850.032 170
39 404 458.42 -852.088 170
39 405 460.41 -852.096 170
39 406 463.355 -853.122 170
39 407 463.688 -854.667 170
39 408 465.969 -857.234 170
39 409 466.998 -858.056 170
39 410 467.441 -860.561 170
39 411 467.627 -861.328 170
39 412 468.284 -863.649 170
39 413 468.276 -866.557 170
39 414 467.882 -867.606 170
39 415 466.155 -870.248 170
39 416 465.761 -872.03 170
39 417 464.561 -874.57 170
39 418 463.32 -877.617 170
39 419 462.865 -877.106 170
39 420 462.7 -879.139 170
39 421 461.395 -882.264 170
39 422 462.991 -881.683 170
39 423 462.72 -883.552 170
39 424 462.895 -883.837 170
39 425 462.766 -885.066 170
39 426 463.072 -885.321 170
39 427 464.014 -886.688 170
39 428 464.396 -887.848 170
39 429 465.184 -886.695 170
39 430 464.935 -888.297 170
39 431 466.9 -888.167 170
39 432 467.6 -889.075 170
39 433 467.869 -888.822 170
39 434 468.964 -890.605 170
39 435 470.183 -890.866 170
39 436 469.811 -891.412 170
39 437 470.546 -892.248 170
39 438 471.009 -892.901 170
39 439 471.456 -892.406 170
39 440 471.732 -893.159 170
39 441 472.413 -893.924 170
39 442 472.867 -894.433 170
39 443 473.095 -894.688 170
39 444 473.095 -894.688 170
39 445 473.627 -895.331 170
39 446 474.532 -895.914 170
39 447 474.532 -895.914 170
39 448 474.457 -896.218 170
39 449 474.457 -896.218 170
39 450 474.975 -895.593 170
39 451 475.164 -896.303 170
39 452 474.752 -895.774 170
39 453 475.372 -896.437 170
39 454 475.469 -896.346 170
39 455 475.022 -897.185 170
39 456 475.587 -896.6 170
39 457 476.232 -896.361 170
39 458 475.718 -895.972 170
39 459 475.718 -895.972 170
39 460 476.399 -896.737 170
39 461 476.626 -896.992 170
40 37 -95.3416 -993.643 160
40 38 -95.3238 -992.676 160
40 39 -93.4141 -990.278 160
40 40 -92.4721 -989.804 160
40 41 -91.3487 -988.122 160
40 42 -90.2479 -985.683 160
40 43 -84.883 -983.588 160
40 44 -84.1456 -983.635 160
40 45 -82.1501 -982.453 160
40 46 -79.7138 -982.188 160
40 47 -77.3171 -979.301 160
40 48 -73.6851 -977.892 160
40 49 -69.7589 -975.979 160
40 50 -65.065 -975.541 160
40 51 -58.8207 -972.977 160
40 52 -56.5633 -972.708 160
40 53 -51.9123 -969.619 160
40 54 -47.6326 -968.541 160
40 55 -42.7653 -965.048 160
40 56 -36.335 -962.142 160
40 57 -30.8717 -959.791 160
40 58 -27.0665 -958.36 160
40 59 -21.8317 -956.452 160
40 60 -16.5125 -951.605 160
40 61 -13.5731 -947.709 160
40 62 -8.26739 -943.83 160
40 63 -0.0870356 -938.986 160
40 64 3.81547 -935.083 160
40 65 12.9684 -930.231 160
40 66 19.1976 -928.308 160
40 67 23.1515 -923.402 160
40 68 30.8523 -920.496 160
40 69 38.5967 -916.595 160
40 70 45.7765 -913.11 160
40 71 54.4538 -912.132 160
40 72 58.6026 -909.284 160
40 73 63.9837 -907.634 160
40 74 71.9435 -904.926 160
40 75 80.1528 -902.992 160
40 76 86.9344 -901.047 160
40 77 92.9599 -894.107 160
40 78 98.0256 -887.687 160
40 79 103.915 -882.761 160
40 80 110.708 -880.237 160
40 81 113.082 -872.208 160
40 82 121.616 -871.311 160
40 83 129.826 -864.256 160
40 84 130.256 -859.687 160
40 85 132.262 -852.68 160
40 86 140.207 -848.171 160
40 87 145.347 -841.62 160
40 88 152.456 -837.87 160
40 89 159.036 -828.998 160
40 90 161.752 -822.909 160
40 91 168.712 -819.878 160
40 92 172.83 -815.306 160
40 93 179.732 -813.796 160
40 94 187.414 -812.265 160
40 95 192.887 -804.638 160
40 96 200.923 -800.562 160
40 97 207.446 -795.657 160
40 98 211.28 -789.815 160
40 99 218.558 -782.118 160
40 100 222.077 -775.47 160
40 101 226.047 -770.792 160
40 102 232.293 -764.6 160
40 103 236.633 -757.361 160
40 104 240.067 -749.839 160
40 105 242.199 -745.958 160
40 106 249.705 -735.559 160
40 107 252.911 -731.391 160
40 108 261.263 -724.08 160
40 109 268.639 -716.754 160
40 110 276.627 -711.317 160
40 111 282.627 -705.203 160
40 112 284.471 -701.525 160
40 113 291.677 -697.83 160
40 114 296.927 -693.608 160
40 115 304.185 -689.374 160
40 116 308.515 -684.088 160
40 117 318.258 -679.558 160
40 118 319.962 -674.815 160
40 119 323.555 -668.174 160
40 120 328.407 -659.723 160
40 121 333.665 -651.676 160
40 122 338.278 -646.097 160
40 123 344.513 -639.904 160
40 124 346.99 -632.95 160
40 125 352.316 -626.706 160
40 126 357.132 -620.197 160
40 127 363.224 -611.864 160
40 128 366.076 -604.954 160
40 129 371.596 -598.455 160
40 130 378.069 -593.016 160
40 131 384.765 -587.457 160
40 132 391.917 -584.266 160
40 133 397.557 -576.641 160
40 134 399.909 -572.285 160
40 135 408.164 -565.482 160
40 136 415.806 -561.01 160
40 137 418.33 -557.994 160
40 138 427.311 -546.328 160
40 139 428.614 -543.716 160
40 140 433.461 -533.821 160
40 141 438.072 -527.196 160
40 142 440.547 -521.681 160
40 143 445.534 -513.656 160
40 144 447.781 -507.849 160
40 145 450.59 -501.476 160
40 146 453.139 -491.779 160
40 147 455.493 -485.364 160
40 148 460.27 -476.457 160
40 149 461.804 -473.384 160
40 150 468.079 -459.397 160
40 151 474.14 -451.965 160
40 152 477.328 -447.555 160
40 153 477.636 -443.638 160
40 154 484.34 -437.947 160
40 155 488.219 -430.503 160
40 156 493.152 -422.39 160
40 157 496.416 -417.561 160
40 158 502.294 -409.585 160
40 159 505.035 -401.643 160
40 160 508.591 -395.596 160
40 161 511.15 -384.57 160
40 162 513.466 -376.066 160
40 163 514.607 -368.044 160
40 164 515.977 -365.847 160
40 165 519.376 -357.207 160
40 166 520.277 -348.573 160
40 167 522.91 -337.646 160
40 168 523.234 -335.52 160
40 169 526.487 -327.27 160
40 170 530.891 -317.981 160
40 171 534.137 -310.595 160
40 172 539.355 -297.982 160
40 173 539.59 -290.115 160
40 174 543.276 -284.248 160
40 175 548.133 -277.185 160
40 176 550.861 -270.157 160
40 177 554.163 -266.095 160
40 178 558.272 -253.129 160
40 179 561.437 -243.034 160
40 180 561.1 -237.848 160
40 181 561.955 -227.868 160
40 182 564.262 -220.358 160
40 183 566.895 -212.828 160
40 184 565.824 -207.792 160
40 185 564.11 -200.091 160
40 186 564.112 -190.136 160
40 187 566.249 -186.806 160
40 188 564.384 -180.664 160
40 189 566.92 -169.927 160
40 190 569.645 -163.322 160
40 191 572.323 -157.303 160
40 192 578.367 -146.676 160
40 193 577.846 -143.444 160
40 194 577.199 -136.414 160
40 195 578.933 -129.51 160
40 196 580.388 -124.114 160
40 197 582.457 -117.902 160
40 198 584.204 -111.547 160
40 199 586.866 -103.435 160
40 200 588.004 -94.6304 160
40 201 590.363 -87.4367 160
40 202 589.72 -81.8259 160
40 203 588.168 -74.6136 160
40 204 583.122 -69.9244 160
40 205 588.292 -58.3843 160
40 206 583.678 -59.0735 160
40 207 582.683 -46.5591 160
40 208 582.367 -41.3553 160
40 209 579.924 -32.7467 160
40 210 578.241 -25.0521 160
40 211 579.081 -15.2363 160
40 212 578.096 -5.47478 160
40 213 579.188 -0.520711 160
40 214 579.771 8.47629 160
40 215 580.026 18.2807 160
40 216 580.544 23.8353 160
40 217 579.676 30.3033 160
40 218 580.311 37.7463 160
40 219 581.052 46.444 160
40 220 580.18 54.4672 160
40 221 581.467 58.4376 160
40 222 581.125 66.7416 160
40 223 578.819 76.1552 160
40 224 573.335 80.8458 160
40 225 574.399 87.0506 160
40 226 572.845 92.6464 160
40 227 568.173 95.1215 160
40 228 569.918 97.7278 160
40 229 565.747 103.738 160
40 230 558.36 118.596 160
40 231 556.208 119.098 160
40 232 552.951 128.861 160
40 233 552.549 140.379 160
40 234 550.67 145.921 160
40 235 550.532 155.155 160
40 236 548.817 161.413 160
40 237 547.306 170.222 160
40 238 544.886 175.121 160
40 239 543.936 181.573 160
40 240 541.422 189.098 160
40 241 539.96 193.111 160
40 242 539.658 203.299 160
40 243 538.032 210.892 160
40 244 534.221 220.678 160
40 245 533.243 231.49 160
40 246 531.027 236.134 160
40 247 529.565 245.135 160
40 248 523.333 251.286 160
40 249 521.125 257.582 160
40 250 516.473 263.861 160
40 251 513.599 270.183 160
40 252 508.377 275.108 160
40 253 502.895 280.348 160
40 254 498.598 289.196 160
40 255 499.084 297.467 160
40 256 497.941 307.676 160
40 257 495.71 315.375 160
40 258 494.185 325.077 160
40 259 493.155 326.331 160
40 260 489.772 337.593 160
40 261 489.162 346.108 160
40 262 484.785 350.107 160
40 263 483.33 359.477 160
40 264 482.268 368.093 160
40 265 482.815 376.533 160
40 266 476.556 384.984 160
40 267 477.788 394.08 160
40 268 471.584 401.433 160
40 269 467.002 410.06 160
40 270 462.368 414.85 160
40 271 461.468 418.117 160
40 272 457.303 423.203 160
40 273 449.073 430.369 160
40 274 438.934 435.5 160
40 275 437.028 440.719 160
40 276 433.951 447.047 160
40 277 432.616 459.143 160
40 278 429.273 458.068 160
40 279 422.019 470.171 160
40 280 422.413 475.961 160
40 281 421.969 485.521 160
40 282 418.41 494 160
40 283 414.727 496.995 160
40 284 411.252 504.452 160
40 285 406.273 506.602 160
40 286 403.594 517.903 160
40 287 400.167 526.479 160
40 288 396.121 534.354 160
40 289 389.175 541.39 160
40 290 390.073 547.015 160
40 291 383.786 555.309 160
40 292 377.491 560.229 160
40 293 372.024 563.674 160
40 294 368.554 568.168 160
40 295 359.89 573.165 160
40 296 357.249 579.28 160
40 297 346.64 583.224 160
40 298 340.933 590.146 160
40 299 338.349 599.034 160
40 300 332.504 601.92 160
40 301 330.725 610.704 160
40 302 324.293 617.838 160
40 303 321.285 625.194 160
40 304 318.065 630.84 160
40 305 313.699 632.268 160
40 306 308.516 640.672 160
40 307 304.877 648.219 160
40 308 302.275 652.877 160
40 309 299.027 656.116 160
40 310 292.827 667.246 160
40 311 284.687 673.73 160
40 312 280.261 679.084 160
40 313 277.259 685.344 160
40 314 273.944 691.107 160
40 315 267.258 692.781 160
40 316 264.741 699.557 160
40 317 259.138 704.73 160
40 318 253.763 708.555 160
40 319 250.217 712.197 160
40 320 243.043 723.154 160
40 321 240.001 731.321 160
40 322 236.657 738.494 160
40 323 233.859 747.892 160
40 324 227.918 754.278 160
40 325 224.986 760.246 160
40 326 219.496 765.909 160
40 327 215.657 772.216 160
40 328 210.923 776.752 160
40 329 205.506 785.631 160
40 330 201.87 793.173 160
40 331 198.361 797.927 160
40 332 196.455 808.293 160
40 333 189.377 813.705 160
40 334 185.606 821.77 160
40 335 181.684 828.21 160
40 336 172.76 832.847 160
40 337 168.923 834.745 160
40 338 165.697 840.192 160
40 339 162.413 844.217 160
40 340 155.539 850.73 160
40 341 152.759 854.858 160
40 342 153.445 858.651 160
40 343 147.173 865.888 160
40 344 144.616 871.507 160
40 345 143.21 882.747 160
40 346 141.481 887.878 160
40 347 139.724 894.806 160
40 348 136.749 898.072 160
40 349 134.744 902.444 160
40 350 133.604 912.86 160
40 351 133.911 911.466 160
40 352 134.217 910.072 160
40 353 131.531 918.311 160
40 354 131.307 935.06 160
40 355 131.412 937.96 160
40 356 132.481 945.164 160
40 357 133.938 948.039 160
40 358 133.112 952.657 160
40 359 129.321 956.915 160
40 360 128.615 956.569 160
40 361 125.213 957.516 160
40 362 121.852 956.633 160
40 363 121.154 958.156 160
40 364 119.39 957.291 160
40 365 118.13 954.291 160
40 366 116.468 956.335 160
40 367 114.032 953.396 160
40 368 110.686 956.526 160
40 369 104.109 951.17 160
40 370 102.131 948.604 160
40 371 99.5013 949.281 160
40 372 96.8892 946.297 160
40 373 95.3244 949.544 160
40 374 90.0647 946.578 160
40 375 88.8636 950.786 160
40 376 88.0056 952.064 160
40 377 89.9483 951.544 160
40 378 88.8762 953.689 160
40 379 88.9158 953.846 160
40 380 91.5292 954.802 160
40 381 91.6315 955.822 160
40 382 91.8909 956.712 160
40 383 96.1152 962.06 160
40 384 97.705 963.715 160
40 385 98.0589 961.841 160
40 386 100.145 964.528 160
40 387 102.659 966.488 160
40 388 106.388 965.695 160
40 389 107.017 967.198 160
40 390 109.449 968.382 160
40 391 109.409 969.568 160
40 392 110.04 967.729 160
40 393 109.776 969.473 160
40 394 110.568 969.66 160
40 395 111.123 968.977 160
40 396 111.753 970.481 160
40 397 111.148 969.706 160
40 398 110.618 971.117 160
40 399 110.618 971.117 160
40 400 111.223 971.893 160
40 401 110.643 971.846 160
40 402 110.718 974.034 160
40 403 110.138 973.988 160
40 404 107.238 973.756 160
40 405 107.597 975.804 160
40 406 106.177 976.581 160
40 407 105.172 977.665 160
40 408 105.128 978.401 160
40 409 104.249 978.77 160
40 410 103.955 979.314 160
40 411 103.294 979.939 160
40 412 103.092 979.452 160
40 413 101.636 979.128 160
40 414 102.456 979.109 160
40 415 102.215 979.175 160
40 416 101.636 979.128 160
40 417 101.636 979.128 160
40 418 101.563 976.939 160
40 419 101.677 977.926 160
40 420 100.379 976.117 160
40 421 101.616 975.052 160
40 422 102.486 976.868 160
40 423 101.999 976.832 160
40 424 102.698 976.303 160
40 425 102.939 976.238 160
40 426 104.437 976.442 160
40 427 104.944 974.3 160
40 428 104.254 974.409 160
40 429 105.548 975.076 160
40 430 106.683 974.439 160
40 431 106.923 975.717 160
40 432 107.263 974.485 160
40 433 107.287 975.215 160
40 434 109.305 975.012 160
40 435 109.052 976.083 160
40 436 109.027 975.354 160
40 437 109.508 972.483 160
40 438 109.027 975.354 160
40 439 109.607 975.4 160
40 440 107.287 975.215 160
40 441 107.312 975.944 160
40 442 109.632 976.13 160
40 443 109.238 976.434 160
40 444 108.619 977.29 160
40 445 108.497 976.766 160
40 446 107.386 978.133 160
40 447 107.411 978.863 160
40 448 106.152 978.595 160
40 449 106.374 982.42 160
40 450 106.423 983.881 160
40 451 106.423 983.881 160
40 452 105.842 983.835 160
40 453 105.842 983.835 160
40 454 105.262 983.788 160
40 455 105.262 983.788 160
40 456 105.262 983.788 160
40 457 105.262 983.788 160
40 458 107.128 983.848 160
40 459 104.633 982.281 160
40 460 105.213 982.327 160
40 461 105.769 981.644 160
41 37 95.9242 -1003.3 160
41 38 95.656 -1001.71 160
41 39 97.8251 -999.689 160
41 40 98.1029 -993.507 160
41 41 98.12 -992.375 160
41 42 98.3143 -988.264 160
41 43 97.9993 -983.576 160
41 44 96.9302 -978.229 160
41 45 97.0473 -972.938 160
41 46 95.8723 -965.417 160
41 47 94.202 -959.504 160
41 48 92.6661 -950.136 160
41 49 92.9778 -942.248 160
41 50 89.3921 -936.29 160
41 51 89.3007 -926.394 160
41 52 86.243 -918.935 160
41 53 87.1995 -908.066 160
41 54 89.8097 -901.066 160
41 55 90.6253 -890.239 160
41 56 90.6266 -880.102 160
41 57 90.9389 -872.089 160
41 58 92.0077 -859.986 160
41 59 96.5826 -851.009 160
41 60 94.0451 -841.921 160
41 61 93.4748 -831.812 160
41 62 93.5653 -820.335 160
41 63 93.3978 -808.99 160
41 64 92.8841 -797.281 160
41 65 91.2001 -785.642 160
41 66 90.7424 -777.356 160
41 67 90.73 -765.054 160
41 68 90.0667 -754.191 160
41 69 92.2104 -743.569 160
41 70 91.9098 -730.586 160
41 71 93.0259 -718.103 160
41 72 92.7136 -706.129 160
41 73 93.8875 -695.746 160
41 74 94.3904 -682.697 160
41 75 93.6939 -671.429 160
41 76 92.3653 -658.602 160
41 77 90.836 -647.038 160
41 78 93.3316 -633.312 160
41 79 91.759 -622.746 160
41 80 90.1831 -612.156 160
41 81 91.5224 -597.683 160
41 82 93.1732 -585.529 160
41 83 89.7061 -572.198 160
41 84 92.6334 -560.202 160
41 85 92.6058 -548.028 160
41 86 92.1374 -534.025 160
41 87 91.2994 -522.874 160
41 88 91.9933 -511.311 160
41 89 94.4043 -500.427 160
41 90 92.8921 -487.384 160
41 91 91.878 -474.301 160
41 92 91.8052 -462.813 160
41 93 92.3999 -446.892 160
41 94 92.7288 -438.086 160
41 95 91.2251 -424.322 160
41 96 90.1201 -413.283 160
41 97 90.6121 -399.973 160
41 98 90.5372 -388.304 160
41 99 91.1137 -372.689 160
41 100 91.506 -362.064 160
41 101 91.729 -352.718 160
41 102 94.351 -340.139 160
41 103 90.5665 -332.337 160
41 104 91.6433 -317.17 160
41 105 89.4764 -306.393 160
41 106 88.9499 -292.802 160
41 107 89.8552 -281.986 160
41 108 88.608 -274.043 160
41 109 87.9338 -264.362 160
41 110 86.4464 -255.265 160
41 111 84.6916 -244.084 160
41 112 90.1453 -231.658 160
41 113 89.8549 -221.203 160
41 114 91.003 -208.01 160
41 115 92.3301 -199.882 160
41 116 92.4758 -189.057 160
41 117 91.9493 -181.92 160
41 118 92.3291 -171.445 160
41 119 92.0855 -163.879 160
41 120 93.5795 -155.272 160
41 121 94.1516 -149.81 160
41 122 94.5779 -138.09 160
41 123 93.915 -129.157 160
41 124 95.1766 -121.634 160
41 125 94.4339 -113.416 160
41 126 94.755 -104.563 160
41 127 92.9874 -95.7569 160
41 128 94.3534 -86.8393 160
41 129 95.6788 -79.0927 160
41 130 96.9415 -73.1171 160
41 131 96.1317 -66.6049 160
41 132 99.4938 -60.5461 160
41 133 100.956 -52.6885 160
41 134 101.32 -46.4711 160
41 135 101.833 -39.084 160
41 136 101.591 -32.5209 160
41 137 103.44 -24.5503 160
41 138 104.459 -18.0362 160
41 139 105.421 -13.6707 160
41 140 105.525 -6.87185 160
41 141 107.168 -2.6495 160
41 142 110.204 1.55333 160
41 143 108.578 10.0245 160
41 144 112.773 13.7257 160
41 145 114.128 21.6436 160
41 146 115.349 25.9306 160
41 147 116.813 30.7669 160
41 148 117.262 34.4971 160
41 149 120.123 40.0727 160
41 150 121.349 44.3776 160
41 151 123.733 51.1676 160
41 152 124.985 56.0943 160
41 153 127.279 60.4548 160
41 154 131.382 68.0044 160
41 155 133.135 74.1368 160
41 156 134.886 77.7433 160
41 157 134.252 83.8053 160
41 158 137.059 88.4313 160
41 159 135.976 92.0483 160
41 160 137.34 99.4872 160
41 161 139.191 105.724 160
41 162 142.626 111.415 160
41 163 145.678 118.868 160
41 164 148.867 126.164 160
41 165 151.454 132.524 160
41 166 153.153 136.784 160
41 167 154.629 142.882 160
41 168 155.372 150.7 160
41 169 156.865 157.919 160
41 170 157.735 163.321 160
41 171 158.851 169.166 160
41 172 160.206 175.289 160
41 173 162.636 180.04 160
41 174 165.09 187.042 160
41 175 165.737 189.58 160
41 176 168.195 196.597 160
41 177 169.466 201.056 160
41 178 174.181 210.082 160
41 179 174.616 220.198 160
41 180 176.3 221.538 160
41 181 176.684 230.41 160
41 182 179.62 235.804 160
41 183 179.3 240.668 160
41 184 181.112 249.335 160
41 185 180.564 257.247 160
41 186 180.679 266.381 160
41 187 179.158 275.032 160
41 188 179.436 281.436 160
41 189 179.25 289.746 160
41 190 177.942 297.375 160
41 191 177.096 303.109 160
41 192 176.586 314.658 160
41 193 173.407 322.983 160
41 194 178.071 329.616 160
41 195 173.479 340.381 160
41 196 171.234 345.367 160
41 197 170.168 356.786 160
41 198 168.667 363.929 160
41 199 168.184 370.231 160
41 200 164.893 377.501 160
41 201 166.375 386.704 160
41 202 164.494 394.438 160
41 203 163.796 404.21 160
41 204 164.039 410.117 160
41 205 157.075 421.876 160
41 206 156.237 428.699 160
41 207 154.157 438.485 160
41 208 154.582 449.058 160
41 209 155.06 460.978 160
41 210 153.265 471.471 160
41 211 151.441 481.319 160
41 212 151.838 491.311 160
41 213 152.103 497.984 160
41 214 151.281 505.269 160
41 215 148.812 513.135 160
41 216 146.924 521.716 160
41 217 146.454 535.354 160
41 218 146.062 544.146 160
41 219 140.968 554.916 160
41 220 140.109 561.6 160
41 221 137.98 570.477 160
41 222 136.095 573.501 160
41 223 134.704 586.081 160
41 224 132.455 595.611 160
41 225 131.562 601.663 160
41 226 132.439 615.229 160
41 227 130.153 624.027 160
41 228 128.334 635.514 160
41 229 126.309 641.536 160
41 230 124.735 653.204 160
41 231 119.095 659.566 160
41 232 121.796 665.817 160
41 233 114.192 679.866 160
41 234 111.39 688.294 160
41 235 108.785 692.743 160
41 236 106.986 699.391 160
41 237 103.809 705.4 160
41 238 101.266 713.535 160
41 239 98.5194 724.096 160
41 240 95.5485 733.2 160
41 241 93.7799 742.889 160
41 242 91.1999 751.425 160
41 243 89.8425 760.751 160
41 244 86.8746 768.394 160
41 245 85.1395 776.06 160
41 246 82.4218 780.403 160
41 247 80.903 790.74 160
41 248 79.1417 798.906 160
41 249 77.7573 808.304 160
41 250 74.4948 813.002 160
41 251 74.561 815.123 160
41 252 75.2892 825.328 160
41 253 70.5704 833.202 160
41 254 87.8906 832.594 160
41 255 89.7391 833.345 160
41 256 90.4711 834.456 160
41 257 57.7886 858.937 160
41 258 55.7419 860.668 160
41 259 53.5009 865.529 160
41 260 56.0184 877.892 160
41 261 51.6724 886.332 160
41 262 46.8069 893.579 160
41 263 42.1746 901.575 160
41 264 37.2569 907.698 160
41 265 31.9514 911.878 160
41 266 26.6822 916.21 160
41 267 16.4318 915.332 160
41 268 11.0797 921.429 160
41 269 5.69443 927.277 160
41 270 0.296051 933.198 160
41 271 -4.16269 937.439 160
41 272 -9.75274 942.76 160
41 273 -15.443 943.752 160
41 274 -21.0178 945.261 160
41 275 -26.3033 952.774 160
41 276 -32.1837 951.742 160
41 277 -36.7913 956.413 160
41 278 -44.8297 958.005 160
41 279 -50.9683 963.37 160
41 280 -56.0858 965.513 160
41 281 -59.4408 967.338 160
41 282 -60.1704 961.111 160
41 283 -64.3308 961.785 160
41 284 -68.3055 963.908 160
41 285 -70.3547 965.35 160
41 286 -76.6981 968.96 160
41 287 -77.1659 969.612 160
41 288 -80.1748 970.955 160
41 289 -82.7735 972.298 160
41 290 -85.1922 973.52 160
41 291 -85.0205 974.286 160
41 292 -87.5927 973.717 160
41 293 -85.5909 974.24 160
41 294 -87.8608 974.78 160
41 295 -87.2148 973.847 160
41 296 -88.4762 971.839 160
41 297 -91.287 968.973 160
41 298 -89.6947 966.686 160
41 299 -90.3421 968.24 160
41 300 -92.4992 969.349 160
41 301 -94.0832 970.723 160
41 302 -94.1457 968.834 160
41 303 -94.7649 969.284 160
41 304 -98.1954 968.891 160
41 305 -95.0773 966.653 160
41 306 -97.3313 971.944 160
41 307 -98.0242 972.804 160
41 308 -100.742 974.495 160
41 309 -104.925 975.571 160
41 310 -101.466 978.742 160
41 311 -102.606 978.65 160
41 312 -103.92 982.305 160
41 313 -103.704 981.454 160
41 314 -103.083 985.123 160
41 315 -103.319 984.524 160
41 316 -105.323 987.837 160
41 317 -104.732 989.334 160
41 318 -105.862 989.966 160
41 319 -105.292 990.013 160
41 320 -105.292 990.013 160
41 321 -105.822 992.868 160
41 322 -105.822 992.868 160
41 323 -105.822 992.868 160
41 324 -107.533 992.729 160
41 325 -108.083 994.134 160
41 326 -108.083 994.134 160
41 327 -108.083 994.134 160
41 328 -108.083 994.134 160
41 329 -108.083 994.134 160
41 330 -108.073 994.86 160
41 331 -108.103 992.682 160
41 332 -108.083 994.134 160
41 333 -107.503 994.906 160
41 334 -108.073 994.86 160
41 335 -107.317 995.982 160
41 336 -107.493 995.632 160
41 337 -107.118 993.878 160
41 338 -107.646 996.914 160
41 339 -107.639 997.461 160
41 340 -108.043 997.038 160
41 341 -107.536 997.497 160
41 342 -108.043 997.038 160
41 343 -108.043 997.038 160
41 344 -107.805 996.973 160
41 345 -107.789 995.667 160
41 346 -108.083 994.134 160
41 347 -108.073 994.86 160
41 348 -108.083 994.134 160
41 349 -110.364 993.948 160
41 350 -110.364 993.948 160
41 351 -110.364 993.948 160
41 352 -110.364 993.948 160
41 353 -110.03 993.395 160
41 354 -109.882 993.4 160
41 355 -109.777 992.717 160
41 356 -109.814 992.543 160
41 357 -110.384 992.496 160
41 358 -109.804 993.269 160
41 359 -108.403 991.571 160
41 360 -108.403 991.571 160
41 361 -108.322 991.683 160
41 362 -108.167 992.17 160
41 363 -108.103 992.682 160
41 364 -106.902 991.395 160
41 365 -107.213 991.16 160
41 366 -107.083 992.331 160
41 367 -107.123 989.429 160
41 368 -106.329 992.443 160
41 369 -106.203 990.083 160
41 370 -106.653 990.482 160
41 371 -106.599 990.241 160
41 372 -104.702 991.51 160
41 373 -104.702 991.51 160
41 374 -104.732 989.334 160
41 375 -104.193 987.205 160
41 376 -104.172 988.655 160
41 377 -104.172 988.655 160
41 378 -104.172 988.655 160
41 379 -104.193 987.205 160
41 380 -104.172 988.655 160
41 381 -104.172 988.655 160
41 382 -104.193 987.205 160
41 383 -104.213 985.755 160
41 384 -104.023 987.146 160
41 385 -104.193 987.205 160
41 386 -104.703 987.38 160
41 387 -104.023 987.146 160
41 388 -103.622 987.251 160
41 389 -103.622 987.251 160
41 390 -104.419 987.331 160
41 391 -103.685 988.445 160
41 392 -104.698 987.713 160
41 393 -104.742 988.609 160
41 394 -104.742 988.609 160
41 395 -104.742 988.609 160
41 396 -104.776 990.249 160
41 397 -104.742 988.609 160
41 398 -104.722 990.059 160
41 399 -105.033 988.223 160
41 400 -107.023 988.423 160
41 401 -106.453 988.469 160
41 402 -106.453 988.469 160
41 403 -106.433 989.92 160
41 404 -107.076 989.527 160
41 405 -108.133 990.506 160
41 406 -108.133 990.506 160
41 407 -108.133 990.506 160
41 408 -108.113 991.957 160
41 409 -108.123 991.231 160
41 410 -108.123 991.231 160
41 411 -108.123 991.231 160
41 412 -109.044 991.352 160
41 413 -109.057 991.234 160
41 414 -108.875 991.209 160
41 415 -108.875 991.209 160
41 416 -109.203 991.361 160
41 417 -109.233 990.044 160
41 418 -108.676 989.972 160
41 419 -108.621 989.829 160
41 420 -108.983 990.799 160
41 421 -108.713 989.734 160
41 422 -108.143 989.781 160
41 423 -108.733 988.284 160
41 424 -108.713 989.734 160
41 425 -110.423 989.595 160
41 426 -109.131 990.838 160
41 427 -108.987 990.536 160
41 428 -110.138 988.808 160
41 429 -108.578 989.634 160
41 430 -110.34 989.044 160
41 431 -110.34 989.044 160
41 432 -107.878 990.025 160
41 433 -110.423 989.595 160
41 434 -110.423 989.595 160
41 435 -110.423 989.595 160
41 436 -110.423 989.595 160
41 437 -108.614 990.3 160
41 438 -107.869 989.835 160
41 439 -107.869 989.835 160
41 440 -107.869 989.835 160
41 441 -107.627 990.04 160
41 442 -107.166 990.406 160
41 443 -107.166 990.406 160
41 444 -107.176 989.681 160
41 445 -107.177 991.255 160
41 446 -107.871 990.491 160
41 447 -107.871 990.491 160
41 448 -107.022 990.133 160
41 449 -106.443 989.195 160
41 450 -106.963 992.775 160
41 451 -106.973 992.05 160
41 452 -107.003 989.873 160
41 453 -107.003 989.873 160
41 454 -107.003 989.873 160
41 455 -106.413 991.371 160
41 456 -106.132 991.031 160
41 457 -106.413 991.371 160
41 458 -105.862 989.966 160
41 459 -106.659 990.046 160
41 460 -106.659 990.046 160
41 461 -106.073 989.572 160
42 37 -1.97349 -987.876 160
42 38 -1.62866 -987.344 160
42 39 -3.2594 -983.482 160
42 40 -3.17543 -980.561 160
42 41 -4.66353 -974.94 160
42 42 -3.85197 -971.289 160
42 43 -4.27259 -966.205 160
42 44 -3.08627 -961.033 160
42 45 -2.93123 -954.64 160
42 46 -4.12477 -947.794 160
42 47 -1.69499 -938.608 160
42 48 -0.553893 -931.55 160
42 49 -1.66873 -928.141 160
42 50 -1.38505 -918.273 160
42 51 -0.19395 -909.875 160
42 52 -1.6965 -900.996 160
42 53 -0.66267 -889.83 160
42 54 -1.31122 -882.561 160
42 55 -0.534696 -872.095 160
42 56 -1.23117 -863.098 160
42 57 -1.38196 -854.666 160
42 58 -1.25109 -847.064 160
42 59 -0.0358599 -838.025 160
42 60 1.06181 -826.809 160
42 61 2.96947 -816.86 160
42 62 3.7277 -807.249 160
42 63 4.05074 -796.093 160
42 64 6.13414 -786.348 160
42 65 7.3663 -778.811 160
42 66 5.81218 -768.594 160
42 67 6.23704 -756.634 160
42 68 6.29498 -745.988 160
42 69 6.13619 -735.112 160
42 70 6.18364 -724.447 160
42 71 5.6243 -714.595 160
42 72 5.2275 -703.427 160
42 73 4.64482 -694.269 160
42 74 3.3403 -686.125 160
42 75 3.6374 -675.71 160
42 76 6.34105 -665.429 160
42 77 11.3721 -654.315 160
42 78 11.3144 -645.6 160
42 79 11.9886 -632.277 160
42 80 9.88635 -623.353 160
42 81 12.3388 -611.614 160
42 82 10.7129 -599.978 160
42 83 8.12916 -587.26 160
42 84 8.32804 -575.541 160
42 85 7.67855 -568.626 160
42 86 5.9997 -553.089 160
42 87 5.90403 -546.018 160
42 88 7.761 -535.329 160
42 89 6.95541 -524.674 160
42 90 7.33878 -511.186 160
42 91 7.61548 -501.45 160
42 92 7.89278 -491.693 160
42 93 8.26342 -478.652 160
42 94 8.84116 -470.598 160
42 95 8.8058 -459.568 160
42 96 12.0364 -451.323 160
42 97 8.59383 -438.88 160
42 98 7.24021 -428.016 160
42 99 5.99689 -417.368 160
42 100 6.2904 -406.883 160
42 101 4.45257 -400.835 160
42 102 4.6679 -393.084 160
42 103 4.94518 -383.101 160
42 104 5.22313 -373.096 160
42 105 4.57955 -361.804 160
42 106 5.84289 -350.786 160
42 107 5.09682 -341.292 160
42 108 5.29842 -334.004 160
42 109 5.53149 -325.581 160
42 110 5.40288 -319.254 160
42 111 4.63789 -309.913 160
42 112 6.18639 -301.916 160
42 113 5.4368 -292.325 160
42 114 4.76362 -279.88 160
42 115 3.47111 -271.395 160
42 116 1.17358 -262.35 160
42 117 1.04698 -257.615 160
42 118 0.110254 -246.631 160
42 119 1.81365 -240.935 160
42 120 1.54944 -228.796 160
42 121 2.30199 -220.598 160
42 122 3.40379 -212.009 160
42 123 4.33717 -202.141 160
42 124 3.40607 -198.706 160
42 125 2.05479 -191.816 160
42 126 3.10896 -183.534 160
42 127 2.05519 -176.546 160
42 128 2.26463 -166.078 160
42 129 1.88412 -159.954 160
42 130 2.17416 -151.44 160
42 131 0.978226 -143.793 160
42 132 1.27299 -140.471 160
42 133 1.9225 -135.069 160
42 134 2.25987 -126.697 160
42 135 2.9649 -119.648 160
42 136 4.65517 -112.887 160
42 137 5.5745 -104.117 160
42 138 7.8908 -97.3446 160
42 139 10.4787 -90.61 160
42 140 9.38424 -83.2659 160
42 141 10.2684 -79.3972 160
42 142 10.3984 -74.6616 160
42 143 13.73 -66.8567 160
42 144 14.6388 -59.6045 160
42 145 12.1413 -49.0938 160
42 146 12.3548 -41.3474 160
42 147 14.0514 -36.522 160
42 148 13.2556 -27.5942 160
42 149 14.4824 -20.9757 160
42 150 14.1257 -15.0011 160
42 151 13.3281 -6.035 160
42 152 13.5105 0.577168 160
42 153 14.8077 9.64518 160
42 154 16.0237 15.7129 160
42 155 17.7493 21.2034 160
42 156 18.4942 29.0825 160
42 157 18.6807 35.7435 160
42 158 20.3078 37.192 160
42 159 20.2489 43.6904 160
42 160 25.1081 58.4338 160
42 161 26.0257 57.7396 160
42 162 30.5762 67.4795 160
42 163 29.4509 77.7873 160
42 164 32.7335 84.9542 160
42 165 32.2013 95.3218 160
42 166 30.4521 103.949 160
42 167 31.4028 111.887 160
42 168 31.8784 121.319 160
42 169 30.0542 129.389 160
42 170 30.2813 135.782 160
42 171 30.576 144.885 160
42 172 33.2257 153.011 160
42 173 33.4126 163.079 160
42 174 36.0219 172.142 160
42 175 36.6716 178.28 160
42 176 36.6999 183.965 160
42 177 38.0824 194.644 160
42 178 36.0707 198.935 160
42 179 37.8071 206.712 160
42 180 38.895 217.107 160
42 181 38.2758 230.297 160
42 182 38.2874 237.987 160
42 183 38.5847 248.102 160
42 184 38.8304 257.197 160
42 185 38.952 264.998 160
42 186 39.246 272.074 160
42 187 39.705 278.892 160
42 188 39.2395 288.742 160
42 189 39.9297 293.875 160
42 190 42.8977 302.956 160
42 191 41.4351 309.784 160
42 192 41.3173 313.859 160
42 193 41.4668 318.563 160
42 194 40.5985 327.692 160
42 195 41.1735 336.203 160
42 196 41.906 342.674 160
42 197 34.9166 356.042 160
42 198 43.3447 349.877 160
42 199 43.9561 356.966 160
42 200 43.2311 369.212 160
42 201 47.6469 371.384 160
42 202 45.8194 379.455 160
42 203 46.9427 382.064 160
42 204 49.2799 386.261 160
42 205 52.3001 391.686 160
42 206 60.6242 395.172 160
42 207 66.5873 392.774 160
42 208 51.5331 406.372 160
42 209 52.8839 418.512 160
42 210 49.796 418.36 160
42 211 46.0657 421.583 160
42 212 44.2328 440.308 160
42 213 43.4251 450.117 160
42 214 43.56 454.729 160
42 215 41.6322 463.842 160
42 216 42.1094 466.289 160
42 217 40.265 466.646 160
42 218 43.0977 476.466 160
42 219 38.8902 489.847 160
42 220 40.8299 497.214 160
42 221 39.6123 508.081 160
42 222 38.9706 517.211 160
42 223 39.9381 519.414 160
42 224 38.9862 524.691 160
42 225 38.4217 536.221 160
42 226 32.9561 545.713 160
42 227 31.6358 555.835 160
42 228 31.1903 561.697 160
42 229 30.4599 571.29 160
42 230 28.89 579.838 160
42 231 27.6226 586.573 160
42 232 25.9148 593.503 160
42 233 27.958 605.324 160
42 234 27.1042 614.756 160
42 235 26.828 625.453 160
42 236 31.4813 629.908 160
42 237 32.8407 638.769 160
42 238 31.7813 646.424 160
42 239 27.0639 654.239 160
42 240 24.8468 654.777 160
42 241 24.472 661.591 160
42 242 24.0226 671.903 160
42 243 25.9788 679.377 160
42 244 24.2866 685.925 160
42 245 24.582 696.954 160
42 246 23.6125 701.335 160
42 247 19.4271 713.029 160
42 248 18.4262 718.492 160
42 249 17.8307 727.925 160
42 250 17.9755 733.479 160
42 251 18.193 741.822 160
42 252 17.9186 751.151 160
42 253 18.0089 758.957 160
42 254 18.0451 766.845 160
42 255 18.2821 774.231 160
42 256 17.4496 780.833 160
42 257 16.6033 786.511 160
42 258 16.3369 792.817 160
42 259 16.3469 797.596 160
42 260 13.1829 803.787 160
42 261 11.147 810.445 160
42 262 9.56453 816.326 160
42 263 8.36834 823.25 160
42 264 6.96607 827.86 160
42 265 5.56252 833.386 160
42 266 4.3178 838.974 160
42 267 0.101171 844.067 160
42 268 -2.04678 848.552 160
42 269 -6.45554 849.038 160
42 270 -10.8633 849.524 160
42 271 -12.2389 853.763 160
42 272 5.09879 876.393 160
42 273 2.85783 880.567 160
42 274 -0.0894304 882.867 160
42 275 2.22082 894.196 160
42 276 0.0814175 898.044 160
42 277 -1.71357 903.977 160
42 278 -3.52923 908.14 160
42 279 -4.891 911.296 160
42 280 -10.6744 912.055 160
42 281 -9.82666 914.731 160
42 282 -10.8746 918.738 160
42 283 -12.206 921.85 160
42 284 -13.5905 926.675 160
42 285 -13.8915 930.516 160
42 286 -12.2718 932.486 160
42 287 -13.1533 936.4 160
42 288 -14.0616 938.647 160
42 289 -14.3208 942.856 160
42 290 -14.2948 944.515 160
42 291 -14.4503 947.759 160
42 292 -13.9368 950.261 160
42 293 -13.2036 952.847 160
42 294 -12.4006 954.475 160
42 295 -11.43 956.911 160
42 296 -10.9187 958.26 160
42 297 -10.4192 959.089 160
42 298 -9.30435 962.281 160
42 299 -7.58225 963.476 160
42 300 -5.19293 964.273 160
42 301 -5.26839 966.93 160
42 302 -4.20213 967.452 160
42 303 -3.66824 969.694 160
42 304 -3.38261 970.628 160
42 305 -2.97648 971.815 160
42 306 -3.1108 972.442 160
42 307 0.134435 973.895 160
42 308 -1.85552 975.1 160
42 309 0.238242 978.254 160
42 310 1.13715 977.456 160
42 311 0.181553 977.802 160
42 312 0.392481 978.949 160
42 313 1.75002 979.571 160
42 314 1.3879 978.346 160
42 315 0.610347 978.462 160
42 316 1.40531 979.073 160
42 317 3.00463 978.767 160
42 318 3.43655 977.641 160
42 319 3.00463 978.767 160
42 320 2.85572 977.823 160
42 321 2.57261 979.893 160
42 322 2.38433 979.225 160
42 323 2.68055 979.611 160
42 324 3.19628 980.05 160
42 325 2.63745 979.725 160
42 326 4.00136 979.645 160
42 327 3.84389 979.779 160
42 328 3.1476 979.939 160
42 329 3.9562 979.676 160
42 330 3.91876 981.927 160
42 331 3.1476 979.939 160
42 332 3.80246 981.864 160
42 333 4.03647 981.099 160
42 334 2.01508 980.573 160
42 335 2.32988 980.776 160
42 336 3.16512 980.666 160
42 337 2.03252 981.301 160
42 338 2.06735 982.755 160
42 339 2.64255 982.802 160
42 340 2.64255 982.802 160
42 341 1.61777 983.155 160
42 342 3.21769 982.848 160
42 343 2.08484 983.483 160
42 344 2.06735 982.755 160
42 345 2.06735 982.755 160
42 346 2.06735 982.755 160
42 347 2.06735 982.755 160
42 348 2.08484 983.483 160
42 349 2.10224 984.21 160
42 350 1.5271 984.164 160
42 351 1.54447 984.891 160
42 352 1.54447 984.891 160
42 353 1.54447 984.891 160
42 354 2.06402 987.403 160
42 355 1.93849 986.957 160
42 356 1.57935 986.347 160
42 357 1.56193 985.619 160
42 358 1.5968 987.075 160
42 359 0.957408 985.79 160
42 360 0.969301 984.845 160
42 361 0.949667 985.948 160
42 362 0.76099 976.12 160
42 363 0.525289 977.301 160
42 364 0.462674 975.155 160
42 365 -0.150596 973.486 160
42 366 0.226762 974.405 160
42 367 -3.48292 966.363 160
42 368 -2.87469 967.859 160
42 369 -4.6647 964.821 160
42 370 -2.42044 962.83 160
42 371 -0.829459 966.63 160
42 372 -0.460576 965.273 160
42 373 -1.10074 970.173 160
42 374 -1.09611 968.915 160
42 375 -1.12581 972.982 160
42 376 -0.980236 975.255 160
42 377 -0.945715 975.74 160
42 378 -0.755778 976.01 160
42 379 -1.22298 976.626 160
42 380 -1.6351 977.144 160
42 381 -2.43351 977.341 160
42 382 -3.17544 977.492 160
42 383 -3.79891 977.318 160
42 384 -3.19729 979.982 160
42 385 -3.54111 978.53 160
42 386 -4.3251 979.337 160
42 387 -4.3251 979.337 160
42 388 -4.49701 983.763 160
42 389 -5.38963 982.88 160
42 390 -4.41166 984.957 160
42 391 -5.02315 985.311 160
42 392 -5.3727 983.607 160
42 393 -5.50693 985.234 160
42 394 -5.16075 983.836 160
42 395 -5.3727 983.607 160
42 396 -5.9137 985.015 160
42 397 -5.3727 983.607 160
42 398 -5.33886 985.062 160
42 399 -6.39376 983.614 160
42 400 -6.45482 986.424 160
42 401 -5.84603 987.926 160
42 402 -5.87983 986.471 160
42 403 -5.84603 987.926 160
42 404 -5.86298 987.198 160
42 405 -5.89678 985.743 160
42 406 -5.89678 985.743 160
42 407 -5.89678 985.743 160
42 408 -5.84603 987.926 160
42 409 -5.94096 986.807 160
42 410 -5.94096 986.807 160
42 411 -5.94096 986.807 160
42 412 -5.91045 986.639 160
42 413 -5.27102 987.973 160
42 414 -5.27102 987.973 160
42 415 -5.27102 987.973 160
42 416 -5.27102 987.973 160
42 417 -5.27102 987.973 160
42 418 -5.27102 987.973 160
42 419 -5.27102 987.973 160
42 420 -4.13796 987.338 160
42 421 -4.15493 986.61 160
42 422 -4.15493 986.61 160
42 423 -4.15493 986.61 160
42 424 -4.12089 988.066 160
42 425 -4.08687 989.522 160
42 426 -4.08687 989.522 160
42 427 -4.08687 989.522 160
42 428 -4.08687 989.522 160
42 429 -4.06981 990.25 160
42 430 -2.93644 989.615 160
42 431 -2.93644 989.615 160
42 432 -2.93644 989.615 160
42 433 -2.93644 989.615 160
42 434 -2.41454 990.325 160
42 435 -2.41454 990.325 160
42 436 -2.41454 990.325 160
42 437 -2.23325 991.194 160
42 438 -2.18973 991.087 160
42 439 -2.18973 991.087 160
42 440 -2.18973 991.087 160
42 441 -2.39548 988.205 160
42 442 -1.78593 989.708 160
42 443 -1.78593 989.708 160
42 444 -1.78593 989.708 160
42 445 -1.78593 989.708 160
42 446 -1.78593 989.708 160
42 447 -1.78593 989.708 160
42 448 -0.304297 991.646 160
42 449 -1.21055 989.755 160
42 450 -1.24503 988.298 160
42 451 -1.21055 989.755 160
42 452 -1.21055 989.755 160
42 453 -1.21055 989.755 160
42 454 1.213 990.242 160
42 455 0.611107 989.085 160
42 456 0.611107 989.085 160
42 457 0.617142 989.34 160
42 458 0.611107 989.085 160
42 459 0.58617 989.006 160
42 460 0.671845 989.221 160
42 461 -1.82022 988.252 160
43 37 474.037 -893.502 160
43 38 473.084 -892.988 160
43 39 473.209 -891.464 160
43 40 471.885 -889.423 160
43 41 471.679 -885.861 160
43 42 471.776 -883.459 160
43 43 472.054 -881.281 160
43 44 473.467 -876.192 160
43 45 473.551 -875.172 160
43 46 473.885 -871.091 160
43 47 474.053 -869.049 160
43 48 474.304 -865.985 160
43 49 472.831 -862.654 160
43 50 474.297 -859.008 160
43 51 473.722 -853.709 160
43 52 473.24 -851.8 160
43 53 473.482 -851.648 160
43 54 472.776 -848.054 160
43 55 471.987 -845.485 160
43 56 473.279 -841.895 160
43 57 472.573 -838.295 160
43 58 474.994 -833.159 160
43 59 474.161 -831.096 160
43 60 475.499 -826.979 160
43 61 476.669 -824.92 160
43 62 477.925 -821.828 160
43 63 478.052 -820.28 160
43 64 481.229 -818.223 160
43 65 484.621 -816.993 160
43 66 487.462 -815.657 160
43 67 492.056 -811.861 160
43 68 496.961 -809.937 160
43 69 505.417 -805.345 160
43 70 511.724 -802.245 160
43 71 516.022 -799.138 160
43 72 522.433 -794.991 160
43 73 528.392 -790.671 160
43 74 531.512 -783.545 160
43 75 536.109 -777.285 160
43 76 541.728 -771.015 160
43 77 546.249 -765.781 160
43 78 548.653 -761.588 160
43 79 551.861 -754.68 160
43 80 553.846 -748.98 160
43 81 565.613 -742.656 160
43 82 567.209 -736.325 160
43 83 572.155 -728.3 160
43 84 575.935 -720.503 160
43 85 580.091 -718.324 160
43 86 581.752 -711.423 160
43 87 584.243 -706.636 160
43 88 586.984 -699.181 160
43 89 588.754 -691.182 160
43 90 592.482 -684.231 160
43 91 595.966 -679.942 160
43 92 597.175 -672.851 160
43 93 601.493 -664.92 160
43 94 603.194 -659.112 160
43 95 606.008 -649.847 160
43 96 607.551 -644.45 160
43 97 612.712 -633.626 160
43 98 618.509 -627.102 160
43 99 622.659 -616.236 160
43 100 626.192 -611.869 160
43 101 627.755 -606.422 160
43 102 633.343 -594.955 160
43 103 635.724 -591.762 160
43 104 639.774 -579.05 160
43 105 645.545 -568.041 160
43 106 646.822 -560.34 160
43 107 647.685 -551.529 160
43 108 650.647 -542.681 160
43 109 652.565 -533.824 160
43 110 654.574 -524.395 160
43 111 657.181 -516.383 160
43 112 658.69 -506.31 160
43 113 660.758 -495.818 160
43 114 662.769 -483.681 160
43 115 666.994 -472.997 160
43 116 670.171 -462.299 160
43 117 671.067 -453.293 160
43 118 674.538 -439.722 160
43 119 675.42 -429.7 160
43 120 675.2 -417.089 160
43 121 675.379 -404.598 160
43 122 677.621 -389.989 160
43 123 677.228 -380.636 160
43 124 678.734 -368.714 160
43 125 677.366 -357.732 160
43 126 678.808 -346.536 160
43 127 679.995 -331.211 160
43 128 682.334 -318.453 160
43 129 683.717 -304.519 160
43 130 684.333 -292.887 160
43 131 682.15 -283.174 160
43 132 683.716 -271.915 160
43 133 682.286 -259.08 160
43 134 680.92 -248.265 160
43 135 681.874 -230.311 160
43 136 679.175 -219.172 160
43 137 677.187 -206.218 160
43 138 676.152 -192.782 160
43 139 675.298 -180.423 160
43 140 672.23 -167.736 160
43 141 673.236 -152.135 160
43 142 672.764 -139.62 160
43 143 672.945 -126.406 160
43 144 671.048 -112.012 160
43 145 670.509 -100.73 160
43 146 666.906 -89.1265 160
43 147 661.272 -76.6155 160
43 148 664.746 -59.5313 160
43 149 660.561 -49.2539 160
43 150 658.882 -33.1743 160
43 151 656.585 -21.2396 160
43 152 653.158 -9.04106 160
43 153 650.953 2.3932 160
43 154 647.885 18.7986 160
43 155 644.667 28.894 160
43 156 642.753 43.9948 160
43 157 639.737 59.7705 160
43 158 640.681 73.5469 160
43 159 637.712 83.9202 160
43 160 635.181 96.6354 160
43 161 629.199 106.234 160
43 162 626.769 119.41 160
43 163 624.149 133.814 160
43 164 616.479 148.048 160
43 165 616.364 159.454 160
43 166 610.636 170.65 160
43 167 605.349 180.609 160
43 168 598.302 196.255 160
43 169 598.002 205.831 160
43 170 594.652 219.138 160
43 171 593.55 232.577 160
43 172 589.314 245.586 160
43 173 586.599 256.755 160
43 174 587.228 270.001 160
43 175 581.699 277.304 160
43 176 578.266 284.407 160
43 177 572.533 297.59 160
43 178 570.911 308.064 160
43 179 567.087 322.493 160
43 180 560.623 334.356 160
43 181 556.313 341.221 160
43 182 551.12 354.092 160
43 183 546.17 363.051 160
43 184 542.676 373.184 160
43 185 536.924 382.361 160
43 186 527.946 395.251 160
43 187 526.351 406.963 160
43 188 522.812 420.058 160
43 189 515.796 428.665 160
43 190 510.635 439.384 160
43 191 505.526 447.116 160
43 192 500.109 460.296 160
43 193 492.879 468.502 160
43 194 483.213 483.601 160
43 195 478.099 491.568 160
43 196 470.426 498.42 160
43 197 462.512 507.771 160
43 198 454.352 511.389 160
43 199 445.953 526.047 160
43 200 439.24 532.146 160
43 201 430.774 543.684 160
43 202 424.616 554.078 160
43 203 411.525 566.504 160
43 204 406.86 572.061 160
43 205 394.603 580.737 160
43 206 383.124 590.689 160
43 207 373.788 599.47 160
43 208 364.589 609.733 160
43 209 352.35 612.547 160
43 210 338.93 626.51 160
43 211 333.076 632.123 160
43 212 320.83 637.535 160
43 213 309.208 646.502 160
43 214 297.363 655.702 160
43 215 286.442 662.277 160
43 216 276.938 669.872 160
43 217 269.492 680.453 160
43 218 252.747 687.659 160
43 219 246.829 690.178 160
43 220 234.285 698.818 160
43 221 220.499 704.608 160
43 222 212.393 714.763 160
43 223 197.29 720.05 160
43 224 179.734 721.78 160
43 225 167.58 725.216 160
43 226 159.744 736.692 160
43 227 146.775 741.493 160
43 228 137.105 750.077 160
43 229 127.04 754.267 160
43 230 113.66 762.63 160
43 231 98.3781 768.962 160
43 232 90.2796 774.073 160
43 233 72.3912 781.915 160
43 234 54.1774 788.737 160
43 235 36.1521 795.31 160
43 236 36.63 796.222 160
43 237 20.8383 806.424 160
43 238 11.3349 805.795 160
43 239 1.22312 806.282 160
43 240 -15.8504 812.421 160
43 241 -31.3775 816.334 160
43 242 -42.9674 823.452 160
43 243 -55.104 828.149 160
43 244 -66.2466 838.621 160
43 245 -74.6106 840.924 160
43 246 -88.8682 838.374 160
43 247 -103.394 839.815 160
43 248 -114.033 838.727 160
43 249 -125.283 845.529 160
43 250 -139.44 850.467 160
43 251 -150.977 854.885 160
43 252 -161.591 858.318 160
43 253 -173.074 857.805 160
43 254 -187.896 857.743 160
43 255 -197.384 859.847 160
43 256 -209.066 862.389 160
43 257 -221.027 863.641 160
43 258 -231.949 871.329 160
43 259 -240.87 871.354 160
43 260 -254.239 878.096 160
43 261 -266.486 874.334 160
43 262 -279.823 870.494 160
43 263 -286.495 872.802 160
43 264 -297.552 869.351 160
43 265 -309.17 868.716 160
43 266 -320.271 868.581 160
43 267 -329.691 865.276 160
43 268 -337.406 861.878 160
43 269 -348.176 860.499 160
43 270 -356.179 861.849 160
43 271 -365.563 862.536 160
43 272 -374.972 866.027 160
43 273 -387.555 866.962 160
43 274 -392.012 863.32 160
43 275 -401.334 861.205 160
43 276 -408.42 857.163 160
43 277 -413.098 854.148 160
43 278 -421.772 850.3 160
43 279 -426.092 851.697 160
43 280 -430.774 848.471 160
43 281 -435.628 850.476 160
43 282 -439.014 849.94 160
43 283 -442.708 848.968 160
43 284 -445.256 847.022 160
43 285 -449.283 842.882 160
43 286 -454.904 839.53 160
43 287 -458.373 840.971 160
43 288 -461.443 841.586 160
43 289 -462.711 845 160
43 290 -464.97 846.014 160
43 291 -467.66 846.716 160
43 292 -470.931 846.467 160
43 293 -473.319 843.15 160
43 294 -472.314 847.407 160
43 295 -473.727 849.74 160
43 296 -474.552 850.026 160
43 297 -475.699 852.729 160
43 298 -476.539 853.711 160
43 299 -475.757 855.516 160
43 300 -475.006 855.627 160
43 301 -474.989 854.824 160
43 302 -475.083 854.59 160
43 303 -475.556 856.369 160
43 304 -475.786 856.91 160
43 305 -475.978 858.276 160
43 306 -476.08 857.935 160
43 307 -476.08 857.935 160
43 308 -477.377 859.862 160
43 309 -476.757 860.545 160
43 310 -476.757 860.545 160
43 311 -478.024 862.092 160
43 312 -478.084 862.323 160
43 313 -479.777 859.678 160
43 314 -478.478 860.809 160
43 315 -477.19 859.812 160
43 316 -477.583 859.287 160
43 317 -476.346 857.566 160
43 318 -476.883 859.229 160
43 319 -475.838 857.297 160
43 320 -475.197 854.861 160
43 321 -474.667 855.599 160
43 322 -472.498 853.728 160
43 323 -473.149 851.938 160
43 324 -472.309 851.432 160
43 325 -468.274 850.156 160
43 326 -468.624 849.62 160
43 327 -467.435 849.173 160
43 328 -467.184 850.239 160
43 329 -467.351 847.675 160
43 330 -466.093 850.322 160
43 331 -466.89 849.215 160
43 332 -466.904 849.911 160
43 333 -468.986 850.252 160
43 334 -470.959 851.663 160
43 335 -473.576 855.683 160
43 336 -475.464 853.999 160
43 337 -476.794 857.029 160
43 338 -478.396 851.128 160
43 339 -477.938 855.349 160
43 340 -477.996 858.138 160
43 341 -479.662 859.407 160
43 342 -480.782 860.719 160
43 343 -481.105 862.581 160
43 344 -481.902 862.03 160
43 345 -481.386 863.468 160
43 346 -482.477 863.384 160
43 347 -480.9 866.302 160
43 348 -481.446 866.26 160
43 349 -481.446 866.26 160
43 350 -483.142 868.927 160
43 351 -482.551 869.426 160
43 352 -482.551 869.426 160
43 353 -482.184 870.121 160
43 354 -482.596 868.969 160
43 355 -481.9 869.653 160
43 356 -481.785 869.382 160
43 357 -481.9 869.653 160
43 358 -481.755 867.985 160
43 359 -482.065 869.71 160
43 360 -481.844 869.587 160
43 361 -481.212 869.705 160
43 362 -482.301 867.943 160
43 363 -481.95 869.439 160
43 364 -481.935 868.741 160
43 365 -481.705 868.198 160
43 366 -481.554 868.813 160
43 367 -481.991 866.218 160
43 368 -481.534 870.451 160
43 369 -481.345 866.687 160
43 370 -480.915 867 160
43 371 -480.635 866.672 160
43 372 -481.826 866.161 160
43 373 -481.328 866.896 160
43 374 -481.18 864.043 160
43 375 -480.384 867.741 160
43 376 -480.295 863.551 160
43 377 -480.295 863.551 160
43 378 -479.533 863.69 160
43 379 -479.204 863.635 160
43 380 -480.007 860.219 160
43 381 -480.007 860.219 160
43 382 -480.516 861.088 160
43 383 -481.351 861.276 160
43 384 -481.534 860.648 160
43 385 -482.138 860.265 160
43 386 -483.478 859.115 160
43 387 -482.538 859.596 160
43 388 -482.651 859.758 160
43 389 -483.478 859.115 160
43 390 -483.478 859.115 160
43 391 -484.628 861.821 160
43 392 -484.568 859.031 160
43 393 -484.628 861.821 160
43 394 -485.059 861.508 160
43 395 -484.628 861.821 160
43 396 -484.628 861.821 160
43 397 -486.294 863.09 160
43 398 -485.809 865.924 160
43 399 -487.385 863.007 160
43 400 -485.84 867.32 160
43 401 -484.764 868.103 160
43 402 -484.764 868.103 160
43 403 -484.779 868.801 160
43 404 -484.779 868.801 160
43 405 -483.142 868.927 160
43 406 -483.688 868.885 160
43 407 -482.626 870.367 160
43 408 -483.732 870.981 160
43 409 -482.656 871.764 160
43 410 -482.656 871.764 160
43 411 -482.656 871.764 160
43 412 -482.656 871.764 160
43 413 -481.844 872.177 160
43 414 -481.859 872.876 160
43 415 -481.579 872.548 160
43 416 -482.897 871.779 160
43 417 -484.323 873.036 160
43 418 -484.323 873.036 160
43 419 -484.323 873.036 160
43 420 -484.869 872.994 160
43 421 -484.869 872.994 160
43 422 -484.869 872.994 160
43 423 -485.96 872.909 160
43 424 -485.945 872.21 160
43 425 -487.037 872.126 160
43 426 -487.037 872.126 160
43 427 -487.037 872.126 160
43 428 -487.052 872.825 160
43 429 -486.838 871.538 160
43 430 -485.93 871.512 160
43 431 -485.354 870.156 160
43 432 -484.115 869.943 160
43 433 -483.127 868.229 160
43 434 -482.316 868.641 160
43 435 -481.72 868.897 160
43 436 -481.49 868.355 160
43 437 -480.398 868.439 160
43 438 -481.163 869.416 160
43 439 -481.163 869.416 160
43 440 -481.163 869.416 160
43 441 -481.593 868.585 160
43 442 -480.944 868.397 160
43 443 -480.723 868.274 160
43 444 -480.723 868.274 160
43 445 -480.413 869.138 160
43 446 -480.59 867.165 160
43 447 -479.263 866.428 160
43 448 -479.169 866.641 160
43 449 -480.124 865.802 160
43 450 -479.234 865.031 160
43 451 -478.142 865.115 160
43 452 -478.142 865.115 160
43 453 -478.142 865.115 160
43 454 -479.219 864.333 160
43 455 -479.765 864.291 160
43 456 -479.765 864.291 160
43 457 -479.204 863.635 160
43 458 -481.386 863.468 160
43 459 -481.386 863.468 160
43 460 -480.841 863.51 160
43 461 -480.841 863.51 160
44 37 -633.933 -780.182 160
44 38 -631.446 -781.075 160
44 39 -627.35 -774.747 160
44 40 -627.533 -771.428 160
44 41 -625.88 -768.743 160
44 42 -623.882 -766.224 160
44 43 -621.966 -762.999 160
44 44 -616.826 -759.026 160
44 45 -614.361 -755.952 160
44 46 -611.452 -751.551 160
44 47 -605.377 -750.314 160
44 48 -599.593 -746.323 160
44 49 -594.696 -742.826 160
44 50 -591.166 -739.326 160
44 51 -586.877 -733.438 160
44 52 -583.124 -733.814 160
44 53 -577.285 -724.743 160
44 54 -572.302 -722.014 160
44 55 -569.003 -717.736 160
44 56 -563.776 -709.166 160
44 57 -558.815 -700.476 160
44 58 -555.029 -695.007 160
44 59 -550.626 -688.412 160
44 60 -546.76 -682.112 160
44 61 -538.672 -677.583 160
44 62 -537.658 -674.153 160
44 63 -531.755 -670.059 160
44 64 -529.19 -664.647 160
44 65 -512.5 -661.308 160
44 66 -507.621 -655.992 160
44 67 -500.875 -649.08 160
44 68 -491.543 -643.288 160
44 69 -485.635 -636.352 160
44 70 -478.242 -632.936 160
44 71 -470.858 -628.257 160
44 72 -462.123 -620.464 160
44 73 -453.874 -611.805 160
44 74 -445.551 -603.787 160
44 75 -437.201 -596.975 160
44 76 -427.053 -588.759 160
44 77 -421.345 -585.92 160
44 78 -411.994 -579.058 160
44 79 -402.579 -574.797 160
44 80 -393.155 -570.004 160
44 81 -377.049 -565.142 160
44 82 -370.46 -558.778 160
44 83 -360.992 -552.375 160
44 84 -350.547 -545.947 160
44 85 -342.931 -541.647 160
44 86 -332.443 -535.194 160
44 87 -322.486 -528.922 160
44 88 -313.808 -520.674 160
44 89 -302.954 -513.061 160
44 90 -295.094 -503.414 160
44 91 -283.589 -497.805 160
44 92 -273.416 -491.835 160
44 93 -266.091 -487.541 160
44 94 -257.501 -481.967 160
44 95 -248.603 -476.572 160
44 96 -237.517 -472.85 160
44 97 -228.118 -465.519 160
44 98 -217.994 -458.744 160
44 99 -207.056 -454.412 160
44 100 -196.73 -447.759 160
44 101 -189.832 -443.315 160
44 102 -177.98 -435.525 160
44 103 -172.018 -428.895 160
44 104 -158.128 -419.942 160
44 105 -150.142 -412.153 160
44 106 -141.173 -406.524 160
44 107 -132.15 -398.135 160
44 108 -124.159 -394.149 160
44 109 -115.169 -390.691 160
44 110 -111.526 -385.841 160
44 111 -101.863 -376.699 160
44 112 -85.502 -373.597 160
44 113 -77.5244 -366.302 160
44 114 -62.1664 -362.356 160
44 115 -56.7179 -360.522 160
44 116 -48.2954 -355.936 160
44 117 -37.0478 -354.936 160
44 118 -26.2998 -346.924 160
44 119 -19.1838 -338.95 160
44 120 -10.867 -334.32 160
44 121 -3.81796 -325.486 160
44 122 4.69011 -319.415 160
44 123 10.4352 -313.106 160
44 124 20.1527 -310.088 160
44 125 26.7925 -304.86 160
44 126 35.158 -300.741 160
44 127 40.9678 -293.828 160
44 128 50.2858 -289.094 160
44 129 58.6372 -283.237 160
44 130 66.9661 -278.507 160
44 131 72.8586 -273.642 160
44 132 79.0164 -272.24 160
44 133 86.1399 -266.07 160
44 134 90.0277 -263.173 160
44 135 99.0119 -256.108 160
44 136 104.413 -249.111 160
44 137 109.627 -247.269 160
44 138 116.656 -243.615 160
44 139 123.128 -238.131 160
44 140 128.238 -235.444 160
44 141 135.385 -234.593 160
44 142 139.64 -231.612 160
44 143 147.474 -229.694 160
44 144 156.402 -226.593 160
44 145 160.624 -224.758 160
44 146 168.307 -222.56 160
44 147 173.855 -218.655 160
44 148 182.656 -213.517 160
44 149 188.213 -211.35 160
44 150 194.735 -205.386 160
44 151 200.142 -201.184 160
44 152 206.078 -196.962 160
44 153 213.217 -191.772 160
44 154 219.486 -189.628 160
44 155 224.836 -187.157 160
44 156 230.655 -185.838 160
44 157 237.648 -182.151 160
44 158 243.015 -179.671 160
44 159 250.612 -174.79 160
44 160 257.169 -169.928 160
44 161 263.546 -168.584 160
44 162 272.1 -166.007 160
44 163 278.309 -158.624 160
44 164 286.907 -153.61 160
44 165 293.579 -149.856 160
44 166 299.282 -146.726 160
44 167 306.054 -143.881 160
44 168 311.771 -136.629 160
44 169 316.542 -127.613 160
44 170 322.459 -117.356 160
44 171 330.268 -111.183 160
44 172 333.755 -106.318 160
44 173 340.547 -99.3914 160
44 174 346.305 -92.818 160
44 175 349.661 -90.3255 160
44 176 358.905 -87.6518 160
44 177 366.327 -80.237 160
44 178 372.037 -74.6615 160
44 179 383.089 -69.5113 160
44 180 388.824 -63.9171 160
44 181 397.59 -57.3135 160
44 182 403.391 -55.0175 160
44 183 411.189 -51.1457 160
44 184 417.834 -48.5152 160
44 185 422.324 -45.9516 160
44 186 430.843 -37.1314 160
44 187 437.595 -28.4796 160
44 188 441.458 -19.8396 160
44 189 452.129 -14.6095 160
44 190 454.809 -4.3191 160
44 191 458.364 3.92196 160
44 192 463.438 12.3041 160
44 193 467.721 15.1848 160
44 194 472.728 21.5893 160
44 195 477.349 30.1635 160
44 196 481.81 33.6 160
44 197 493.759 46.9872 160
44 198 497.117 53.6644 160
44 199 502.274 64.4165 160
44 200 508.319 72.3103 160
44 201 515.162 82.5213 160
44 202 517.504 91.3371 160
44 203 520.206 97.6842 160
44 204 527.682 111.871 160
44 205 535.191 119.563 160
44 206 538.574 134.158 160
44 207 540.498 144.321 160
44 208 543.388 152.648 160
44 209 544.354 157.747 160
44 210 549.989 165.579 160
44 211 551.725 173.263 160
44 212 560.68 180.63 160
44 213 563.041 189.004 160
44 214 568.822 198.178 160
44 215 576.97 208.755 160
44 216 581.094 217.901 160
44 217 584.317 229.595 160
44 218 593.315 236.427 160
44 219 600.515 248.35 160
44 220 603.331 254.934 160
44 221 606.541 266.078 160
44 222 610.893 277.301 160
44 223 617.499 289.107 160
44 224 618.721 302.397 160
44 225 622.819 310.428 160
44 226 626.016 321.05 160
44 227 628.289 329.772 160
44 228 629.855 338.951 160
44 229 632.895 347.653 160
44 230 637.085 356.429 160
44 231 647.374 369.497 160
44 232 648.321 380.139 160
44 233 650.481 391.531 160
44 234 652.586 402.28 160
44 235 653.363 410.982 160
44 236 654.321 421.713 160
44 237 656.617 434.547 160
44 238 657.762 447.352 160
44 239 658.114 464.186 160
44 240 658.961 473.673 160
44 241 659.509 485.627 160
44 242 659.741 495.357 160
44 243 659.186 502.107 160
44 244 661.052 511.616 160
44 245 662.575 522.576 160
44 246 662.972 531.582 160
44 247 664.32 546.694 160
44 248 665.056 554.955 160
44 249 663.761 566.543 160
44 250 662.925 576.805 160
44 251 658.742 579.043 160
44 252 654.642 596.173 160
44 253 654.331 598.347 160
44 254 653.181 611.866 160
44 255 650.307 625.796 160
44 256 651.078 634.507 160
44 257 645.041 642.764 160
44 258 641.022 653.741 160
44 259 637.35 658.871 160
44 260 637.573 668.188 160
44 261 636.526 676.519 160
44 262 633.936 680.555 160
44 263 635.018 693.255 160
44 264 629.708 699.936 160
44 265 632.827 706.915 160
44 266 626.412 716.622 160
44 267 625.467 719.381 160
44 268 621.386 726.876 160
44 269 621.564 729.008 160
44 270 620.914 735.33 160
44 271 620.012 738.355 160
44 272 620.595 739.981 160
44 273 622.469 742.658 160
44 274 622.518 747.482 160
44 275 623.469 751.803 160
44 276 622.163 750.295 160
44 277 621.036 750.928 160
44 278 621.055 751.441 160
44 279 618.278 749.677 160
44 280 619.113 749.651 160
44 281 616.173 749.179 160
44 282 616.042 750.447 160
44 283 616.227 751.399 160
44 284 615.744 755.396 160
44 285 615.814 759.094 160
44 286 615.992 761.239 160
44 287 615.992 761.239 160
44 288 617.298 762.75 160
44 289 617.298 762.75 160
44 290 618.505 763.921 160
44 291 619.507 765.178 160
44 292 619.712 766.08 160
44 293 620.03 767.206 160
44 294 621.397 769.436 160
44 295 624.548 771.79 160
44 296 624.548 771.79 160
44 297 626.797 773.227 160
44 298 626.332 771.913 160
44 299 626.927 771.954 160
44 300 625.452 771.282 160
44 301 627.642 773.428 160
44 302 627.314 773.049 160
44 303 627.107 774.104 160
44 304 627.762 774.862 160
44 305 629.279 775.323 160
44 306 629.195 775.303 160
44 307 629.012 775.661 160
44 308 629.012 775.661 160
44 309 630.978 777.937 160
44 310 630.978 777.937 160
44 311 631.099 779.372 160
44 312 633.352 780.116 160
44 313 632.643 776.625 160
44 314 634.076 779.578 160
44 315 632.885 779.496 160
44 316 632.764 778.06 160
44 317 632.825 778.778 160
44 318 632.825 778.778 160
44 319 632.825 778.778 160
44 320 632.825 778.778 160
44 321 632.885 779.496 160
44 322 633.667 779.357 160
44 323 632.885 779.496 160
44 324 633.576 779.258 160
44 325 632.41 780.891 160
44 326 631.815 780.849 160
44 327 631.815 780.849 160
44 328 631.936 782.286 160
44 329 631.815 780.849 160
44 330 631.936 782.286 160
44 331 631.936 782.286 160
44 332 633.127 782.368 160
44 333 632.057 783.722 160
44 334 631.461 783.681 160
44 335 631.461 783.681 160
44 336 631.461 783.681 160
44 337 630.745 782.203 160
44 338 629.858 781.374 160
44 339 629.858 781.374 160
44 340 630.315 781.317 160
44 341 629.602 781.707 160
44 342 628.631 781.7 160
44 343 628.483 783.474 160
44 344 628.243 780.602 160
44 345 627.768 781.997 160
44 346 628.243 780.602 160
44 347 628.096 782.376 160
44 348 628.243 780.602 160
44 349 628.45 779.546 160
44 350 628.641 779.99 160
44 351 628.243 780.602 160
44 352 628.243 780.602 160
44 353 628.243 780.602 160
44 354 628.243 780.602 160
44 355 627.855 779.505 160
44 356 627.648 780.561 160
44 357 627.407 777.69 160
44 358 627.413 781.577 160
44 359 627.578 777.611 160
44 360 627.648 780.561 160
44 361 627.648 780.561 160
44 362 627.071 779.467 160
44 363 627.247 781.708 160
44 364 627.527 779.125 160
44 365 626.337 779.043 160
44 366 627.476 781.622 160
44 367 627.005 779.101 160
44 368 628.319 782.079 160
44 369 627.407 777.69 160
44 370 627.527 779.125 160
44 371 629.373 779.967 160
44 372 628.183 779.884 160
44 373 628.838 780.643 160
44 374 628.718 779.208 160
44 375 631.501 781.619 160
44 376 631.815 780.849 160
44 377 631.815 780.849 160
44 378 631.815 780.849 160
44 379 633.993 780.001 160
44 380 633.213 779.876 160
44 381 633.213 779.876 160
44 382 632.916 781.969 160
44 383 632.773 781.546 160
44 384 633.006 780.932 160
44 385 632.885 779.496 160
44 386 633.006 780.932 160
44 387 632.41 780.891 160
44 388 633.127 782.368 160
44 389 633.066 781.65 160
44 390 632.945 780.214 160
44 391 632.71 781.919 160
44 392 632.318 779.654 160
44 393 633.127 782.368 160
44 394 633.006 780.932 160
44 395 632.764 778.06 160
44 396 632.885 779.496 160
44 397 632.764 778.06 160
44 398 634.015 778.861 160
44 399 634.55 778.184 160
44 400 632.41 780.891 160
44 401 632.29 779.455 160
44 402 632.885 779.496 160
44 403 632.29 779.455 160
44 404 631.694 779.414 160
44 405 631.694 779.414 160
44 406 631.634 778.696 160
44 407 631.634 778.696 160
44 408 632.169 778.019 160
44 409 633.86 779.682 160
44 410 633.808 779.917 160
44 411 633.412 781.531 160
44 412 633.394 782.03 160
44 413 633.394 782.03 160
44 414 633.394 782.03 160
44 415 632.945 780.214 160
44 416 632.199 780.492 160
44 417 632.199 780.492 160
44 418 633.601 780.973 160
44 419 632.885 779.496 160
44 420 634.049 780.806 160
44 421 633.006 780.932 160
44 422 633.601 780.973 160
44 423 633.601 780.973 160
44 424 634.121 781.235 160
44 425 634.076 779.578 160
44 426 634.076 779.578 160
44 427 634.076 779.578 160
44 428 634.076 779.578 160
44 429 634.076 779.578 160
44 430 635.862 779.702 160
44 431 635.862 779.702 160
44 432 635.862 779.702 160
44 433 635.862 779.702 160
44 434 636.458 779.743 160
44 435 636.458 779.743 160
44 436 636.701 782.616 160
44 437 636.701 782.616 160
44 438 636.701 782.616 160
44 439 636.701 782.616 160
44 440 636.701 782.616 160
44 441 636.701 782.616 160
44 442 636.326 781.817 160
44 443 636.326 781.817 160
44 444 636.105 782.575 160
44 445 636.105 782.575 160
44 446 636.045 781.856 160
44 447 636.045 781.856 160
44 448 636.105 782.575 160
44 449 635.449 781.815 160
44 450 634.914 782.492 160
44 451 634.318 782.451 160
44 452 634.318 782.451 160
44 453 634.318 782.451 160
44 454 634.318 782.451 160
44 455 634.197 781.014 160
44 456 634.197 781.014 160
44 457 634.197 781.014 160
44 458 633.135 779.656 160
44 459 633.006 780.932 160
44 460 633.006 780.932 160
44 461 632.885 779.496 160
45 37 852.765 -580.119 160
45 38 851.847 -579.453 160
45 39 851.743 -578.028 160
45 40 850.54 -577.518 160
45 41 848.38 -576.839 160
45 42 848.815 -576.405 160
45 43 846.937 -575.325 160
45 44 846.154 -575.21 160
45 45 844.06 -573.889 160
45 46 842.449 -572.885 160
45 47 838.411 -571.392 160
45 48 837.582 -568.899 160
45 49 834.383 -566.413 160
45 50 830.63 -565.371 160
45 51 829.632 -560.329 160
45 52 822.993 -558.448 160
45 53 821.576 -556.588 160
45 54 819.749 -551.68 160
45 55 817.271 -549.15 160
45 56 811.963 -543.358 160
45 57 807.747 -538.007 160
45 58 804.417 -535.091 160
45 59 800.737 -530.119 160
45 60 794.862 -525.722 160
45 61 791.519 -522.413 160
45 62 788.354 -513.742 160
45 63 782.771 -509.402 160
45 64 779.878 -505.901 160
45 65 775.04 -499.892 160
45 66 771.395 -498.053 160
45 67 765.816 -490.601 160
45 68 760.857 -487.531 160
45 69 757.151 -482.527 160
45 70 753.808 -474.142 160
45 71 750.915 -466.168 160
45 72 747.529 -459.362 160
45 73 743.686 -453.886 160
45 74 739.482 -448.976 160
45 75 736.113 -443.09 160
45 76 731.26 -436.087 160
45 77 726.46 -431.06 160
45 78 718.691 -423.806 160
45 79 715.188 -416.48 160
45 80 711.539 -411.127 160
45 81 708.276 -404.386 160
45 82 703.888 -399.308 160
45 83 699.463 -391.421 160
45 84 696.694 -384.411 160
45 85 691.244 -379.257 160
45 86 687.773 -367.767 160
45 87 685.593 -361.028 160
45 88 682.224 -351.901 160
45 89 679.158 -345.057 160
45 90 676.056 -336.361 160
45 91 671.405 -331.375 160
45 92 667.31 -323.95 160
45 93 665.186 -314.95 160
45 94 660.943 -306.719 160
45 95 657.708 -295.764 160
45 96 652.888 -290.054 160
45 97 650.282 -282.594 160
45 98 644.161 -274.524 160
45 99 642.408 -264.644 160
45 100 638.757 -257.713 160
45 101 637.642 -248.385 160
45 102 632.431 -233.241 160
45 103 630.653 -229.169 160
45 104 628.334 -215.202 160
45 105 626.941 -211.001 160
45 106 623.7 -199.268 160
45 107 618.989 -191.695 160
45 108 615.681 -180.518 160
45 109 612.097 -172.298 160
45 110 607.809 -164.86 160
45 111 604.5 -159.853 160
45 112 601.476 -145.777 160
45 113 597.872 -137.51 160
45 114 593.792 -123.732 160
45 115 590.035 -115.559 160
45 116 588.91 -103.567 160
45 117 586.165 -97.6257 160
45 118 580.573 -83.6606 160
45 119 575.938 -77.4092 160
45 120 572.607 -65.4031 160
45 121 569.062 -55.8077 160
45 122 564.265 -43.3783 160
45 123 558.729 -32.7133 160
45 124 554.72 -24.8601 160
45 125 548.35 -16.2643 160
45 126 546.079 -6.25709 160
45 127 543.584 5.63407 160
45 128 539.109 18.0614 160
45 129 535.068 30.967 160
45 130 528.648 37.7471 160
45 131 529.59 49.5295 160
45 132 519.071 55.3374 160
45 133 515.742 68.8608 160
45 134 512.448 79.7366 160
45 135 508.466 91.9259 160
45 136 505.182 99.2892 160
45 137 497.387 109.949 160
45 138 493.198 117.597 160
45 139 486.8 132.025 160
45 140 484.981 143.104 160
45 141 478.05 152.484 160
45 142 473.163 161.115 160
45 143 469.463 169.731 160
45 144 461.837 177.823 160
45 145 453.939 185.612 160
45 146 446.763 193.551 160
45 147 438.605 203.362 160
45 148 435.852 211.513 160
45 149 431.721 215.79 160
45 150 423.209 227.275 160
45 151 417.269 231.096 160
45 152 411.753 240.15 160
45 153 405.224 249.743 160
45 154 402.014 255.686 160
45 155 392.299 263.902 160
45 156 388.401 267.896 160
45 157 377.916 272.87 160
45 158 371.655 279.009 160
45 159 366.954 285.179 160
45 160 355.917 294.178 160
45 161 346.992 295.499 160
45 162 339.046 303.759 160
45 163 329.913 302.801 160
45 164 322.446 307.606 160
45 165 316.479 312.76 160
45 166 305.995 313.738 160
45 167 301.068 320.786 160
45 168 291.444 329.802 160
45 169 280.609 330.783 160
45 170 272.541 334.918 160
45 171 264.473 339.053 160
45 172 252.628 344.946 160
45 173 247.118 347.786 160
45 174 237.935 353.343 160
45 175 228.963 357.386 160
45 176 220.4 360.54 160
45 177 209.258 360.278 160
45 178 199.501 363.678 160
45 179 191.98 367.843 160
45 180 182.983 368.943 160
45 181 174.672 373.396 160
45 182 165.94 376.254 160
45 183 155.661 381.261 160
45 184 144.771 383.935 160
45 185 137.688 383.892 160
45 186 127.844 384.677 160
45 187 114.919 387.026 160
45 188 105.456 386.753 160
45 189 96.2482 389.522 160
45 190 88.5364 391.819 160
45 191 77.7108 391.144 160
45 192 67.8413 389.971 160
45 193 59.8639 396.705 160
45 194 49.5572 398.76 160
45 195 39.877 403.452 160
45 196 27.9389 405.417 160
45 197 17.0413 408.545 160
45 198 6.89018 404.21 160
45 199 -1.08986 412.568 160
45 200 -12.427 407.376 160
45 201 -18.6234 414.627 160
45 202 -28.3245 418.009 160
45 203 -41.4494 413.386 160
45 204 -51.642 418.691 160
45 205 -58.4413 418.52 160
45 206 -69.5518 422.171 160
45 207 -78.0534 425.712 160
45 208 -90.9741 431.638 160
45 209 -100.493 436.599 160
45 210 -111.082 438.571 160
45 211 -120.041 437.729 160
45 212 -129.392 444.578 160
45 213 -139.632 444.075 160
45 214 -150.006 448.381 160
45 215 -159.864 452.558 160
45 216 -170.581 451.858 160
45 217 -180.241 455.882 160
45 218 -190.622 456.503 160
45 219 -200.4 459.815 160
45 220 -211.459 462.519 160
45 221 -222.798 463.356 160
45 222 -226.805 469.785 160
45 223 -242.238 470.305 160
45 224 -251.082 475.351 160
45 225 -261.105 476.355 160
45 226 -270.836 479.541 160
45 227 -280.228 480.693 160
45 228 -290.842 487.17 160
45 229 -300.364 487.53 160
45 230 -310.305 489.754 160
45 231 -319.483 490.018 160
45 232 -328.685 491.584 160
45 233 -336.69 490.633 160
45 234 -346.678 495.51 160
45 235 -355.579 499.029 160
45 236 -369.783 497.836 160
45 237 -375.13 500.136 160
45 238 -386.093 505.046 160
45 239 -394.269 500.308 160
45 240 -403.538 505.359 160
45 241 -413.979 505.019 160
45 242 -422.59 510.104 160
45 243 -435.288 507.41 160
45 244 -442.537 511.73 160
45 245 -452.335 512.482 160
45 246 -459.44 507.895 160
45 247 -470.68 508.163 160
45 248 -481.939 511.144 160
45 249 -489.01 511.111 160
45 250 -502.85 514.366 160
45 251 -512.976 515.173 160
45 252 -520.406 514.963 160
45 253 -528.846 515.758 160
45 254 -537.771 515.218 160
45 255 -547.775 515.917 160
45 256 -555.827 521.953 160
45 257 -564.172 521.18 160
45 258 -573.063 523.013 160
45 259 -581.547 522.344 160
45 260 -589.913 521.834 160
45 261 -599.295 520.611 160
45 262 -606.581 519.516 160
45 263 -613.317 517.804 160
45 264 -624.423 521.684 160
45 265 -634.918 525.174 160
45 266 -644.164 526.591 160
45 267 -651.705 526.344 160
45 268 -661.141 527.249 160
45 269 -666.855 526.898 160
45 270 -675.267 528.984 160
45 271 -685.017 525.783 160
45 272 -689.623 528.801 160
45 273 -698.705 527.125 160
45 274 -705.162 527.567 160
45 275 -713.665 527.921 160
45 276 -719.295 526.275 160
45 277 -723.634 528.25 160
45 278 -736.854 525.195 160
45 279 -743.529 524.135 160
45 280 -749.581 523.201 160
45 281 -752.889 522.812 160
45 282 -759.019 523.831 160
45 283 -763.073 522.285 160
45 284 -766.289 524.68 160
45 285 -769.891 524.458 160
45 286 -775.164 526.725 160
45 287 -776.185 530.753 160
45 288 -782.661 527.979 160
45 289 -787.934 534.366 160
45 290 -791.225 537.603 160
45 291 -794.37 537.064 160
45 292 -798.279 535.021 160
45 293 -804.678 542.062 160
45 294 -806.737 543.978 160
45 295 -809.137 545.381 160
45 296 -810.373 549.204 160
45 297 -813.456 549.01 160
45 298 -814.357 552.335 160
45 299 -815.427 551.904 160
45 300 -815.677 553.078 160
45 301 -816.346 553.836 160
45 302 -816.852 554.899 160
45 303 -818.072 555.838 160
45 304 -817.917 555.234 160
45 305 -820.291 557.167 160
45 306 -822.612 556.239 160
45 307 -822.098 556.271 160
45 308 -824.188 556.79 160
45 309 -825.179 556.077 160
45 310 -826.206 556.012 160
45 311 -827.305 557.244 160
45 312 -827.233 555.946 160
45 313 -827.71 555.266 160
45 314 -828.845 557.146 160
45 315 -829.097 555.214 160
45 316 -829.286 555.817 160
45 317 -829.286 555.817 160
45 318 -829.286 555.817 160
45 319 -829.286 555.817 160
45 320 -829.728 554.487 160
45 321 -830.313 555.752 160
45 322 -830.826 555.719 160
45 323 -830.782 556.564 160
45 324 -831.339 555.687 160
45 325 -832.293 554.325 160
45 326 -831.78 554.358 160
45 327 -831.78 554.358 160
45 328 -831.412 556.984 160
45 329 -831.267 554.39 160
45 330 -830.065 557.785 160
45 331 -829.728 554.487 160
45 332 -829.358 557.114 160
45 333 -828.145 558.211 160
45 334 -826.271 555.548 160
45 335 -827.125 554.001 160
45 336 -822.911 552.316 160
45 337 -822.393 552.44 160
45 338 -820.607 550.047 160
45 339 -820.481 550.765 160
45 340 -820.216 550.688 160
45 341 -820.339 550.718 160
45 342 -820.415 549.422 160
45 343 -819.23 551.051 160
45 344 -819.141 550.096 160
45 345 -819.296 550.688 160
45 346 -819.565 549.826 160
45 347 -820.273 551.182 160
45 348 -819.37 549.77 160
45 349 -819.942 550.869 160
45 350 -817.641 548.769 160
45 351 -818.999 546.711 160
45 352 -820.645 548.557 160
45 353 -822.042 545.87 160
45 354 -823.069 545.806 160
45 355 -826.218 546.908 160
45 356 -828.102 548.222 160
45 357 -828.974 547.996 160
45 358 -832.713 547.828 160
45 359 -834.79 543.772 160
45 360 -835.851 544.355 160
45 361 -836.625 546.638 160
45 362 -836.019 545.37 160
45 363 -837.869 546.726 160
45 364 -838.126 547.153 160
45 365 -839.035 546.102 160
45 366 -837.667 549.56 160
45 367 -838.135 547.725 160
45 368 -837.45 551.928 160
45 369 -837.531 550.755 160
45 370 -838.375 552.64 160
45 371 -837.137 552.794 160
45 372 -837.241 553.011 160
45 373 -836.733 554.471 160
45 374 -837.277 551.41 160
45 375 -838.998 554.552 160
45 376 -837.789 551.377 160
45 377 -838.448 553.936 160
45 378 -838.448 553.936 160
45 379 -839.4 552.576 160
45 380 -839.667 554.624 160
45 381 -840.326 552.916 160
45 382 -840.426 552.511 160
45 383 -841.113 553.959 160
45 384 -841.488 553.094 160
45 385 -841.414 551.799 160
45 386 -842.827 552.819 160
45 387 -841.901 552.541 160
45 388 -841.596 551.566 160
45 389 -841.437 553.104 160
45 390 -841.524 553.742 160
45 391 -842.038 553.948 160
45 392 -841.524 553.742 160
45 393 -841.012 553.774 160
45 394 -841.012 553.774 160
45 395 -839.936 555.043 160
45 396 -840.086 553.639 160
45 397 -838.571 552.896 160
45 398 -840.676 553.725 160
45 399 -838.409 551.839 160
45 400 -839.876 551.896 160
45 401 -838.851 551.96 160
45 402 -838.851 551.96 160
45 403 -838.103 553.836 160
45 404 -838.178 551.862 160
45 405 -838.018 551.732 160
45 406 -837.907 551.63 160
45 407 -837.907 551.63 160
45 408 -837.579 552.65 160
45 409 -837.313 552.057 160
45 410 -837.277 551.41 160
45 411 -837.437 552.849 160
45 412 -837.61 553.568 160
45 413 -836.397 554.066 160
45 414 -837.621 553.858 160
45 415 -836.47 555.362 160
45 416 -837.423 554.001 160
45 417 -835.502 555.2 160
45 418 -835.675 556.014 160
45 419 -835.502 555.2 160
45 420 -835.625 555.505 160
45 421 -835.56 554.971 160
45 422 -835.169 555.119 160
45 423 -835.254 555.045 160
45 424 -835.162 554.718 160
45 425 -834.786 552.867 160
45 426 -834.273 552.9 160
45 427 -834.273 552.9 160
45 428 -834.273 552.9 160
45 429 -834.645 553.716 160
45 430 -834.786 552.867 160
45 431 -834.2 551.604 160
45 432 -834.2 551.604 160
45 433 -835.226 551.539 160
45 434 -835.226 551.539 160
45 435 -835.226 551.539 160
45 436 -835.226 551.539 160
45 437 -835.608 552.433 160
45 438 -835.79 552.957 160
45 439 -835.79 552.957 160
45 440 -836.73 552.925 160
45 441 -836.918 552.342 160
45 442 -836.404 553.109 160
45 443 -837.277 551.41 160
45 444 -836.404 553.109 160
45 445 -837.277 551.41 160
45 446 -837.811 551.223 160
45 447 -838.448 553.936 160
45 448 -838.302 551.345 160
45 449 -838.339 551.993 160
45 450 -838.728 554.449 160
45 451 -838.13 554.672 160
45 452 -837.935 553.969 160
45 453 -838.061 553.936 160
45 454 -838.721 553.829 160
45 455 -838.961 553.904 160
45 456 -838.646 553.794 160
45 457 -838.804 553.849 160
45 458 -838.858 554.763 160
45 459 -838.969 554.665 160
45 460 -840.305 555.196 160
45 461 -838.613 552.3 160
46 37 -838.745 -560.041 160
46 38 -837.768 -561.06 160
46 39 -837.795 -559.363 160
46 40 -837.833 -560.032 160
46 41 -836.324 -559.462 160
46 42 -834.887 -560.416 160
46 43 -833.761 -560.457 160
46 44 -833.271 -559.989 160
46 45 -832.358 -559.98 160
46 46 -827.827 -558.27 160
46 47 -826.411 -558.864 160
46 48 -824.062 -557.853 160
46 49 -821.201 -555.929 160
46 50 -817.748 -555.164 160
46 51 -817.573 -554.905 160
46 52 -813.485 -554.649 160
46 53 -812.174 -549.063 160
46 54 -809.343 -547.382 160
46 55 -804.03 -544.227 160
46 56 -797.914 -538.99 160
46 57 -795.805 -536.699 160
46 58 -790.35 -534.765 160
46 59 -787.522 -532.494 160
46 60 -782.029 -527.408 160
46 61 -777.795 -524.191 160
46 62 -772.139 -520.038 160
46 63 -767.245 -518.086 160
46 64 -760.364 -512.136 160
46 65 -752.513 -509.757 160
46 66 -746.141 -508.24 160
46 67 -742.793 -503.598 160
46 68 -737.602 -502.258 160
46 69 -729.869 -500.194 160
46 70 -725.241 -494.988 160
46 71 -718.726 -491.736 160
46 72 -711.828 -484.53 160
46 73 -707.126 -480.657 160
46 74 -699.507 -474.039 160
46 75 -699.397 -477.857 160
46 76 -693.484 -473.43 160
46 77 -675.111 -462.571 160
46 78 -675.069 -464.55 160
46 79 -671.35 -459.286 160
46 80 -665.738 -455.716 160
46 81 -657.591 -448.024 160
46 82 -644.765 -437.534 160
46 83 -639.31 -434.965 160
46 84 -632.818 -432.196 160
46 85 -623.286 -426.05 160
46 86 -620.903 -422.918 160
46 87 -613.058 -417.723 160
46 88 -608.995 -409.927 160
46 89 -599.536 -406.577 160
46 90 -593.334 -400.498 160
46 91 -587.345 -396.159 160
46 92 -581.155 -392.123 160
46 93 -575.691 -386.645 160
46 94 -570.446 -385.763 160
46 95 -563.333 -380.559 160
46 96 -555.688 -375.77 160
46 97 -548.916 -372.618 160
46 98 -540.927 -367.58 160
46 99 -534.563 -363.926 160
46 100 -525.867 -357.496 160
46 101 -520.164 -355.205 160
46 102 -510.665 -350.654 160
46 103 -509.033 -349.016 160
46 104 -500.312 -341.15 160
46 105 -494.933 -334.77 160
46 106 -489.353 -332.99 160
46 107 -481.688 -328.373 160
46 108 -481.483 -328.413 160
46 109 -463.872 -319.585 160
46 110 -457.501 -314.255 160
46 111 -451.332 -308.512 160
46 112 -447.09 -308.544 160
46 113 -437.657 -302.953 160
46 114 -436.767 -298.5 160
46 115 -426.306 -296.543 160
46 116 -420.301 -291.481 160
46 117 -414.244 -291.303 160
46 118 -407.995 -287.573 160
46 119 -401.961 -282.717 160
46 120 -396.523 -278.705 160
46 121 -391.5 -274.685 160
46 122 -385.35 -270.634 160
46 123 -379.58 -268.489 160
46 124 -374.21 -267.761 160
46 125 -366.005 -261.567 160
46 126 -364.025 -258.101 160
46 127 -358.889 -258.956 160
46 128 -354.566 -256.408 160
46 129 -349.606 -252.989 160
46 130 -345.002 -250.024 160
46 131 -339.898 -247.1 160
46 132 -333.854 -245.863 160
46 133 -327.933 -243.467 160
46 134 -323.492 -241.105 160
46 135 -319.357 -238.432 160
46 136 -316.08 -237.54 160
46 137 -313.721 -232.217 160
46 138 -307.634 -230.156 160
46 139 -303.624 -227.284 160
46 140 -299.835 -225.242 160
46 141 -294.163 -220.408 160
46 142 -289.83 -217.643 160
46 143 -285.728 -213.326 160
46 144 -280.381 -209.449 160
46 145 -277.273 -206.616 160
46 146 -272.404 -203.552 160
46 147 -268.41 -200.029 160
46 148 -261.638 -196.601 160
46 149 -258.164 -195.665 160
46 150 -254.397 -191.67 160
46 151 -249.884 -189.264 160
46 152 -241.812 -184.975 160
46 153 -239.504 -186.092 160
46 154 -230.293 -183.016 160
46 155 -228.276 -180.669 160
46 156 -224.44 -176.664 160
46 157 -221.204 -172.442 160
46 158 -217.559 -167.973 160
46 159 -211.093 -165.263 160
46 160 -208.001 -164.303 160
46 161 -203.526 -160.145 160
46 162 -200 -160.128 160
46 163 -195.904 -157.926 160
46 164 -189.802 -151.566 160
46 165 -183.558 -149.193 160
46 166 -182.559 -147.047 160
46 167 -178.086 -144.13 160
46 168 -173.829 -142.074 160
46 169 -170.529 -138.467 160
46 170 -166.027 -135.924 160
46 171 -162.146 -132.887 160
46 172 -157.485 -131.438 160
46 173 -152.047 -130.036 160
46 174 -147.973 -129.917 160
46 175 -141.788 -124.546 160
46 176 -136.75 -122.76 160
46 177 -134.14 -123.692 160
46 178 -127.522 -117.869 160
46 179 -123.356 -118.71 160
46 180 -119.088 -116.753 160
46 181 -118.216 -113.631 160
46 182 -113.958 -113.427 160
46 183 -112.144 -110.484 160
46 184 -106.245 -103 160
46 185 -101.93 -100.445 160
46 186 -97.4307 -96.8709 160
46 187 -94.8343 -95.0309 160
46 188 -90.5256 -90.4452 160
46 189 -88.1927 -88.0493 160
46 190 -83.16 -84.3006 160
46 191 -80.2211 -82.2347 160
46 192 -76.7993 -78.663 160
46 193 -71.9885 -77.0273 160
46 194 -72.5085 -76.1912 160
46 195 -67.2143 -75.3431 160
46 196 -64.6843 -72.5488 160
46 197 -61.942 -69.0404 160
46 198 -60.7346 -67.5235 160
46 199 -57.1784 -63.8008 160
46 200 -53.9438 -59.3267 160
46 201 -53.133 -55.1506 160
46 202 -49.1565 -51.1017 160
46 203 -50.9686 -48.6693 160
46 204 -50.1046 -46.9791 160
46 205 -48.9924 -43.3791 160
46 206 -47.93 -42.1555 160
46 207 -44.281 -37.8409 160
46 208 -44.0457 -35.1267 160
46 209 -40.3963 -31.9675 160
46 210 -40.0917 -30.3998 160
46 211 -36.2612 -30.4577 160
46 212 -34.8575 -27.6406 160
46 213 -32.8572 -26.4981 160
46 214 -31.0015 -25.3576 160
46 215 -27.5361 -23.8994 160
46 216 -24.9337 -23.8111 160
46 217 -22.1023 -22.0163 160
46 218 -20.1137 -21.989 160
46 219 -17.317 -20.8636 160
46 220 -13.5713 -20.1658 160
46 221 -10.4806 -18.2388 160
46 222 -7.25138 -16.6782 160
46 223 -4.06293 -15.1538 160
46 224 -2.41802 -15.6817 160
46 225 -0.635747 -13.3476 160
46 226 1.18616 -11.1448 160
46 227 5.89197 -10.4909 160
46 228 7.98223 -6.58069 160
46 229 10.25 -5.05211 160
46 230 12.9855 -3.2857 160
46 231 15.7477 -1.37412 160
46 232 18.5339 1.70073 160
46 233 19.3577 1.95909 160
46 234 20.0203 0.581792 160
46 235 23.0717 2.57798 160
46 236 26.6066 5.2819 160
46 237 28.5298 7.26512 160
46 238 29.9847 8.97886 160
46 239 35.3981 14.3064 160
46 240 38.3031 17.6973 160
46 241 42.7249 20.7736 160
46 242 45.2322 27.4581 160
46 243 47.9565 30.1543 160
46 244 49.9818 34.3462 160
46 245 52.9281 37.6061 160
46 246 52.9175 39.2807 160
46 247 56.9113 46.8577 160
46 248 60.1002 47.5839 160
46 249 66.5818 52.0819 160
46 250 69.8961 53.8919 160
46 251 76.3117 58.5365 160
46 252 77.4953 62.2394 160
46 253 84.3647 64.3225 160
46 254 88.822 68.163 160
46 255 93.9916 72.8007 160
46 256 100.676 77.7306 160
46 257 103.893 79.7055 160
46 258 110.735 86.764 160
46 259 115.624 89.41 160
46 260 118.94 92.6117 160
46 261 125.511 97.1746 160
46 262 129.277 101.31 160
46 263 134.4 106.15 160
46 264 139.998 112.545 160
46 265 145.581 118.331 160
46 266 152.144 121.689 160
46 267 156.619 126.206 160
46 268 162.122 129.53 160
46 269 168.52 128.55 160
46 270 172.985 132.455 160
46 271 178.973 136.676 160
46 272 184.03 139.122 160
46 273 189.589 143.084 160
46 274 196.179 145.848 160
46 275 203.606 154.888 160
46 276 206.427 157.505 160
46 277 215.266 161.626 160
46 278 217.613 165.48 160
46 279 224.362 170.777 160
46 280 230.999 173.567 160
46 281 238.059 176.002 160
46 282 242.846 179.287 160
46 283 247.814 184.338 160
46 284 255.699 189.715 160
46 285 260.388 196.221 160
46 286 269.257 199.133 160
46 287 274.991 204.438 160
46 288 279.502 207.166 160
46 289 285.595 210.555 160
46 290 293.044 211.056 160
46 291 298.547 215.609 160
46 292 304.555 218.302 160
46 293 311.754 221.592 160
46 294 317.58 222.805 160
46 295 323.154 224.325 160
46 296 331.31 232.328 160
46 297 335.299 236.586 160
46 298 341.539 237.89 160
46 299 347.174 240.06 160
46 300 349.616 244.002 160
46 301 355.338 247.459 160
46 302 361.66 249.979 160
46 303 365.615 253.049 160
46 304 371.155 253.304 160
46 305 378.628 259.96 160
46 306 380.497 260.292 160
46 307 392.299 263.902 160
46 308 397.695 264.217 160
46 309 403.429 266.767 160
46 310 409.57 267.177 160
46 311 411.361 269.403 160
46 312 419.223 272.857 160
46 313 424.044 272.462 160
46 314 434.64 277.594 160
46 315 440.925 279.745 160
46 316 445.409 285.073 160
46 317 449.93 285.933 160
46 318 457.999 289.549 160
46 319 461.781 293.564 160
46 320 468.882 293.304 160
46 321 474.074 295.495 160
46 322 480.39 296.788 160
46 323 484.834 302.097 160
46 324 487.121 304.081 160
46 325 495.175 308.192 160
46 326 502.228 312.437 160
46 327 509.192 315.379 160
46 328 516.914 321.371 160
46 329 522.164 323.183 160
46 330 523.331 324.295 160
46 331 533.935 329.639 160
46 332 540.938 332.6 160
46 333 546.709 334.194 160
46 334 553.726 337.16 160
46 335 558.509 341.099 160
46 336 567.06 346.743 160
46 337 574.226 352.621 160
46 338 577.805 354.774 160
46 339 586.852 360.391 160
46 340 589.789 363.049 160
46 341 595.852 366.886 160
46 342 600.534 368.443 160
46 343 607.285 377.016 160
46 344 610.418 377.539 160
46 345 620.682 386.808 160
46 346 627.325 388.344 160
46 347 632.616 396.585 160
46 348 637.331 398.16 160
46 349 644.468 401.191 160
46 350 649.634 404.784 160
46 351 655.229 408.106 160
46 352 660.977 410.782 160
46 353 666.396 414.579 160
46 354 671.156 417.259 160
46 355 680.254 422.419 160
46 356 684.799 428.015 160
46 357 689.681 430.955 160
46 358 695.789 434.633 160
46 359 701.714 436.293 160
46 360 708.217 444.031 160
46 361 712.152 448.952 160
46 362 719.323 451.36 160
46 363 725.728 457.773 160
46 364 730.519 459.384 160
46 365 738.306 467.914 160
46 366 744.609 472.995 160
46 367 748.115 473.189 160
46 368 752.158 478.831 160
46 369 760.039 480.258 160
46 370 761.859 482.759 160
46 371 768.369 487.519 160
46 372 770.158 487.679 160
46 373 773.433 493.593 160
46 374 779.371 494.605 160
46 375 784.902 503.087 160
46 376 788.569 504.657 160
46 377 791.531 507.894 160
46 378 794.635 512.617 160
46 379 795.761 513.556 160
46 380 802.991 515.401 160
46 381 805.147 517.889 160
46 382 808.665 523.565 160
46 383 812.94 525.179 160
46 384 815.661 528.762 160
46 385 818.241 530.967 160
46 386 822.521 534.698 160
46 387 825.234 537.136 160
46 388 828.906 540.165 160
46 389 829.758 539.871 160
46 390 829.966 542.299 160
46 391 834.042 546.997 160
46 392 834.042 546.997 160
46 393 836.704 552.111 160
46 394 838.018 551.265 160
46 395 839.373 552.818 160
46 396 840.885 553.619 160
46 397 841.747 552.957 160
46 398 843.081 554.414 160
46 399 844.195 553.789 160
46 400 846.495 553.234 160
46 401 846.792 550.495 160
46 402 846.199 550.46 160
46 403 846.199 550.46 160
46 404 846.199 550.46 160
46 405 846.199 550.46 160
46 406 846.199 550.46 160
46 407 846.199 550.46 160
46 408 846.199 550.46 160
46 409 843.899 551.015 160
46 410 843.825 550.322 160
46 411 842.638 550.253 160
46 412 841.452 550.183 160
46 413 840.265 550.114 160
46 414 840.265 550.114 160
46 415 840.711 548.763 160
46 416 839.116 552.51 160
46 417 838.04 551.362 160
46 418 839.049 553.658 160
46 419 837.819 549.283 160
46 420 838.854 552.374 160
46 421 839.226 551.432 160
46 422 839.226 551.432 160
46 423 840.412 551.501 160
46 424 842.094 552.899 160
46 425 840.192 549.421 160
46 426 840.265 550.114 160
46 427 840.265 550.114 160
46 428 840.265 550.114 160
46 429 840.339 550.808 160
46 430 840.265 550.114 160
46 431 840.265 550.114 160
46 432 840.265 550.114 160
46 433 840.265 550.114 160
46 434 840.288 550.212 160
46 435 840.288 550.212 160
46 436 840.213 550.507 160
46 437 840.213 550.507 160
46 438 839.868 550.704 160
46 439 840.412 551.501 160
46 440 840.412 551.501 160
46 441 839.226 551.432 160
46 442 839.079 550.045 160
46 443 839.079 550.045 160
46 444 839.079 550.045 160
46 445 838.486 550.011 160
46 446 838.486 550.011 160
46 447 838.486 550.011 160
46 448 838.486 550.011 160
46 449 837.3 549.941 160
46 450 837.447 551.328 160
46 451 837.912 549.713 160
46 452 837.447 551.328 160
46 453 837.447 551.328 160
46 454 837.447 551.328 160
46 455 837.153 548.555 160
46 456 837.153 548.555 160
46 457 837.153 548.555 160
46 458 837.746 548.59 160
46 459 837.746 548.59 160
46 460 837.746 548.59 160
46 461 837.746 548.59 160
47 37 945.428 -409.715 160
47 38 943.797 -409.189 160
47 39 943.336 -409.563 160
47 40 942.341 -411.129 160
47 41 941.352 -410.949 160
47 42 939.917 -410.764 160
47 43 938.9 -410.206 160
47 44 936.794 -409.664 160
47 45 935.557 -410.831 160
47 46 933.451 -410.289 160
47 47 932.434 -409.731 160
47 48 930.182 -409.571 160
47 49 927.786 -412.097 160
47 50 924.375 -413.296 160
47 51 922.199 -413.329 160
47 52 919.348 -415.962 160
47 53 916.471 -415.708 160
47 54 913.108 -420.91 160
47 55 909.859 -422.263 160
47 56 907.578 -426.138 160
47 57 904.038 -428.474 160
47 58 901.043 -430.801 160
47 59 897.909 -434.269 160
47 60 893.624 -438.319 160
47 61 890.427 -442.35 160
47 62 884.67 -445.274 160
47 63 882.091 -448.72 160
47 64 878.781 -449.333 160
47 65 872.969 -452.819 160
47 66 869.32 -456.271 160
47 67 864.241 -458.843 160
47 68 861.897 -464.299 160
47 69 853.768 -468.204 160
47 70 849.923 -470.106 160
47 71 841.329 -474.732 160
47 72 835.828 -475.928 160
47 73 828.849 -479.735 160
47 74 822.854 -481.228 160
47 75 816.819 -482.922 160
47 76 811.208 -485.24 160
47 77 805.603 -487.556 160
47 78 791.619 -497.54 160
47 79 792.148 -493.329 160
47 80 783.327 -496.38 160
47 81 776.877 -501.348 160
47 82 769.495 -504.463 160
47 83 762.96 -507.096 160
47 84 756.341 -509.402 160
47 85 750.789 -511.695 160
47 86 745.243 -513.986 160
47 87 738.822 -514.613 160
47 88 733.525 -514.67 160
47 89 725.876 -516.979 160
47 90 717.414 -517.07 160
47 91 708.841 -518.274 160
47 92 701.568 -518.718 160
47 93 692.833 -520.111 160
47 94 687.858 -518.797 160
47 95 678.715 -519.15 160
47 96 669.707 -519.801 160
47 97 663.448 -519.312 160
47 98 656.195 -518.28 160
47 99 647.84 -517.815 160
47 100 640.122 -516.234 160
47 101 633.807 -516.135 160
47 102 627.905 -514.048 160
47 103 614 -515.407 160
47 104 606.35 -513.274 160
47 105 599.338 -515.566 160
47 106 590.497 -515.108 160
47 107 581.339 -512.44 160
47 108 574.124 -511.412 160
47 109 565.966 -509.288 160
47 110 556.598 -510.532 160
47 111 547.652 -510.034 160
47 112 538.852 -509.59 160
47 113 529.482 -509.694 160
47 114 520.351 -507.032 160
47 115 512.079 -506.573 160
47 116 503.948 -504.454 160
47 117 496.452 -503.744 160
47 118 486.523 -501.89 160
47 119 476.23 -502.594 160
47 120 469.33 -503.192 160
47 121 460.487 -503.845 160
47 122 450.058 -505.067 160
47 123 440.969 -503.738 160
47 124 431.424 -505.83 160
47 125 424.128 -502.718 160
47 126 416.743 -502.814 160
47 127 410.328 -505.52 160
47 128 401.127 -502.366 160
47 129 393.452 -501.541 160
47 130 386.491 -500.84 160
47 131 377.239 -500.947 160
47 132 368.515 -502.478 160
47 133 359.749 -501.7 160
47 134 352.606 -501.233 160
47 135 344.443 -500.779 160
47 136 336.762 -500.868 160
47 137 328.575 -500.963 160
47 138 321.286 -502.486 160
47 139 313.549 -504.428 160
47 140 304.639 -508.365 160
47 141 296.352 -510.648 160
47 142 287.056 -512.939 160
47 143 280.76 -516.286 160
47 144 274.202 -516.718 160
47 145 267.082 -519.273 160
47 146 260.472 -521.732 160
47 147 252.442 -521.044 160
47 148 245.465 -521.577 160
47 149 238.259 -523.831 160
47 150 231.681 -523.901 160
47 151 224.601 -524.76 160
47 152 217.781 -528.94 160
47 153 208.724 -528.491 160
47 154 203.599 -530.173 160
47 155 197.146 -528.406 160
47 156 189.139 -528.826 160
47 157 180.482 -529.328 160
47 158 172.799 -529.776 160
47 159 166.401 -529.474 160
47 160 158.315 -530.642 160
47 161 153.405 -532.749 160
47 162 143.862 -534.08 160
47 163 136.493 -536.814 160
47 164 126.196 -536.335 160
47 165 121.024 -535.89 160
47 166 110.984 -537.072 160
47 167 104.013 -536.602 160
47 168 97.0864 -535.054 160
47 169 91.16 -533.496 160
47 170 83.3687 -531.169 160
47 171 76.0576 -531.062 160
47 172 68.1809 -533.3 160
47 173 60.1927 -532.38 160
47 174 53.4651 -532.837 160
47 175 44.4185 -532.359 160
47 176 36.3426 -531.517 160
47 177 30.2216 -529.847 160
47 178 23.6535 -529.883 160
47 179 16.9694 -528.273 160
47 180 8.07086 -527.247 160
47 181 0.00541301 -525.287 160
47 182 -5.75473 -525.995 160
47 183 -14.8958 -527.598 160
47 184 -22.9591 -527.21 160
47 185 -34.6786 -528.882 160
47 186 -40.573 -527.87 160
47 187 -49.4229 -526.889 160
47 188 -55.4154 -526.094 160
47 189 -66.9329 -524.113 160
47 190 -73.974 -523.931 160
47 191 -81.9654 -520.152 160
47 192 -90.5826 -521.653 160
47 193 -98.4859 -520.977 160
47 194 -108.266 -518.938 160
47 195 -116.132 -517.04 160
47 196 -124.406 -516.435 160
47 197 -133.705 -516.002 160
47 198 -144.471 -516.123 160
47 199 -151.293 -514.055 160
47 200 -160.106 -515.762 160
47 201 -175.257 -507.037 160
47 202 -177.644 -512.21 160
47 203 -185.422 -509.085 160
47 204 -192.734 -509.169 160
47 205 -200.035 -508.182 160
47 206 -213.454 -505.018 160
47 207 -220.465 -506.814 160
47 208 -229.202 -503.169 160
47 209 -234.694 -499.646 160
47 210 -244.735 -497.463 160
47 211 -250.559 -494.854 160
47 212 -258.178 -493.287 160
47 213 -266.57 -492.908 160
47 214 -273.045 -487.875 160
47 215 -280.152 -487.182 160
47 216 -287.915 -483.527 160
47 217 -295.673 -476.511 160
47 218 -302.107 -472.117 160
47 219 -307.834 -469.829 160
47 220 -315.595 -467.246 160
47 221 -321.333 -463.345 160
47 222 -327.266 -459.338 160
47 223 -334.075 -455.127 160
47 224 -343.109 -454.07 160
47 225 -346.698 -449.92 160
47 226 -357.665 -443.233 160
47 227 -361.552 -443.14 160
47 228 -368.237 -436.03 160
47 229 -373.971 -431.98 160
47 230 -375.973 -426.605 160
47 231 -385.712 -421.347 160
47 232 -389.769 -416.105 160
47 233 -394.067 -411.134 160
47 234 -398.86 -406.808 160
47 235 -401.466 -399.683 160
47 236 -408.34 -395.68 160
47 237 -410.225 -389.325 160
47 238 -415.436 -383.315 160
47 239 -420.685 -375.414 160
47 240 -422.354 -368.672 160
47 241 -426.307 -364.371 160
47 242 -432.313 -354.553 160
47 243 -436.757 -349.781 160
47 244 -440.267 -343.813 160
47 245 -445.203 -339.516 160
47 246 -452.166 -331.529 160
47 247 -454.688 -326.505 160
47 248 -459.578 -320.213 160
47 249 -463.722 -312.288 160
47 250 -467.52 -307.905 160
47 251 -473.268 -299.467 160
47 252 -478.238 -293.861 160
47 253 -485.223 -286.254 160
47 254 -485.397 -279.041 160
47 255 -487.763 -276.961 160
47 256 -492.005 -267.512 160
47 257 -497.294 -265.809 160
47 258 -501.531 -256.589 160
47 259 -502.782 -251.54 160
47 260 -509.197 -240.661 160
47 261 -510.883 -234.454 160
47 262 -515.908 -228.973 160
47 263 -519.961 -223.465 160
47 264 -528.117 -214.459 160
47 265 -532.043 -210.286 160
47 266 -538.966 -207.09 160
47 267 -541.975 -204.354 160
47 268 -546.674 -197.378 160
47 269 -551.667 -190.516 160
47 270 -556.988 -184.571 160
47 271 -562.211 -181.197 160
47 272 -565.855 -173.558 160
47 273 -569.011 -167.232 160
47 274 -573.121 -159.315 160
47 275 -577.742 -154.425 160
47 276 -581.745 -151.699 160
47 277 -585.377 -145.547 160
47 278 -588.973 -140.528 160
47 279 -593.098 -132.488 160
47 280 -597.054 -126.903 160
47 281 -602.678 -120.742 160
47 282 -603.284 -112.307 160
47 283 -607.624 -104.797 160
47 284 -613.516 -99.1721 160
47 285 -616.18 -92.147 160
47 286 -621.316 -85.9842 160
47 287 -626.858 -82.1327 160
47 288 -630.832 -74.4829 160
47 289 -633.741 -69.0973 160
47 290 -640.808 -64.1335 160
47 291 -645.375 -55.4987 160
47 292 -649.186 -51.1122 160
47 293 -652.435 -43.6897 160
47 294 -655.689 -36.2582 160
47 295 -662.899 -28.3731 160
47 296 -666.736 -21.337 160
47 297 -668.546 -11.0995 160
47 298 -672.441 -7.05086 160
47 299 -674.77 -3.73351 160
47 300 -679.141 2.37759 160
47 301 -682.187 8.27811 160
47 302 -683.586 16.6054 160
47 303 -686.263 25.2239 160
47 304 -691.149 32.5911 160
47 305 -694.769 40.9022 160
47 306 -695.231 46.5717 160
47 307 -702.018 54.5725 160
47 308 -703.602 61.1301 160
47 309 -707.973 64.5576 160
47 310 -711.526 67.8008 160
47 311 -717.096 80.0749 160
47 312 -720.148 82.8711 160
47 313 -723.338 87.4939 160
47 314 -728.011 97.5973 160
47 315 -734.052 104.313 160
47 316 -736.316 114.341 160
47 317 -739.833 119.797 160
47 318 -743.623 125.32 160
47 319 -747.499 131.713 160
47 320 -750.932 136.84 160
47 321 -754.226 141.138 160
47 322 -758.119 149.376 160
47 323 -762.778 155.279 160
47 324 -765.504 162.591 160
47 325 -768.853 169.677 160
47 326 -773.208 175.941 160
47 327 -776.855 180.974 160
47 328 -786.306 189.522 160
47 329 -790.905 196.192 160
47 330 -795.866 205.062 160
47 331 -801.198 211.495 160
47 332 -808.353 220.161 160
47 333 -809.787 222.65 160
47 334 -815.389 228.355 160
47 335 -824.04 239.567 160
47 336 -828.356 242.502 160
47 337 -830.233 249.136 160
47 338 -832.469 253.311 160
47 339 -836.981 262.281 160
47 340 -841.25 266.978 160
47 341 -842.452 272.481 160
47 342 -846.661 274.079 160
47 343 -852.002 280.182 160
47 344 -856.304 282.353 160
47 345 -857.573 289.53 160
47 346 -860.212 291.862 160
47 347 -863 301.079 160
47 348 -867.512 305.067 160
47 349 -871.341 310.433 160
47 350 -874.482 316.058 160
47 351 -877.171 319.639 160
47 352 -881.03 325.221 160
47 353 -884.106 329.451 160
47 354 -889.184 331.809 160
47 355 -894.064 336.147 160
47 356 -897.907 338.304 160
47 357 -902.016 339.897 160
47 358 -904.608 344.187 160
47 359 -908.474 343.834 160
47 360 -909.454 351.249 160
47 361 -914.413 352.182 160
47 362 -916.034 355.475 160
47 363 -917.031 358.29 160
47 364 -919.99 360.129 160
47 365 -920.933 361.467 160
47 366 -921.246 363.08 160
47 367 -923.941 363.559 160
47 368 -928.481 366.431 160
47 369 -930.411 364.747 160
47 370 -930.281 366.263 160
47 371 -929.479 366.377 160
47 372 -929.97 364.728 160
47 373 -929.978 366.35 160
47 374 -931.351 364.403 160
47 375 -930.485 366.091 160
47 376 -930.432 364.746 160
47 377 -931.313 365.047 160
47 378 -931.503 364.563 160
47 379 -931.309 363.782 160
47 380 -934.219 362.377 160
47 381 -935.203 364.27 160
47 382 -935.84 364.159 160
47 383 -935.798 363.538 160
47 384 -937.461 365.943 160
47 385 -937.461 365.943 160
47 386 -938.5 366.51 160
47 387 -938.5 366.51 160
47 388 -938.469 369.364 160
47 389 -939.736 369.299 160
47 390 -939.746 369.186 160
47 391 -940.621 368.267 160
47 392 -940.621 368.267 160
47 393 -940.064 370.44 160
47 394 -940.621 368.267 160
47 395 -940.705 369.511 160
47 396 -940.464 371.09 160
47 397 -940.705 369.511 160
47 398 -939.707 369.565 160
47 399 -940.295 372.461 160
47 400 -939.647 371.599 160
47 401 -939.334 371.459 160
47 402 -939.334 371.459 160
47 403 -938.877 372.108 160
47 404 -938.793 370.864 160
47 405 -937.837 371.541 160
47 406 -937.837 371.541 160
47 407 -938.877 372.108 160
47 408 -936.965 373.463 160
47 409 -935.967 373.517 160
47 410 -935.758 374.741 160
47 411 -934.053 374.872 160
47 412 -933.055 374.927 160
47 413 -932.555 374.954 160
47 414 -931.64 376.255 160
47 415 -931.14 376.283 160
47 416 -931.182 376.906 160
47 417 -930.453 378.266 160
47 418 -930.724 377.556 160
47 419 -928.686 377.521 160
47 420 -928.225 377.694 160
47 421 -927.144 376.502 160
47 422 -927.685 378.333 160
47 423 -927.144 376.502 160
47 424 -926.559 378.286 160
47 425 -925.953 378.897 160
47 426 -925.326 377.927 160
47 427 -926.007 378.679 160
47 428 -926.023 378.719 160
47 429 -925.894 377.321 160
47 430 -925.955 378.513 160
47 431 -925.955 378.513 160
47 432 -926.309 379.05 160
47 433 -927.308 378.996 160
47 434 -928.225 377.694 160
47 435 -929.616 377.714 160
47 436 -931.14 376.283 160
47 437 -931.474 373.763 160
47 438 -933.204 376.877 160
47 439 -933.554 374.9 160
47 440 -936.05 374.763 160
47 441 -936.549 374.735 160
47 442 -936.653 374.042 160
47 443 -938.353 374.379 160
47 444 -938.546 374.626 160
47 445 -939.497 372.993 160
47 446 -940.542 374.516 160
47 447 -940.718 373.308 160
47 448 -941.125 375.735 160
47 449 -941.031 372.865 160
47 450 -940.728 373.569 160
47 451 -942.24 375.923 160
47 452 -942.29 376.671 160
47 453 -942.09 376.439 160
47 454 -942.202 376.375 160
47 455 -941.849 376.166 160
47 456 -942.334 376.271 160
47 457 -942.478 377.223 160
47 458 -942.36 376.339 160
47 459 -942.157 375.937 160
47 460 -942.392 376.645 160
47 461 -943.038 376.086 160
48 37 -973.837 -199.66 160
48 38 -973.754 -200.764 160
48 39 -971.881 -200.714 160
48 40 -969.07 -200.638 160
48 41 -967.277 -199.483 160
48 42 -966.381 -198.905 160
48 43 -963.527 -199.381 160
48 44 -961.596 -195.95 160
48 45 -957.939 -198.677 160
48 46 -955.322 -195.037 160
48 47 -953.094 -195.231 160
48 48 -950.947 -193.941 160
48 49 -947.58 -190.686 160
48 50 -943.981 -189.977 160
48 51 -942.849 -186.057 160
48 52 -939.126 -184.975 160
48 53 -937.478 -182.015 160
48 54 -931.825 -181.858 160
48 55 -929.625 -179.57 160
48 56 -924.826 -173.862 160
48 57 -922.737 -169.897 160
48 58 -918.787 -166.009 160
48 59 -916.182 -164.996 160
48 60 -912.878 -161.792 160
48 61 -909.207 -160.008 160
48 62 -905.097 -157.649 160
48 63 -903.722 -156.68 160
48 64 -898.982 -153.268 160
48 65 -896.244 -155.151 160
48 66 -892.442 -150.878 160
48 67 -888.608 -146.97 160
48 68 -884.328 -144.022 160
48 69 -879.268 -145.672 160
48 70 -875.826 -139.945 160
48 71 -870.115 -139.774 160
48 72 -867.935 -135.616 160
48 73 -864.97 -134.764 160
48 74 -859.247 -130.428 160
48 75 -854.565 -128.553 160
48 76 -849.98 -125.629 160
48 77 -843.49 -125.735 160
48 78 -837.622 -124.121 160
48 79 -832.973 -121.716 160
48 80 -822.488 -122.742 160
48 81 -821.448 -121.459 160
48 82 -819.612 -117.03 160
48 83 -811.128 -117.646 160
48 84 -807.353 -116.395 160
48 85 -803.032 -116.262 160
48 86 -798.004 -109.473 160
48 87 -793.272 -109.362 160
48 88 -790.261 -106.93 160
48 89 -781.867 -105.736 160
48 90 -778.067 -103.16 160
48 91 -772.076 -100.508 160
48 92 -767.824 -98.6634 160
48 93 -761.974 -93.4946 160
48 94 -755.648 -90.8528 160
48 95 -750.986 -87.2716 160
48 96 -745.717 -85.9575 160
48 97 -739.548 -82.5807 160
48 98 -736.253 -81.2371 160
48 99 -731.141 -76.3131 160
48 100 -726.806 -72.1821 160
48 101 -719.811 -69.0466 160
48 102 -715.835 -64.8767 160
48 103 -712.358 -63.5462 160
48 104 -706.733 -59.4884 160
48 105 -701.84 -56.9275 160
48 106 -694.032 -56.6658 160
48 107 -687.272 -54.7066 160
48 108 -681.306 -52.1275 160
48 109 -677.417 -49.4133 160
48 110 -671.605 -44.8038 160
48 111 -665.616 -43.2602 160
48 112 -660.38 -41.6415 160
48 113 -655.449 -38.5139 160
48 114 -650.263 -36.6521 160
48 115 -640.035 -33.9757 160
48 116 -635.251 -30.321 160
48 117 -629.836 -30.1332 160
48 118 -624.638 -24.128 160
48 119 -618.763 -22.7564 160
48 120 -614.974 -17.5093 160
48 121 -608.221 -13.6278 160
48 122 -600.454 -9.25777 160
48 123 -598.474 -9.18725 160
48 124 -592.609 -7.0692 160
48 125 -586.747 -4.08218 160
48 126 -581.15 -2.79203 160
48 127 -576.041 -0.134877 160
48 128 -569.423 1.55137 160
48 129 -563.146 3.81099 160
48 130 -559.473 8.66615 160
48 131 -555.439 12.3277 160
48 132 -548.535 14.9373 160
48 133 -543.67 19.2443 160
48 134 -541.158 18.7468 160
48 135 -536.214 22.2941 160
48 136 -528.008 26.4918 160
48 137 -525.212 28.5584 160
48 138 -521.229 31.6595 160
48 139 -514.583 35.1111 160
48 140 -510.075 37.6831 160
48 141 -506.9 39.5258 160
48 142 -499.216 42.8112 160
48 143 -495.703 45.9536 160
48 144 -490.503 50.6548 160
48 145 -488.36 51.5499 160
48 146 -483.41 55.3134 160
48 147 -477.2 56.6778 160
48 148 -473.928 57.4421 160
48 149 -468.195 58.3444 160
48 150 -461.406 64.5185 160
48 151 -457.365 64.6755 160
48 152 -456.603 66.9768 160
48 153 -450.343 73.2477 160
48 154 -446.301 77.432 160
48 155 -442.47 79.6294 160
48 156 -440.553 79.5912 160
48 157 -441.513 82.6673 160
48 158 -438.071 85.2444 160
48 159 -432.223 91.4961 160
48 160 -426.685 96.3388 160
48 161 -421.98 98.4854 160
48 162 -418.569 107.673 160
48 163 -414.562 112.066 160
48 164 -414.908 114.539 160
48 165 -409.56 119.059 160
48 166 -406.794 121.22 160
48 167 -400.085 127.808 160
48 168 -399.632 131.152 160
48 169 -396.084 136.455 160
48 170 -391.425 137.28 160
48 171 -388.516 139.672 160
48 172 -384.792 143.464 160
48 173 -379.846 146.757 160
48 174 -375.838 150.657 160
48 175 -371.608 152.747 160
48 176 -368.37 158.2 160
48 177 -365.028 162.198 160
48 178 -362.561 167.386 160
48 179 -358.183 168.547 160
48 180 -355.917 172.825 160
48 181 -351.494 174.123 160
48 182 -345.855 181.815 160
48 183 -343.596 185.839 160
48 184 -341.534 186.546 160
48 185 -337.401 190.84 160
48 186 -333.328 195.537 160
48 187 -328.154 196.385 160
48 188 -323.543 196.722 160
48 189 -317.796 198.084 160
48 190 -315.016 201.762 160
48 191 -311.27 202.072 160
48 192 -305.117 203.525 160
48 193 -303.688 208.9 160
48 194 -295.007 212.724 160
48 195 -289.81 215.441 160
48 196 -288.854 219.278 160
48 197 -285.935 219.213 160
48 198 -283.528 219.87 160
48 199 -279.705 226.167 160
48 200 -276.158 227.283 160
48 201 -271.278 231.954 160
48 202 -267.674 234.209 160
48 203 -268.151 239.578 160
48 204 -263.561 243.46 160
48 205 -257.886 251.332 160
48 206 -251.331 253.797 160
48 207 -252.23 262.091 160
48 208 -248.953 263.567 160
48 209 -242.506 268.382 160
48 210 -236.829 272.546 160
48 211 -235.148 276.387 160
48 212 -229.227 277.079 160
48 213 -226.376 282.729 160
48 214 -220.917 284.422 160
48 215 -215.326 286.513 160
48 216 -210.033 289.296 160
48 217 -204.722 294.61 160
48 218 -200.483 296.083 160
48 219 -193.032 302.78 160
48 220 -189.844 304.205 160
48 221 -186.654 305.631 160
48 222 -181.321 309.702 160
48 223 -168.574 310.337 160
48 224 -165.385 310.496 160
48 225 -159.087 317.654 160
48 226 -152.781 319.195 160
48 227 -148.867 322.728 160
48 228 -138.609 325.838 160
48 229 -133.255 327.384 160
48 230 -127.881 330.208 160
48 231 -120.423 328.671 160
48 232 -117.17 332.028 160
48 233 -111.819 332.3 160
48 234 -102.199 331.51 160
48 235 -99.0238 329.114 160
48 236 -92.761 333.647 160
48 237 -88.1872 336.698 160
48 238 -80.5678 340.6 160
48 239 -75.1972 343.127 160
48 240 -66.5925 343.567 160
48 241 -61.1986 344.485 160
48 242 -56.8658 345.991 160
48 243 -48.7574 347.691 160
48 244 -46.9131 345.202 160
48 245 -38.9079 349.772 160
48 246 -31.703 350.297 160
48 247 -26.3596 352.764 160
48 248 -17.8344 355.715 160
48 249 -11.3408 356.05 160
48 250 -4.92315 353.159 160
48 251 1.08786 353.865 160
48 252 8.06265 353.183 160
48 253 13.5363 355.399 160
48 254 20.0827 357.026 160
48 255 28.3298 357.964 160
48 256 36.2686 353.988 160
48 257 40.6549 355.504 160
48 258 48.3088 357.19 160
48 259 56.6937 359.062 160
48 260 59.1983 357.751 160
48 261 65.7684 357.354 160
48 262 76.3764 355.468 160
48 263 77.6716 356.763 160
48 264 85.2905 356.508 160
48 265 89.6334 356.627 160
48 266 94.208 362.144 160
48 267 104.93 354.189 160
48 268 111.574 359.153 160
48 269 118.467 357.285 160
48 270 125.779 360.422 160
48 271 128.903 357.111 160
48 272 137.776 357.909 160
48 273 145.015 354.317 160
48 274 155.681 353.642 160
48 275 162.554 358.143 160
48 276 170.518 354.4 160
48 277 174.495 354.503 160
48 278 177.063 353.437 160
48 279 188.558 355.062 160
48 280 196.172 354.211 160
48 281 199.597 350.888 160
48 282 207.677 349.808 160
48 283 216.572 351.963 160
48 284 222.283 350.665 160
48 285 230.673 347.081 160
48 286 236.135 346.06 160
48 287 243.907 347.102 160
48 288 252.239 346.884 160
48 289 256.047 347.067 160
48 290 261.451 344.742 160
48 291 269.172 344.482 160
48 292 273.956 340.827 160
48 293 285.564 340.76 160
48 294 288.556 338.384 160
48 295 297.667 339.419 160
48 296 302.682 341.602 160
48 297 308.849 341.279 160
48 298 317.635 339.77 160
48 299 323.123 338.745 160
48 300 326.5 339.564 160
48 301 332.067 339.842 160
48 302 337.522 338.164 160
48 303 340.33 338.121 160
48 304 346.919 337.721 160
48 305 354.568 335.113 160
48 306 358.668 339.067 160
48 307 367.994 338.124 160
48 308 370.915 338.53 160
48 309 375.282 339.602 160
48 310 377.199 336.565 160
48 311 379.83 336.761 160
48 312 384.083 335.28 160
48 313 387.189 331.53 160
48 314 391.967 330.4 160
48 315 396.192 326.927 160
48 316 398.123 328.167 160
48 317 402.003 325.222 160
48 318 404.451 324.119 160
48 319 407.854 323.445 160
48 320 413.742 317.652 160
48 321 417.269 317.672 160
48 322 421.801 315.031 160
48 323 425.545 312.616 160
48 324 430.408 310.256 160
48 325 435.176 307.98 160
48 326 439.157 305.141 160
48 327 443.886 304.57 160
48 328 444.696 304.49 160
48 329 451.429 296.94 160
48 330 458.413 295.395 160
48 331 464.423 292.843 160
48 332 469.334 291.033 160
48 333 474.63 287.75 160
48 334 479.024 286.663 160
48 335 486.513 284.006 160
48 336 493.28 281.415 160
48 337 498.422 279.685 160
48 338 506.124 278.326 160
48 339 513.071 277.914 160
48 340 521.383 275.377 160
48 341 526.372 275.949 160
48 342 531.798 273.615 160
48 343 539.643 270.796 160
48 344 545.57 270.375 160
48 345 549.974 269.286 160
48 346 557.303 269.626 160
48 347 565.202 269.992 160
48 348 573.17 271.417 160
48 349 578.558 265.815 160
48 350 584.778 264.557 160
48 351 590.414 262.498 160
48 352 597.044 260.464 160
48 353 602.422 257.478 160
48 354 612.386 259.056 160
48 355 618.756 258.374 160
48 356 620.306 255.709 160
48 357 629.764 254.2 160
48 358 636.023 257.796 160
48 359 642.55 255.105 160
48 360 649.439 253.154 160
48 361 656.133 252.164 160
48 362 661.965 247.901 160
48 363 668.093 246.884 160
48 364 672.458 245.141 160
48 365 679.946 243.975 160
48 366 688.745 246.483 160
48 367 694.395 243.541 160
48 368 700.658 243.822 160
48 369 706.292 243.428 160
48 370 711.803 241.734 160
48 371 721.244 242.481 160
48 372 727.199 236.6 160
48 373 733.98 237.036 160
48 374 739.368 233.261 160
48 375 745.331 233.202 160
48 376 751.091 231.777 160
48 377 760.188 229.914 160
48 378 763.983 229.177 160
48 379 771.658 226.282 160
48 380 778.39 225.285 160
48 381 784.989 222.988 160
48 382 790.444 220.642 160
48 383 797.524 220.845 160
48 384 803.664 219.569 160
48 385 809.465 216.699 160
48 386 816.119 215.298 160
48 387 823.418 214.985 160
48 388 830.571 214.761 160
48 389 836.381 212.158 160
48 390 842.971 209.997 160
48 391 848.461 211.329 160
48 392 852.742 205.25 160
48 393 857.849 203.631 160
48 394 864.084 194.119 160
48 395 867.387 192.969 160
48 396 872.269 190.597 160
48 397 874.85 188.129 160
48 398 884.558 190.723 160
48 399 888.659 188.313 160
48 400 893.153 186.445 160
48 401 899.281 186.4 160
48 402 904.375 186.227 160
48 403 908.369 183.3 160
48 404 911.939 180.185 160
48 405 915.707 180.617 160
48 406 920.099 177.287 160
48 407 922.413 173.372 160
48 408 928.999 174.036 160
48 409 932.331 169.921 160
48 410 936.946 170.111 160
48 411 941.458 168.856 160
48 412 946.815 168.784 160
48 413 952.957 169.482 160
48 414 957.265 167.085 160
48 415 960.891 168.52 160
48 416 965.018 167.933 160
48 417 966.095 168.734 160
48 418 969.124 168.561 160
48 419 971.254 167.999 160
48 420 974.48 168.483 160
48 421 976.093 170.433 160
48 422 976.093 170.433 160
48 423 978.328 169.881 160
48 424 979.567 170.576 160
48 425 981.884 170.671 160
48 426 983.5 172.543 160
48 427 987.571 173.742 160
48 428 988.07 173.118 160
48 429 990.816 174.78 160
48 430 991.538 174.189 160
48 431 991.481 173.646 160
48 432 993.458 174.869 160
48 433 993.779 176.133 160
48 434 992.641 173.693 160
48 435 994.045 176.139 160
48 436 993.964 175.039 160
48 437 994.257 175.35 160
48 438 993.801 173.741 160
48 439 992.478 172.396 160
48 440 993.638 172.444 160
48 441 993.638 172.444 160
48 442 993.381 172.604 160
48 443 992.674 171.379 160
48 444 993.312 169.851 160
48 445 992.612 171.529 160
48 446 990.993 169.756 160
48 447 991.075 170.404 160
48 448 990.549 172.097 160
48 449 989.834 169.708 160
48 450 989.84 171.415 160
48 451 990.159 172.301 160
48 452 990.322 173.598 160
48 453 989 172.253 160
48 454 988.831 173.214 160
48 455 988.973 174.439 160
48 456 989.324 174.847 160
48 457 987.585 174.775 160
48 458 987.005 174.751 160
48 459 987.005 174.751 160
48 460 987.005 174.751 160
48 461 985.846 174.704 160
49 37 -977.863 -93.4844 160
49 38 -977.062 -93.4019 160
49 39 -976.971 -94.1589 160
49 40 -974.138 -93.8288 160
49 41 -974.157 -93.0979 160
49 42 -973.085 -92.6431 160
49 43 -971.106 -92.8976 160
49 44 -969.007 -93.1428 160
49 45 -964.142 -94.6854 160
49 46 -961.812 -94.0443 160
49 47 -957.853 -96.1827 160
49 48 -953.824 -94.0144 160
49 49 -949.786 -95.9243 160
49 50 -943.684 -96.8927 160
49 51 -940.05 -93.572 160
49 52 -934.372 -94.9761 160
49 53 -927.059 -86.5132 160
49 54 -924.968 -78.024 160
49 55 -919.782 -79.2484 160
49 56 -912.179 -83.4783 160
49 57 -906.418 -82.6363 160
49 58 -900.595 -80.4866 160
49 59 -889.912 -84.4237 160
49 60 -886.328 -83.6185 160
49 61 -881.705 -81.5529 160
49 62 -875.627 -81.2405 160
49 63 -868.628 -81.8288 160
49 64 -861.611 -83.0064 160
49 65 -855.512 -82.6519 160
49 66 -848.139 -83.43 160
49 67 -841.66 -81.447 160
49 68 -834.82 -81.2394 160
49 69 -828.533 -81.6354 160
49 70 -821.818 -82.699 160
49 71 -814.79 -83.3276 160
49 72 -807.458 -82.4614 160
49 73 -801.527 -83.1835 160
49 74 -792.848 -82.9023 160
49 75 -784.091 -83.019 160
49 76 -775.598 -82.8447 160
49 77 -767.981 -86.3674 160
49 78 -760.505 -86.891 160
49 79 -751.37 -88.1249 160
49 80 -743.632 -88.9251 160
49 81 -735.514 -87.9438 160
49 82 -728.303 -90.2673 160
49 83 -723.718 -90.5363 160
49 84 -713.753 -94.0942 160
49 85 -706.718 -95.8522 160
49 86 -700.456 -97.6789 160
49 87 -693.037 -100.306 160
49 88 -683.287 -100.572 160
49 89 -676.351 -103.215 160
49 90 -664.744 -101.481 160
49 91 -659.73 -100.713 160
49 92 -648.255 -104.532 160
49 93 -642.646 -105.282 160
49 94 -630.398 -111.487 160
49 95 -622.253 -112.982 160
49 96 -614.538 -115.464 160
49 97 -607.024 -117.524 160
49 98 -598.307 -118.338 160
49 99 -590.477 -119.743 160
49 100 -584.591 -125.563 160
49 101 -575.548 -132.147 160
49 102 -566.509 -130.535 160
49 103 -554.98 -139.165 160
49 104 -548.713 -140.933 160
49 105 -536.918 -143.567 160
49 106 -535.809 -145.565 160
49 107 -522.472 -152.602 160
49 108 -510.509 -152.1 160
49 109 -504.239 -151.749 160
49 110 -505.006 -139.986 160
49 111 -505.191 -139.317 160
49 112 -473.633 -165.515 160
49 113 -462.04 -162.991 160
49 114 -453.578 -164.953 160
49 115 -444.667 -169.445 160
49 116 -435.263 -170.324 160
49 117 -424.303 -173.746 160
49 118 -415.39 -176.565 160
49 119 -406.477 -181.776 160
49 120 -395.489 -187.485 160
49 121 -389.93 -181.953 160
49 122 -378.092 -184.708 160
49 123 -367.658 -188.309 160
49 124 -359.017 -192.176 160
49 125 -349.98 -198.931 160
49 126 -342.126 -192.945 160
49 127 -327.842 -196.313 160
49 128 -320.298 -200.246 160
49 129 -311.834 -200.024 160
49 130 -300.413 -199.407 160
49 131 -291.63 -199.974 160
49 132 -282.382 -207.794 160
49 133 -275.59 -209.076 160
49 134 -267.372 -214.689 160
49 135 -256.15 -219.348 160
49 136 -249.906 -223.451 160
49 137 -237.763 -226.612 160
49 138 -233.422 -230.988 160
49 139 -220.666 -231.525 160
49 140 -216.942 -239.09 160
49 141 -207.456 -243.96 160
49 142 -199.078 -246.115 160
49 143 -191.211 -251.669 160
49 144 -185.526 -259.281 160
49 145 -177.558 -264.745 160
49 146 -169.957 -268.466 160
49 147 -162.616 -273.997 160
49 148 -151.021 -278.721 160
49 149 -146.942 -288.404 160
49 150 -139.813 -295.446 160
49 151 -130.013 -299.954 160
49 152 -122.933 -306.876 160
49 153 -109.271 -311.583 160
49 154 -107 -313.834 160
49 155 -99.8609 -321.216 160
49 156 -85.5164 -318.999 160
49 157 -80.3518 -331.812 160
49 158 -69.4341 -340.525 160
49 159 -58.517 -340.66 160
49 160 -44.3596 -341.102 160
49 161 -37.2187 -345.847 160
49 162 -26.2397 -351.065 160
49 163 -19.3086 -348.333 160
49 164 -10.3968 -354.998 160
49 165 2.96383 -363.038 160
49 166 11.142 -363.536 160
49 167 19.6672 -367.171 160
49 168 36.152 -366.974 160
49 169 43.7115 -369.415 160
49 170 54.396 -364.179 160
49 171 68.5941 -367.005 160
49 172 77.5404 -369.581 160
49 173 85.087 -371.121 160
49 174 96.252 -370.923 160
49 175 106.434 -370.183 160
49 176 116.863 -363.216 160
49 177 135.284 -361.268 160
49 178 137.254 -362.914 160
49 179 147.662 -363.499 160
49 180 159.796 -365.422 160
49 181 167.684 -360.163 160
49 182 176.141 -361.087 160
49 183 186.782 -357.476 160
49 184 197.991 -353.94 160
49 185 208.43 -350.366 160
49 186 219.701 -345.925 160
49 187 228.358 -342.656 160
49 188 240.367 -338.605 160
49 189 248.718 -337.743 160
49 190 260.58 -333.266 160
49 191 272.644 -328.55 160
49 192 284.228 -322.299 160
49 193 293.706 -317.374 160
49 194 307.946 -311.854 160
49 195 318.295 -308.504 160
49 196 330.655 -308.309 160
49 197 342.857 -304.57 160
49 198 355.334 -300.304 160
49 199 366.3 -292.617 160
49 200 377.217 -286.064 160
49 201 388.465 -277.31 160
49 202 403.464 -271.084 160
49 203 408.52 -275.003 160
49 204 421.014 -263.211 160
49 205 432.861 -258.274 160
49 206 436.634 -251.609 160
49 207 453.064 -249.256 160
49 208 462.061 -240.888 160
49 209 475.758 -235.144 160
49 210 486.486 -222.65 160
49 211 497.125 -217.261 160
49 212 510.567 -215.031 160
49 213 521.473 -212.416 160
49 214 534.041 -205.814 160
49 215 544.121 -197.728 160
49 216 554.459 -189.792 160
49 217 563.692 -182.458 160
49 218 572.69 -178.078 160
49 219 579.953 -168.989 160
49 220 587.899 -164.617 160
49 221 601.443 -158.303 160
49 222 610.81 -150.417 160
49 223 620.134 -143.47 160
49 224 630.602 -135.998 160
49 225 639.668 -132.148 160
49 226 649.995 -126.035 160
49 227 658.607 -117.948 160
49 228 666.313 -115.764 160
49 229 675.671 -109.465 160
49 230 682.236 -100.166 160
49 231 692.362 -95.6807 160
49 232 696.502 -87.0746 160
49 233 704.015 -80.0497 160
49 234 711.521 -74.8972 160
49 235 718.818 -73.031 160
49 236 725.797 -64.3406 160
49 237 733.596 -57.9391 160
49 238 741.678 -54.6299 160
49 239 751.392 -46.3661 160
49 240 760.972 -42.3494 160
49 241 768.995 -37.215 160
49 242 773.716 -34.6053 160
49 243 782.843 -32.4656 160
49 244 790.01 -27.9248 160
49 245 799.447 -20.9399 160
49 246 807.602 -19.9511 160
49 247 813.885 -13.5671 160
49 248 822.015 -10.8236 160
49 249 830.146 -3.12126 160
49 250 839.988 -0.309704 160
49 251 846.604 3.63788 160
49 252 855.767 8.17448 160
49 253 861.269 9.10821 160
49 254 868.907 16.8406 160
49 255 877.667 20.5093 160
49 256 885.622 24.9044 160
49 257 893.998 28.9453 160
49 258 899.819 30.3994 160
49 259 905.495 30.5981 160
49 260 909.837 34.2018 160
49 261 916.773 39.7635 160
49 262 922.766 42.4849 160
49 263 926.638 46.3894 160
49 264 932.642 49.117 160
49 265 936.216 50.5024 160
49 266 940.518 53.1728 160
49 267 947.349 58.738 160
49 268 945.441 60.9073 160
49 269 951.468 63.6482 160
49 270 954.639 66.2878 160
49 271 959.947 67.7441 160
49 272 961.249 69.0549 160
49 273 963.776 71.0428 160
49 274 967.548 70.921 160
49 275 972.365 72.9514 160
49 276 975.273 74.111 160
49 277 980.226 74.8096 160
49 278 981.028 74.2812 160
49 279 983.636 75.4822 160
49 280 985.135 74.6754 160
49 281 988.424 76.378 160
49 282 991.363 76.1065 160
49 283 993.02 76.5476 160
49 284 995.4 77.2687 160
49 285 995.319 76.6323 160
49 286 995.894 76.6535 160
49 287 997.942 79.2636 160
49 288 998.104 80.5372 160
49 289 999.417 81.8538 160
49 290 999.911 81.2382 160
49 291 1000.73 83.1711 160
49 292 1000.81 83.8084 160
49 293 999.661 83.7656 160
49 294 999.742 84.4029 160
49 295 1000.89 84.4458 160
49 296 1000.89 84.4458 160
49 297 1000.89 84.4458 160
49 298 1000.89 84.4458 160
49 299 1000.92 85.3807 160
49 300 1002.04 84.4886 160
49 301 1002.21 85.7637 160
49 302 1001.88 83.2139 160
49 303 1001.96 83.8512 160
49 304 1003.61 83.2779 160
49 305 1003.03 83.2567 160
49 306 1003.03 83.2567 160
49 307 1003.03 83.2567 160
49 308 1002.88 82.9973 160
49 309 1002.61 82.7642 160
49 310 1002.87 81.982 160
49 311 1002.23 82.5266 160
49 312 1000.9 82.2259 160
49 313 999.535 80.083 160
49 314 998.106 79.6499 160
49 315 996.469 76.6749 160
49 316 993.698 75.1263 160
49 317 992.617 73.3672 160
49 318 989.01 71.9692 160
49 319 986.634 71.2494 160
49 320 982.87 68.5825 160
49 321 981.723 68.5405 160
49 322 979.558 68.1214 160
49 323 977.589 66.1717 160
49 324 977.267 65.3262 160
49 325 976.817 65.8341 160
49 326 976.256 66.8242 160
49 327 976.321 66.8898 160
49 328 978.529 68.1078 160
49 329 978.868 69.4473 160
49 330 981.495 73.0848 160
49 331 984.333 72.9361 160
49 332 984.796 75.7997 160
49 333 988.122 75.9743 160
49 334 989.654 77.0566 160
49 335 995.319 76.6323 160
49 336 996.63 77.9477 160
49 337 999.83 80.6012 160
49 338 1000.4 80.6224 160
49 339 1000.4 80.6224 160
49 340 1001.38 83.3487 160
49 341 1002.86 84.7627 160
49 342 1004.03 84.1756 160
49 343 1005.06 83.9944 160
49 344 1005.09 83.6502 160
49 345 1005.9 84.0891 160
49 346 1008.62 82.1957 160
49 347 1008.38 82.5037 160
49 348 1009.05 83.4934 160
49 349 1009.2 82.2171 160
49 350 1010.23 82.0194 160
49 351 1010.76 81.0065 160
49 352 1010.45 82.2203 160
49 353 1010.76 81.0065 160
49 354 1010.76 81.0065 160
49 355 1010.47 82.5548 160
49 356 1010.19 80.9851 160
49 357 1009.84 82.3588 160
49 358 1009.61 80.9639 160
49 359 1009.45 79.6895 160
49 360 1010.76 81.0065 160
49 361 1010.1 82.9066 160
49 362 1009.61 80.9639 160
49 363 1010.76 81.0065 160
49 364 1010.76 81.0065 160
49 365 1010.85 81.6437 160
49 366 1012.08 82.3241 160
49 367 1009.61 80.9639 160
49 368 1012.08 82.3241 160
49 369 1010.11 80.4508 160
49 370 1009.86 82.8759 160
49 371 1010.93 82.2812 160
49 372 1010.93 82.2812 160
49 373 1010.93 82.2812 160
49 374 1009.78 82.2386 160
49 375 1011.09 83.5562 160
49 376 1010.93 82.2812 160
49 377 1010.85 81.6437 160
49 378 1010.93 82.2812 160
49 379 1008.62 82.1957 160
49 380 1008.62 82.1957 160
49 381 1009.78 82.2386 160
49 382 1008.62 82.1957 160
49 383 1008.62 82.1957 160
49 384 1008.95 84.7459 160
49 385 1008.62 82.1957 160
49 386 1008.95 84.7459 160
49 387 1008.87 84.1082 160
49 388 1008.38 84.7244 160
49 389 1008.61 83.7255 160
49 390 1008.38 84.3692 160
49 391 1007.8 84.703 160
49 392 1007.14 84.044 160
49 393 1004.35 84.5744 160
49 394 1007.8 84.703 160
49 395 1009.12 86.0216 160
49 396 1007.67 85.4596 160
49 397 1007.41 85.8486 160
49 398 1007.35 86.4928 160
49 399 1007.31 85.3192 160
49 400 1007.47 86.5949 160
49 401 1007.99 88.0114 160
49 402 1005.99 88.4445 160
49 403 1007.22 89.1257 160
49 404 1007.14 88.4876 160
49 405 1007.3 89.7639 160
49 406 1006.07 89.0826 160
49 407 1005.99 88.4445 160
49 408 1006.07 89.0826 160
49 409 1005.66 89.3139 160
49 410 1005.99 88.4445 160
49 411 1005.99 88.4445 160
49 412 1005.62 88.304 160
49 413 1003.6 87.7202 160
49 414 1004.34 87.9306 160
49 415 1002.29 86.4015 160
49 416 1001.06 85.7209 160
49 417 999.904 85.678 160
49 418 1000.48 84.4139 160
49 419 997.854 83.0641 160
49 420 996.128 83 160
49 421 988.746 78.923 160
49 422 988.585 77.6503 160
49 423 985.92 75.4663 160
49 424 982.759 76.3221 160
49 425 979.851 73.0941 160
49 426 978.001 72.0014 160
49 427 977.538 70.2203 160
49 428 975.577 68.6948 160
49 429 974.515 69.4193 160
49 430 975.348 68.8735 160
49 431 975.495 68.9447 160
49 432 977.135 68.3728 160
49 433 977.135 68.3728 160
49 434 978.362 69.0496 160
49 435 978.362 69.0496 160
49 436 979.223 70.0052 160
49 437 980.053 70.4226 160
49 438 980.889 70.261 160
49 439 981.408 70.2092 160
49 440 980.032 71.0819 160
49 441 982.716 70.5366 160
49 442 981.909 71.835 160
49 443 981.963 70.4459 160
49 444 981.909 71.835 160
49 445 982.202 72.3518 160
49 446 983.43 73.0294 160
49 447 985.526 74.2456 160
49 448 986.303 74.4261 160
49 449 987.595 76.7856 160
49 450 988.585 77.6503 160
49 451 988.585 77.6503 160
49 452 990.034 80.4282 160
49 453 989.815 78.3293 160
49 454 990.137 80.8754 160
49 455 990.137 80.8754 160
49 456 990.217 81.5123 160
49 457 991.572 81.276 160
49 458 991.367 81.5549 160
49 459 991.367 81.5549 160
49 460 992.355 80.3241 160
49 461 992.355 80.3241 160
50 37 991.888 -19.6777 160
50 38 990.719 -20.6579 160
50 39 987.7 -19.0015 160
50 40 987.7 -19.0015 160
50 41 987.131 -19.02 160
50 42 984.287 -19.1129 160
50 43 982.147 -18.3888 160
50 44 976.101 -19.5333 160
50 45 972.845 -22.2813 160
50 46 971.053 -20.7874 160
50 47 964.683 -26.2107 160
50 48 961.116 -26.0832 160
50 49 954.563 -30.6242 160
50 50 947.533 -32.7079 160
50 51 945.132 -31.6894 160
50 52 932.363 -36.905 160
50 53 927.615 -38.9102 160
50 54 923.464 -36.9422 160
50 55 913.119 -45.0375 160
50 56 917.957 -48.1561 160
50 57 899.144 -49.512 160
50 58 891.701 -49.9443 160
50 59 883.032 -50.95 160
50 60 876.228 -46.0922 160
50 61 867.688 -45.6791 160
50 62 860.084 -41.4325 160
50 63 855.601 -44.3317 160
50 64 841.304 -42.4576 160
50 65 831.349 -43.4992 160
50 66 823.351 -46.3836 160
50 67 820.756 -58.9268 160
50 68 811.664 -60.2156 160
50 69 801.803 -61.0939 160
50 70 781.856 -58.8864 160
50 71 770.676 -61.2626 160
50 72 768.353 -64.152 160
50 73 751.975 -54.7464 160
50 74 743.226 -49.7946 160
50 75 727.27 -49.2208 160
50 76 718.445 -56.7367 160
50 77 703.552 -58.4449 160
50 78 695.064 -52.9191 160
50 79 685.193 -53.7775 160
50 80 672.587 -54.6789 160
50 81 660.317 -55.1097 160
50 82 646.016 -56.8493 160
50 83 638.262 -57.5157 160
50 84 626.96 -56.4111 160
50 85 616.907 -58.5523 160
50 86 604.89 -58.3224 160
50 87 594.011 -58.9538 160
50 88 582.652 -58.4465 160
50 89 574.168 -59.8958 160
50 90 562.843 -58.4321 160
50 91 551.173 -61.225 160
50 92 539.892 -61.4556 160
50 93 527.982 -65.5852 160
50 94 517.1 -65.9252 160
50 95 506.324 -65.0527 160
50 96 496.454 -66.5702 160
50 97 486.008 -66.5718 160
50 98 471.469 -70.9646 160
50 99 465.919 -69.9371 160
50 100 455.03 -72.4118 160
50 101 437.369 -74.1688 160
50 102 431.68 -66.1838 160
50 103 421.842 -68.2993 160
50 104 414.254 -69.1387 160
50 105 401.168 -71.9531 160
50 106 393.477 -74.5965 160
50 107 380.585 -74.9964 160
50 108 372.993 -76.4324 160
50 109 366.481 -77.8337 160
50 110 354.442 -76.9447 160
50 111 347.554 -78.9246 160
50 112 336.357 -81.1603 160
50 113 332.046 -81.8915 160
50 114 321.479 -83.3689 160
50 115 312.755 -85.234 160
50 116 305.056 -88.099 160
50 117 297.093 -90.167 160
50 118 289.19 -91.1532 160
50 119 281.299 -90.3152 160
50 120 274.544 -92.6069 160
50 121 267.866 -93.2219 160
50 122 257.749 -96.896 160
50 123 252.424 -101.199 160
50 124 245.886 -104.176 160
50 125 236.369 -104.461 160
50 126 229.506 -104.337 160
50 127 224.014 -108.98 160
50 128 217.873 -111.309 160
50 129 211.972 -112.09 160
50 130 202.26 -112.585 160
50 131 197.412 -115.094 160
50 132 191.445 -117.138 160
50 133 183.109 -117.878 160
50 134 176.755 -119.246 160
50 135 167.45 -115.847 160
50 136 161.07 -118.525 160
50 137 156.877 -118.648 160
50 138 152.482 -118.4 160
50 139 145.383 -117.299 160
50 140 138.625 -118.688 160
50 141 132.752 -120.534 160
50 142 126.433 -121.897 160
50 143 121.71 -122.623 160
50 144 114.901 -123.411 160
50 145 109.684 -123.563 160
50 146 102.385 -123.776 160
50 147 98.6725 -125.648 160
50 148 94.232 -124.719 160
50 149 88.8195 -128.6 160
50 150 83.3902 -131.375 160
50 151 78.3912 -132.68 160
50 152 71.1517 -131.317 160
50 153 68.284 -132.983 160
50 154 60.0133 -137.941 160
50 155 56.1232 -140.357 160
50 156 53.2268 -141.901 160
50 157 47.9931 -143.803 160
50 158 42.9228 -148.91 160
50 159 38.4905 -149.594 160
50 160 34.2662 -152.022 160
50 161 29.8145 -152.846 160
50 162 26.0021 -153.756 160
50 163 21.8577 -154.454 160
50 164 17.4166 -155.871 160
50 165 12.912 -157.835 160
50 166 9.04283 -161.501 160
50 167 5.86668 -161.402 160
50 168 1.49404 -163.382 160
50 169 -1.6141 -163.525 160
50 170 -5.96829 -165.398 160
50 171 -7.60011 -168.924 160
50 172 -10.6671 -168.428 160
50 173 -12.5746 -172.827 160
50 174 -14.9495 -175.498 160
50 175 -21.0168 -178.809 160
50 176 -21.4131 -179.514 160
50 177 -23.961 -187.879 160
50 178 -26.6644 -191.402 160
50 179 -33.322 -191.069 160
50 180 -38.8753 -191.733 160
50 181 -40.5282 -194.831 160
50 182 -47.7766 -197.254 160
50 183 -53.1694 -199.074 160
50 184 -56.4047 -200.251 160
50 185 -63.6187 -198.815 160
50 186 -65.0331 -198.749 160
50 187 -71.1449 -198.907 160
50 188 -74.4621 -198.878 160
50 189 -78.3082 -198.897 160
50 190 -86.3992 -198.728 160
50 191 -92.0781 -200.988 160
50 192 -95.0303 -198.377 160
50 193 -104.2 -200.337 160
50 194 -107.236 -199.842 160
50 195 -113.13 -199.949 160
50 196 -120.414 -199.61 160
50 197 -128.029 -200.954 160
50 198 -136.667 -201.281 160
50 199 -141.708 -202.454 160
50 200 -147.789 -203.756 160
50 201 -154.345 -202.78 160
50 202 -161.249 -203.645 160
50 203 -172.035 -206.097 160
50 204 -179.068 -203.419 160
50 205 -186.811 -199.982 160
50 206 -193.038 -198.977 160
50 207 -202.322 -199.539 160
50 208 -210.126 -199.468 160
50 209 -219.172 -199.704 160
50 210 -230.058 -200.365 160
50 211 -237.399 -198.695 160
50 212 -249.561 -200.039 160
50 213 -257.593 -197.761 160
50 214 -267.41 -199.433 160
50 215 -279.001 -202.299 160
50 216 -286.645 -197.998 160
50 217 -294.053 -197.964 160
50 218 -308.351 -200.912 160
50 219 -319.585 -199.772 160
50 220 -328.323 -191.918 160
50 221 -336.408 -190.379 160
50 222 -345.892 -193.216 160
50 223 -360.215 -192.435 160
50 224 -371.124 -193.851 160
50 225 -383.501 -195.61 160
50 226 -391.915 -195.049 160
50 227 -398.52 -194.032 160
50 228 -409.781 -185.562 160
50 229 -418.758 -185.667 160
50 230 -425.941 -186.213 160
50 231 -441.43 -183.576 160
50 232 -448.296 -185.465 160
50 233 -459.477 -186.55 160
50 234 -471.815 -185.851 160
50 235 -479.566 -174.393 160
50 236 -487.191 -178.453 160
50 237 -493.72 -178.756 160
50 238 -509.466 -179.233 160
50 239 -517.582 -175.464 160
50 240 -528.333 -178.016 160
50 241 -538.323 -170.945 160
50 242 -550.108 -168.427 160
50 243 -550.707 -174.089 160
50 244 -568.684 -172.741 160
50 245 -574.217 -169.304 160
50 246 -584.093 -168.788 160
50 247 -591.729 -167.982 160
50 248 -602.868 -165.86 160
50 249 -612.786 -161.042 160
50 250 -620.355 -163.013 160
50 251 -630.49 -160.288 160
50 252 -637.421 -157.869 160
50 253 -647.053 -157.827 160
50 254 -657.353 -155.292 160
50 255 -666.281 -156.397 160
50 256 -672.21 -155.39 160
50 257 -676.781 -154.367 160
50 258 -684.447 -152.585 160
50 259 -696.896 -151.53 160
50 260 -704.397 -149.802 160
50 261 -711.618 -148.133 160
50 262 -722.969 -144.459 160
50 263 -728.861 -142.107 160
50 264 -738.536 -142.086 160
50 265 -742.677 -136.425 160
50 266 -750.452 -137.244 160
50 267 -757.094 -137.542 160
50 268 -766.476 -139.576 160
50 269 -772.449 -141.932 160
50 270 -781.22 -136.585 160
50 271 -787.75 -132.244 160
50 272 -794.422 -123.938 160
50 273 -800.874 -121.059 160
50 274 -809.143 -118.719 160
50 275 -815.833 -115.238 160
50 276 -822.818 -112.816 160
50 277 -828.39 -111.398 160
50 278 -822.972 -114.851 160
50 279 -843.182 -109.936 160
50 280 -846.516 -103.991 160
50 281 -858.42 -94.1293 160
50 282 -859.364 -94.8498 160
50 283 -865.862 -91.1702 160
50 284 -871.607 -88.1566 160
50 285 -882.465 -85.4859 160
50 286 -887.897 -82.1773 160
50 287 -892.952 -77.8582 160
50 288 -893.553 -74.2057 160
50 289 -902.134 -73.914 160
50 290 -904.318 -71.5883 160
50 291 -909.054 -70.7207 160
50 292 -912.382 -63.9814 160
50 293 -916.272 -59.9991 160
50 294 -921.821 -57.3304 160
50 295 -926.002 -51.1757 160
50 296 -929.291 -47.9669 160
50 297 -932.406 -46.1723 160
50 298 -940.139 -41.538 160
50 299 -939.928 -39.7371 160
50 300 -942.002 -37.5147 160
50 301 -942.611 -34.0326 160
50 302 -944.486 -33.0774 160
50 303 -946.759 -29.8672 160
50 304 -947.513 -27.371 160
50 305 -952.094 -21.7592 160
50 306 -955.378 -21.2109 160
50 307 -954.55 -19.4135 160
50 308 -957.355 -18.1966 160
50 309 -961.607 -16.958 160
50 310 -960.398 -15.8792 160
50 311 -962.808 -14.6814 160
50 312 -962.933 -12.9577 160
50 313 -966.634 -14.8191 160
50 314 -969.699 -14.1348 160
50 315 -970.5 -14.3825 160
50 316 -970.736 -12.6975 160
50 317 -971.385 -14.0688 160
50 318 -971.846 -11.4839 160
50 319 -973.494 -12.7626 160
50 320 -972.591 -12.723 160
50 321 -974.099 -11.056 160
50 322 -976.403 -12.2916 160
50 323 -977.529 -10.0277 160
50 324 -977.529 -10.0277 160
50 325 -978.569 -8.913 160
50 326 -979.047 -8.93027 160
50 327 -979.715 -9.7383 160
50 328 -979.918 -10.1144 160
50 329 -979.832 -11.2636 160
50 330 -980.468 -10.677 160
50 331 -980.724 -11.9984 160
50 332 -981.005 -11.5939 160
50 333 -980.849 -11.8901 160
50 334 -981.101 -12.231 160
50 335 -981.18 -12.4642 160
50 336 -981.768 -12.5187 160
50 337 -981.743 -11.3325 160
50 338 -981.893 -13.1807 160
50 339 -981.657 -12.4814 160
50 340 -982.056 -12.2654 160
50 341 -982.855 -11.8335 160
50 342 -981.736 -12.7146 160
50 343 -982.135 -12.4986 160
50 344 -982.049 -13.647 160
50 345 -981.909 -13.0835 160
50 346 -981.487 -14.778 160
50 347 -982.007 -14.2212 160
50 348 -981.917 -14.1856 160
50 349 -980.532 -14.7437 160
50 350 -980.036 -16.4868 160
50 351 -980.012 -15.3006 160
50 352 -977.496 -16.9365 160
50 353 -977.974 -16.9536 160
50 354 -976.541 -16.9022 160
50 355 -976.064 -16.8851 160
50 356 -976.191 -15.163 160
50 357 -975.109 -16.8508 160
50 358 -973.845 -14.5028 160
50 359 -974.238 -15.6685 160
50 360 -973.367 -14.4856 160
50 361 -970.5 -14.3825 160
50 362 -971.456 -14.4168 160
50 363 -970.584 -13.2336 160
50 364 -970.584 -13.2336 160
50 365 -971.047 -13.5762 160
50 366 -970.592 -12.3524 160
50 367 -970.436 -14.166 160
50 368 -970.668 -12.0843 160
50 369 -969.566 -15.0571 160
50 370 -969.46 -15.4966 160
50 371 -969.46 -15.4966 160
50 372 -970.619 -14.109 160
50 373 -968.504 -15.4621 160
50 374 -969.58 -15.2026 160
50 375 -970.29 -17.2533 160
50 376 -968.662 -15.9284 160
50 377 -969.334 -17.2191 160
50 378 -969.334 -17.2191 160
50 379 -968.982 -15.4795 160
50 380 -969.045 -17.4423 160
50 381 -968.74 -16.1615 160
50 382 -970.411 -16.3092 160
50 383 -969.888 -16.9683 160
50 384 -970.809 -13.5873 160
50 385 -970.379 -14.7235 160
50 386 -970.416 -15.5309 160
50 387 -970.416 -15.5309 160
50 388 -968.405 -14.1918 160
50 389 -968.53 -14.5062 160
50 390 -968.987 -14.0976 160
50 391 -967.59 -14.8534 160
50 392 -969.886 -13.1403 160
50 393 -967.632 -14.2791 160
50 394 -970.5 -14.3825 160
50 395 -970.584 -13.2336 160
50 396 -970.542 -13.808 160
50 397 -970.542 -13.808 160
50 398 -970.542 -13.808 160
50 399 -970.542 -13.808 160
50 400 -971.582 -12.6936 160
50 401 -969.628 -13.199 160
50 402 -969.628 -13.199 160
50 403 -968.436 -10.7048 160
50 404 -969.628 -13.199 160
50 405 -970.668 -12.0843 160
50 406 -970.668 -12.0843 160
50 407 -970.668 -12.0843 160
50 408 -968.955 -9.30905 160
50 409 -972.111 -8.86886 160
50 410 -971.848 -9.32158 160
50 411 -971.786 -8.93886 160
50 412 -972.34 -11.4257 160
50 413 -972.582 -11.2235 160
50 414 -972.665 -11.0041 160
50 415 -972.707 -10.4293 160
50 416 -973.627 -9.36995 160
50 417 -973.817 -8.98496 160
50 418 -975.139 -9.9413 160
50 419 -976.051 -9.61574 160
50 420 -974.659 -9.69564 160
50 421 -975.811 -10.2283 160
50 422 -976.781 -10.3199 160
50 423 -977.574 -10.8038 160
50 424 -977.148 -11.3022 160
50 425 -977.319 -9.52927 160
50 426 -978.437 -9.46256 160
50 427 -978.511 -9.5908 160
50 428 -978.939 -9.65366 160
50 429 -979.027 -11.0511 160
50 430 -979.865 -10.5779 160
50 431 -980.438 -9.55689 160
50 432 -980.395 -10.1317 160
50 433 -980.916 -9.57437 160
50 434 -980.438 -9.55689 160
50 435 -980.438 -9.55689 160
50 436 -980.008 -10.7951 160
50 437 -980.02 -9.91407 160
50 438 -980.709 -9.84801 160
50 439 -980.472 -10.4329 160
50 440 -980.655 -9.8529 160
50 441 -981.291 -9.79198 160
50 442 -980.133 -10.6119 160
50 443 -980.159 -10.7649 160
50 444 -980.038 -10.7571 160
50 445 -980.353 -10.7061 160
50 446 -980.757 -10.8303 160
50 447 -980.745 -11.8724 160
50 448 -980.74 -10.5901 160
50 449 -981.265 -11.3153 160
50 450 -981.93 -10.3935 160
50 451 -981.493 -11.7222 160
50 452 -981.527 -10.0172 160
50 453 -981.578 -10.5732 160
50 454 -981.671 -10.5547 160
50 455 -981.779 -10.6645 160
50 456 -982.1 -10.7072 160
50 457 -982.017 -10.4543 160
50 458 -982.178 -11.9243 160
50 459 -982.869 -9.06889 160
50 460 -982.653 -9.60391 160
50 461 -982.653 -9.60391 160
51 37 891.674 492.01 160
51 38 891.597 491.323 160
51 39 889.074 489.818 160
51 40 886.705 489.687 160
51 41 886.036 488.968 160
51 42 883.888 487.956 160
51 43 881.512 485.308 160
51 44 880.041 487.953 160
51 45 877.583 481.684 160
51 46 874.174 481.457 160
51 47 870.165 478.442 160
51 48 863.76 473.44 160
51 49 862.281 470.642 160
51 50 856.969 464.921 160
51 51 853.423 463.332 160
51 52 850.117 460.595 160
51 53 846.661 456.229 160
51 54 841.663 453.251 160
51 55 837.112 448.949 160
51 56 834.626 445.573 160
51 57 828.9 443.104 160
51 58 821.933 443.406 160
51 59 817.915 438.469 160
51 60 810.524 438.198 160
51 61 803.499 432.098 160
51 62 801.919 430.21 160
51 63 795.436 425.637 160
51 64 784.622 422.1 160
51 65 777.976 417.433 160
51 66 779.414 420.287 160
51 67 779.321 421.318 160
51 68 779.496 420.871 160
51 69 763.755 409.898 160
51 70 756.924 409.727 160
51 71 749.133 405.191 160
51 72 740.897 399.538 160
51 73 733.931 393.176 160
51 74 728.524 390.898 160
51 75 723.057 387.954 160
51 76 720.401 384.046 160
51 77 716.761 382.311 160
51 78 705.47 378.413 160
51 79 702.449 376.469 160
51 80 696.253 371.974 160
51 81 684.938 367.427 160
51 82 679.844 361.877 160
51 83 673.73 357.604 160
51 84 667.745 354.664 160
51 85 660.271 353.995 160
51 86 652.751 350.61 160
51 87 646.452 346.351 160
51 88 641.579 342.818 160
51 89 635.966 337.281 160
51 90 631.163 334.417 160
51 91 624.424 328.836 160
51 92 618.265 323.293 160
51 93 614.393 317.868 160
51 94 605.863 310.92 160
51 95 600.87 305.458 160
51 96 595.884 300.004 160
51 97 589.669 297.463 160
51 98 587.558 295.05 160
51 99 581.62 291.517 160
51 100 575.742 288.64 160
51 101 568.484 280.263 160
51 102 562.345 276.334 160
51 103 554.484 269.495 160
51 104 549.306 267.962 160
51 105 543.053 259.923 160
51 106 534.973 256.972 160
51 107 529.813 255.447 160
51 108 528.948 251.542 160
51 109 523.132 248.703 160
51 110 515.04 245.101 160
51 111 510.057 241.871 160
51 112 506.92 230.314 160
51 113 503.429 224.715 160
51 114 499.345 218.725 160
51 115 491.392 212.679 160
51 116 490.419 209.619 160
51 117 487.427 204.216 160
51 118 481.574 200.141 160
51 119 476.701 194.206 160
51 120 473.272 192.788 160
51 121 470.678 187.597 160
51 122 465.867 182.317 160
51 123 459.772 174.459 160
51 124 456.175 170.513 160
51 125 452.582 166.57 160
51 126 451.512 163.317 160
51 127 446.289 155.584 160
51 128 443.768 151.071 160
51 129 439.816 149.649 160
51 130 437.631 142.015 160
51 131 435.589 134.496 160
51 132 432.123 127.616 160
51 133 432.845 124.577 160
51 134 430.541 115.105 160
51 135 428.81 108.624 160
51 136 428.236 101.6 160
51 137 426.75 95.463 160
51 138 426.042 92.1885 160
51 139 423.569 81.5242 160
51 140 421.038 76.4671 160
51 141 421.157 70.2775 160
51 142 420.564 65.6146 160
51 143 420.108 60.4115 160
51 144 417.151 51.5931 160
51 145 414.464 44.1009 160
51 146 415.248 39.9936 160
51 147 410.19 29.1933 160
51 148 413.199 27.4953 160
51 149 407.224 17.4409 160
51 150 411.694 11.4779 160
51 151 410.811 5.19424 160
51 152 406.938 -2.73316 160
51 153 406.4 -10.6728 160
51 154 406.944 -18.5629 160
51 155 404.161 -27.7653 160
51 156 403.791 -33.235 160
51 157 405.539 -39.2345 160
51 158 402.723 -49.0015 160
51 159 402.395 -53.8424 160
51 160 402.817 -63.4759 160
51 161 401.951 -68.3196 160
51 162 401.005 -74.3629 160
51 163 400.481 -79.7251 160
51 164 398.872 -90.0292 160
51 165 397.312 -97.2597 160
51 166 392.298 -108.163 160
51 167 389.916 -111.812 160
51 168 387.294 -121.014 160
51 169 384.971 -125.945 160
51 170 383.221 -132.233 160
51 171 379.587 -138.861 160
51 172 376.048 -144.765 160
51 173 373.083 -153.008 160
51 174 368.46 -159.252 160
51 175 365.679 -164.658 160
51 176 361.695 -168.888 160
51 177 357.944 -177.811 160
51 178 355.978 -183.734 160
51 179 350.062 -187.466 160
51 180 346.531 -191.015 160
51 181 341.023 -194.669 160
51 182 337.682 -199.538 160
51 183 331.431 -204.848 160
51 184 324.185 -211.445 160
51 185 320.432 -213.845 160
51 186 313.762 -218.689 160
51 187 308.891 -221.134 160
51 188 304.55 -223.565 160
51 189 300.275 -226.722 160
51 190 296.703 -230.301 160
51 191 290.469 -231.448 160
51 192 286.652 -232.293 160
51 193 281.136 -239.198 160
51 194 274.302 -239.938 160
51 195 271.068 -241.748 160
51 196 266.355 -245.648 160
51 197 260.952 -245.451 160
51 198 253.371 -245.697 160
51 199 246.296 -244.328 160
51 200 237.702 -246.398 160
51 201 231.204 -246.723 160
51 202 224.299 -248.601 160
51 203 218.573 -249.897 160
51 204 211.474 -247.08 160
51 205 204.695 -246.052 160
51 206 198.474 -245.104 160
51 207 191.843 -244.764 160
51 208 184.688 -242.63 160
51 209 179.502 -242.752 160
51 210 172.194 -244.076 160
51 211 165.204 -243.297 160
51 212 158.915 -244.032 160
51 213 150.828 -248.026 160
51 214 146.652 -248.64 160
51 215 139.813 -252.3 160
51 216 133.758 -253.151 160
51 217 126.38 -253.185 160
51 218 118.369 -255.054 160
51 219 114.292 -255.137 160
51 220 105.696 -255.954 160
51 221 99.8772 -258.239 160
51 222 93.1704 -261.388 160
51 223 86.4565 -262.683 160
51 224 80.1218 -263.844 160
51 225 74.4837 -268.09 160
51 226 67.7685 -269.951 160
51 227 62.1209 -270.647 160
51 228 53.8282 -274.248 160
51 229 47.6258 -276.661 160
51 230 42.4502 -279.048 160
51 231 35.3416 -282.169 160
51 232 26.9529 -286.198 160
51 233 21.7306 -290.843 160
51 234 16.1913 -296.167 160
51 235 9.26218 -300.722 160
51 236 5.29723 -304.011 160
51 237 -1.0501 -307.145 160
51 238 -5.47795 -310.696 160
51 239 -11.2374 -313.922 160
51 240 -16.4678 -316.47 160
51 241 -20.5668 -318.802 160
51 242 -24.5559 -320.905 160
51 243 -28.7949 -325.143 160
51 244 -33.3738 -326.917 160
51 245 -37.2979 -330.156 160
51 246 -42.0932 -333.811 160
51 247 -46.4944 -337.186 160
51 248 -52.1629 -341.766 160
51 249 -56.5108 -343.614 160
51 250 -57.2901 -339.14 160
51 251 -62.3703 -342.03 160
51 252 -65.9153 -345.646 160
51 253 -70.1822 -346.419 160
51 254 -71.1623 -344.252 160
51 255 -74.5724 -345.387 160
51 256 -78.9536 -346.04 160
51 257 -82.9464 -348.578 160
51 258 -86.5807 -350.295 160
51 259 -89.593 -350.908 160
51 260 -93.2773 -349.976 160
51 261 -97.7144 -351.028 160
51 262 -102.62 -352.822 160
51 263 -106.608 -352.341 160
51 264 -111.61 -352.991 160
51 265 -114.58 -351.379 160
51 266 -118.596 -353.122 160
51 267 -122.511 -349.995 160
51 268 -125.269 -348.947 160
51 269 -128.368 -349.472 160
51 270 -132.512 -350.051 160
51 271 -138.576 -350.588 160
51 272 -141.551 -350.411 160
51 273 -145.054 -352.797 160
51 274 -147.877 -354.315 160
51 275 -153.535 -352.402 160
51 276 -157.444 -354.406 160
51 277 -160.48 -355.893 160
51 278 -163.918 -359.092 160
51 279 -169.001 -359.22 160
51 280 -172.929 -360.222 160
51 281 -177.367 -361.975 160
51 282 -182.34 -364.278 160
51 283 -187.804 -366.588 160
51 284 -192.313 -367.388 160
51 285 -200.185 -369.021 160
51 286 -206.122 -370.231 160
51 287 -210.084 -372.508 160
51 288 -216.993 -372.632 160
51 289 -221.924 -372.169 160
51 290 -228.191 -374.385 160
51 291 -233.757 -374.034 160
51 292 -239.67 -376.34 160
51 293 -246.56 -378.661 160
51 294 -248.972 -382.812 160
51 295 -256.39 -386.518 160
51 296 -260.745 -390.77 160
51 297 -264.793 -393.916 160
51 298 -270.11 -396.61 160
51 299 -275.004 -397.786 160
51 300 -278.688 -400.197 160
51 301 -281.915 -400.535 160
51 302 -286.458 -401.583 160
51 303 -290.851 -403.064 160
51 304 -294.758 -405.234 160
51 305 -298.924 -405.826 160
51 306 -303.13 -407.617 160
51 307 -307.192 -410.319 160
51 308 -310.358 -410.642 160
51 309 -314.006 -411.518 160
51 310 -318.633 -412.746 160
51 311 -322.74 -411.409 160
51 312 -326.659 -411.723 160
51 313 -331.495 -415.062 160
51 314 -334.894 -416.561 160
51 315 -338.913 -419.122 160
51 316 -342.63 -421.339 160
51 317 -347.899 -426.169 160
51 318 -351.612 -427.082 160
51 319 -356.089 -430.625 160
51 320 -358.957 -433.913 160
51 321 -362.558 -435.523 160
51 322 -366.368 -437.978 160
51 323 -370.095 -442.209 160
51 324 -371.912 -443.616 160
51 325 -377.667 -444.983 160
51 326 -381.107 -448.888 160
51 327 -386.255 -451.566 160
51 328 -389.728 -452.572 160
51 329 -395.544 -455.073 160
51 330 -400.894 -455.643 160
51 331 -406.891 -458.754 160
51 332 -412.163 -460.587 160
51 333 -416.85 -462.731 160
51 334 -420.689 -462.624 160
51 335 -425.441 -464.992 160
51 336 -429.713 -467.19 160
51 337 -434.302 -468.151 160
51 338 -438.422 -469.928 160
51 339 -441.504 -474.658 160
51 340 -447.919 -477.848 160
51 341 -452.392 -480.838 160
51 342 -456.264 -483.636 160
51 343 -463.211 -483.427 160
51 344 -468.876 -487.011 160
51 345 -473.792 -488.965 160
51 346 -479.59 -491.226 160
51 347 -486.956 -489.79 160
51 348 -492.678 -492.727 160
51 349 -498.703 -494.711 160
51 350 -504.15 -495.043 160
51 351 -510.068 -495.381 160
51 352 -514.302 -496.493 160
51 353 -521.17 -493.157 160
51 354 -526.639 -495.586 160
51 355 -532.787 -495.662 160
51 356 -539.496 -494.317 160
51 357 -542.679 -496.842 160
51 358 -547.418 -496.372 160
51 359 -554.691 -498.089 160
51 360 -560.948 -498.335 160
51 361 -566.294 -498.062 160
51 362 -572.357 -498.263 160
51 363 -577.989 -498.86 160
51 364 -584.092 -500.633 160
51 365 -590.648 -498.825 160
51 366 -596.355 -498.863 160
51 367 -601.135 -499.227 160
51 368 -605.245 -497.096 160
51 369 -611.433 -499.585 160
51 370 -616.838 -498.176 160
51 371 -621.527 -498.676 160
51 372 -627.953 -496.038 160
51 373 -634.444 -496.392 160
51 374 -638.658 -496.444 160
51 375 -643.47 -493.344 160
51 376 -646.189 -495.485 160
51 377 -656.144 -492.45 160
51 378 -660.397 -491.451 160
51 379 -666.287 -489.566 160
51 380 -673.924 -489.337 160
51 381 -681.014 -490.133 160
51 382 -685.606 -491.769 160
51 383 -691.101 -493.941 160
51 384 -697.722 -491.922 160
51 385 -704.189 -493.055 160
51 386 -709.167 -492.172 160
51 387 -715.869 -492.152 160
51 388 -721.526 -490.648 160
51 389 -729.439 -491.137 160
51 390 -734.147 -489.233 160
51 391 -739.744 -488.78 160
51 392 -744.653 -490.501 160
51 393 -749.92 -489.435 160
51 394 -756.001 -488.463 160
51 395 -761.21 -486.432 160
51 396 -765.899 -485.443 160
51 397 -770.124 -484.448 160
51 398 -777.154 -482.966 160
51 399 -781.869 -481.453 160
51 400 -783.838 -479.38 160
51 401 -786.085 -480.019 160
51 402 -792.654 -478.972 160
51 403 -800.077 -478.546 160
51 404 -803.248 -479.638 160
51 405 -806.941 -479.687 160
51 406 -810.602 -480.26 160
51 407 -814.895 -478.545 160
51 408 -821.001 -479.245 160
51 409 -825.848 -479.938 160
51 410 -830.817 -481.576 160
51 411 -835.453 -481.113 160
51 412 -841.894 -481.198 160
51 413 -844.159 -480.925 160
51 414 -850.021 -479.317 160
51 415 -855.138 -478.716 160
51 416 -856.771 -478.779 160
51 417 -858.081 -479.843 160
51 418 -860.46 -480.158 160
51 419 -862.912 -480.609 160
51 420 -864.067 -481.607 160
51 421 -864.763 -483.07 160
51 422 -865.804 -480.888 160
51 423 -866.949 -481.447 160
51 424 -867.9 -480.759 160
51 425 -867.727 -482.691 160
51 426 -868.433 -483.118 160
51 427 -869.419 -482.086 160
51 428 -869.385 -482.608 160
51 429 -871.996 -483.134 160
51 430 -872.623 -480.643 160
51 431 -874.957 -481.636 160
51 432 -873.123 -481.612 160
51 433 -876.826 -481.139 160
51 434 -877.249 -481.667 160
51 435 -878.201 -481.157 160
51 436 -878.659 -481.163 160
51 437 -878.659 -481.163 160
51 438 -880.457 -481.709 160
51 439 -879.999 -481.703 160
51 440 -880.457 -481.709 160
51 441 -880.915 -481.715 160
51 442 -881.832 -481.727 160
51 443 -881.832 -481.727 160
51 444 -882.29 -481.734 160
51 445 -882.29 -481.734 160
51 446 -882.29 -481.734 160
51 447 -882.29 -481.734 160
51 448 -882.29 -481.734 160
51 449 -882.937 -482.035 160
51 450 -882.783 -481.218 160
51 451 -883.136 -482.789 160
51 452 -883.25 -481.913 160
51 453 -882.678 -482.783 160
51 454 -882.184 -483.299 160
51 455 -882.219 -482.777 160
51 456 -882.184 -483.299 160
51 457 -882.184 -483.299 160
51 458 -882.361 -484.085 160
51 459 -883.837 -483.686 160
51 460 -883.911 -484.888 160
51 461 -883.453 -484.882 160
52 37 -773.322 634.955 160
52 38 -772.329 632.729 160
52 39 -772.427 632.697 160
52 40 -771.289 632.798 160
52 41 -770.189 632.73 160
52 42 -768.57 631.697 160
52 43 -768.109 630.801 160
52 44 -767.101 631.53 160
52 45 -766.581 631.565 160
52 46 -764.692 631.091 160
52 47 -763.857 630.66 160
52 48 -763.396 630.453 160
52 49 -760.58 630.509 160
52 50 -757.182 627.161 160
52 51 -757.86 628.86 160
52 52 -752.02 619.077 160
52 53 -754.082 625.647 160
52 54 -752.757 619.784 160
52 55 -754.687 615.864 160
52 56 -754.206 619.612 160
52 57 -743.091 603.115 160
52 58 -743.69 604.543 160
52 59 -741.387 599.018 160
52 60 -743.319 596.665 160
52 61 -740.981 592.348 160
52 62 -731.985 588.193 160
52 63 -729.268 585.74 160
52 64 -728.109 583.188 160
52 65 -720.759 578.474 160
52 66 -718.682 574.222 160
52 67 -715.725 572.153 160
52 68 -712.63 568.823 160
52 69 -708.191 564.766 160
52 70 -703.201 562.129 160
52 71 -699.773 554.854 160
52 72 -692.538 556.671 160
52 73 -690.616 551.876 160
52 74 -689.56 552.277 160
52 75 -678.828 543.245 160
52 76 -679.541 544.362 160
52 77 -670.537 540.26 160
52 78 -666.942 538.206 160
52 79 -668.091 533.84 160
52 80 -663.21 528.991 160
52 81 -658.048 528.09 160
52 82 -655.194 521.974 160
52 83 -651.588 516.515 160
52 84 -648.497 513.051 160
52 85 -643.448 506.76 160
52 86 -638.981 502.593 160
52 87 -637.473 496.481 160
52 88 -632.773 489.795 160
52 89 -629.776 485.782 160
52 90 -629.29 475.032 160
52 91 -624.843 471.026 160
52 92 -617.624 473.523 160
52 93 -616.309 470.129 160
52 94 -607.955 468.248 160
52 95 -602.955 463.8 160
52 96 -598.263 458.506 160
52 97 -594.765 454.341 160
52 98 -590.042 448.921 160
52 99 -585.06 445.367 160
52 100 -581.978 441.669 160
52 101 -573.062 434.898 160
52 102 -568.047 434.492 160
52 103 -562.749 428.899 160
52 104 -559.081 426.588 160
52 105 -554.827 420.591 160
52 106 -549.714 417.117 160
52 107 -545.534 411.7 160
52 108 -541.828 406.383 160
52 109 -538.781 400.368 160
52 110 -536.296 394.681 160
52 111 -533.012 388.56 160
52 112 -530.809 381.992 160
52 113 -526.899 376.338 160
52 114 -524.96 369.328 160
52 115 -521.387 363.617 160
52 116 -518.039 360.093 160
52 117 -511.666 359.062 160
52 118 -513.024 351.269 160
52 119 -500.827 348.137 160
52 120 -498.398 344.158 160
52 121 -495.187 339.907 160
52 122 -489.964 334.676 160
52 123 -484.571 329.109 160
52 124 -480.085 321.33 160
52 125 -471.699 321.271 160
52 126 -467.703 316.129 160
52 127 -461.664 310.862 160
52 128 -457.014 305.92 160
52 129 -459.495 296.403 160
52 130 -456.311 298.228 160
52 131 -450.648 292.519 160
52 132 -449.372 285.972 160
52 133 -443.476 281.808 160
52 134 -436.214 275.288 160
52 135 -434.683 268.937 160
52 136 -434.572 262.712 160
52 137 -431.054 253.107 160
52 138 -427.492 247.877 160
52 139 -423.835 243.004 160
52 140 -423.045 237.715 160
52 141 -419.581 231.755 160
52 142 -415.636 229.671 160
52 143 -412.444 224.939 160
52 144 -411.097 217.307 160
52 145 -406.9 212.561 160
52 146 -400.703 214.098 160
52 147 -394.11 206.083 160
52 148 -395.387 200.755 160
52 149 -391.181 194.789 160
52 150 -384.461 193.342 160
52 151 -377.229 188.884 160
52 152 -376.098 184.074 160
52 153 -368.948 180.979 160
52 154 -365.422 177.36 160
52 155 -361.833 174.467 160
52 156 -359.489 170.191 160
52 157 -361.461 165.702 160
52 158 -353.597 160.386 160
52 159 -351.565 154.829 160
52 160 -349.38 149.23 160
52 161 -347.972 142.802 160
52 162 -346.884 138.693 160
52 163 -345.686 131.294 160
52 164 -343.684 125.892 160
52 165 -342.283 118.377 160
52 166 -341.748 113.627 160
52 167 -339.775 108.598 160
52 168 -338.764 103.059 160
52 169 -337.624 96.6277 160
52 170 -336.274 92.0049 160
52 171 -332.999 86.1107 160
52 172 -332.295 81.1043 160
52 173 -329.548 74.0411 160
52 174 -325.345 71.6914 160
52 175 -322.009 62.822 160
52 176 -319.732 57.1108 160
52 177 -317.82 50.7632 160
52 178 -316.35 46.0499 160
52 179 -315.041 40.6828 160
52 180 -313.507 35.2815 160
52 181 -311.506 31.6053 160
52 182 -312.612 20.0164 160
52 183 -311.573 16.4818 160
52 184 -311.158 13.372 160
52 185 -310.504 7.60065 160
52 186 -309.35 3.29001 160
52 187 -307.3 -1.4574 160
52 188 -307.527 -6.47345 160
52 189 -306.905 -12.6712 160
52 190 -305.101 -15.6111 160
52 191 -303.229 -22.355 160
52 192 -301.689 -25.8448 160
52 193 -300.893 -28.8613 160
52 194 -300.128 -34.0485 160
52 195 -299.098 -37.5483 160
52 196 -297.039 -44.5414 160
52 197 -294.777 -44.6469 160
52 198 -290.745 -54.8276 160
52 199 -288.425 -57.3864 160
52 200 -283.588 -61.7819 160
52 201 -282.768 -68.7186 160
52 202 -279.218 -70.9458 160
52 203 -273.486 -75.5015 160
52 204 -269.58 -79.9963 160
52 205 -267.632 -83.1647 160
52 206 -269.063 -88.1557 160
52 207 -267.541 -91.6082 160
52 208 -265.513 -96.2079 160
52 209 -264.498 -99.6712 160
52 210 -261.46 -107.723 160
52 211 -259.296 -111.324 160
52 212 -257.073 -115.883 160
52 213 -257.243 -124.004 160
52 214 -254.771 -128.223 160
52 215 -257.212 -132.589 160
52 216 -257.563 -139.466 160
52 217 -255.508 -144.06 160
52 218 -252.579 -150.413 160
52 219 -250.608 -154.782 160
52 220 -250.218 -158.605 160
52 221 -248.865 -166.308 160
52 222 -246.356 -171.982 160
52 223 -244.393 -177.882 160
52 224 -241.155 -182.208 160
52 225 -238.35 -192.389 160
52 226 -234.647 -197.252 160
52 227 -232.357 -204.795 160
52 228 -229.493 -210.047 160
52 229 -227.62 -217.344 160
52 230 -226.384 -219.453 160
52 231 -218.676 -227.116 160
52 232 -217.422 -233.999 160
52 233 -216.161 -236.634 160
52 234 -215.646 -240.271 160
52 235 -210.497 -251.954 160
52 236 -210.029 -258.722 160
52 237 -207.554 -263.178 160
52 238 -205.588 -269.334 160
52 239 -203.848 -277.907 160
52 240 -201.673 -283.311 160
52 241 -198.714 -288.861 160
52 242 -194.754 -293.263 160
52 243 -192.706 -297.21 160
52 244 -186.035 -302.546 160
52 245 -183.178 -305.597 160
52 246 -180.918 -309.768 160
52 247 -177.341 -313.506 160
52 248 -171.405 -317.227 160
52 249 -169.065 -321.813 160
52 250 -164.125 -326.176 160
52 251 -160.183 -330.557 160
52 252 -155.993 -333.75 160
52 253 -156.268 -337.163 160
52 254 -155.319 -341.594 160
52 255 -151.385 -345.965 160
52 256 -147.454 -350.334 160
52 257 -145.547 -353.239 160
52 258 -141.484 -358.765 160
52 259 -144.843 -370.32 160
52 260 -139.225 -374.818 160
52 261 -134.365 -377.781 160
52 262 -131.5 -382.744 160
52 263 -124.955 -387.22 160
52 264 -122.914 -390.382 160
52 265 -120.706 -394.333 160
52 266 -117.809 -395.892 160
52 267 -109.341 -399.406 160
52 268 -106.891 -401.566 160
52 269 -100.21 -404.988 160
52 270 -95.6595 -413.201 160
52 271 -89.4828 -411.685 160
52 272 -89.0374 -414.029 160
52 273 -78.8242 -416.503 160
52 274 -72.9188 -419.704 160
52 275 -71.4364 -421.195 160
52 276 -63.0899 -425.587 160
52 277 -57.0235 -426.7 160
52 278 -48.7598 -430.303 160
52 279 -44.8619 -434.081 160
52 280 -40.0537 -435.006 160
52 281 -31.5271 -438.812 160
52 282 -27.6469 -443.135 160
52 283 -20.7518 -446.318 160
52 284 -16.1465 -450.168 160
52 285 -10.012 -454.912 160
52 286 -6.18483 -460.865 160
52 287 1.82791 -464.826 160
52 288 7.57593 -467.769 160
52 289 12.4998 -469.884 160
52 290 17.3917 -473.09 160
52 291 20.3521 -474.14 160
52 292 26.2734 -476.242 160
52 293 31.1968 -478.357 160
52 294 43.1113 -480.383 160
52 295 49.0536 -481.941 160
52 296 50.4048 -487.018 160
52 297 60.8387 -489.544 160
52 298 63.6895 -489.759 160
52 299 68.342 -492.226 160
52 300 69.3218 -496.215 160
52 301 79.4145 -497.463 160
52 302 89.438 -499.399 160
52 303 93.3413 -502.07 160
52 304 100.086 -503.707 160
52 305 104.65 -506.359 160
52 306 111.014 -511.096 160
52 307 113.225 -514.685 160
52 308 117.382 -519.138 160
52 309 126.245 -523.289 160
52 310 128.388 -527.165 160
52 311 131.177 -528.964 160
52 312 136.128 -532.678 160
52 313 141.864 -540.002 160
52 314 148.712 -543.714 160
52 315 155.583 -546.885 160
52 316 151.456 -549.621 160
52 317 167.394 -551.628 160
52 318 170.116 -552.584 160
52 319 174.968 -554.987 160
52 320 178.176 -556.92 160
52 321 182.113 -558.5 160
52 322 187.027 -560.611 160
52 323 190.845 -559.262 160
52 324 192.919 -563.252 160
52 325 199.895 -564.268 160
52 326 204.865 -565.302 160
52 327 210.345 -565.599 160
52 328 218.267 -569.85 160
52 329 218.663 -570.568 160
52 330 225.073 -571.214 160
52 331 225.036 -575.573 160
52 332 227.01 -576.837 160
52 333 229.549 -583.385 160
52 334 234.294 -582.025 160
52 335 235.797 -588.705 160
52 336 244.529 -590.592 160
52 337 251.05 -592.862 160
52 338 256.521 -595.944 160
52 339 261.436 -597.088 160
52 340 263.88 -597.821 160
52 341 271.772 -601.85 160
52 342 277.096 -603.099 160
52 343 282.983 -602.833 160
52 344 287.898 -604.236 160
52 345 295.454 -607.336 160
52 346 299.706 -607.393 160
52 347 307.376 -606.698 160
52 348 313.482 -608.34 160
52 349 319.697 -609.414 160
52 350 320.555 -612.786 160
52 351 326.707 -613.1 160
52 352 331.503 -617.11 160
52 353 336.241 -619.641 160
52 354 340.617 -622.291 160
52 355 343.341 -626.213 160
52 356 349.224 -629.73 160
52 357 353.086 -633.066 160
52 358 357.968 -635.026 160
52 359 362.736 -639.274 160
52 360 369.373 -639.078 160
52 361 376.99 -640.576 160
52 362 379.793 -641.32 160
52 363 385.908 -640.754 160
52 364 390.937 -641.262 160
52 365 396.164 -637.899 160
52 366 402.366 -638.689 160
52 367 407.323 -637.646 160
52 368 410.448 -637.95 160
52 369 416.338 -635.488 160
52 370 419.911 -633.614 160
52 371 425.078 -632.513 160
52 372 427.713 -629.655 160
52 373 436.605 -628.155 160
52 374 439.531 -626.924 160
52 375 447.215 -622.718 160
52 376 453.342 -622.681 160
52 377 459.556 -621.568 160
52 378 461.601 -621.555 160
52 379 471.854 -620.135 160
52 380 476.609 -622.606 160
52 381 480.265 -622.185 160
52 382 489.509 -627.354 160
52 383 494.389 -628.036 160
52 384 501.898 -629.393 160
52 385 509.922 -631.5 160
52 386 514.071 -630.939 160
52 387 521.301 -631.34 160
52 388 526.437 -630.33 160
52 389 537.029 -628.674 160
52 390 540.97 -628.63 160
52 391 549.204 -628.583 160
52 392 555.599 -628.438 160
52 393 558.619 -626.909 160
52 394 563.629 -628.5 160
52 395 569.963 -626.843 160
52 396 576.056 -627.888 160
52 397 579.302 -626.248 160
52 398 586.234 -629.451 160
52 399 594.316 -625.273 160
52 400 597.797 -623.088 160
52 401 603.694 -624.395 160
52 402 609.297 -624.46 160
52 403 610.607 -626.26 160
52 404 621.618 -627.084 160
52 405 626.802 -627.054 160
52 406 631.777 -629.192 160
52 407 637.896 -630.24 160
52 408 642.979 -631.295 160
52 409 644.949 -632.367 160
52 410 652.056 -633.952 160
52 411 657.142 -635.007 160
52 412 661.353 -634.442 160
52 413 665.557 -633.347 160
52 414 673.899 -633.518 160
52 415 676.454 -630.598 160
52 416 682.197 -628.905 160
52 417 687.658 -627.462 160
52 418 692.059 -628.436 160
52 419 695.551 -626.135 160
52 420 698.943 -624.506 160
52 421 701.903 -623.554 160
52 422 707.198 -620.258 160
52 423 709.786 -618.891 160
52 424 712.952 -617.521 160
52 425 715.288 -616.591 160
52 426 718.197 -615.004 160
52 427 721 -614.419 160
52 428 724.968 -620.171 160
52 429 727.455 -620.102 160
52 430 729.89 -619.455 160
52 431 732.449 -620.18 160
52 432 734.545 -620.168 160
52 433 738.35 -620.907 160
52 434 740.887 -622.037 160
52 435 743.248 -623.439 160
52 436 747.63 -621.124 160
52 437 750.574 -620.67 160
52 438 752.004 -623.769 160
52 439 755.966 -625.489 160
52 440 757.066 -627.39 160
52 441 758.519 -628.47 160
52 442 759.851 -630.641 160
52 443 762.07 -629.539 160
52 444 762.137 -630.922 160
52 445 762.755 -632.802 160
52 446 764.489 -636.057 160
52 447 767.784 -641.171 160
52 448 769.535 -641.445 160
52 449 770.519 -642.385 160
52 450 772.167 -643.3 160
52 451 771.536 -647.973 160
52 452 771.558 -645.91 160
52 453 772.504 -647.653 160
52 454 771.609 -650.294 160
52 455 771.628 -653.19 160
52 456 770.68 -655.568 160
52 457 771.774 -653.2 160
52 458 773.196 -655.535 160
52 459 775.03 -655.982 160
52 460 777.093 -657.652 160
52 461 777.121 -658.789 160
53 37 637.662 786.969 160
53 38 637.479 784.813 160
53 39 637.418 784.094 160
53 40 637.54 785.532 160
53 41 636.701 782.616 160
53 42 634.318 782.451 160
53 43 635.862 779.702 160
53 44 632.862 777.536 160
53 45 631.332 775.108 160
53 46 628.952 774.944 160
53 47 628.651 771.36 160
53 48 623.833 770.304 160
53 49 621.589 768.763 160
53 50 617.891 762.791 160
53 51 613.618 761.076 160
53 52 610.181 755.158 160
53 53 606.685 752.216 160
53 54 603.373 750.476 160
53 55 594.44 752.603 160
53 56 595.916 754.243 160
53 57 597.38 755.881 160
53 58 598.264 757.774 160
53 59 589.074 738.137 160
53 60 590.471 730.82 160
53 61 586.101 726.711 160
53 62 585.002 727.653 160
53 63 583.903 728.596 160
53 64 583.833 728.746 160
53 65 583.717 728.761 160
53 66 559.778 701.398 160
53 67 556.06 698.228 160
53 68 552.456 693.313 160
53 69 548.909 689.547 160
53 70 546.5 687.495 160
53 71 543.964 683.769 160
53 72 542.127 681.996 160
53 73 541.288 680.467 160
53 74 540.889 680.431 160
53 75 519.175 667.231 160
53 76 518.204 664.008 160
53 77 511.98 657.535 160
53 78 507.42 651.501 160
53 79 506.784 651.834 160
53 80 505.966 651.115 160
53 81 493.576 640.067 160
53 82 489.651 637.898 160
53 83 485.828 634.216 160
53 84 482.166 631.28 160
53 85 476.803 624.961 160
53 86 473.927 619.645 160
53 87 465.971 612.951 160
53 88 466.357 610.222 160
53 89 461.929 604.102 160
53 90 452.753 596.333 160
53 91 447.425 593.95 160
53 92 442.446 588.166 160
53 93 438.242 586.669 160
53 94 433.306 577.932 160
53 95 429.502 575.281 160
53 96 425.199 567.778 160
53 97 419.251 566.276 160
53 98 415.085 562.252 160
53 99 409.026 556.41 160
53 100 404.628 551.8 160
53 101 400.85 546.148 160
53 102 397.337 544.584 160
53 103 390.972 542.851 160
53 104 386.724 538.538 160
53 105 384.19 534.329 160
53 106 377.756 531.248 160
53 107 373.44 525.593 160
53 108 368.479 518.56 160
53 109 368.151 513.154 160
53 110 364.185 506.119 160
53 111 359.868 502.954 160
53 112 351.383 497.406 160
53 113 347.025 490.456 160
53 114 345.579 485.018 160
53 115 342.253 479.969 160
53 116 338.856 475.95 160
53 117 333.206 470.628 160
53 118 330.457 466.808 160
53 119 325.722 462.548 160
53 120 320.879 456.292 160
53 121 317.242 451.44 160
53 122 313.536 445.263 160
53 123 308.786 440.362 160
53 124 304.007 434.805 160
53 125 301.656 432.692 160
53 126 295.242 427.718 160
53 127 293.349 423.654 160
53 128 291.945 418.301 160
53 129 287.121 411.454 160
53 130 283.595 407.976 160
53 131 279.865 400.548 160
53 132 275.027 393.074 160
53 133 270.368 388.897 160
53 134 268.29 384.563 160
53 135 263.054 376.086 160
53 136 258.049 373.945 160
53 137 256.06 369.196 160
53 138 252.648 366.031 160
53 139 248.769 358.549 160
53 140 244.132 353.67 160
53 141 240.068 347.557 160
53 142 235.946 342.158 160
53 143 232.566 337.893 160
53 144 228.821 331.439 160
53 145 223.537 327.197 160
53 146 217.516 323.71 160
53 147 213.95 319.074 160
53 148 212.82 318.374 160
53 149 210.622 313.326 160
53 150 205.446 310.666 160
53 151 201.039 306.526 160
53 152 196.707 301.495 160
53 153 195.669 297.132 160
53 154 190.844 289.195 160
53 155 188.244 284.246 160
53 156 180.417 278.925 160
53 157 179.269 277.592 160
53 158 175.6 274.397 160
53 159 169.978 269.735 160
53 160 167.865 265.568 160
53 161 163.723 261.728 160
53 162 159.973 258.831 160
53 163 156.007 254.831 160
53 164 151.501 250.81 160
53 165 148.269 244.632 160
53 166 144.558 242.623 160
53 167 140.741 240.61 160
53 168 136.29 236.164 160
53 169 132.408 232.582 160
53 170 128.487 230.118 160
53 171 122.908 225.444 160
53 172 121.124 224.506 160
53 173 118.276 219.937 160
53 174 114.344 216.268 160
53 175 111.002 209.789 160
53 176 108.996 207.939 160
53 177 105.355 201.935 160
53 178 101.386 196.803 160
53 179 99.3692 193.589 160
53 180 94.5982 187.11 160
53 181 93.4362 184.27 160
53 182 90.7117 178.104 160
53 183 87.8138 173.945 160
53 184 84.8668 169.204 160
53 185 82.2187 165.291 160
53 186 79.4212 160.994 160
53 187 76.4343 157.02 160
53 188 74.1382 155.432 160
53 189 69.5358 150.209 160
53 190 67.5144 145.472 160
53 191 65.295 142.459 160
53 192 60.872 137.764 160
53 193 57.0233 133.894 160
53 194 54.2822 131.309 160
53 195 52.13 128.788 160
53 196 49.8021 126.729 160
53 197 46.8597 123.29 160
53 198 44.842 118.757 160
53 199 42.7142 117.883 160
53 200 39.9292 113.461 160
53 201 37.7328 110.912 160
53 202 36.851 106.553 160
53 203 35.3399 103.813 160
53 204 33.7303 100.923 160
53 205 31.7906 99.7416 160
53 206 31.1439 100.066 160
53 207 30.1111 98.7536 160
53 208 27.9394 98.6542 160
53 209 25.2587 96.2591 160
53 210 23.7126 95.0558 160
53 211 21.2813 94.6672 160
53 212 17.3026 94.0816 160
53 213 15.1756 92.7844 160
53 214 12.0752 91.7688 160
53 215 9.78333 91.7265 160
53 216 6.82866 90.9446 160
53 217 3.79005 92.1418 160
53 218 0.415192 90.5447 160
53 219 -2.47994 90.3052 160
53 220 -4.58711 89.105 160
53 221 -8.44331 87.8707 160
53 222 -10.9115 86.4632 160
53 223 -15.0994 83.9829 160
53 224 -17.7632 83.0517 160
53 225 -20.0831 81.0676 160
53 226 -23.7134 77.8428 160
53 227 -26.7097 75.9806 160
53 228 -29.0842 74.5965 160
53 229 -31.5054 72.9448 160
53 230 -33.1966 72.9026 160
53 231 -36.0658 71.3125 160
53 232 -38.3222 70.8108 160
53 233 -41.3683 68.6764 160
53 234 -44.0953 66.6758 160
53 235 -48.1778 65.8757 160
53 236 -48.8139 63.5316 160
53 237 -51.9704 62.8043 160
53 238 -54.0782 62.1173 160
53 239 -60.3864 57.9818 160
53 240 -63.0614 57.5315 160
53 241 -66.7574 55.5741 160
53 242 -72.0183 53.5589 160
53 243 -74.1527 51.0579 160
53 244 -77.5471 48.0279 160
53 245 -80.5849 46.1192 160
53 246 -84.3192 41.8188 160
53 247 -88.46 37.8404 160
53 248 -89.063 32.996 160
53 249 -93.2867 29.2283 160
53 250 -97.0703 25.4082 160
53 251 -100.7 20.5407 160
53 252 -102.648 18.7745 160
53 253 -106.144 13.4261 160
53 254 -109.661 11.2187 160
53 255 -112.297 8.12925 160
53 256 -115.992 3.20977 160
53 257 -118.631 -0.471001 160
53 258 -120.274 -7.09825 160
53 259 -123.779 -10.2631 160
53 260 -127.646 -14.5481 160
53 261 -131.267 -19.3541 160
53 262 -134.948 -24.2822 160
53 263 -138.452 -27.838 160
53 264 -143.294 -33.4714 160
53 265 -147.977 -38.3707 160
53 266 -151.106 -42.62 160
53 267 -153.724 -47.4387 160
53 268 -157.346 -50.5127 160
53 269 -159.969 -56.5018 160
53 270 -160.528 -61.2368 160
53 271 -163.835 -64.4071 160
53 272 -169.349 -74.4656 160
53 273 -173.498 -81.6413 160
53 274 -176.991 -85.6802 160
53 275 -180.198 -90.0548 160
53 276 -185.351 -97.8171 160
53 277 -184.151 -98.0209 160
53 278 -192.004 -103.276 160
53 279 -197.117 -108.097 160
53 280 -201.208 -112.88 160
53 281 -204.298 -121.115 160
53 282 -210.398 -124.78 160
53 283 -214.599 -131.25 160
53 284 -220.07 -138.393 160
53 285 -224.128 -143.136 160
53 286 -229.294 -148.828 160
53 287 -233.746 -154.376 160
53 288 -238.287 -157.96 160
53 289 -241.817 -161.512 160
53 290 -246.351 -166.238 160
53 291 -250.376 -170.944 160
53 292 -252.689 -178.577 160
53 293 -258.407 -186.059 160
53 294 -262.913 -192.467 160
53 295 -265.41 -198.81 160
53 296 -269.403 -204.613 160
53 297 -272.304 -208.844 160
53 298 -276.378 -213.895 160
53 299 -280.856 -218.552 160
53 300 -282.811 -221.869 160
53 301 -286.243 -226.909 160
53 302 -289.307 -230.439 160
53 303 -294.727 -238.409 160
53 304 -298.165 -247.261 160
53 305 -301.611 -252.978 160
53 306 -307.039 -257.607 160
53 307 -309.973 -264.418 160
53 308 -313.903 -268.998 160
53 309 -316.84 -273.549 160
53 310 -319.269 -279.762 160
53 311 -321.738 -283.865 160
53 312 -324.518 -289.657 160
53 313 -329.486 -298.407 160
53 314 -330.662 -301.55 160
53 315 -333.322 -310.725 160
53 316 -336.723 -315.237 160
53 317 -338.629 -321.929 160
53 318 -341.743 -325.78 160
53 319 -344.718 -331.57 160
53 320 -347.794 -337.597 160
53 321 -348.75 -339.822 160
53 322 -354.909 -344.805 160
53 323 -358.296 -349.737 160
53 324 -360.318 -354.912 160
53 325 -363.188 -359.91 160
53 326 -367.009 -366.563 160
53 327 -371.317 -372.665 160
53 328 -374.552 -376.093 160
53 329 -376.56 -380.96 160
53 330 -380.018 -383.969 160
53 331 -382.06 -390.984 160
53 332 -386.543 -396.397 160
53 333 -389.872 -400.804 160
53 334 -388.796 -408.39 160
53 335 -394.036 -413.898 160
53 336 -396.33 -422.056 160
53 337 -398.17 -428.03 160
53 338 -399.999 -434.535 160
53 339 -402.506 -440.61 160
53 340 -403.631 -448.591 160
53 341 -405.932 -455.07 160
53 342 -407.749 -461.533 160
53 343 -411.98 -466.948 160
53 344 -414.748 -473.405 160
53 345 -416.95 -479.096 160
53 346 -420.748 -486.291 160
53 347 -423.082 -489.517 160
53 348 -425.837 -497.806 160
53 349 -430.487 -502.366 160
53 350 -434.16 -509.834 160
53 351 -437.846 -516.229 160
53 352 -442.369 -522.275 160
53 353 -444.281 -527.395 160
53 354 -448.435 -533.238 160
53 355 -451.657 -538.01 160
53 356 -455.348 -542.78 160
53 357 -459.156 -550.589 160
53 358 -462.643 -555.445 160
53 359 -465.762 -563.848 160
53 360 -468.499 -568.053 160
53 361 -470.304 -574.844 160
53 362 -475.747 -580.632 160
53 363 -479.883 -584.829 160
53 364 -482.819 -589.791 160
53 365 -487.148 -595.275 160
53 366 -490.745 -601.522 160
53 367 -494.265 -606.176 160
53 368 -498.189 -609.564 160
53 369 -503.923 -617.121 160
53 370 -507.552 -621.269 160
53 371 -511.089 -628.499 160
53 372 -516.107 -632.642 160
53 373 -519.254 -636.768 160
53 374 -522.366 -641.915 160
53 375 -526.28 -645.942 160
53 376 -529.377 -651.576 160
53 377 -533.482 -656.022 160
53 378 -536.628 -660.661 160
53 379 -541.108 -667.551 160
53 380 -544.622 -673.672 160
53 381 -548.379 -680.696 160
53 382 -548.843 -686.379 160
53 383 -552.154 -689.471 160
53 384 -555.316 -696.95 160
53 385 -563.094 -702.103 160
53 386 -564.373 -705.134 160
53 387 -567.372 -711.693 160
53 388 -569.125 -714.214 160
53 389 -572.995 -718.225 160
53 390 -576.233 -721.266 160
53 391 -579.798 -724.285 160
53 392 -580.164 -727.386 160
53 393 -584.639 -728.956 160
53 394 -588.283 -733.079 160
53 395 -592.342 -738.977 160
53 396 -593.125 -741.766 160
53 397 -596.775 -748.318 160
53 398 -601.19 -750.433 160
53 399 -602.427 -755.793 160
53 400 -605.524 -758.281 160
53 401 -607.656 -761.384 160
53 402 -609.335 -765.736 160
53 403 -610.663 -766.728 160
53 404 -612.841 -769.208 160
53 405 -615.476 -768.879 160
53 406 -616.443 -770.197 160
53 407 -618.657 -771.683 160
53 408 -620.871 -773.168 160
53 409 -622.154 -775.148 160
53 410 -624.426 -775.146 160
53 411 -626.142 -777.619 160
53 412 -628.151 -778.458 160
53 413 -630.262 -781.393 160
53 414 -631.487 -780.086 160
53 415 -633.219 -782.061 160
53 416 -635.467 -782.552 160
53 417 -636.374 -782.551 160
53 418 -638.989 -785.017 160
53 419 -639.421 -785.51 160
53 420 -640.222 -787.976 160
53 421 -640.201 -788.47 160
53 422 -640.633 -788.962 160
53 423 -641.949 -789.946 160
53 424 -641.885 -791.425 160
53 425 -640.828 -793.073 160
53 426 -641.427 -793.447 160
53 427 -642.253 -793.396 160
53 428 -641.355 -794.925 160
53 429 -642.232 -793.889 160
53 430 -641.562 -793.476 160
53 431 -642.232 -793.889 160
53 432 -641.263 -795.368 160
53 433 -642.642 -794.873 160
53 434 -642.615 -795.08 160
53 435 -642.171 -794.677 160
53 436 -643.526 -795.364 160
53 437 -643.526 -795.364 160
53 438 -644 -794.87 160
53 439 -644 -794.87 160
53 440 -644.453 -794.87 160
53 441 -644.453 -794.87 160
53 442 -644.286 -794.318 160
53 443 -644.429 -794.15 160
53 444 -645.013 -794.051 160
53 445 -644.738 -794.751 160
53 446 -644.65 -794.692 160
53 447 -644.751 -794.662 160
53 448 -644.893 -794.524 160
53 449 -646.22 -795.851 160
53 450 -644.85 -795.292 160
53 451 -644.841 -796.346 160
53 452 -646.241 -795.359 160
53 453 -646.241 -795.359 160
53 454 -646.241 -795.359 160
53 455 -647.132 -795.042 160
53 456 -647.178 -795.042 160
53 457 -647.62 -794.863 160
53 458 -647.178 -795.042 160
53 459 -646.22 -795.851 160
53 460 -646.418 -795.456 160
53 461 -646.418 -795.456 160
54 37 447.335 862.397 160
54 38 443.797 858.66 160
54 39 440.337 853.179 160
54 40 436.549 849.274 160
54 41 432.274 841.599 160
54 42 430.683 832.6 160
54 43 425.205 827.701 160
54 44 420.313 815.206 160
54 45 416.878 807.12 160
54 46 411.765 799.507 160
54 47 408.362 792.292 160
54 48 404.497 786.343 160
54 49 400.141 781.783 160
54 50 394.316 772.174 160
54 51 390.514 765.849 160
54 52 382.411 754.845 160
54 53 378.555 748.144 160
54 54 375.178 743.355 160
54 55 369.001 736.916 160
54 56 370.014 734.907 160
54 57 371.155 732.925 160
54 58 351.353 708.128 160
54 59 345.164 703.527 160
54 60 340.246 696.295 160
54 61 334.334 683.302 160
54 62 329.184 674.67 160
54 63 324.698 666.069 160
54 64 318.96 655.332 160
54 65 314.293 649.566 160
54 66 307.214 638.731 160
54 67 301.048 630.155 160
54 68 294.334 620.909 160
54 69 286.327 610.521 160
54 70 279.306 601.51 160
54 71 272.043 590.36 160
54 72 266.64 578.783 160
54 73 259.657 566.909 160
54 74 253.276 557.768 160
54 75 247.005 546.461 160
54 76 242.202 540.108 160
54 77 236.065 529.89 160
54 78 227.257 511.642 160
54 79 223.84 507.477 160
54 80 218.761 500.874 160
54 81 208.305 485.225 160
54 82 202.964 472.719 160
54 83 194.866 462.347 160
54 84 187.009 455.814 160
54 85 180.459 447.634 160
54 86 173.835 431.861 160
54 87 166.85 424.706 160
54 88 159.834 415.135 160
54 89 150.524 402.847 160
54 90 146.827 392.85 160
54 91 137.638 382.587 160
54 92 131.792 373.174 160
54 93 125.96 363.783 160
54 94 121.164 352.525 160
54 95 112.318 340.872 160
54 96 99.8299 326.805 160
54 97 94.9574 320.903 160
54 98 89.0811 312.43 160
54 99 82.6938 304.527 160
54 100 73.5101 296.146 160
54 101 64.8698 282.783 160
54 102 56.1773 274.843 160
54 103 47.694 264.99 160
54 104 40.3979 258.562 160
54 105 32.7417 250.358 160
54 106 27.6878 242.544 160
54 107 19.8575 230.841 160
54 108 11.1144 224.153 160
54 109 2.29183 213.713 160
54 110 -6.50589 203.302 160
54 111 -17.4078 195.98 160
54 112 -22.7897 190.095 160
54 113 -34.0879 181.273 160
54 114 -41.7991 175.329 160
54 115 -48.7866 165.351 160
54 116 -57.6102 160.401 160
54 117 -70.7778 150.299 160
54 118 -75.1488 139.527 160
54 119 -84.5522 130.741 160
54 120 -91.7337 122.862 160
54 121 -99.3986 115.93 160
54 122 -105.594 108.215 160
54 123 -116.194 98.6322 160
54 124 -122.581 89.8497 160
54 125 -131.544 82.2012 160
54 126 -136.284 74.3596 160
54 127 -147.342 65.8259 160
54 128 -152.119 55.973 160
54 129 -160.488 48.4185 160
54 130 -167.825 38.513 160
54 131 -176.165 29.7961 160
54 132 -184.476 22.2989 160
54 133 -190.036 13.9699 160
54 134 -194.872 7.57503 160
54 135 -204.976 -4.12677 160
54 136 -209.349 -10.8032 160
54 137 -217.584 -19.9932 160
54 138 -222.731 -29.0547 160
54 139 -231.95 -38.8235 160
54 140 -235.026 -46.0047 160
54 141 -240.127 -49.7088 160
54 142 -249.294 -57.0702 160
54 143 -251.333 -67.7035 160
54 144 -256.409 -75.4828 160
54 145 -259.62 -84.3021 160
54 146 -265.519 -90.3786 160
54 147 -268.336 -102.583 160
54 148 -273.578 -108.092 160
54 149 -275.585 -113.959 160
54 150 -278.589 -122.744 160
54 151 -278.188 -130.81 160
54 152 -282.571 -139.624 160
54 153 -284.049 -150.041 160
54 154 -285.522 -160.434 160
54 155 -286.009 -165.04 160
54 156 -289.452 -183.461 160
54 157 -294.483 -192.925 160
54 158 -298.673 -202.606 160
54 159 -301.307 -212.826 160
54 160 -305.985 -220.716 160
54 161 -309.185 -228.328 160
54 162 -312.111 -237.443 160
54 163 -314.044 -245.951 160
54 164 -315.464 -256.68 160
54 165 -318.14 -265.213 160
54 166 -321.764 -275.9 160
54 167 -322.688 -284.869 160
54 168 -325.581 -293.864 160
54 169 -327.45 -307.267 160
54 170 -329.374 -312.864 160
54 171 -331.268 -321.779 160
54 172 -334.153 -329.036 160
54 173 -337.96 -342.37 160
54 174 -338.954 -349.543 160
54 175 -344.644 -360.113 160
54 176 -345.521 -370.555 160
54 177 -352.732 -380.539 160
54 178 -356.579 -384.978 160
54 179 -359.851 -397.034 160
54 180 -364.057 -407.06 160
54 181 -367.372 -417.806 160
54 182 -373.914 -427.363 160
54 183 -374.386 -437.386 160
54 184 -378.624 -447.786 160
54 185 -382.658 -463.813 160
54 186 -384.092 -468.711 160
54 187 -387.801 -478.394 160
54 188 -390.542 -488.041 160
54 189 -392.543 -499.348 160
54 190 -396.946 -508.34 160
54 191 -399.666 -517.916 160
54 192 -403.121 -526.527 160
54 193 -404.119 -538.047 160
54 194 -407.056 -544.821 160
54 195 -410.485 -556.001 160
54 196 -413.279 -565.96 160
54 197 -417.771 -573.881 160
54 198 -420.096 -586.389 160
54 199 -421.792 -592.561 160
54 200 -422.905 -604.143 160
54 201 -422.754 -612.443 160
54 202 -425.41 -621.78 160
54 203 -429.021 -630.07 160
54 204 -430.725 -639.36 160
54 205 -432.445 -647.603 160
54 206 -431.767 -656.967 160
54 207 -435.37 -667.815 160
54 208 -437.107 -672.742 160
54 209 -436.329 -679.43 160
54 210 -440.984 -689.081 160
54 211 -444.475 -700.786 160
54 212 -445.725 -707.893 160
54 213 -446.475 -715.593 160
54 214 -445.85 -724.086 160
54 215 -447.095 -731.154 160
54 216 -448.338 -738.209 160
54 217 -448.188 -745.252 160
54 218 -448.954 -752.786 160
54 219 -449.74 -759.305 160
54 220 -447.986 -765.565 160
54 221 -448.525 -772.814 160
54 222 -448.343 -781.3 160
54 223 -449.01 -785.933 160
54 224 -450.919 -790.262 160
54 225 -450.928 -794.936 160
54 226 -452.444 -798.491 160
54 227 -455.198 -805.154 160
54 228 -456.03 -809.117 160
54 229 -457.758 -814.062 160
54 230 -458.576 -818.511 160
54 231 -460.508 -824.816 160
54 232 -461.06 -830.348 160
54 233 -461.83 -836.747 160
54 234 -462.039 -842.363 160
54 235 -462.707 -848.333 160
54 236 -462.951 -853.57 160
54 237 -464.098 -857.357 160
54 238 -465.085 -860.848 160
54 239 -466.836 -863.677 160
54 240 -467.767 -866.39 160
54 241 -469.254 -871.022 160
54 242 -470.935 -872.799 160
54 243 -470.001 -877.846 160
54 244 -471.789 -879.298 160
54 245 -472.221 -880.269 160
54 246 -472.642 -880.949 160
54 247 -473.552 -881.722 160
54 248 -473.983 -882.693 160
54 249 -474.858 -884.148 160
54 250 -474.764 -885.005 160
54 251 -474.34 -886.321 160
54 252 -474.866 -887.125 160
54 253 -475.003 -888.99 160
54 254 -475.144 -889.893 160
54 255 -474.883 -891.256 160
54 256 -474.891 -890.925 160
54 257 -474.409 -893.143 160
54 258 -474.307 -891.735 160
54 259 -474.128 -895.329 160
54 260 -473.41 -894.946 160
54 261 -474.128 -895.329 160
54 262 -473.218 -895.336 160
54 263 -472.297 -895.827 160
54 264 -472.399 -895.001 160
54 265 -472.381 -896.118 160
54 266 -472.273 -896.798 160
54 267 -472.273 -896.798 160
54 268 -472.273 -896.798 160
54 269 -472.273 -896.798 160
54 270 -471.896 -895.49 160
54 271 -472.261 -897.283 160
54 272 -472.297 -895.827 160
54 273 -473.625 -897.274 160
54 274 -472.91 -896.027 160
54 275 -473.194 -896.306 160
54 276 -473.649 -896.303 160
54 277 -473.061 -896.191 160
54 278 -474.326 -895.037 160
54 279 -474.026 -895.786 160
54 280 -474.347 -895.27 160
54 281 -474.128 -895.329 160
54 282 -474.128 -895.329 160
54 283 -475.063 -893.906 160
54 284 -474.906 -893.286 160
54 285 -474.989 -893.576 160
54 286 -474.869 -893.286 160
54 287 -474.803 -893.393 160
54 288 -473.96 -894.389 160
54 289 -474.246 -893.853 160
54 290 -474.017 -893.903 160
54 291 -474.049 -894.078 160
54 292 -474.058 -894.097 160
54 293 -474.065 -894.165 160
54 294 -474.058 -894.097 160
54 295 -474.164 -893.873 160
54 296 -475.385 -892.311 160
54 297 -475.277 -891.884 160
54 298 -475.301 -892.02 160
54 299 -475.301 -892.02 160
54 300 -475.785 -893.416 160
54 301 -475.565 -892.737 160
54 302 -475.759 -892.979 160
54 303 -475.54 -893.378 160
54 304 -475.016 -893.256 160
54 305 -475.607 -892.892 160
54 306 -475.552 -892.893 160
54 307 -475.439 -892.69 160
54 308 -475.552 -892.893 160
54 309 -474.93 -892.314 160
54 310 -475.098 -893.954 160
54 311 -475.121 -891.924 160
54 312 -475.182 -892.788 160
54 313 -475.278 -892.953 160
54 314 -475.109 -892.41 160
54 315 -475.05 -892.605 160
54 316 -475.023 -892.216 160
54 317 -474.847 -892.713 160
54 318 -475.109 -892.41 160
54 319 -475.109 -892.41 160
54 320 -474.673 -893.501 160
54 321 -475.056 -892.352 160
54 322 -474.589 -892.85 160
54 323 -474.585 -892.637 160
54 324 -474.39 -892.803 160
54 325 -474.223 -891.444 160
54 326 -474.02 -892.32 160
54 327 -474.594 -891.549 160
54 328 -474.594 -891.549 160
54 329 -474.596 -891.471 160
54 330 -474.223 -891.444 160
54 331 -474.635 -891.704 160
54 332 -474.211 -891.93 160
54 333 -474.223 -891.444 160
54 334 -474.528 -891.617 160
54 335 -474.156 -891.61 160
54 336 -474.421 -891.919 160
54 337 -474.127 -891.678 160
54 338 -474.288 -891.755 160
54 339 -474.288 -891.755 160
54 340 -473.18 -892.461 160
54 341 -474.168 -892.591 160
54 342 -473.193 -892.656 160
54 343 -473.193 -892.656 160
54 344 -472.894 -892.59 160
54 345 -472.615 -892.485 160
54 346 -472.636 -892.348 160
54 347 -472.594 -892.213 160
54 348 -473.29 -892.422 160
54 349 -471.861 -892.451 160
54 350 -473.242 -894.365 160
54 351 -472.126 -893.867 160
54 352 -472.332 -894.37 160
54 353 -471.901 -893.771 160
54 354 -472.332 -894.37 160
54 355 -471.423 -894.376 160
54 356 -471.434 -893.891 160
54 357 -471.794 -894.811 160
54 358 -471.482 -893.036 160
54 359 -471.587 -894.336 160
54 360 -471.434 -893.891 160
54 361 -471.423 -894.376 160
54 362 -471.423 -894.376 160
54 363 -471.446 -893.405 160
54 364 -471.423 -894.376 160
54 365 -471.47 -892.434 160
54 366 -471.446 -893.405 160
54 367 -471.719 -893.773 160
54 368 -471.729 -892.607 160
54 369 -472.356 -893.399 160
54 370 -472.662 -892.037 160
54 371 -472.847 -891.939 160
54 372 -472.713 -892.94 160
54 373 -471.957 -891.838 160
54 374 -472.652 -893.193 160
54 375 -473.745 -892.419 160
54 376 -472.295 -892.176 160
54 377 -474.199 -892.416 160
54 378 -472.509 -891.99 160
54 379 -473.188 -892.102 160
54 380 -473.004 -892.181 160
54 381 -472.986 -892.181 160
54 382 -473.097 -892.122 160
54 383 -472.885 -892.221 160
54 384 -472.889 -892.084 160
54 385 -472.609 -892.349 160
54 386 -472.571 -892.038 160
54 387 -472.751 -892.493 160
54 388 -472.369 -892.136 160
54 389 -472.242 -892.477 160
54 390 -472.153 -892.021 160
54 391 -472.408 -892.01 160
54 392 -472.442 -892.136 160
54 393 -472.008 -891.993 160
54 394 -472.021 -892.236 160
54 395 -472.143 -892.06 160
54 396 -471.876 -892.198 160
54 397 -471.863 -891.615 160
54 398 -471.604 -891.034 160
54 399 -471.931 -891.799 160
54 400 -471.456 -890.743 160
54 401 -471.972 -890.487 160
54 402 -471.972 -890.487 160
54 403 -471.346 -890.773 160
54 404 -472.471 -890.183 160
54 405 -471.282 -890.433 160
54 406 -471.31 -891.152 160
54 407 -471.972 -890.487 160
54 408 -471.517 -890.49 160
54 409 -470.708 -890.816 160
54 410 -471.972 -890.487 160
54 411 -471.972 -890.487 160
54 412 -470.964 -890.785 160
54 413 -470.952 -891.271 160
54 414 -471.05 -890.979 160
54 415 -470.718 -891.175 160
54 416 -470.561 -891.624 160
54 417 -470.887 -891.709 160
54 418 -471.26 -891.706 160
54 419 -471.128 -891.134 160
54 420 -472.152 -890.583 160
54 421 -471.218 -891.561 160
54 422 -470.996 -891.319 160
54 423 -472.107 -890.535 160
54 424 -472.158 -889.961 160
54 425 -471.562 -892.025 160
54 426 -471.737 -891.937 160
54 427 -471.672 -891.986 160
54 428 -471.737 -891.937 160
54 429 -472.38 -892.428 160
54 430 -472.38 -892.428 160
54 431 -472.212 -891.846 160
54 432 -472.207 -892.04 160
54 433 -472.38 -892.428 160
54 434 -472.96 -891.385 160
54 435 -472.843 -891.337 160
54 436 -472.858 -891.453 160
54 437 -472.763 -890.89 160
54 438 -472.887 -891.035 160
54 439 -473.239 -890.022 160
54 440 -473.454 -890.186 160
54 441 -473.868 -890.339 160
54 442 -473.313 -891.45 160
54 443 -473.459 -889.982 160
54 444 -473.261 -891.004 160
54 445 -473.33 -891.149 160
54 446 -473.547 -891.206 160
54 447 -473.214 -890.693 160
54 448 -473.439 -891.168 160
54 449 -473.673 -891.642 160
54 450 -474.678 -891.441 160
54 451 -473.665 -892.322 160
54 452 -473.498 -891.352 160
54 453 -473.486 -891.838 160
54 454 -473.519 -891.595 160
54 455 -473.876 -891.524 160
54 456 -473.661 -891.37 160
54 457 -473.947 -891.194 160
54 458 -473.409 -892.751 160
54 459 -474.415 -891.055 160
54 460 -474.637 -892.365 160
54 461 -474.746 -892.014 160
55 37 381.795 930.085 160
55 38 378.704 929.557 160
55 39 379.024 928.798 160
55 40 376.785 928.736 160
55 41 376.802 927.228 160
55 42 374.44 927.047 160
55 43 371.346 917.4 160
55 44 370.341 917.29 160
55 45 364.278 910.124 160
55 46 362.669 905.838 160
55 47 359.908 900.256 160
55 48 357.379 893.142 160
55 49 355.296 888.666 160
55 50 353.173 878.76 160
55 51 352.791 874.124 160
55 52 357.089 854.638 160
55 53 354.168 847.441 160
55 54 351.219 841.126 160
55 55 348.74 830.327 160
55 56 343.099 819.438 160
55 57 333.969 811.877 160
55 58 331.204 803.865 160
55 59 327.245 803.101 160
55 60 324.377 797.696 160
55 61 314.011 784.673 160
55 62 307.526 772.476 160
55 63 301.364 764.999 160
55 64 295.214 757.537 160
55 65 289.075 750.088 160
55 66 272.317 722.994 160
55 67 265.976 715.423 160
55 68 260.182 706.688 160
55 69 261.471 702.482 160
55 70 251.067 700.034 160
55 71 242.594 689.758 160
55 72 236.294 676.886 160
55 73 228.23 662.567 160
55 74 221.649 648.449 160
55 75 212.998 638.155 160
55 76 205.448 628.274 160
55 77 194.359 619.571 160
55 78 183.462 609.966 160
55 79 174.24 602.974 160
55 80 164.982 592.417 160
55 81 154.188 578.667 160
55 82 140.264 565.655 160
55 83 133.194 555.793 160
55 84 121.727 547.033 160
55 85 113.947 531.813 160
55 86 97.6792 526.834 160
55 87 93.9823 515.93 160
55 88 82.5839 505.935 160
55 89 71.6479 491.811 160
55 90 59.639 478.071 160
55 91 48.3464 468.179 160
55 92 40.3803 458.501 160
55 93 27.0618 452.49 160
55 94 14.4638 441.61 160
55 95 3.62637 434.131 160
55 96 -7.64152 419.136 160
55 97 -23.0347 411.782 160
55 98 -33.1624 397.441 160
55 99 -45.4926 387.799 160
55 100 -54.6822 371.983 160
55 101 -61.9304 362.446 160
55 102 -75.8173 354.171 160
55 103 -89.4293 338.757 160
55 104 -95.7685 331.835 160
55 105 -105.593 319.211 160
55 106 -111.956 302.448 160
55 107 -129.512 287.072 160
55 108 -140.158 283.858 160
55 109 -148.751 274.6 160
55 110 -158.248 268.196 160
55 111 -170.994 256.618 160
55 112 -179.292 244.636 160
55 113 -189.303 226.266 160
55 114 -200.966 208.3 160
55 115 -209.384 201.712 160
55 116 -217.493 192.43 160
55 117 -226.684 180.994 160
55 118 -233.676 170.995 160
55 119 -240.828 160.813 160
55 120 -249.158 145.732 160
55 121 -255.903 134.437 160
55 122 -266.76 116.915 160
55 123 -273.974 106.895 160
55 124 -282.192 94.439 160
55 125 -289.364 84.4783 160
55 126 -294.692 77.6091 160
55 127 -306.713 62.1136 160
55 128 -314.837 51.0012 160
55 129 -322.929 38.7266 160
55 130 -332.484 21.6715 160
55 131 -336.788 10.527 160
55 132 -345.177 -2.98539 160
55 133 -349.842 -12.2338 160
55 134 -361.474 -23.1866 160
55 135 -362.847 -36.1779 160
55 136 -368.717 -48.3863 160
55 137 -376.652 -61.2457 160
55 138 -381.553 -73.8416 160
55 139 -385.718 -87.9578 160
55 140 -394.108 -97.7429 160
55 141 -396.037 -109.506 160
55 142 -398.038 -117.33 160
55 143 -404.197 -130.508 160
55 144 -410.036 -138.724 160
55 145 -414.814 -150.329 160
55 146 -420.053 -163.056 160
55 147 -425.751 -176.895 160
55 148 -430.484 -188.391 160
55 149 -431.91 -201.512 160
55 150 -435.975 -211.185 160
55 151 -438.003 -213.224 160
55 152 -439.636 -231.587 160
55 153 -441.176 -247.32 160
55 154 -441.936 -258.532 160
55 155 -444.56 -274.219 160
55 156 -449.419 -287.401 160
55 157 -451.765 -307.792 160
55 158 -454.457 -314.369 160
55 159 -455.482 -329.78 160
55 160 -457.847 -337.568 160
55 161 -460.52 -351.004 160
55 162 -465.492 -364.004 160
55 163 -467.104 -378.208 160
55 164 -469.207 -393.385 160
55 165 -469.782 -408.636 160
55 166 -474.758 -421.675 160
55 167 -475.892 -434.612 160
55 168 -474.723 -447.693 160
55 169 -477.076 -455.278 160
55 170 -476.94 -471.036 160
55 171 -477.845 -483.031 160
55 172 -478.026 -499.323 160
55 173 -478.3 -514.417 160
55 174 -480.289 -529.364 160
55 175 -479.983 -541.979 160
55 176 -480.647 -553.521 160
55 177 -482.24 -565.565 160
55 178 -480.01 -579.626 160
55 179 -484.433 -591.102 160
55 180 -485.163 -602.88 160
55 181 -486.976 -618.806 160
55 182 -488.056 -631.624 160
55 183 -486.873 -641.015 160
55 184 -486.874 -652.043 160
55 185 -485.733 -664.306 160
55 186 -484.514 -672.02 160
55 187 -483.721 -680.965 160
55 188 -482.441 -689.719 160
55 189 -479.918 -700.756 160
55 190 -479.54 -713.027 160
55 191 -478.364 -723.125 160
55 192 -477.628 -734.209 160
55 193 -476.87 -746.27 160
55 194 -475.725 -755.295 160
55 195 -472.124 -762.903 160
55 196 -471.469 -774.023 160
55 197 -469.102 -781.274 160
55 198 -464.626 -792.168 160
55 199 -463.569 -798.835 160
55 200 -460.337 -811.828 160
55 201 -458.296 -820.735 160
55 202 -455.806 -831.451 160
55 203 -454.249 -837.515 160
55 204 -450.632 -845.645 160
55 205 -445.398 -851.65 160
55 206 -439.633 -856.063 160
55 207 -435.534 -862.054 160
55 208 -430.209 -869.524 160
55 209 -429.823 -877.591 160
55 210 -423.771 -882.997 160
55 211 -420.809 -889.207 160
55 212 -417.643 -892.784 160
55 213 -414.829 -896.696 160
55 214 -413.88 -898.649 160
55 215 -411.525 -902.555 160
55 216 -409.592 -903.346 160
55 217 -407.311 -908.414 160
55 218 -404.488 -913.287 160
55 219 -403.077 -915.722 160
55 220 -401.162 -921.066 160
55 221 -398.824 -924.473 160
55 222 -398.328 -926.896 160
55 223 -397.833 -929.318 160
55 224 -395.065 -931.274 160
55 225 -395.027 -933.69 160
55 226 -393.473 -932.718 160
55 227 -392.083 -934.662 160
55 228 -393.157 -936.603 160
55 229 -393.127 -938.534 160
55 230 -393.127 -938.534 160
55 231 -393.127 -938.534 160
55 232 -394.039 -938.526 160
55 233 -394.951 -938.518 160
55 234 -395.862 -938.51 160
55 235 -397.686 -938.494 160
55 236 -397.678 -938.977 160
55 237 -398.296 -936.859 160
55 238 -398.613 -937.522 160
55 239 -399.54 -936.549 160
55 240 -400.444 -937.023 160
55 241 -400.437 -936.338 160
55 242 -401.192 -935.347 160
55 243 -402.275 -936.525 160
55 244 -402.275 -936.525 160
55 245 -402.275 -936.525 160
55 246 -403.634 -936.996 160
55 247 -402.478 -935.819 160
55 248 -403.306 -935.899 160
55 249 -402.752 -935.817 160
55 250 -401.364 -936.533 160
55 251 -401.819 -936.529 160
55 252 -400.534 -935.411 160
55 253 -400.541 -935.526 160
55 254 -400.436 -937.506 160
55 255 -399.603 -932.686 160
55 256 -400.484 -934.61 160
55 257 -399.312 -933.2 160
55 258 -399.071 -932.352 160
55 259 -397.481 -931.38 160
55 260 -396.913 -929.809 160
55 261 -395.916 -929.401 160
55 262 -397.55 -929.9 160
55 263 -397.218 -930.135 160
55 264 -396.545 -930.005 160
55 265 -396.575 -929.28 160
55 266 -397.538 -930.674 160
55 267 -397.084 -931.093 160
55 268 -397.989 -932.68 160
55 269 -396.512 -931.465 160
55 270 -396.158 -933.661 160
55 271 -397.251 -934.937 160
55 272 -396.758 -935.52 160
55 273 -397.299 -937.61 160
55 274 -394.92 -940.448 160
55 275 -392.028 -938.823 160
55 276 -392.155 -942.401 160
55 277 -390.331 -942.417 160
55 278 -389.39 -944.353 160
55 279 -388.739 -943.424 160
55 280 -387.104 -944.856 160
55 281 -386.199 -944.382 160
55 282 -384.929 -942.648 160
55 283 -384.823 -944.876 160
55 284 -384.367 -944.88 160
55 285 -384.816 -945.358 160
55 286 -384.816 -945.358 160
55 287 -385.193 -944.584 160
55 288 -384.302 -943.772 160
55 289 -385.423 -943.791 160
55 290 -384.688 -943.518 160
55 291 -386.64 -945.342 160
55 292 -386.199 -943.138 160
55 293 -386.648 -944.86 160
55 294 -386.875 -944.27 160
55 295 -387.463 -943.966 160
55 296 -390.295 -944.827 160
55 297 -388.479 -944.362 160
55 298 -390.074 -942.583 160
55 299 -390.302 -944.345 160
55 300 -392.125 -944.329 160
55 301 -393.037 -944.321 160
55 302 -393.037 -944.321 160
55 303 -393.037 -944.321 160
55 304 -393.037 -944.321 160
55 305 -393.506 -944.047 160
55 306 -393.319 -944.916 160
55 307 -393.254 -944.415 160
55 308 -394.829 -946.232 160
55 309 -393.861 -944.024 160
55 310 -393.198 -945.669 160
55 311 -393.022 -945.285 160
55 312 -393.169 -945.168 160
55 313 -394.829 -946.232 160
55 314 -393.918 -946.24 160
55 315 -393.91 -946.722 160
55 316 -393.178 -945.216 160
55 317 -393.21 -945.505 160
55 318 -393.007 -946.248 160
55 319 -392.32 -946.495 160
55 320 -392.32 -946.495 160
55 321 -391.863 -946.538 160
55 322 -393.007 -946.248 160
55 323 -392.551 -945.106 160
55 324 -393.007 -946.248 160
55 325 -391.53 -946.281 160
55 326 -391.632 -946.742 160
55 327 -391.632 -946.742 160
55 328 -391.632 -946.742 160
55 329 -391.632 -946.742 160
55 330 -391.625 -947.224 160
55 331 -392.081 -947.22 160
55 332 -391.431 -945.607 160
55 333 -392.066 -948.183 160
55 334 -391.625 -947.224 160
55 335 -391.625 -947.224 160
55 336 -391.625 -947.224 160
55 337 -391.625 -947.224 160
55 338 -392.081 -947.22 160
55 339 -392.081 -947.22 160
55 340 -392.081 -947.22 160
55 341 -392.081 -947.22 160
55 342 -392.081 -947.22 160
55 343 -392.081 -947.22 160
55 344 -392.081 -947.22 160
55 345 -392.088 -946.738 160
55 346 -392.073 -947.701 160
55 347 -391.632 -946.742 160
55 348 -392.081 -947.22 160
55 349 -391.391 -946.407 160
55 350 -392.066 -948.183 160
55 351 -391.089 -946.497 160
55 352 -392.088 -946.738 160
55 353 -391.401 -946.359 160
55 354 -392.088 -946.738 160
55 355 -391.804 -945.652 160
55 356 -392.11 -945.293 160
55 357 -392.081 -947.22 160
55 358 -391.38 -944.779 160
55 359 -392.536 -947.216 160
55 360 -391.37 -944.268 160
55 361 -391.855 -945.305 160
55 362 -392.11 -945.293 160
55 363 -392.118 -944.811 160
55 364 -391.919 -945.873 160
55 365 -391.493 -943.949 160
55 366 -392.11 -945.293 160
55 367 -392.33 -945.233 160
55 368 -392.118 -944.811 160
55 369 -392.11 -945.293 160
55 370 -392.118 -944.811 160
55 371 -392.11 -945.293 160
55 372 -392.11 -945.293 160
55 373 -391.206 -944.819 160
55 374 -392.11 -945.293 160
55 375 -391.206 -944.819 160
55 376 -391.947 -944.658 160
55 377 -391.206 -944.819 160
55 378 -391.206 -944.819 160
55 379 -391.669 -944.333 160
55 380 -391.206 -944.819 160
55 381 -391.206 -944.819 160
55 382 -391.206 -944.819 160
55 383 -391.206 -944.819 160
55 384 -391.206 -944.819 160
55 385 -391.206 -944.819 160
55 386 -389.644 -942.664 160
55 387 -389.383 -944.835 160
55 388 -387.453 -940.976 160
55 389 -387.111 -944.374 160
55 390 -386.669 -943.414 160
55 391 -384.859 -942.465 160
55 392 -384.403 -942.469 160
55 393 -382.542 -940.508 160
55 394 -382.019 -941.333 160
55 395 -381.905 -941.054 160
55 396 -382.167 -941.196 160
55 397 -382.598 -941.038 160
55 398 -382.374 -940.799 160
55 399 -382.63 -941.375 160
55 400 -384.859 -942.465 160
55 401 -384.845 -943.43 160
55 402 -383.844 -943.246 160
55 403 -384.92 -942.629 160
55 404 -384.933 -944.258 160
55 405 -384.802 -946.322 160
55 406 -383.462 -944.406 160
55 407 -384.324 -944.736 160
55 408 -383.89 -946.33 160
55 409 -383.876 -947.294 160
55 410 -383.862 -948.258 160
55 411 -383.862 -948.258 160
55 412 -382.951 -948.266 160
55 413 -383.934 -946.475 160
55 414 -382.951 -948.266 160
55 415 -383.855 -948.739 160
55 416 -384.318 -948.254 160
55 417 -384.774 -948.249 160
55 418 -384.774 -948.249 160
55 419 -384.774 -948.249 160
55 420 -384.774 -948.249 160
55 421 -384.774 -948.249 160
55 422 -384.774 -948.249 160
55 423 -385.234 -945.518 160
55 424 -385.076 -945.057 160
55 425 -384.875 -945.107 160
55 426 -385.538 -945.93 160
55 427 -386.134 -945.057 160
55 428 -386.035 -946.186 160
55 429 -386.619 -946.788 160
55 430 -386.555 -946.21 160
55 431 -386.704 -945.939 160
55 432 -387.027 -947.564 160
55 433 -387.883 -946.371 160
55 434 -388.377 -945.056 160
55 435 -389.376 -945.317 160
55 436 -388.846 -944.773 160
55 437 -387.314 -946.059 160
55 438 -388.464 -945.326 160
55 439 -388.464 -945.326 160
55 440 -388.464 -945.326 160
55 441 -388.464 -945.326 160
55 442 -388.471 -944.844 160
55 443 -387.617 -944.649 160
55 444 -388.464 -945.326 160
55 445 -388.464 -945.326 160
55 446 -388.45 -946.289 160
55 447 -388.464 -945.326 160
55 448 -388.464 -945.326 160
55 449 -388.464 -945.326 160
55 450 -388.568 -944.486 160
55 451 -388.457 -945.807 160
55 452 -388.479 -944.362 160
55 453 -388.471 -944.844 160
55 454 -388.384 -944.594 160
55 455 -388.421 -945.124 160
55 456 -388.471 -944.844 160
55 457 -388.471 -944.844 160
55 458 -388.471 -944.844 160
55 459 -387.743 -944.754 160
55 460 -387.586 -944.938 160
55 461 -387.682 -945.178 160
56 37 -553.409 834.621 160
56 38 -555.645 831.358 160
56 39 -554.565 831.44 160
56 40 -554.604 832.824 160
56 41 -551.251 832.609 160
56 42 -551.536 830.033 160
56 43 -550.011 829.332 160
56 44 -548.319 828.455 160
56 45 -547.529 826.117 160
56 46 -546.211 823.065 160
56 47 -545.092 821.765 160
56 48 -543.254 818.665 160
56 49 -542.277 818.985 160
56 50 -540.057 812.091 160
56 51 -539.877 809.021 160
56 52 -537.589 804.36 160
56 53 -535.173 794.821 160
56 54 -535.223 793.441 160
56 55 -533.534 787.554 160
56 56 -530.52 782.159 160
56 57 -529.3 776.754 160
56 58 -529.193 772.644 160
56 59 -526.969 770.063 160
56 60 -524.745 767.482 160
56 61 -522.47 762.851 160
56 62 -519.496 762.135 160
56 63 -516.645 757.227 160
56 64 -514.078 751.079 160
56 65 -513.402 745.041 160
56 66 -509.944 735.738 160
56 67 -506.756 731.198 160
56 68 -502.879 725.699 160
56 69 -496.42 719.652 160
56 70 -494.42 716.417 160
56 71 -492.057 707.079 160
56 72 -490.425 708.632 160
56 73 -484.323 701.67 160
56 74 -479.982 694.878 160
56 75 -479.834 688.962 160
56 76 -475.484 686.556 160
56 77 -473.979 681.389 160
56 78 -471.767 672.582 160
56 79 -466.38 666.907 160
56 80 -463.176 663.969 160
56 81 -459.292 659.663 160
56 82 -458.693 652.649 160
56 83 -456.409 645.416 160
56 84 -454.178 640.869 160
56 85 -449.591 636.346 160
56 86 -445.318 625.383 160
56 87 -445.257 622.045 160
56 88 -441.295 616.025 160
56 89 -437.571 611.195 160
56 90 -434.226 603.413 160
56 91 -430.908 596.969 160
56 92 -427.525 594.129 160
56 93 -425.327 582.707 160
56 94 -422.062 578.933 160
56 95 -419.867 577.938 160
56 96 -420.029 569.989 160
56 97 -414.869 562.829 160
56 98 -411.854 556.811 160
56 99 -410.205 549.959 160
56 100 -407.044 543.835 160
56 101 -403.796 535.149 160
56 102 -402.053 532.411 160
56 103 -398.805 520.996 160
56 104 -395.93 517.747 160
56 105 -391.18 510.195 160
56 106 -389.003 503.891 160
56 107 -386.044 501.123 160
56 108 -386.405 493.607 160
56 109 -384.564 489.126 160
56 110 -382.469 482.894 160
56 111 -380.732 477.964 160
56 112 -375.811 467.494 160
56 113 -373.587 458.53 160
56 114 -368.805 457.506 160
56 115 -368.162 447.172 160
56 116 -365.164 444.235 160
56 117 -364.059 437.87 160
56 118 -357.262 435.807 160
56 119 -356.258 421.998 160
56 120 -352.97 419.854 160
56 121 -350.116 415.573 160
56 122 -348.896 407.043 160
56 123 -343.831 404.275 160
56 124 -339.865 397.496 160
56 125 -339.065 390.158 160
56 126 -336.909 384.508 160
56 127 -333.177 379.588 160
56 128 -330.712 373.036 160
56 129 -328.865 367.036 160
56 130 -326.749 359.913 160
56 131 -323.51 354.567 160
56 132 -321.109 348.243 160
56 133 -320.433 342.934 160
56 134 -317.381 339.426 160
56 135 -316.534 333.318 160
56 136 -311.648 324.947 160
56 137 -310.148 319.705 160
56 138 -305.501 315.099 160
56 139 -301.683 307.489 160
56 140 -299.821 302.218 160
56 141 -295.604 298.013 160
56 142 -297.806 294.742 160
56 143 -291.678 286.505 160
56 144 -290.027 279.095 160
56 145 -290.018 276.583 160
56 146 -287.882 264.145 160
56 147 -285.775 259.863 160
56 148 -283.038 254.222 160
56 149 -279.348 247.066 160
56 150 -279.455 243.915 160
56 151 -276.153 240.131 160
56 152 -276.156 236.627 160
56 153 -269.774 225.789 160
56 154 -268.439 218.901 160
56 155 -264.152 211.895 160
56 156 -262.582 205.147 160
56 157 -263.725 200.513 160
56 158 -260.169 198.772 160
56 159 -256.529 193.091 160
56 160 -253.039 185.844 160
56 161 -251.22 176.363 160
56 162 -251.223 170.204 160
56 163 -248.521 165.153 160
56 164 -246.03 159.36 160
56 165 -243.956 154.537 160
56 166 -242.686 148.269 160
56 167 -238.258 143.13 160
56 168 -237.239 137.984 160
56 169 -234.906 131.341 160
56 170 -231.767 124.868 160
56 171 -230.522 120.839 160
56 172 -229.227 116.371 160
56 173 -227.453 113.171 160
56 174 -225.193 109.761 160
56 175 -223.315 104.082 160
56 176 -221.411 100.478 160
56 177 -218.17 94.5688 160
56 178 -217.318 89.9168 160
56 179 -215.623 84.3619 160
56 180 -213.574 79.5983 160
56 181 -212.219 77.2273 160
56 182 -209.233 69.8748 160
56 183 -208.282 65.5878 160
56 184 -205.872 60.0501 160
56 185 -201.672 53.5156 160
56 186 -201.853 46.8638 160
56 187 -198.34 43.9612 160
56 188 -198.296 37.3817 160
56 189 -194.313 34.4846 160
56 190 -193.715 27.9526 160
56 191 -190.594 24.4224 160
56 192 -187.854 18.2851 160
56 193 -187.653 10.2216 160
56 194 -186.669 3.69025 160
56 195 -184.642 -0.41235 160
56 196 -183.441 -5.01774 160
56 197 -182.132 -8.66339 160
56 198 -181.677 -16.3789 160
56 199 -179.76 -16.883 160
56 200 -179.284 -25.5586 160
56 201 -177.937 -29.1857 160
56 202 -176.39 -33.1745 160
56 203 -176.693 -40.2403 160
56 204 -175.375 -44.4273 160
56 205 -174.223 -46.3447 160
56 206 -174.004 -52.02 160
56 207 -173.806 -55.25 160
56 208 -174.509 -60.9391 160
56 209 -172.222 -66.2355 160
56 210 -171.507 -71.1353 160
56 211 -170.903 -76.8643 160
56 212 -168.912 -82.67 160
56 213 -168.438 -86.7591 160
56 214 -166.954 -91.9846 160
56 215 -165.851 -94.0578 160
56 216 -163.476 -101.821 160
56 217 -161.922 -104.519 160
56 218 -160.072 -110.303 160
56 219 -155.212 -116.452 160
56 220 -153.18 -120.781 160
56 221 -152.021 -127.71 160
56 222 -148.25 -129.146 160
56 223 -147.02 -135.699 160
56 224 -144.02 -140.256 160
56 225 -140.931 -144.088 160
56 226 -137.781 -150.222 160
56 227 -135.276 -154.864 160
56 228 -133.41 -159.254 160
56 229 -129.738 -164.527 160
56 230 -127.053 -168.933 160
56 231 -123.636 -176.12 160
56 232 -119.806 -179.623 160
56 233 -115.124 -184.531 160
56 234 -112.244 -191.541 160
56 235 -105.035 -195.421 160
56 236 -101.03 -202.035 160
56 237 -96.305 -204.77 160
56 238 -90.9654 -209.507 160
56 239 -85.7964 -216.262 160
56 240 -82.239 -221.552 160
56 241 -78.2529 -225.456 160
56 242 -73.9429 -228.767 160
56 243 -65.3253 -238.843 160
56 244 -59.2355 -238.697 160
56 245 -55.6022 -243.536 160
56 246 -50.3001 -255.527 160
56 247 -42.1432 -254.484 160
56 248 -38.6564 -258.214 160
56 249 -32.1592 -263.294 160
56 250 -25.9976 -267.857 160
56 251 -22.0077 -274.803 160
56 252 -16.2556 -279.244 160
56 253 -11.5656 -283.073 160
56 254 -5.4713 -286.676 160
56 255 0.360387 -292.434 160
56 256 6.23327 -300.221 160
56 257 14.4155 -305.017 160
56 258 17.9105 -310.112 160
56 259 24.2751 -316.485 160
56 260 27.9033 -322.322 160
56 261 34.8112 -328.854 160
56 262 39.7306 -333.331 160
56 263 46.4206 -337.524 160
56 264 52.3538 -342.785 160
56 265 56.9735 -347.193 160
56 266 65.0613 -355.386 160
56 267 71.2512 -359.916 160
56 268 76.138 -366.255 160
56 269 81.0098 -371.752 160
56 270 86.9735 -374.994 160
56 271 92.8535 -380.468 160
56 272 101.645 -389.229 160
56 273 104.299 -393.757 160
56 274 109.083 -399.736 160
56 275 114.133 -406.804 160
56 276 118.934 -413.381 160
56 277 128.255 -420.225 160
56 278 132.876 -424.061 160
56 279 138.56 -428.576 160
56 280 143.851 -435.128 160
56 281 154.349 -440.329 160
56 282 157.442 -446.186 160
56 283 162.941 -452.279 160
56 284 168.608 -459.025 160
56 285 176.458 -464.417 160
56 286 179.291 -468.774 160
56 287 185.641 -473.632 160
56 288 191.936 -479.584 160
56 289 194.655 -486.124 160
56 290 200.859 -493.708 160
56 291 205.143 -499.122 160
56 292 210.869 -506.535 160
56 293 216.941 -512.006 160
56 294 224.407 -517.993 160
56 295 230.841 -520.645 160
56 296 239.894 -532.764 160
56 297 240.945 -530.33 160
56 298 247.622 -542 160
56 299 253.444 -541.281 160
56 300 260.504 -546.159 160
56 301 267.363 -551.882 160
56 302 272.324 -560.626 160
56 303 275.458 -564.144 160
56 304 282.058 -570.407 160
56 305 285.824 -577.013 160
56 306 292.613 -581.809 160
56 307 298.161 -590.381 160
56 308 303.767 -597.866 160
56 309 309.599 -601.584 160
56 310 317.316 -607.435 160
56 311 323.996 -611.241 160
56 312 331.246 -612.92 160
56 313 335.833 -618.283 160
56 314 340.407 -625.503 160
56 315 346.05 -631.887 160
56 316 350.315 -636.137 160
56 317 354.435 -642.519 160
56 318 362.086 -648.878 160
56 319 365.317 -651.846 160
56 320 371.459 -659.482 160
56 321 375.057 -665.845 160
56 322 378.8 -670.078 160
56 323 385.494 -675.359 160
56 324 390.828 -681.966 160
56 325 397.295 -686.076 160
56 326 403.182 -691.34 160
56 327 406.809 -699.026 160
56 328 413.786 -702.79 160
56 329 418.323 -709.639 160
56 330 423.051 -713.847 160
56 331 426.73 -718.581 160
56 332 431.884 -724.687 160
56 333 437.951 -730.136 160
56 334 441.9 -732.548 160
56 335 447.175 -739.295 160
56 336 452.393 -743.854 160
56 337 454.629 -749.009 160
56 338 458.33 -753.197 160
56 339 465.976 -758.428 160
56 340 469.587 -763.656 160
56 341 475.253 -768.359 160
56 342 481.087 -770.972 160
56 343 485.783 -775.15 160
56 344 490.265 -778.856 160
56 345 494.84 -781.415 160
56 346 498.187 -785.742 160
56 347 505.171 -788.407 160
56 348 508.535 -792.367 160
56 349 512.346 -794.973 160
56 350 518.038 -799.142 160
56 351 521.892 -801.228 160
56 352 524.736 -803.312 160
56 353 528.589 -805.397 160
56 354 531.458 -808.228 160
56 355 536.11 -811.642 160
56 356 539.701 -812.564 160
56 357 540.693 -816.839 160
56 358 542.756 -816.326 160
56 359 546.937 -818.763 160
56 360 548.151 -818.507 160
56 361 551.323 -822.049 160
56 362 551.277 -822.567 160
56 363 551.323 -822.049 160
56 364 552.556 -825.159 160
56 365 552.237 -823.554 160
56 366 553.014 -825.678 160
56 367 551.725 -828.778 160
56 368 552.733 -828.781 160
56 369 550.332 -831.585 160
56 370 549.935 -833.981 160
56 371 549.49 -836.004 160
56 372 549.925 -837.554 160
56 373 550.615 -835.492 160
56 374 550.242 -839.619 160
56 375 551.706 -840.14 160
56 376 552.62 -841.175 160
56 377 553.076 -841.693 160
56 378 554.218 -842.986 160
56 379 554.218 -842.986 160
56 380 555.863 -844.282 160
56 381 556.044 -845.056 160
56 382 556.577 -846.501 160
56 383 557.444 -847.597 160
56 384 557.709 -848.01 160
56 385 557.682 -849.184 160
56 386 558.232 -848.671 160
56 387 557.637 -849.462 160
56 388 558.138 -849.701 160
56 389 557.641 -851.295 160
56 390 558.478 -850.722 160
56 391 557.769 -850.987 160
56 392 556.67 -852.011 160
56 393 557.588 -850.213 160
56 394 557.703 -851.274 160
56 395 556.67 -852.011 160
56 396 557.244 -852.003 160
56 397 558.121 -851.657 160
56 398 559.12 -850.745 160
56 399 557.401 -852.272 160
56 400 560.414 -850.916 160
56 401 559.774 -851.963 160
56 402 560.205 -851.656 160
56 403 560.18 -851.707 160
56 404 560.325 -853.314 160
56 405 560.028 -852.273 160
56 406 560.635 -854.324 160
56 407 561.835 -853.32 160
56 408 561.882 -852.806 160
56 409 561.237 -854.347 160
56 410 561.557 -854.482 160
56 411 561.808 -855.039 160
56 412 561.229 -857.176 160
56 413 562.261 -856.574 160
56 414 561.78 -856.664 160
56 415 561.604 -857.26 160
56 416 561.893 -857.292 160
56 417 561.547 -857.558 160
56 418 562 -859.749 160
56 419 561.787 -859.44 160
56 420 561.836 -859.337 160
56 421 561.837 -860.314 160
56 422 563.053 -859.24 160
56 423 561.742 -860.365 160
56 424 562.748 -860.37 160
56 425 561.724 -861.331 160
56 426 561.952 -860.263 160
56 427 562.958 -860.268 160
56 428 562.958 -860.268 160
56 429 562.942 -860.114 160
56 430 562.047 -859.236 160
56 431 563.123 -858.367 160
56 432 562.179 -859.216 160
56 433 562.378 -857.273 160
56 434 562.738 -857.183 160
56 435 562.235 -857.18 160
56 436 562.235 -857.18 160
56 437 562.377 -855.638 160
56 438 561.921 -855.122 160
56 439 561.009 -854.089 160
56 440 562.063 -853.579 160
56 441 562.063 -853.579 160
56 442 561.607 -853.062 160
56 443 561.115 -852.051 160
56 444 560.694 -852.029 160
56 445 561.134 -851.3 160
56 446 560.875 -852.802 160
56 447 561.15 -852.546 160
56 448 561.294 -851.97 160
56 449 561.796 -852.857 160
56 450 562.776 -853.479 160
56 451 562.149 -855.38 160
56 452 563.08 -854.232 160
56 453 560.318 -856.143 160
56 454 561.144 -856.784 160
56 455 560.13 -858.199 160
56 456 561.182 -857.69 160
56 457 560.274 -857.716 160
56 458 560.083 -858.712 160
56 459 560.632 -858.201 160
56 460 560.893 -858.758 160
56 461 560.632 -858.201 160
57 37 287.549 947.752 160
57 38 288.037 946.99 160
57 39 286.296 944.962 160
57 40 286.296 944.962 160
57 41 287.084 943.205 160
57 42 285.525 941.266 160
57 43 284.82 939.586 160
57 44 283.237 938.318 160
57 45 282.81 933.791 160
57 46 282.546 933.19 160
57 47 281.909 929.581 160
57 48 279.13 924.441 160
57 49 278.406 923.95 160
57 50 277.871 916.741 160
57 51 274.945 916.517 160
57 52 272.821 912.934 160
57 53 270.842 907.28 160
57 54 269.623 903.106 160
57 55 265.943 899.22 160
57 56 264.634 896.238 160
57 57 262.673 891.769 160
57 58 261.402 889.514 160
57 59 257.079 884.154 160
57 60 254.098 882.493 160
57 61 251.797 875.834 160
57 62 249.067 871.565 160
57 63 248.143 866.983 160
57 64 245.069 863.174 160
57 65 243.905 858.586 160
57 66 241.562 850.048 160
57 67 239.74 845.678 160
57 68 238.126 842.018 160
57 69 237.278 838.681 160
57 70 236.227 834.688 160
57 71 232.972 826.628 160
57 72 231.041 822.226 160
57 73 227.342 819.902 160
57 74 225.453 813.31 160
57 75 221.03 804.496 160
57 76 219.077 801.179 160
57 77 217.095 796.157 160
57 78 215.781 790.107 160
57 79 210.492 782.279 160
57 80 210.825 777.897 160
57 81 205.805 774.134 160
57 82 203.876 766.634 160
57 83 203.393 763.161 160
57 84 201.209 758.402 160
57 85 198.428 751.674 160
57 86 197.957 748.702 160
57 87 196.457 741.409 160
57 88 194.059 736.007 160
57 89 191.993 727.889 160
57 90 189.19 723.819 160
57 91 188.944 717.745 160
57 92 184.332 709.444 160
57 93 183.455 707.752 160
57 94 181.706 700.944 160
57 95 178.573 693.81 160
57 96 175.503 688.073 160
57 97 174.168 683.148 160
57 98 168.866 677.185 160
57 99 165.722 670.18 160
57 100 162.696 665.163 160
57 101 158.811 659.753 160
57 102 156.261 655.162 160
57 103 153.531 647.401 160
57 104 149.983 643.062 160
57 105 147.138 635.563 160
57 106 146.632 629.171 160
57 107 144.108 624.329 160
57 108 139.941 615.789 160
57 109 136.923 610.154 160
57 110 135.706 604.047 160
57 111 134.99 599.915 160
57 112 131.641 594.188 160
57 113 130.494 588.035 160
57 114 129.028 584.695 160
57 115 125.879 576.589 160
57 116 124.318 572.104 160
57 117 120.202 566.309 160
57 118 118.002 560.051 160
57 119 114.312 554.382 160
57 120 111.394 547.464 160
57 121 109.272 540.916 160
57 122 106.157 531.35 160
57 123 103.33 529.844 160
57 124 100.897 523.682 160
57 125 98.8491 520.555 160
57 126 96.291 512.198 160
57 127 94.5972 506.682 160
57 128 91.1995 499.118 160
57 129 89.292 491.7 160
57 130 87.4543 486.286 160
57 131 85.0661 480.847 160
57 132 83.6973 472.827 160
57 133 81.8667 467.435 160
57 134 79.2438 462.995 160
57 135 76.6021 457.899 160
57 136 76.7041 451.567 160
57 137 71.9428 448.734 160
57 138 69.0998 443.262 160
57 139 66.86 436.636 160
57 140 63.6907 430.674 160
57 141 61.2651 424.202 160
57 142 57.8544 420.09 160
57 143 56.0902 416.072 160
57 144 54.268 410.096 160
57 145 52.4876 405.433 160
57 146 49.1281 402.645 160
57 147 47.9732 398.33 160
57 148 45.7336 394.911 160
57 149 42.7145 388.639 160
57 150 39.3658 385.864 160
57 151 36.0197 383.091 160
57 152 34.8741 381.085 160
57 153 31.5688 379.614 160
57 154 29.3724 378.85 160
57 155 25.4417 377.839 160
57 156 22.1193 371.993 160
57 157 16.2263 371.667 160
57 158 12.5231 369.104 160
57 159 9.0099 368.722 160
57 160 9.32601 365.882 160
57 161 1.32863 364.207 160
57 162 -4.71515 361.551 160
57 163 -7.67852 359.425 160
57 164 -10.5587 357.539 160
57 165 -17.0018 357.108 160
57 166 -21.446 354.191 160
57 167 -24.383 352.802 160
57 168 -27.9835 348.246 160
57 169 -31.8409 347.965 160
57 170 -35.328 345.809 160
57 171 -39.1597 343.044 160
57 172 -44.3843 341.998 160
57 173 -48.9415 338.695 160
57 174 -53.2879 336.551 160
57 175 -56.0551 332.567 160
57 176 -58.9897 332.528 160
57 177 -64.7192 328.929 160
57 178 -69.0169 328.712 160
57 179 -73.3708 325.297 160
57 180 -76.0998 322.604 160
57 181 -80.96 320.445 160
57 182 -82.5184 316.407 160
57 183 -85.505 315.167 160
57 184 -89.636 310.604 160
57 185 -93.1154 307.712 160
57 186 -95.6787 303.788 160
57 187 -97.9265 304.85 160
57 188 -102.12 301.563 160
57 189 -104.276 300.187 160
57 190 -108.022 299.367 160
57 191 -110.194 296.722 160
57 192 -111.944 297.334 160
57 193 -113.605 296.681 160
57 194 -116.141 293.725 160
57 195 -117.857 291.31 160
57 196 -118.726 288.443 160
57 197 -120.295 286.584 160
57 198 -121.586 281.596 160
57 199 -122.126 280.938 160
57 200 -123.679 276.06 160
57 201 -125.267 272.462 160
57 202 -124.977 270.216 160
57 203 -125.271 268.031 160
57 204 -127.704 260.48 160
57 205 -127.549 255.956 160
57 206 -129.138 251.92 160
57 207 -131.06 246.49 160
57 208 -132.159 243.301 160
57 209 -133.105 238.643 160
57 210 -135.449 233.747 160
57 211 -136.969 228.635 160
57 212 -138.997 225.948 160
57 213 -141.984 218.704 160
57 214 -144.227 214.352 160
57 215 -147.311 211.968 160
57 216 -150.353 204.351 160
57 217 -152.267 201.538 160
57 218 -155.907 195.411 160
57 219 -158.242 189.905 160
57 220 -160.817 185.414 160
57 221 -163.412 179.586 160
57 222 -165.772 174.936 160
57 223 -168.227 168.87 160
57 224 -170.481 165.035 160
57 225 -173.743 159.217 160
57 226 -175.147 155.014 160
57 227 -179.632 149.596 160
57 228 -180.695 147.093 160
57 229 -185.591 141.423 160
57 230 -187.514 136.285 160
57 231 -191.824 129.033 160
57 232 -196.227 124.082 160
57 233 -197.939 119.606 160
57 234 -200.444 114.142 160
57 235 -200.981 111.072 160
57 236 -201.755 108.079 160
57 237 -202.475 105.497 160
57 238 -203.336 101.797 160
57 239 -203.028 99.129 160
57 240 -202.207 95.5694 160
57 241 -203.681 91.5034 160
57 242 -203.182 87.8831 160
57 243 -201.885 86.1866 160
57 244 -200.185 80.911 160
57 245 -200.665 74.6564 160
57 246 -200.679 72.2367 160
57 247 -197.48 70.7888 160
57 248 -196.586 64.5402 160
57 249 -193.638 64.5349 160
57 250 -194.113 59.7343 160
57 251 -193.446 57.281 160
57 252 -192.27 55.2977 160
57 253 -191.18 52.8046 160
57 254 -192.039 47.8345 160
57 255 -191.026 44.8642 160
57 256 -190.518 43.6804 160
57 257 -188.568 40.3505 160
57 258 -188.596 37.7646 160
57 259 -188.276 33.3346 160
57 260 -188.567 26.9425 160
57 261 -188.068 24.5638 160
57 262 -188.608 20.951 160
57 263 -189.164 14.9482 160
57 264 -190.824 11.4783 160
57 265 -192.172 8.36044 160
57 266 -192.741 3.11658 160
57 267 -196.372 -0.672021 160
57 268 -198.444 -5.30661 160
57 269 -201.529 -9.87397 160
57 270 -205.335 -14.0238 160
57 271 -208.098 -19.1429 160
57 272 -213.348 -22.8708 160
57 273 -215.573 -28.8111 160
57 274 -219.837 -34.3839 160
57 275 -223.792 -40.9108 160
57 276 -228.405 -48.1422 160
57 277 -231.436 -49.3502 160
57 278 -234.032 -57.1579 160
57 279 -237.216 -61.1156 160
57 280 -239.781 -68.0427 160
57 281 -242.902 -76.2682 160
57 282 -247.973 -82.8277 160
57 283 -250.329 -88.7364 160
57 284 -254.697 -93.5851 160
57 285 -258.43 -101.231 160
57 286 -263.482 -106.04 160
57 287 -267.517 -110.812 160
57 288 -271.091 -116.898 160
57 289 -275.292 -124.137 160
57 290 -278.877 -132.911 160
57 291 -283.071 -140.792 160
57 292 -285.815 -146.924 160
57 293 -289.018 -152.783 160
57 294 -291.532 -156.465 160
57 295 -293.629 -161.131 160
57 296 -297.413 -168.935 160
57 297 -298.478 -176.843 160
57 298 -301.076 -183.671 160
57 299 -304.001 -189.961 160
57 300 -308.858 -197.669 160
57 301 -310.143 -199.525 160
57 302 -312.955 -204.137 160
57 303 -315.684 -210.458 160
57 304 -318.196 -217.227 160
57 305 -320.302 -221.756 160
57 306 -322.596 -227.529 160
57 307 -324.056 -231.523 160
57 308 -325.019 -235.5 160
57 309 -324.772 -239.455 160
57 310 -325.449 -244.534 160
57 311 -325.828 -248.227 160
57 312 -325.383 -253.54 160
57 313 -324.774 -258.438 160
57 314 -322.352 -262.459 160
57 315 -322.312 -268.069 160
57 316 -320.807 -271.398 160
57 317 -318.786 -278.072 160
57 318 -317.276 -282.513 160
57 319 -314.78 -286.93 160
57 320 -313.259 -293.596 160
57 321 -311.257 -298.572 160
57 322 -309.737 -305.78 160
57 323 -308.228 -311.311 160
57 324 -307.696 -318.522 160
57 325 -307.662 -324.624 160
57 326 -307.623 -331.825 160
57 327 -308.464 -339.541 160
57 328 -308.522 -346.765 160
57 329 -308.479 -354.483 160
57 330 -308.932 -361.098 160
57 331 -307.909 -368.774 160
57 332 -307.46 -375.769 160
57 333 -307.342 -383.022 160
57 334 -307.131 -391.083 160
57 335 -305.788 -399.395 160
57 336 -305.271 -404.84 160
57 337 -305.225 -413.552 160
57 338 -304.463 -421.499 160
57 339 -304.636 -433.088 160
57 340 -303.684 -440.372 160
57 341 -303.816 -448.698 160
57 342 -304.304 -457.595 160
57 343 -304.028 -464.119 160
57 344 -304.9 -475.162 160
57 345 -304.866 -481.599 160
57 346 -301.905 -493.344 160
57 347 -307.782 -501.462 160
57 348 -308.088 -510.499 160
57 349 -308.528 -517.957 160
57 350 -307.998 -526.453 160
57 351 -307.944 -535.999 160
57 352 -307.41 -545.521 160
57 353 -305.974 -553.59 160
57 354 -305.314 -561.979 160
57 355 -306.67 -571.707 160
57 356 -307.703 -578.714 160
57 357 -308.488 -587.006 160
57 358 -308.331 -592.806 160
57 359 -308.617 -602.918 160
57 360 -310.009 -609.575 160
57 361 -311.75 -621.061 160
57 362 -311.7 -629.373 160
57 363 -311.36 -635.181 160
57 364 -311.605 -644.917 160
57 365 -312.721 -648.573 160
57 366 -312.484 -656.287 160
57 367 -312.432 -664.535 160
57 368 -312.861 -671.741 160
57 369 -314.284 -680.223 160
57 370 -314.798 -686.932 160
57 371 -316.018 -695.342 160
57 372 -317.379 -703.521 160
57 373 -317.354 -707.093 160
57 374 -319.172 -716.778 160
57 375 -319.6 -722.882 160
57 376 -320.468 -733.037 160
57 377 -322.203 -737.316 160
57 378 -323.181 -747.214 160
57 379 -323.136 -753.275 160
57 380 -323.072 -761.848 160
57 381 -323.019 -768.896 160
57 382 -323.431 -776.434 160
57 383 -322.436 -784.463 160
57 384 -321.458 -790.476 160
57 385 -320.466 -798.48 160
57 386 -318.951 -803.049 160
57 387 -317.957 -810.445 160
57 388 -315.501 -815.354 160
57 389 -316.571 -822.417 160
57 390 -315.142 -827.391 160
57 391 -312.085 -832.614 160
57 392 -314.286 -841.566 160
57 393 -313.656 -847.031 160
57 394 -312.041 -854.371 160
57 395 -312.15 -859.079 160
57 396 -310.626 -865.69 160
57 397 -309.671 -870.225 160
57 398 -308.81 -874.852 160
57 399 -306.98 -879.117 160
57 400 -305.824 -883.669 160
57 401 -304.993 -888.431 160
57 402 -303.592 -892.732 160
57 403 -301.556 -896.651 160
57 404 -298.944 -903.338 160
57 405 -298.93 -906.269 160
57 406 -297.446 -909.433 160
57 407 -297.05 -913.114 160
57 408 -297.027 -916.117 160
57 409 -296.254 -919.756 160
57 410 -294.23 -924.823 160
57 411 -293.831 -927.539 160
57 412 -294.428 -932.354 160
57 413 -293.25 -938.429 160
57 414 -291.397 -941.353 160
57 415 -290.921 -945.233 160
57 416 -289.901 -947.372 160
57 417 -289.522 -950.085 160
57 418 -289.334 -953.616 160
57 419 -290.427 -953.944 160
57 420 -289.223 -956.188 160
57 421 -290.408 -958.774 160
57 422 -290.408 -958.774 160
57 423 -290.863 -959.735 160
57 424 -292.239 -960.204 160
57 425 -291.682 -961.812 160
57 426 -292.398 -961.93 160
57 427 -292.043 -963.197 160
57 428 -292.437 -963.579 160
57 429 -292.473 -963.723 160
57 430 -292.202 -964.863 160
57 431 -292.202 -964.844 160
57 432 -291.936 -966.861 160
57 433 -291.756 -965.996 160
57 434 -290.267 -966.521 160
57 435 -290.193 -966.589 160
57 436 -290.009 -966.784 160
57 437 -289.061 -967.468 160
57 438 -288.4 -967.378 160
57 439 -288.682 -968.243 160
57 440 -288.439 -969.208 160
57 441 -288.389 -970.393 160
57 442 -288.068 -970.368 160
57 443 -289.174 -971.493 160
57 444 -289.728 -973.075 160
57 445 -290.351 -973.232 160
57 446 -290.347 -974.195 160
57 447 -290.313 -973.531 160
57 448 -290.349 -973.714 160
57 449 -290.347 -974.195 160
57 450 -290.623 -973.942 160
57 451 -290.806 -974.19 160
57 452 -290.806 -974.19 160
57 453 -291.07 -974.534 160
57 454 -291.613 -974.211 160
57 455 -291.878 -974.535 160
57 456 -291.75 -974.296 160
57 457 -291.86 -974.266 160
57 458 -291.897 -974.14 160
57 459 -292.018 -973.812 160
57 460 -291.906 -974.275 160
57 461 -292.034 -974.36 160
58 37 194.438 977.799 160
58 38 193.209 976.241 160
58 39 193.147 974.778 160
58 40 192.985 972.852 160
58 41 192.321 970.038 160
58 42 192.38 967.819 160
58 43 190.724 964.935 160
58 44 190.346 965.644 160
58 45 190.204 959.978 160
58 46 188.916 956.969 160
58 47 188.796 954.053 160
58 48 187.605 946.337 160
58 49 187.269 945.222 160
58 50 185.223 937.815 160
58 51 186.266 935 160
58 52 184.402 931.961 160
58 53 184.163 926.158 160
58 54 184.044 923.259 160
58 55 182.005 915.885 160
58 56 182.191 913.375 160
58 57 180.904 909.619 160
58 58 181.07 907.165 160
58 59 178.015 897.436 160
58 60 176.263 894.951 160
58 61 173.416 889.332 160
58 62 170.814 881.965 160
58 63 168.33 877.481 160
58 64 165.849 873.002 160
58 65 165.622 867.267 160
58 66 165.323 863.188 160
58 67 164.097 860.696 160
58 68 163.416 856.846 160
58 69 162.125 853.225 160
58 70 158.496 846.774 160
58 71 157.178 842.409 160
58 72 157.037 842.335 160
58 73 156.74 840.88 160
58 74 156.655 841.341 160
58 75 150.055 813.687 160
58 76 148.338 817.541 160
58 77 144.863 802.501 160
58 78 144.854 804.68 160
58 79 142.111 798.241 160
58 80 140.915 791.008 160
58 81 138.496 787.318 160
58 82 137.351 781.051 160
58 83 133.406 772.912 160
58 84 131.073 771.345 160
58 85 129.055 762.799 160
58 86 126.815 759.951 160
58 87 122.688 752.892 160
58 88 120.686 749.265 160
58 89 119.863 743.998 160
58 90 115.738 739.532 160
58 91 115.071 736.701 160
58 92 111.423 729.494 160
58 93 109.576 725.199 160
58 94 107.635 718.126 160
58 95 106.311 712.492 160
58 96 103.213 706.77 160
58 97 102.536 701.165 160
58 98 101.708 694.411 160
58 99 99.4225 690.807 160
58 100 98.6306 685.721 160
58 101 96.1886 680.049 160
58 102 92.7612 678.446 160
58 103 90.2661 672.02 160
58 104 85.5521 664.23 160
58 105 84.3935 660.018 160
58 106 86.0915 655.013 160
58 107 80.7053 648.951 160
58 108 78.1468 643.212 160
58 109 75.2561 640.294 160
58 110 69.654 634.268 160
58 111 67.1534 629.673 160
58 112 68.5364 625.313 160
58 113 62.7383 614.982 160
58 114 64.9308 613.762 160
58 115 61.5828 608.914 160
58 116 56.8264 603.755 160
58 117 55.4259 594.191 160
58 118 52.2364 591.265 160
58 119 50.1331 584.404 160
58 120 48.3054 578.895 160
58 121 47.0354 573.427 160
58 122 44.6173 566.55 160
58 123 42.3194 563.72 160
58 124 39.946 558.203 160
58 125 38.7604 555.446 160
58 126 37.5374 551.349 160
58 127 35.6425 549.655 160
58 128 36.5652 543.973 160
58 129 35.4196 540.59 160
58 130 28.0129 526.707 160
58 131 27.3872 524.003 160
58 132 24.2649 518.622 160
58 133 21.1009 515.64 160
58 134 14.8036 511.382 160
58 135 13.1069 504.538 160
58 136 11.9716 503.144 160
58 137 10.7678 499.095 160
58 138 9.89874 491.825 160
58 139 2.60515 483.623 160
58 140 1.02466 482.647 160
58 141 -1.84903 477.2 160
58 142 -3.07572 471.854 160
58 143 -4.26857 467.832 160
58 144 -7.48159 461.595 160
58 145 -9.93266 459.615 160
58 146 -14.3997 455.421 160
58 147 -17.8002 449.978 160
58 148 -23.3182 447.046 160
58 149 -28.3204 440.62 160
58 150 -31.3606 438.976 160
58 151 -35.5821 433.927 160
58 152 -42.1551 429.394 160
58 153 -42.6277 426.535 160
58 154 -53.2051 421.863 160
58 155 -54.3649 419.691 160
58 156 -56.5633 416.469 160
58 157 -61.1236 415.361 160
58 158 -64.0748 412.758 160
58 159 -67.6331 407.041 160
58 160 -71.9967 401.338 160
58 161 -76.9884 393.94 160
58 162 -78.6314 392.557 160
58 163 -79.8069 389.48 160
58 164 -83.8647 386.133 160
58 165 -87.9347 379.85 160
58 166 -93.4496 375.659 160
58 167 -97.8078 372.81 160
58 168 -98.663 370.351 160
58 169 -102.885 365.498 160
58 170 -107.798 359.961 160
58 171 -109.066 357.623 160
58 172 -115.834 351.299 160
58 173 -119.322 350.863 160
58 174 -121.755 349.07 160
58 175 -128.773 344.226 160
58 176 -130.945 341.555 160
58 177 -132.898 336.537 160
58 178 -137.267 330.145 160
58 179 -140.736 326.368 160
58 180 -144.755 324.571 160
58 181 -149.089 322.887 160
58 182 -154.168 314.693 160
58 183 -158.998 311.45 160
58 184 -161.167 306.897 160
58 185 -165.465 301.61 160
58 186 -167.591 297.651 160
58 187 -171.885 294.188 160
58 188 -174.512 286.654 160
58 189 -175.551 285.239 160
58 190 -182.137 277.996 160
58 191 -187.308 273.56 160
58 192 -188.133 271.816 160
58 193 -193.272 264.28 160
58 194 -197.516 260.308 160
58 195 -200.698 257.018 160
58 196 -202.299 253.179 160
58 197 -209.442 245.774 160
58 198 -212.505 242.969 160
58 199 -215.508 241.289 160
58 200 -216.598 231.246 160
58 201 -219.766 226.112 160
58 202 -221.89 218.542 160
58 203 -226.478 208.499 160
58 204 -227.955 207.912 160
58 205 -233.149 201.048 160
58 206 -233.778 200.571 160
58 207 -238.842 184.567 160
58 208 -243.576 184.403 160
58 209 -244.967 180.336 160
58 210 -246.87 172.909 160
58 211 -252.307 164.201 160
58 212 -255.914 159.344 160
58 213 -257.461 152.734 160
58 214 -261.878 145.839 160
58 215 -261.089 144.003 160
58 216 -262.639 136.6 160
58 217 -265.536 133.302 160
58 218 -266.189 124.344 160
58 219 -267.538 119.234 160
58 220 -271.647 110.416 160
58 221 -273.669 103.676 160
58 222 -273.955 96.5853 160
58 223 -273.166 87.8391 160
58 224 -275.985 81.3817 160
58 225 -279.054 74.0198 160
58 226 -278 66.972 160
58 227 -282.098 59.4528 160
58 228 -282.069 48.6454 160
58 229 -283.084 45.0096 160
58 230 -284.6 37.7662 160
58 231 -285.507 33.1867 160
58 232 -287.508 25.6137 160
58 233 -291.194 21.991 160
58 234 -288.957 12.9919 160
58 235 -294.188 4.02647 160
58 236 -297.224 -0.83175 160
58 237 -299.698 -7.77371 160
58 238 -298.695 -13.9207 160
58 239 -299.839 -17.142 160
58 240 -298.873 -24.2472 160
58 241 -299.135 -29.298 160
58 242 -300.644 -32.298 160
58 243 -304.299 -42.059 160
58 244 -302.877 -46.9069 160
58 245 -306.823 -53.5609 160
58 246 -310.118 -61.408 160
58 247 -311.426 -64.3749 160
58 248 -313.109 -68.5287 160
58 249 -315.618 -70.9484 160
58 250 -317.327 -72.0554 160
58 251 -318.104 -76.8691 160
58 252 -321.557 -79.22 160
58 253 -328.114 -86.5147 160
58 254 -330.694 -88.7744 160
58 255 -333.703 -91.175 160
58 256 -337.017 -92.9614 160
58 257 -341.808 -95.5384 160
58 258 -345.606 -98.6886 160
58 259 -348.025 -100.885 160
58 260 -351.448 -104.758 160
58 261 -354.573 -109.042 160
58 262 -358.852 -112.689 160
58 263 -361.957 -117.141 160
58 264 -363.879 -124.127 160
58 265 -368.424 -124.435 160
58 266 -370.215 -129.273 160
58 267 -370.896 -134.971 160
58 268 -373.872 -140.429 160
58 269 -375.626 -147.658 160
58 270 -377.519 -151.555 160
58 271 -380.089 -156.888 160
58 272 -383.804 -165.47 160
58 273 -385.263 -167.796 160
58 274 -389.261 -173.067 160
58 275 -391.395 -182.858 160
58 276 -394.345 -187.171 160
58 277 -396.802 -193.169 160
58 278 -396.193 -196.854 160
58 279 -397.631 -203.968 160
58 280 -399.513 -210.245 160
58 281 -402.37 -217.102 160
58 282 -402.301 -221.617 160
58 283 -402.707 -227.268 160
58 284 -403.13 -231.785 160
58 285 -402.499 -240.772 160
58 286 -401.349 -247.754 160
58 287 -402.397 -252.547 160
58 288 -403.349 -257.019 160
58 289 -401.224 -259.814 160
58 290 -398.967 -271.415 160
58 291 -399.368 -277.319 160
58 292 -399.941 -283.508 160
58 293 -398.316 -289.885 160
58 294 -397.238 -296.534 160
58 295 -397.171 -300.975 160
58 296 -397.995 -307.383 160
58 297 -399.885 -315.441 160
58 298 -398.809 -322.054 160
58 299 -398.214 -328.481 160
58 300 -400.131 -333.846 160
58 301 -399.65 -339.84 160
58 302 -403.272 -348.588 160
58 303 -399.767 -355.109 160
58 304 -400.152 -361.695 160
58 305 -398.059 -367.746 160
58 306 -398.366 -373.756 160
58 307 -398.853 -382.533 160
58 308 -399.609 -389.522 160
58 309 -397.782 -394.989 160
58 310 -400.552 -403.709 160
58 311 -397.483 -409.617 160
58 312 -396.419 -416.103 160
58 313 -399.25 -420.479 160
58 314 -398.9 -435.748 160
58 315 -400.414 -438.855 160
58 316 -399.027 -445.694 160
58 317 -399.699 -453.908 160
58 318 -401.025 -461.44 160
58 319 -401.371 -470.016 160
58 320 -401.067 -474.762 160
58 321 -399.575 -479.958 160
58 322 -398.708 -487.077 160
58 323 -397.189 -492.388 160
58 324 -395.177 -498.752 160
58 325 -395.065 -506.194 160
58 326 -393.711 -513.545 160
58 327 -393.886 -521.029 160
58 328 -390.927 -527.347 160
58 329 -389.88 -533.678 160
58 330 -389.191 -537.789 160
58 331 -388.154 -544.875 160
58 332 -388.221 -549.479 160
58 333 -386.702 -555.776 160
58 334 -385.214 -559.966 160
58 335 -384.357 -570.189 160
58 336 -383.399 -575.46 160
58 337 -384.416 -583.011 160
58 338 -383.364 -590.314 160
58 339 -382.322 -597.084 160
58 340 -380.807 -603.842 160
58 341 -379.419 -610.446 160
58 342 -378.236 -616.659 160
58 343 -376.321 -620.433 160
58 344 -373.414 -625.597 160
58 345 -372.402 -630.768 160
58 346 -371.041 -638.196 160
58 347 -367.735 -643.3 160
58 348 -365.99 -652.418 160
58 349 -363.926 -655.261 160
58 350 -361.802 -663.307 160
58 351 -358.703 -670.383 160
58 352 -357.72 -673.97 160
58 353 -356.709 -680.117 160
58 354 -355.699 -686.256 160
58 355 -352.808 -692.382 160
58 356 -350.851 -699.524 160
58 357 -346.357 -705.814 160
58 358 -343.869 -711.105 160
58 359 -342.188 -719.869 160
58 360 -340.74 -723.93 160
58 361 -338.337 -730.015 160
58 362 -335.694 -735.991 160
58 363 -333.23 -739.907 160
58 364 -329.754 -746.206 160
58 365 -327.839 -751.257 160
58 366 -325.059 -756.817 160
58 367 -322.596 -762.856 160
58 368 -316.843 -768.598 160
58 369 -314.406 -774.624 160
58 370 -310.611 -778.386 160
58 371 -306.654 -784.504 160
58 372 -303.943 -789.252 160
58 373 -298.72 -793.559 160
58 374 -295.797 -800.772 160
58 375 -293.987 -804.325 160
58 376 -290.171 -809.619 160
58 377 -287.339 -815.095 160
58 378 -284.038 -821.823 160
58 379 -281.753 -827.295 160
58 380 -279.478 -833.229 160
58 381 -276.358 -838.832 160
58 382 -276.888 -843.414 160
58 383 -272.933 -849.228 160
58 384 -270.342 -855.327 160
58 385 -266.611 -859.301 160
58 386 -266.231 -865.033 160
58 387 -260.549 -870.687 160
58 388 -259.524 -874.341 160
58 389 -254.499 -880.575 160
58 390 -251.597 -882.511 160
58 391 -248.504 -888.598 160
58 392 -244.725 -893.623 160
58 393 -242.887 -895.883 160
58 394 -240.573 -901.785 160
58 395 -237.793 -905.724 160
58 396 -233.77 -909.807 160
58 397 -231.774 -913.598 160
58 398 -227.317 -917.27 160
58 399 -226.226 -921.46 160
58 400 -224.614 -925.134 160
58 401 -223.906 -929.685 160
58 402 -222.094 -933.686 160
58 403 -216.645 -939.38 160
58 404 -215.66 -943.086 160
58 405 -214.735 -947.37 160
58 406 -212.506 -952.197 160
58 407 -210.148 -956.634 160
58 408 -208.779 -960.524 160
58 409 -207.049 -962.43 160
58 410 -207.049 -967.464 160
58 411 -205.779 -970.33 160
58 412 -203.755 -972.187 160
58 413 -204.468 -974.054 160
58 414 -202.864 -977.992 160
58 415 -203.261 -980.912 160
58 416 -203.355 -982.811 160
58 417 -202.905 -984.744 160
58 418 -203.219 -986.321 160
58 419 -203.837 -986.18 160
58 420 -203.38 -988.535 160
58 421 -203.863 -990.513 160
58 422 -205.253 -991.46 160
58 423 -205.345 -993.028 160
58 424 -205.726 -993.379 160
58 425 -207.571 -993.359 160
58 426 -206.752 -993.753 160
58 427 -208.965 -995.266 160
58 428 -209.887 -995.256 160
58 429 -211.275 -996.201 160
58 430 -210.227 -996.847 160
58 431 -210.88 -996.523 160
58 432 -212.715 -998.51 160
58 433 -212.581 -997.561 160
58 434 -212.211 -999.073 160
58 435 -212.211 -999.073 160
58 436 -212.216 -1000.03 160
58 437 -212.216 -1000.03 160
58 438 -211.294 -1000.04 160
58 439 -211.299 -1001 160
58 440 -212.221 -1000.99 160
58 441 -211.436 -1000.63 160
58 442 -211.299 -1001 160
58 443 -211.299 -1001 160
58 444 -211.299 -1001 160
58 445 -212.221 -1000.99 160
58 446 -212.221 -1000.99 160
58 447 -212.221 -1000.99 160
58 448 -212.681 -1000.99 160
58 449 -214.526 -1001.45 160
58 450 -214.993 -1002.88 160
58 451 -214.485 -1002.52 160
58 452 -215.045 -1002.15 160
58 453 -214.993 -1002.88 160
58 454 -214.624 -1002.69 160
58 455 -214.348 -1002.79 160
58 456 -213.151 -1002.9 160
58 457 -213.417 -1002.59 160
58 458 -213.609 -1002.42 160
58 459 -213.151 -1002.9 160
58 460 -212.479 -1002.88 160
58 461 -213.151 -1002.9 160
59 37 -313.03 948.137 160
59 38 -313.446 944.459 160
59 39 -312.943 942.347 160
59 40 -311.824 941.723 160
59 41 -312.082 939.763 160
59 42 -310.659 940.789 160
59 43 -308.887 936.818 160
59 44 -306.743 936.256 160
59 45 -305.614 933.496 160
59 46 -305.307 929.905 160
59 47 -304.02 926.274 160
59 48 -302.96 921.112 160
59 49 -300.936 919.582 160
59 50 -303.002 912.999 160
59 51 -300.586 910.429 160
59 52 -297.443 904.11 160
59 53 -292.138 899.211 160
59 54 -290.662 897.127 160
59 55 -289.148 893.479 160
59 56 -288.701 889.24 160
59 57 -287.077 881.927 160
59 58 -284.752 877.182 160
59 59 -284.274 872.972 160
59 60 -282.604 871.69 160
59 61 -282.586 864.65 160
59 62 -282.014 857.66 160
59 63 -280.888 850.721 160
59 64 -277.225 844.088 160
59 65 -279.199 839.628 160
59 66 -275.862 832.877 160
59 67 -275.003 829.592 160
59 68 -273.479 825.075 160
59 69 -274.677 820.176 160
59 70 -273.617 814.881 160
59 71 -270.741 807.104 160
59 72 -270.227 802.774 160
59 73 -268.626 795.185 160
59 74 -268.056 788.85 160
59 75 -266.353 785.509 160
59 76 -264.737 780.767 160
59 77 -263.632 778.075 160
59 78 -262.522 766.391 160
59 79 -261.419 764.396 160
59 80 -259.51 757.839 160
59 81 -259.761 750.711 160
59 82 -259.207 739.733 160
59 83 -258.656 732.898 160
59 84 -258.106 728.816 160
59 85 -257.555 720.623 160
59 86 -256.457 717.958 160
59 87 -253.167 711.339 160
59 88 -254.264 705.792 160
59 89 -253.17 698.354 160
59 90 -251.617 690.937 160
59 91 -249.29 682.055 160
59 92 -248.803 674.811 160
59 93 -247.714 669.45 160
59 94 -244.016 662.2 160
59 95 -244.449 656.105 160
59 96 -243.952 651.139 160
59 97 -241.735 644.106 160
59 98 -240.109 637.459 160
59 99 -238.48 633.517 160
59 100 -237.401 626.846 160
59 101 -236.878 614.768 160
59 102 -235.257 609.498 160
59 103 -233.957 601.766 160
59 104 -233.385 599.558 160
59 105 -232.575 592.239 160
59 106 -228.725 585.727 160
59 107 -226.266 579.55 160
59 108 -224.678 573.553 160
59 109 -223.631 568.223 160
59 110 -221.083 558.349 160
59 111 -218.916 551.926 160
59 112 -218.739 546.977 160
59 113 -216.475 538.623 160
59 114 -214.332 533.453 160
59 115 -212.19 528.287 160
59 116 -208.957 525.836 160
59 117 -209.429 516.954 160
59 118 -206.887 506.157 160
59 119 -205.852 497.003 160
59 120 -204.475 489.804 160
59 121 -203.215 485.331 160
59 122 -201.647 476.242 160
59 123 -200.07 469.131 160
59 124 -199.022 463.96 160
59 125 -195.832 457.609 160
59 126 -193.72 451.204 160
59 127 -191.606 445.457 160
59 128 -189.49 440.366 160
59 129 -187.393 432.679 160
59 130 -183.688 425.091 160
59 131 -183.188 419.928 160
59 132 -182.153 414.801 160
59 133 -178.988 407.852 160
59 134 -176.343 403.469 160
59 135 -175.322 397.064 160
59 136 -173.237 390.078 160
59 137 -172.214 384.332 160
59 138 -170.127 378.006 160
59 139 -165.882 370.693 160
59 140 -166.507 364.06 160
59 141 -165.709 358.815 160
59 142 -162.185 355.407 160
59 143 -162.913 348.228 160
59 144 -158.747 346.376 160
59 145 -157.305 340.05 160
59 146 -155.691 336.031 160
59 147 -155.619 332.498 160
59 148 -150.969 325.531 160
59 149 -149.912 319.647 160
59 150 -149.937 313.173 160
59 151 -145.179 310.232 160
59 152 -143.449 305.862 160
59 153 -143.629 301.23 160
59 154 -142.642 301.954 160
59 155 -141.776 297.588 160
59 156 -141.12 292.67 160
59 157 -138.396 289.257 160
59 158 -137.516 282.722 160
59 159 -137.546 280.192 160
59 160 -137.134 270.112 160
59 161 -134.403 269.537 160
59 162 -134.548 264.563 160
59 163 -133.571 257.684 160
59 164 -133.041 257.709 160
59 165 -131.512 252.751 160
59 166 -128.569 246.623 160
59 167 -127.038 245.375 160
59 168 -126.412 237.297 160
59 169 -126.477 232.283 160
59 170 -123.442 228.116 160
59 171 -122.141 222.59 160
59 172 -121.401 217.847 160
59 173 -122.022 209.369 160
59 174 -120.999 206.923 160
59 175 -119.792 203.288 160
59 176 -119.265 198.595 160
59 177 -119.507 194.063 160
59 178 -120.266 190.175 160
59 179 -120.301 184.495 160
59 180 -121.653 178.003 160
59 181 -123.365 174.355 160
59 182 -123.09 170.545 160
59 183 -122.003 165.311 160
59 184 -123.723 160.907 160
59 185 -123.788 155.968 160
59 186 -123.854 151.033 160
59 187 -124.444 146.082 160
59 188 -123.985 141.18 160
59 189 -121.609 133.88 160
59 190 -122.153 130.849 160
59 191 -119.414 124.3 160
59 192 -119.213 118.346 160
59 193 -117.094 114.948 160
59 194 -119.195 108.278 160
59 195 -115.7 105.459 160
59 196 -117.257 97.3703 160
59 197 -116.212 97.412 160
59 198 -115.27 90.1382 160
59 199 -113.738 87.7637 160
59 200 -111.493 78.5001 160
59 201 -111.782 78.7196 160
59 202 -107.972 75.3449 160
59 203 -106.16 71.045 160
59 204 -105.19 66.2309 160
59 205 -102.127 62.1068 160
59 206 -102.399 57.9793 160
59 207 -99.369 55.2502 160
59 208 -98.9181 49.56 160
59 209 -96.634 47.1927 160
59 210 -93.1956 44.1438 160
59 211 -89.2157 39.3201 160
59 212 -86.9693 37.3514 160
59 213 -85.4182 33.1301 160
59 214 -83.0009 29.7224 160
59 215 -84.0038 24.7529 160
59 216 -79.1297 21.0204 160
59 217 -79.9805 17.0835 160
59 218 -76.6107 13.7212 160
59 219 -74.7094 11.9642 160
59 220 -74.9887 5.85997 160
59 221 -71.1291 3.89869 160
59 222 -70.9429 0.0111782 160
59 223 -68.9328 -3.51048 160
59 224 -66.4159 -7.61041 160
59 225 -63.8534 -9.31523 160
59 226 -60.2881 -12.7781 160
59 227 -57.0022 -17.1448 160
59 228 -56.3146 -21.5975 160
59 229 -51.5554 -23.3166 160
59 230 -48.7111 -26.2471 160
59 231 -46.3839 -30.501 160
59 232 -43.3333 -33.3764 160
59 233 -40.5497 -36.5572 160
59 234 -37.2616 -40.3149 160
59 235 -36.0376 -43.5444 160
59 236 -29.9321 -48.6905 160
59 237 -26.2564 -51.183 160
59 238 -22.7629 -56.0563 160
59 239 -20.0841 -61.0701 160
59 240 -16.897 -67.2427 160
59 241 -12.1102 -72.7116 160
59 242 -7.56316 -77.2977 160
59 243 -4.35326 -83.399 160
59 244 -1.36676 -88.0269 160
59 245 2.65404 -92.6198 160
59 246 6.54725 -97.6272 160
59 247 11.7248 -101.766 160
59 248 15.9782 -109.237 160
59 249 19.5164 -114.391 160
59 250 24.8854 -119.47 160
59 251 26.6819 -128.796 160
59 252 32.1472 -132.443 160
59 253 35.1515 -137.751 160
59 254 40.321 -144.149 160
59 255 44.0948 -151.421 160
59 256 47.5039 -154.066 160
59 257 49.1286 -165.053 160
59 258 54.9478 -168.675 160
59 259 55.6534 -176.198 160
59 260 58.8915 -182.216 160
59 261 63.3824 -186.736 160
59 262 66.5517 -192.156 160
59 263 69.242 -196.427 160
59 264 72.5552 -205.013 160
59 265 77.3984 -210.017 160
59 266 80.5068 -217.113 160
59 267 82.2159 -223.222 160
59 268 84.6419 -231.664 160
59 269 89.6912 -237.941 160
59 270 91.76 -244.65 160
59 271 95.8476 -250.858 160
59 272 98.9692 -257.253 160
59 273 104.429 -262.274 160
59 274 105.305 -270.306 160
59 275 108.551 -275.31 160
59 276 110.662 -284.4 160
59 277 113.956 -289.061 160
59 278 115.54 -293.37 160
59 279 118.348 -300.124 160
59 280 120.64 -306.88 160
59 281 124.045 -311.342 160
59 282 126.798 -319.207 160
59 283 129.587 -324.813 160
59 284 132.942 -331.508 160
59 285 135.684 -339.346 160
59 286 137.787 -347.219 160
59 287 142.174 -351.925 160
59 288 145.164 -359.394 160
59 289 148.847 -366.067 160
59 290 149.653 -373.165 160
59 291 152.445 -377.199 160
59 292 155.746 -383.289 160
59 293 158.484 -390.499 160
59 294 161.633 -397.57 160
59 295 163.517 -403.228 160
59 296 165.229 -410.429 160
59 297 168.911 -416.701 160
59 298 170.27 -422.559 160
59 299 173.379 -428.561 160
59 300 177.037 -433.144 160
59 301 179.108 -440.135 160
59 302 183.455 -443.342 160
59 303 185.698 -451.079 160
59 304 188.935 -457.646 160
59 305 192.17 -464.206 160
59 306 196.491 -469.174 160
59 307 198.879 -474.229 160
59 308 202.571 -481.16 160
59 309 205.569 -485.058 160
59 310 209.465 -493.605 160
59 311 210.176 -499.61 160
59 312 215.044 -503.376 160
59 313 217.741 -509.795 160
59 314 219.434 -516.413 160
59 315 224.382 -521.586 160
59 316 223.814 -529.42 160
59 317 225.495 -535.917 160
59 318 228.897 -540.525 160
59 319 231.856 -548.318 160
59 320 231.981 -556.428 160
59 321 237.534 -560.969 160
59 322 235.999 -566.108 160
59 323 238.055 -574.712 160
59 324 241.259 -580.604 160
59 325 242.893 -587.577 160
59 326 245.53 -594.533 160
59 327 247.79 -600.402 160
59 328 251.473 -605.205 160
59 329 250.836 -612.354 160
59 330 254.157 -618.335 160
59 331 256.987 -623.333 160
59 332 259.594 -632.428 160
59 333 258.477 -639.614 160
59 334 262.32 -643.196 160
59 335 261.97 -650.425 160
59 336 262.049 -657.843 160
59 337 263.562 -664.101 160
59 338 264.098 -667.831 160
59 339 263.902 -677.912 160
59 340 266.125 -682.647 160
59 341 267.258 -688.96 160
59 342 268.359 -695.791 160
59 343 269.926 -703.135 160
59 344 269.937 -711.519 160
59 345 271.562 -717.795 160
59 346 272.16 -724.587 160
59 347 274.308 -730.324 160
59 348 274.468 -736.057 160
59 349 277.02 -740.762 160
59 350 276.323 -748.708 160
59 351 277.065 -754.107 160
59 352 278.333 -761.481 160
59 353 279.501 -768.15 160
59 354 279.963 -775.027 160
59 355 279.863 -781.347 160
59 356 279.327 -787.863 160
59 357 279.884 -795.071 160
59 358 281.609 -799.897 160
59 359 281.644 -806.891 160
59 360 282.616 -810.894 160
59 361 284.353 -819.198 160
59 362 283.576 -825.548 160
59 363 285.419 -831.03 160
59 364 284.594 -839.626 160
59 365 287.028 -841.948 160
59 366 286.892 -850.324 160
59 367 287.043 -855.914 160
59 368 288.526 -857.657 160
59 369 287.178 -863.028 160
59 370 287.833 -867.076 160
59 371 287.837 -872.624 160
59 372 286.657 -877.836 160
59 373 286.37 -881.431 160
59 374 284.583 -888.283 160
59 375 286.214 -888.948 160
59 376 286.217 -895.145 160
59 377 286.324 -897.873 160
59 378 287.173 -902.043 160
59 379 286.759 -906.401 160
59 380 286.45 -911.448 160
59 381 287.225 -916.948 160
59 382 286.888 -922.454 160
59 383 286.52 -928.452 160
59 384 285.676 -932.202 160
59 385 286.88 -938.44 160
59 386 288.948 -941.807 160
59 387 289.843 -946.059 160
59 388 291.001 -950.429 160
59 389 292.118 -955.908 160
59 390 292.45 -958.394 160
59 391 292.264 -961.371 160
59 392 292.018 -965.337 160
59 393 292.864 -967.328 160
59 394 291.617 -971.774 160
59 395 291.555 -972.764 160
59 396 289.979 -974.728 160
59 397 291.625 -976.327 160
59 398 289.478 -977.028 160
59 399 289.189 -979.664 160
59 400 287.706 -980.144 160
59 401 287.1 -982.113 160
59 402 286.458 -983.726 160
59 403 287.885 -985.084 160
59 404 286.754 -985.832 160
59 405 285.886 -986.267 160
59 406 287.31 -986.558 160
59 407 286.282 -987.534 160
59 408 287.732 -987.549 160
59 409 287.732 -987.549 160
59 410 288.165 -987.593 160
59 411 289.666 -987.57 160
59 412 290.522 -987.036 160
59 413 290.15 -987.575 160
59 414 291.632 -987.097 160
59 415 292.115 -987.102 160
59 416 292.085 -987.596 160
59 417 293.966 -986.925 160
59 418 293.536 -987.611 160
59 419 294.051 -987.123 160
59 420 295.572 -986.794 160
59 421 295.018 -987.133 160
59 422 294.987 -987.626 160
59 423 294.051 -987.123 160
59 424 294.534 -987.128 160
59 425 295.986 -987.143 160
59 426 294.534 -987.128 160
59 427 294.534 -987.128 160
59 428 296.047 -987.095 160
59 429 296.017 -986.65 160
59 430 296.017 -986.65 160
59 431 294.565 -986.635 160
59 432 295.986 -987.143 160
59 433 295.08 -986.147 160
59 434 296.017 -986.65 160
59 435 296.048 -986.157 160
59 436 296.017 -986.65 160
59 437 297.016 -986.167 160
59 438 296.571 -986.311 160
59 439 297.078 -985.18 160
59 440 296.903 -986.265 160
59 441 296.865 -986.412 160
59 442 296.532 -986.162 160
59 443 296.048 -986.157 160
59 444 296.048 -986.157 160
59 445 296.048 -986.157 160
59 446 296.048 -986.157 160
59 447 296.079 -985.664 160
59 448 296.048 -986.157 160
59 449 296.048 -986.157 160
59 450 296.993 -984.538 160
59 451 295.111 -985.653 160
59 452 296.172 -984.183 160
59 453 296.625 -984.682 160
59 454 296.656 -984.188 160
59 455 297.624 -984.198 160
59 456 296.172 -984.183 160
59 457 295.204 -984.173 160
59 458 297.345 -983.711 160
59 459 296.172 -984.183 160
59 460 296.11 -985.17 160
59 461 295.626 -985.165 160
60 37 -108.262 981.085 160
60 38 -108.262 981.085 160
60 39 -108.048 979.329 160
60 40 -106.474 978.771 160
60 41 -108.664 977.492 160
60 42 -108.672 976.136 160
60 43 -110.677 970.774 160
60 44 -111.815 970.682 160
60 45 -110.55 967.565 160
60 46 -111.042 963.993 160
60 47 -110.795 962.11 160
60 48 -111.99 957.692 160
60 49 -113.249 956.048 160
60 50 -111.136 946.895 160
60 51 -110.778 942.329 160
60 52 -110.558 937.681 160
60 53 -111.183 933.329 160
60 54 -108.447 926.38 160
60 55 -107.413 919.307 160
60 56 -105.774 915.146 160
60 57 -105.854 909.426 160
60 58 -106.412 903.529 160
60 59 -107.051 893.358 160
60 60 -105.59 888.076 160
60 61 -104.017 879.672 160
60 62 -106.938 872.356 160
60 63 -105.326 866.811 160
60 64 -106.254 859.28 160
60 65 -102.878 855.385 160
60 66 -103.501 846.41 160
60 67 -102.452 843.584 160
60 68 -102.484 842.113 160
60 69 -102.18 814.287 160
60 70 -100.001 815.336 160
60 71 -101.475 797.294 160
60 72 -97.5434 799.684 160
60 73 -95.2659 787.413 160
60 74 -97.6523 777.481 160
60 75 -94.1492 769.03 160
60 76 -92.8343 756.549 160
60 77 -93.2192 745.358 160
60 78 -91.754 729.989 160
60 79 -91.4216 721.361 160
60 80 -90.9082 708.742 160
60 81 -90.1883 701.575 160
60 82 -90.1008 689.576 160
60 83 -91.4051 677.17 160
60 84 -89.8938 667.709 160
60 85 -88.3632 659.628 160
60 86 -89.2714 650.549 160
60 87 -85.3084 643.5 160
60 88 -85.4865 632.63 160
60 89 -83.6387 622.254 160
60 90 -83.6586 609.747 160
60 91 -82.7589 597.668 160
60 92 -82.9836 584.202 160
60 93 -81.9401 580.909 160
60 94 -82.6473 571.475 160
60 95 -82.2669 561.457 160
60 96 -83.006 550.054 160
60 97 -82.9085 538.893 160
60 98 -82.872 525.429 160
60 99 -84.1652 513.411 160
60 100 -78.2339 505.464 160
60 101 -79.0217 495.191 160
60 102 -77.9766 492.611 160
60 103 -82.5615 479.162 160
60 104 -80.4739 474.018 160
60 105 -79.2089 465.397 160
60 106 -78.7178 449.84 160
60 107 -78.8879 440.02 160
60 108 -81.31 428.335 160
60 109 -80.4256 422.476 160
60 110 -81.2592 412.975 160
60 111 -82.5014 404.779 160
60 112 -86.1351 395.393 160
60 113 -86.0221 386.018 160
60 114 -87.0408 373.376 160
60 115 -90.9259 366.085 160
60 116 -87.7932 360.458 160
60 117 -88.9514 353.439 160
60 118 -90.2409 344.869 160
60 119 -88.2191 334.777 160
60 120 -89.3976 328.323 160
60 121 -90.5954 320.6 160
60 122 -90.7729 309.757 160
60 123 -90.8668 304.025 160
60 124 -92.3657 295.949 160
60 125 -91.0853 290.678 160
60 126 -92.2771 283.015 160
60 127 -94.3988 277.062 160
60 128 -94.6247 269.621 160
60 129 -96.8557 263.204 160
60 130 -99.1229 254.275 160
60 131 -99.73 246.688 160
60 132 -99.3953 240.244 160
60 133 -100.363 233.292 160
60 134 -99.5942 224.127 160
60 135 -101.84 215.897 160
60 136 -99.3287 207.272 160
60 137 -99.4363 200.412 160
60 138 -100.082 192.915 160
60 139 -99.6706 185.476 160
60 140 -99.289 176.187 160
60 141 -103.125 166.734 160
60 142 -101.678 158.143 160
60 143 -103.907 150.028 160
60 144 -105.588 143.181 160
60 145 -107.275 135.729 160
60 146 -107.404 127.127 160
60 147 -108.581 118.496 160
60 148 -110.786 111.063 160
60 149 -112.968 102.046 160
60 150 -113.145 92.6581 160
60 151 -113.251 85.3491 160
60 152 -113.608 75.1265 160
60 153 -111.403 69.0236 160
60 154 -113.167 63.8137 160
60 155 -114.778 54.5856 160
60 156 -115.766 45.14 160
60 157 -117.146 31.3627 160
60 158 -117.24 24.7463 160
60 159 -120.419 19.8274 160
60 160 -121.571 11.392 160
60 161 -123.6 6.76914 160
60 162 -124.566 0.345495 160
60 163 -130.07 -5.65043 160
60 164 -132.413 -12.1096 160
60 165 -133.349 -20.0647 160
60 166 -136.53 -27.3071 160
60 167 -139.72 -35.7231 160
60 168 -139.777 -40.4658 160
60 169 -141.685 -46.2393 160
60 170 -143.5 -51.2385 160
60 171 -144.074 -56.5727 160
60 172 -147.226 -63.1633 160
60 173 -148.771 -69.3529 160
60 174 -150.394 -75.3999 160
60 175 -152.591 -85.6771 160
60 176 -155.72 -91.6361 160
60 177 -155.805 -99.8324 160
60 178 -158.183 -102.945 160
60 179 -157.683 -108.945 160
60 180 -161.083 -116.727 160
60 181 -162.155 -123.355 160
60 182 -167.34 -133.967 160
60 183 -168.165 -138.678 160
60 184 -169.994 -146.794 160
60 185 -171.592 -155.513 160
60 186 -170.63 -161.26 160
60 187 -171.212 -169.924 160
60 188 -170.757 -175.668 160
60 189 -171.824 -182.021 160
60 190 -177.601 -189.155 160
60 191 -170.951 -197.486 160
60 192 -171.027 -206.071 160
60 193 -171.123 -216.923 160
60 194 -172.21 -226.067 160
60 195 -171.093 -232.787 160
60 196 -168.953 -238.474 160
60 197 -169.9 -248.73 160
60 198 -170.953 -256.568 160
60 199 -169.541 -264.561 160
60 200 -170.157 -273.885 160
60 201 -169.725 -284.854 160
60 202 -161.325 -293.213 160
60 203 -164.895 -302.714 160
60 204 -161.455 -308.243 160
60 205 -159.543 -316.593 160
60 206 -156.133 -324.342 160
60 207 -156.527 -332.479 160
60 208 -155.307 -340.482 160
60 209 -152.314 -349.871 160
60 210 -151.036 -359.275 160
60 211 -147.989 -366.649 160
60 212 -148.23 -374.713 160
60 213 -146.844 -383.518 160
60 214 -143.986 -393.383 160
60 215 -140.604 -400.474 160
60 216 -139.729 -409.792 160
60 217 -136.899 -417.628 160
60 218 -134.503 -426.683 160
60 219 -128.615 -429.872 160
60 220 -129.206 -436.978 160
60 221 -124.866 -444.546 160
60 222 -123.986 -452.153 160
60 223 -121.183 -462.98 160
60 224 -118.018 -468.979 160
60 225 -116.48 -478.089 160
60 226 -114.625 -485.635 160
60 227 -113.254 -496.313 160
60 228 -111.466 -503.929 160
60 229 -109.602 -510.361 160
60 230 -108.266 -518.938 160
60 231 -107.423 -527.506 160
60 232 -106.091 -536.053 160
60 233 -102.136 -543.29 160
60 234 -98.9592 -548.797 160
60 235 -96.1329 -555.166 160
60 236 -94.786 -562.073 160
60 237 -90.9976 -568.95 160
60 238 -89.1867 -576.896 160
60 239 -85.9143 -584.818 160
60 240 -82.1287 -591.138 160
60 241 -79.3833 -600.628 160
60 242 -76.6018 -607.993 160
60 243 -73.8658 -617.453 160
60 244 -68.7377 -621.512 160
60 245 -66.8 -628.602 160
60 246 -63.5231 -635.246 160
60 247 -61.733 -642.571 160
60 248 -61.2845 -651.177 160
60 249 -58.2055 -659.276 160
60 250 -56.9313 -667.61 160
60 251 -55.6477 -675.409 160
60 252 -53.2044 -681.49 160
60 253 -50.6547 -688.736 160
60 254 -50.2995 -696.144 160
60 255 -45.3727 -701.14 160
60 256 -43.7652 -706.471 160
60 257 -40.0309 -712.143 160
60 258 -36.7582 -716.78 160
60 259 -34.5049 -723.475 160
60 260 -31.9126 -728.835 160
60 261 -28.0501 -735.812 160
60 262 -26.1377 -742.248 160
60 263 -23.5648 -749.148 160
60 264 -20.3623 -755.804 160
60 265 -18.6089 -762.451 160
60 266 -14.4636 -769.602 160
60 267 -12.6611 -774.194 160
60 268 -9.95328 -780.819 160
60 269 -7.00721 -783.928 160
60 270 -6.38553 -790.996 160
60 271 -3.71413 -798.616 160
60 272 -2.88171 -803.181 160
60 273 0.700708 -812.303 160
60 274 3.1497 -817.265 160
60 275 3.75348 -822.923 160
60 276 5.63196 -828.891 160
60 277 7.75832 -833.525 160
60 278 7.58018 -839.564 160
60 279 13.3159 -843.81 160
60 280 13.9826 -849.64 160
60 281 17.2107 -853.669 160
60 282 21.7683 -855.816 160
60 283 22.1946 -862.714 160
60 284 24.4445 -867.23 160
60 285 27.6488 -871.748 160
60 286 30.8348 -876.762 160
60 287 32.1071 -881.76 160
60 288 35.3047 -886.267 160
60 289 37.331 -890.017 160
60 290 40.0797 -894.684 160
60 291 43.0084 -898.763 160
60 292 45.7206 -903.254 160
60 293 47.4597 -908.232 160
60 294 49.1459 -914.692 160
60 295 52.0153 -917.211 160
60 296 54.4743 -922.706 160
60 297 55.4044 -926.621 160
60 298 57.2277 -931.923 160
60 299 59.1083 -936.096 160
60 300 60.861 -939.811 160
60 301 63.4116 -942.485 160
60 302 65.6658 -945.954 160
60 303 68.3221 -951.394 160
60 304 70.0796 -955.344 160
60 305 71.9452 -956.345 160
60 306 73.7557 -958.819 160
60 307 76.0409 -961.297 160
60 308 75.9615 -962.396 160
60 309 78.8195 -963.288 160
60 310 79.6397 -966.732 160
60 311 84.432 -965.797 160
60 312 84.9315 -969.119 160
60 313 86.1107 -969.621 160
60 314 88.9394 -972.219 160
60 315 89.8518 -973.208 160
60 316 90.7255 -975.177 160
60 317 93.0509 -976.749 160
60 318 93.6784 -977.951 160
60 319 96.2159 -980.621 160
60 320 97.1078 -982.099 160
60 321 98.9697 -983.097 160
60 322 100.752 -986.051 160
60 323 104.186 -990.223 160
60 324 105.12 -992.461 160
60 325 104.663 -991.557 160
60 326 105.184 -993.917 160
60 327 105.104 -995.869 160
60 328 104.984 -998.795 160
60 329 105.873 -1000.27 160
60 330 105.853 -1000.76 160
60 331 104.682 -1002.44 160
60 332 104.933 -1003.02 160
60 333 104.168 -1004.31 160
60 334 103.834 -1003.66 160
60 335 103.754 -1005.6 160
60 336 102.806 -1005.59 160
60 337 102.94 -1005.78 160
60 338 101.817 -1006.55 160
60 339 101.817 -1006.55 160
60 340 100.869 -1006.54 160
60 341 101.817 -1006.55 160
60 342 101.758 -1008.01 160
60 343 102.706 -1008.03 160
60 344 102.706 -1008.03 160
60 345 102.706 -1008.03 160
60 346 102.686 -1008.51 160
60 347 103.917 -1007.42 160
60 348 103.501 -1008.06 160
60 349 104.623 -1007.56 160
60 350 103.14 -1009 160
60 351 102.686 -1008.51 160
60 352 102.686 -1008.51 160
60 353 103.257 -1008.48 160
60 354 103.257 -1008.48 160
60 355 103.105 -1008.02 160
60 356 103.714 -1006.58 160
60 357 103.309 -1008.35 160
60 358 104.189 -1006.58 160
60 359 103.263 -1007.18 160
60 360 104.229 -1005.61 160
60 361 103.754 -1005.6 160
60 362 103.754 -1005.6 160
60 363 104.309 -1003.66 160
60 364 104.229 -1005.61 160
60 365 104.269 -1004.64 160
60 366 104.229 -1005.61 160
60 367 104.812 -1004.36 160
60 368 104.783 -1003.67 160
60 369 104.703 -1005.61 160
60 370 104.763 -1004.15 160
60 371 105.197 -1005.13 160
60 372 104.723 -1005.13 160
60 373 106.196 -1002.1 160
60 374 104.723 -1005.13 160
60 375 107.023 -1001.86 160
60 376 105.986 -1002.12 160
60 377 106.184 -1001.93 160
60 378 106.456 -1002.01 160
60 379 106.762 -1001.74 160
60 380 106.865 -1001.55 160
60 381 106.591 -1001.28 160
60 382 106.493 -1001.35 160
60 383 106.762 -1001.74 160
60 384 106.493 -1001.35 160
60 385 106.762 -1001.74 160
60 386 105.853 -1000.76 160
60 387 106.35 -1002.52 160
60 388 106.766 -1000.25 160
60 389 106.762 -1001.96 160
60 390 107.26 -1001.4 160
60 391 106.905 -1000.57 160
60 392 106.64 -1001.7 160
60 393 106.327 -1000.76 160
60 394 106.39 -1001.54 160
60 395 106.575 -1000.52 160
60 396 106.616 -1000.67 160
60 397 106.327 -1000.76 160
60 398 106.513 -1001.09 160
60 399 106.347 -1001.43 160
60 400 105.438 -1002.75 160
60 401 106.114 -1001.1 160
60 402 106.028 -1001.12 160
60 403 106.111 -1000.94 160
60 404 106.184 -1001.93 160
60 405 104.898 -1001.79 160
60 406 105.731 -1001.18 160
60 407 104.777 -1001.74 160
60 408 104.955 -1001.79 160
60 409 105.564 -1000.85 160
60 410 105.769 -1000.72 160
60 411 105.192 -1000.65 160
60 412 105.232 -1000.84 160
60 413 105.647 -1001.14 160
60 414 105.667 -1000.66 160
60 415 104.863 -1001.72 160
60 416 103.874 -1002.68 160
60 417 103.914 -1001.71 160
60 418 104.986 -1001.04 160
60 419 105.166 -1000.6 160
60 420 105.245 -1000.98 160
60 421 104.349 -1002.69 160
60 422 104.717 -1000.64 160
60 423 104.442 -1001.1 160
60 424 104.265 -1001.25 160
60 425 102.845 -1004.62 160
60 426 102.925 -1002.67 160
60 427 102.865 -1004.13 160
60 428 103.34 -1004.14 160
60 429 103.36 -1003.65 160
60 430 102.925 -1002.67 160
60 431 102.925 -1002.67 160
60 432 102.945 -1002.18 160
60 433 103.005 -1000.72 160
60 434 103.713 -1001.51 160
60 435 103.285 -1002.24 160
60 436 103.977 -1001.34 160
60 437 102.885 -1003.65 160
60 438 102.952 -1001.32 160
60 439 103.82 -1001.69 160
60 440 103.808 -1001.06 160
60 441 104.027 -1000.57 160
60 442 103.996 -1000.63 160
60 443 104.193 -1000.92 160
60 444 103.728 -1001.61 160
60 445 104.038 -1000.76 160
60 446 103.164 -1002.17 160
60 447 104.081 -1000.89 160
60 448 103.838 -1000.79 160
60 449 104.278 -1001.63 160
60 450 104.8 -1000.94 160
60 451 104.409 -1001.23 160
60 452 104.817 -1000.53 160
60 453 104.512 -1001.03 160
60 454 104.391 -1000.72 160
60 455 102.885 -1003.65 160
60 456 102.885 -1003.65 160
60 457 102.885 -1003.65 160
60 458 102.885 -1003.65 160
60 459 103.633 -1001.61 160
60 460 102.885 -1003.65 160
60 461 102.885 -1003.65 160
61 37 -9.99759 974.444 170
61 38 -10.0143 973.719 170
61 39 -11.1936 972.177 170
61 40 -10.7304 971.422 170
61 41 -10.8863 970.61 170
61 42 -11.2599 969.278 170
61 43 -10.214 965.024 170
61 44 -10.7368 967.151 170
61 45 -10.214 965.024 170
61 46 -10.8427 964.529 170
61 47 -10.8032 964.254 170
61 48 -10.6447 961.701 170
61 49 -10.8073 961.581 170
61 50 -11.4829 954.527 170
61 51 -13.1121 954.682 170
61 52 -9.36907 952.099 170
61 53 -13.2901 948.36 170
61 54 -13.0864 945.779 170
61 55 -13.2092 941.883 170
61 56 -11.8239 939.122 170
61 57 -11.1616 940.647 170
61 58 -10.2409 937.54 170
61 59 -9.78139 932.254 170
61 60 -8.88474 929.138 170
61 61 -8.31039 924.435 170
61 62 -7.89981 922.005 170
61 63 -10.114 915.383 170
61 64 -9.98923 911.419 170
61 65 -9.99994 907.514 170
61 66 -9.57122 903.433 170
61 67 -9.41356 900.922 170
61 68 -9.35653 896.52 170
61 69 -9.63561 891.832 170
61 70 -9.7128 888.503 170
61 71 -10.1687 883.031 170
61 72 -10.7032 880.026 170
61 73 -11.2969 875.431 170
61 74 -11.5898 872.068 170
61 75 -5.91792 866.955 170
61 76 -6.23858 863.924 170
61 77 -6.56346 862.635 170
61 78 -6.64839 859.028 170
61 79 -6.62241 858.694 170
61 80 -6.55849 857.556 170
61 81 -6.75597 857.347 170
61 82 -7.84648 840.299 170
61 83 -8.67807 835.194 170
61 84 -7.14356 829.833 170
61 85 -6.78101 819.836 170
61 86 -5.71758 817.101 170
61 87 -4.72165 811.551 170
61 88 -5.35328 808.696 170
61 89 -6.00121 805.14 170
61 90 -4.97291 801.007 170
61 91 -6.18445 797.415 170
61 92 -4.65987 790.524 170
61 93 -5.30701 786.98 170
61 94 -6.05341 779.242 170
61 95 -6.11984 776.445 170
61 96 -6.81526 770.816 170
61 97 -6.3854 765.273 170
61 98 -7.07993 759.657 170
61 99 -7.74069 755.438 170
61 100 -7.83945 751.263 170
61 101 -7.98751 745.006 170
61 102 -9.75226 741.416 170
61 103 -9.35485 734.517 170
61 104 -8.85984 731.783 170
61 105 -8.43058 726.281 170
61 106 -8.03463 719.401 170
61 107 -8.13296 715.254 170
61 108 -8.28033 709.04 170
61 109 -8.39477 704.212 170
61 110 -7.66881 697.669 170
61 111 -7.94562 694.471 170
61 112 -7.07958 689.18 170
61 113 -6.68575 682.348 170
61 114 -7.3419 678.193 170
61 115 -5.80084 672.819 170
61 116 -5.89968 668.708 170
61 117 -6.0313 663.233 170
61 118 -6.12989 659.13 170
61 119 -5.2202 655.369 170
61 120 -5.39639 648.99 170
61 121 -5.3791 644.186 170
61 122 -6.09903 637.338 170
61 123 -7.86306 633.147 170
61 124 -6.91604 626.422 170
61 125 -7.04658 620.991 170
61 126 -7.17701 615.565 170
61 127 -7.8287 611.464 170
61 128 -7.99894 608.054 170
61 129 -6.91631 603.413 170
61 130 -7.56744 599.322 170
61 131 -7.63233 596.62 170
61 132 -7.77424 589.798 170
61 133 -8.15379 585.948 170
61 134 -8.29144 582.975 170
61 135 -7.04649 575.122 170
61 136 -8.24771 571.019 170
61 137 -6.96207 564.929 170
61 138 -7.40324 560.346 170
61 139 -5.0882 555.936 170
61 140 -4.63776 552.741 170
61 141 -4.70061 549.272 170
61 142 -4.52059 543.138 170
61 143 -4.18486 538.888 170
61 144 -4.13381 536.49 170
61 145 -4.24835 531.818 170
61 146 -5.37832 526.026 170
61 147 -5.34058 518.582 170
61 148 -5.38938 516.586 170
61 149 -3.23863 505.965 170
61 150 -4.40109 503.246 170
61 151 -4.59661 495.292 170
61 152 -5.22192 492.998 170
61 153 -4.7244 490.535 170
61 154 -3.91618 485.154 170
61 155 -5.55572 482.949 170
61 156 -4.98656 479.42 170
61 157 -4.62219 473.799 170
61 158 -4.68296 469.556 170
61 159 -4.21765 466.293 170
61 160 -4.33134 461.684 170
61 161 -6.69317 454.328 170
61 162 -5.3592 452.275 170
61 163 -5.85952 443.887 170
61 164 -3.80827 438.765 170
61 165 -3.32831 436.176 170
61 166 -2.35253 431.655 170
61 167 -1.50579 427.23 170
61 168 -0.0818471 422.87 170
61 169 0.0208466 419.615 170
61 170 -0.162365 411.916 170
61 171 -0.237292 407.652 170
61 172 -0.335713 403.746 170
61 173 0.0105104 395.972 170
61 174 -0.532473 395.943 170
61 175 -0.688997 388.873 170
61 176 -0.859601 382.964 170
61 177 -1.58315 377.024 170
61 178 -5.29062 371.095 170
61 179 0.438858 370.105 170
61 180 -1.75583 364.569 170
61 181 -3.62644 358.929 170
61 182 -4.10516 353.596 170
61 183 -3.79597 351.282 170
61 184 -2.88421 345.459 170
61 185 -1.93344 340.37 170
61 186 -2.12094 335.074 170
61 187 -1.89409 329.109 170
61 188 -3.4643 322.354 170
61 189 -3.13927 318.151 170
61 190 -1.56746 312.226 170
61 191 -2.19873 305.548 170
61 192 -2.93408 300.682 170
61 193 -1.92287 298.186 170
61 194 -0.386379 293.563 170
61 195 -1.9997 288.368 170
61 196 -3.05669 283.905 170
61 197 -3.80612 277.571 170
61 198 -3.70324 270.17 170
61 199 -3.83107 265.103 170
61 200 -3.92671 261.305 170
61 201 -4.63735 254.326 170
61 202 -4.309 246.145 170
61 203 -4.46784 239.842 170
61 204 -5.66325 234.756 170
61 205 -5.75807 230.982 170
61 206 -5.91574 224.698 170
61 207 -6.01032 220.932 170
61 208 -6.13625 215.914 170
61 209 -5.19631 210.95 170
61 210 -5.29096 207.194 170
61 211 -4.85304 203.464 170
61 212 -3.91469 198.511 170
61 213 -4.84224 195.476 170
61 214 -3.60448 189.796 170
61 215 -4.76302 186.008 170
61 216 -5.51613 182.682 170
61 217 -3.85797 179.827 170
61 218 -3.95286 176.094 170
61 219 -3.98445 174.85 170
61 220 -4.0477 172.364 170
61 221 -4.12673 169.257 170
61 222 -4.1425 168.636 170
61 223 -4.23717 164.911 170
61 224 -4.26877 163.67 170
61 225 -4.33185 161.189 170
61 226 -4.39489 158.71 170
61 227 -4.4264 157.47 170
61 228 -5.54932 154.947 170
61 229 -6.39903 152.746 170
61 230 -6.09597 150.079 170
61 231 -6.40061 148.07 170
61 232 -7.85549 147.432 170
61 233 -6.58637 145.324 170
61 234 -6.45586 141.698 170
61 235 -7.497 140.658 170
61 236 -7.60563 136.337 170
61 237 -6.05004 135.17 170
61 238 -6.61016 133.914 170
61 239 -7.20117 131.426 170
61 240 -6.21127 130.473 170
61 241 -6.76582 127.752 170
61 242 -6.02486 126.158 170
61 243 -5.33678 121.662 170
61 244 -4.50139 120.487 170
61 245 -3.33402 117.444 170
61 246 -3.4443 113.143 170
61 247 -2.28929 112.944 170
61 248 -1.4279 109.545 170
61 249 -1.49135 107.09 170
61 250 -0.723744 106.202 170
61 251 -0.787307 103.749 170
61 252 -1.23432 100.731 170
61 253 -0.722344 96.1023 170
61 254 -1.31281 93.6337 170
61 255 -1.93461 89.9435 170
61 256 -1.69444 87.0225 170
61 257 -2.0446 83.6529 170
61 258 -2.31563 83.3374 170
61 259 -3.30238 77.6912 170
61 260 -3.36509 75.2528 170
61 261 -3.49063 70.3793 170
61 262 -3.05919 66.7478 170
61 263 -3.45756 64.3213 170
61 264 -2.65949 61.9029 170
61 265 -2.69091 60.6874 170
61 266 -2.29173 55.848 170
61 267 -2.91072 52.187 170
61 268 -3.26653 48.1511 170
61 269 -3.03577 42.892 170
61 270 -3.09848 40.4705 170
61 271 -3.34905 35.2305 170
61 272 -2.92658 33.3611 170
61 273 -2.20442 28.9351 170
61 274 -2.35561 25.1307 170
61 275 -3.31146 22.9397 170
61 276 -4.76942 20.7052 170
61 277 -3.13084 19.4242 170
61 278 -2.53126 15.5546 170
61 279 -3.84818 15.9234 170
61 280 -3.1656 12.039 170
61 281 -3.97262 11.1086 170
61 282 -4.00374 9.90565 170
61 283 -4.52503 7.90447 170
61 284 -6.18557 6.22392 170
61 285 -6.56866 2.2639 170
61 286 -6.88467 1.32545 170
61 287 -6.60051 -1.01848 170
61 288 -8.51777 -3.45438 170
61 289 -8.63976 -8.2495 170
61 290 -11.2756 -9.5384 170
61 291 -12.3892 -13.6834 170
61 292 -13.0478 -17.9689 170
61 293 -15.2479 -22.82 170
61 294 -17.4455 -27.6654 170
61 295 -17.5041 -30.0507 170
61 296 -16.5825 -34.783 170
61 297 -18.7327 -37.8298 170
61 298 -18.8637 -43.1837 170
61 299 -18.98 -47.9378 170
61 300 -19.0672 -51.5003 170
61 301 -19.1833 -56.2462 170
61 302 -19.2992 -60.9873 170
61 303 -21.0255 -68.1406 170
61 304 -19.4224 -74.4681 170
61 305 -18.2652 -77.8535 170
61 306 -16.8064 -85.706 170
61 307 -14.871 -89.6655 170
61 308 -13.9718 -96.2084 170
61 309 -13.2611 -100.769 170
61 310 -12.1594 -106.135 170
61 311 -11.7775 -111.4 170
61 312 -10.3504 -116.043 170
61 313 -9.59665 -122.808 170
61 314 -9.84345 -128.425 170
61 315 -8.80037 -135.864 170
61 316 -8.98052 -142.861 170
61 317 -9.1904 -151.013 170
61 318 -9.34005 -156.826 170
61 319 -9.51944 -163.793 170
61 320 -9.69854 -170.75 170
61 321 -9.81777 -175.383 170
61 322 -8.43062 -181.126 170
61 323 -8.80084 -185.94 170
61 324 -8.21841 -192.661 170
61 325 -7.15327 -198.854 170
61 326 -6.82268 -205.748 170
61 327 -6.93086 -213.791 170
61 328 -6.48505 -221.303 170
61 329 -7.16483 -230.525 170
61 330 -5.27749 -236.194 170
61 331 -4.56878 -243.643 170
61 332 -3.1904 -248.798 170
61 333 -2.48921 -255.659 170
61 334 -1.87526 -261.184 170
61 335 -1.31932 -268.838 170
61 336 -1.2259 -274.79 170
61 337 -1.13256 -280.736 170
61 338 -0.547806 -287.228 170
61 339 -0.999093 -295.315 170
61 340 -0.80022 -304.05 170
61 341 -1.44861 -311.212 170
61 342 -1.37069 -317.674 170
61 343 -1.55287 -324.413 170
61 344 -1.74988 -331.703 170
61 345 -1.71341 -337.065 170
61 346 -2.06758 -343.456 170
61 347 -1.9744 -349.316 170
61 348 -1.72399 -356.047 170
61 349 -2.58021 -362.421 170
61 350 -2.83575 -371.875 170
61 351 -3.0158 -378.537 170
61 352 -1.23468 -386.817 170
61 353 -0.443555 -394.547 170
61 354 0.862321 -401.705 170
61 355 0.11898 -406.902 170
61 356 1.9529 -416.566 170
61 357 2.5605 -423.132 170
61 358 3.13194 -428.087 170
61 359 3.40191 -436.309 170
61 360 2.78869 -442.21 170
61 361 2.98986 -451.086 170
61 362 2.6953 -458.796 170
61 363 2.57909 -465.816 170
61 364 2.21221 -474.34 170
61 365 2.15453 -481.042 170
61 366 1.97302 -487.552 170
61 367 1.76149 -495.136 170
61 368 1.61069 -500.545 170
61 369 1.3998 -508.108 170
61 370 2.2392 -513.491 170
61 371 1.70536 -521.262 170
61 372 1.81729 -528.562 170
61 373 3.07142 -533.853 170
61 374 1.96472 -544.435 170
61 375 2.20301 -549.997 170
61 376 2.9178 -559.606 170
61 377 2.7372 -566.008 170
61 378 2.46451 -572.188 170
61 379 3.42867 -579.816 170
61 380 3.66949 -586.919 170
61 381 4.72432 -590.909 170
61 382 5.73226 -598.91 170
61 383 5.35119 -604.689 170
61 384 5.36892 -611.597 170
61 385 4.24175 -620.547 170
61 386 3.90655 -625.782 170
61 387 2.75115 -634.776 170
61 388 2.53102 -640.802 170
61 389 2.14574 -648.872 170
61 390 1.30393 -654.139 170
61 391 1.72649 -660.543 170
61 392 1.18554 -667.943 170
61 393 1.83158 -674.316 170
61 394 1.44433 -680.758 170
61 395 1.72325 -688.029 170
61 396 0.867182 -693.208 170
61 397 0.839939 -702.023 170
61 398 1.64743 -707.709 170
61 399 2.38023 -715.968 170
61 400 1.23533 -722.157 170
61 401 1.99672 -729.362 170
61 402 1.7026 -735.921 170
61 403 1.61432 -742.716 170
61 404 1.43817 -748.866 170
61 405 1.62592 -753.759 170
61 406 2.05029 -761.141 170
61 407 1.87425 -767.266 170
61 408 1.49697 -774.034 170
61 409 0.502994 -781.524 170
61 410 0.270284 -789.652 170
61 411 -0.56216 -796.264 170
61 412 -0.0780199 -801.816 170
61 413 -1.10886 -808.358 170
61 414 -0.716515 -812.401 170
61 415 0.41647 -817.985 170
61 416 0.242585 -824.034 170
61 417 0.0978901 -829.067 170
61 418 0.822206 -837.113 170
61 419 0.677426 -842.132 170
61 420 0.633901 -850.252 170
61 421 0.898677 -856.279 170
61 422 1.58701 -860.161 170
61 423 1.81699 -868.649 170
61 424 2.58033 -875.133 170
61 425 1.45515 -881.099 170
61 426 1.33955 -885.076 170
61 427 1.16636 -891.034 170
61 428 2.77344 -895.855 170
61 429 0.878253 -900.947 170
61 430 2.60211 -906.897 170
61 431 1.52411 -911.338 170
61 432 0.892186 -916.765 170
61 433 0.275323 -921.691 170
61 434 0.103617 -927.601 170
61 435 -0.927662 -930.545 170
61 436 -1.0984 -936.442 170
61 437 -1.44416 -941.859 170
61 438 -1.25735 -945.842 170
61 439 -1.32301 -949.085 170
61 440 -0.609563 -952.137 170
61 441 -0.053338 -956.36 170
61 442 -0.691977 -960.812 170
61 443 -0.00849279 -963.875 170
61 444 -1.06387 -967.769 170
61 445 -0.264474 -972.652 170
61 446 -0.406561 -977.521 170
61 447 -1.05924 -979.908 170
61 448 -0.590959 -983.841 170
61 449 -0.732581 -988.697 170
61 450 -0.305447 -990.158 170
61 451 -0.888219 -994.033 170
61 452 -0.916458 -995.002 170
61 453 0.889745 -997.445 170
61 454 1.68872 -999.325 170
61 455 2.25954 -1001.93 170
61 456 2.60932 -1002.79 170
61 457 3.89094 -1005.77 170
61 458 4.13594 -1007.31 170
61 459 5.08851 -1008.39 170
61 460 6.50234 -1010.04 170
61 461 6.83948 -1011.93 170
62 37 99.6206 970.933 170
62 38 98.994 969.432 170
62 39 97.6934 964.975 170
62 40 96.7879 965.483 170
62 41 97.1835 960.006 170
62 42 97.102 957.537 170
62 43 96.7801 954.76 170
62 44 96.5872 950.31 170
62 45 94.6914 943.75 170
62 46 94.5725 940.131 170
62 47 94.3826 934.345 170
62 48 91.8193 926.22 170
62 49 92.8997 924.145 170
62 50 91.8288 915.258 170
62 51 88.302 909.046 170
62 52 92.3342 906.859 170
62 53 87.0398 897.27 170
62 54 85.5069 893.74 170
62 55 84.6395 886.314 170
62 56 81.6494 884.316 170
62 57 80.9193 877.522 170
62 58 79.3773 871.37 170
62 59 76.351 866.935 170
62 60 74.5606 859.631 170
62 61 74.4433 857.329 170
62 62 70.778 851.526 170
62 63 70.5386 851.517 170
62 64 74.4433 832.539 170
62 65 73.2866 827.888 170
62 66 72.85 820.803 170
62 67 72.4436 821.243 170
62 68 72.5325 820.811 170
62 69 69.7719 803.49 170
62 70 68.7977 796.887 170
62 71 67.8048 788.54 170
62 72 67.1686 782.197 170
62 73 66.2773 774.149 170
62 74 65.1181 768.385 170
62 75 67.22 760.722 170
62 76 65.9176 755.054 170
62 77 64.6166 749.393 170
62 78 61.228 749.156 170
62 79 58.7603 742.031 170
62 80 58.5514 735.073 170
62 81 55.9322 727.225 170
62 82 53.4259 713.948 170
62 83 50.973 706.875 170
62 84 49.4203 701.334 170
62 85 48.2826 691.536 170
62 86 47.0806 688.704 170
62 87 46.1417 682.958 170
62 88 46.7406 677.006 170
62 89 45.4016 669.376 170
62 90 43.0054 663.741 170
62 91 42.7691 655.521 170
62 92 42.494 645.948 170
62 93 40.1053 640.34 170
62 94 40.1039 630.933 170
62 95 37.4111 623.846 170
62 96 37.1802 615.691 170
62 97 35.9141 610.19 170
62 98 35.3599 605.488 170
62 99 32.3137 600.492 170
62 100 33.1427 595.244 170
62 101 31.899 585.62 170
62 102 29.457 577.388 170
62 103 28.2376 573.278 170
62 104 25.7469 563.052 170
62 105 23.8202 557.168 170
62 106 21.0161 551.373 170
62 107 17.525 544.474 170
62 108 16.2444 537.719 170
62 109 16.1028 532.374 170
62 110 15.3589 526.293 170
62 111 11.3499 524.319 170
62 112 10.0409 510.727 170
62 113 9.83404 502.757 170
62 114 8.5644 496.06 170
62 115 6.13209 486.662 170
62 116 4.86715 479.987 170
62 117 2.98985 470.653 170
62 118 1.21576 465.287 170
62 119 -0.340778 457.641 170
62 120 -2.4242 450.633 170
62 121 -4.73664 445.26 170
62 122 -7.07826 438.583 170
62 123 -9.38471 433.225 170
62 124 -11.7825 423.953 170
62 125 -13.5545 417.99 170
62 126 -16.487 408.72 170
62 127 -19.9024 405.453 170
62 128 -23.2534 397.315 170
62 129 -24.456 392.065 170
62 130 -24.5746 386.879 170
62 131 -27.3022 381.491 170
62 132 -27.8071 373.007 170
62 133 -29.3253 367.896 170
62 134 -29.4266 363.38 170
62 135 -30.7076 354.305 170
62 136 -31.7573 350.704 170
62 137 -34.1978 342.566 170
62 138 -34.3108 337.432 170
62 139 -34.4236 332.304 170
62 140 -35.7239 322.008 170
62 141 -39.0857 315.456 170
62 142 -38.1843 315.967 170
62 143 -39.2233 309.075 170
62 144 -41.4647 304.507 170
62 145 -43.1676 299.97 170
62 146 -44.3736 293.557 170
62 147 -47.2093 285.805 170
62 148 -48.3844 280.679 170
62 149 -50.6785 272.975 170
62 150 -51.8241 269.128 170
62 151 -53.5468 264.116 170
62 152 -56.3462 256.296 170
62 153 -60.9134 250.318 170
62 154 -58.5339 243.677 170
62 155 -59.8405 241.035 170
62 156 -62.1149 233.399 170
62 157 -61.6015 228.142 170
62 158 -64.4937 220.14 170
62 159 -65.3803 213.154 170
62 160 -67.4193 205.647 170
62 161 -69.0788 201.833 170
62 162 -71.2893 196.753 170
62 163 -73.4073 189.086 170
62 164 -74.7218 181.896 170
62 165 -76.4438 176.563 170
62 166 -79.1597 170.345 170
62 167 -80.3461 162.874 170
62 168 -82.4644 158.559 170
62 169 -85.8051 151.533 170
62 170 -88.0033 145.897 170
62 171 -90.7033 141.476 170
62 172 -92.3503 137.105 170
62 173 -95.0852 130.237 170
62 174 -96.5163 126.008 170
62 175 -98.9513 117.825 170
62 176 -101.084 115.291 170
62 177 -102.465 104.597 170
62 178 -103.405 100.544 170
62 179 -104.572 92.5787 170
62 180 -105.738 84.6274 170
62 181 -107.86 82.1141 170
62 182 -108.007 72.402 170
62 183 -108.08 67.5532 170
62 184 -109.483 63.4771 170
62 185 -111.866 57.731 170
62 186 -112.457 52.8777 170
62 187 -114.605 47.9705 170
62 188 -114.683 42.5445 170
62 189 -115.799 37.0858 170
62 190 -116.922 31.0327 170
62 191 -118.578 23.7681 170
62 192 -120.198 18.9126 170
62 193 -121.8 15.2606 170
62 194 -124.164 11.6547 170
62 195 -123.433 9.21815 170
62 196 -125.564 4.3608 170
62 197 -127.144 1.91585 170
62 198 -128.756 -2.9149 170
62 199 -129.787 -2.9514 170
62 200 -130.911 -10.1414 170
62 201 -131.957 -11.3688 170
62 202 -134.078 -16.2021 170
62 203 -135.152 -19.8057 170
62 204 -136.211 -22.2183 170
62 205 -138.192 -24.4237 170
62 206 -139.239 -27.6993 170
62 207 -141.46 -30.4469 170
62 208 -141.988 -32.4996 170
62 209 -143.87 -35.4064 170
62 210 -145.644 -37.9522 170
62 211 -148.762 -41.606 170
62 212 -150.839 -44.0399 170
62 213 -152.789 -47.1031 170
62 214 -155.982 -49.8287 170
62 215 -158.296 -51.844 170
62 216 -160.169 -54.9712 170
62 217 -163.762 -56.2682 170
62 218 -168.396 -59.9531 170
62 219 -170.451 -61.1971 170
62 220 -175.072 -64.2885 170
62 221 -177.639 -66.1349 170
62 222 -180.719 -68.5843 170
62 223 -183.295 -72.1892 170
62 224 -186.871 -73.4773 170
62 225 -187.94 -80.5434 170
62 226 -190.978 -78.2978 170
62 227 -194.069 -84.2497 170
62 228 -195.109 -87.7908 170
62 229 -198.179 -91.393 170
62 230 -197.238 -93.5728 170
62 231 -201.274 -99.6579 170
62 232 -202.802 -100.871 170
62 233 -202.328 -106.68 170
62 234 -205.388 -110.265 170
62 235 -207.224 -112.762 170
62 236 -211.33 -120.255 170
62 237 -211.824 -126.391 170
62 238 -213.208 -130.604 170
62 239 -217.685 -133.659 170
62 240 -217.645 -136.144 170
62 241 -219.677 -139.671 170
62 242 -220.186 -140.841 170
62 243 -221.923 -147.124 170
62 244 -221.741 -152.422 170
62 245 -222.704 -157.137 170
62 246 -223.516 -164.957 170
62 247 -222.314 -171.986 170
62 248 -221.836 -178.853 170
62 249 -221.861 -185.724 170
62 250 -220.874 -190.272 170
62 251 -220.895 -195.985 170
62 252 -220.916 -201.691 170
62 253 -220.933 -206.252 170
62 254 -220.954 -211.945 170
62 255 -220.975 -217.633 170
62 256 -221.1 -224.326 170
62 257 -222.025 -231.279 170
62 258 -223.044 -236.968 170
62 259 -224.065 -243.78 170
62 260 -225.089 -251.71 170
62 261 -225.111 -258.475 170
62 262 -225.629 -264.681 170
62 263 -225.148 -269.731 170
62 264 -225.176 -278.154 170
62 265 -225.196 -284.323 170
62 266 -225.215 -289.923 170
62 267 -225.241 -297.752 170
62 268 -225.266 -305.568 170
62 269 -224.309 -315.578 170
62 270 -223.849 -319.787 170
62 271 -222.381 -329.99 170
62 272 -221.5 -335.054 170
62 273 -220.202 -341.865 170
62 274 -221.462 -348.805 170
62 275 -218.896 -356.214 170
62 276 -218.961 -362.735 170
62 277 -219.254 -369.526 170
62 278 -219.694 -378.696 170
62 279 -220.609 -384.038 170
62 280 -220.059 -394.113 170
62 281 -220.482 -401.999 170
62 282 -221.69 -410.319 170
62 283 -221.706 -414.682 170
62 284 -219.696 -421.862 170
62 285 -217.84 -427.686 170
62 286 -216.893 -435.277 170
62 287 -215.454 -441.765 170
62 288 -212.926 -449.062 170
62 289 -211.116 -454.695 170
62 290 -210.665 -462.253 170
62 291 -207.776 -469.765 170
62 292 -205.379 -477.273 170
62 293 -201.692 -485.367 170
62 294 -200.2 -491.642 170
62 295 -198.239 -497.239 170
62 296 -196.196 -504.853 170
62 297 -195.445 -509.124 170
62 298 -193.941 -516.705 170
62 299 -194.963 -524.281 170
62 300 -193.026 -532.058 170
62 301 -190.222 -540.196 170
62 302 -190.268 -546.568 170
62 303 -189.368 -556.1 170
62 304 -187.471 -561.374 170
62 305 -187.511 -566.661 170
62 306 -186.6 -574.044 170
62 307 -185.682 -580.362 170
62 308 -183.784 -584.559 170
62 309 -181.904 -590.856 170
62 310 -180.295 -598.23 170
62 311 -180.7 -605.229 170
62 312 -177.249 -610.757 170
62 313 -177.331 -620.172 170
62 314 -174.49 -625.375 170
62 315 -172.642 -633.708 170
62 316 -170.718 -639.675 170
62 317 -169.352 -646.573 170
62 318 -168.986 -653.446 170
62 319 -167.117 -658.623 170
62 320 -166.24 -666.905 170
62 321 -165.812 -672.075 170
62 322 -166.373 -680.339 170
62 323 -163.875 -686.022 170
62 324 -164.594 -693.726 170
62 325 -164.015 -700.633 170
62 326 -162.831 -708.103 170
62 327 -162.094 -714.282 170
62 328 -160.294 -719.929 170
62 329 -158.828 -725.53 170
62 330 -157.99 -731.697 170
62 331 -156.476 -737.743 170
62 332 -153.684 -743.344 170
62 333 -151.288 -750.068 170
62 334 -150.989 -757.068 170
62 335 -147.358 -764.92 170
62 336 -146.397 -770.249 170
62 337 -144.574 -776.321 170
62 338 -141.757 -783.134 170
62 339 -141.268 -789.391 170
62 340 -139.15 -797.012 170
62 341 -137.406 -801.242 170
62 342 -136.922 -807.576 170
62 343 -137.489 -814.601 170
62 344 -135.106 -821.593 170
62 345 -133.392 -826.823 170
62 346 -132.652 -832.714 170
62 347 -133.092 -838.624 170
62 348 -131.788 -846.604 170
62 349 -131.401 -852.579 170
62 350 -128.342 -860.028 170
62 351 -128.745 -864.513 170
62 352 -126.43 -869.692 170
62 353 -123.983 -875.292 170
62 354 -122.774 -880.593 170
62 355 -120.344 -884.61 170
62 356 -118.745 -889.934 170
62 357 -118.41 -896.219 170
62 358 -116.595 -900.172 170
62 359 -114.899 -906.237 170
62 360 -113.016 -911.019 170
62 361 -108.901 -916.755 170
62 362 -108.977 -921.846 170
62 363 -106.336 -923.602 170
62 364 -106.333 -931.662 170
62 365 -105.654 -929.73 170
62 366 -103.937 -934.958 170
62 367 -102.93 -939.531 170
62 368 -102.775 -942.443 170
62 369 -100.541 -948.316 170
62 370 -99.1993 -951.74 170
62 371 -98.3436 -956.13 170
62 372 -97.9466 -960.026 170
62 373 -95.6387 -961.507 170
62 374 -96.2383 -968.788 170
62 375 -94.8745 -970.742 170
62 376 -94.0313 -975.601 170
62 377 -93.1168 -976.579 170
62 378 -93.9715 -979.932 170
62 379 -93.8954 -981.356 170
62 380 -93.0494 -982.972 170
62 381 -92.8238 -986.37 170
62 382 -92.4288 -989.652 170
62 383 -93.5544 -990.596 170
62 384 -93.4047 -992.056 170
62 385 -92.492 -993.032 170
62 386 -92.5191 -994.48 170
62 387 -93.6214 -996.697 170
62 388 -92.5462 -995.928 170
62 389 -91.9592 -998.867 170
62 390 -91.6701 -998.832 170
62 391 -91.6973 -1000.28 170
62 392 -93.5663 -1000.74 170
62 393 -92.6363 -1000.75 170
62 394 -93.5842 -1001.7 170
62 395 -93.522 -1001.37 170
62 396 -93.522 -1001.37 170
62 397 -92.6183 -999.785 170
62 398 -93.5483 -999.775 170
62 399 -94.5426 -999.224 170
62 400 -93.4766 -995.917 170
62 401 -93.4586 -994.952 170
62 402 -93.4317 -993.505 170
62 403 -92.474 -992.067 170
62 404 -93.4047 -992.056 170
62 405 -93.3328 -988.192 170
62 406 -93.3328 -988.192 170
62 407 -93.1676 -985.322 170
62 408 -91.4157 -985.311 170
62 409 -91.4157 -985.311 170
62 410 -91.4157 -985.311 170
62 411 -91.4157 -985.311 170
62 412 -90.0875 -984.068 170
62 413 -89.9079 -985.405 170
62 414 -89.5523 -985.331 170
62 415 -89.5706 -986.298 170
62 416 -88.1916 -987.28 170
62 417 -88.4384 -988.003 170
62 418 -88.2472 -990.18 170
62 419 -87.7815 -990.185 170
62 420 -87.8186 -992.117 170
62 421 -87.8279 -992.6 170
62 422 -87.8558 -994.049 170
62 423 -87.6893 -995.557 170
62 424 -87.9023 -996.462 170
62 425 -88.8422 -996.934 170
62 426 -88.8607 -997.898 170
62 427 -88.8976 -999.827 170
62 428 -90.7764 -1000.77 170
62 429 -90.7764 -1000.77 170
62 430 -91.7427 -1002.69 170
62 431 -92.6725 -1002.68 170
62 432 -94.5495 -1003.62 170
62 433 -94.5584 -1004.1 170
62 434 -95.3946 -1004.58 170
62 435 -98.0437 -1004.61 170
62 436 -98.766 -1005.5 170
62 437 -99.2476 -1006.45 170
62 438 -100.654 -1005.62 170
62 439 -100.159 -1005.48 170
62 440 -101.59 -1005.51 170
62 441 -101.96 -1005.92 170
62 442 -101.986 -1005.3 170
62 443 -101.986 -1005.3 170
62 444 -102.481 -1005.45 170
62 445 -102.945 -1005.45 170
62 446 -103.122 -1006.51 170
62 447 -101.316 -1005.23 170
62 448 -103.181 -1005.65 170
62 449 -101.544 -1004.98 170
62 450 -101.071 -1004.51 170
62 451 -101.991 -1004.01 170
62 452 -102.489 -1003.3 170
62 453 -102.489 -1003.3 170
62 454 -101.054 -1003.54 170
62 455 -100.62 -1003.69 170
62 456 -100.902 -1003.9 170
62 457 -101.054 -1003.54 170
62 458 -100.589 -1003.55 170
62 459 -100.125 -1003.55 170
62 460 -100.589 -1003.55 170
62 461 -100.589 -1003.55 170
63 37 -914.22 -387.768 170
63 38 -914.245 -388.172 170
63 39 -913.842 -387.739 170
63 40 -912.728 -387.773 170
63 41 -912.703 -387.293 170
63 42 -911.123 -386.988 170
63 43 -910.46 -386.444 170
63 44 -908.261 -385.936 170
63 45 -906.946 -386.083 170
63 46 -903.696 -386.513 170
63 47 -901.186 -388.926 170
63 48 -900.006 -386.447 170
63 49 -897.317 -389.197 170
63 50 -895.952 -391.694 170
63 51 -890.354 -393.317 170
63 52 -889.03 -398.917 170
63 53 -885.244 -402.047 170
63 54 -882.675 -410.574 170
63 55 -880.662 -415.328 170
63 56 -879.752 -413.3 170
63 57 -881.293 -417.434 170
63 58 -875.345 -420.489 170
63 59 -873.567 -424.055 170
63 60 -872.198 -429.442 170
63 61 -868.625 -434.8 170
63 62 -863.69 -438.033 170
63 63 -858.531 -438.965 170
63 64 -855.104 -442.581 170
63 65 -849.917 -446.357 170
63 66 -843.978 -453.202 170
63 67 -839.379 -456.962 170
63 68 -838.356 -457.987 170
63 69 -834.127 -467.354 170
63 70 -828.888 -472.973 170
63 71 -823.309 -478.553 170
63 72 -818.47 -481.47 170
63 73 -812.975 -484.796 170
63 74 -807.826 -488.796 170
63 75 -800.917 -495.329 170
63 76 -793.109 -500.375 170
63 77 -783.978 -505.351 170
63 78 -774.326 -507.798 170
63 79 -765.917 -509.781 170
63 80 -758.428 -511.775 170
63 81 -747.356 -511.643 170
63 82 -739.192 -513.611 170
63 83 -729.875 -517.9 170
63 84 -717.895 -521.826 170
63 85 -709.486 -526.48 170
63 86 -698.094 -529.206 170
63 87 -687.863 -535.961 170
63 88 -677.116 -537.927 170
63 89 -665.261 -541.275 170
63 90 -655.579 -543.223 170
63 91 -644.262 -547.265 170
63 92 -634.057 -557.227 170
63 93 -619.749 -555.458 170
63 94 -605.97 -562.147 170
63 95 -594.153 -559.335 170
63 96 -582.191 -560.052 170
63 97 -569.728 -558.685 170
63 98 -557.409 -563.769 170
63 99 -545.254 -563.656 170
63 100 -531.745 -566.017 170
63 101 -518.816 -570.695 170
63 102 -500 -572.607 170
63 103 -488.677 -574.588 170
63 104 -475.529 -573.952 170
63 105 -464.199 -575.415 170
63 106 -450.987 -576.341 170
63 107 -436.797 -578.303 170
63 108 -423.4 -581.721 170
63 109 -410.062 -581.161 170
63 110 -394.478 -580.153 170
63 111 -381.466 -575.016 170
63 112 -368.151 -578.236 170
63 113 -354.398 -575.502 170
63 114 -340.105 -576.949 170
63 115 -326.289 -576.306 170
63 116 -312.929 -576.19 170
63 117 -299.069 -577.12 170
63 118 -281.849 -575.922 170
63 119 -271.312 -573.729 170
63 120 -257.879 -572.56 170
63 121 -243.463 -570.327 170
63 122 -229.99 -570.207 170
63 123 -217.088 -567.952 170
63 124 -203.943 -567.337 170
63 125 -189.469 -564.628 170
63 126 -177.026 -561.393 170
63 127 -164.183 -556.432 170
63 128 -153.47 -550.684 170
63 129 -139.746 -545 170
63 130 -128.971 -540.632 170
63 131 -115.261 -537.292 170
63 132 -102.556 -537.16 170
63 133 -90.7376 -532.763 170
63 134 -78.9366 -530.498 170
63 135 -64.115 -525.519 170
63 136 -49.9222 -521.211 170
63 137 -36.9649 -516.284 170
63 138 -23.0856 -511.174 170
63 139 -11.9337 -507.185 170
63 140 1.05488 -502.713 170
63 141 14.5041 -500.39 170
63 142 26.6183 -493.747 170
63 143 40.1211 -487.581 170
63 144 51.9359 -480.398 170
63 145 62.2192 -471.549 170
63 146 74.4961 -463.741 170
63 147 84.2176 -458.139 170
63 148 95.4198 -451.078 170
63 149 106.28 -445.762 170
63 150 117.623 -438.998 170
63 151 128.994 -432.218 170
63 152 142.721 -424.666 170
63 153 154.565 -418.143 170
63 154 167.337 -411.711 170
63 155 179.845 -404.846 170
63 156 190.43 -400.712 170
63 157 203.183 -394.986 170
63 158 214.267 -388.672 170
63 159 227.066 -380.948 170
63 160 239.608 -373.679 170
63 161 250.939 -363.367 170
63 162 262.119 -356.408 170
63 163 272.81 -349.441 170
63 164 285.595 -342.418 170
63 165 296.208 -337.686 170
63 166 306.909 -331.809 170
63 167 320.065 -323.825 170
63 168 331.266 -315.402 170
63 169 344.873 -305.994 170
63 170 355.759 -298.904 170
63 171 366.216 -289.502 170
63 172 377.841 -281.22 170
63 173 388.207 -275.238 170
63 174 398.714 -267.509 170
63 175 409.857 -258.59 170
63 176 420.894 -247.26 170
63 177 431.909 -237.581 170
63 178 441.288 -224.626 170
63 179 448.541 -216.825 170
63 180 456.966 -209.047 170
63 181 467.991 -199.649 170
63 182 476.318 -190.483 170
63 183 483.46 -180.876 170
63 184 494.908 -171.131 170
63 185 503.168 -161.444 170
63 186 512.621 -150.512 170
63 187 521.551 -143.311 170
63 188 528.867 -135.783 170
63 189 535.935 -128.425 170
63 190 544.4 -117.423 170
63 191 551.704 -107.623 170
63 192 559.026 -97.7977 170
63 193 564.982 -91.104 170
63 194 571.784 -81.7521 170
63 195 576.117 -75.5806 170
63 196 583.423 -67.854 170
63 197 589.539 -61.9182 170
63 198 595.355 -55.4139 170
63 199 601.404 -48.1112 170
63 200 609.84 -39.3155 170
63 201 613.982 -32.777 170
63 202 619.87 -23.969 170
63 203 627.394 -16.9933 170
63 204 629.758 -12.9846 170
63 205 634.505 -9.14412 170
63 206 640.19 -3.54732 170
63 207 646.208 0.558478 170
63 208 649.469 9.81752 170
63 209 652.715 12.0881 170
63 210 658.932 22.492 170
63 211 662.726 27.5732 170
63 212 667.139 33.3029 170
63 213 670.282 39.3598 170
63 214 672.647 44.6667 170
63 215 676.757 52.8974 170
63 216 679.765 56.4933 170
63 217 685.216 64.6723 170
63 218 689.032 70.8071 170
63 219 693.67 78.4833 170
63 220 697.514 83.6373 170
63 221 702.482 88.8407 170
63 222 707.458 94.0516 170
63 223 711.88 99.2485 170
63 224 716.308 104.452 170
63 225 720.18 109.641 170
63 226 725.558 115.843 170
63 227 731.511 122.771 170
63 228 735.027 129.173 170
63 229 740.181 135.713 170
63 230 744.907 143.516 170
63 231 747.686 148.711 170
63 232 752.393 154.653 170
63 233 755.521 159.214 170
63 234 759.013 165.106 170
63 235 763.64 172.31 170
63 236 766.44 177.542 170
63 237 771.21 181.423 170
63 238 776.738 189.506 170
63 239 782.972 194.905 170
63 240 789.079 199.022 170
63 241 794.386 204.638 170
63 242 799.17 208.466 170
63 243 802.874 211.205 170
63 244 808.142 217.885 170
63 245 813.511 220.768 170
63 246 818.151 224.245 170
63 247 823.371 226.603 170
63 248 827.886 231.689 170
63 249 831.792 233.868 170
63 250 836.925 241.17 170
63 251 841.454 245.919 170
63 252 846.784 251.555 170
63 253 850.023 256.065 170
63 254 851.321 257.426 170
63 255 854.663 261.781 170
63 256 859.266 266.919 170
63 257 858.297 266.785 170
63 258 863.115 273.488 170
63 259 867.291 275.433 170
63 260 872.516 284.939 170
63 261 876.389 291.278 170
63 262 880.822 294.769 170
63 263 885.84 298.292 170
63 264 888.841 304.354 170
63 265 892.555 306.506 170
63 266 895.109 308.603 170
63 267 899.562 312.112 170
63 268 903.284 314.269 170
63 269 908.175 316.483 170
63 270 912.563 319.336 170
63 271 914.974 320.112 170
63 272 917.849 324.879 170
63 273 920.924 326.351 170
63 274 922.831 327.767 170
63 275 926.806 331.933 170
63 276 928.551 332.743 170
63 277 929.614 336.047 170
63 278 930.356 337.41 170
63 279 931.824 340.292 170
63 280 932.426 340.165 170
63 281 933.155 343.388 170
63 282 933.72 346.206 170
63 283 935.171 350.219 170
63 284 935.173 353.592 170
63 285 937.327 357.028 170
63 286 936.549 360.32 170
63 287 938.943 365.773 170
63 288 939.102 367.115 170
63 289 939.308 373.802 170
63 290 939.117 377.134 170
63 291 939.832 383.19 170
63 292 940.15 385.884 170
63 293 940.468 388.579 170
63 294 940.397 393.43 170
63 295 939.477 396.944 170
63 296 939.889 399.548 170
63 297 938.798 399.223 170
63 298 938.932 403.053 170
63 299 938.934 403.864 170
63 300 940.023 404.66 170
63 301 940.501 408.718 170
63 302 940.324 407.909 170
63 303 940.071 410.041 170
63 304 940.071 410.041 170
63 305 939.05 410.919 170
63 306 939.227 410.333 170
63 307 938.892 409.979 170
63 308 938.991 407.833 170
63 309 936.965 408.534 170
63 310 938.357 406.025 170
63 311 937.612 405.568 170
63 312 937.667 404.538 170
63 313 936.012 400.422 170
63 314 935.344 399.716 170
63 315 936.714 396.432 170
63 316 936.555 395.082 170
63 317 936.985 393.763 170
63 318 936.985 393.763 170
63 319 936.079 391.035 170
63 320 937.652 390.291 170
63 321 937.097 389.747 170
63 322 937.097 389.747 170
63 323 937.018 389.073 170
63 324 937.441 388.693 170
63 325 937.018 389.073 170
63 326 935.178 389.73 170
63 327 935.016 386.961 170
63 328 935.332 389.657 170
63 329 932.751 389.473 170
63 330 932.98 389.536 170
63 331 931.611 392.816 170
63 332 931.611 392.816 170
63 333 930.314 395.024 170
63 334 931.672 395.837 170
63 335 929.495 394.719 170
63 336 928.476 396.007 170
63 337 928.116 398.13 170
63 338 928.046 397.327 170
63 339 929.2 400.204 170
63 340 929.566 401.535 170
63 341 928.361 400.026 170
63 342 927.772 399.996 170
63 343 927.772 399.996 170
63 344 927.772 399.996 170
63 345 927.772 399.996 170
63 346 926.236 401.365 170
63 347 926.834 401.878 170
63 348 927.184 399.966 170
63 349 926.674 400.611 170
63 350 926.274 400.289 170
63 351 926.078 401.519 170
63 352 925.576 401.225 170
63 353 924.243 399.814 170
63 354 923.223 401.103 170
63 355 921.381 400.337 170
63 356 921.381 400.337 170
63 357 921.812 399.017 170
63 358 920.205 400.276 170
63 359 919.787 398.49 170
63 360 920.46 399.954 170
63 361 921.89 399.692 170
63 362 918.618 398.279 170
63 363 919.793 399.248 170
63 364 919.645 399.183 170
63 365 918.794 398.191 170
63 366 921.89 399.692 170
63 367 919.722 397.021 170
63 368 920.714 399.631 170
63 369 920.989 396.963 170
63 370 920.989 396.963 170
63 371 921.577 396.993 170
63 372 919.312 396.608 170
63 373 919.481 396.549 170
63 374 920.833 395.614 170
63 375 920.911 396.288 170
63 376 920.833 395.614 170
63 377 921.421 395.644 170
63 378 921.421 395.644 170
63 379 921.421 395.644 170
63 380 921.342 394.97 170
63 381 921.342 394.97 170
63 382 921.342 394.97 170
63 383 921.264 394.295 170
63 384 921.264 394.295 170
63 385 921.186 393.621 170
63 386 921.264 394.295 170
63 387 920.52 392.917 170
63 388 921.107 392.947 170
63 389 920.748 391.661 170
63 390 920.146 391.609 170
63 391 919.345 392.856 170
63 392 917.518 390.498 170
63 393 914.922 389.95 170
63 394 911.089 387.077 170
63 395 909.606 384.325 170
63 396 908.51 384.938 170
63 397 906.74 381.807 170
63 398 907.409 384.186 170
63 399 904.683 382.069 170
63 400 903.203 379.321 170
63 401 902.321 380.573 170
63 402 902.065 379.351 170
63 403 902.166 379.621 170
63 404 900.552 376.515 170
63 405 900.706 377.858 170
63 406 900.706 377.858 170
63 407 900.706 377.858 170
63 408 900.706 377.858 170
63 409 900.629 377.187 170
63 410 901.394 376.338 170
63 411 902.25 376.385 170
63 412 902.896 376.634 170
63 413 902.819 375.963 170
63 414 902.819 375.963 170
63 415 903.99 376.022 170
63 416 903.347 375.697 170
63 417 905.162 376.082 170
63 418 906.223 375.38 170
63 419 907.352 374.857 170
63 420 908.601 375.588 170
63 421 910.79 374.364 170
63 422 913.113 376.818 170
63 423 914.972 375.243 170
63 424 916.886 376.676 170
63 425 920.25 375.51 170
63 426 922.518 374.957 170
63 427 923.614 374.345 170
63 428 924.787 374.404 170
63 429 925.961 374.464 170
63 430 927.951 372.324 170
63 431 927.951 372.324 170
63 432 929.168 371.955 170
63 433 929.168 371.955 170
63 434 929.755 371.984 170
63 435 930.342 372.014 170
63 436 930.342 372.014 170
63 437 930.342 372.014 170
63 438 931.205 373.899 170
63 439 930.83 373.296 170
63 440 931.585 374.252 170
63 441 931.831 374.76 170
63 442 931.989 376.104 170
63 443 932.067 376.777 170
63 444 931.559 377.419 170
63 445 931.559 377.419 170
63 446 931.918 380.981 170
63 447 932.032 381.455 170
63 448 931.9 383.815 170
63 449 931.919 383.379 170
63 450 931.642 386.892 170
63 451 931.659 386.744 170
63 452 931.058 388.098 170
63 453 931.058 388.098 170
63 454 930.549 388.742 170
63 455 929.531 390.029 170
63 456 930.119 390.059 170
63 457 929.61 390.703 170
63 458 929.393 390.743 170
63 459 929.614 391.94 170
63 460 928.991 392.104 170
63 461 929.266 391.757 170
64 37 -405.761 921.945 170
64 38 -405.324 922.263 170
64 39 -406.823 919.03 170
64 40 -407.869 919.712 170
64 41 -409.195 917.524 170
64 42 -409.006 917.442 170
64 43 -409.704 912.297 170
64 44 -411.929 910.72 170
64 45 -411.086 908.798 170
64 46 -412.844 902.483 170
64 47 -412.063 900.256 170
64 48 -411.94 891.815 170
64 49 -410.808 890.426 170
64 50 -408.869 880.959 170
64 51 -406.86 881.098 170
64 52 -405.481 876.844 170
64 53 -401.852 872.706 170
64 54 -398.392 866.186 170
64 55 -393.286 862.097 170
64 56 -390.022 860.317 170
64 57 -388.39 857.153 170
64 58 -383.967 854.693 170
64 59 -379.419 852.835 170
64 60 -375.727 849.938 170
64 61 -375.074 845.586 170
64 62 -371.457 843.258 170
64 63 -369.497 837.634 170
64 64 -368.356 833.537 170
64 65 -365.008 828.215 170
64 66 -361.587 821.933 170
64 67 -361.607 817.34 170
64 68 -359.048 813.501 170
64 69 -358.199 805.097 170
64 70 -355.97 801.103 170
64 71 -353.988 796.432 170
64 72 -353.679 790.195 170
64 73 -352.156 786.445 170
64 74 -350.445 784.716 170
64 75 -345.363 777.676 170
64 76 -344.801 771.975 170
64 77 -341.976 764.824 170
64 78 -338.306 760.863 170
64 79 -335.252 755.723 170
64 80 -332.358 749.835 170
64 81 -330.349 743.664 170
64 82 -324.87 740.623 170
64 83 -322.648 734.612 170
64 84 -320.441 730.659 170
64 85 -318.22 723.974 170
64 86 -315.507 718.77 170
64 87 -314.276 713.031 170
64 88 -312.571 707.956 170
64 89 -309.648 701.03 170
64 90 -308.265 696.701 170
64 91 -306.604 690.695 170
64 92 -306.027 683.943 170
64 93 -303.237 677.766 170
64 94 -303.779 667.829 170
64 95 -301.21 663.857 170
64 96 -298.284 657.237 170
64 97 -296.12 653.474 170
64 98 -292.297 646.307 170
64 99 -291.199 642.336 170
64 100 -288.476 638.475 170
64 101 -286.286 631.219 170
64 102 -284.106 626.656 170
64 103 -282.06 618.538 170
64 104 -278.399 612.799 170
64 105 -276.591 607.427 170
64 106 -273.512 604.098 170
64 107 -272.684 599.917 170
64 108 -271.054 594.674 170
64 109 -270.127 589.275 170
64 110 -268.403 583.907 170
64 111 -267.122 578.287 170
64 112 -266.164 570.324 170
64 113 -266.428 563.995 170
64 114 -265.612 556.414 170
64 115 -264.517 548.384 170
64 116 -263.449 545.947 170
64 117 -262.369 539.398 170
64 118 -259.408 535.284 170
64 119 -257.922 530.035 170
64 120 -255.835 524.821 170
64 121 -254.836 521.376 170
64 122 -253.226 513.572 170
64 123 -251.616 509.722 170
64 124 -247.862 503.374 170
64 125 -247.253 499.71 170
64 126 -245.188 493.689 170
64 127 -243.047 489.228 170
64 128 -241.982 484.053 170
64 129 -239.846 478.944 170
64 130 -239.854 473.716 170
64 131 -238.792 468.554 170
64 132 -236.67 458.246 170
64 133 -235.605 455.702 170
64 134 -236.443 448.341 170
64 135 -236.702 441.339 170
64 136 -234.574 437.566 170
64 137 -233.968 431.499 170
64 138 -233.915 426.439 170
64 139 -229.515 419.886 170
64 140 -229.82 417.113 170
64 141 -227.572 412.648 170
64 142 -226.114 408.278 170
64 143 -223.646 403.654 170
64 144 -221.885 398.196 170
64 145 -219.501 394.784 170
64 146 -219.052 389.494 170
64 147 -215.549 384.388 170
64 148 -214.501 380.592 170
64 149 -212.395 375.571 170
64 150 -209.384 373.39 170
64 151 -206.768 369.083 170
64 152 -206.098 364.708 170
64 153 -205.031 359.311 170
64 154 -204.257 356.888 170
64 155 -202.946 351.752 170
64 156 -200.863 344.203 170
64 157 -199.486 341.896 170
64 158 -198.686 335.141 170
64 159 -196.692 331.679 170
64 160 -196.73 325.32 170
64 161 -194.648 319.075 170
64 162 -192.545 316.644 170
64 163 -190.443 314.213 170
64 164 -188.888 309.22 170
64 165 -186.271 304.918 170
64 166 -185.022 300.492 170
64 167 -181.527 296.541 170
64 168 -181.604 291.872 170
64 169 -179.018 284.426 170
64 170 -175.449 280.002 170
64 171 -173.313 277.664 170
64 172 -171.455 272.452 170
64 173 -170.686 269.715 170
64 174 -169.662 265.991 170
64 175 -166.957 261.472 170
64 176 -167.616 258.552 170
64 177 -167.178 248.54 170
64 178 -166.695 243.554 170
64 179 -165.16 238.621 170
64 180 -165.205 233.62 170
64 181 -164.713 229.896 170
64 182 -164.759 224.903 170
64 183 -163.776 217.471 170
64 184 -163.285 213.759 170
64 185 -160.597 210.192 170
64 186 -159.689 205.218 170
64 187 -159.713 202.733 170
64 188 -158.174 199.078 170
64 189 -155.381 194.985 170
64 190 -155.649 189.272 170
64 191 -154.1 186.864 170
64 192 -153.102 181.958 170
64 193 -152.616 178.27 170
64 194 -149.238 175.637 170
64 195 -147.984 171.442 170
64 196 -147.386 167.682 170
64 197 -145.64 164.546 170
64 198 -145.494 158.838 170
64 199 -144.985 157.628 170
64 200 -141.697 150.457 170
64 201 -141.448 146.709 170
64 202 -141.505 141.793 170
64 203 -139.485 135.744 170
64 204 -139.529 132.065 170
64 205 -139.572 128.388 170
64 206 -138.474 124.185 170
64 207 -138.615 121.087 170
64 208 -136.601 115.06 170
64 209 -134.545 112.702 170
64 210 -132.66 108.278 170
64 211 -131.507 105.506 170
64 212 -130.005 100.693 170
64 213 -126.419 95.9665 170
64 214 -125.426 92.3564 170
64 215 -122.729 91.4911 170
64 216 -121.34 86.4411 170
64 217 -116.915 86.3124 170
64 218 -116.216 80.5715 170
64 219 -113.125 78.2659 170
64 220 -110.444 75.0859 170
64 221 -109.067 71.1489 170
64 222 -106.71 68.6961 170
64 223 -104.492 64.0601 170
64 224 -102.055 60.2326 170
64 225 -100.819 57.4796 170
64 226 -99.9797 53.3515 170
64 227 -97.9963 47.3909 170
64 228 -94.9158 45.0943 170
64 229 -93.171 40.6391 170
64 230 -91.9372 36.7702 170
64 231 -88.3836 31.3537 170
64 232 -85.8461 28.5727 170
64 233 -84.3086 27.4268 170
64 234 -83.3119 25.0596 170
64 235 -78.9555 21.915 170
64 236 -77.7374 16.9759 170
64 237 -74.3508 15.4391 170
64 238 -71.4089 11.8079 170
64 239 -69.5987 8.75643 170
64 240 -67.5795 5.83359 170
64 241 -63.744 3.5046 170
64 242 -61.703 0.725753 170
64 243 -60.489 -2.89114 170
64 244 -58.735 -4.39572 170
64 245 -57.4962 -8.76235 170
64 246 -56.3682 -10.9051 170
64 247 -55.4698 -11.0804 170
64 248 -52.2174 -18.7015 170
64 249 -52.8347 -22.9457 170
64 250 -53.5325 -27.5855 170
64 251 -53.6318 -32.3476 170
64 252 -54.4333 -36.0594 170
64 253 -52.9924 -41.3551 170
64 254 -54.1385 -46.7316 170
64 255 -55.2953 -52.6939 170
64 256 -54.3236 -55.6214 170
64 257 -54.4716 -62.7216 170
64 258 -53.5011 -65.6438 170
64 259 -52.0276 -69.1382 170
64 260 -52.6056 -72.1065 170
64 261 -51.9188 -75.2141 170
64 262 -51.9573 -80.4534 170
64 263 -51.2958 -83.2579 170
64 264 -51.8858 -86.8059 170
64 265 -51.0835 -90.713 170
64 266 -50.2168 -95.4267 170
64 267 -50.1672 -97.9251 170
64 268 -49.2791 -100.624 170
64 269 -47.8862 -105.165 170
64 270 -48.1737 -107.534 170
64 271 -41.1129 -111.7 170
64 272 -40.1764 -115.767 170
64 273 -38.05 -120.326 170
64 274 -37.3045 -125.03 170
64 275 -36.1091 -126.629 170
64 276 -35.7293 -132.45 170
64 277 -35.0641 -137.429 170
64 278 -35.1386 -142.448 170
64 279 -33.6943 -146.478 170
64 280 -33.4 -150.571 170
64 281 -30.3647 -157.416 170
64 282 -29.962 -162.043 170
64 283 -27.1938 -166.137 170
64 284 -25.3543 -170.485 170
64 285 -23.1574 -176.901 170
64 286 -20.2157 -182.02 170
64 287 -17.7877 -187.149 170
64 288 -14.3541 -192.823 170
64 289 -11.1124 -195.906 170
64 290 -8.36551 -199.115 170
64 291 -5.48233 -205.253 170
64 292 -0.687267 -209.268 170
64 293 1.43978 -213.694 170
64 294 5.4165 -217.61 170
64 295 8.89653 -220.964 170
64 296 11.8 -226.622 170
64 297 15.2766 -229.972 170
64 298 18.636 -237.327 170
64 299 24.4677 -240.57 170
64 300 27.2539 -246.693 170
64 301 30.1556 -251.588 170
64 302 34.4299 -256.527 170
64 303 39.3792 -259.659 170
64 304 43.5065 -264.891 170
64 305 48.2759 -267.172 170
64 306 52.7707 -271.3 170
64 307 58.8559 -272.299 170
64 308 62.786 -276.757 170
64 309 67.8122 -278.917 170
64 310 71.85 -283.097 170
64 311 77.7441 -286.643 170
64 312 82.1969 -290.516 170
64 313 87.2175 -294.431 170
64 314 92.751 -299.046 170
64 315 98.5222 -304.323 170
64 316 102.521 -306.501 170
64 317 107.409 -312.051 170
64 318 111.899 -315.697 170
64 319 114.954 -320.759 170
64 320 119.659 -327.61 170
64 321 123.123 -332.486 170
64 322 126.096 -338.379 170
64 323 129.62 -343.156 170
64 324 133.756 -347.85 170
64 325 136.26 -352.292 170
64 326 141.74 -356.877 170
64 327 144.781 -357.706 170
64 328 149.534 -362.078 170
64 329 152.8 -367.079 170
64 330 156.03 -371.686 170
64 331 161.042 -376.47 170
64 332 164.962 -380.801 170
64 333 168.69 -387.498 170
64 334 172.818 -392.043 170
64 335 177.294 -397.358 170
64 336 180.222 -402.438 170
64 337 183.859 -407.292 170
64 338 188.611 -413.035 170
64 339 190.354 -419.11 170
64 340 193.594 -425.708 170
64 341 195.867 -431.207 170
64 342 199.609 -437.784 170
64 343 201.206 -446.591 170
64 344 204.785 -454.42 170
64 345 208.614 -460.805 170
64 346 210.311 -467.377 170
64 347 214.061 -473.365 170
64 348 217.3 -479.354 170
64 349 221.634 -483.681 170
64 350 225.831 -490.798 170
64 351 228.44 -495.872 170
64 352 233.379 -501.033 170
64 353 237.196 -505.354 170
64 354 241.399 -511.847 170
64 355 245.151 -517.25 170
64 356 250.924 -522.628 170
64 357 255.444 -527.743 170
64 358 258.534 -531.241 170
64 359 262.183 -538.257 170
64 360 265.385 -544.187 170
64 361 268.613 -549.57 170
64 362 270.829 -554.957 170
64 363 275.063 -560.321 170
64 364 277.653 -567.853 170
64 365 279.923 -573.212 170
64 366 283.013 -579.657 170
64 367 284.526 -586.989 170
64 368 287.291 -592.52 170
64 369 288.922 -598.943 170
64 370 294.268 -602.119 170
64 371 296.856 -608.269 170
64 372 300.495 -612.138 170
64 373 302.484 -615.974 170
64 374 306.754 -622.6 170
64 375 309.534 -627.245 170
64 376 312.553 -633.175 170
64 377 315.105 -638.803 170
64 378 317.724 -645.722 170
64 379 321.897 -650.226 170
64 380 324.702 -655.848 170
64 381 326.25 -661.596 170
64 382 327.849 -667.942 170
64 383 330.654 -671.104 170
64 384 332.249 -677.439 170
64 385 335.862 -681.965 170
64 386 337.365 -686.569 170
64 387 338.575 -694.077 170
64 388 339.804 -698.219 170
64 389 339.263 -707.95 170
64 390 340.951 -712.667 170
64 391 342.047 -718.145 170
64 392 342.65 -724.707 170
64 393 344.37 -728.719 170
64 394 345.605 -735.777 170
64 395 347.53 -739.364 170
64 396 348.878 -743.491 170
64 397 350.486 -749.218 170
64 398 354.119 -754.418 170
64 399 354.451 -759.656 170
64 400 355.949 -766.309 170
64 401 355.799 -773.616 170
64 402 359.087 -777.728 170
64 403 362.907 -783.037 170
64 404 363.678 -789.134 170
64 405 366.443 -792.234 170
64 406 367.927 -799.455 170
64 407 370.039 -804.176 170
64 408 372.059 -811.299 170
64 409 372.798 -814.897 170
64 410 373.537 -821.283 170
64 411 374.164 -825.448 170
64 412 375.602 -831.311 170
64 413 375.396 -837.703 170
64 414 374.769 -843.064 170
64 415 374.227 -850.713 170
64 416 374.324 -856.316 170
64 417 373.891 -862.417 170
64 418 371.945 -869.011 170
64 419 371.544 -873.838 170
64 420 371.264 -878.64 170
64 421 370.942 -883.194 170
64 422 370.799 -885.216 170
64 423 370.298 -892.288 170
64 424 370.822 -895.037 170
64 425 369.011 -898.546 170
64 426 369.094 -902.367 170
64 427 367.445 -904.874 170
64 428 367.232 -907.892 170
64 429 365.862 -913.414 170
64 430 365.65 -916.426 170
64 431 365.438 -919.436 170
64 432 366.73 -923.619 170
64 433 365.781 -928.462 170
64 434 367.475 -933.451 170
64 435 367.031 -938.477 170
64 436 368.285 -941.485 170
64 437 370.587 -943.502 170
64 438 371.386 -946.004 170
64 439 374.089 -947.315 170
64 440 375.045 -949.528 170
64 441 377.225 -951.841 170
64 442 378.413 -952.459 170
64 443 380.621 -953.565 170
64 444 382.48 -953.821 170
64 445 383.48 -954.588 170
64 446 386.412 -954.614 170
64 447 388.368 -954.631 170
64 448 390.323 -954.649 170
64 449 391.333 -956.622 170
64 450 392.206 -955.663 170
64 451 393.414 -957.468 170
64 452 394.764 -955.486 170
64 453 393.978 -958.17 170
64 454 395.897 -958.686 170
64 455 396.801 -959.69 170
64 456 395.749 -960.677 170
64 457 396.801 -959.69 170
64 458 395.676 -961.672 170
64 459 395.676 -961.672 170
64 460 395.436 -962.267 170
64 461 393.573 -963.643 170
