frame,time_s,ped1,ped2,distance,heading_diff_deg,lateral_ratio,formation,ttc
1,0.000000,1,2,1.537647,14.456165,0.514716,False,
1,0.000000,1,3,1.474509,131.781258,0.535400,False,
1,0.000000,1,4,3.580390,170.658579,0.997218,False,
1,0.000000,1,9,2.870842,12.968832,0.002466,False,
1,0.000000,1,10,4.422424,172.248386,0.150072,False,
1,0.000000,2,3,3.012080,146.237423,0.435119,False,
1,0.000000,2,9,1.726448,1.487332,0.330269,False,
1,0.000000,2,10,2.964559,173.295450,0.272279,False,
1,0.000000,3,4,2.176420,38.877321,0.477503,False,
1,0.000000,3,5,6.689776,127.203356,0.036947,False,4.118927
1,0.000000,3,6,7.088265,127.203356,0.052945,False,4.435434
1,0.000000,3,9,4.203236,144.750091,0.773892,False,
1,0.000000,4,8,4.507822,88.326036,0.939435,False,
1,0.000000,5,6,0.413466,0.000000,0.000000,False,
1,0.000000,5,7,1.601306,86.532913,0.586686,False,
1,0.000000,5,8,1.689063,0.000000,0.000000,False,
1,0.000000,6,7,1.202705,86.532913,0.648907,False,
1,0.000000,6,8,2.091963,0.000000,0.000000,False,
1,0.000000,7,8,3.194258,86.532913,0.369047,False,
1,0.000000,9,10,1.815752,174.782782,0.725638,False,
11,0.666667,1,2,1.429470,14.456165,0.435978,False,
11,0.666667,1,3,2.427304,134.426090,0.887392,False,
11,0.666667,1,4,4.948678,168.430719,0.999267,False,
11,0.666667,1,9,2.817481,12.968832,0.055010,False,
11,0.666667,1,10,3.727938,172.248386,0.179555,False,
11,0.666667,2,3,3.827138,148.882254,0.813374,False,
11,0.666667,2,9,1.696765,1.487332,0.326255,False,
11,0.666667,2,10,2.322104,173.295450,0.345487,False,
11,0.666667,3,4,2.525840,34.004629,0.603454,False,
11,0.666667,3,5,6.094099,124.558525,0.005591,False,3.238058
11,0.666667,3,6,6.493053,124.558525,0.011669,False,3.475208
11,0.666667,3,8,4.711501,124.558525,0.185822,False,
11,0.666667,4,8,4.313160,90.553896,0.973715,False,
11,0.666667,5,6,0.413466,0.000000,0.000000,False,
11,0.666667,5,7,1.771498,86.532913,0.530322,False,
11,0.666667,5,8,1.689063,0.000000,0.000000,False,
11,0.666667,6,7,1.365268,86.532913,0.571642,False,
11,0.666667,6,8,2.091963,0.000000,0.000000,False,
11,0.666667,7,8,3.385734,86.532913,0.348176,False,
11,0.666667,9,10,1.444898,174.782782,0.909222,False,
21,1.333333,3,4,2.721858,33.619557,0.714414,False,
21,1.333333,3,5,5.332252,125.154204,0.001153,False,2.744964
21,1.333333,3,6,5.730707,125.154204,0.018817,False,2.981151
21,1.333333,3,8,3.971361,125.154204,0.217244,False,
21,1.333333,4,5,4.724777,91.534648,0.901350,False,
21,1.333333,4,8,4.181502,91.534648,0.996292,False,
21,1.333333,5,6,0.413466,0.000000,0.000000,False,
21,1.333333,5,7,1.876926,80.233763,0.592497,False,
21,1.333333,5,8,1.689063,0.000000,0.000000,False,
21,1.333333,6,7,1.467890,80.233763,0.621394,False,
21,1.333333,6,8,2.091963,0.000000,0.000000,False,
21,1.333333,7,8,3.501317,80.233763,0.437964,False,
31,2.000000,3,4,3.054706,32.894670,0.740666,False,
31,2.000000,3,5,4.714931,123.448566,0.023556,False,2.696165
31,2.000000,3,6,5.114291,123.448566,0.001753,False,2.951372
31,2.000000,3,8,3.362475,123.448566,0.274787,False,
31,2.000000,4,5,4.497532,90.553896,0.955708,False,
31,2.000000,4,6,4.750768,90.553896,0.932521,False,
31,2.000000,4,8,4.192363,90.553896,0.996286,False,
31,2.000000,5,6,0.413466,0.000000,0.000000,False,
31,2.000000,5,7,2.071802,89.401671,0.388393,False,
31,2.000000,5,8,1.689063,0.000000,0.000000,False,
31,2.000000,6,7,1.659094,89.401671,0.400794,False,
31,2.000000,6,8,2.091963,0.000000,0.000000,False,
31,2.000000,7,8,3.717173,89.401671,0.258277,False,
41,2.666667,3,4,3.400302,30.717434,0.798192,False,
41,2.666667,3,5,4.109350,125.282299,0.008123,False,2.315033
41,2.666667,3,6,4.507139,125.282299,0.018080,False,2.580043
41,2.666667,3,8,2.801611,125.282299,0.318831,False,
41,2.666667,4,5,4.328811,94.564865,0.980348,False,
41,2.666667,4,6,4.525128,94.564865,0.960829,False,
41,2.666667,4,8,4.321794,94.564865,0.981154,False,
41,2.666667,5,6,0.413466,0.000000,0.000000,False,
41,2.666667,5,7,2.618387,92.560950,0.274713,False,
41,2.666667,5,8,1.689063,0.000000,0.000000,False,
41,2.666667,6,7,2.204952,92.560950,0.272679,False,
41,2.666667,6,8,2.091963,0.000000,0.000000,False,
41,2.666667,7,8,4.277599,92.560950,0.182757,False,
51,3.333333,3,4,3.689942,30.296177,0.831063,False,
51,3.333333,3,5,3.501997,125.728847,0.019165,False,2.026010
51,3.333333,3,6,3.902027,125.728847,0.047431,False,2.320152
51,3.333333,3,8,2.206033,125.728847,0.364477,False,
51,3.333333,4,5,4.203470,95.432670,0.996971,False,
51,3.333333,4,6,4.350244,95.432670,0.985876,False,
51,3.333333,4,8,4.427618,95.432670,0.951510,False,
51,3.333333,5,6,0.413466,0.000000,0.000000,False,
51,3.333333,5,7,2.991326,89.476666,0.285400,False,
51,3.333333,5,8,1.689063,0.000000,0.000000,False,
51,3.333333,6,7,2.578559,89.476666,0.277098,False,
51,3.333333,6,8,2.091963,0.000000,0.000000,False,
51,3.333333,7,8,4.659120,89.476666,0.216116,False,
61,4.000000,3,4,4.045890,23.047445,0.789576,False,
61,4.000000,3,5,2.962220,117.173631,0.149215,False,1.725759
61,4.000000,3,6,3.360525,117.173631,0.114360,False,1.968142
61,4.000000,3,8,1.748419,117.173631,0.622395,False,
61,4.000000,4,5,4.251580,94.126186,0.992464,False,
61,4.000000,4,6,4.328442,94.126186,0.999605,False,
61,4.000000,4,8,4.748783,94.126186,0.885113,False,
61,4.000000,5,6,0.413466,0.000000,0.000000,False,
61,4.000000,5,8,1.689063,0.000000,0.000000,False,
61,4.000000,6,8,2.091963,0.000000,0.000000,False,
71,4.666667,3,4,4.161042,17.619391,0.824559,False,
71,4.666667,3,5,2.347089,114.107791,0.245839,False,1.347784
71,4.666667,3,6,2.740956,114.107791,0.197481,False,1.550585
71,4.666667,3,8,1.327500,114.107791,0.857866,False,
71,4.666667,4,5,4.330083,96.488400,0.978602,False,
71,4.666667,4,6,4.355445,96.488400,0.993715,False,
71,4.666667,5,6,0.413466,0.000000,0.000000,False,
71,4.666667,5,8,1.689063,0.000000,0.000000,False,
71,4.666667,6,8,2.091963,0.000000,0.000000,False,
81,5.333333,3,5,1.753599,110.631155,0.397409,False,
81,5.333333,3,6,2.135749,110.631155,0.321303,False,
81,5.333333,3,8,1.161172,110.631155,0.999918,False,
81,5.333333,5,6,0.413466,0.000000,0.000000,False,
81,5.333333,5,8,1.689063,0.000000,0.000000,False,
81,5.333333,6,8,2.091963,0.000000,0.000000,False,
91,6.000000,3,5,1.227643,110.603812,0.581915,False,
91,6.000000,3,6,1.577473,110.603812,0.446225,False,
91,6.000000,3,8,1.333756,110.603812,0.883063,False,
91,6.000000,5,6,0.413466,0.000000,0.000000,False,
91,6.000000,5,8,1.689063,0.000000,0.000000,False,
91,6.000000,6,8,2.091963,0.000000,0.000000,False,
101,6.666667,3,5,0.810876,110.964637,0.857155,False,
101,6.666667,3,6,1.074936,119.784263,0.646753,False,
101,6.666667,3,8,1.677669,110.964637,0.696605,False,
101,6.666667,5,6,0.413466,8.819625,0.883180,False,
101,6.666667,5,8,1.689063,0.000000,0.000000,False,
101,6.666667,6,8,2.091963,8.819625,0.959654,True,
111,7.333333,3,5,0.713183,111.837000,0.994550,False,
111,7.333333,3,6,0.748685,120.656625,0.905113,False,
111,7.333333,3,8,2.075666,111.837000,0.581766,False,
111,7.333333,5,6,0.404496,8.819625,0.902764,False,
111,7.333333,5,8,1.689063,0.000000,0.000000,False,
111,7.333333,6,8,2.086444,8.819625,0.962193,True,
121,8.000000,3,5,0.996863,119.538768,0.781446,False,
121,8.000000,3,6,0.725474,119.538768,0.949468,False,
121,8.000000,3,8,2.619062,119.538768,0.568542,False,
121,8.000000,5,6,0.404496,0.000000,0.000000,False,
121,8.000000,5,8,1.689063,0.000000,0.000000,False,
121,8.000000,6,8,2.086444,0.000000,0.000000,False,
131,8.666667,3,5,1.280529,128.053198,0.673553,False,
131,8.666667,3,6,0.914268,128.053198,0.781975,False,
131,8.666667,3,8,2.960674,128.053198,0.605146,False,
131,8.666667,5,6,0.404496,0.000000,0.000000,False,
131,8.666667,5,8,1.689063,0.000000,0.000000,False,
131,8.666667,6,8,2.086444,0.000000,0.000000,False,
141,9.333333,5,6,0.404496,0.000000,0.000000,False,
141,9.333333,5,8,1.689063,0.000000,0.000000,False,
141,9.333333,5,11,2.795121,94.686611,0.648940,False,
141,9.333333,5,12,3.422130,69.065737,0.975187,False,
141,9.333333,5,13,3.855491,109.417573,0.384576,False,
141,9.333333,6,8,2.086444,0.000000,0.000000,False,
141,9.333333,6,11,2.628297,94.686611,0.746142,False,
141,9.333333,6,12,3.325963,69.065737,0.994312,False,
141,9.333333,6,13,3.661642,109.417573,0.469983,False,
141,9.333333,8,11,4.093489,94.686611,0.375955,False,
141,9.333333,8,12,4.491805,69.065737,0.848208,False,
141,9.333333,11,12,0.867626,25.620873,0.994926,False,
141,9.333333,11,13,1.075264,14.730962,0.419076,False,
141,9.333333,12,13,0.999333,40.351835,0.320074,False,
151,10.000000,5,6,0.404496,0.000000,0.000000,False,
151,10.000000,5,8,1.689063,0.000000,0.000000,False,
151,10.000000,5,11,2.261897,91.931194,0.829715,False,
151,10.000000,5,12,3.378949,78.244441,0.950011,False,
151,10.000000,5,13,3.546130,109.166454,0.422104,False,
151,10.000000,6,8,2.086444,0.000000,0.000000,False,
151,10.000000,6,11,2.189892,91.931194,0.915874,False,
151,10.000000,6,12,3.309447,78.244441,0.980404,False,
151,10.000000,6,13,3.367294,109.166454,0.514829,False,
151,10.000000,8,11,3.387613,91.931194,0.496592,False,
151,10.000000,8,12,4.375228,78.244441,0.781237,False,
151,10.000000,8,13,4.828705,109.166454,0.168568,False,
151,10.000000,11,12,1.121427,13.686753,0.909991,True,
151,10.000000,11,13,1.454918,17.235259,0.256549,False,
151,10.000000,12,13,0.973044,30.922012,0.572870,False,
161,10.666667,5,6,0.404496,0.000000,0.000000,False,
161,10.666667,5,8,1.689063,0.000000,0.000000,False,
161,10.666667,5,11,1.958915,87.364111,0.990923,False,
161,10.666667,5,12,3.266754,90.050173,0.902446,False,
161,10.666667,5,13,3.172893,98.980139,0.620670,False,
161,10.666667,6,8,2.086444,0.000000,0.000000,False,
161,10.666667,6,11,2.043215,87.364111,0.998002,False,
161,10.666667,6,12,3.229622,90.050173,0.948827,False,
161,10.666667,6,13,3.017566,98.980139,0.710615,False,
161,10.666667,8,11,2.710244,87.364111,0.693991,False,
161,10.666667,8,12,4.176276,90.050173,0.672557,False,
161,10.666667,8,13,4.417622,98.980139,0.355490,False,
161,10.666667,11,12,1.467216,2.686062,0.719694,True,
161,10.666667,11,13,1.842950,11.616028,0.193834,False,
161,10.666667,12,13,0.966671,8.929966,0.704973,True,
171,11.333333,5,6,0.404496,0.000000,0.000000,False,
171,11.333333,5,8,1.689063,122.787768,0.471130,False,
171,11.333333,5,11,2.047783,87.364307,0.962654,False,
171,11.333333,5,12,3.096724,88.347770,0.954268,False,
171,11.333333,5,13,2.826427,90.403396,0.817431,False,
171,11.333333,6,8,2.086444,122.787768,0.435264,False,
171,11.333333,6,11,2.275644,87.364307,0.909327,False,
171,11.333333,6,12,3.106257,88.347770,0.985052,False,
171,11.333333,6,13,2.727909,90.403396,0.890454,False,
171,11.333333,8,11,2.221962,149.847925,0.837125,False,
171,11.333333,8,12,3.877932,148.864461,0.675317,False,
171,11.333333,8,13,3.953271,146.808835,0.485578,False,
171,11.333333,8,15,4.816109,33.841724,0.934381,False,
171,11.333333,11,12,1.743984,0.983464,0.568096,False,
171,11.333333,11,13,2.100586,3.039090,0.179819,False,
171,11.333333,11,14,4.558181,177.699662,0.685600,False,
171,11.333333,11,15,3.846621,176.310351,0.596065,False,
171,11.333333,12,13,0.853176,2.055626,0.703466,True,
171,11.333333,12,15,4.558964,177.293815,0.652977,False,
171,11.333333,14,15,0.873920,1.389311,0.995235,True,
171,11.333333,14,16,3.535579,10.001418,0.224992,False,
171,11.333333,15,16,3.624806,11.390729,0.018907,False,
181,12.000000,5,6,0.404496,0.000000,0.000000,False,
181,12.000000,5,8,1.572214,0.000000,0.000000,False,
181,12.000000,5,11,2.393917,86.797724,0.805034,False,
181,12.000000,5,12,3.020677,86.944992,0.992637,False,
181,12.000000,5,13,2.535580,88.760868,0.925544,False,
181,12.000000,6,8,1.966750,0.000000,0.000000,False,
181,12.000000,6,11,2.715614,86.797724,0.744325,False,
181,12.000000,6,12,3.093679,86.944992,0.999961,False,
181,12.000000,6,13,2.519676,88.760868,0.974064,False,
181,12.000000,8,11,1.955645,86.797724,0.996978,False,
181,12.000000,8,12,3.585780,86.944992,0.841364,False,
181,12.000000,8,13,3.431083,88.760868,0.674853,False,
181,12.000000,8,15,4.787385,90.011299,0.973017,False,
181,12.000000,11,12,2.076542,0.147268,0.515498,False,
181,12.000000,11,13,2.343095,1.963145,0.178498,False,
181,12.000000,11,14,3.826405,178.457033,0.930356,False,
181,12.000000,11,15,3.043163,176.809022,0.824518,False,
181,12.000000,12,13,0.810608,1.815876,0.778679,True,
181,12.000000,12,14,4.122885,178.309765,0.366369,False,
181,12.000000,12,15,3.646557,176.956291,0.613765,False,
181,12.000000,13,14,4.913274,176.493889,0.880706,False,
181,12.000000,13,15,4.396798,178.772167,0.436350,False,
181,12.000000,14,15,0.856415,4.733944,0.999307,True,2.520218
181,12.000000,14,16,3.401293,3.804184,0.286084,False,
181,12.000000,15,16,3.361228,8.538128,0.004257,False,
191,12.666667,5,6,0.404496,0.000000,0.000000,False,
191,12.666667,5,8,1.689063,57.212232,0.471130,False,
191,12.666667,5,11,2.996343,86.079196,0.646526,False,
191,12.666667,5,12,2.981868,92.292340,0.999370,False,
191,12.666667,5,13,2.382746,87.963430,0.990807,False,
191,12.666667,6,8,2.086444,57.212232,0.435264,False,
191,12.666667,6,11,3.360201,86.079196,0.603055,False,
191,12.666667,6,12,3.123625,92.292340,0.996067,False,
191,12.666667,6,13,2.463906,87.963430,0.999607,False,
191,12.666667,8,11,2.005729,28.866964,0.943310,False,
191,12.666667,8,12,3.298067,35.080108,0.872338,False,
191,12.666667,8,13,3.041438,30.751199,0.783233,False,
191,12.666667,8,15,4.603544,150.391482,0.996079,False,
191,12.666667,11,12,2.313814,6.213144,0.407741,False,
191,12.666667,11,13,2.567204,1.884234,0.154891,False,
191,12.666667,11,14,3.409202,178.026730,0.998669,False,
191,12.666667,11,15,2.625416,179.258446,0.994953,False,
191,12.666667,11,16,4.231374,176.952684,0.940575,False,
191,12.666667,12,13,0.760178,4.328910,0.834641,True,1.173982
191,12.666667,12,14,3.353456,171.813586,0.973749,False,
191,12.666667,12,15,2.776339,174.528410,0.927347,False,
191,12.666667,13,14,4.107735,176.142495,0.855865,False,
191,12.666667,13,15,3.507513,178.857319,0.708016,False,
191,12.666667,14,15,0.784488,2.714824,0.990251,True,
191,12.666667,14,16,3.110216,1.074046,0.295221,False,
191,12.666667,15,16,3.112517,3.788870,0.028003,False,3.983541
201,13.333333,5,6,0.404496,0.000000,0.000000,False,
201,13.333333,5,8,1.689063,133.483471,0.626650,False,
201,13.333333,5,11,3.654423,87.364003,0.541429,False,
201,13.333333,5,12,2.997662,90.685655,0.979229,False,
201,13.333333,5,13,2.379246,89.924569,0.995651,False,
201,13.333333,5,15,4.964192,92.150044,0.927098,False,
201,13.333333,6,8,2.086444,133.483471,0.594791,False,
201,13.333333,6,11,4.039524,87.364003,0.514073,False,
201,13.333333,6,12,3.213533,90.685655,0.950969,False,
201,13.333333,6,13,2.557965,89.924569,0.971213,False,
201,13.333333,8,11,2.365764,139.152526,0.849221,False,
201,13.333333,8,12,2.977821,135.830874,0.893140,False,
201,13.333333,8,13,2.669257,136.591960,0.781618,False,
201,13.333333,8,15,4.531043,41.333427,0.990923,False,
201,13.333333,11,12,2.471834,3.321651,0.347384,False,
201,13.333333,11,13,2.771077,2.560566,0.116947,False,
201,13.333333,11,14,3.581066,178.580164,0.964629,False,
201,13.333333,11,15,2.859321,179.514047,0.916993,False,
201,13.333333,11,16,3.100863,175.408737,0.849142,False,
201,13.333333,12,13,0.701596,0.761085,0.799529,True,2.595462
201,13.333333,12,14,2.793179,178.098184,0.954862,False,
201,13.333333,12,15,2.029891,177.164302,0.935587,False,
201,13.333333,12,16,4.290921,172.087086,0.138082,False,
201,13.333333,13,14,3.479094,178.859270,0.918364,False,
201,13.333333,13,15,2.728367,177.925387,0.896967,False,
201,13.333333,13,16,4.928465,172.848171,0.083229,False,
201,13.333333,14,15,0.821244,0.933883,0.992454,True,
201,13.333333,14,16,2.808112,6.011098,0.319507,False,
201,13.333333,15,16,2.809734,5.077215,0.037202,False,3.317690
211,14.000000,5,6,0.404496,0.000000,0.000000,False,
211,14.000000,5,8,1.565729,114.564065,0.400562,False,
211,14.000000,5,11,4.383135,87.634289,0.457752,False,
211,14.000000,5,12,3.233624,91.524075,0.927682,False,
211,14.000000,5,13,2.515193,91.674616,0.944196,False,
211,14.000000,5,15,4.828183,88.014969,0.976739,False,
211,14.000000,6,8,1.958187,114.564065,0.348700,False,
211,14.000000,6,11,4.778201,87.634289,0.440801,False,
211,14.000000,6,12,3.507863,91.524075,0.891136,False,
211,14.000000,6,13,2.780336,91.674616,0.899910,False,
211,14.000000,8,11,3.101465,157.801645,0.688973,False,
211,14.000000,8,12,2.953809,153.911860,0.982538,False,
211,14.000000,8,13,2.417745,153.761318,0.932403,False,
211,14.000000,8,15,4.665700,26.549096,0.999021,False,
211,14.000000,11,12,2.648181,3.889785,0.314535,False,
211,14.000000,11,13,2.919116,4.040327,0.073195,False,
211,14.000000,11,14,4.170040,177.003025,0.779335,False,
211,14.000000,11,15,3.624227,175.649259,0.779718,False,
211,14.000000,11,16,2.559970,178.377828,0.948729,False,
211,14.000000,12,13,0.729484,0.150542,0.860377,True,
211,14.000000,12,14,2.510315,173.113239,0.925168,False,
211,14.000000,12,15,1.712882,179.539044,0.998430,False,
211,14.000000,12,16,2.980636,174.488042,0.213802,False,
211,14.000000,13,14,3.150131,172.962698,0.982698,False,
211,14.000000,13,15,2.346896,179.689586,0.993888,False,
211,14.000000,13,16,3.668527,174.337501,0.108208,False,
211,14.000000,14,15,0.803521,7.347717,0.991809,True,1.303114
211,14.000000,14,16,2.533527,1.374803,0.371684,False,
211,14.000000,15,16,2.497336,5.972914,0.012947,False,2.450984
221,14.666667,5,6,0.404496,0.000000,0.000000,False,
221,14.666667,5,8,1.531571,46.516529,0.655391,False,
221,14.666667,5,12,3.470464,93.994230,0.870329,False,
221,14.666667,5,13,2.823973,91.718671,0.841275,False,
221,14.666667,5,15,4.760927,89.111048,0.989801,False,
221,14.666667,6,8,1.926372,46.516529,0.615834,False,
221,14.666667,6,12,3.789895,93.994230,0.834614,False,
221,14.666667,6,13,3.149031,91.718671,0.794927,False,
221,14.666667,6,15,4.949996,89.111048,0.976629,False,
221,14.666667,8,11,3.832723,37.866171,0.424318,False,
221,14.666667,8,12,2.852480,47.477701,0.989111,False,
221,14.666667,8,13,2.262160,45.202142,0.997214,False,
221,14.666667,8,15,4.698554,135.627578,0.949383,False,
221,14.666667,8,16,4.839158,141.760045,0.952745,False,
221,14.666667,11,12,2.893339,9.611530,0.269686,False,
221,14.666667,11,13,3.127539,7.335971,0.086688,False,
221,14.666667,11,15,4.698019,173.493749,0.701820,False,
221,14.666667,11,16,3.117944,179.626216,0.885091,False,
221,14.666667,12,13,0.648556,2.275559,0.894571,True,0.481525
221,14.666667,12,14,2.740042,170.643887,0.643117,False,
221,14.666667,12,15,2.149675,176.894722,0.721753,False,
221,14.666667,12,16,2.062358,170.762254,0.331625,False,
221,14.666667,13,14,3.169460,172.919446,0.857776,False,
221,14.666667,13,15,2.518712,179.170281,0.920828,False,
221,14.666667,13,16,2.710804,173.037813,0.281653,False,
221,14.666667,14,15,0.696181,6.250835,0.994281,True,0.722724
221,14.666667,14,16,2.199856,0.118367,0.397064,False,
221,14.666667,15,16,2.137588,6.132468,0.047106,False,2.008838
231,15.333333,5,6,0.404496,0.206221,0.903536,False,
231,15.333333,5,8,1.689063,123.177470,0.239545,False,
231,15.333333,5,12,3.896129,98.347562,0.749454,False,
231,15.333333,5,13,3.270217,96.776315,0.736546,False,
231,15.333333,5,15,4.698964,82.403555,0.998347,False,
231,15.333333,6,8,2.086444,123.383691,0.200205,False,
231,15.333333,6,12,4.248472,98.553782,0.716261,False,
231,15.333333,6,13,3.631705,96.982536,0.699934,False,
231,15.333333,6,15,4.851165,82.197334,0.990759,False,
231,15.333333,8,11,4.536227,21.477965,0.411793,False,
231,15.333333,8,12,2.894693,24.829908,0.931188,False,
231,15.333333,8,13,2.260031,26.401155,0.956314,False,
231,15.333333,8,15,4.771015,154.418975,0.918411,False,
231,15.333333,8,16,4.455561,164.536855,0.975868,False,
231,15.333333,11,12,3.059525,3.351943,0.200023,False,
231,15.333333,11,13,3.328351,4.923190,0.003536,False,
231,15.333333,11,16,4.200574,173.985180,0.133065,False,
231,15.333333,11,17,3.542926,166.781719,0.552508,False,
231,15.333333,11,18,3.208348,176.682590,0.614827,False,
231,15.333333,12,13,0.647101,1.571247,0.883100,True,
231,15.333333,12,14,3.421453,178.603729,0.697292,False,
231,15.333333,12,15,2.988763,179.248883,0.627087,False,
231,15.333333,12,16,1.788066,170.633237,0.840293,False,
231,15.333333,13,14,3.675579,177.032483,0.766170,False,
231,15.333333,13,15,3.149430,179.179870,0.718028,False,
231,15.333333,13,16,2.280043,169.061990,0.501410,False,
231,15.333333,14,15,0.696365,2.147388,0.997339,True,2.268078
231,15.333333,14,16,1.951344,7.970493,0.511562,False,
231,15.333333,15,16,1.828720,10.117880,0.157004,False,
231,15.333333,17,18,2.387357,9.900871,0.716073,True,
241,16.000000,5,6,0.404583,0.206221,0.903518,False,
241,16.000000,5,8,1.693747,171.386596,0.970514,False,
241,16.000000,5,12,4.455868,97.557339,0.676017,False,
241,16.000000,5,13,3.893484,98.781150,0.598098,False,
241,16.000000,5,15,4.744699,82.320236,0.998922,False,
241,16.000000,5,16,4.621882,72.017473,0.905036,False,
241,16.000000,6,8,2.091963,171.180375,0.959654,False,
241,16.000000,6,12,4.828111,97.763560,0.650467,False,
241,16.000000,6,13,4.276922,98.987371,0.572473,False,
241,16.000000,6,15,4.856812,82.114015,0.999401,False,
241,16.000000,6,16,4.847194,71.811252,0.872569,False,
241,16.000000,8,12,3.227667,91.056065,0.861356,False,
241,16.000000,8,13,2.589557,89.832254,0.825368,False,
241,16.000000,8,15,4.969875,89.066360,0.915338,False,
241,16.000000,8,16,4.331058,99.369122,0.998630,False,
241,16.000000,11,12,3.290563,0.933651,0.154175,False,
241,16.000000,11,13,3.471065,2.157462,0.020345,False,
241,16.000000,11,17,1.958321,173.452117,0.303553,False,
241,16.000000,11,18,2.599099,176.004148,0.977397,False,
241,16.000000,12,13,0.651654,1.223811,0.935463,True,0.695722
241,16.000000,12,14,4.335951,177.455040,0.502993,False,
241,16.000000,12,15,4.054810,179.877575,0.431811,False,
241,16.000000,12,16,2.670471,169.574813,0.929578,False,
241,16.000000,12,18,4.043788,176.937800,0.965470,False,
241,16.000000,13,14,4.536978,178.678851,0.662789,False,
241,16.000000,13,15,4.170598,178.898614,0.610453,False,
241,16.000000,13,16,2.902865,170.798623,0.602783,False,
241,16.000000,13,18,4.565899,178.161610,0.761811,False,
241,16.000000,14,15,0.661185,2.422535,0.994356,True,2.005972
241,16.000000,14,16,1.665823,7.880228,0.651501,False,
241,16.000000,15,16,1.472636,10.302762,0.281332,False,
241,16.000000,17,18,2.268951,10.543734,0.718261,True,4.740987
251,16.666667,5,6,0.404583,0.000000,0.000000,False,
251,16.666667,5,8,1.693747,0.000000,0.000000,False,
251,16.666667,5,13,4.553400,90.162284,0.514425,False,
251,16.666667,5,15,4.777329,93.712709,0.996759,False,
251,16.666667,5,16,4.366896,99.849646,0.957930,False,
251,16.666667,6,8,2.091963,0.000000,0.000000,False,
251,16.666667,6,13,4.946717,90.162284,0.497192,False,
251,16.666667,6,15,4.852498,93.712709,0.999998,False,
251,16.666667,6,16,4.543322,99.849646,0.931290,False,
251,16.666667,8,12,3.648990,92.500904,0.770463,False,
251,16.666667,8,13,3.110593,90.162284,0.700873,False,
251,16.666667,8,16,4.338389,99.849646,0.994956,False,
251,16.666667,11,12,3.315951,3.843771,0.160183,False,
251,16.666667,11,13,3.490165,1.505151,0.018975,False,
251,16.666667,11,17,0.978893,167.842795,0.091381,False,
251,16.666667,11,18,2.805106,179.931118,0.911832,False,
251,16.666667,12,13,0.577644,2.338620,0.932386,True,
251,16.666667,12,16,3.901798,167.649451,0.765007,False,
251,16.666667,12,17,3.449338,171.686566,0.962279,False,
251,16.666667,12,18,2.864024,176.087347,0.973268,False,
251,16.666667,13,16,3.940129,169.988070,0.903361,False,
251,16.666667,13,17,3.766168,169.347946,0.927815,False,
251,16.666667,13,18,3.400655,178.425966,0.987000,False,
251,16.666667,14,15,0.664669,0.774397,0.972191,True,2.969053
251,16.666667,14,16,1.519972,5.362540,0.779981,True,
251,16.666667,15,16,1.272667,6.136937,0.428653,False,
251,16.666667,17,18,2.073525,12.226088,0.694373,False,2.755536
261,17.333333,11,12,3.398201,4.627624,0.167579,False,
261,17.333333,11,13,3.723197,5.210423,0.006285,False,
261,17.333333,11,17,1.911106,166.853205,0.968252,False,
261,17.333333,11,18,3.728360,176.328760,0.865769,False,
261,17.333333,12,13,0.653028,0.582799,0.847405,True,
261,17.333333,12,17,1.933621,171.480828,0.998931,False,
261,17.333333,12,18,2.109793,179.043616,0.996127,False,
261,17.333333,13,17,2.485802,172.063628,0.973283,False,
261,17.333333,13,18,2.741554,178.460817,0.152334,False,
261,17.333333,14,15,0.643440,2.616306,0.994836,True,0.771505
261,17.333333,14,16,1.422088,5.813217,0.857029,True,
261,17.333333,15,16,1.033422,8.429523,0.555616,False,
261,17.333333,15,18,6.670168,1.731856,0.018242,False,9.568991
261,17.333333,17,18,1.838428,9.475556,0.685773,False,2.981271
271,18.000000,11,12,3.520914,2.638637,0.148704,False,
271,18.000000,11,13,3.853703,3.350243,0.008671,False,
271,18.000000,11,17,3.419527,172.677246,0.993708,False,
271,18.000000,12,13,0.651115,0.711606,0.838008,True,
271,18.000000,12,17,0.759434,175.315883,0.876140,False,
271,18.000000,12,18,2.196964,178.849949,0.979359,False,
271,18.000000,13,17,1.402308,176.027489,0.937734,False,
271,18.000000,13,18,2.610184,179.561555,0.990844,False,
271,18.000000,14,15,0.608041,4.489060,0.999998,True,0.092097
271,18.000000,14,16,1.371050,12.215409,0.959565,True,
271,18.000000,14,17,7.713239,5.805594,0.188695,False,7.519248
271,18.000000,14,18,6.372109,2.271528,0.073203,False,9.284801
271,18.000000,15,16,0.868612,16.704469,0.810158,True,
271,18.000000,15,17,7.606703,1.316533,0.083540,False,7.168155
271,18.000000,15,18,6.366395,2.217533,0.052576,False,8.540207
271,18.000000,17,18,1.738404,3.534066,0.715017,True,
281,18.666667,11,12,3.606691,1.689281,0.156416,False,
281,18.666667,11,13,3.940490,0.803129,0.015918,False,
281,18.666667,12,13,0.665799,2.492410,0.826666,True,
281,18.666667,12,17,1.582565,173.414420,0.092889,False,
281,18.666667,12,18,3.110382,175.775381,0.998467,False,
281,18.666667,13,17,1.682092,175.906830,0.274059,False,
281,18.666667,13,18,3.278674,178.267791,0.903123,False,
281,18.666667,14,15,0.573453,4.397592,0.999295,True,
281,18.666667,14,16,1.481401,15.285971,0.999356,True,
281,18.666667,15,16,0.926586,19.683563,0.982957,True,
281,18.666667,15,18,6.128375,2.311040,0.055098,False,9.611805
281,18.666667,17,18,1.596628,2.360962,0.773259,True,
291,19.333333,12,13,0.657193,1.469734,0.915751,True,1.466285
291,19.333333,12,17,2.995058,179.151934,0.373455,False,
291,19.333333,12,18,4.170609,177.391934,0.091712,False,
291,19.333333,13,17,2.967287,179.378332,0.389447,False,
291,19.333333,13,18,4.280085,178.861668,0.458008,False,
291,19.333333,17,18,1.453502,1.760000,0.860758,True,
301,20.000000,12,13,0.638650,3.146426,0.813083,True,
301,20.000000,12,17,4.645811,176.495877,0.788293,False,
301,20.000000,13,17,4.406469,179.642302,0.368310,False,
301,20.000000,17,18,1.388997,1.507661,0.907709,True,
311,20.666667,12,13,0.646787,0.412652,0.789660,True,0.608482
311,20.666667,17,18,1.346402,2.674819,0.953852,True,
321,21.333333,12,13,0.579658,0.906601,0.880567,True,
321,21.333333,17,18,1.345337,4.443981,0.971087,True,
321,21.333333,17,19,2.900729,12.156717,0.576132,False,
321,21.333333,18,19,3.575422,7.712735,0.859464,False,
331,22.000000,17,18,1.395964,4.507070,0.979473,True,
331,22.000000,17,19,2.513132,9.892854,0.685909,False,
331,22.000000,18,19,3.436082,5.385784,0.920777,False,
341,22.666667,17,18,1.397009,3.701738,0.997607,True,
341,22.666667,17,19,2.177040,7.962363,0.738076,True,
341,22.666667,18,19,3.284891,4.260625,0.929860,False,
351,23.333333,17,18,1.470213,5.264734,0.987520,True,
351,23.333333,17,19,1.930341,9.079770,0.677964,False,
351,23.333333,18,19,3.204529,3.815036,0.891407,False,
451,30.000000,20,21,4.733352,168.802910,0.610338,False,
461,30.666667,20,21,3.424161,169.272264,0.552871,False,
471,31.333333,20,21,2.263446,172.563608,0.131221,False,
471,31.333333,21,23,4.177266,1.400906,0.106846,False,
481,32.000000,20,21,1.345941,170.246312,0.040116,False,
481,32.000000,20,23,4.732799,172.915722,0.495580,False,
481,32.000000,21,23,4.175571,2.669410,0.135470,False,
491,32.666667,20,21,1.520247,174.139757,0.903216,False,
491,32.666667,20,23,3.371136,178.882767,0.187989,False,
491,32.666667,21,23,4.077299,4.743010,0.082491,False,
501,33.333333,20,21,2.567295,176.204583,0.455565,False,
501,33.333333,20,23,2.080247,179.480474,0.329931,False,
501,33.333333,20,26,2.525244,171.619087,0.999119,False,
501,33.333333,21,23,4.059025,3.275891,0.061199,False,
501,33.333333,21,24,4.199534,155.062318,0.698372,False,
501,33.333333,21,25,4.822024,139.123240,0.824613,False,
501,33.333333,21,26,3.212153,4.585496,0.295891,False,
501,33.333333,23,24,7.996924,151.786426,0.534160,False,2.798518
501,33.333333,23,26,1.743138,7.861387,0.814631,True,
501,33.333333,24,25,0.947145,15.939078,0.706482,True,
511,34.000000,20,21,3.991629,179.445230,0.346486,False,
511,34.000000,20,23,1.059514,176.121204,0.807409,False,
511,34.000000,20,26,2.484681,173.569304,0.807795,False,
511,34.000000,21,23,3.939333,3.324026,0.027206,False,
511,34.000000,21,24,3.200044,148.605754,0.777156,False,
511,34.000000,21,25,3.922708,138.592580,0.883323,False,
511,34.000000,21,26,3.379174,5.875926,0.353221,False,
511,34.000000,23,24,6.840134,151.929780,0.461920,False,2.406718
511,34.000000,23,26,1.555320,2.551900,0.883703,True,
511,34.000000,24,25,0.918808,10.013174,0.646551,False,
521,34.666667,20,23,1.614949,174.743313,0.926255,False,
521,34.666667,20,26,2.984799,178.041196,0.722726,False,
521,34.666667,21,23,4.041594,8.828486,0.075266,False,
521,34.666667,21,24,2.335395,147.253045,0.886740,False,
521,34.666667,21,25,3.147414,139.818260,0.968138,False,
521,34.666667,21,26,3.646237,5.530603,0.321008,False,
521,34.666667,23,24,5.858573,156.081531,0.333100,False,2.085936
521,34.666667,23,26,1.440621,3.297883,0.947605,True,
521,34.666667,24,25,0.896560,7.434785,0.658619,False,2.333025
531,35.333333,20,23,2.825054,173.357390,0.918775,False,
531,35.333333,20,26,3.745819,177.750984,0.580336,False,
531,35.333333,20,27,2.774379,173.929989,0.508841,False,
531,35.333333,21,23,3.950854,5.889579,0.196806,False,
531,35.333333,21,24,1.680609,169.921440,0.923297,False,
531,35.333333,21,25,2.489552,149.749517,0.994883,False,
531,35.333333,21,26,3.852947,1.495985,0.223067,False,
531,35.333333,23,24,4.800317,175.811019,0.123540,False,1.635949
531,35.333333,23,25,5.252471,155.639096,0.443981,False,1.872052
531,35.333333,23,26,1.473259,4.393594,0.999260,True,
531,35.333333,24,25,0.817062,20.171924,0.770358,False,0.853883
541,36.000000,20,23,4.230379,174.731062,0.913966,False,
541,36.000000,20,26,4.730519,174.201754,0.748577,False,
541,36.000000,20,27,1.700464,167.521356,0.156216,False,
541,36.000000,21,23,3.867104,0.957011,0.123577,False,
541,36.000000,21,24,1.490534,176.880264,0.983239,False,
541,36.000000,21,25,2.122591,159.562404,0.964096,False,
541,36.000000,21,26,4.013800,0.427704,0.258190,False,
541,36.000000,23,24,3.768529,177.837275,0.278398,False,
541,36.000000,23,25,4.217321,160.519415,0.580629,False,
541,36.000000,23,26,1.493264,0.529307,0.999389,True,
541,36.000000,24,25,0.692185,17.317860,0.838557,True,0.385942
541,36.000000,24,26,4.443745,177.307968,0.605951,False,
551,36.666667,20,27,1.255734,169.422164,0.698461,False,
551,36.666667,21,23,3.801673,1.258639,0.072936,False,
551,36.666667,21,24,1.872286,167.801930,0.621857,False,
551,36.666667,21,25,2.281978,159.392767,0.698985,False,
551,36.666667,21,26,4.164433,7.800179,0.244744,False,
551,36.666667,23,24,2.822599,169.060569,0.518674,False,
551,36.666667,23,25,3.255174,160.651406,0.718101,False,
551,36.666667,23,26,1.496462,6.541540,0.982676,True,
551,36.666667,24,25,0.624173,8.409163,0.854765,True,0.208253
551,36.666667,24,26,3.823241,175.602109,0.692195,False,
551,36.666667,25,26,4.369924,167.192947,0.886893,False,
561,37.333333,20,27,2.006781,173.172011,0.922712,False,
561,37.333333,23,24,1.803172,172.014351,0.698378,False,
561,37.333333,23,25,2.329214,167.826149,0.815546,False,
561,37.333333,23,26,1.460844,13.082072,0.930019,True,
561,37.333333,24,25,0.601504,4.188203,0.873965,True,0.061702
561,37.333333,24,26,3.105769,174.903577,0.481898,False,
561,37.333333,25,26,3.684439,179.091780,0.664062,False,
561,37.333333,26,27,5.001803,7.624118,0.251379,False,8.752092
571,38.000000,20,27,3.185860,170.079379,0.999981,False,
571,38.000000,23,24,1.224820,172.129832,0.983982,False,
571,38.000000,23,25,1.825958,171.977145,0.983956,False,
571,38.000000,23,26,1.435877,8.333445,0.883676,True,
571,38.000000,24,25,0.601151,0.152687,0.913956,True,
571,38.000000,24,26,2.654056,179.536723,0.865062,False,
571,38.000000,25,26,3.253452,179.689410,0.875776,False,
571,38.000000,26,27,4.779088,2.126512,0.173720,False,
581,38.666667,20,27,4.426814,177.628426,0.607677,False,
581,38.666667,23,24,1.299559,161.104186,0.701963,False,
581,38.666667,23,25,1.745002,176.616070,0.954648,False,
581,38.666667,23,26,1.530143,5.214592,0.786233,True,
581,38.666667,24,25,0.606839,15.511884,0.847149,True,
581,38.666667,24,26,2.366339,166.318778,0.963250,False,
581,38.666667,25,26,2.957185,178.169338,0.956259,False,
581,38.666667,26,27,4.674661,2.308326,0.219096,False,
591,39.333333,23,24,1.994513,152.002062,0.010007,False,
591,39.333333,23,25,2.281716,173.795820,0.598774,False,
591,39.333333,23,26,1.667752,9.555674,0.739640,True,
591,39.333333,23,28,2.357110,163.858768,0.814510,False,
591,39.333333,24,25,0.790540,21.793758,0.881866,False,
591,39.333333,24,26,2.193141,161.557737,0.658529,False,
591,39.333333,24,27,4.212054,161.612820,0.621598,False,
591,39.333333,24,28,3.692732,11.856706,0.151842,False,
591,39.333333,25,26,2.892185,176.648505,0.999111,False,
591,39.333333,25,27,4.744255,176.593422,0.382997,False,
591,39.333333,25,28,3.447311,9.937052,0.169574,False,
591,39.333333,26,27,4.536614,0.055084,0.179210,False,
591,39.333333,26,28,4.013280,173.414442,0.764240,False,
601,40.000000,23,24,2.993210,152.456192,0.276924,False,
601,40.000000,23,25,3.177352,159.366269,0.106105,False,
601,40.000000,23,26,1.742897,13.245774,0.703289,True,
601,40.000000,23,28,1.745469,151.319304,0.996390,False,
601,40.000000,24,25,0.863801,6.910077,0.901783,True,
601,40.000000,24,26,2.470258,165.701967,0.340405,False,
601,40.000000,24,27,3.307900,164.070369,0.794506,False,
601,40.000000,24,28,3.699949,1.136889,0.105278,False,
601,40.000000,25,26,3.096359,172.612043,0.776336,False,
601,40.000000,25,27,3.946879,170.980446,0.773233,False,
601,40.000000,25,28,3.448904,8.046965,0.274102,False,
601,40.000000,26,27,4.368868,1.631598,0.086408,False,
601,40.000000,26,28,3.404829,164.565078,0.981081,False,
611,40.666667,24,25,0.892146,11.136091,0.897571,True,
611,40.666667,24,26,2.997564,170.409547,0.209319,False,
611,40.666667,24,27,2.484795,169.023719,0.848280,False,
611,40.666667,24,28,3.747940,1.112425,0.128117,False,
611,40.666667,25,26,3.447905,178.454362,0.901434,False,
611,40.666667,25,27,3.242983,179.840190,0.664058,False,
611,40.666667,25,28,3.469554,12.248516,0.262281,False,
611,40.666667,26,27,4.322183,1.385829,0.182979,False,
611,40.666667,26,28,2.827880,169.297122,0.991923,False,
621,41.333333,24,25,1.010375,8.492158,0.909159,True,
621,41.333333,24,26,3.578967,173.442441,0.216510,False,
621,41.333333,24,27,1.698029,157.178237,0.954949,False,
621,41.333333,24,28,3.754228,4.810995,0.091703,False,
621,41.333333,25,26,3.979868,178.065401,0.882937,False,
621,41.333333,25,27,2.634637,165.670396,0.925809,False,
621,41.333333,25,28,3.515110,3.681163,0.281694,False,
621,41.333333,26,27,4.258667,16.264203,0.127556,False,
621,41.333333,26,28,2.360545,178.253436,0.948472,False,
631,42.000000,24,25,0.989222,0.543974,0.906955,True,
631,42.000000,24,27,1.399490,141.720577,0.281860,False,
631,42.000000,24,28,3.800581,3.487946,0.089470,False,
631,42.000000,25,27,2.388691,142.264551,0.198445,False,
631,42.000000,25,28,3.554359,4.031921,0.338300,False,
631,42.000000,27,28,4.501945,138.232631,0.946973,False,
641,42.666667,24,25,0.998216,4.985654,0.928814,True,
641,42.666667,24,27,1.548836,139.369610,0.187237,False,
641,42.666667,24,28,3.781399,2.182009,0.127537,False,
641,42.666667,25,27,2.491730,144.355264,0.144073,False,
641,42.666667,25,28,3.599123,7.167663,0.341210,False,
641,42.666667,27,28,3.922139,137.187601,0.912238,False,
651,43.333333,24,25,1.030096,2.053163,0.909952,True,
651,43.333333,24,27,1.933824,139.479904,0.457428,False,
651,43.333333,24,28,3.830938,11.545605,0.046280,False,
651,43.333333,25,27,2.760262,141.533068,0.283208,False,
651,43.333333,25,28,3.659647,9.492441,0.297664,False,
651,43.333333,27,28,3.395380,151.025509,0.902233,False,
661,44.000000,24,25,1.006019,3.607141,0.946089,True,6.175606
661,44.000000,24,28,3.812685,2.883473,0.033794,False,
661,44.000000,25,28,3.638498,6.490614,0.263746,False,
671,44.666667,24,25,0.965017,7.838465,0.952006,True,2.528240
671,44.666667,24,28,3.837992,5.448928,0.017341,False,
671,44.666667,25,28,3.700609,2.389537,0.337339,False,
681,45.333333,24,25,0.890542,2.011095,0.925128,True,
681,45.333333,24,28,3.895151,5.432816,0.041206,False,
681,45.333333,25,28,3.738976,7.443911,0.283206,False,
691,46.000000,24,25,0.981898,2.655697,0.908042,True,
691,46.000000,24,28,4.036466,5.489979,0.031859,False,
691,46.000000,25,28,3.761515,8.145677,0.227706,False,
701,46.666667,24,25,0.935979,12.483933,0.862287,True,
701,46.666667,24,28,4.153514,8.337865,0.016003,False,
701,46.666667,25,28,3.782856,4.146068,0.312896,False,
711,47.333333,24,25,0.904082,2.793745,0.825562,True,
711,47.333333,24,28,4.209993,5.686722,0.010748,False,
711,47.333333,25,28,3.762146,2.892976,0.234227,False,
721,48.000000,24,25,0.991090,5.534070,0.830836,True,
721,48.000000,24,28,4.233046,0.026189,0.119030,False,
721,48.000000,24,29,2.797742,36.502016,0.998062,False,
721,48.000000,24,30,3.780402,91.926047,0.772539,False,
721,48.000000,25,28,3.706379,5.560259,0.139021,False,
721,48.000000,25,29,2.180990,30.967946,0.982724,False,3.436091
721,48.000000,25,30,3.575156,86.391978,0.655547,False,
721,48.000000,29,30,1.833353,55.424032,0.672013,False,
731,48.666667,24,25,0.875708,11.930638,0.824795,True,1.651817
731,48.666667,24,28,4.212464,5.289980,0.179757,False,
731,48.666667,24,29,2.540450,40.911462,0.999318,False,
731,48.666667,24,30,3.504390,98.490748,0.749611,False,
731,48.666667,25,28,3.689697,6.640658,0.095147,False,
731,48.666667,25,29,2.016554,28.980824,0.986878,False,3.164508
731,48.666667,25,30,3.306711,86.560110,0.720438,False,
731,48.666667,29,30,1.611942,57.579286,0.739527,False,
741,49.333333,24,25,0.843286,1.404040,0.771565,True,
741,49.333333,24,28,4.105653,7.161221,0.127270,False,
741,49.333333,24,29,2.293939,38.897455,0.980098,False,
741,49.333333,24,30,3.253619,89.281358,0.891409,False,
741,49.333333,25,28,3.593881,8.565261,0.057585,False,
741,49.333333,25,29,1.793258,37.493415,0.992814,False,2.091895
741,49.333333,25,30,3.007332,87.877318,0.762000,False,
741,49.333333,28,29,4.784074,46.058676,0.589823,False,
741,49.333333,29,30,1.390223,50.383902,0.908388,False,
751,50.000000,24,25,0.868045,2.410051,0.710152,True,
751,50.000000,24,28,4.060608,17.249695,0.149662,False,
751,50.000000,24,29,2.108169,27.231508,0.945931,False,
751,50.000000,24,30,3.143833,82.430320,0.975892,False,
751,50.000000,25,28,3.501517,14.839644,0.005695,False,
751,50.000000,25,29,1.538324,29.641559,0.998495,False,2.164605
751,50.000000,25,30,2.790929,84.840372,0.862488,False,
751,50.000000,28,29,4.387469,44.481203,0.496821,False,
751,50.000000,29,30,1.346127,55.198813,0.959198,False,
761,50.666667,24,25,0.881929,4.478504,0.771918,True,
761,50.666667,24,28,3.944692,7.367693,0.147212,False,
761,50.666667,24,29,2.008102,23.208499,0.963947,False,5.005695
761,50.666667,24,30,3.072329,85.838070,0.986546,False,
761,50.666667,25,28,3.368505,2.889189,0.004152,False,7.496211
761,50.666667,25,29,1.418878,27.687003,0.986522,False,1.879824
761,50.666667,25,30,2.611071,90.316574,0.873443,False,
761,50.666667,28,29,4.170050,30.576193,0.489657,False,
761,50.666667,29,30,1.209891,62.629571,0.988604,False,
771,51.333333,24,25,0.901316,3.052509,0.727846,True,
771,51.333333,24,28,3.748002,12.063107,0.114731,False,
771,51.333333,24,29,1.830966,27.487086,0.903164,False,
771,51.333333,24,30,3.025075,80.168145,0.998614,False,
771,51.333333,25,28,3.188973,9.010597,0.075181,False,
771,51.333333,25,29,1.187993,30.539596,0.999446,False,1.258912
771,51.333333,25,30,2.430090,83.220654,0.968668,False,
771,51.333333,28,29,3.859813,39.550193,0.524221,False,
771,51.333333,28,30,4.731355,92.231252,0.478893,False,
771,51.333333,29,30,1.243424,52.681058,0.951005,False,
781,52.000000,24,25,0.842305,4.336831,0.694919,False,
781,52.000000,24,28,3.528186,20.603601,0.130280,False,
781,52.000000,24,29,1.711611,3.135804,0.923781,True,
781,52.000000,24,30,3.099891,72.602163,0.960912,False,
781,52.000000,25,28,3.019551,16.266770,0.064291,False,
781,52.000000,25,29,1.041879,7.472635,0.999472,True,3.756201
781,52.000000,25,30,2.430325,76.938993,0.999831,False,
781,52.000000,28,29,3.495956,23.739405,0.397393,False,
781,52.000000,28,30,4.251687,93.205764,0.511817,False,
781,52.000000,29,30,1.400871,69.466358,0.972336,False,
791,52.666667,24,25,0.823436,7.571900,0.823070,True,1.200586
791,52.666667,24,28,3.356035,4.867614,0.210525,False,
791,52.666667,24,29,1.740103,9.159343,0.992474,True,
791,52.666667,24,30,3.182867,85.063376,0.989196,False,
791,52.666667,25,28,2.905472,12.439514,0.068974,False,
791,52.666667,25,29,1.093987,1.587443,0.980045,True,
791,52.666667,25,30,2.438081,77.491476,0.988298,False,
791,52.666667,28,29,3.490471,14.026956,0.373625,False,
791,52.666667,28,30,3.873235,89.930990,0.612811,False,
791,52.666667,29,30,1.471204,75.904034,0.899616,False,
801,53.333333,24,25,0.678545,23.182316,0.861385,False,0.217060
801,53.333333,24,28,3.088489,5.097832,0.312977,False,4.922207
801,53.333333,24,29,1.562034,31.722451,0.996658,False,
801,53.333333,24,30,3.176634,97.209191,0.999856,False,
801,53.333333,25,28,2.714157,18.084484,0.037548,False,
801,53.333333,25,29,1.043795,8.540134,0.994292,True,4.602710
801,53.333333,25,30,2.532801,74.026874,0.940727,False,
801,53.333333,28,29,3.271826,26.624618,0.393130,False,
801,53.333333,28,30,3.479435,92.111359,0.656124,False,
801,53.333333,29,30,1.715583,65.486740,0.691040,False,
811,54.000000,28,30,3.126776,95.537158,0.678640,False,
881,58.666667,31,32,4.769264,177.612781,0.964438,False,
891,59.333333,31,32,3.548096,178.289416,0.970484,False,
901,60.000000,31,32,2.430587,175.787336,0.573184,False,
911,60.666667,31,32,1.542070,179.193578,0.970790,False,
921,61.333333,31,32,1.401609,178.527607,0.956823,False,
931,62.000000,31,32,2.254095,174.473540,0.998122,False,
941,62.666667,31,32,3.311004,170.479222,0.977324,False,
951,63.333333,31,32,4.503236,177.295953,0.520219,False,
951,63.333333,33,34,2.088147,106.469636,0.982016,False,
961,64.000000,32,33,4.694714,173.746821,0.030895,False,
961,64.000000,32,35,4.475124,11.051197,0.371337,False,
961,64.000000,33,34,2.057383,100.611289,0.983209,False,
961,64.000000,33,35,8.617191,162.695624,0.900850,False,2.733794
971,64.666667,32,33,3.606215,176.162901,0.358361,False,
971,64.666667,32,35,4.622663,14.277011,0.416524,False,
971,64.666667,33,34,2.276426,98.929024,0.901448,False,
971,64.666667,33,35,7.436308,161.885890,0.880809,False,2.347434
971,64.666667,34,35,8.908086,99.185086,0.041235,False,5.222125
981,65.333333,32,33,2.684563,162.543965,0.093992,False,
981,65.333333,32,35,4.721048,8.897803,0.478281,False,
981,65.333333,33,34,2.517877,107.349360,0.878177,False,
981,65.333333,33,35,6.276051,153.646162,0.925981,False,1.902982
981,65.333333,34,35,8.251134,99.004478,0.044321,False,4.658129
991,66.000000,33,35,5.034286,152.669151,0.936601,False,1.591558
1001,66.666667,36,37,3.957841,129.736292,0.889051,False,
1001,66.666667,36,38,6.809461,168.766217,0.029039,False,4.104904
1001,66.666667,37,38,3.025276,39.029924,0.883894,False,
1011,67.333333,36,37,3.027746,133.813289,0.817200,False,
1011,67.333333,36,38,6.203651,174.601019,0.075003,False,3.763930
1011,67.333333,36,39,3.379539,178.302515,0.727202,False,
1011,67.333333,37,38,3.234953,40.787729,0.835945,False,
1011,67.333333,37,39,2.709094,47.884196,0.660360,False,2.436226
1011,67.333333,38,39,4.302074,7.096466,0.466367,False,
1021,68.000000,36,37,2.085215,135.794520,0.677008,False,
1021,68.000000,36,38,5.569328,173.431425,0.076162,False,3.048647
1021,68.000000,36,39,2.934488,168.708575,0.771210,False,
1021,68.000000,37,38,3.484323,37.636905,0.738098,False,
1021,68.000000,37,39,2.315130,32.914055,0.704882,False,2.300792
1021,68.000000,38,39,4.429557,4.722850,0.276031,False,
1031,68.666667,36,37,1.071750,128.075864,0.495620,False,
1031,68.666667,36,38,4.855859,107.931012,0.065024,False,2.675775
1031,68.666667,36,39,2.547312,163.467004,0.834827,False,
1031,68.666667,37,38,3.862367,123.993124,0.680404,False,
1031,68.666667,37,39,2.080789,35.391140,0.749466,False,2.060020
1031,68.666667,38,39,4.745583,88.601984,0.307986,False,
1041,69.333333,36,37,0.663527,123.442097,0.477931,False,
1041,69.333333,36,38,4.276347,111.518807,0.142450,False,
1041,69.333333,36,39,2.367433,174.601371,0.987049,False,
1041,69.333333,37,38,4.166193,125.039096,0.635775,False,
1041,69.333333,37,39,1.739799,51.159274,0.786440,False,1.486927
1041,69.333333,38,39,4.965126,73.879822,0.518721,False,
1051,70.000000,36,37,1.083060,122.264790,0.999673,False,
1051,70.000000,36,38,3.631001,117.816701,0.277367,False,
1051,70.000000,36,39,2.430588,158.194418,0.999198,False,
1051,70.000000,36,40,4.765847,117.816701,0.632590,False,
1051,70.000000,37,38,4.463752,119.918509,0.526430,False,
1051,70.000000,37,39,1.466260,35.929628,0.810166,False,1.992454
1051,70.000000,37,40,3.781655,119.918509,0.416251,False,
1051,70.000000,37,41,4.144225,119.918509,0.393062,False,
1051,70.000000,39,40,3.389705,83.988881,0.198145,False,
1051,70.000000,39,41,3.689758,83.988881,0.134871,False,5.836039
1051,70.000000,40,41,0.376211,0.000000,0.000000,False,
1061,70.666667,36,37,1.719713,101.541213,0.909944,False,
1061,70.666667,36,38,3.021674,120.703166,0.400691,False,
1061,70.666667,36,39,2.770539,141.833788,0.981412,False,
1061,70.666667,37,38,4.681571,137.755621,0.742958,False,
1061,70.666667,37,39,1.386637,40.292575,0.569214,False,
1061,70.666667,37,40,3.552431,137.755621,0.696111,False,
1061,70.666667,37,41,3.912140,137.755621,0.674588,False,
1061,70.666667,39,40,3.157555,97.463046,0.449550,False,
1061,70.666667,39,41,3.451145,97.463046,0.384793,False,
1061,70.666667,40,41,0.376211,0.000000,0.000000,False,
1071,71.333333,36,37,2.227181,61.148926,0.864891,False,
1071,71.333333,36,38,2.572252,129.432358,0.588816,False,
1071,71.333333,36,39,3.085994,141.697123,0.903882,False,
1071,71.333333,37,38,4.772122,169.418716,0.974719,False,
1071,71.333333,37,39,1.199807,157.153951,0.181958,False,1.546737
1071,71.333333,37,40,3.458644,169.418716,0.982304,False,
1071,71.333333,37,41,3.811551,169.418716,0.974948,False,
1071,71.333333,39,40,3.102316,12.264765,0.846246,False,
1071,71.333333,39,41,3.393373,12.264765,0.883078,False,
1071,71.333333,40,41,0.376211,0.000000,0.000000,False,
1081,72.000000,36,37,2.618669,21.792152,0.740440,False,
1081,72.000000,36,38,2.147733,86.925490,0.806608,False,
1081,72.000000,36,39,3.249568,103.638033,0.804538,False,
1081,72.000000,36,42,3.447065,132.293695,0.996720,False,
1081,72.000000,37,38,4.744434,108.717642,0.796583,False,
1081,72.000000,37,39,1.050456,125.430184,0.886973,False,1.318344
1081,72.000000,37,41,3.840927,158.675863,0.937985,False,
1081,72.000000,37,42,6.059146,110.501543,0.252105,False,3.807866
1081,72.000000,38,42,1.514764,140.780815,0.493209,False,
1081,72.000000,39,41,3.422582,33.245679,0.945440,False,
1081,72.000000,39,42,6.574307,124.068272,0.202892,False,4.176140
1081,72.000000,41,42,9.888196,90.822593,0.057714,False,7.132048
1091,72.666667,36,38,1.915558,82.710762,0.929653,False,
1091,72.666667,36,42,2.439672,136.703338,0.937414,False,
1091,72.666667,38,42,1.086904,140.585900,0.618753,False,
1091,72.666667,41,42,9.345889,84.393828,0.051080,False,6.889563
1101,73.333333,36,38,1.956929,69.600724,0.980563,False,
1101,73.333333,36,42,1.716589,145.507540,0.684375,False,
1101,73.333333,38,42,0.761142,144.891736,0.907998,False,
1111,74.000000,36,38,1.927068,67.542629,0.987563,False,
1111,74.000000,36,42,1.091501,144.379059,0.052698,False,
1111,74.000000,38,42,0.836333,148.078312,0.934561,False,
1121,74.666667,36,38,2.156257,149.684052,0.804782,False,
1121,74.666667,36,42,1.403347,138.843343,0.833774,False,
1121,74.666667,38,42,1.098743,71.472605,0.770270,False,
1131,75.333333,38,42,1.502042,70.667270,0.553099,False,
1141,76.000000,38,42,1.839675,73.816214,0.416026,False,
1141,76.000000,38,43,4.884509,0.000000,0.000000,False,
1141,76.000000,42,43,3.051545,73.816214,0.315437,False,
1141,76.000000,42,44,3.517518,73.816214,0.493833,False,
1141,76.000000,43,44,0.791447,0.000000,0.000000,False,
1151,76.666667,38,42,2.148826,74.055175,0.350143,False,
1151,76.666667,38,43,4.884509,0.000000,0.000000,False,
1151,76.666667,42,43,2.735683,74.055175,0.349624,False,
1151,76.666667,42,44,3.231458,74.055175,0.535445,False,
1151,76.666667,43,44,0.791447,0.000000,0.000000,False,
1151,76.666667,43,45,4.755920,86.853432,0.674064,False,
1151,76.666667,43,46,3.453739,0.000000,0.000000,False,
1151,76.666667,43,47,3.835184,0.000000,0.000000,False,
1151,76.666667,44,45,4.970278,86.853432,0.781183,False,
1151,76.666667,44,46,3.169824,0.000000,0.000000,False,
1151,76.666667,44,47,3.526594,0.000000,0.000000,False,
1151,76.666667,45,46,2.970693,86.853432,0.999743,False,
1151,76.666667,45,47,3.042155,86.853432,0.994526,False,
1151,76.666667,46,47,0.389256,0.000000,0.000000,False,
1161,77.333333,38,42,2.605537,110.091919,0.327470,False,
1161,77.333333,38,43,4.884509,0.000000,0.000000,False,
1161,77.333333,38,48,4.571880,105.166610,0.992471,False,
1161,77.333333,42,43,2.289703,110.091919,0.199544,False,2.714154
1161,77.333333,42,44,2.834143,110.091919,0.025081,False,3.274215
1161,77.333333,42,48,4.366427,4.925308,0.881685,False,
1161,77.333333,43,44,0.791447,0.000000,0.000000,False,
1161,77.333333,43,45,4.289323,87.715657,0.737567,False,
1161,77.333333,43,46,3.453739,0.000000,0.000000,False,
1161,77.333333,43,47,3.835184,0.000000,0.000000,False,
1161,77.333333,44,45,4.585818,87.715657,0.838816,False,
1161,77.333333,44,46,3.169824,0.000000,0.000000,False,
1161,77.333333,44,47,3.526594,0.000000,0.000000,False,
1161,77.333333,45,46,3.030439,87.715657,0.983248,False,
1161,77.333333,45,47,3.182047,87.715657,0.955686,False,
1161,77.333333,46,47,0.389256,0.000000,0.000000,False,
1171,78.000000,38,42,2.679535,170.894135,0.957367,False,
1171,78.000000,38,43,4.884509,0.000000,0.000000,False,
1171,78.000000,38,48,4.707306,101.374725,0.944204,False,
1171,78.000000,42,43,2.213931,170.894135,0.985335,False,
1171,78.000000,42,44,2.686112,170.894135,0.907849,False,
1171,78.000000,42,48,4.417486,69.519410,0.817591,False,
1171,78.000000,43,44,0.791447,0.000000,0.000000,False,
1171,78.000000,43,45,3.842007,87.287032,0.824805,False,
1171,78.000000,43,46,3.453739,0.000000,0.000000,False,
1171,78.000000,43,47,3.835184,0.000000,0.000000,False,
1171,78.000000,44,45,4.235272,87.287032,0.908771,False,
1171,78.000000,44,46,3.169824,0.000000,0.000000,False,
1171,78.000000,44,47,3.526594,0.000000,0.000000,False,
1171,78.000000,45,46,3.222126,87.287032,0.918376,False,
1171,78.000000,45,47,3.443997,87.287032,0.876194,False,
1171,78.000000,45,48,4.985952,171.338243,0.987255,False,
1171,78.000000,46,47,0.389256,0.000000,0.000000,False,
1181,78.666667,45,46,3.597486,87.520097,0.829373,False,
1181,78.666667,45,47,3.872695,87.520097,0.785941,False,
1181,78.666667,45,48,3.584641,173.111980,0.874830,False,
1181,78.666667,46,47,0.389256,0.000000,0.000000,False,
1191,79.333333,45,46,4.057122,88.120400,0.737751,False,
1191,79.333333,45,47,4.370182,88.120400,0.699564,False,
1191,79.333333,45,48,2.242091,173.686183,0.733590,False,
1191,79.333333,46,47,0.389256,0.000000,0.000000,False,
1201,80.000000,45,46,4.738171,84.181067,0.579497,False,
1201,80.000000,45,48,1.068489,179.753528,0.874304,False,
1201,80.000000,46,47,0.389256,0.000000,0.000000,False,
1211,80.666667,38,49,3.881303,73.870801,0.432117,False,
1211,80.666667,45,48,1.206697,178.503269,0.936586,False,
1211,80.666667,45,49,2.688460,22.103019,0.986714,False,
1211,80.666667,46,47,0.389256,0.000000,0.000000,False,
1211,80.666667,46,49,4.609506,58.998390,0.403316,False,
1211,80.666667,47,49,4.997826,58.998390,0.398166,False,
1211,80.666667,48,49,3.698717,156.400251,0.637566,False,
1221,81.333333,38,45,4.689739,148.715901,0.727356,False,
1221,81.333333,38,49,3.524316,114.881492,0.802712,False,
1221,81.333333,45,48,2.467339,176.866056,0.101237,False,
1221,81.333333,45,49,2.514013,33.834409,0.968970,False,
1221,81.333333,46,47,0.389256,0.000000,0.000000,False,
1221,81.333333,46,48,4.700910,95.445900,0.781497,False,
1221,81.333333,47,48,4.981536,95.445900,0.745517,False,
1221,81.333333,48,49,3.936608,149.299535,0.138261,False,
1231,82.000000,38,45,3.818013,132.425557,0.870784,False,
1231,82.000000,38,49,3.031278,95.480001,0.934358,False,
1231,82.000000,45,48,4.032534,179.651480,0.246186,False,
1231,82.000000,45,49,2.175210,36.945556,0.856489,False,
1231,82.000000,46,47,0.389256,0.000000,0.000000,False,
1231,82.000000,46,48,4.367556,94.356731,0.860218,False,
1231,82.000000,47,48,4.615664,94.356731,0.824253,False,
1231,82.000000,48,49,4.417158,142.705924,0.120430,False,
1241,82.666667,38,45,3.532820,78.606266,0.963043,False,
1241,82.666667,38,49,2.849189,57.406519,0.827969,False,
1241,82.666667,45,49,2.259638,21.199747,0.696858,False,
1241,82.666667,46,47,0.389256,0.000000,0.000000,False,
1241,82.666667,46,48,4.057377,92.810800,0.929326,False,
1241,82.666667,46,51,3.332062,81.995644,0.854781,False,
1241,82.666667,47,48,4.266543,92.810800,0.897320,False,
1241,82.666667,47,51,3.168558,81.995644,0.906069,False,
1241,82.666667,48,49,4.994054,150.217320,0.308675,False,
1241,82.666667,48,51,3.645244,174.806444,0.932245,False,
1251,83.333333,38,45,3.387781,81.149785,0.996110,False,
1251,83.333333,38,49,2.510629,60.773154,0.884680,False,
1251,83.333333,45,49,2.315469,20.376632,0.628309,False,
1251,83.333333,46,47,0.389256,0.000000,0.000000,False,
1251,83.333333,46,48,3.917976,92.906618,0.973532,False,
1251,83.333333,46,51,3.071894,84.855401,0.907330,False,
1251,83.333333,47,48,4.077728,92.906618,0.949417,False,
1251,83.333333,47,51,2.970394,84.855401,0.952509,False,
1251,83.333333,48,51,2.536068,177.762019,0.894975,False,
1261,84.000000,38,45,3.392939,151.241557,0.983859,False,
1261,84.000000,38,49,2.346969,164.624965,0.936766,False,
1261,84.000000,45,49,2.371222,13.383408,0.496503,False,
1261,84.000000,46,47,0.389256,0.000000,0.000000,False,
1261,84.000000,46,48,3.779083,96.015377,0.991502,False,
1261,84.000000,46,51,2.847994,89.519620,0.945079,False,
1261,84.000000,47,48,3.884006,96.015377,0.974043,False,
1261,84.000000,47,51,2.818908,89.519620,0.980882,False,
1261,84.000000,48,51,1.516229,174.465003,0.781284,False,
1271,84.666667,38,45,3.682425,166.244492,0.899702,False,
1271,84.666667,38,49,2.136087,160.727893,0.933872,False,
1271,84.666667,45,49,2.491658,5.516599,0.527037,False,
1271,84.666667,46,47,0.389256,0.000000,0.000000,False,
1271,84.666667,46,48,3.760441,95.417457,0.999715,False,
1271,84.666667,46,51,2.696305,86.997031,0.996163,False,
1271,84.666667,47,48,3.811260,95.417457,0.996950,False,
1271,84.666667,47,51,2.746552,86.997031,0.998524,False,
1271,84.666667,48,51,1.066361,177.585512,0.905115,False,
1281,85.333333,38,49,1.947014,157.859279,0.992674,False,
1281,85.333333,46,47,0.389256,0.000000,0.000000,False,
1281,85.333333,46,48,3.808848,99.261098,0.994380,False,
1281,85.333333,46,51,2.758900,87.288699,0.990226,False,
1281,85.333333,47,48,3.801690,99.261098,0.999993,False,
1281,85.333333,47,51,2.894622,87.288699,0.964006,False,
1281,85.333333,48,51,1.565854,173.450203,0.026689,False,
1291,86.000000,38,49,2.048555,170.920053,0.983914,False,
1291,86.000000,46,47,0.389256,0.000000,0.000000,False,
1291,86.000000,46,48,3.874980,102.460240,0.981694,False,
1291,86.000000,46,51,2.872104,88.826564,0.943957,False,
1291,86.000000,47,48,3.812529,102.460240,0.995805,False,
1291,86.000000,47,51,3.082205,88.826564,0.901935,False,
1291,86.000000,48,51,2.569807,168.713197,0.571935,False,
1301,86.666667,38,49,2.179275,171.475317,0.889936,False,
1301,86.666667,46,47,0.389256,0.000000,0.000000,False,
1301,86.666667,46,51,3.141710,86.126182,0.848558,False,
1301,86.666667,47,51,3.402230,86.126182,0.798477,False,
1311,87.333333,38,49,2.550701,10.840944,0.709040,False,
1311,87.333333,46,47,0.389256,0.000000,0.000000,False,
1311,87.333333,46,51,3.512102,87.288617,0.771436,False,
1311,87.333333,47,51,3.810958,87.288617,0.726290,False,
1321,88.000000,46,47,0.389256,0.000000,0.000000,False,
1321,88.000000,46,51,3.945767,83.182822,0.630067,False,
1321,88.000000,47,51,4.272194,83.182822,0.589133,False,
1331,88.666667,46,47,0.389256,0.000000,0.000000,False,
1331,88.666667,46,51,4.499448,75.697252,0.452747,False,
1331,88.666667,47,51,4.840883,75.697252,0.416678,False,
1341,89.333333,46,47,0.389256,0.000000,0.000000,False,
1351,90.000000,38,51,4.538056,86.127661,0.666708,False,
1351,90.000000,46,47,0.389256,0.000000,0.000000,False,
1361,90.666667,38,51,4.186187,86.457895,0.733725,False,
1361,90.666667,46,47,0.389256,0.000000,0.000000,False,
1371,91.333333,38,51,3.683519,21.669852,0.765798,False,
1371,91.333333,46,47,0.389256,0.000000,0.000000,False,
1381,92.000000,38,51,3.430262,32.010451,0.878370,False,
1381,92.000000,46,47,0.389256,0.000000,0.000000,False,
1481,98.666667,52,53,0.838115,2.764967,0.987502,True,
1481,98.666667,52,54,1.705257,1.267091,0.996265,True,
1481,98.666667,53,54,0.929122,4.032059,0.935455,True,
1491,99.333333,52,53,0.876123,1.988977,0.983785,True,4.371565
1491,99.333333,52,54,1.693966,1.778849,0.983822,True,
1491,99.333333,52,55,4.598559,117.732453,0.720120,False,
1491,99.333333,53,54,0.908936,3.767827,0.887872,True,
1501,100.000000,52,53,0.787426,7.863755,0.995236,True,0.754057
1501,100.000000,52,54,1.769090,0.693779,0.950397,True,
1501,100.000000,52,55,3.760723,122.196556,0.798395,False,
1501,100.000000,53,54,1.059301,8.557534,0.879390,True,
1501,100.000000,53,55,4.278340,130.060311,0.792390,False,
1501,100.000000,54,55,4.607634,121.502777,0.968741,False,
1511,100.666667,52,53,0.677299,5.095179,0.998141,True,0.488331
1511,100.666667,52,54,1.702557,5.214420,0.968159,True,
1511,100.666667,52,55,3.032434,144.471994,0.869498,False,
1511,100.666667,53,54,1.078353,0.119242,0.920819,True,
1511,100.666667,53,55,3.549590,149.567172,0.875797,False,
1511,100.666667,54,55,4.114174,149.686414,0.974767,False,
1521,101.333333,52,53,0.660933,3.758534,0.999882,True,0.546538
1521,101.333333,52,54,1.616162,11.045665,0.976089,True,3.130715
1521,101.333333,52,55,2.303922,151.416399,0.964108,False,
1521,101.333333,53,54,0.993655,7.287131,0.935236,True,1.710719
1521,101.333333,53,55,2.883082,155.174933,0.970667,False,
1521,101.333333,54,55,3.595311,162.462065,0.980350,False,
1531,102.000000,52,53,0.587531,0.679824,0.999997,True,
1531,102.000000,52,54,1.442607,8.486411,0.978226,True,3.355531
1531,102.000000,52,55,2.001824,147.960515,0.999657,False,
1531,102.000000,53,54,0.894374,9.166235,0.920927,True,1.288097
1531,102.000000,53,55,2.580355,147.280691,0.995570,False,
1531,102.000000,54,55,3.346341,156.446926,0.999393,False,
1541,102.666667,52,53,0.678234,5.812874,0.992474,True,
1541,102.666667,52,54,1.413465,0.641749,0.987917,True,
1541,102.666667,52,55,1.751026,142.298456,0.908937,False,
1541,102.666667,53,54,0.799427,5.171124,0.888143,True,2.533052
1541,102.666667,53,55,2.401133,136.485583,0.884939,False,
1541,102.666667,54,55,3.164365,141.656707,0.901553,False,
1551,103.333333,52,53,0.733461,4.488276,0.993558,True,
1551,103.333333,52,54,1.450359,3.158782,0.972129,True,
1551,103.333333,52,55,1.991940,150.564642,0.642637,False,
1551,103.333333,53,54,0.806769,1.329493,0.824125,True,
1551,103.333333,53,55,2.545750,146.076367,0.714127,False,
1551,103.333333,54,55,3.350897,147.405860,0.733673,False,
1671,111.333333,56,57,4.059000,73.337511,0.622986,False,
1681,112.000000,56,57,3.483677,66.451300,0.549372,False,
1691,112.666667,56,57,3.005991,66.550762,0.596023,False,
1701,113.333333,56,57,2.503082,73.318032,0.665116,False,
1711,114.000000,56,57,1.979588,77.296574,0.410160,False,
1721,114.666667,56,57,1.571391,68.318854,0.078081,False,
1731,115.333333,56,57,1.394906,65.073969,0.102923,False,
1741,116.000000,56,57,1.181984,73.148675,0.454259,False,
1751,116.666667,56,57,1.373874,73.083356,0.811090,False,
1841,122.666667,58,59,3.485198,179.931070,0.281853,False,
1841,122.666667,58,60,3.957308,174.188854,0.268530,False,
1841,122.666667,59,60,0.775601,5.742216,0.974076,True,
1851,123.333333,38,61,4.822725,92.884021,0.927239,False,
1851,123.333333,58,59,2.192204,179.433764,0.466051,False,
1851,123.333333,58,60,2.796374,177.384068,0.709316,False,
1851,123.333333,58,62,4.888317,4.042026,0.155598,False,
1851,123.333333,59,60,0.821797,3.182169,0.974207,True,2.933964
1851,123.333333,61,62,1.658847,2.572677,0.254789,False,
1861,124.000000,58,59,1.224559,179.358117,0.826642,False,
1861,124.000000,58,60,1.906438,170.645886,0.950543,False,
1861,124.000000,59,60,0.708726,9.995997,0.950621,True,0.646274
1861,124.000000,61,62,1.583322,4.574129,0.321381,False,
1871,124.666667,58,59,1.261789,179.931044,0.799539,False,
1871,124.666667,58,60,1.747762,176.172362,0.933961,False,
1871,124.666667,59,60,0.686571,3.896594,0.938650,True,0.863084
1871,124.666667,59,61,6.285318,168.366867,0.191577,False,2.341362
1871,124.666667,61,62,1.483230,6.925230,0.416925,False,
1881,125.333333,59,60,0.636487,12.805544,0.961473,True,
1881,125.333333,59,61,5.374687,166.241742,0.328212,False,2.086665
1881,125.333333,59,62,4.271028,160.690195,0.676247,False,
1881,125.333333,60,62,4.614496,173.495740,0.686552,False,
1881,125.333333,61,62,1.428601,5.551547,0.387866,False,
1891,126.000000,59,60,0.763520,26.740929,0.897543,False,
1891,126.000000,59,61,4.393714,147.410144,0.693315,False,1.495284
1891,126.000000,59,62,3.400066,141.606834,0.961135,False,
1891,126.000000,60,61,4.662949,174.151073,0.419517,False,
1891,126.000000,60,62,3.841998,168.347763,0.797561,False,
1891,126.000000,61,62,1.379459,5.803310,0.399117,False,
1901,126.666667,59,60,1.008177,11.663850,0.967642,True,
1901,126.666667,59,61,3.343952,169.752631,0.370724,False,1.152996
1901,126.666667,59,62,2.505151,166.494116,0.810934,False,
1901,126.666667,59,63,2.445929,7.258215,0.263638,False,
1901,126.666667,60,61,3.789603,178.583519,0.388238,False,
1901,126.666667,60,62,3.235864,178.157965,0.750035,False,
1901,126.666667,60,63,2.117313,4.405634,0.076136,False,2.763804
1901,126.666667,61,62,1.320233,3.258516,0.504841,False,
1901,126.666667,62,63,4.938030,173.752331,0.963003,False,
1911,127.333333,38,59,9.045998,113.585130,0.017025,False,9.859989
1911,127.333333,59,60,0.927092,11.606048,0.996439,True,
1911,127.333333,59,61,2.461293,163.822518,0.088494,False,
1911,127.333333,59,62,1.881789,163.980065,0.550396,False,
1911,127.333333,59,63,2.243349,32.611394,0.397407,False,
1911,127.333333,60,61,3.041388,175.428565,0.591989,False,
1911,127.333333,60,62,2.731472,175.586113,0.874477,False,
1911,127.333333,60,63,1.894987,21.005347,0.117278,False,
1911,127.333333,61,62,1.273605,0.157548,0.412492,False,
1911,127.333333,61,63,4.703190,163.566088,0.991116,False,
1911,127.333333,62,63,4.006094,163.408540,0.955709,False,
1921,128.000000,59,60,0.878559,2.039606,0.988767,True,
1921,128.000000,59,61,1.766949,167.987918,0.379539,False,
1921,128.000000,59,62,1.719820,174.928993,0.971424,False,
1921,128.000000,59,63,1.916454,25.562688,0.177235,False,
1921,128.000000,60,61,2.532685,170.027524,0.658772,False,
1921,128.000000,60,62,2.594593,176.968599,0.983392,False,
1921,128.000000,60,63,1.597261,23.523082,0.338611,False,
1921,128.000000,61,62,1.257815,6.941075,0.487555,False,
1921,128.000000,61,63,3.627193,166.449395,0.984572,False,
1921,128.000000,62,63,3.113220,159.508320,0.714912,False,
1931,128.666667,59,60,0.945630,7.014445,0.906295,True,
1931,128.666667,59,61,0.966418,169.060537,0.757098,False,
1931,128.666667,59,62,1.749544,176.800698,0.971759,False,
1931,128.666667,59,63,1.682661,24.798798,0.049208,False,
1931,128.666667,60,61,1.911305,176.074983,0.830055,False,
1931,128.666667,60,62,2.514721,176.184856,0.990875,False,
1931,128.666667,60,63,1.290854,17.784353,0.569106,False,
1931,128.666667,61,62,1.202608,7.740161,0.684832,False,
1931,128.666667,61,63,2.393402,166.140665,0.978573,False,
1931,128.666667,62,63,2.342076,158.400504,0.468279,False,
1941,129.333333,59,60,0.866737,35.453859,0.944724,False,0.597237
1941,129.333333,59,61,1.094801,146.720259,0.996936,False,
1941,129.333333,59,62,2.251150,157.680927,0.939806,False,
1941,129.333333,59,63,1.450850,56.908785,0.132755,False,
1941,129.333333,60,61,1.691563,177.825881,0.999312,False,
1941,129.333333,60,62,2.697016,166.865213,0.711622,False,
1941,129.333333,60,63,1.238021,21.454926,0.823296,False,
1941,129.333333,61,62,1.171310,10.960668,0.707749,True,
1941,129.333333,61,63,1.318038,156.370955,0.959124,False,
1941,129.333333,62,63,1.816681,145.410287,0.064894,False,
1951,130.000000,59,60,0.582508,30.684461,0.953721,False,
1951,130.000000,59,61,1.827298,132.179270,0.950473,False,
1951,130.000000,59,62,2.981365,150.458347,0.918521,False,
1951,130.000000,59,63,1.218885,61.197218,0.510902,False,
1951,130.000000,60,61,1.925033,162.863731,0.987476,False,
1951,130.000000,60,62,3.126168,178.857192,0.747442,False,
1951,130.000000,60,63,1.226095,30.512757,0.915147,False,
1951,130.000000,61,62,1.202391,18.279077,0.889746,True,
1951,130.000000,61,63,0.706632,166.623512,0.389320,False,
1951,130.000000,62,63,1.908237,148.344435,0.584645,False,
1961,130.666667,38,60,7.597282,105.123133,0.063450,False,9.048030
1961,130.666667,59,60,0.543282,0.736525,0.966906,True,
1961,130.666667,59,61,2.540062,153.703417,0.787220,False,
1961,130.666667,59,62,3.590021,164.567051,0.855001,False,
1961,130.666667,59,63,1.169609,36.412741,0.823900,False,
1961,130.666667,60,61,2.533174,152.966892,0.925097,False,
1961,130.666667,60,62,3.712981,163.830526,0.955804,False,
1961,130.666667,60,63,1.412800,37.149265,0.971025,False,
1961,130.666667,61,62,1.337142,10.863634,0.973499,True,
1961,130.666667,61,63,1.520814,169.883843,0.728748,False,
1961,130.666667,62,63,2.430847,159.020209,0.964348,False,
1971,131.333333,59,60,0.569507,18.087325,0.925767,True,
1971,131.333333,59,61,3.454942,159.572616,0.542627,False,
1971,131.333333,59,62,4.277528,161.845608,0.783003,False,
1971,131.333333,59,63,1.215012,32.044187,0.943862,False,
1971,131.333333,60,61,3.362280,177.659942,0.510504,False,
1971,131.333333,60,62,4.328789,179.932934,0.649296,False,
1971,131.333333,60,63,1.606422,13.956862,0.998765,True,
1971,131.333333,61,62,1.320077,2.272992,0.979197,True,
1971,131.333333,61,63,2.799135,168.383197,0.998701,False,
1971,131.333333,62,63,3.324039,166.110205,0.928021,False,
1981,132.000000,59,60,0.402040,25.976892,0.950899,False,
1981,132.000000,59,63,1.332011,40.850088,0.995547,False,
1981,132.000000,60,63,1.652086,14.873196,0.982339,True,
1991,132.666667,59,60,0.399706,1.216940,0.992708,False,
1991,132.666667,59,63,1.573260,41.283215,0.987199,False,
1991,132.666667,60,63,1.935014,40.066275,0.961627,False,
2001,133.333333,64,65,0.456711,0.039486,0.789592,False,
2001,133.333333,64,66,1.936176,2.846560,0.877181,True,
2001,133.333333,65,66,2.385743,2.886045,0.858699,True,
2011,134.000000,64,65,0.456442,0.622818,0.904731,False,
2011,134.000000,64,66,2.214032,19.382473,0.778228,True,
2011,134.000000,65,66,2.670441,18.759655,0.776883,False,
2021,134.666667,64,65,0.443857,33.683530,0.996779,False,
2021,134.666667,64,66,2.711648,50.256151,0.778529,False,
2021,134.666667,65,66,3.152705,16.572621,0.687526,False,
2031,135.333333,64,65,0.373579,35.437634,0.701598,False,
2031,135.333333,64,66,3.321199,43.301341,0.759615,False,
2031,135.333333,65,66,3.658784,7.863706,0.627382,False,
2041,136.000000,64,65,0.360156,10.510133,0.681975,False,
2041,136.000000,64,66,3.766636,23.562037,0.652429,False,
2041,136.000000,65,66,4.110024,34.072169,0.600063,False,
2051,136.666667,64,65,0.640912,137.445413,0.689846,False,
2051,136.666667,64,66,4.208904,39.718367,0.721253,False,
2051,136.666667,65,66,4.756316,177.163781,0.507368,False,
2061,137.333333,64,65,0.877856,150.715204,0.603553,False,
2061,137.333333,64,66,4.762744,50.280429,0.801728,False,
2131,142.000000,67,68,2.575662,0.193619,0.117616,False,
2131,142.000000,67,69,4.474597,1.571086,0.077545,False,
2131,142.000000,68,69,1.900868,1.764706,0.045616,False,
2141,142.666667,67,68,2.514900,3.863330,0.130011,False,
2141,142.666667,67,69,4.513710,1.811704,0.115156,False,
2141,142.666667,68,69,2.001867,2.051626,0.040243,False,
2151,143.333333,67,68,2.580792,6.126021,0.078012,False,
2151,143.333333,67,69,4.496016,4.543966,0.175977,False,
2151,143.333333,68,69,1.915292,10.669987,0.132183,False,
2161,144.000000,67,68,2.527113,6.513743,0.067508,False,
2161,144.000000,67,69,4.427774,6.010411,0.241564,False,
2161,144.000000,68,69,1.912456,12.524154,0.269030,False,
2171,144.666667,67,68,2.525013,9.341571,0.042854,False,
2171,144.666667,67,69,4.368210,9.615537,0.236056,False,
2171,144.666667,68,69,1.882324,18.957108,0.314107,False,
2181,145.333333,67,68,2.630433,12.860851,0.110687,False,
2181,145.333333,67,69,4.379483,8.797236,0.295155,False,
2181,145.333333,68,69,1.906803,21.658087,0.487800,False,
2191,146.000000,67,68,2.687462,11.780973,0.132085,False,
2191,146.000000,67,69,4.359421,3.882900,0.295904,False,
2191,146.000000,68,69,1.954819,15.663873,0.579771,False,
2201,146.666667,67,68,2.725981,15.121282,0.215104,False,
2201,146.666667,67,69,4.298239,2.268525,0.292029,False,
2201,146.666667,68,69,2.005726,17.389807,0.633129,False,
2211,147.333333,67,68,2.892157,15.852554,0.312673,False,
2211,147.333333,67,69,4.215797,5.671815,0.198250,False,
2211,147.333333,68,69,2.022295,10.180739,0.666436,False,
2221,148.000000,67,68,3.062315,11.660978,0.353994,False,
2221,148.000000,67,69,4.189609,5.947761,0.119345,False,
2221,148.000000,68,69,1.924437,5.713216,0.692436,False,
2231,148.666667,68,69,1.961350,6.232404,0.724963,True,
2771,184.666667,71,72,0.746823,8.850039,0.982565,True,
2771,184.666667,71,73,2.536270,178.073549,0.903446,False,
2771,184.666667,72,73,3.051098,169.223511,0.942533,False,
2781,185.333333,71,72,0.835083,7.051867,0.983755,True,
2781,185.333333,71,73,1.521681,179.051309,0.961801,False,
2781,185.333333,72,73,2.238632,171.999441,0.659908,False,
2791,186.000000,71,72,0.892865,1.745981,0.981277,True,
2791,186.000000,71,73,0.920467,176.492132,0.427170,False,
2791,186.000000,72,73,1.796190,174.746151,0.375005,False,
2801,186.666667,71,72,0.891246,1.006163,0.968217,True,
2801,186.666667,71,73,1.565344,174.720953,0.581020,False,
2801,186.666667,72,73,2.040771,173.714790,0.796064,False,
2811,187.333333,71,72,0.932036,0.954114,0.948021,True,
2821,188.000000,71,72,0.881207,4.284943,0.934200,True,2.412558
2831,188.666667,71,72,0.838425,0.076146,0.948268,True,
2841,189.333333,71,72,0.873255,1.687748,0.956929,True,5.379901
2841,189.333333,71,75,5.936108,179.117919,0.059537,False,2.082601
2841,189.333333,71,76,6.708783,163.957530,0.640242,False,2.432977
2841,189.333333,71,77,6.500545,163.241432,0.662757,False,2.405788
2841,189.333333,72,76,7.061186,165.645277,0.642593,False,2.560902
2841,189.333333,72,79,7.470317,90.545957,0.065790,False,4.699184
2841,189.333333,72,80,8.617599,90.545957,0.026365,False,5.326618
2841,189.333333,75,76,0.967650,16.924552,0.519248,False,
2841,189.333333,75,77,1.261191,17.640649,0.867325,True,
2841,189.333333,75,78,1.398004,2.287267,0.894795,True,
2841,189.333333,75,79,1.643508,86.884213,0.608276,False,
2841,189.333333,75,80,2.545477,86.884213,0.268581,False,
2841,189.333333,76,77,0.626288,0.716097,0.984868,True,1.349218
2841,189.333333,76,78,1.489950,19.211819,0.544838,False,
2841,189.333333,76,79,1.712594,103.808765,0.999279,False,
2841,189.333333,76,80,2.147714,103.808765,0.811582,False,
2841,189.333333,77,78,1.060204,19.927916,0.211963,False,
2841,189.333333,77,79,2.334242,104.524863,0.997982,False,
2841,189.333333,77,80,2.726654,104.524863,0.871429,False,
2841,189.333333,78,79,2.957091,84.596946,0.738892,False,
2841,189.333333,78,80,3.619346,84.596946,0.503789,False,
2841,189.333333,79,80,1.190182,0.000000,0.000000,False,
2851,190.000000,71,72,0.795165,3.432388,0.981690,True,1.955765
2851,190.000000,71,75,4.914420,176.031542,0.268605,False,1.691112
2851,190.000000,71,76,5.702341,168.865631,0.587863,False,2.120689
2851,190.000000,71,78,4.517998,179.281954,0.409392,False,
2851,190.000000,71,79,6.724790,98.284352,0.053511,False,4.111289
2851,190.000000,71,80,7.829690,98.284352,0.007443,False,4.768872
2851,190.000000,72,78,4.978129,177.285658,0.339881,False,
2851,190.000000,72,79,6.855884,94.851964,0.002127,False,3.960694
2851,190.000000,72,80,8.001562,94.851964,0.045646,False,4.759127
2851,190.000000,75,76,0.908152,7.165911,0.505859,False,
2851,190.000000,75,77,1.162137,18.840757,0.834914,True,
2851,190.000000,75,78,1.410619,3.250412,0.885550,True,
2851,190.000000,75,79,2.007738,85.684106,0.479655,False,
2851,190.000000,75,80,2.968405,85.684106,0.209883,False,
2851,190.000000,76,77,0.617681,11.674846,0.971369,True,0.078870
2851,190.000000,76,78,1.568555,10.416323,0.513067,False,
2851,190.000000,76,79,1.783214,92.850017,0.888784,False,
2851,190.000000,76,80,2.428418,92.850017,0.572317,False,
2851,190.000000,77,78,1.115188,22.091169,0.310226,False,
2851,190.000000,77,79,2.396585,104.524863,0.972021,False,
2851,190.000000,77,80,2.952291,104.524863,0.804827,False,
2851,190.000000,78,79,3.262416,82.433694,0.641232,False,
2851,190.000000,78,80,3.996752,82.433694,0.422302,False,
2851,190.000000,79,80,1.190182,0.000000,0.000000,False,
2861,190.666667,71,72,0.791157,1.040019,0.993959,True,
2861,190.666667,71,75,3.857593,173.566333,0.214682,False,
2861,190.666667,71,76,4.644887,179.940551,0.252193,False,
2861,190.666667,71,78,3.539043,178.242248,0.615685,False,
2861,190.666667,71,79,6.097643,100.005145,0.026304,False,3.625259
2861,190.666667,71,80,7.202674,100.005145,0.040402,False,4.383981
2861,190.666667,72,75,4.128021,172.526314,0.022712,False,
2861,190.666667,72,76,4.977881,178.900532,0.338643,False,
2861,190.666667,72,78,4.061732,179.282267,0.658019,False,
2861,190.666667,72,79,6.206757,98.965126,0.082905,False,3.658459
2861,190.666667,75,76,0.902900,6.374219,0.701828,True,
2861,190.666667,75,78,1.454969,8.191419,0.823653,True,
2861,190.666667,75,79,2.403068,73.561188,0.203473,False,
2861,190.666667,75,80,3.397555,73.561188,0.024428,False,
2861,190.666667,76,78,1.588369,1.817200,0.414089,False,
2861,190.666667,76,79,2.093128,79.935407,0.641589,False,
2861,190.666667,76,80,2.849029,79.935407,0.312523,False,
2861,190.666667,78,79,3.644578,81.752607,0.568711,False,
2861,190.666667,78,80,4.433034,81.752607,0.373402,False,
2861,190.666667,79,80,1.190182,0.000000,0.000000,False,
2871,191.333333,71,72,0.765894,3.737709,0.999522,True,1.780562
2871,191.333333,71,75,2.810777,172.534272,0.224417,False,
2871,191.333333,71,76,3.667625,176.021063,0.554984,False,
2871,191.333333,71,78,2.642928,172.227288,0.971617,False,
2871,191.333333,71,79,5.507661,102.887779,0.021612,False,3.315056
2871,191.333333,71,81,3.810521,177.913433,0.645552,False,
2871,191.333333,72,75,3.131369,168.796563,0.105259,False,
2871,191.333333,72,76,4.017087,179.758772,0.486761,False,
2871,191.333333,72,78,3.234316,175.964997,0.908676,False,
2871,191.333333,72,79,5.575108,99.150070,0.094027,False,3.367289
2871,191.333333,72,81,4.305711,178.348858,0.614635,False,
2871,191.333333,75,76,0.887204,11.444665,0.604972,False,
2871,191.333333,75,78,1.315700,15.238440,0.779081,True,
2871,191.333333,75,79,2.930024,69.646493,0.127659,False,
2871,191.333333,75,80,3.917478,69.646493,0.068369,False,
2871,191.333333,75,81,1.438678,9.552295,0.974258,True,
2871,191.333333,76,78,1.634222,3.793774,0.410204,False,
2871,191.333333,76,79,2.455630,81.091159,0.571369,False,
2871,191.333333,76,80,3.272935,81.091159,0.297234,False,
2871,191.333333,76,81,0.927550,1.892370,0.955086,True,
2871,191.333333,78,79,4.066111,84.884933,0.553470,False,
2871,191.333333,78,80,4.903101,84.884933,0.386407,False,
2871,191.333333,78,81,1.280722,5.686144,0.190591,False,
2871,191.333333,79,80,1.190182,0.000000,0.000000,False,
2871,191.333333,79,81,3.231180,79.198789,0.686030,False,
2871,191.333333,80,81,3.864733,79.198789,0.452820,False,
2881,192.000000,71,72,0.708994,1.694627,0.999974,True,
2881,192.000000,71,75,1.854349,178.709863,0.506693,False,
2881,192.000000,71,76,2.710555,175.356143,0.250407,False,
2881,192.000000,71,78,2.000154,175.868588,0.999991,False,
2881,192.000000,71,79,4.911168,100.005145,0.020505,False,2.821027
2881,192.000000,71,80,6.021616,100.005145,0.058239,False,3.608750
2881,192.000000,71,81,3.077724,177.280574,0.579841,False,
2881,192.000000,72,75,2.272317,177.015236,0.793029,False,
2881,192.000000,72,76,3.108863,177.050770,0.543287,False,
2881,192.000000,72,78,2.660293,174.173961,0.980756,False,
2881,192.000000,72,79,4.963248,101.699772,0.151820,False,
2881,192.000000,72,81,3.619058,178.975201,0.776113,False,
2881,192.000000,75,76,0.856417,5.933994,0.493834,False,
2881,192.000000,75,78,1.245607,2.841275,0.809181,True,
2881,192.000000,75,79,3.378910,81.284993,0.295630,False,
2881,192.000000,75,80,4.376620,81.284993,0.130790,False,
2881,192.000000,75,81,1.433347,4.009563,0.931631,True,
2881,192.000000,76,78,1.638864,8.775269,0.349393,False,
2881,192.000000,76,79,2.824570,75.350999,0.397007,False,
2881,192.000000,76,80,3.699646,75.350999,0.157393,False,
2881,192.000000,76,81,0.952409,1.924431,0.956695,True,
2881,192.000000,78,79,4.454045,84.126267,0.489937,False,
2881,192.000000,78,81,1.365986,6.850838,0.246377,False,
2881,192.000000,79,80,1.190182,0.000000,0.000000,False,
2881,192.000000,79,81,3.526515,77.275429,0.602119,False,
2881,192.000000,80,81,4.217813,77.275429,0.384143,False,
2891,192.666667,71,72,0.802206,3.332693,0.998599,True,
2891,192.666667,71,75,0.906192,179.306432,0.708395,False,
2891,192.666667,71,76,1.855498,165.407947,0.226930,False,
2891,192.666667,71,78,1.754098,178.291150,0.935107,False,
2891,192.666667,71,79,4.283607,95.633982,0.112952,False,2.467049
2891,192.666667,71,80,5.389940,95.633982,0.021835,False,3.035497
2891,192.666667,71,81,2.366571,178.193443,0.823381,False,
2891,192.666667,72,75,1.615865,177.360875,0.970333,False,
2891,192.666667,72,76,2.480193,168.740640,0.588563,False,
2891,192.666667,72,78,2.544444,174.958457,0.804588,False,
2891,192.666667,72,79,4.333718,98.966676,0.130691,False,2.529810
2891,192.666667,72,81,3.111402,178.473864,0.958275,False,
2891,192.666667,75,76,0.966900,13.898485,0.626755,False,
2891,192.666667,75,78,1.359678,2.402418,0.796405,True,
2891,192.666667,75,79,3.819128,83.672449,0.289555,False,
2891,192.666667,75,80,4.838250,83.672449,0.150057,False,
2891,192.666667,75,81,1.496416,1.112988,0.933964,True,
2891,192.666667,76,78,1.751735,16.300903,0.235105,False,
2891,192.666667,76,79,3.269050,69.773965,0.273194,False,
2891,192.666667,76,80,4.156113,69.773965,0.060979,False,
2891,192.666667,76,81,0.916528,12.785496,0.910817,True,
2891,192.666667,78,79,4.997681,86.074867,0.471549,False,
2891,192.666667,78,81,1.432676,3.515407,0.215199,False,
2891,192.666667,79,80,1.190182,0.000000,0.000000,False,
2891,192.666667,79,81,3.987295,82.559461,0.611314,False,
2891,192.666667,80,81,4.735766,82.559461,0.429882,False,
2901,193.333333,71,72,0.781977,1.694302,0.998651,True,
2901,193.333333,71,75,0.872492,175.963750,0.905919,False,
2901,193.333333,71,76,1.320187,176.876455,0.825831,False,
2901,193.333333,71,78,2.179853,174.149949,0.521973,False,
2901,193.333333,71,79,3.654022,94.800679,0.144304,False,2.101252
2901,193.333333,71,80,4.756762,94.800679,0.037346,False,2.638237
2901,193.333333,71,81,2.016674,178.204027,0.999450,False,
2901,193.333333,72,75,1.560995,177.658052,0.974396,False,
2901,193.333333,72,76,2.084900,178.570757,0.951203,False,
2901,193.333333,72,78,2.808969,172.455647,0.613600,False,
2901,193.333333,72,79,3.676772,96.494981,0.098260,False,1.959879
2901,193.333333,72,80,4.843358,96.494981,0.153696,False,
2901,193.333333,72,81,2.798293,176.509724,0.998122,False,
2901,193.333333,75,76,1.071944,0.912706,0.549597,False,3.169151
2901,193.333333,75,78,1.309916,9.886302,0.772257,True,
2901,193.333333,75,79,4.298853,81.163071,0.220955,False,
2901,193.333333,75,81,1.471219,5.832224,0.886964,True,
2901,193.333333,76,78,1.841456,8.973596,0.271625,False,
2901,193.333333,76,79,3.646427,82.075777,0.438529,False,
2901,193.333333,76,80,4.551784,82.075777,0.260986,False,
2901,193.333333,76,81,0.790594,4.919518,0.954355,True,1.713762
2901,193.333333,76,82,4.451755,4.871025,0.054142,False,
2901,193.333333,78,81,1.586148,4.054078,0.118422,False,
2901,193.333333,79,80,1.190182,0.000000,0.000000,False,
2901,193.333333,79,81,4.247565,86.995295,0.621292,False,
2901,193.333333,79,82,2.350098,86.946802,0.826867,False,
2901,193.333333,80,82,1.637691,86.946802,0.994347,False,
2901,193.333333,81,82,4.703546,0.048493,0.147659,False,
2911,194.000000,71,72,0.838183,10.766365,0.996999,True,
2911,194.000000,71,75,1.705539,179.896073,0.528526,False,
2911,194.000000,71,76,1.489424,171.496234,0.898455,False,
2911,194.000000,71,78,2.951826,179.162432,0.690226,False,
2911,194.000000,71,79,3.030622,88.113010,0.293387,False,
2911,194.000000,71,80,4.123419,88.113010,0.163546,False,
2911,194.000000,71,81,2.213085,173.177268,0.980884,False,
2911,194.000000,71,82,3.860321,175.887017,0.898511,False,
2911,194.000000,72,75,2.161024,169.337562,0.408122,False,
2911,194.000000,72,76,2.204943,177.737401,0.756662,False,
2911,194.000000,72,78,3.453836,170.071203,0.260704,False,
2911,194.000000,72,79,3.042852,98.879376,0.166235,False,1.618693
2911,194.000000,72,80,4.215543,98.879376,0.221917,False,
2911,194.000000,72,81,2.978328,176.056367,0.811081,False,
2911,194.000000,72,82,4.280134,173.346618,0.996537,False,
2911,194.000000,75,76,0.834265,8.399839,0.560490,False,
2911,194.000000,75,78,1.292871,0.733641,0.783817,True,
2911,194.000000,75,79,4.700653,91.783063,0.378071,False,
2911,194.000000,75,81,1.425157,6.718805,0.879834,True,
2911,194.000000,76,78,1.641684,7.666198,0.292529,False,
2911,194.000000,76,79,4.231624,83.383223,0.385691,False,
2911,194.000000,76,81,0.800310,1.681034,0.995370,True,
2911,194.000000,76,82,4.465109,4.390783,0.038438,False,
2911,194.000000,78,81,1.564211,5.985164,0.186111,False,
2911,194.000000,79,80,1.190182,0.000000,0.000000,False,
2911,194.000000,79,81,4.672372,85.064258,0.544396,False,
2911,194.000000,79,82,2.055257,87.774007,0.940687,False,
2911,194.000000,80,82,1.697275,87.774007,0.963410,False,
2911,194.000000,81,82,4.561390,2.709749,0.152478,False,
2921,194.666667,71,72,1.021159,14.486996,0.999262,True,
2921,194.666667,71,75,2.638867,175.031262,0.168891,False,
2921,194.666667,71,76,2.277117,162.692827,0.984302,False,
2921,194.666667,71,78,3.879704,174.969697,0.804559,False,
2921,194.666667,71,79,2.459167,84.145022,0.447156,False,
2921,194.666667,71,80,3.517663,84.145022,0.274722,False,
2921,194.666667,71,81,2.799710,171.140317,0.999954,False,
2921,194.666667,71,82,2.692413,165.028417,0.737812,False,
2921,194.666667,72,75,3.009434,160.544266,0.059408,False,
2921,194.666667,72,76,2.935778,177.179822,0.768873,False,
2921,194.666667,72,78,4.382063,170.543307,0.072767,False,
2921,194.666667,72,79,2.373483,98.632018,0.212003,False,1.149286
2921,194.666667,72,80,3.554584,98.632018,0.261089,False,
2921,194.666667,72,81,3.571340,174.372687,0.512796,False,
2921,194.666667,72,82,3.281580,179.515413,0.704574,False,
2921,194.666667,75,76,0.913301,22.275911,0.680447,False,
2921,194.666667,75,78,1.405807,9.999040,0.819664,True,
2921,194.666667,75,81,1.479951,13.828421,0.882550,True,
2921,194.666667,76,78,1.653369,12.276871,0.190984,False,
2921,194.666667,76,79,4.700662,78.547804,0.275958,False,
2921,194.666667,76,81,0.733666,8.447491,0.979923,True,0.979973
2921,194.666667,76,82,4.357181,2.335591,0.119840,False,
2921,194.666667,78,81,1.555240,3.829380,0.194645,False,
2921,194.666667,79,80,1.190182,0.000000,0.000000,False,
2921,194.666667,79,82,1.926784,80.883395,0.997831,False,
2921,194.666667,80,82,1.933990,80.883395,0.769569,False,
2921,194.666667,81,82,4.515358,6.111900,0.110687,False,
2931,195.333333,71,72,1.170517,19.607924,0.999986,True,
2931,195.333333,71,79,1.881236,81.339109,0.617329,False,
2931,195.333333,71,80,2.880412,81.339109,0.377080,False,
2931,195.333333,71,82,1.700803,156.526291,0.374996,False,
2931,195.333333,72,79,1.689078,100.947033,0.330196,False,0.786405
2931,195.333333,72,80,2.877602,100.947033,0.356952,False,
2931,195.333333,72,82,2.660454,176.134215,0.826677,False,
2931,195.333333,79,80,1.190182,0.000000,0.000000,False,
2931,195.333333,79,82,2.131275,75.187182,0.901286,False,
2931,195.333333,80,82,2.415123,75.187182,0.570895,False,
2941,196.000000,71,72,1.487152,19.957209,0.999705,True,
2941,196.000000,71,79,1.445375,79.630489,0.850443,False,
2941,196.000000,71,80,2.284047,79.630489,0.520770,False,
2941,196.000000,71,82,1.139077,158.094638,0.439025,False,
2941,196.000000,72,79,1.080094,99.587698,0.532304,False,0.437925
2941,196.000000,72,80,2.261150,99.587698,0.450347,False,
2941,196.000000,72,82,2.626102,178.051847,0.999995,False,
2941,196.000000,79,80,1.190182,0.000000,0.000000,False,
2941,196.000000,79,82,2.396259,78.464149,0.826639,False,
2941,196.000000,80,82,2.861959,78.464149,0.524181,False,
2951,196.666667,71,72,1.636242,8.207031,0.999601,True,
2951,196.666667,71,79,1.209993,128.008371,0.987886,False,
2951,196.666667,71,80,1.745647,84.282499,0.604903,False,
2951,196.666667,71,82,1.617824,163.816970,0.979032,False,
2951,196.666667,72,79,0.576855,136.215402,0.833467,False,
2951,196.666667,72,80,1.662222,92.489530,0.474257,False,
2951,196.666667,72,82,3.004109,172.024001,0.997768,False,
2951,196.666667,79,80,1.190182,43.725872,0.853163,False,
2951,196.666667,79,82,2.737641,35.808599,0.722881,False,
2951,196.666667,80,82,3.339966,79.534471,0.462715,False,
2961,197.333333,71,72,1.690209,6.526379,0.996214,True,
2961,197.333333,71,79,1.234570,172.792301,0.935090,False,
2961,197.333333,71,80,1.260342,85.974403,0.797721,False,
2961,197.333333,72,79,0.717986,179.318680,0.663616,False,
2961,197.333333,72,80,0.990201,92.500782,0.768682,False,
2961,197.333333,79,80,1.204688,86.817897,0.247921,False,
2971,198.000000,71,72,1.805299,4.148058,0.998640,True,
2971,198.000000,71,79,1.615726,94.527879,0.776900,False,
2971,198.000000,71,80,1.019089,86.157589,0.990882,False,
2971,198.000000,72,79,1.318619,98.675936,0.475002,False,
2971,198.000000,72,80,0.790539,82.009532,0.997076,False,
2971,198.000000,79,80,1.209589,179.314532,0.140738,False,
2981,198.666667,71,72,1.596593,18.796442,0.999992,True,1.910364
2981,198.666667,71,79,2.054615,93.095189,0.637674,False,
2981,198.666667,71,80,1.060561,90.187282,0.908426,False,
2981,198.666667,72,79,1.856902,74.298747,0.454450,False,
2981,198.666667,72,80,0.899562,71.390840,0.884604,False,
2981,198.666667,79,80,1.214518,2.907908,0.962289,True,
3111,207.333333,83,84,3.337488,170.176437,0.658657,False,
3121,208.000000,83,84,2.479333,173.763542,0.226947,False,
3131,208.666667,83,84,1.935773,173.137958,0.212254,False,
3141,209.333333,83,84,1.856609,178.385180,0.955563,False,
3171,211.333333,83,85,6.740572,92.282898,0.037682,False,4.165483
3171,211.333333,83,86,7.766205,92.282898,0.003511,False,4.821081
3171,211.333333,85,86,1.055022,0.000000,0.000000,False,
3181,212.000000,83,85,6.128738,94.051594,0.002988,False,3.662946
3181,212.000000,83,86,7.155624,94.051594,0.033555,False,4.373634
3181,212.000000,85,86,1.055022,0.000000,0.000000,False,
3191,212.666667,83,85,5.533056,89.681160,0.084487,False,3.376283
3191,212.666667,83,86,6.559189,89.681160,0.043870,False,3.960710
3191,212.666667,85,86,1.055022,0.000000,0.000000,False,
3201,213.333333,83,85,4.916273,94.023694,0.023080,False,2.765789
3201,213.333333,83,86,5.939730,94.023694,0.024320,False,3.424235
3201,213.333333,85,86,1.055022,0.000000,0.000000,False,
3201,213.333333,85,87,2.184187,92.420805,0.969238,False,
3201,213.333333,86,87,2.039778,92.420805,0.968502,False,
3211,214.000000,83,85,4.281891,99.029497,0.075928,False,2.364361
3211,214.000000,83,87,4.335747,170.497986,0.383393,False,
3211,214.000000,85,86,1.055022,0.000000,0.000000,False,
3211,214.000000,85,87,2.127852,90.472517,0.990894,False,
3211,214.000000,86,87,2.343220,90.472517,0.824313,False,
3221,214.666667,83,85,3.645823,100.697731,0.115594,False,1.995368
3221,214.666667,83,86,4.675824,100.697731,0.170345,False,
3221,214.666667,83,87,3.221309,168.682486,0.427241,False,
3221,214.666667,85,86,1.055022,0.000000,0.000000,False,
3221,214.666667,85,87,2.354391,90.619783,0.907496,False,
3221,214.666667,86,87,2.823073,90.619783,0.695109,False,
3231,215.333333,83,85,3.011270,109.575446,0.300008,False,
3231,215.333333,83,86,4.048480,109.575446,0.352271,False,
3231,215.333333,83,87,2.371162,154.863606,0.172313,False,
3231,215.333333,85,86,1.055022,0.000000,0.000000,False,
3231,215.333333,85,87,2.697341,95.560948,0.832741,False,
3231,215.333333,86,87,3.339551,95.560948,0.647452,False,
3241,216.000000,83,85,2.456235,110.088658,0.405260,False,
3241,216.000000,83,86,3.506786,110.088658,0.435258,False,
3241,216.000000,83,87,2.150205,151.861588,0.453505,False,
3241,216.000000,85,86,1.055022,0.000000,0.000000,False,
3241,216.000000,85,87,3.147628,98.049753,0.733542,False,
3241,216.000000,86,87,3.918550,98.049753,0.579469,False,
3251,216.666667,83,85,1.883721,106.003978,0.430008,False,
3251,216.666667,83,86,2.938698,106.003978,0.433754,False,
3251,216.666667,85,86,1.055022,0.000000,0.000000,False,
3261,217.333333,83,85,1.395820,110.944173,0.663622,False,
3261,217.333333,83,86,2.440748,162.221839,0.606815,False,
3261,217.333333,85,86,1.055022,86.833988,0.229928,False,
3271,218.000000,83,85,1.052002,103.493487,0.843883,False,
3271,218.000000,83,86,1.997959,169.672525,0.656477,False,
3271,218.000000,85,86,1.035446,86.833988,0.234275,False,
3281,218.666667,83,85,0.783200,94.192688,0.989573,False,
3281,218.666667,83,86,1.521694,94.192688,0.680564,False,
3281,218.666667,85,86,1.035446,0.000000,0.000000,False,
3291,219.333333,83,85,0.897535,97.132973,0.848445,False,
3291,219.333333,83,86,1.189194,97.132973,0.902415,False,
3291,219.333333,85,86,1.035446,0.000000,0.000000,False,
3301,220.000000,83,85,1.305473,98.964726,0.571390,False,
3301,220.000000,83,86,1.093060,98.964726,0.996264,False,
3301,220.000000,85,86,1.035446,0.000000,0.000000,False,
3411,227.333333,89,90,0.571898,0.329033,0.981499,True,
3411,227.333333,89,91,3.420617,7.592862,0.123808,False,
3411,227.333333,90,91,3.328425,7.921895,0.047650,False,
3411,227.333333,91,92,4.384570,171.501650,0.368514,False,
3411,227.333333,92,93,0.924668,111.672837,0.228398,False,
3421,228.000000,89,90,0.579389,0.250755,0.964104,True,
3421,228.000000,89,91,3.451139,9.570153,0.081870,False,
3421,228.000000,90,91,3.348415,9.820908,0.089883,False,
3421,228.000000,90,93,7.992602,86.945420,0.043485,False,5.834512
3421,228.000000,91,92,3.868661,171.202652,0.416430,False,
3421,228.000000,91,93,4.781982,77.124512,0.360528,False,
3421,228.000000,92,93,0.968014,111.672836,0.218170,False,
3431,228.666667,89,90,0.588131,0.813981,0.974525,True,
3431,228.666667,89,91,3.490410,2.274388,0.054215,False,
3431,228.666667,90,91,3.383047,1.460406,0.107339,False,
3431,228.666667,91,92,3.351056,167.871589,0.437208,False,
3431,228.666667,91,93,4.280019,80.455574,0.348294,False,
3431,228.666667,92,93,1.011471,111.672837,0.208797,False,
3441,229.333333,89,90,0.571583,1.008138,0.987324,True,
3441,229.333333,89,91,3.516127,5.289757,0.089969,False,
3441,229.333333,90,91,3.388808,6.297895,0.062391,False,
3441,229.333333,91,92,2.858172,83.111882,0.471613,False,
3441,229.333333,91,93,3.762304,83.111882,0.345459,False,
3441,229.333333,92,93,1.011471,0.000000,0.000000,False,
3451,230.000000,89,90,0.571699,1.111887,0.973804,True,
3451,230.000000,89,91,3.507455,2.040143,0.083334,False,
3451,230.000000,90,91,3.371564,0.928256,0.088184,False,
3451,230.000000,91,92,2.425056,82.516417,0.565862,False,
3451,230.000000,91,93,3.292782,82.516417,0.405288,False,
3451,230.000000,92,93,1.011471,0.000000,0.000000,False,
3461,230.666667,89,90,0.597126,1.091987,0.971874,True,
3461,230.666667,89,91,3.424203,2.287159,0.096292,False,
3461,230.666667,90,91,3.272069,1.195172,0.086334,False,
3461,230.666667,90,92,4.876462,80.883622,0.238950,False,
3461,230.666667,91,92,2.043510,82.078794,0.678041,False,
3461,230.666667,91,93,2.855353,82.078794,0.474750,False,
3461,230.666667,92,93,1.011471,0.000000,0.000000,False,
3471,231.333333,89,90,0.597176,0.050907,0.978421,True,
3471,231.333333,89,91,3.354696,4.120750,0.120866,False,
3471,231.333333,89,92,4.689831,78.372253,0.419020,False,
3471,231.333333,90,91,3.192269,4.171656,0.054054,False,
3471,231.333333,90,92,4.359113,78.321346,0.317627,False,
3471,231.333333,91,92,1.730977,82.493002,0.797215,False,
3471,231.333333,91,93,2.455377,82.493002,0.546820,False,
3471,231.333333,92,93,1.011471,0.000000,0.000000,False,
3481,232.000000,89,90,0.597447,0.916090,0.962496,True,
3481,232.000000,89,91,3.247587,7.572638,0.050124,False,
3481,232.000000,89,92,4.205616,11.768526,0.414196,False,
3481,232.000000,90,91,3.075876,6.656548,0.138901,False,
3481,232.000000,90,92,3.849192,10.852436,0.287983,False,
3481,232.000000,90,93,4.817358,82.328426,0.225594,False,
3481,232.000000,91,92,1.508435,4.195888,0.858216,True,
3481,232.000000,91,93,2.109789,88.984974,0.542381,False,
3481,232.000000,91,94,2.725450,118.870404,0.544598,False,
3481,232.000000,92,93,1.011471,93.180862,0.221580,False,
3481,232.000000,92,94,2.285963,123.066292,0.997008,False,
3481,232.000000,93,94,1.409153,29.885430,0.947276,False,
3491,232.666667,89,90,0.614317,3.341879,0.962468,True,
3491,232.666667,89,91,3.298440,18.920592,0.004862,False,
3491,232.666667,89,92,3.727733,12.441153,0.473625,False,
3491,232.666667,89,93,4.619462,80.739710,0.382839,False,
3491,232.666667,90,91,3.110964,15.578713,0.214030,False,
3491,232.666667,90,92,3.343009,9.099273,0.296002,False,
3491,232.666667,90,93,4.282063,84.081589,0.217302,False,
3491,232.666667,91,92,1.270088,6.479440,0.942367,True,
3491,232.666667,91,93,1.613417,99.660302,0.535619,False,
3491,232.666667,91,94,2.011003,135.167569,0.364704,False,
3491,232.666667,91,95,2.466641,178.339963,0.524825,False,
3491,232.666667,92,93,0.991858,93.180862,0.225961,False,
3491,232.666667,92,94,2.297235,128.688129,0.995739,False,
3491,232.666667,92,95,3.130259,175.180597,0.867474,False,
3491,232.666667,93,94,1.512730,35.507267,0.924260,False,
3491,232.666667,93,95,2.486517,81.999735,0.968714,False,
3491,232.666667,94,95,1.027310,46.492468,0.968155,False,
3501,233.333333,89,90,0.664773,1.082466,0.958693,True,
3501,233.333333,89,91,3.189824,15.550896,0.062698,False,
3501,233.333333,89,92,3.331203,82.017789,0.523056,False,
3501,233.333333,89,93,4.194682,82.017789,0.407560,False,
3501,233.333333,89,94,4.640753,120.703271,0.842153,False,
3501,233.333333,89,95,4.539106,169.007210,0.616845,False,
3501,233.333333,90,91,2.927394,16.633362,0.113322,False,
3501,233.333333,90,92,2.865933,80.935323,0.403651,False,
3501,233.333333,90,93,3.790211,80.935323,0.301500,False,
3501,233.333333,90,94,4.451052,119.620804,0.649169,False,
3501,233.333333,90,95,4.478032,167.924744,0.910522,False,
3501,233.333333,91,92,1.129520,97.568685,0.999850,False,
3501,233.333333,91,93,1.274745,97.568685,0.652651,False,
3501,233.333333,91,94,1.554266,136.254167,0.395215,False,
3501,233.333333,91,95,1.861225,175.441894,0.665705,False,
3501,233.333333,92,93,0.991858,0.000000,0.000000,False,
3501,233.333333,92,94,2.315114,38.685482,0.988938,False,
3501,233.333333,92,95,2.874439,86.989421,0.911621,False,
3501,233.333333,93,94,1.640762,38.685482,0.865689,False,
3501,233.333333,93,95,2.408730,86.989421,0.996023,False,
3501,233.333333,94,95,0.892835,48.303939,0.799460,False,
3511,234.000000,89,90,0.673967,0.160660,0.832696,True,
3511,234.000000,89,91,3.390620,14.982518,0.036168,False,
3511,234.000000,89,92,2.995695,170.566454,0.547117,False,
3511,234.000000,89,93,3.837782,83.747316,0.408537,False,
3511,234.000000,89,94,4.046453,126.351358,0.637601,False,
3511,234.000000,89,95,3.512252,173.826691,0.624590,False,
3511,234.000000,90,91,2.967116,14.821858,0.128620,False,
3511,234.000000,90,92,2.392651,170.727114,0.447084,False,
3511,234.000000,90,93,3.288218,83.907976,0.303312,False,
3511,234.000000,90,94,3.755380,126.512018,0.489402,False,
3511,234.000000,90,95,3.342502,173.987351,0.778612,False,
3511,234.000000,91,92,1.331093,174.451028,0.918498,False,
3511,234.000000,91,93,0.994319,98.729834,0.910346,False,
3511,234.000000,91,94,1.092021,141.333876,0.475563,False,
3511,234.000000,91,95,1.412568,171.190791,0.805001,False,
3511,234.000000,92,93,0.991858,86.819138,0.225961,False,
3511,234.000000,92,94,2.422926,44.215096,0.972414,False,
3511,234.000000,92,95,2.614370,3.260237,0.970530,False,
3511,234.000000,93,94,1.896824,42.604042,0.796070,False,
3511,234.000000,93,95,2.393002,90.079375,0.989541,False,
3511,234.000000,94,95,0.846534,47.475333,0.347494,False,
3521,234.666667,89,90,0.676329,11.588191,0.932980,True,
3521,234.666667,89,91,3.327064,17.421237,0.197201,False,
3521,234.666667,89,92,2.491280,165.315479,0.732138,False,
3521,234.666667,89,93,3.286003,78.496342,0.562850,False,
3521,234.666667,89,94,3.248495,132.193277,0.558648,False,
3521,234.666667,89,95,2.336035,170.650680,0.975808,False,
3521,234.666667,90,91,2.984874,5.833046,0.092052,False,
3521,234.666667,90,92,1.917587,176.903670,0.436501,False,
3521,234.666667,90,93,2.803091,90.084533,0.237119,False,
3521,234.666667,90,94,3.160733,143.781468,0.240735,False,
3521,234.666667,90,95,2.446855,177.761129,0.450249,False,
3521,234.666667,91,92,1.576727,177.263283,0.682677,False,
3521,234.666667,91,93,0.824012,95.917579,0.976232,False,
3521,234.666667,91,94,1.264915,149.614514,0.932833,False,
3521,234.666667,91,95,2.022954,171.928082,0.873921,False,
3521,234.666667,92,93,1.011471,86.819138,0.221580,False,
3521,234.666667,92,94,2.477664,33.122203,0.989149,False,
3521,234.666667,92,95,2.551878,5.335201,0.999016,False,
3521,234.666667,93,94,2.043330,53.696935,0.840834,False,
3521,234.666667,93,95,2.574886,92.154339,0.938973,False,
3521,234.666667,94,95,1.154094,38.457404,0.096867,False,
3531,235.333333,89,90,0.822565,2.222661,0.941854,True,
3531,235.333333,89,91,3.414376,0.011279,0.265867,False,
3531,235.333333,89,92,2.194204,84.099083,0.785898,False,
3531,235.333333,89,93,2.889674,128.218101,0.591110,False,
3531,235.333333,89,94,2.464617,139.936115,0.610851,False,
3531,235.333333,89,95,1.352318,173.677149,0.992148,False,
3531,235.333333,90,91,3.033068,2.211382,0.023479,False,
3531,235.333333,90,92,1.446563,86.321744,0.622970,False,
3531,235.333333,90,93,2.281154,130.440762,0.367427,False,
3531,235.333333,90,94,2.545198,142.158776,0.240596,False,
3531,235.333333,90,95,1.789462,175.899809,0.948866,False,
3531,235.333333,91,92,2.099768,84.110362,0.388943,False,
3531,235.333333,91,93,1.191481,128.229380,0.615577,False,
3531,235.333333,91,94,1.779533,139.947394,0.970235,False,
3531,235.333333,91,95,2.797155,173.688428,0.799857,False,
3531,235.333333,92,93,1.011471,44.119018,0.824146,False,
3531,235.333333,92,94,2.562585,55.837032,0.959220,False,
3531,235.333333,92,95,2.548332,89.578066,0.976372,False,
3531,235.333333,93,94,2.281900,11.718015,0.766320,True,
3531,235.333333,93,95,2.781414,45.459048,0.821922,False,
3531,235.333333,94,95,1.314337,33.741033,0.208288,False,
3541,236.000000,89,90,0.730225,2.564115,0.905655,True,
3541,236.000000,89,92,1.839096,84.927823,0.885745,False,
3541,236.000000,89,93,2.394937,129.046841,0.687139,False,
3541,236.000000,89,95,1.025998,168.664410,0.591302,False,
3541,236.000000,90,92,1.111689,87.491938,0.840671,False,
3541,236.000000,90,93,1.772646,131.610956,0.495783,False,
3541,236.000000,90,95,1.730804,171.228525,0.282886,False,
3541,236.000000,92,93,0.996173,44.119018,0.836802,False,
3541,236.000000,92,95,2.808921,83.736587,0.861240,False,
3541,236.000000,93,95,3.189876,39.617569,0.635847,False,
3551,236.666667,89,90,0.906890,9.196636,0.881333,True,
3551,236.666667,89,92,1.742463,83.926451,0.981753,False,
3551,236.666667,89,93,2.042311,145.950719,0.790866,False,
3551,236.666667,90,92,0.878284,93.123088,0.991684,False,
3551,236.666667,90,93,1.195892,155.147356,0.509429,False,0.587647
3551,236.666667,92,93,0.967211,62.024268,0.664196,False,
3561,237.333333,89,90,0.946928,11.485997,0.893655,True,1.288748
3561,237.333333,89,92,1.655605,91.169052,0.999981,False,
3561,237.333333,89,93,1.711204,91.845343,0.794146,False,
3561,237.333333,90,92,0.987592,79.683055,0.748207,False,
3561,237.333333,90,93,0.764796,103.331340,0.885389,False,
3561,237.333333,92,93,0.962040,176.985605,0.963176,False,
3571,238.000000,89,90,0.689271,5.504362,0.850345,True,0.376510
3571,238.000000,89,92,1.742467,92.198936,0.955406,False,
3571,238.000000,89,93,1.532417,90.815459,0.943808,False,
3571,238.000000,90,92,1.418925,86.694574,0.707136,False,
3571,238.000000,90,93,0.905815,96.319821,0.999955,False,
3571,238.000000,92,93,0.948542,176.985605,0.976882,False,
3581,238.666667,89,90,0.763601,12.955884,0.856482,True,
3581,238.666667,89,92,2.014585,93.069928,0.830142,False,
3581,238.666667,89,93,1.500323,89.944466,0.994786,False,
3581,238.666667,90,92,1.745918,106.025812,0.732521,False,
3581,238.666667,90,93,0.949063,76.988583,0.949069,False,
3581,238.666667,92,93,0.944732,176.985605,0.980822,False,
4001,266.666667,96,97,0.878665,8.763194,0.868954,True,
4001,266.666667,96,98,2.338303,5.602106,0.657831,False,
4001,266.666667,97,98,2.633421,3.161088,0.831941,False,
4001,266.666667,98,99,6.660348,174.532497,0.184276,False,2.393604
4001,266.666667,99,100,4.101410,27.220190,0.269413,False,
4001,266.666667,99,101,4.115375,86.958698,0.506664,False,
4001,266.666667,99,102,4.979944,86.958698,0.385449,False,
4001,266.666667,100,101,2.035683,114.178888,0.732099,False,
4001,266.666667,100,102,1.861186,114.178888,0.978955,False,
4001,266.666667,101,102,1.060107,0.000000,0.000000,False,
4011,267.333333,96,97,0.875949,8.529833,0.844338,True,
4011,267.333333,96,98,2.419231,8.240538,0.582748,False,
4011,267.333333,97,98,2.620063,0.289294,0.781352,False,
4011,267.333333,99,100,4.170853,18.866707,0.426160,False,
4011,267.333333,99,101,4.681814,33.533164,0.591067,False,
4011,267.333333,100,101,1.654173,14.666456,0.893469,True,
4011,267.333333,100,102,1.844809,114.858846,0.989436,False,
4011,267.333333,101,102,1.060107,129.525302,0.553098,False,
4021,268.000000,96,97,0.840009,14.986420,0.746547,True,
4021,268.000000,96,98,2.539425,22.157199,0.611520,False,
4021,268.000000,97,98,2.682179,7.170780,0.759532,False,
4021,268.000000,98,99,4.738135,174.075140,0.253525,False,
4021,268.000000,99,100,4.069795,17.257545,0.468552,False,
4021,268.000000,100,101,1.482959,15.434549,0.998920,True,
4021,268.000000,100,102,2.049978,27.259236,0.877134,False,
4021,268.000000,101,102,1.083176,42.693785,0.257337,False,
4031,268.666667,96,97,0.780522,10.499048,0.566367,False,
4031,268.666667,96,98,2.734523,27.620988,0.666447,False,
4031,268.666667,97,98,2.770318,17.121941,0.797702,False,
4031,268.666667,98,99,3.795444,165.445479,0.303471,False,
4031,268.666667,99,100,4.032692,22.913571,0.495576,False,
4031,268.666667,100,101,1.633595,164.201180,0.905439,False,
4031,268.666667,100,102,2.461706,26.894965,0.727562,False,
4031,268.666667,101,102,1.063354,137.306215,0.652483,False,3.706145
4041,269.333333,96,97,0.782439,3.054858,0.655925,False,
4041,269.333333,96,98,2.739395,16.810576,0.637282,False,
4041,269.333333,97,98,2.817181,19.865434,0.848035,False,
4041,269.333333,97,99,4.804801,170.420104,0.078993,False,
4041,269.333333,98,99,3.051245,169.714461,0.182981,False,
4041,269.333333,99,100,3.988599,17.731213,0.610465,False,
4041,269.333333,100,101,2.067101,169.751333,0.702335,False,
4041,269.333333,100,102,2.980078,115.518792,0.625098,False,
4041,269.333333,101,102,0.972322,54.232541,0.534765,False,2.008943
4051,270.000000,96,97,0.834848,2.684413,0.603247,False,
4051,270.000000,96,98,2.535529,7.518372,0.793990,False,
4051,270.000000,96,99,4.280924,169.986586,0.146846,False,
4051,270.000000,97,98,2.700702,10.202785,0.956050,False,
4051,270.000000,97,99,3.948654,167.302173,0.200807,False,
4051,270.000000,98,99,2.477873,177.504958,0.331595,False,
4051,270.000000,99,100,3.984206,17.347364,0.636990,False,
4051,270.000000,100,101,2.647994,178.323193,0.536153,False,
4051,270.000000,100,102,3.526946,114.179916,0.505447,False,
4051,270.000000,101,102,0.886857,64.143277,0.429096,False,2.338356
4061,270.666667,96,97,0.869062,6.794056,0.528505,False,
4061,270.666667,96,98,2.413972,1.557771,0.880855,True,
4061,270.666667,96,99,3.488784,170.188443,0.103347,False,
4061,270.666667,97,98,2.667390,8.351827,0.998440,False,
4061,270.666667,97,99,3.222510,163.394387,0.158405,False,
4061,270.666667,98,99,1.930485,171.746214,0.379446,False,
4061,270.666667,99,100,3.963227,18.672994,0.678453,False,
4061,270.666667,100,101,3.286543,152.941143,0.445885,False,
4061,270.666667,100,102,4.152563,113.886666,0.430776,False,
4061,270.666667,101,102,0.866799,93.172192,0.064577,False,
4071,271.333333,96,97,0.923062,17.218983,0.655536,False,
4071,271.333333,96,98,2.224712,8.170417,0.873062,True,
4071,271.333333,96,99,2.694655,176.707860,0.206832,False,
4071,271.333333,97,98,2.681469,9.048566,0.996510,False,
4071,271.333333,97,99,2.634182,159.488877,0.242681,False,
4071,271.333333,98,99,1.484311,168.537443,0.560709,False,
4071,271.333333,99,100,3.971313,16.663593,0.745633,False,
4071,271.333333,100,101,3.876815,115.086035,0.386558,False,
4071,271.333333,100,102,4.743258,115.086035,0.391890,False,
4071,271.333333,101,102,0.866799,0.000000,0.000000,False,
4081,272.000000,96,97,1.089321,9.721488,0.700087,True,
4081,272.000000,96,98,2.063547,4.810208,0.940773,True,
4081,272.000000,96,99,1.901440,177.292567,0.466596,False,
4081,272.000000,96,100,4.839407,157.093400,0.923411,False,
4081,272.000000,97,98,2.762919,4.911280,0.987440,False,
4081,272.000000,97,99,2.186181,167.571078,0.399906,False,
4081,272.000000,97,100,4.019492,147.371911,0.923598,False,
4081,272.000000,98,99,1.019933,172.482359,0.734971,False,
4081,272.000000,99,100,3.993568,20.199167,0.752924,False,
4081,272.000000,100,101,4.484388,114.676694,0.329240,False,
4081,272.000000,101,102,0.866799,0.000000,0.000000,False,
4091,272.666667,96,97,1.064797,2.107422,0.746327,True,
4091,272.666667,96,98,1.991209,89.767184,0.995329,False,
4091,272.666667,96,99,1.341785,178.636414,0.911224,False,
4091,272.666667,96,100,3.849119,154.019251,0.996228,False,
4091,272.666667,96,101,8.756171,89.767184,0.057288,False,7.217386
4091,272.666667,96,102,9.621429,89.767184,0.051669,False,7.955227
4091,272.666667,97,98,2.833482,91.874606,0.976931,False,
4091,272.666667,97,99,2.126548,176.528992,0.999771,False,
4091,272.666667,97,100,2.989367,151.911829,0.907989,False,
4091,272.666667,98,99,0.708521,91.596401,0.977482,False,
4091,272.666667,98,100,4.701666,116.213565,0.930218,False,
4091,272.666667,99,100,4.133044,24.617164,0.785206,False,
4091,272.666667,101,102,0.866799,0.000000,0.000000,False,
4101,273.333333,96,97,1.027134,3.558684,0.840234,True,
4101,273.333333,96,98,1.972209,85.639919,0.997916,False,
4101,273.333333,96,99,1.385051,172.554377,0.405747,False,
4101,273.333333,96,100,3.040841,157.262274,0.976687,False,
4101,273.333333,97,98,2.921821,89.198604,0.958261,False,
4101,273.333333,97,99,2.404947,176.113061,0.648969,False,
4101,273.333333,97,100,2.152407,153.703590,0.976160,False,
4101,273.333333,97,101,7.692646,89.198604,0.030108,False,7.111920
4101,273.333333,97,102,8.558972,89.198604,0.026582,False,7.974133
4101,273.333333,98,99,0.793024,86.914457,0.923021,False,
4101,273.333333,98,100,4.523108,117.097807,0.973836,False,
4101,273.333333,99,100,4.261860,30.183349,0.808641,False,
4101,273.333333,101,102,0.866799,0.000000,0.000000,False,
4111,274.000000,96,97,1.010355,0.255284,0.849230,True,
4111,274.000000,96,98,2.068228,90.895790,0.916243,False,
4111,274.000000,96,99,2.059584,173.452698,0.744588,False,
4111,274.000000,96,100,2.397931,150.356215,0.827972,False,
4111,274.000000,96,101,7.779570,87.396849,0.073889,False,6.222324
4111,274.000000,96,102,8.643944,90.895790,0.046053,False,7.033822
4111,274.000000,97,98,3.071771,91.151074,0.894660,False,
4111,274.000000,97,99,3.024646,173.707982,0.999998,False,
4111,274.000000,97,100,1.409610,150.100931,0.796425,False,
4111,274.000000,97,102,8.116414,91.151074,0.061270,False,5.976179
4111,274.000000,98,99,1.037238,82.556907,0.709317,False,
4111,274.000000,98,100,4.415821,118.747995,0.998392,False,
4111,274.000000,99,100,4.433892,36.191088,0.847016,False,
4111,274.000000,101,102,0.866799,3.498941,0.997528,True,
4121,274.666667,96,97,1.098628,0.807178,0.771704,True,
4121,274.666667,96,98,2.308269,176.863466,0.854332,False,
4121,274.666667,96,99,2.844061,177.855784,0.597437,False,
4121,274.666667,96,100,2.179592,146.632189,0.345702,False,
4121,274.666667,96,101,7.367837,86.404639,0.083553,False,5.647768
4121,274.666667,96,102,8.232533,89.903580,0.059192,False,6.469130
4121,274.666667,97,98,3.398774,176.056287,0.836638,False,
4121,274.666667,97,99,3.889325,177.048605,0.979005,False,
4121,274.666667,97,100,1.256234,147.439367,0.115277,False,
4121,274.666667,97,101,6.657768,85.597461,0.023356,False,4.748047
4121,274.666667,97,102,7.521626,89.096402,0.033174,False,5.339389
4121,274.666667,98,99,1.412049,0.992318,0.451976,False,
4121,274.666667,98,100,4.447413,36.504345,0.989385,False,
4121,274.666667,99,100,4.649134,35.512027,0.912851,False,
4121,274.666667,101,102,0.865688,3.498941,0.998808,True,
4131,275.333333,96,97,1.036552,2.310367,0.870320,True,
4131,275.333333,96,98,2.630293,172.887789,0.778845,False,
4131,275.333333,96,99,3.812804,176.737706,0.643236,False,
4131,275.333333,96,100,2.554280,148.930995,0.306380,False,
4131,275.333333,97,98,3.658007,170.577422,0.831583,False,
4131,275.333333,97,99,4.697104,174.427339,0.008129,False,
4131,275.333333,97,100,1.961171,151.241362,0.456576,False,
4131,275.333333,97,101,6.208138,83.617536,0.058412,False,5.081388
4131,275.333333,97,102,7.072213,83.617536,0.066369,False,5.937262
4131,275.333333,98,99,1.870859,3.849917,0.312428,False,
4131,275.333333,98,100,4.625533,38.181216,0.962085,False,
4131,275.333333,99,100,4.938155,34.331299,0.936313,False,
4131,275.333333,101,102,0.865688,0.000000,0.000000,False,
4141,276.000000,96,97,0.998701,10.471023,0.835571,True,2.628807
4141,276.000000,96,100,3.140882,134.484124,0.637096,False,
4141,276.000000,96,101,6.353037,93.161078,0.029247,False,4.975739
4141,276.000000,96,102,7.216741,93.161078,0.020597,False,5.711018
4141,276.000000,97,100,2.797610,144.955147,0.871704,False,
4141,276.000000,97,101,5.758848,82.690055,0.079116,False,4.632294
4141,276.000000,97,102,6.623154,82.690055,0.087006,False,5.567798
4141,276.000000,101,102,0.865688,0.000000,0.000000,False,
4151,276.666667,96,97,0.895434,6.445517,0.820492,True,1.852183
4151,276.666667,96,100,3.795659,138.938605,0.842155,False,
4151,276.666667,97,100,3.656469,145.384122,0.923476,False,
4151,276.666667,97,101,5.287143,81.312275,0.111479,False,4.527682
4151,276.666667,101,102,0.865688,0.000000,0.000000,False,
4161,277.333333,96,97,0.871391,0.620442,0.890819,True,
4161,277.333333,96,100,4.668598,153.476842,0.831301,False,
4161,277.333333,97,100,4.530888,154.097284,0.957830,False,
4161,277.333333,97,101,4.856056,81.895365,0.112115,False,3.486882
4161,277.333333,101,102,0.865688,0.000000,0.000000,False,
4171,278.000000,96,97,0.914557,4.842345,0.758707,True,
4171,278.000000,96,101,4.908145,89.902012,0.124533,False,
4171,278.000000,97,101,4.244627,85.059667,0.071305,False,2.814511
4171,278.000000,97,102,5.110052,85.059667,0.075881,False,3.512653
4171,278.000000,101,102,0.865688,0.000000,0.000000,False,
4181,278.666667,96,97,0.849796,1.677292,0.805701,True,4.055484
4181,278.666667,96,101,4.414119,84.589331,0.223327,False,
4181,278.666667,97,101,3.802087,82.912039,0.110243,False,2.848097
4181,278.666667,97,102,4.667547,82.912039,0.114937,False,3.713956
4181,278.666667,101,102,0.865688,0.000000,0.000000,False,
4191,279.333333,96,97,0.863172,2.438783,0.834055,True,
4191,279.333333,96,101,3.948042,80.471598,0.336843,False,
4191,279.333333,96,102,4.804075,80.471598,0.308823,False,
4191,279.333333,97,101,3.310907,82.910380,0.139298,False,2.461857
4191,279.333333,97,102,4.176591,82.910380,0.138522,False,3.382429
4191,279.333333,101,102,0.865688,0.000000,0.000000,False,
4201,280.000000,96,97,0.850765,0.792327,0.836716,True,
4201,280.000000,96,101,3.464609,85.485076,0.290461,False,
4201,280.000000,96,102,4.315957,85.485076,0.251400,False,
4201,280.000000,97,101,2.868998,86.277404,0.087782,False,1.990692
4201,280.000000,97,102,3.734649,86.277404,0.085313,False,2.764549
4201,280.000000,101,102,0.865688,0.000000,0.000000,False,
4211,280.666667,96,97,0.852362,1.277427,0.902354,True,
4211,280.666667,96,101,3.023875,75.501312,0.489286,False,
4211,280.666667,96,102,3.869251,75.501312,0.441043,False,
4211,280.666667,97,101,2.385478,76.778739,0.274724,False,
4211,280.666667,97,102,3.250771,76.778739,0.265671,False,
4211,280.666667,101,102,0.865688,0.000000,0.000000,False,
4221,281.333333,96,97,0.878628,5.322015,0.950041,True,2.389987
4221,281.333333,96,101,2.637828,72.883813,0.629748,False,
4221,281.333333,96,102,3.459065,72.883813,0.556812,False,
4221,281.333333,97,101,1.929163,67.561798,0.517010,False,
4221,281.333333,97,102,2.789040,67.561798,0.479584,False,
4221,281.333333,101,102,0.865688,0.000000,0.000000,False,
4231,282.000000,96,97,0.759216,8.209567,0.890550,True,1.144054
4231,282.000000,96,101,2.234967,80.763393,0.612623,False,
4231,282.000000,96,102,3.027560,80.763393,0.501588,False,
4231,282.000000,97,101,1.550533,72.553825,0.585848,False,
4231,282.000000,97,102,2.389731,72.553825,0.492943,False,
4231,282.000000,101,102,0.865688,0.000000,0.000000,False,
4241,282.666667,96,97,0.761556,1.776433,0.895250,True,
4241,282.666667,96,101,1.897878,74.755602,0.787793,False,
4241,282.666667,96,102,2.647372,74.755602,0.654594,False,
4241,282.666667,96,103,2.075661,176.747627,0.275220,False,
4241,282.666667,97,101,1.157859,72.979170,0.728982,False,
4241,282.666667,97,102,1.960114,72.979170,0.565053,False,
4241,282.666667,97,103,2.195401,178.524059,0.611923,False,
4241,282.666667,101,102,0.865688,0.000000,0.000000,False,
4241,282.666667,101,103,2.508435,108.496771,0.943733,False,
4241,282.666667,102,103,2.651982,108.496771,0.999990,False,
4251,283.333333,96,97,0.802764,9.376515,0.825261,True,
4251,283.333333,96,101,1.692944,78.793486,0.882620,False,
4251,283.333333,96,102,2.344675,75.802751,0.741241,False,
4251,283.333333,96,103,1.086607,177.945074,0.861113,False,
4251,283.333333,97,101,0.920006,69.416971,0.988499,False,
4251,283.333333,97,102,1.546556,66.426237,0.810422,False,
4251,283.333333,97,103,1.499093,168.568559,0.865145,False,
4251,283.333333,101,102,0.865688,2.990735,0.999201,True,
4251,283.333333,101,103,2.372195,99.151588,0.995122,False,
4251,283.333333,102,103,2.734093,102.142323,0.906421,False,
4261,284.000000,96,97,0.729221,18.916153,0.630177,False,
4261,284.000000,96,101,1.461619,90.589694,0.889409,False,
4261,284.000000,96,102,1.988994,87.598959,0.701721,False,
4261,284.000000,96,103,1.175943,179.467147,0.846698,False,
4261,284.000000,97,101,0.944465,71.673540,0.956352,False,
4261,284.000000,97,102,1.278002,68.682806,0.930358,False,
4261,284.000000,97,103,1.854441,161.616700,0.307626,False,
4261,284.000000,101,102,0.867978,2.990735,0.996566,True,
4261,284.000000,101,103,2.633628,89.943160,0.870569,False,
4261,284.000000,102,103,3.132365,92.933894,0.684637,False,
4431,295.333333,104,105,0.945765,0.000000,0.000000,False,
4431,295.333333,104,106,1.289194,80.395620,0.998509,False,
4431,295.333333,104,107,1.963030,79.570805,0.998765,False,
4431,295.333333,105,106,1.734625,80.395620,0.813866,False,
4431,295.333333,105,107,2.259734,79.570805,0.928679,False,
4431,295.333333,106,107,0.688847,0.824815,0.977843,True,
4441,296.000000,104,105,0.945765,0.000000,0.000000,False,
4441,296.000000,104,106,1.290398,86.913253,0.999026,False,
4441,296.000000,104,107,1.974866,86.958698,0.999962,False,
4441,296.000000,105,106,1.646740,86.913253,0.793324,False,
4441,296.000000,105,107,2.211840,86.958698,0.900290,False,
4441,296.000000,106,107,0.686906,0.045445,0.998212,True,
4451,296.666667,104,105,0.945765,0.000000,0.000000,False,
4451,296.666667,104,106,1.278846,103.149104,0.985195,False,
4451,296.666667,104,107,1.965143,93.715108,0.999658,False,
4451,296.666667,105,106,1.518446,103.149104,0.666534,False,
4451,296.666667,105,107,2.116657,93.715108,0.883286,False,
4451,296.666667,106,107,0.686924,9.433996,0.989822,True,
4461,297.333333,104,105,0.945765,0.000000,0.000000,False,
4461,297.333333,104,106,1.222478,108.326460,0.998355,False,
4461,297.333333,104,107,1.970019,95.934836,0.997769,False,
4461,297.333333,105,106,1.307569,108.326460,0.681646,False,
4461,297.333333,105,107,2.003292,95.934836,0.915688,False,
4461,297.333333,106,107,0.761074,12.391624,0.982322,True,
4471,298.000000,104,105,0.945765,86.829045,0.019715,False,
4471,298.000000,104,106,1.240479,6.889661,0.937957,True,
4471,298.000000,104,107,1.988922,9.105661,0.984833,True,
4471,298.000000,105,106,1.188899,93.718706,0.900619,False,
4471,298.000000,105,107,1.927062,95.934706,0.949515,False,
4471,298.000000,106,107,0.781215,2.216000,0.999175,True,8.186522
4481,298.666667,104,105,0.925631,86.829045,0.020144,False,
4481,298.666667,104,106,1.376339,2.114610,0.782000,True,
4481,298.666667,104,107,2.043875,7.522787,0.950210,True,
4481,298.666667,105,106,1.129647,84.714435,0.998360,False,
4481,298.666667,105,107,1.866652,94.351832,0.987456,False,
4481,298.666667,106,107,0.743383,9.637397,0.999458,True,1.609037
4491,299.333333,104,105,0.925631,0.000000,0.000000,False,
4491,299.333333,104,106,1.516265,94.025179,0.819508,False,
4491,299.333333,104,107,2.100284,107.662374,0.988733,False,
4491,299.333333,105,106,1.146323,94.025179,0.998988,False,
4491,299.333333,105,107,1.850770,107.662374,0.953609,False,
4491,299.333333,106,107,0.705228,13.637195,0.973146,True,0.681553
4491,299.333333,106,108,4.772143,175.921644,0.232876,False,
4491,299.333333,107,108,4.658545,162.284449,0.052196,False,
4501,300.000000,104,105,0.925631,93.170955,0.020144,False,
4501,300.000000,104,106,1.638082,157.198218,0.895674,False,
4501,300.000000,104,107,2.144414,167.577615,0.898314,False,
4501,300.000000,105,106,1.119525,109.630828,0.995240,False,
4501,300.000000,105,107,1.737778,99.251430,0.999561,False,
4501,300.000000,105,108,4.626604,87.985791,0.552093,False,
4501,300.000000,106,107,0.622807,10.379397,0.987362,True,
4501,300.000000,106,108,3.907132,162.383381,0.211519,False,
4501,300.000000,107,108,3.684151,172.762779,0.158859,False,
4511,300.666667,104,105,0.945765,93.170955,0.019715,False,
4511,300.666667,104,106,1.775256,157.370637,0.818302,False,
4511,300.666667,104,107,2.313138,177.359882,0.710262,False,
4511,300.666667,104,108,4.855703,3.477984,0.519000,False,
4511,300.666667,105,106,1.101003,109.458408,0.988721,False,
4511,300.666667,105,107,1.839763,84.188928,0.929125,False,
4511,300.666667,105,108,4.054165,89.692971,0.612860,False,
4511,300.666667,106,107,0.798115,25.269481,0.986620,False,
4511,300.666667,106,108,3.085610,160.848621,0.359255,False,
4511,300.666667,107,108,2.801459,173.881898,0.287657,False,
4521,301.333333,104,105,0.945765,0.000000,0.000000,False,
4521,301.333333,104,106,1.922995,95.957572,0.587049,False,
4521,301.333333,104,107,2.424260,106.489519,0.896144,False,
4521,301.333333,104,108,4.166897,88.815597,0.606693,False,
4521,301.333333,105,106,1.174406,95.957572,0.849184,False,
4521,301.333333,105,107,1.880454,106.489519,0.995456,False,
4521,301.333333,105,108,3.425321,88.815597,0.722505,False,
4521,301.333333,106,107,0.816750,10.531947,0.976100,True,1.941911
4521,301.333333,106,108,2.264533,175.226831,0.647512,False,
4521,301.333333,107,108,1.846069,164.694884,0.266154,False,
4531,302.000000,104,105,0.945765,0.000000,0.000000,False,
4531,302.000000,104,106,2.149602,91.456543,0.467815,False,
4531,302.000000,104,107,2.536669,107.640035,0.854328,False,
4531,302.000000,104,108,3.709561,86.940543,0.720364,False,
4531,302.000000,105,106,1.346193,91.456543,0.704146,False,
4531,302.000000,105,107,1.897498,107.640035,0.974244,False,
4531,302.000000,105,108,3.059151,86.940543,0.846035,False,
4531,302.000000,106,107,0.708824,16.183492,0.981901,True,0.609720
4531,302.000000,106,108,1.759909,178.397086,0.922739,False,
4531,302.000000,107,108,1.177669,165.419422,0.665640,False,
4541,302.666667,104,105,0.945765,0.000000,0.000000,False,
4541,302.666667,104,106,2.327096,103.221402,0.606031,False,
4541,302.666667,104,107,2.681106,106.182053,0.803294,False,
4541,302.666667,104,108,3.241977,90.050284,0.779994,False,
4541,302.666667,105,106,1.493238,103.221402,0.777723,False,
4541,302.666667,105,107,1.984916,106.182053,0.936038,False,
4541,302.666667,105,108,2.720940,90.050284,0.917280,False,
4541,302.666667,106,107,0.673890,2.960651,0.970486,True,1.818889
4541,302.666667,106,108,1.583990,166.728314,0.997071,False,
4541,302.666667,107,108,0.913443,163.767663,0.998051,False,
4551,303.333333,104,105,0.945765,0.000000,0.000000,False,
4551,303.333333,104,106,2.572200,112.928052,0.668330,False,
4551,303.333333,104,107,2.870224,107.221007,0.755125,False,
4551,303.333333,105,106,1.690301,112.928052,0.780832,False,
4551,303.333333,105,107,2.102435,107.221007,0.882489,False,
4551,303.333333,106,107,0.675305,5.707046,0.942045,True,
4561,304.000000,104,105,0.945765,0.000000,0.000000,False,
4561,304.000000,104,106,2.792202,96.535173,0.361130,False,
4561,304.000000,104,107,3.049960,98.133377,0.596204,False,
4561,304.000000,105,106,1.880529,96.535173,0.461204,False,
4561,304.000000,105,107,2.242845,98.133377,0.736265,False,
4561,304.000000,106,107,0.748507,1.598205,0.988149,True,
4571,304.666667,104,105,0.945765,0.000000,0.000000,False,
4571,304.666667,104,106,3.074548,75.913432,0.009175,False,
4571,304.666667,104,107,3.240677,86.915661,0.397819,False,
4571,304.666667,105,106,2.161281,75.913432,0.104371,False,
4571,304.666667,105,107,2.412028,86.915661,0.541627,False,
4571,304.666667,106,107,0.675912,11.002229,0.998752,True,0.786117
4571,304.666667,109,110,2.842062,27.145200,0.347968,False,
4581,305.333333,104,105,0.945765,86.829045,0.019715,False,
4581,305.333333,104,106,3.275474,4.098630,0.264349,False,
4581,305.333333,104,107,3.392514,9.112009,0.519693,False,
4581,305.333333,105,106,2.361079,90.927675,0.349550,False,
4581,305.333333,105,107,2.555028,95.941054,0.646129,False,
4581,305.333333,106,107,0.660814,5.013379,0.973229,True,
4581,305.333333,106,110,7.828924,177.686926,0.019159,False,3.388688
4581,305.333333,107,110,7.947171,172.673547,0.149866,False,3.585041
4591,306.000000,104,105,0.925631,129.745798,0.666044,False,
4591,306.000000,104,106,3.557320,27.003939,0.443268,False,
4591,306.000000,104,107,3.619796,25.970387,0.611150,False,
4591,306.000000,105,106,2.652244,102.741859,0.481720,False,
4591,306.000000,105,107,2.773355,103.775411,0.685553,False,
4591,306.000000,106,107,0.646540,1.033552,0.904094,True,
4601,306.666667,104,105,0.925506,148.630465,0.881325,False,
4601,306.666667,104,106,3.805196,50.467062,0.385010,False,
4601,306.666667,104,107,3.829353,56.116755,0.449999,False,
4601,306.666667,105,106,2.890245,98.163404,0.362984,False,
4601,306.666667,105,107,2.960365,92.513710,0.480190,False,
4601,306.666667,106,107,0.669185,5.649694,0.946800,True,
4601,306.666667,107,110,6.177904,179.382674,0.002138,False,2.476157
4611,307.333333,104,105,0.905617,129.745798,0.695906,False,
4611,307.333333,104,106,3.984596,49.803143,0.094788,False,
4611,307.333333,104,107,4.121779,42.840988,0.354610,False,
4611,307.333333,105,106,3.086018,79.942655,0.042290,False,
4611,307.333333,105,107,3.258919,86.904810,0.361799,False,
4611,307.333333,106,107,0.675826,6.962155,0.998867,True,1.167812
4611,307.333333,107,110,5.232037,170.800288,0.186475,False,2.120051
4621,308.000000,104,105,0.886123,148.630466,0.900459,False,
4621,308.000000,104,106,4.228105,68.691100,0.103304,False,
4621,308.000000,104,107,4.292291,59.220403,0.398757,False,
4621,308.000000,105,106,3.347379,79.939365,0.046077,False,
4621,308.000000,105,107,3.437948,89.410063,0.378503,False,
4621,308.000000,106,107,0.605763,9.470698,0.997976,True,0.066969
4621,308.000000,106,110,4.364215,167.031309,0.308676,False,1.940809
4621,308.000000,107,110,4.424427,176.502007,0.075036,False,1.886454
4631,308.666667,104,105,0.887163,129.684136,0.543034,False,
4631,308.666667,104,106,4.427081,130.532454,0.558456,False,
4631,308.666667,104,107,4.505866,137.899546,0.611571,False,
4631,308.666667,105,106,3.543039,99.783410,0.373832,False,
4631,308.666667,105,107,3.642709,92.416318,0.408264,False,
4631,308.666667,106,107,0.603938,7.367092,0.970097,True,
4631,308.666667,106,110,3.561663,177.130224,0.227883,False,
4631,308.666667,107,110,3.605550,175.502684,0.127767,False,1.505542
4641,309.333333,104,105,0.992737,151.413677,0.785367,False,
4641,309.333333,104,106,4.800500,102.825766,0.682960,False,
4641,309.333333,104,107,4.761975,114.231668,0.695141,False,
4641,309.333333,105,106,3.807768,105.760557,0.432444,False,
4641,309.333333,105,107,3.783010,94.354656,0.418578,False,
4641,309.333333,106,107,0.696850,11.405902,0.884806,True,
4641,309.333333,106,110,2.720802,175.454441,0.429603,False,
4641,309.333333,107,110,2.809367,173.139658,0.294435,False,1.242061
4651,310.000000,104,105,0.984435,164.883268,0.999851,False,
4651,310.000000,104,106,4.982540,75.375608,0.369610,False,
4651,310.000000,105,106,4.001595,89.507659,0.143459,False,
4651,310.000000,105,107,4.023989,94.917321,0.406313,False,
4651,310.000000,106,107,0.721845,5.409662,0.967258,True,2.399587
4651,310.000000,106,110,1.958867,169.247379,0.670347,False,
4651,310.000000,107,110,1.901989,174.657040,0.333932,False,0.640349
4661,310.666667,104,105,0.988238,177.044760,0.977278,False,
4661,310.666667,105,106,4.200747,77.992752,0.052831,False,
4661,310.666667,105,107,4.259503,94.354656,0.370553,False,
4661,310.666667,106,107,0.623567,16.361903,0.996753,True,0.165138
4661,310.666667,106,110,1.366825,154.079231,0.948963,False,
4661,310.666667,107,110,1.064052,170.441134,0.657454,False,
4671,311.333333,104,105,0.992382,61.943786,0.204591,False,7.301445
4671,311.333333,105,106,4.359363,99.778604,0.322057,False,
4671,311.333333,105,107,4.412304,99.738338,0.448203,False,
4671,311.333333,105,110,4.747638,85.436546,0.458226,False,
4671,311.333333,106,107,0.605131,0.040267,0.952657,True,
4671,311.333333,106,110,1.152612,174.784850,0.999707,False,
4671,311.333333,107,110,0.573010,174.825116,0.971825,False,
4681,312.000000,104,105,0.944838,44.027290,0.520741,False,2.239619
4681,312.000000,105,106,4.592323,113.922449,0.518774,False,
4681,312.000000,105,107,4.627079,110.229560,0.578076,False,
4681,312.000000,105,110,4.108667,87.029202,0.483195,False,
4681,312.000000,106,107,0.624666,3.692888,0.864815,True,
4681,312.000000,106,110,1.484624,159.048350,0.897287,False,
4681,312.000000,107,110,0.973103,162.741238,0.696236,False,
4691,312.666667,104,105,0.852640,12.390226,0.999580,True,
4691,312.666667,104,110,4.370801,82.245702,0.556020,False,
4691,312.666667,104,112,2.535994,102.826697,0.935747,False,
4691,312.666667,105,106,4.809661,103.802456,0.332169,False,
4691,312.666667,105,107,4.824712,101.475071,0.418545,False,
4691,312.666667,105,110,3.566440,94.635928,0.463664,False,
4691,312.666667,105,112,2.386513,90.436471,0.981488,False,
4691,312.666667,106,107,0.644527,2.327385,0.935145,True,
4691,312.666667,106,110,2.278899,161.561616,0.793813,False,
4691,312.666667,107,110,1.859199,163.889001,0.610616,False,
4691,312.666667,110,112,3.483298,174.927601,0.752122,False,1.049816
4701,313.333333,104,105,0.967200,41.167634,0.751109,False,
4701,313.333333,104,110,3.753279,59.591681,0.416772,False,2.114558
4701,313.333333,104,112,2.592185,130.831933,0.794518,False,
4701,313.333333,105,110,2.923317,100.759315,0.415609,False,
4701,313.333333,105,112,2.346094,89.664299,0.997544,False,
4701,313.333333,106,107,0.644492,2.501265,0.999851,True,1.873054
4701,313.333333,106,110,2.867151,179.686800,0.585941,False,
4701,313.333333,107,110,2.571726,177.185535,0.421786,False,
4701,313.333333,107,112,4.897279,7.609149,0.290588,False,
4701,313.333333,110,112,2.327700,169.576386,0.939062,False,
4711,314.000000,104,105,1.010002,75.989905,0.205928,False,
4711,314.000000,104,110,3.152348,24.564339,0.379114,False,
4711,314.000000,104,112,2.877433,164.792430,0.771193,False,
4711,314.000000,105,110,2.369471,100.554244,0.554637,False,
4711,314.000000,105,112,2.454269,88.802525,0.952335,False,
4711,314.000000,106,107,0.625503,2.742740,0.997496,True,1.060869
4711,314.000000,106,110,3.687640,176.731636,0.448871,False,
4711,314.000000,106,112,4.863150,12.625133,0.442817,False,
4711,314.000000,107,110,3.461127,179.474376,0.315946,False,
4711,314.000000,107,112,4.580723,9.882393,0.321715,False,
4711,314.000000,110,112,1.218522,170.643231,0.978694,False,
4721,314.666667,104,105,1.090195,154.616727,0.916032,False,
4721,314.666667,104,110,2.535100,51.128299,0.322022,False,
4721,314.666667,104,112,3.315729,107.672041,0.811884,False,
4721,314.666667,105,110,1.762400,103.488428,0.657044,False,
4721,314.666667,105,112,2.683038,97.711232,0.936751,False,
4721,314.666667,106,107,0.625247,0.358844,0.974240,True,
4721,314.666667,106,110,4.434256,162.149424,0.531053,False,
4721,314.666667,106,112,4.477075,3.349084,0.287293,False,
4721,314.666667,107,110,4.264450,161.790580,0.402589,False,
4721,314.666667,107,112,4.178993,2.990240,0.161422,False,3.656734
4721,314.666667,110,112,0.960700,158.800340,0.002977,False,
4731,315.333333,104,105,1.027503,129.760259,0.640232,False,
4731,315.333333,104,110,1.902334,132.598110,0.571680,False,
4731,315.333333,104,112,3.677872,27.002147,0.768738,False,
4731,315.333333,105,110,1.368085,97.641631,0.928289,False,
4731,315.333333,105,112,2.915762,102.758113,0.877317,False,
4731,315.333333,106,107,0.628357,0.063071,0.912256,True,
4731,315.333333,106,112,4.066386,1.024204,0.194406,False,
4731,315.333333,107,112,3.744736,0.961133,0.057501,False,2.936381
4731,315.333333,110,112,1.811260,159.600256,0.863073,False,
4741,316.000000,104,105,1.047609,147.261913,0.840123,False,
4741,316.000000,104,110,1.443584,43.928072,0.708653,False,
4741,316.000000,104,112,4.197809,115.673238,0.636041,False,
4741,316.000000,105,110,1.297940,103.333841,0.999585,False,
4741,316.000000,105,112,3.324316,97.064849,0.711799,False,
4741,316.000000,106,107,0.627078,1.985632,0.980838,True,1.112786
4741,316.000000,106,112,3.630285,5.613715,0.354009,False,
4741,316.000000,107,112,3.310367,3.628083,0.195915,False,3.110537
4741,316.000000,110,112,3.052549,159.601310,0.900761,False,
4751,316.666667,104,105,1.066518,86.797643,0.000275,False,
4751,316.666667,104,110,1.083492,68.882361,0.969941,False,
4751,316.666667,104,112,4.698600,128.234065,0.527228,False,
4751,316.666667,105,110,1.400156,17.915282,0.848404,True,
4751,316.666667,105,112,3.742950,144.968292,0.673578,False,
4751,316.666667,106,107,0.608327,2.301458,0.993793,True,0.338558
4751,316.666667,106,112,3.328551,23.401226,0.453176,False,2.784704
4751,316.666667,107,112,3.008135,21.099768,0.290649,False,2.359302
4751,316.666667,110,112,4.224849,162.883574,0.911520,False,
4761,317.333333,104,105,0.994477,90.276119,0.579937,False,
4761,317.333333,104,110,1.137440,87.117954,0.830026,False,
4761,317.333333,105,110,1.886790,3.158165,0.565619,False,
4761,317.333333,105,112,4.378647,178.403658,0.423327,False,
4761,317.333333,106,107,0.607395,0.103584,0.997305,True,6.603152
4761,317.333333,106,112,2.812662,11.784323,0.534268,False,
4761,317.333333,107,112,2.493681,11.680740,0.359296,False,1.848747
4771,318.000000,104,105,0.970060,25.887056,0.568254,False,
4771,318.000000,106,107,0.607385,2.358778,0.942457,True,
4771,318.000000,106,112,2.461270,16.099145,0.607400,False,
4771,318.000000,107,112,2.068094,13.740367,0.442300,False,
4781,318.666667,104,105,0.971874,0.006179,0.115098,False,
4781,318.666667,106,107,0.627012,2.194812,0.896740,True,
4781,318.666667,106,112,2.195332,15.517401,0.601812,False,
4781,318.666667,107,112,1.736867,13.322589,0.423525,False,
4791,319.333333,104,105,1.010002,86.827808,0.092344,False,
4791,319.333333,106,107,0.627713,2.502071,0.983849,True,1.115810
4791,319.333333,106,112,1.923649,3.459105,0.840306,True,
4791,319.333333,107,112,1.390388,5.961176,0.706487,True,
4801,320.000000,104,105,1.011815,86.833988,0.110486,False,
4801,320.000000,106,107,0.607080,2.987249,0.997360,True,0.272451
4801,320.000000,106,112,1.719991,11.138020,0.959250,True,
4801,320.000000,107,112,1.139192,8.150771,0.911258,True,
4811,320.666667,104,105,0.989965,86.835222,0.094082,False,
4811,320.666667,106,107,0.606577,7.088416,0.999896,True,
4811,320.666667,106,112,1.533070,1.887725,0.991568,True,
4811,320.666667,107,112,0.926813,8.976142,0.994651,True,
4821,321.333333,104,105,0.991819,86.833987,0.112713,False,7.871361
4821,321.333333,106,107,0.678755,15.748262,0.998537,True,
4821,321.333333,106,112,1.600146,15.082366,0.999874,True,
4821,321.333333,107,112,0.921497,0.665896,0.993253,True,
4831,322.000000,104,105,0.949903,2.943408,0.995553,True,
4831,322.000000,106,107,0.769161,9.260424,0.865350,True,
4831,322.000000,106,112,1.737278,17.343410,0.996416,True,
4831,322.000000,107,112,1.099702,8.082987,0.896521,True,
4841,322.666667,104,105,0.994019,133.249087,0.132291,False,
4841,322.666667,106,107,0.799415,0.095169,0.930280,True,
4841,322.666667,106,112,1.860045,9.059998,0.943620,True,
4841,322.666667,107,112,1.278746,9.155167,0.772408,True,
4851,323.333333,104,105,0.974267,47.672091,0.978348,False,
4851,323.333333,106,107,0.739192,14.919183,0.989936,True,1.315299
4851,323.333333,106,112,2.020923,4.621080,0.820169,True,
4851,323.333333,107,112,1.520854,10.298103,0.663057,False,
4861,324.000000,104,105,1.016844,47.659886,0.940497,False,
4861,324.000000,106,107,0.715766,3.165578,0.968022,True,
4861,324.000000,106,112,2.100388,12.223949,0.872823,True,
4861,324.000000,107,112,1.735953,9.058372,0.690402,False,
4871,324.666667,104,105,0.994400,125.594229,0.880480,False,2.575643
4871,324.666667,106,107,0.734592,7.602614,0.940645,True,
4871,324.666667,106,112,2.140214,1.345358,0.837209,True,
4871,324.666667,107,112,1.853159,8.947972,0.576559,False,
4881,325.333333,104,105,0.890278,160.756137,0.829155,False,
4881,325.333333,106,107,0.776138,1.518066,0.919355,True,
4881,325.333333,106,112,2.389996,9.710776,0.679138,False,
4881,325.333333,107,112,2.164453,8.192710,0.404441,False,
4891,326.000000,104,105,0.967384,103.299037,0.639068,False,
4891,326.000000,106,107,0.724460,20.336865,0.970047,False,0.635775
4891,326.000000,106,112,2.664316,9.450896,0.603543,False,
4891,326.000000,107,112,2.414696,10.885969,0.459376,False,
4901,326.666667,104,105,0.966227,18.087151,0.542038,False,7.236863
4901,326.666667,106,107,0.611114,31.048049,0.996440,False,0.039689
4901,326.666667,106,112,2.910148,26.022116,0.507556,False,
4901,326.666667,107,112,2.736501,5.025933,0.448268,False,
4911,327.333333,104,105,0.926958,2.955240,0.998396,True,
4911,327.333333,106,107,0.500318,23.724510,0.993095,False,
4921,328.000000,104,105,0.967384,36.993400,0.548205,False,
4921,328.000000,106,107,0.443347,2.879538,0.999159,False,
4931,328.666667,104,105,0.987487,129.745799,0.638340,False,
4931,328.666667,106,107,0.459219,0.556966,0.978381,False,
4941,329.333333,104,105,0.905538,121.699042,0.571752,False,3.591350
4941,329.333333,106,107,0.459490,0.144616,0.997630,False,
4951,330.000000,104,105,0.905538,0.000000,0.000000,False,
4951,330.000000,106,107,0.459225,0.055157,0.997934,False,
4961,330.666667,104,105,0.905538,136.200059,0.682338,False,
4961,330.666667,106,107,0.458970,0.030813,0.999618,False,
4971,331.333333,104,105,0.885742,155.131958,0.892316,False,
4971,331.333333,106,107,0.459073,25.391897,0.997096,False,
4981,332.000000,104,105,0.886442,148.256739,0.857317,False,
4981,332.000000,106,107,0.644664,31.075464,0.990946,False,
4991,332.666667,104,105,0.955581,168.827590,0.961912,False,
4991,332.666667,106,107,0.680354,5.328157,0.988508,True,
5001,333.333333,104,105,0.925745,115.275970,0.729368,False,
5001,333.333333,106,107,0.680527,2.462208,0.984987,True,
5011,334.000000,104,105,1.060440,162.151986,0.249692,False,
5011,334.000000,106,107,0.699325,5.635522,0.975992,True,
5241,349.333333,113,114,1.010960,6.787400,0.968935,True,
5241,349.333333,113,117,4.184710,96.069790,0.939906,False,
5241,349.333333,114,117,3.190157,102.857189,0.869525,False,
5241,349.333333,115,116,1.552960,113.495123,0.871128,False,
5241,349.333333,115,117,3.892110,113.495123,0.138546,False,2.553879
5241,349.333333,116,117,3.624950,0.000000,0.000000,False,
5251,350.000000,113,114,1.048559,6.195732,0.974015,True,4.253754
5251,350.000000,113,117,4.080592,102.036206,0.930985,False,
5251,350.000000,114,115,4.393849,147.556659,0.997043,False,
5251,350.000000,114,117,3.038149,95.840475,0.956020,False,
5251,350.000000,115,116,1.367542,116.602866,0.979853,False,
5251,350.000000,115,117,3.335933,116.602866,0.214908,False,
5251,350.000000,116,117,3.624950,0.000000,0.000000,False,
5261,350.666667,113,114,0.920856,8.016588,0.986134,True,2.385841
5261,350.666667,113,115,4.518062,143.092022,0.895205,False,
5261,350.666667,113,117,3.910744,100.729322,0.968277,False,
5261,350.666667,114,115,3.852336,151.108610,0.979279,False,
5261,350.666667,114,117,2.990075,92.712734,0.993038,False,
5261,350.666667,115,116,1.332786,116.178656,0.981119,False,
5261,350.666667,115,117,2.837003,116.178656,0.256302,False,
5261,350.666667,116,117,3.624950,0.000000,0.000000,False,
5271,351.333333,113,114,0.939777,9.410874,0.988060,True,
5271,351.333333,113,115,4.158084,155.704166,0.873010,False,
5271,351.333333,113,117,3.885224,69.372227,0.988010,False,
5271,351.333333,114,115,3.359708,146.293292,0.871705,False,
5271,351.333333,114,116,4.882989,100.453404,0.566018,False,
5271,351.333333,114,117,2.948832,78.783101,0.999827,False,
5271,351.333333,115,116,1.585498,113.253304,0.818125,False,
5271,351.333333,115,117,2.264256,134.923607,0.167177,False,
5271,351.333333,116,117,3.624950,21.670303,0.971541,False,
5281,352.000000,113,114,1.051468,7.574358,0.987911,True,
5281,352.000000,113,115,3.974611,152.549722,0.748016,False,
5281,352.000000,113,117,3.794067,92.655674,0.912708,False,
5281,352.000000,114,115,2.972063,144.975363,0.679839,False,
5281,352.000000,114,116,4.507462,98.845980,0.629392,False,
5281,352.000000,114,117,2.766626,100.230032,0.945997,False,
5281,352.000000,115,116,1.920409,116.178656,0.710032,False,
5281,352.000000,115,117,1.726560,114.794604,0.245103,False,
5281,352.000000,116,117,3.596239,1.384052,0.980355,False,
5291,352.666667,113,114,1.054268,12.205722,0.985905,True,
5291,352.666667,113,115,4.056871,148.158698,0.668086,False,
5291,352.666667,113,117,3.719704,132.155032,0.986231,False,
5291,352.666667,114,115,3.002766,160.364420,0.688471,False,
5291,352.666667,114,116,4.259533,95.121690,0.828839,False,
5291,352.666667,114,117,2.748789,119.949310,0.873079,False,
5291,352.666667,115,116,2.378858,104.513890,0.500823,False,
5291,352.666667,115,117,1.304191,79.686270,0.595060,False,
5291,352.666667,116,117,3.670840,24.827621,0.762174,False,
5301,353.333333,113,114,0.910519,8.321286,0.982933,True,2.858183
5301,353.333333,113,115,4.147982,161.574998,0.649484,False,
5301,353.333333,113,116,4.892860,103.440485,0.838105,False,
5301,353.333333,113,117,3.773689,16.626548,0.977215,False,
5301,353.333333,114,115,3.286806,169.896284,0.683541,False,
5301,353.333333,114,116,4.046854,95.119199,0.873444,False,
5301,353.333333,114,117,3.001215,24.947834,0.879462,False,
5301,353.333333,115,116,2.912566,94.984517,0.261776,False,
5301,353.333333,115,117,0.864523,144.948450,0.797074,False,
5301,353.333333,116,117,3.652299,120.067033,0.250440,False,
5311,354.000000,113,114,0.950379,10.487464,0.978313,True,
5311,354.000000,113,115,4.471975,178.939722,0.940289,False,
5311,354.000000,113,116,4.739271,85.534277,0.934311,False,
5311,354.000000,113,117,3.890408,91.882940,0.850019,False,
5311,354.000000,114,115,3.679475,170.572814,0.617830,False,
5311,354.000000,114,116,3.825390,96.021741,0.820342,False,
5311,354.000000,114,117,3.148729,102.370404,0.858572,False,
5311,354.000000,115,116,3.477526,93.405445,0.074311,False,
5311,354.000000,115,117,0.654184,87.056782,0.994627,False,
5311,354.000000,116,117,3.618509,6.348663,0.953523,False,
5321,354.666667,113,114,1.059643,1.732414,0.984117,True,
5321,354.666667,113,115,4.886382,167.834781,0.377000,False,
5321,354.666667,113,116,4.616975,89.518748,0.939390,False,
5321,354.666667,113,117,4.093206,131.762214,0.897225,False,
5321,354.666667,114,115,4.125024,166.102367,0.273856,False,
5321,354.666667,114,116,3.580952,91.251162,0.906908,False,
5321,354.666667,114,117,3.333309,130.029800,0.813646,False,
5321,354.666667,115,116,4.039592,102.646471,0.237827,False,
5321,354.666667,115,117,0.795758,36.072568,0.667155,False,
5321,354.666667,116,117,3.670085,138.719039,0.868915,False,
5331,355.333333,113,114,0.961767,22.320365,0.985484,False,0.941094
5331,355.333333,113,116,4.465012,102.933279,0.874227,False,
5331,355.333333,113,117,4.321893,16.296501,0.933373,False,
5331,355.333333,114,115,4.930950,168.781132,0.192005,False,
5331,355.333333,114,116,3.519432,80.612914,0.986952,False,
5331,355.333333,114,117,3.633869,6.023864,0.622285,False,
5331,355.333333,115,116,4.574690,110.605954,0.312056,False,
5331,355.333333,115,117,1.303135,162.757268,0.332764,False,
5331,355.333333,116,117,3.646559,86.636778,0.238523,False,
5341,356.000000,113,114,0.739252,6.789992,0.997565,True,1.498131
5341,356.000000,113,116,4.204689,95.004753,0.962595,False,
5341,356.000000,113,117,4.365517,62.323752,0.774271,False,
5341,356.000000,114,116,3.475582,88.214761,0.982418,False,
5341,356.000000,114,117,3.839915,55.533760,0.590614,False,
5341,356.000000,115,117,1.975239,118.131877,0.676406,False,
5341,356.000000,116,117,3.610846,32.681001,0.934729,False,
5351,356.666667,113,114,0.853291,12.921352,0.999877,True,
5351,356.666667,113,116,4.224370,86.852454,0.999679,False,
5351,356.666667,113,117,4.715554,111.999641,0.641394,False,
5351,356.666667,114,116,3.378536,99.773806,0.960869,False,
5351,356.666667,114,117,4.104024,124.920994,0.709344,False,
5351,356.666667,115,117,2.345380,54.050689,0.564874,False,
5351,356.666667,116,117,3.610846,25.147187,0.798503,False,
5361,357.333333,113,114,0.910723,6.279056,0.993223,True,
5361,357.333333,113,116,4.175628,102.113080,0.978829,False,
5361,357.333333,113,117,4.922490,86.240624,0.914567,False,
5361,357.333333,114,116,3.265801,95.834024,0.994229,False,
5361,357.333333,114,117,4.315946,92.519680,0.804006,False,
5361,357.333333,115,117,2.895807,82.036751,0.205649,False,
5361,357.333333,116,117,3.649397,171.646296,0.997176,False,
5371,358.000000,113,114,0.762836,20.284692,0.999233,False,0.544645
5371,358.000000,113,116,4.063617,107.076428,0.983841,False,
5371,358.000000,114,116,3.302960,86.791736,0.987498,False,
5371,358.000000,114,117,4.740131,92.255913,0.894463,False,
5371,358.000000,115,117,3.438675,94.848581,0.073519,False,
5371,358.000000,116,117,3.604571,179.047649,0.983993,False,
5681,378.666667,118,119,4.348516,173.629022,0.955567,False,
5681,378.666667,118,120,4.170237,167.590457,0.988420,False,
5681,378.666667,119,120,0.835877,6.038565,0.799782,True,1.281962
5691,379.333333,118,119,3.342370,174.062886,0.885219,False,
5691,379.333333,118,120,3.312927,176.145905,0.901484,False,
5691,379.333333,119,120,0.762194,2.083019,0.815090,True,
5701,380.000000,118,119,2.323356,170.269173,0.992724,False,
5701,380.000000,118,120,2.543073,171.408447,0.955124,False,
5701,380.000000,119,120,0.858736,1.139274,0.865647,True,
5711,380.666667,118,119,1.688456,169.352668,0.862831,False,
5711,380.666667,118,120,2.195310,164.265167,0.486257,False,
5711,380.666667,119,120,0.804164,5.087501,0.842618,True,4.068420
5721,381.333333,118,119,1.630442,179.081733,0.858342,False,
5721,381.333333,118,120,2.375532,177.952448,0.789989,False,
5721,381.333333,119,120,0.792740,1.129284,0.809630,True,2.965322
5731,382.000000,118,119,2.217675,176.607338,0.602985,False,
5731,382.000000,118,120,2.949659,179.797617,0.819310,False,
5731,382.000000,119,120,0.748554,3.190279,0.875754,True,1.159856
5741,382.666667,119,120,0.684016,0.840744,0.892545,True,
5741,382.666667,119,122,4.009131,173.409930,0.629691,False,
5741,382.666667,120,122,3.987145,174.250674,0.728981,False,
5751,383.333333,119,120,0.755568,7.234511,0.887657,True,
5751,383.333333,119,122,2.866369,178.651523,0.528250,False,
5751,383.333333,120,122,3.020357,174.113966,0.586496,False,
5761,384.000000,119,120,0.775340,1.189563,0.944527,True,
5761,384.000000,119,122,1.740246,177.958424,0.852298,False,
5761,384.000000,120,122,2.265925,179.147987,0.952494,False,
5771,384.666667,119,120,0.734574,2.411028,0.979046,True,
5771,384.666667,119,122,1.495223,174.475902,0.806077,False,
5771,384.666667,120,122,2.229499,172.064874,0.820885,False,
5781,385.333333,119,120,0.701462,1.793456,0.993025,True,
5781,385.333333,119,122,2.286732,176.209379,0.297550,False,
5781,385.333333,120,122,2.835311,178.002835,0.636806,False,
5791,386.000000,119,120,0.755344,1.264334,0.999919,True,
5791,386.000000,119,122,3.471077,169.441569,0.202544,False,
5791,386.000000,120,122,3.920618,170.705904,0.065984,False,
5801,386.666667,119,120,0.729816,1.516023,0.998743,True,
5801,386.666667,119,122,4.672121,167.985252,0.565753,False,
5811,387.333333,119,120,0.788921,1.232793,0.999568,True,
5821,388.000000,119,120,0.761043,4.010841,0.996562,True,
5821,388.000000,119,123,4.161669,107.458977,0.527941,False,
5821,388.000000,119,124,4.994007,77.952632,0.308457,False,
5821,388.000000,120,123,3.870382,103.448136,0.418585,False,2.044125
5821,388.000000,120,124,4.725198,73.941791,0.234664,False,
5821,388.000000,123,124,0.857842,29.506345,0.922778,False,
5831,388.666667,119,120,0.710541,0.592624,0.991386,True,
5831,388.666667,119,123,3.529847,106.200438,0.476885,False,
5831,388.666667,119,124,4.423468,76.694095,0.366416,False,
5831,388.666667,120,123,3.216050,105.607814,0.310676,False,1.665814
5831,388.666667,120,124,4.122335,76.101470,0.232496,False,
5831,388.666667,123,124,0.906287,29.506343,0.873451,False,
5841,389.333333,119,120,0.751571,1.110495,0.993237,True,
5841,389.333333,119,123,2.915782,74.447331,0.528076,False,
5841,389.333333,119,124,3.792826,74.447331,0.468550,False,
5841,389.333333,120,123,2.523934,75.557826,0.295505,False,
5841,389.333333,120,124,3.429236,75.557826,0.281758,False,
5841,389.333333,123,124,0.906287,0.000000,0.000000,False,
5851,390.000000,119,120,0.746717,0.624348,0.980368,True,
5851,390.000000,119,123,2.550522,73.727371,0.615149,False,
5851,390.000000,119,124,3.407509,73.727371,0.533322,False,
5851,390.000000,120,123,2.046143,74.351719,0.398664,False,
5851,390.000000,120,124,2.945979,74.351719,0.357965,False,
5851,390.000000,123,124,0.906287,0.000000,0.000000,False,
5861,390.666667,119,120,0.760851,1.934513,0.995833,True,
5861,390.666667,119,123,2.005637,77.355007,0.742252,False,
5861,390.666667,119,124,2.792510,77.355007,0.602108,False,
5861,390.666667,120,123,1.478918,79.289520,0.463992,False,
5861,390.666667,120,124,2.359638,79.289520,0.359761,False,
5861,390.666667,123,124,0.906287,0.000000,0.000000,False,
5871,391.333333,119,120,0.763944,0.826438,0.996177,True,
5871,391.333333,119,123,1.598721,77.474049,0.898922,False,
5871,391.333333,119,124,2.273089,77.474049,0.716200,False,
5871,391.333333,120,123,1.018231,76.647611,0.674273,False,
5871,391.333333,120,124,1.861681,76.647611,0.478163,False,
5871,391.333333,123,124,0.906287,0.000000,0.000000,False,
5881,392.000000,119,120,0.740844,1.904232,0.999950,True,
5881,392.000000,119,123,1.487411,106.521005,0.995480,False,
5881,392.000000,119,124,1.928735,76.977937,0.873601,False,
5881,392.000000,120,123,0.747210,108.425236,0.996152,False,
5881,392.000000,120,124,1.327642,75.073705,0.734094,False,
5881,392.000000,123,124,0.906287,176.501059,0.997723,False,
5891,392.666667,119,120,0.717591,7.545686,0.996486,True,
5891,392.666667,119,123,1.619360,151.900435,0.947964,False,
5891,392.666667,119,124,1.674995,78.583798,0.974152,False,
5891,392.666667,120,123,0.979173,144.354749,0.901931,False,
5891,392.666667,120,124,0.983505,86.129484,0.873177,False,
5891,392.666667,123,124,0.914345,129.515767,0.566139,False,
5901,393.333333,119,120,0.910921,16.500512,0.997592,True,
5901,393.333333,119,123,1.981625,92.908612,0.677470,False,
5901,393.333333,119,124,1.701953,76.610416,0.965809,False,
5901,393.333333,120,123,1.296094,109.409124,0.597467,False,
5901,393.333333,120,124,0.795045,93.110928,0.998863,False,
5901,393.333333,123,124,0.927755,16.298196,0.966562,True,
6321,421.333333,125,126,1.312013,16.844951,0.803306,True,
6321,421.333333,125,127,4.233501,52.896943,0.421547,False,
6321,421.333333,126,127,3.672085,69.741895,0.158039,False,
6331,422.000000,125,126,1.550501,7.615007,0.784519,True,
6331,422.000000,125,127,3.888256,46.956490,0.262730,False,
6331,422.000000,126,127,3.314032,54.571497,0.312912,False,
6341,422.666667,125,126,1.760974,3.022575,0.665687,False,
6341,422.666667,125,127,3.650329,37.269076,0.023525,False,
6341,422.666667,126,127,2.905158,34.246501,0.475088,False,
6351,423.333333,125,126,1.897398,1.833736,0.572689,False,
6351,423.333333,125,127,3.442966,34.482722,0.069559,False,
6351,423.333333,126,127,2.653581,36.316457,0.654337,False,
6361,424.000000,125,126,2.093932,8.691982,0.569927,False,
6361,424.000000,125,127,3.086695,57.802793,0.133426,False,
6361,424.000000,126,127,2.432580,49.110811,0.730143,False,
6371,424.666667,125,126,2.203545,29.760961,0.404131,False,
6371,424.666667,125,127,2.862083,75.326387,0.381868,False,
6371,424.666667,126,127,2.226064,45.565426,0.800490,False,
6381,425.333333,125,127,2.764105,69.421620,0.601120,False,
6391,426.000000,125,127,2.641741,49.423392,0.726536,False,
6711,447.333333,128,129,1.966607,153.212837,0.970551,False,
6711,447.333333,128,130,3.329743,161.015331,0.827500,False,
6711,447.333333,128,131,3.870244,15.754685,0.510410,False,
6711,447.333333,129,130,1.927005,7.802494,0.442312,False,
6721,448.000000,128,129,1.539427,167.020493,0.999392,False,
6721,448.000000,128,130,2.036550,166.765695,0.695003,False,
6721,448.000000,128,131,4.154938,23.853358,0.490352,False,
6721,448.000000,129,130,1.500293,0.254797,0.461118,False,
6731,448.666667,128,129,1.686825,171.901884,0.821753,False,
6731,448.666667,128,130,0.963968,162.493773,0.394590,False,
6731,448.666667,128,131,4.628806,28.539099,0.498971,False,
6731,448.666667,129,130,1.160007,9.408111,0.663897,False,
6731,448.666667,129,131,4.661115,143.362785,0.880693,False,
6741,449.333333,128,129,2.328174,157.142725,0.464416,False,
6741,449.333333,128,130,1.404018,157.238755,0.640425,False,
6741,449.333333,129,130,0.977742,0.096030,0.965705,True,
6741,449.333333,129,131,4.320476,132.068640,0.881379,False,
6741,449.333333,130,131,4.259209,132.164670,0.273289,False,
6751,450.000000,128,129,3.172356,160.332502,0.318754,False,
6751,450.000000,128,130,2.786810,159.535261,0.754134,False,
6751,450.000000,129,130,0.898446,0.797241,0.975007,True,
6751,450.000000,129,131,3.987190,139.049188,0.916043,False,
6751,450.000000,130,131,3.424397,138.251947,0.098037,False,
6761,450.666667,129,130,1.207276,13.161861,0.770425,True,
6761,450.666667,129,131,3.741074,152.293623,0.985745,False,
6761,450.666667,129,132,3.874306,155.456354,0.571325,False,
6761,450.666667,130,131,2.584238,139.131762,0.028224,False,
6761,450.666667,130,132,3.437155,142.294493,0.999475,False,
6761,450.666667,131,132,3.004708,3.162731,0.615949,False,
6771,451.333333,129,130,1.667945,5.829704,0.629822,False,
6771,451.333333,129,131,3.549763,153.560314,0.999476,False,
6771,451.333333,129,132,3.141478,159.409445,0.445403,False,
6771,451.333333,130,131,1.904776,147.730610,0.485375,False,
6771,451.333333,130,132,2.204658,153.579741,0.986883,False,
6771,451.333333,131,132,2.795704,5.849132,0.748284,False,
6781,452.000000,129,130,2.199967,14.070542,0.514831,False,
6781,452.000000,129,131,3.454433,147.022167,0.977068,False,
6781,452.000000,129,132,2.466673,149.049730,0.409279,False,
6781,452.000000,129,133,4.463302,47.906907,0.999940,False,
6781,452.000000,130,131,1.719838,161.092709,0.943406,False,
6781,452.000000,130,132,1.063939,163.120272,0.780681,False,
6781,452.000000,130,133,2.798433,33.836365,0.999526,False,
6781,452.000000,130,134,3.303225,36.693181,0.932417,False,
6781,452.000000,131,132,2.665629,2.027563,0.874143,False,
6781,452.000000,131,133,1.084475,165.070926,0.998960,False,
6781,452.000000,131,134,2.119902,162.214110,0.980143,False,
6781,452.000000,132,133,3.700060,163.043363,0.956753,False,
6781,452.000000,132,134,3.817482,160.186547,0.748999,False,
6781,452.000000,133,134,1.723699,2.856816,0.530780,False,
6791,452.666667,130,131,2.071830,170.771641,0.908518,False,
6791,452.666667,130,132,0.960403,167.515723,0.589336,False,
6791,452.666667,130,133,2.720786,15.591377,0.946908,False,
6791,452.666667,130,134,2.905765,29.994999,0.972012,False,
6791,452.666667,130,136,2.812097,157.538905,0.564451,False,
6791,452.666667,131,132,2.517980,3.255917,0.892811,False,
6791,452.666667,131,133,1.109659,173.636982,0.890802,False,
6791,452.666667,131,134,2.696593,159.233360,0.985711,False,
6791,452.666667,131,136,3.387559,31.689455,0.978344,False,
6791,452.666667,132,133,3.400394,176.892899,0.972834,False,
6791,452.666667,132,134,3.853916,162.489277,0.655312,False,
6791,452.666667,132,136,1.937598,34.945372,0.569539,False,
6791,452.666667,133,134,1.985218,14.403622,0.425070,False,
6791,452.666667,133,136,4.484665,141.947527,0.999989,False,
6801,453.333333,130,131,2.834628,175.991399,0.544024,False,
6801,453.333333,130,132,1.871891,176.599501,0.008998,False,
6801,453.333333,130,133,2.890408,6.499835,0.842923,False,
6801,453.333333,130,134,2.694062,12.254694,0.996035,False,
6801,453.333333,130,136,3.300538,144.736895,0.652339,False,
6801,453.333333,130,137,4.695801,154.018116,0.557451,False,
6801,453.333333,131,132,2.376033,7.409100,0.933786,True,
6801,453.333333,131,133,1.402957,169.491564,0.966604,False,
6801,453.333333,131,134,3.294319,171.753907,0.896370,False,
6801,453.333333,131,136,3.379279,39.271706,0.999950,False,
6801,453.333333,131,137,3.808301,21.973283,0.988247,False,
6801,453.333333,132,133,3.292816,176.900664,0.999528,False,
6801,453.333333,132,134,4.142310,164.344806,0.489359,False,
6801,453.333333,132,136,1.493847,31.862606,0.732893,False,
6801,453.333333,132,137,2.825982,29.382383,0.572880,False,
6801,453.333333,133,134,2.133517,18.754529,0.223161,False,
6801,453.333333,133,136,4.561539,151.236730,0.967650,False,
6801,453.333333,136,137,1.625718,61.244990,0.421572,False,
6811,454.000000,130,131,3.704797,168.670379,0.576184,False,
6811,454.000000,130,132,3.022631,173.706751,0.380379,False,
6811,454.000000,130,133,3.153793,5.258662,0.750594,False,
6811,454.000000,130,134,2.666151,10.064787,0.999984,False,
6811,454.000000,130,136,3.772761,165.014101,0.610426,False,
6811,454.000000,131,132,2.411565,17.622870,0.955397,True,
6811,454.000000,131,133,1.809756,163.411717,0.894774,False,
6811,454.000000,131,134,3.991117,178.735166,0.435076,False,
6811,454.000000,131,136,3.458497,26.315520,0.953788,False,
6811,454.000000,131,137,3.711709,12.345208,0.993545,False,
6811,454.000000,132,133,3.528735,178.965414,0.953351,False,
6811,454.000000,132,134,4.829678,163.641964,0.335218,False,
6811,454.000000,132,136,1.142113,8.692650,0.951651,True,
6811,454.000000,132,137,2.524303,29.968078,0.522711,False,
6811,454.000000,133,134,2.336753,15.323450,0.245094,False,
6811,454.000000,133,136,4.670841,170.272764,0.970923,False,
6811,454.000000,136,137,2.070643,38.660728,0.339655,False,
6821,454.666667,131,132,2.463062,32.069732,0.974272,False,
6821,454.666667,131,133,2.092664,162.101604,0.709951,False,
6821,454.666667,131,134,4.618600,175.203083,0.402267,False,
6821,454.666667,131,136,3.622135,38.573537,0.830510,False,
6821,454.666667,131,137,3.662382,4.384086,0.999791,False,
6821,454.666667,132,133,3.732548,130.031872,0.769303,False,
6821,454.666667,132,136,1.170897,6.503805,0.982054,True,
6821,454.666667,132,137,2.249448,36.453818,0.477043,False,
6821,454.666667,133,134,2.633383,22.695313,0.482423,False,
6821,454.666667,133,136,4.671738,123.528067,0.734582,False,
6821,454.666667,136,137,2.499201,42.957623,0.331076,False,
6831,455.333333,131,132,2.817223,51.467784,0.989384,False,
6831,455.333333,131,133,2.393612,167.055733,0.692616,False,
6831,455.333333,131,136,3.927756,96.570283,0.591151,False,
6831,455.333333,131,137,3.646927,15.165937,0.998491,False,
6831,455.333333,132,133,4.122404,115.587949,0.517267,False,
6831,455.333333,132,136,1.403404,45.102499,0.815123,False,
6831,455.333333,132,137,1.876636,36.301847,0.282729,False,
6831,455.333333,133,136,4.580537,70.485450,0.708433,False,
6831,455.333333,136,137,2.926441,81.404345,0.206621,False,
6841,456.000000,131,132,3.144197,57.581642,0.998537,False,
6841,456.000000,131,133,2.579290,163.605964,0.964805,False,
6841,456.000000,131,136,4.221035,89.319218,0.412402,False,
6841,456.000000,131,137,3.865591,30.578641,0.999945,False,
6841,456.000000,132,133,4.483507,138.812393,0.534798,False,
6841,456.000000,132,136,1.863997,31.737575,0.589805,False,
6841,456.000000,132,137,1.703933,27.003001,0.170027,False,
6841,456.000000,133,136,4.489983,107.074818,0.919966,False,
6841,456.000000,136,137,3.412888,58.740576,0.109178,False,
6841,456.000000,137,138,3.619224,107.661943,0.050209,False,2.679417
6841,456.000000,137,139,4.626539,136.519937,0.046997,False,
6841,456.000000,138,139,1.012521,28.857994,0.897264,False,
6851,456.666667,131,132,3.495775,56.029634,0.977828,False,
6851,456.666667,131,133,2.890713,140.375323,0.988283,False,
6851,456.666667,131,136,4.447522,14.365727,0.497627,False,
6851,456.666667,131,137,4.013676,21.781424,0.994920,False,
6851,456.666667,132,136,2.435138,41.663907,0.534611,False,
6851,456.666667,132,137,1.442366,34.248210,0.075410,False,
6851,456.666667,132,138,4.590783,73.461946,0.441683,False,
6851,456.666667,133,136,4.512963,154.741051,0.944082,False,
6851,456.666667,136,137,3.843012,7.415697,0.122077,False,
6851,456.666667,137,138,3.164591,107.710157,0.068834,False,2.458595
6851,456.666667,137,139,4.150223,143.916399,0.086689,False,
6851,456.666667,138,139,0.990274,36.206242,0.876446,False,7.698138
6861,457.333333,131,132,4.046523,58.848263,0.944739,False,
6861,457.333333,131,133,3.364316,135.676554,0.998591,False,
6861,457.333333,131,136,4.702810,5.174458,0.454837,False,
6861,457.333333,131,137,4.157404,32.367244,0.969904,False,
6861,457.333333,132,136,2.983495,64.022721,0.448392,False,
6861,457.333333,132,137,1.285920,26.481019,0.484335,False,
6861,457.333333,132,138,4.006332,70.365569,0.552562,False,
6861,457.333333,132,139,4.968757,160.689844,0.523131,False,
6861,457.333333,133,136,4.588203,130.502095,0.894246,False,
6861,457.333333,136,137,4.250967,37.541702,0.062838,False,
6861,457.333333,137,138,2.732124,96.846588,0.079331,False,1.947278
6861,457.333333,137,139,3.699425,172.829137,0.032477,False,2.779055
6861,457.333333,138,139,0.970023,90.324275,0.607122,False,
6871,458.000000,131,132,4.520801,59.537630,0.903673,False,
6871,458.000000,131,136,4.918391,135.158328,0.401590,False,
6871,458.000000,131,137,4.463082,48.005369,0.904979,False,
6871,458.000000,132,136,3.619001,75.620698,0.365944,False,
6871,458.000000,132,137,1.174171,11.532261,0.697264,False,
6871,458.000000,132,138,3.425064,75.620698,0.596356,False,
6871,458.000000,132,139,4.379304,60.272499,0.544654,False,
6871,458.000000,136,137,4.696358,87.152959,0.282769,False,
6871,458.000000,136,140,3.757492,94.754655,0.394048,False,
6871,458.000000,136,141,4.847874,86.357309,0.054463,False,2.792982
6871,458.000000,137,138,2.287985,87.152959,0.326914,False,
6871,458.000000,137,139,3.255736,48.740238,0.272969,False,
6871,458.000000,138,139,0.972074,135.893198,0.589346,False,
6871,458.000000,138,140,10.340957,94.754655,0.029481,False,5.901275
6871,458.000000,139,140,11.306930,41.138542,0.032823,False,6.537629
6871,458.000000,140,141,1.394357,8.397347,0.432110,False,
6881,458.666667,132,136,4.448071,160.457069,0.330839,False,
6881,458.666667,132,137,1.008999,14.912629,0.929625,True,
6881,458.666667,132,138,2.783045,135.435094,0.792483,False,
6881,458.666667,132,139,3.711694,109.398582,0.684293,False,
6881,458.666667,136,140,3.156663,177.922682,0.409739,False,
6881,458.666667,136,141,4.232821,178.335331,0.149587,False,
6881,458.666667,137,138,1.903452,150.347723,0.436022,False,
6881,458.666667,137,139,2.882178,94.485953,0.303228,False,
6881,458.666667,138,139,0.992096,115.166324,0.114301,False,
6881,458.666667,138,140,9.675669,152.900707,0.063114,False,4.719482
6881,458.666667,140,141,1.480945,0.412649,0.462900,False,
6891,459.333333,132,137,1.138036,9.009166,0.980860,True,
6891,459.333333,132,138,2.327616,133.541658,0.869732,False,
6891,459.333333,132,139,3.255917,116.581732,0.696669,False,
6891,459.333333,132,142,3.704657,168.115949,0.933054,False,
6891,459.333333,132,143,3.979342,167.955622,0.976207,False,
6891,459.333333,132,144,3.187047,78.521739,0.993578,False,
6891,459.333333,136,140,2.413596,164.084491,0.434765,False,
6891,459.333333,136,141,3.633556,150.589297,0.328224,False,
6891,459.333333,137,138,1.369078,142.550824,0.534196,False,
6891,459.333333,137,139,2.408463,107.572566,0.298678,False,
6891,459.333333,137,142,2.735348,177.125115,0.751805,False,
6891,459.333333,137,143,2.934943,176.964787,0.904630,False,
6891,459.333333,137,144,2.102064,87.530905,0.996049,False,
6891,459.333333,138,139,1.059157,109.876610,0.698738,False,
6891,459.333333,138,142,1.383464,34.574291,0.597457,False,
6891,459.333333,138,143,1.666242,34.413963,0.804499,False,
6891,459.333333,138,144,1.978321,55.019920,0.993157,False,
6891,459.333333,139,141,11.398932,96.584855,0.114206,False,7.582306
6891,459.333333,139,142,0.661783,75.302319,0.997717,False,
6891,459.333333,139,143,1.174146,75.462647,0.979449,False,
6891,459.333333,139,144,2.663212,164.896529,0.729636,False,
6891,459.333333,140,141,1.619187,13.495195,0.361743,False,
6891,459.333333,142,143,0.527882,0.160328,0.962151,True,
6891,459.333333,142,144,2.449976,89.594210,0.247988,False,
6891,459.333333,143,144,2.231095,89.433883,0.047558,False,1.605274
6901,460.000000,132,137,1.097013,2.601617,0.996656,True,
6901,460.000000,132,138,1.979189,13.058925,0.961637,True,
6901,460.000000,132,139,2.797869,102.825722,0.835185,False,
6901,460.000000,132,142,3.066146,170.702772,0.989880,False,
6901,460.000000,132,143,3.444645,169.352442,0.999902,False,
6901,460.000000,132,144,3.295488,80.105853,0.949681,False,
6901,460.000000,136,140,1.811124,143.406123,0.617418,False,
6901,460.000000,136,141,3.086390,134.801621,0.382509,False,
6901,460.000000,137,138,1.038301,10.457308,0.751597,True,
6901,460.000000,137,139,2.042296,100.224105,0.558308,False,
6901,460.000000,137,142,2.127042,173.304389,0.929671,False,
6901,460.000000,137,143,2.431146,171.954059,0.695123,False,
6901,460.000000,137,144,2.237666,82.707470,0.928575,False,
6901,460.000000,138,139,1.054320,89.766797,0.746437,False,
6901,460.000000,138,141,9.804842,4.449576,0.029643,False,6.490092
6901,460.000000,138,142,1.099907,176.238303,0.809721,False,
6901,460.000000,138,143,1.470662,177.588632,0.939821,False,
6901,460.000000,138,144,1.990885,93.164778,0.777431,False,
6901,460.000000,139,141,10.842791,85.317221,0.044894,False,7.071400
6901,460.000000,139,142,0.683200,86.471506,0.825167,False,
6901,460.000000,139,143,1.209225,87.821836,0.887532,False,
6901,460.000000,139,144,2.625487,177.068425,0.869737,False,
6901,460.000000,140,141,1.627580,8.604502,0.202757,False,
6901,460.000000,142,143,0.533331,1.350330,0.948038,True,
6901,460.000000,142,144,2.078357,90.596919,0.275550,False,1.704648
6901,460.000000,143,144,1.823499,89.246589,0.061452,False,1.122402
6911,460.666667,132,137,1.239672,2.607698,0.966470,True,
6911,460.666667,132,138,1.963246,84.200978,0.999967,False,
6911,460.666667,132,139,2.491642,66.190103,0.948210,False,
6911,460.666667,132,142,2.870405,160.203264,0.859127,False,
6911,460.666667,132,143,3.343132,161.173238,0.831523,False,
6911,460.666667,132,144,3.646406,125.089455,0.945809,False,
6911,460.666667,136,140,1.392413,144.007709,0.824585,False,
6911,460.666667,136,141,2.491868,133.986004,0.442477,False,
6911,460.666667,137,138,0.811216,81.593279,0.903410,False,
6911,460.666667,137,139,1.677837,68.797801,0.692357,False,
6911,460.666667,137,142,1.715247,162.810962,0.374731,False,
6911,460.666667,137,143,2.148902,163.780936,0.221185,False,
6911,460.666667,137,144,2.431936,122.481757,0.954808,False,
6911,460.666667,138,139,1.046186,150.391081,0.204727,False,
6911,460.666667,138,141,9.200711,69.985227,0.103444,False,5.929702
6911,460.666667,138,142,0.914054,115.595759,0.928289,False,
6911,460.666667,138,143,1.380769,114.625785,0.985874,False,
6911,460.666667,138,144,1.990885,40.888477,0.410078,False,
6911,460.666667,139,140,8.584673,70.384149,0.170449,False,5.066301
6911,460.666667,139,142,1.039389,94.013161,0.828193,False,
6911,460.666667,139,143,1.498203,94.983134,0.911805,False,
6911,460.666667,139,144,2.644159,168.720442,0.437485,False,
6911,460.666667,140,141,1.673032,10.021705,0.208408,False,
6911,460.666667,141,142,9.519943,174.419014,0.513152,False,3.252998
6911,460.666667,142,143,0.515636,0.969974,0.994672,True,
6911,460.666667,142,144,1.631386,74.707281,0.422183,False,
6911,460.666667,143,144,1.355836,73.737307,0.126061,False,
6921,461.333333,132,137,1.265271,4.897666,0.919444,True,
6921,461.333333,132,138,2.110784,62.072917,0.962945,False,
6921,461.333333,132,139,2.196138,70.407423,0.994794,False,
6921,461.333333,132,142,2.753914,155.633921,0.511363,False,
6921,461.333333,132,143,3.304125,158.423017,0.560229,False,
6921,461.333333,132,144,4.142320,95.816442,0.923651,False,
6921,461.333333,136,140,1.053922,79.934450,0.991148,False,
6921,461.333333,136,141,1.999738,88.776516,0.509063,False,
6921,461.333333,136,142,6.845063,74.809367,0.070246,False,4.732870
6921,461.333333,137,138,0.847709,66.970582,0.965031,False,
6921,461.333333,137,139,1.264183,65.509757,0.871174,False,
6921,461.333333,137,142,1.489029,150.736256,0.370794,False,
6921,461.333333,137,143,2.039005,153.525352,0.373795,False,
6921,461.333333,137,144,2.907288,100.714108,0.894209,False,
6921,461.333333,138,139,1.030478,132.480339,0.135634,False,
6921,461.333333,138,141,8.641677,54.120955,0.073340,False,5.497284
6921,461.333333,138,142,0.656891,142.293162,0.977657,False,
6921,461.333333,138,143,1.200467,139.504066,0.986056,False,
6921,461.333333,138,144,2.132985,33.743525,0.750022,False,
6921,461.333333,139,142,1.419239,85.226499,0.692455,False,
6921,461.333333,139,143,1.796255,88.015595,0.824527,False,
6921,461.333333,139,144,2.843963,166.223864,0.881632,False,
6921,461.333333,140,141,1.743330,8.842066,0.084441,False,
6921,461.333333,140,142,6.645250,154.743817,0.912019,False,2.091130
6921,461.333333,141,142,8.384973,163.585883,0.794796,False,2.788593
6921,461.333333,141,143,8.320317,166.374979,0.778259,False,2.660377
6921,461.333333,142,143,0.550511,2.789096,0.998843,True,
6921,461.333333,142,144,1.495565,108.549637,0.783537,False,
6921,461.333333,143,144,1.049234,105.760541,0.556560,False,
6931,462.000000,132,137,1.398453,9.183730,0.736681,True,
6931,462.000000,132,138,2.517287,39.714288,0.802201,False,
6931,462.000000,132,139,2.228127,82.365458,0.955035,False,
6931,462.000000,132,142,3.344893,153.098526,0.137720,False,
6931,462.000000,132,143,3.871784,165.970079,0.357061,False,
6931,462.000000,132,144,4.661633,115.751595,0.800282,False,
6931,462.000000,136,140,1.246784,54.300449,0.915578,False,
6931,462.000000,136,141,1.416347,57.407868,0.635687,False,
6931,462.000000,136,142,6.348716,102.761961,0.078866,False,4.385058
6931,462.000000,137,138,1.119371,48.898018,0.733873,False,
6931,462.000000,137,139,1.108472,73.181729,0.998592,False,
6931,462.000000,137,142,1.966934,143.914796,0.847027,False,
6931,462.000000,137,143,2.479024,156.786349,0.940170,False,
6931,462.000000,137,144,3.264819,124.935325,0.725613,False,
6931,462.000000,138,139,0.986708,122.079747,0.335135,False,
6931,462.000000,138,142,0.934239,167.187186,0.713410,False,
6931,462.000000,138,143,1.383731,154.315633,0.759193,False,
6931,462.000000,138,144,2.153842,76.037307,0.684493,False,
6931,462.000000,139,140,7.296172,86.329342,0.157177,False,4.169708
6931,462.000000,139,141,8.963254,89.436762,0.111336,False,5.032754
6931,462.000000,139,142,1.857296,70.733067,0.560566,False,
6931,462.000000,139,143,2.178407,83.604621,0.568840,False,
6931,462.000000,139,144,2.842772,161.882946,0.423616,False,
6931,462.000000,140,141,1.668142,3.107419,0.128744,False,
6931,462.000000,140,142,5.522800,157.062410,0.842344,False,1.688001
6931,462.000000,141,142,7.189498,160.169829,0.791488,False,2.254526
6931,462.000000,142,143,0.567854,12.871553,0.998797,True,
6931,462.000000,142,144,1.364369,91.149879,0.985735,False,
6931,462.000000,143,144,0.801229,78.278325,0.899412,False,
6941,462.666667,136,140,1.640806,5.476975,0.754380,True,
6941,462.666667,136,141,1.060798,15.882730,0.893556,True,
6941,462.666667,136,142,5.796289,148.497458,0.002331,False,3.899607
6941,462.666667,138,139,0.965925,2.919742,0.999990,True,
6941,462.666667,138,141,7.370282,92.266143,0.080683,False,4.840794
6941,462.666667,138,142,1.364159,72.114045,0.396639,False,
6941,462.666667,138,143,1.853031,83.663818,0.563869,False,
6941,462.666667,138,144,2.274125,99.962504,0.600812,False,
6941,462.666667,139,141,8.334406,89.346401,0.088678,False,5.304080
6941,462.666667,139,142,2.323636,75.033786,0.354736,False,
6941,462.666667,139,143,2.725812,86.583560,0.419019,False,
6941,462.666667,139,144,2.987458,102.882246,0.579308,False,
6941,462.666667,140,141,1.751575,10.405755,0.133820,False,
6941,462.666667,140,142,4.303956,153.974432,0.894531,False,
6941,462.666667,140,143,4.255257,165.524206,0.903544,False,
6941,462.666667,140,144,4.685094,178.177108,0.629509,False,
6941,462.666667,141,142,6.044900,164.380188,0.874395,False,1.967646
6941,462.666667,142,143,0.789947,11.549774,0.988820,True,
6941,462.666667,142,144,1.542426,27.848459,0.988895,False,
6941,462.666667,143,144,0.794893,16.298686,0.981369,True,
6951,463.333333,136,140,2.097613,1.836378,0.565951,False,
6951,463.333333,136,141,0.946698,6.347758,0.999518,True,
6951,463.333333,138,139,0.986096,3.487134,0.999910,True,
6951,463.333333,138,140,4.957120,78.677798,0.341924,False,
6951,463.333333,138,142,1.836663,91.367967,0.128457,False,
6951,463.333333,138,143,2.227959,85.576848,0.537935,False,
6951,463.333333,138,144,2.219674,28.460870,0.442175,False,
6951,463.333333,139,142,2.818851,87.880833,0.034539,False,
6951,463.333333,139,143,3.146897,82.089714,0.364602,False,
6951,463.333333,139,144,2.931268,31.948005,0.432907,False,
6951,463.333333,140,141,1.844176,4.511379,0.096997,False,
6951,463.333333,140,142,3.184308,170.045765,0.714341,False,
6951,463.333333,140,143,3.262993,164.254646,0.892922,False,
6951,463.333333,140,144,4.215126,50.216928,0.714556,False,
6951,463.333333,141,142,4.975924,174.557144,0.746437,False,
6951,463.333333,141,143,4.935909,168.766025,0.880156,False,
6951,463.333333,142,143,0.778450,5.791119,0.973719,True,1.317425
6951,463.333333,142,144,1.614570,119.828837,0.958117,False,
6951,463.333333,143,144,1.021750,114.037718,0.702386,False,
6961,464.000000,136,140,2.743217,29.051871,0.475196,False,
6961,464.000000,136,141,1.043149,29.984801,0.918486,False,
6961,464.000000,136,142,4.780719,141.892529,0.367653,False,
6961,464.000000,136,143,4.908221,138.124587,0.426158,False,
6961,464.000000,138,139,0.967236,3.498941,0.998641,True,
6961,464.000000,138,140,4.237966,77.964572,0.365258,False,
6961,464.000000,138,142,2.368907,92.979829,0.087371,False,
6961,464.000000,138,143,2.682295,89.211886,0.384617,False,
6961,464.000000,138,144,2.274237,76.538555,0.438848,False,
6961,464.000000,139,142,3.325496,89.480888,0.021017,False,
6961,464.000000,139,143,3.588664,85.712945,0.264581,False,
6961,464.000000,139,144,2.947850,80.037496,0.377940,False,
6961,464.000000,140,141,2.041071,0.932930,0.142014,False,
6961,464.000000,140,142,2.061436,170.944400,0.967200,False,
6961,464.000000,140,143,2.315174,167.176458,0.991720,False,
6961,464.000000,140,144,3.663221,1.426017,0.800840,False,
6961,464.000000,141,142,3.959706,171.877330,0.885355,False,
6961,464.000000,141,143,3.998565,168.109387,0.993688,False,
6961,464.000000,142,143,0.677577,3.767943,0.967570,True,0.620622
6961,464.000000,142,144,1.740351,169.518384,0.867914,False,
6961,464.000000,143,144,1.353148,165.750441,0.575029,False,
6971,464.666667,136,140,3.350098,74.144011,0.386983,False,
6971,464.666667,136,141,1.419929,77.873011,0.662738,False,
6971,464.666667,136,142,4.131119,92.524004,0.348093,False,
6971,464.666667,136,143,4.428455,95.357718,0.517619,False,
6971,464.666667,136,145,4.592491,77.825157,0.051061,False,3.196240
6971,464.666667,138,139,0.986518,176.512866,0.999478,False,
6971,464.666667,138,140,3.610438,101.788520,0.403647,False,
6971,464.666667,138,142,3.041866,91.543465,0.079895,False,
6971,464.666667,138,143,3.192103,88.709751,0.237121,False,
6971,464.666667,138,144,2.168690,14.045519,0.726992,True,
6971,464.666667,138,146,1.211173,87.521904,0.647055,False,
6971,464.666667,139,140,4.580867,81.698614,0.387934,False,
6971,464.666667,139,142,4.023244,84.969401,0.083282,False,
6971,464.666667,139,143,4.137824,87.803115,0.196348,False,
6971,464.666667,139,144,2.853700,169.441615,0.923973,False,
6971,464.666667,139,146,0.896534,88.990962,0.994941,False,
6971,464.666667,140,141,2.108314,3.729001,0.080271,False,
6971,464.666667,140,142,1.203517,166.668015,0.821756,False,
6971,464.666667,140,143,1.838623,169.501729,0.900087,False,
6971,464.666667,140,144,3.389393,87.743001,0.847748,False,
6971,464.666667,140,146,4.367593,170.689576,0.555363,False,1.420550
6971,464.666667,141,142,2.733685,170.397015,0.932150,False,
6971,464.666667,141,143,3.008532,173.230730,0.872948,False,
6971,464.666667,141,144,4.916599,84.014000,0.554994,False,
6971,464.666667,141,146,6.470055,174.418577,0.357150,False,2.049922
6971,464.666667,142,143,0.676988,2.833714,0.999615,True,
6971,464.666667,142,144,2.266623,105.588984,0.679370,False,
6971,464.666667,142,146,4.044783,4.021561,0.270154,False,
6971,464.666667,143,144,1.917535,102.755270,0.501337,False,
6971,464.666667,143,146,4.300080,1.187847,0.386593,False,
6971,464.666667,144,146,3.372279,101.567423,0.682752,False,
6981,465.333333,136,140,4.025412,75.331793,0.324078,False,
6981,465.333333,136,141,2.074686,76.988220,0.496886,False,
6981,465.333333,136,142,3.714916,98.626402,0.486219,False,
6981,465.333333,136,143,4.047377,93.287868,0.547427,False,
6981,465.333333,136,145,4.060290,75.036932,0.018598,False,2.614669
6981,465.333333,138,139,0.966003,147.680510,0.802841,False,
6981,465.333333,138,140,2.993570,64.794114,0.449025,False,
6981,465.333333,138,141,4.933406,63.137687,0.263762,False,
6981,465.333333,138,142,3.517179,121.247692,0.076262,False,
6981,465.333333,138,143,3.677437,126.586225,0.214964,False,
6981,465.333333,138,144,2.293446,147.680510,0.960023,False,
6981,465.333333,138,146,0.917221,116.726363,0.828330,False,
6981,465.333333,138,147,2.818366,54.659330,0.683485,False,
6981,465.333333,139,140,3.924059,82.886396,0.421874,False,
6981,465.333333,139,142,4.480903,91.071798,0.032520,False,
6981,465.333333,139,143,4.615283,85.733265,0.213665,False,
6981,465.333333,139,144,2.978040,0.000000,0.000000,False,
6981,465.333333,139,146,1.068968,95.593127,0.892276,False,
6981,465.333333,139,147,3.497018,93.021180,0.651827,False,
6981,465.333333,140,141,2.052244,1.656427,0.065435,False,9.287068
6981,465.333333,140,142,1.362070,173.958194,0.532258,False,
6981,465.333333,140,143,2.029448,168.619661,0.421066,False,
6981,465.333333,140,144,3.113707,82.886396,0.958080,False,
6981,465.333333,140,146,3.176283,178.479523,0.330499,False,
6981,465.333333,140,147,1.711990,10.134784,0.639668,False,
6981,465.333333,141,142,1.675702,175.614621,0.805730,False,
6981,465.333333,141,143,2.139919,170.276088,0.992162,False,
6981,465.333333,141,144,4.306119,84.542823,0.711135,False,
6981,465.333333,141,147,3.508507,8.478357,0.303673,False,
6981,465.333333,142,143,0.715439,5.338533,0.995389,True,1.043112
6981,465.333333,142,144,2.630861,91.071798,0.663905,False,
6981,465.333333,142,146,3.996522,4.521329,0.151488,False,
6981,465.333333,142,147,3.058320,175.907022,0.739986,False,
6981,465.333333,143,144,2.315715,85.733265,0.363381,False,
6981,465.333333,143,146,4.286410,9.859863,0.349127,False,
6981,465.333333,143,147,3.681755,178.754445,0.874920,False,
6981,465.333333,144,146,3.184350,95.593127,0.738549,False,
6981,465.333333,144,147,4.063947,93.021180,0.997927,False,
6981,465.333333,145,147,9.243301,10.429645,0.039169,False,8.658274
6981,465.333333,146,147,2.472513,171.385692,0.721889,False,
6991,466.000000,136,140,4.625118,25.013906,0.355782,False,
6991,466.000000,136,141,2.709790,30.907315,0.385221,False,
6991,466.000000,136,142,3.297409,142.905000,0.583931,False,
6991,466.000000,136,143,3.595562,137.222722,0.619694,False,
6991,466.000000,136,145,3.510232,29.262350,0.027493,False,2.183366
6991,466.000000,138,139,0.946106,118.110946,0.439446,False,7.547965
6991,466.000000,138,140,2.515605,40.681065,0.668690,False,
6991,466.000000,138,141,4.302448,34.787657,0.369376,False,
6991,466.000000,138,142,4.082833,151.400028,0.018851,False,
6991,466.000000,138,143,4.226877,157.082306,0.218042,False,
6991,466.000000,138,144,2.149454,74.028538,0.321018,False,
6991,466.000000,138,146,0.783265,141.240175,0.997699,False,
6991,466.000000,138,147,2.780661,25.089766,0.618155,False,
6991,466.000000,139,140,3.377064,77.429881,0.580263,False,
6991,466.000000,139,144,2.853700,44.082408,0.222794,False,
6991,466.000000,139,146,1.401486,100.648879,0.704886,False,
6991,466.000000,139,147,3.394367,93.021180,0.671539,False,
6991,466.000000,140,141,1.972330,5.893409,0.119330,False,
6991,466.000000,140,142,2.324919,167.918906,0.465063,False,
6991,466.000000,140,143,2.765812,162.236628,0.314032,False,
6991,466.000000,140,144,2.958772,33.347473,0.999753,False,
6991,466.000000,140,146,2.021266,178.078760,0.744521,False,
6991,466.000000,140,147,1.310035,15.591299,0.698917,False,
6991,466.000000,141,142,1.222645,173.812315,0.846485,False,
6991,466.000000,141,143,1.799662,168.130037,0.717287,False,
6991,466.000000,141,144,3.865198,39.240882,0.825987,False,
6991,466.000000,141,146,3.945371,176.027832,0.258304,False,
6991,466.000000,141,147,2.940384,9.697891,0.297286,False,
6991,466.000000,142,143,0.586079,5.682278,0.991426,True,
6991,466.000000,142,144,3.060589,134.571433,0.441440,False,
6991,466.000000,142,146,3.948131,10.159853,0.100978,False,
6991,466.000000,142,147,3.572057,176.489795,0.667536,False,
6991,466.000000,143,144,2.905095,128.889155,0.155361,False,
6991,466.000000,143,146,4.196711,15.842131,0.272588,False,
6991,466.000000,143,147,4.051173,177.827927,0.795941,False,
6991,466.000000,144,146,2.647665,144.731287,0.822437,False,
6991,466.000000,144,147,3.964933,48.938772,0.766884,False,
6991,466.000000,145,147,8.822943,11.342856,0.015307,False,6.115387
6991,466.000000,146,147,2.036545,166.329941,0.896048,False,
7001,466.666667,136,141,3.338452,64.137203,0.224731,False,
7001,466.666667,136,142,2.771999,120.208987,0.710714,False,
7001,466.666667,136,143,3.194958,123.010124,0.777976,False,
7001,466.666667,136,145,2.986883,64.018520,0.181996,False,1.883189
7001,466.666667,136,147,5.187148,112.140361,0.170122,False,7.433616
7001,466.666667,138,139,0.925721,32.319490,0.814200,False,
7001,466.666667,138,140,2.080666,111.114642,0.846350,False,
7001,466.666667,138,141,3.686996,118.401761,0.437556,False,
7001,466.666667,138,142,4.719531,57.252048,0.055466,False,
7001,466.666667,138,143,4.782323,54.450912,0.233372,False,
7001,466.666667,138,144,2.176677,32.319490,0.964658,False,
7001,466.666667,138,146,1.063731,71.320877,0.726739,False,
7001,466.666667,138,147,2.845660,65.320674,0.836881,False,
7001,466.666667,139,140,2.846745,78.795152,0.680466,False,
7001,466.666667,139,141,4.583210,86.082271,0.343115,False,
7001,466.666667,139,144,2.853700,0.000000,0.000000,False,
7001,466.666667,139,146,1.909540,103.640367,0.563703,False,
7001,466.666667,139,147,3.482211,97.640165,0.783157,False,
7001,466.666667,140,141,1.991870,7.287120,0.022554,False,
7001,466.666667,140,142,3.529529,168.366690,0.490713,False,
7001,466.666667,140,143,3.835543,165.565553,0.166732,False,
7001,466.666667,140,144,3.051081,78.795152,0.982837,False,
7001,466.666667,140,146,1.038374,177.564482,0.628297,False,
7001,466.666667,140,147,0.924198,176.435316,0.990904,False,
7001,466.666667,141,142,1.742529,175.653809,0.253877,False,
7001,466.666667,141,143,2.219629,172.852673,0.519855,False,
7001,466.666667,141,144,3.472008,86.082271,0.852989,False,
7001,466.666667,141,146,2.683844,170.277362,0.795462,False,
7001,466.666667,141,147,2.210491,176.277564,0.488048,False,
7001,466.666667,142,143,0.600545,2.801136,0.999932,True,0.008040
7001,466.666667,142,144,3.627623,89.571538,0.436573,False,
7001,466.666667,142,146,3.907081,14.068829,0.038754,False,
7001,466.666667,142,147,3.925960,8.068626,0.574674,False,
7001,466.666667,143,144,3.428376,86.770402,0.239721,False,
7001,466.666667,143,146,4.070148,16.869965,0.195063,False,
7001,466.666667,143,147,4.332081,10.869763,0.680358,False,
7001,466.666667,144,146,2.310928,103.640367,0.876051,False,
7001,466.666667,144,147,3.972828,97.640165,0.994597,False,
7001,466.666667,145,147,8.163709,176.158881,0.119155,False,3.998373
7001,466.666667,146,147,1.884734,6.000202,0.983175,True,
7011,467.333333,136,141,3.958025,96.981808,0.133476,False,
7011,467.333333,136,142,2.385598,82.983472,0.915487,False,
7011,467.333333,136,143,2.853266,94.795562,0.879263,False,
7011,467.333333,136,145,2.484728,91.506814,0.342594,False,1.426844
7011,467.333333,136,147,4.816290,78.315583,0.297130,False,
7011,467.333333,138,139,0.986518,31.717595,0.895872,False,
7011,467.333333,138,140,1.675800,49.422758,0.957143,False,
7011,467.333333,138,141,3.020456,51.938990,0.523746,False,
7011,467.333333,138,144,2.168690,31.717595,0.153533,False,
7011,467.333333,138,146,1.471909,135.366198,0.467687,False,
7011,467.333333,138,147,2.937796,132.763619,0.853438,False,
7011,467.333333,139,140,2.355784,81.140353,0.778747,False,
7011,467.333333,139,141,3.968406,83.656585,0.432855,False,
7011,467.333333,139,144,2.853700,0.000000,0.000000,False,
7011,467.333333,139,146,2.449075,103.648603,0.424136,False,
7011,467.333333,139,147,3.704148,101.046024,0.769662,False,
7011,467.333333,140,141,2.021006,2.516232,0.002307,False,
7011,467.333333,140,142,4.718178,177.518488,0.011930,False,
7011,467.333333,140,143,4.866400,165.706398,0.200922,False,
7011,467.333333,140,144,3.207556,81.140353,0.936434,False,
7011,467.333333,140,146,1.280696,175.211044,0.926253,False,
7011,467.333333,140,147,1.357256,177.813623,0.649680,False,
7011,467.333333,141,142,2.770453,179.965280,0.373500,False,
7011,467.333333,141,143,3.007913,168.222630,0.047887,False,
7011,467.333333,141,144,3.171247,83.656585,0.946003,False,
7011,467.333333,141,146,1.578257,172.694812,0.800670,False,
7011,467.333333,141,147,1.355696,175.297391,0.754713,False,
7011,467.333333,142,143,0.533123,11.812090,0.995224,True,
7011,467.333333,142,144,4.106751,96.378135,0.481143,False,
7011,467.333333,142,145,4.131544,174.490286,0.969240,False,
7011,467.333333,142,146,3.819205,7.270468,0.054815,False,
7011,467.333333,142,147,4.061990,4.667889,0.452596,False,
7011,467.333333,143,144,3.877663,84.566045,0.174199,False,
7011,467.333333,143,145,4.388828,173.697624,0.993413,False,
7011,467.333333,143,146,3.862865,19.082558,0.165372,False,
7011,467.333333,143,147,4.342899,16.479979,0.638983,False,
7011,467.333333,144,146,2.042169,103.648603,0.972706,False,
7011,467.333333,144,147,3.929940,101.046024,0.997440,False,
7011,467.333333,145,147,7.290214,169.822397,0.477848,False,3.070891
7011,467.333333,146,147,1.916706,2.602579,0.999714,True,
7021,468.000000,136,141,4.607475,103.604709,0.024959,False,
7021,468.000000,136,142,2.064778,83.750683,0.956546,False,
7021,468.000000,136,143,2.459399,86.717029,0.952958,False,
7021,468.000000,136,145,1.926850,88.338712,0.545903,False,1.061678
7021,468.000000,136,146,4.799519,71.514428,0.591932,False,
7021,468.000000,136,149,4.411390,94.930314,0.114479,False,
7021,468.000000,138,139,0.906204,24.902182,0.862224,False,
7021,468.000000,138,140,1.628768,106.605606,0.992944,False,
7021,468.000000,138,141,2.555958,108.828973,0.655432,False,
7021,468.000000,138,144,2.218406,24.902182,0.921194,False,
7021,468.000000,138,146,2.205843,76.051890,0.252188,False,
7021,468.000000,138,148,1.371175,54.287686,0.694974,False,
7021,468.000000,138,149,3.355093,52.636004,0.460854,False,
7021,468.000000,139,140,2.002365,81.703424,0.920169,False,
7021,468.000000,139,141,3.394115,83.926791,0.512545,False,
7021,468.000000,139,144,2.853700,0.000000,0.000000,False,
7021,468.000000,139,145,9.657764,99.192788,0.017790,False,7.044932
7021,468.000000,139,146,3.111827,100.954072,0.301493,False,
7021,468.000000,139,148,0.830874,79.189868,0.987994,False,
7021,468.000000,139,149,4.102761,77.538186,0.402213,False,
7021,468.000000,140,141,2.060760,2.223367,0.015052,False,
7021,468.000000,140,144,3.534380,81.703424,0.859315,False,
7021,468.000000,140,146,2.455812,177.342504,0.943065,False,
7021,468.000000,140,148,1.614855,160.893292,0.833765,False,
7021,468.000000,140,149,2.379014,159.241610,0.811313,False,
7021,468.000000,141,142,3.969538,172.644608,0.223888,False,
7021,468.000000,141,143,4.026783,169.678262,0.150148,False,
7021,468.000000,141,144,3.056519,83.926791,0.992603,False,
7021,468.000000,141,146,1.064273,175.119137,0.146426,False,
7021,468.000000,141,148,3.422374,163.116659,0.987933,False,0.901922
7021,468.000000,141,149,1.026344,161.464976,0.940637,False,
7021,468.000000,142,143,0.399336,2.966346,0.942990,False,
7021,468.000000,142,144,4.612556,88.717817,0.300323,False,
7021,468.000000,142,145,3.151254,172.089394,0.989958,False,
7021,468.000000,142,146,3.693513,12.236255,0.021493,False,
7021,468.000000,142,149,4.255759,11.179632,0.669686,False,
7021,468.000000,143,144,4.392866,85.751471,0.178202,False,
7021,468.000000,143,145,3.440777,175.055740,0.990526,False,
7021,468.000000,143,146,3.645248,15.202601,0.148757,False,
7021,468.000000,143,149,4.403085,8.213286,0.751713,False,
7021,468.000000,144,146,2.037120,100.954072,0.987365,False,
7021,468.000000,144,148,3.550817,79.189868,0.787995,False,
7021,468.000000,144,149,4.082862,77.538186,0.902750,False,
7021,468.000000,146,148,3.397975,21.764204,0.123985,False,
7021,468.000000,146,149,2.076302,23.415886,0.997347,False,
7021,468.000000,148,149,3.948271,1.651682,0.226437,False,
7031,468.666667,138,139,1.031613,86.830281,0.108387,False,
7031,468.666667,138,140,1.734678,179.156922,0.944752,False,
7031,468.666667,138,141,1.879260,168.297593,0.791396,False,
7031,468.666667,138,144,2.205099,86.830281,0.815289,False,
7031,468.666667,138,146,2.726372,8.900679,0.114193,False,
7031,468.666667,138,148,0.970299,0.633473,0.805933,True,
7031,468.666667,138,149,3.589613,3.853407,0.660145,False,
7031,468.666667,139,140,1.824089,92.326640,0.968213,False,
7031,468.666667,139,141,2.795480,81.467312,0.641925,False,
7031,468.666667,139,144,2.853700,0.000000,0.000000,False,
7031,468.666667,139,146,3.750365,95.730960,0.159659,False,
7031,468.666667,139,148,0.991980,86.196808,0.889841,False,
7031,468.666667,139,149,4.502077,90.683689,0.568530,False,
7031,468.666667,140,141,2.028295,10.859328,0.106251,False,
7031,468.666667,140,144,3.896466,92.326640,0.877211,False,
7031,468.666667,140,146,3.702678,171.942400,0.999927,False,
7031,468.666667,140,148,0.872436,178.523448,0.948215,False,
7031,468.666667,140,149,3.428836,176.989671,0.010099,False,
7031,468.666667,141,144,3.012688,81.467312,0.988629,False,
7031,468.666667,141,146,1.832219,177.198272,0.092446,False,
7031,468.666667,141,148,2.066335,167.664120,0.821571,False,
7031,468.666667,141,149,1.713948,172.151001,0.938676,False,
7031,468.666667,142,143,0.491310,16.469630,0.945201,False,
7031,468.666667,142,145,2.117880,172.823928,0.900613,False,
7031,468.666667,142,146,3.568628,19.023462,0.093439,False,
7031,468.666667,142,148,6.969400,9.489310,0.253463,False,8.597995
7031,468.666667,142,149,4.350734,13.976191,0.651015,False,
7031,468.666667,142,150,1.659389,152.122256,0.952484,False,
7031,468.666667,143,144,4.921421,93.177127,0.279703,False,
7031,468.666667,143,145,2.503254,156.354298,0.887532,False,
7031,468.666667,143,146,3.507106,2.553833,0.111222,False,7.555345
7031,468.666667,143,149,4.546595,2.493439,0.625487,False,
7031,468.666667,143,150,2.150570,135.652626,0.999834,False,
7031,468.666667,144,145,7.227836,110.468574,0.034105,False,5.465160
7031,468.666667,144,146,2.236637,95.730960,0.853166,False,
7031,468.666667,144,148,3.175159,86.196808,0.816978,False,
7031,468.666667,144,149,4.286715,90.683689,0.953412,False,
7031,468.666667,145,146,5.418336,153.800466,0.869011,False,1.795871
7031,468.666667,145,150,1.471230,20.701672,0.672367,False,
7031,468.666667,146,148,3.419723,9.534152,0.189924,False,
7031,468.666667,146,149,2.289122,5.047271,0.997939,True,
7031,468.666667,146,150,4.179767,133.098794,0.559958,False,
7031,468.666667,148,149,3.706177,4.486881,0.402236,False,
7031,468.666667,148,150,7.317342,142.632945,0.139389,False,3.155919
7031,468.666667,149,150,4.032521,138.146065,0.036317,False,
7041,469.333333,138,139,0.966440,158.644934,0.893070,False,
7041,469.333333,138,140,2.048047,58.754782,0.898939,False,
7041,469.333333,138,141,1.694613,79.090168,0.944066,False,
7041,469.333333,138,144,2.180946,158.644934,0.885587,False,
7041,469.333333,138,146,3.445001,110.441064,0.161145,False,
7041,469.333333,138,148,0.845184,108.944444,0.976372,False,
7041,469.333333,138,149,4.154008,110.125461,0.667178,False,
7041,469.333333,139,140,1.692246,99.890152,0.999078,False,
7041,469.333333,139,141,2.329993,79.554766,0.819212,False,
7041,469.333333,139,144,2.853700,0.000000,0.000000,False,
7041,469.333333,139,146,4.410307,90.914002,0.067054,False,
7041,469.333333,139,148,1.533697,92.410622,0.610358,False,
7041,469.333333,140,141,2.022191,20.335386,0.006946,False,
7041,469.333333,140,144,4.228918,99.890152,0.859444,False,
7041,469.333333,140,146,4.975703,169.195846,0.955138,False,
7041,469.333333,140,148,1.788834,167.699226,0.861287,False,
7041,469.333333,140,149,4.830681,168.880243,0.571690,False,
7041,469.333333,141,144,3.273842,79.554766,0.917999,False,
7041,469.333333,141,146,3.085139,170.468768,0.544712,False,
7041,469.333333,141,148,0.853908,171.965388,0.132439,False,
7041,469.333333,141,149,2.855950,170.784371,0.863545,False,
7041,469.333333,142,143,0.659776,9.570880,0.998164,True,
7041,469.333333,142,145,1.299218,163.980005,0.757277,False,
7041,469.333333,142,146,3.288126,6.403886,0.054316,False,
7041,469.333333,142,149,3.986012,6.719489,0.591666,False,
7041,469.333333,142,150,1.430677,162.127139,0.985810,False,
7041,469.333333,143,145,1.831443,154.409125,0.739228,False,
7041,469.333333,143,146,3.334812,3.166994,0.181358,False,
7041,469.333333,143,149,4.367464,2.851391,0.634814,False,
7041,469.333333,143,150,2.086774,152.556259,0.943537,False,
7041,469.333333,144,145,6.766168,111.509879,0.016971,False,5.012451
7041,469.333333,144,146,2.687738,90.914002,0.674718,False,
7041,469.333333,144,148,2.692967,92.410622,0.887573,False,
7041,469.333333,144,149,4.448473,91.229605,0.900811,False,
7041,469.333333,145,146,4.315391,157.576119,0.823641,False,1.329194
7041,469.333333,145,149,4.453204,157.260515,0.592152,False,
7041,469.333333,145,150,1.190328,1.852865,0.756357,True,
7041,469.333333,146,148,3.219460,1.496620,0.175116,False,9.446343
7041,469.333333,146,149,2.183277,0.315603,0.999865,True,
7041,469.333333,146,150,3.454318,155.723253,0.539992,False,
7041,469.333333,148,149,3.505005,1.181017,0.464455,False,
7041,469.333333,148,150,6.369010,154.226633,0.279062,False,2.549553
7041,469.333333,149,150,3.283326,155.407650,0.061318,False,
7051,470.000000,138,139,0.966208,35.597470,0.791614,False,
7051,470.000000,138,141,1.688152,118.616915,0.980924,False,
7051,470.000000,138,144,2.136824,35.597470,0.976217,False,
7051,470.000000,138,146,4.085019,57.841255,0.041556,False,
7051,470.000000,138,148,1.248638,58.025813,0.656033,False,
7051,470.000000,138,149,4.661940,45.872961,0.340429,False,
7051,470.000000,139,141,1.963478,83.019446,0.929227,False,
7051,470.000000,139,144,2.853700,0.000000,0.000000,False,
7051,470.000000,139,148,2.093122,93.623283,0.461522,False,
7051,470.000000,141,144,3.585301,83.019446,0.858604,False,
7051,470.000000,141,146,4.376662,176.458170,0.231805,False,
7051,470.000000,141,148,1.308782,176.642728,0.452199,False,
7051,470.000000,141,149,4.060089,164.489876,0.828047,False,
7051,470.000000,142,143,0.639255,3.707703,0.998676,True,
7051,470.000000,142,145,0.721873,153.808866,0.275499,False,
7051,470.000000,142,146,3.188009,1.032164,0.025350,False,
7051,470.000000,142,149,4.065654,10.936131,0.623767,False,
7051,470.000000,142,150,1.649418,155.472158,0.652031,False,
7051,470.000000,143,145,1.358304,150.101162,0.114612,False,
7051,470.000000,143,146,3.254460,2.675540,0.142505,False,
7051,470.000000,143,149,4.458046,14.643834,0.692597,False,
7051,470.000000,143,150,2.207848,151.764455,0.675819,False,
7051,470.000000,144,145,6.242231,113.784573,0.021245,False,4.344135
7051,470.000000,144,146,3.186085,93.438725,0.601823,False,
7051,470.000000,144,148,2.449900,93.623283,0.966501,False,
7051,470.000000,144,149,4.775204,81.470430,0.759052,False,
7051,470.000000,145,146,3.173345,152.776702,0.923952,False,0.913748
7051,470.000000,145,149,3.624797,164.744996,0.554116,False,
7051,470.000000,145,150,1.055969,1.663292,0.886671,True,
7051,470.000000,146,148,3.197829,0.184558,0.139804,False,
7051,470.000000,146,149,2.287301,11.968294,0.999884,True,
7051,470.000000,146,150,2.634425,154.439994,0.709402,False,
7051,470.000000,148,149,3.433263,12.152852,0.451730,False,
7051,470.000000,148,150,5.463481,154.255436,0.365241,False,2.212627
7051,470.000000,149,150,2.601677,166.408289,0.373976,False,
7061,470.666667,138,139,1.031613,21.355066,0.859432,False,
7061,470.666667,138,144,2.205099,21.355066,0.865229,False,
7061,470.666667,138,146,4.675645,73.132163,0.031443,False,
7061,470.666667,138,148,1.754193,76.907636,0.406120,False,
7061,470.666667,139,144,2.853700,0.000000,0.000000,False,
7061,470.666667,139,148,2.772620,98.262702,0.421550,False,
7061,470.666667,142,143,0.735375,4.355758,0.985576,True,
7061,470.666667,142,145,1.253738,162.052713,0.725365,False,
7061,470.666667,142,146,3.142467,5.537210,0.020112,False,
7061,470.666667,142,149,4.148234,1.433560,0.600103,False,
7061,470.666667,142,150,2.114894,136.783004,0.259685,False,
7061,470.666667,143,145,1.591997,157.696955,0.405691,False,
7061,470.666667,143,146,3.100751,1.181452,0.181019,False,7.816435
7061,470.666667,143,148,6.204924,4.956925,0.120697,False,9.293199
7061,470.666667,143,149,4.516426,2.922198,0.686206,False,
7061,470.666667,143,150,2.537892,132.427246,0.418063,False,
7061,470.666667,144,145,5.724961,108.997267,0.056660,False,4.416426
7061,470.666667,144,146,3.715175,94.487229,0.526813,False,
7061,470.666667,144,148,2.366204,98.262702,0.999475,False,
7061,470.666667,145,146,2.050577,156.515503,0.879382,False,0.555615
7061,470.666667,145,148,5.038234,152.740030,0.640117,False,1.541008
7061,470.666667,145,149,2.936877,160.619153,0.079688,False,
7061,470.666667,145,150,0.949292,25.269710,0.994381,False,
7061,470.666667,146,148,3.105494,3.775473,0.095749,False,
7061,470.666667,146,149,2.432407,4.103650,0.992723,True,
7061,470.666667,146,150,1.942727,131.245794,0.897785,False,
7061,470.666667,148,149,3.358618,7.879123,0.597927,False,
7061,470.666667,148,150,4.558234,127.470321,0.529671,False,1.818427
7061,470.666667,149,150,2.034972,135.349444,0.261012,False,
7071,471.333333,138,139,1.031613,0.000000,0.000000,False,
7071,471.333333,138,144,2.205099,0.000000,0.000000,False,
7071,471.333333,138,145,6.256655,94.230797,0.015653,False,4.587877
7071,471.333333,138,148,2.415079,101.562952,0.385094,False,
7071,471.333333,139,144,2.853700,0.000000,0.000000,False,
7071,471.333333,139,145,7.283321,94.230797,0.000705,False,5.413612
7071,471.333333,139,148,3.446376,101.562952,0.376910,False,
7071,471.333333,142,143,0.714808,8.913912,0.998193,True,0.598166
7071,471.333333,142,145,2.003220,173.303903,0.987599,False,
7071,471.333333,142,146,2.930384,8.983863,0.143272,False,
7071,471.333333,142,149,3.890996,2.633859,0.546086,False,
7071,471.333333,142,150,2.447318,138.299948,0.050951,False,
7071,471.333333,143,145,2.240755,177.782185,0.999826,False,
7071,471.333333,143,146,2.992743,17.897775,0.168621,False,
7071,471.333333,143,149,4.347088,11.547771,0.707569,False,
7071,471.333333,143,150,2.818128,147.213860,0.492733,False,
7071,471.333333,144,146,4.245356,101.449163,0.566606,False,
7071,471.333333,144,148,2.404665,101.562952,0.974771,False,
7071,471.333333,145,146,1.055162,164.320040,0.972333,False,0.215263
7071,471.333333,145,148,3.877362,164.206252,0.619580,False,1.100181
7071,471.333333,145,149,2.259804,170.670044,0.143526,False,
7071,471.333333,145,150,0.708869,35.003955,0.993756,False,0.341894
7071,471.333333,146,148,2.957399,0.113789,0.022203,False,9.621432
7071,471.333333,146,149,2.381066,6.350004,0.975475,True,
7071,471.333333,146,150,1.309411,129.316085,0.993714,False,
7071,471.333333,148,149,3.299561,6.463793,0.679635,False,
7071,471.333333,148,150,3.677670,129.202296,0.554276,False,
7071,471.333333,149,150,1.567854,135.666089,0.546829,False,
7081,472.000000,138,139,1.031613,0.000000,0.000000,False,
7081,472.000000,138,144,2.205099,0.000000,0.000000,False,
7081,472.000000,138,145,5.700261,91.324125,0.041836,False,3.573843
7081,472.000000,138,148,3.078750,103.168013,0.332727,False,
7081,472.000000,139,144,2.853700,0.000000,0.000000,False,
7081,472.000000,139,145,6.727599,91.324125,0.056968,False,4.345153
7081,472.000000,139,148,4.109213,103.168013,0.345605,False,
7081,472.000000,142,143,0.572591,8.452146,0.991548,True,
7081,472.000000,142,145,3.109574,174.600991,0.738654,False,
7081,472.000000,142,146,2.859574,5.731145,0.180794,False,
7081,472.000000,142,149,3.968305,0.017778,0.550550,False,
7081,472.000000,142,150,3.099002,153.768750,0.177033,False,
7081,472.000000,143,145,3.175661,176.946863,0.108201,False,
7081,472.000000,143,146,2.810483,14.183291,0.081775,False,
7081,472.000000,143,149,4.283461,8.434368,0.696756,False,
7081,472.000000,143,150,3.281227,162.220896,0.499274,False,
7081,472.000000,144,145,4.795478,91.324125,0.415853,False,
7081,472.000000,144,146,4.759077,99.806029,0.463433,False,
7081,472.000000,144,148,2.662387,103.168013,0.897841,False,
7081,472.000000,145,146,0.675313,168.869846,0.022910,False,
7081,472.000000,145,148,2.628104,165.507862,0.817547,False,0.655623
7081,472.000000,145,149,1.936130,174.618769,0.855371,False,
7081,472.000000,145,150,0.659636,20.832241,0.936360,False,
7081,472.000000,146,148,2.908859,3.361984,0.006970,False,
7081,472.000000,146,149,2.590781,5.748923,0.971296,False,
7081,472.000000,146,150,1.274391,148.037605,0.951815,False,
7081,472.000000,148,149,3.222054,9.110907,0.732461,False,
7081,472.000000,148,150,2.886857,144.675621,0.535680,False,
7081,472.000000,149,150,1.325422,153.786528,0.925507,False,
7091,472.666667,138,139,1.031613,160.123824,0.872340,False,
7091,472.666667,138,144,2.205099,88.036221,0.567929,False,
7091,472.666667,138,148,3.781676,92.650523,0.393256,False,
7091,472.666667,139,144,2.853700,111.839956,0.194311,False,
7091,472.666667,139,148,4.806622,107.225653,0.355765,False,
7091,472.666667,142,143,0.575906,3.210328,0.985770,True,
7091,472.666667,142,145,4.165936,169.853981,0.787896,False,
7091,472.666667,142,146,2.736237,0.160782,0.023773,False,9.233551
7091,472.666667,142,149,3.910984,1.204449,0.620758,False,
7091,472.666667,142,150,3.596485,172.368931,0.303676,False,
7091,472.666667,143,145,4.174742,173.064309,0.555754,False,
7091,472.666667,143,146,2.669139,3.371110,0.161970,False,
7091,472.666667,143,149,4.209552,2.005879,0.690841,False,
7091,472.666667,143,150,3.718672,169.158603,0.385954,False,
7091,472.666667,144,145,4.253471,166.157980,0.593773,False,
7091,472.666667,144,148,3.039763,4.614302,0.819826,False,
7091,472.666667,145,146,1.538231,169.693199,0.993054,False,
7091,472.666667,145,148,1.330966,170.772282,0.796794,False,0.274034
7091,472.666667,145,149,2.156801,171.058430,0.942233,False,
7091,472.666667,145,150,0.929148,17.777088,0.728825,True,
7091,472.666667,146,148,2.757717,19.534519,0.000673,False,
7091,472.666667,146,149,2.546877,1.365231,0.991795,False,
7091,472.666667,146,150,1.410559,172.529713,0.874378,False,
7091,472.666667,148,149,3.139523,18.169287,0.790494,False,
7091,472.666667,148,150,2.174532,152.995194,0.671066,False,
7091,472.666667,149,150,1.332714,171.164482,0.975602,False,
7101,473.333333,138,139,0.986096,0.000000,0.000000,False,
7101,473.333333,138,144,2.194279,0.000000,0.000000,False,
7101,473.333333,138,145,4.632362,75.917005,0.371830,False,
7101,473.333333,138,148,4.519103,103.858873,0.237300,False,
7101,473.333333,139,144,2.898247,0.000000,0.000000,False,
7101,473.333333,142,143,0.629241,1.832141,0.986168,True,0.800940
7101,473.333333,142,146,2.674467,3.594346,0.000055,False,
7101,473.333333,142,149,3.984821,1.170434,0.612170,False,
7101,473.333333,142,150,4.189911,162.462661,0.215525,False,
7101,473.333333,143,146,2.634232,1.762205,0.250718,False,
7101,473.333333,143,149,4.330922,3.002575,0.718505,False,
7101,473.333333,143,150,4.315000,164.294802,0.387854,False,
7101,473.333333,144,145,3.874248,75.917005,0.765592,False,
7101,473.333333,144,148,3.477027,103.858873,0.668125,False,
7101,473.333333,145,146,2.652604,160.911322,0.982757,False,
7101,473.333333,145,148,0.638662,179.775877,0.993514,False,
7101,473.333333,145,149,2.705754,165.676102,0.859355,False,
7101,473.333333,145,150,1.242037,33.031671,0.509344,False,
7101,473.333333,146,148,2.617821,18.864556,0.050028,False,
7101,473.333333,146,149,2.593806,4.764780,0.988337,False,
7101,473.333333,146,150,1.832707,166.057007,0.683050,False,
7101,473.333333,148,149,3.207971,14.099776,0.838448,False,
7101,473.333333,148,150,1.638450,147.192451,0.866573,False,
7101,473.333333,149,150,1.599802,161.292227,0.873995,False,
7111,474.000000,138,139,1.031613,163.698164,0.901123,False,
7111,474.000000,138,144,2.205099,135.075059,0.104669,False,
7111,474.000000,138,145,3.997920,85.758089,0.317473,False,
7111,474.000000,139,144,2.853700,61.226777,0.881449,False,
7111,474.000000,142,143,0.548363,1.086395,0.964492,True,
7111,474.000000,142,146,2.736207,5.698398,0.037454,False,
7111,474.000000,142,149,3.975761,10.488088,0.513790,False,
7111,474.000000,142,150,4.913015,124.007449,0.227990,False,
7111,474.000000,143,146,2.640573,4.612003,0.245037,False,
7111,474.000000,143,149,4.211619,11.574483,0.619636,False,8.545863
7111,474.000000,143,150,4.919310,125.093844,0.106127,False,
7111,474.000000,144,145,3.485185,139.166852,0.826432,False,
7111,474.000000,144,148,4.110702,38.093575,0.497899,False,
7111,474.000000,144,150,4.969995,151.727469,0.477812,False,
7111,474.000000,145,146,3.826669,161.188474,0.900495,False,
7111,474.000000,145,148,1.505369,177.260427,0.649146,False,
7111,474.000000,145,149,3.630754,177.374960,0.929910,False,
7111,474.000000,145,150,1.677730,69.105679,0.098842,False,
7111,474.000000,146,148,2.494612,16.071953,0.058524,False,
7111,474.000000,146,149,2.466174,16.186486,0.974328,True,4.557605
7111,474.000000,146,150,2.334661,129.705847,0.240387,False,
7111,474.000000,148,149,3.171415,0.114533,0.868576,False,
7111,474.000000,148,150,1.169690,113.633894,0.996491,False,
7111,474.000000,149,150,2.096430,113.519361,0.942578,False,
7121,474.666667,138,139,0.966851,0.000000,0.000000,False,
7121,474.666667,138,144,2.174369,0.000000,0.000000,False,
7121,474.666667,138,145,3.442248,74.160664,0.530210,False,
7121,474.666667,139,144,2.919788,0.000000,0.000000,False,
7121,474.666667,139,145,4.382543,74.160664,0.480214,False,
7121,474.666667,142,143,0.613549,8.283021,0.986689,True,
7121,474.666667,142,146,2.463780,3.877779,0.101377,False,
7121,474.666667,142,148,4.754633,10.097222,0.092271,False,
7121,474.666667,142,149,3.672653,14.968197,0.539875,False,
7121,474.666667,143,146,2.438011,12.160800,0.291534,False,
7121,474.666667,143,148,4.659127,1.814201,0.024870,False,6.282028
7121,474.666667,143,149,3.991356,6.685176,0.592752,False,
7121,474.666667,144,145,3.101888,74.160664,0.941991,False,
7121,474.666667,144,148,4.759957,95.846289,0.382417,False,
7121,474.666667,144,150,4.653251,149.959959,0.497264,False,
7121,474.666667,145,148,2.996884,170.006953,0.956068,False,
7121,474.666667,145,149,4.730356,174.877928,0.876555,False,
7121,474.666667,145,150,2.233127,75.799295,0.152290,False,
7121,474.666667,146,148,2.298111,13.975001,0.106590,False,
7121,474.666667,146,149,2.253633,18.845976,0.972970,True,
7121,474.666667,146,150,2.902606,128.168753,0.016843,False,
7121,474.666667,148,149,3.050929,4.870975,0.884740,False,
7121,474.666667,148,150,1.111761,114.193752,0.554575,False,
7121,474.666667,149,150,2.763574,109.322777,0.947252,False,
7131,475.333333,138,139,1.031613,18.554887,0.883382,True,
7131,475.333333,138,144,2.205099,111.839078,0.452916,False,
7131,475.333333,138,145,2.874366,97.150526,0.625938,False,
7131,475.333333,139,144,2.853700,93.284191,0.592415,False,
7131,475.333333,139,145,3.893234,78.595639,0.477654,False,
7131,475.333333,142,143,0.719618,0.234878,0.903644,True,
7131,475.333333,142,146,2.465711,5.196289,0.122724,False,
7131,475.333333,142,148,4.841974,0.718002,0.003379,False,
7131,475.333333,142,149,3.747747,13.277434,0.512385,False,
7131,475.333333,143,146,2.309447,4.961411,0.411714,False,
7131,475.333333,143,148,4.579204,0.483124,0.147528,False,
7131,475.333333,143,149,3.957565,13.512313,0.650710,False,
7131,475.333333,144,145,3.011518,14.688552,0.962829,False,
7131,475.333333,144,150,4.513701,48.774251,0.308113,False,
7131,475.333333,145,148,4.137878,163.750197,0.997380,False,
7131,475.333333,145,150,2.697992,63.462803,0.327575,False,
7131,475.333333,146,148,2.392202,4.478287,0.035341,False,
7131,475.333333,146,149,2.135201,18.473723,0.952863,True,
7131,475.333333,146,150,3.660238,137.265287,0.167031,False,
7131,475.333333,148,149,2.929096,13.995436,0.831221,False,
7131,475.333333,148,150,1.497286,132.787000,0.216541,False,
7131,475.333333,149,150,3.367048,118.791563,0.948264,False,
7141,476.000000,138,139,1.031613,0.000000,0.000000,False,
7141,476.000000,138,144,2.205099,0.000000,0.000000,False,
7141,476.000000,138,145,2.296531,85.077476,0.532595,False,
7141,476.000000,139,144,2.853700,0.000000,0.000000,False,
7141,476.000000,139,145,3.293636,85.077476,0.448800,False,
7141,476.000000,142,143,0.678833,7.222404,0.851440,True,0.900775
7141,476.000000,142,146,2.417938,6.658067,0.154841,False,
7141,476.000000,142,148,4.602562,2.968957,0.027297,False,
7141,476.000000,143,146,2.243907,0.564337,0.475638,False,
7141,476.000000,143,148,4.321931,4.253447,0.213357,False,5.509100
7141,476.000000,144,145,2.855303,85.077476,0.988782,False,
7141,476.000000,144,150,4.210727,144.297799,0.462072,False,
7141,476.000000,145,150,3.214608,59.220322,0.486580,False,
7141,476.000000,146,148,2.208201,3.689110,0.029882,False,4.807566
7141,476.000000,146,150,4.367978,135.567282,0.375950,False,
7141,476.000000,148,150,2.229377,131.878173,0.122424,False,
7151,476.666667,138,139,1.031613,0.000000,0.000000,False,
7151,476.666667,138,144,2.205099,0.000000,0.000000,False,
7151,476.666667,138,145,1.776959,87.459492,0.647896,False,
7151,476.666667,138,150,4.982737,148.843466,0.863736,False,
7151,476.666667,139,144,2.853700,0.000000,0.000000,False,
7151,476.666667,139,145,2.728608,87.459492,0.500102,False,
7151,476.666667,144,145,2.814744,87.459492,0.999420,False,
7151,476.666667,144,150,3.965794,148.843466,0.563693,False,
7151,476.666667,145,150,3.764639,61.383974,0.553698,False,
7151,476.666667,146,148,2.066972,5.412356,0.102171,False,
7151,476.666667,148,150,3.077144,124.364799,0.300399,False,
7161,477.333333,138,139,1.031613,0.000000,0.000000,False,
7161,477.333333,138,144,2.205099,0.000000,0.000000,False,
7161,477.333333,138,145,1.337092,90.708437,0.822654,False,
7161,477.333333,138,150,4.841151,143.621892,0.843634,False,
7161,477.333333,139,144,2.853700,0.000000,0.000000,False,
7161,477.333333,139,145,2.178338,90.708437,0.576456,False,
7161,477.333333,144,145,2.902427,90.708437,0.978927,False,
7161,477.333333,144,150,3.726483,143.621892,0.524590,False,
7161,477.333333,145,150,4.329480,52.913456,0.577272,False,
7171,478.000000,138,139,1.031613,0.000000,0.000000,False,
7171,478.000000,138,144,2.205099,0.000000,0.000000,False,
7171,478.000000,138,145,1.077973,91.502001,0.993668,False,
7171,478.000000,138,150,4.680605,141.053496,0.843638,False,
7171,478.000000,139,144,2.853700,0.000000,0.000000,False,
7171,478.000000,139,145,1.666480,91.502001,0.727737,False,
7171,478.000000,144,145,3.077791,91.502001,0.919821,False,
7171,478.000000,144,150,3.488177,141.053496,0.514855,False,
7171,478.000000,145,150,4.830983,49.551495,0.560865,False,
7181,478.666667,138,139,1.031613,0.000000,0.000000,False,
7181,478.666667,138,144,2.205099,0.000000,0.000000,False,
7181,478.666667,138,145,1.213708,91.453225,0.897146,False,
7181,478.666667,138,150,4.568698,155.365635,0.963572,False,
7181,478.666667,138,153,3.664247,73.201051,0.786809,False,
7181,478.666667,139,144,2.853700,0.000000,0.000000,False,
7181,478.666667,139,145,1.323645,91.453225,0.930277,False,
7181,478.666667,139,153,3.260458,73.201051,0.925039,False,
7181,478.666667,144,145,3.404691,91.453225,0.836379,False,
7181,478.666667,144,150,3.292193,155.365635,0.739396,False,
7181,478.666667,144,152,3.180990,0.000000,0.000000,False,
7181,478.666667,144,153,3.190073,73.201051,0.261753,False,
7181,478.666667,145,153,4.553843,164.654276,0.995534,False,
7181,478.666667,150,152,2.590333,155.365635,0.283946,False,
7191,479.333333,138,139,1.031613,0.000000,0.000000,False,
7191,479.333333,138,144,2.205099,0.000000,0.000000,False,
7191,479.333333,138,145,1.573342,93.091569,0.701537,False,
7191,479.333333,138,150,4.556024,168.680645,0.999907,False,
7191,479.333333,138,153,3.462882,79.355621,0.887150,False,
7191,479.333333,139,144,2.853700,0.000000,0.000000,False,
7191,479.333333,139,145,1.220737,93.091569,0.996914,False,
7191,479.333333,139,153,3.146100,79.355621,0.983644,False,
7191,479.333333,144,145,3.764501,93.091569,0.770303,False,
7191,479.333333,144,150,3.175139,168.680645,0.903753,False,
7191,479.333333,144,152,3.180990,0.000000,0.000000,False,
7191,479.333333,144,153,2.860100,79.355621,0.392810,False,
7191,479.333333,145,153,4.359650,172.447190,0.992592,False,
7191,479.333333,150,152,2.354143,168.680645,0.065191,False,3.008152
7201,480.000000,138,139,1.031613,0.000000,0.000000,False,
7201,480.000000,138,144,2.205099,0.000000,0.000000,False,
7201,480.000000,138,150,4.574877,163.164253,0.999498,False,
7201,480.000000,138,153,3.373346,89.001948,0.973614,False,
7201,480.000000,139,144,2.853700,0.000000,0.000000,False,
7201,480.000000,139,153,3.143760,89.001948,0.996814,False,
7201,480.000000,144,150,3.091568,163.164253,0.892011,False,
7201,480.000000,144,152,3.180990,0.000000,0.000000,False,
7201,480.000000,144,153,2.613131,89.001948,0.587885,False,
7201,480.000000,150,152,2.120739,163.164253,0.163371,False,2.746169
7201,480.000000,152,153,4.856698,89.001948,0.015624,False,7.123694
7211,480.666667,138,139,1.031613,0.000000,0.000000,False,
7211,480.666667,138,144,2.205099,0.000000,0.000000,False,
7211,480.666667,138,150,4.541369,153.635397,0.989309,False,
7211,480.666667,138,153,3.347452,93.895856,0.996007,False,
7211,480.666667,139,144,2.853700,0.000000,0.000000,False,
7211,480.666667,139,153,3.176243,93.895856,0.975044,False,
7211,480.666667,144,150,2.962915,153.635397,0.842294,False,
7211,480.666667,144,152,3.180990,0.000000,0.000000,False,
7211,480.666667,144,153,2.471386,93.895856,0.690709,False,
7211,480.666667,150,152,1.894907,153.635397,0.359239,False,
7211,480.666667,152,153,4.668916,93.895856,0.071692,False,
7221,481.333333,138,139,1.031613,0.000000,0.000000,False,
7221,481.333333,138,144,2.205099,0.000000,0.000000,False,
7221,481.333333,138,150,4.500809,159.371436,0.999845,False,
7221,481.333333,138,153,3.342501,92.692273,0.997359,False,
7221,481.333333,139,144,2.853700,0.000000,0.000000,False,
7221,481.333333,139,153,3.210419,92.692273,0.971120,False,
7221,481.333333,144,150,2.810112,159.371436,0.927497,False,
7221,481.333333,144,152,3.180990,0.000000,0.000000,False,
7221,481.333333,144,153,2.384604,92.692273,0.702712,False,
7221,481.333333,150,152,1.629480,159.371436,0.329536,False,1.723706
7221,481.333333,150,153,4.873846,107.936291,0.927561,False,
7221,481.333333,152,153,4.543414,92.692273,0.053578,False,
7231,482.000000,138,139,1.031613,176.477447,0.994757,False,
7231,482.000000,138,144,2.205099,176.477447,0.574023,False,
7231,482.000000,138,150,4.552387,23.163436,0.993589,False,
7231,482.000000,138,153,3.331983,89.860394,0.991614,False,
7231,482.000000,139,144,2.853700,0.000000,0.000000,False,
7231,482.000000,139,153,3.219395,86.617053,0.988155,False,
7231,482.000000,144,150,2.747093,160.359117,0.966587,False,
7231,482.000000,144,152,3.180990,0.000000,0.000000,False,
7231,482.000000,144,153,2.336187,86.617053,0.636389,False,
7231,482.000000,150,152,1.335196,160.359117,0.358869,False,1.247976
7231,482.000000,150,153,4.652281,113.023830,0.860544,False,
7231,482.000000,152,153,4.481160,86.617053,0.053132,False,
7241,482.666667,138,139,1.029876,148.213999,0.917589,False,
7241,482.666667,138,144,2.189885,148.213999,0.122688,False,
7241,482.666667,138,150,4.546077,76.973222,0.998280,False,
7241,482.666667,138,153,3.313619,148.213999,0.610708,False,
7241,482.666667,139,144,2.853700,0.000000,0.000000,False,
7241,482.666667,139,153,3.219395,0.000000,0.000000,False,
7241,482.666667,144,150,2.660397,134.812780,0.818923,False,
7241,482.666667,144,152,3.180990,0.000000,0.000000,False,
7241,482.666667,144,153,2.336187,0.000000,0.000000,False,
7241,482.666667,150,152,1.105008,134.812780,0.799206,False,
7241,482.666667,150,153,4.472590,134.812780,0.504494,False,
7241,482.666667,152,153,4.481160,0.000000,0.000000,False,
7251,483.333333,138,139,1.086514,140.878466,0.809536,False,
7251,483.333333,138,144,2.078720,140.878466,0.002691,False,5.707086
7251,483.333333,138,150,4.295382,89.001018,0.999919,False,
7251,483.333333,138,153,3.232027,140.878466,0.722979,False,
7251,483.333333,139,144,2.853700,0.000000,0.000000,False,
7251,483.333333,139,153,3.219395,0.000000,0.000000,False,
7251,483.333333,144,150,2.453503,130.120516,0.807078,False,
7251,483.333333,144,152,3.180990,0.000000,0.000000,False,
7251,483.333333,144,153,2.336187,0.000000,0.000000,False,
7251,483.333333,150,152,1.056472,130.120516,0.947297,False,
7251,483.333333,150,153,4.217643,130.120516,0.442578,False,
7251,483.333333,152,153,4.481160,0.000000,0.000000,False,
7261,484.000000,138,139,1.149770,140.880835,0.769741,False,
7261,484.000000,138,144,1.982604,140.880835,0.005516,False,
7261,484.000000,138,150,4.159238,81.011121,0.999997,False,
7261,484.000000,138,154,3.170373,54.263782,0.923728,False,
7261,484.000000,139,144,2.853700,0.000000,0.000000,False,
7261,484.000000,139,154,3.219395,86.617053,0.988155,False,
7261,484.000000,144,150,2.313982,138.108044,0.940667,False,
7261,484.000000,144,152,3.180990,0.000000,0.000000,False,
7261,484.000000,144,154,2.336187,86.617053,0.636389,False,
7261,484.000000,150,152,0.934987,138.108044,0.994265,False,
7261,484.000000,150,154,3.922761,135.274903,0.649811,False,
7261,484.000000,152,154,4.481160,86.617053,0.053132,False,
7271,484.666667,138,139,1.128492,39.121535,0.779421,False,
7271,484.666667,138,150,4.154181,83.394422,0.858360,False,
7271,484.666667,138,154,3.180585,82.059754,0.430936,False,
7271,484.666667,138,155,2.177246,39.121535,0.032991,False,
7271,484.666667,139,154,3.222649,42.938219,0.824263,False,
7271,484.666667,139,155,2.994077,0.000000,0.000000,False,
7271,484.666667,150,152,0.950424,122.515956,0.925676,False,
7271,484.666667,150,154,3.728636,165.454175,0.378781,False,
7271,484.666667,150,155,2.115965,122.515956,0.829425,False,
7271,484.666667,152,154,4.460412,42.938219,0.728236,False,
7271,484.666667,152,155,3.052660,0.000000,0.000000,False,
7271,484.666667,154,155,2.247991,42.938219,0.138210,False,
7281,485.333333,138,139,1.106896,50.484233,0.665523,False,
7281,485.333333,138,150,4.117305,59.068073,0.803709,False,
7281,485.333333,138,154,3.193945,19.653241,0.714242,False,
7281,485.333333,138,155,2.219576,143.740858,0.457693,False,
7281,485.333333,139,150,4.993968,109.552306,0.776106,False,
7281,485.333333,139,154,3.203021,30.830992,0.312295,False,
7281,485.333333,139,155,2.994077,165.774910,0.650080,False,
7281,485.333333,150,152,1.037946,109.552306,0.763016,False,
7281,485.333333,150,154,3.602953,78.721314,0.002292,False,
7281,485.333333,150,155,2.016905,84.672785,0.999975,False,3.816671
7281,485.333333,152,154,4.461464,30.830992,0.859290,False,
7281,485.333333,152,155,3.052660,165.774910,0.750364,False,
7281,485.333333,154,155,2.236387,163.394098,0.880821,False,
7291,486.000000,138,139,1.107497,176.430229,0.999175,False,
7291,486.000000,138,150,4.073176,98.556115,0.692372,False,
7291,486.000000,138,154,3.160037,134.015972,0.990756,False,
7291,486.000000,138,155,2.423639,10.655320,0.381246,False,
7291,486.000000,139,150,4.950542,85.013656,0.458253,False,
7291,486.000000,139,154,3.180111,49.553798,0.605032,False,
7291,486.000000,139,155,3.177826,165.774910,0.612490,False,
7291,486.000000,150,152,1.086361,85.013656,0.360011,False,
7291,486.000000,150,154,3.538231,35.459858,0.317467,False,
7291,486.000000,150,155,1.816733,109.211435,0.916219,False,2.695139
7291,486.000000,152,154,4.483334,49.553798,0.646467,False,
7291,486.000000,152,155,2.901511,165.774910,0.789453,False,
7291,486.000000,154,155,2.157447,144.671292,0.883758,False,
7301,486.666667,138,139,1.108412,176.430229,0.998350,False,
7301,486.666667,138,150,3.871408,113.001037,0.459833,False,
7301,486.666667,138,154,3.126373,134.015972,0.989436,False,
7301,486.666667,138,155,2.407764,176.430229,0.527757,False,
7301,486.666667,139,150,4.752562,70.568734,0.231301,False,
7301,486.666667,139,154,3.157303,49.553799,0.609403,False,
7301,486.666667,139,155,3.177826,0.000000,0.000000,False,
7301,486.666667,150,152,1.288475,70.568734,0.097726,False,
7301,486.666667,150,154,3.377030,21.014935,0.511102,False,
7301,486.666667,150,155,1.613727,70.568734,0.053944,False,2.002725
7301,486.666667,152,154,4.505273,49.553799,0.643318,False,
7301,486.666667,152,155,2.901511,0.000000,0.000000,False,
7301,486.666667,154,155,2.166175,49.553799,0.950718,False,
7311,487.333333,138,139,1.109641,176.430229,0.997244,False,
7321,488.000000,138,139,1.109641,0.000000,0.000000,False,
7331,488.666667,138,139,1.109641,0.000000,0.000000,False,
7341,489.333333,138,139,1.109641,0.000000,0.000000,False,
7351,490.000000,138,139,1.109641,0.000000,0.000000,False,
7361,490.666667,138,139,1.109641,89.602421,0.626575,False,
7371,491.333333,138,139,1.091110,89.602421,0.612196,False,
7481,498.666667,156,157,0.822052,9.825591,0.998089,True,0.896277
7481,498.666667,156,158,1.924446,4.321573,0.991965,True,
7481,498.666667,157,158,1.105334,14.147164,0.999987,True,
7491,499.333333,156,157,0.719834,7.231658,0.991669,True,0.607329
7491,499.333333,156,158,1.985463,3.666507,0.991252,True,
7491,499.333333,157,158,1.270636,10.898165,0.999830,True,
7501,500.000000,156,157,0.660841,0.111552,0.998639,True,
7501,500.000000,156,158,2.029697,11.181828,0.994063,True,
7501,500.000000,157,158,1.369957,11.293380,0.996276,True,
7511,500.666667,156,157,0.715744,1.475249,0.997582,True,
7511,500.666667,156,158,2.283972,6.276123,0.992132,True,
7511,500.666667,157,158,1.568294,4.800874,0.989722,True,
7511,500.666667,157,159,4.974136,2.682155,0.041603,False,
7521,501.333333,156,157,0.693022,2.926166,0.984421,True,0.917343
7521,501.333333,156,158,2.199980,11.978482,0.987063,True,4.357411
7521,501.333333,156,159,4.989083,10.165002,0.083363,False,
7521,501.333333,156,160,3.099786,4.542867,0.358440,False,
7521,501.333333,157,158,1.508806,9.052316,0.987441,True,3.698694
7521,501.333333,157,159,4.894234,7.238836,0.024105,False,
7521,501.333333,157,160,3.037055,1.616700,0.113239,False,
7521,501.333333,158,159,4.892868,1.813480,0.246145,False,
7521,501.333333,158,160,3.537551,7.435615,0.393870,False,
7531,502.000000,156,157,0.628489,3.021986,0.999692,True,0.308242
7531,502.000000,156,158,1.974990,10.407832,0.997549,True,4.308191
7531,502.000000,156,159,4.764849,10.096956,0.097129,False,
7531,502.000000,156,160,3.202236,1.739255,0.292612,False,
7531,502.000000,157,158,1.357912,7.385846,0.993405,True,3.339394
7531,502.000000,157,159,4.793359,7.074970,0.003802,False,
7531,502.000000,157,160,3.069526,1.282731,0.072455,False,
7531,502.000000,158,159,4.823523,0.310876,0.214560,False,
7531,502.000000,158,160,3.498515,8.668577,0.381255,False,
7541,502.666667,156,157,0.613168,0.183904,0.999923,True,
7541,502.666667,156,158,1.935371,4.745796,0.997325,True,
7541,502.666667,156,159,4.663122,2.722738,0.119094,False,
7541,502.666667,156,160,3.280652,0.756050,0.243373,False,
7541,502.666667,157,158,1.327126,4.929700,0.992336,True,5.190504
7541,502.666667,157,159,4.637005,2.906642,0.014661,False,
7541,502.666667,157,160,3.198006,0.572146,0.059474,False,
7541,502.666667,158,159,4.655024,2.023057,0.250881,False,
7541,502.666667,158,160,3.597533,5.501846,0.352366,False,
7551,503.333333,156,157,0.630994,5.931746,0.999623,True,
7551,503.333333,156,158,1.863003,4.881581,0.998550,True,
7551,503.333333,156,159,4.539900,2.933180,0.139357,False,
7551,503.333333,156,160,3.215424,5.903721,0.261997,False,
7551,503.333333,157,158,1.238614,10.813327,0.986534,True,2.069451
7551,503.333333,157,159,4.524633,8.864926,0.053551,False,
7551,503.333333,157,160,3.129735,0.028025,0.117133,False,
7551,503.333333,158,159,4.530733,1.948402,0.226024,False,
7551,503.333333,158,160,3.524032,10.785302,0.320030,False,
7561,504.000000,156,157,0.758774,9.179351,0.996746,True,
7561,504.000000,156,158,1.814616,1.327626,0.999486,True,
7561,504.000000,156,159,4.420348,1.250035,0.151634,False,
7561,504.000000,156,160,3.212228,9.016313,0.318361,False,
7561,504.000000,157,158,1.076706,7.851725,0.971469,True,2.112981
7561,504.000000,157,159,4.497743,10.429386,0.101664,False,
7561,504.000000,157,160,2.997363,0.163038,0.166254,False,
7561,504.000000,158,159,4.497767,2.577661,0.265884,False,
7561,504.000000,158,160,3.322295,7.688687,0.222844,False,
7571,504.666667,156,157,0.850894,6.969769,0.995955,True,
7571,504.666667,156,158,1.890342,3.879809,0.999502,True,
7571,504.666667,156,159,4.336123,0.074422,0.173635,False,
7571,504.666667,156,160,3.214025,6.988446,0.284684,False,
7571,504.666667,157,158,1.056412,3.089960,0.977479,True,4.718086
7571,504.666667,157,159,4.398493,6.895348,0.086306,False,
7571,504.666667,157,160,3.005872,0.018677,0.082689,False,
7571,504.666667,157,163,4.856525,167.563231,0.162485,False,
7571,504.666667,158,159,4.421729,3.805387,0.292434,False,
7571,504.666667,158,160,3.338049,3.108637,0.258674,False,
7571,504.666667,158,162,5.403907,172.654887,0.400546,False,1.634332
7571,504.666667,158,163,4.409959,170.653192,0.240759,False,
7571,504.666667,159,161,2.065266,105.557297,0.797001,False,
7571,504.666667,159,162,2.204151,168.849500,0.948459,False,
7571,504.666667,159,163,2.065838,174.458579,0.873297,False,
7571,504.666667,161,162,3.536344,85.593203,0.995732,False,
7571,504.666667,161,163,3.880538,68.901282,0.894442,False,
7571,504.666667,162,163,1.044439,16.691921,0.184514,False,
7581,505.333333,156,157,0.926202,1.731152,0.984010,True,
7581,505.333333,156,158,1.907189,0.419944,0.999836,True,
7581,505.333333,156,159,4.195534,5.365439,0.221249,False,
7581,505.333333,156,160,3.241519,4.772230,0.304583,False,
7581,505.333333,156,161,4.910273,77.009519,0.190597,False,
7581,505.333333,156,162,4.889233,177.720769,0.450078,False,
7581,505.333333,156,163,4.242489,176.268117,0.775967,False,
7581,505.333333,157,158,0.998945,2.151097,0.995252,True,
7581,505.333333,157,159,4.281587,3.634287,0.020777,False,
7581,505.333333,157,160,2.975923,6.503382,0.006673,False,
7581,505.333333,157,162,4.607128,179.451921,0.378616,False,
7581,505.333333,157,163,3.806395,174.536964,0.683603,False,
7581,505.333333,158,159,4.325940,5.785383,0.227614,False,
7581,505.333333,158,160,3.258791,4.352286,0.277458,False,
7581,505.333333,158,162,4.231166,177.300825,0.012815,False,
7581,505.333333,158,163,3.290685,176.688061,0.434407,False,
7581,505.333333,159,161,1.705906,82.374958,0.880912,False,
7581,505.333333,159,162,1.865293,176.913792,0.932919,False,
7581,505.333333,159,163,2.384196,170.902677,0.468257,False,
7581,505.333333,161,162,3.487066,100.711250,0.958795,False,
7581,505.333333,161,163,4.090013,106.722364,0.913167,False,
7581,505.333333,162,163,1.072513,6.011114,0.275699,False,
7591,506.000000,156,157,0.800487,9.801243,0.999659,True,0.700038
7591,506.000000,156,158,1.902123,7.031376,0.999405,True,
7591,506.000000,156,159,4.103236,11.918587,0.108031,False,
7591,506.000000,156,160,3.221844,5.187813,0.357441,False,
7591,506.000000,156,161,4.271177,47.885690,0.345695,False,
7591,506.000000,156,162,4.025825,160.349180,0.015972,False,
7591,506.000000,156,163,3.397720,179.681839,0.702060,False,
7591,506.000000,157,158,1.102588,2.769867,0.999800,True,
7591,506.000000,157,159,4.123698,2.117344,0.002867,False,
7591,506.000000,157,160,3.041546,4.613429,0.032093,False,
7591,506.000000,157,161,4.554997,57.686933,0.345565,False,
7591,506.000000,157,162,3.593996,170.150423,0.274259,False,
7591,506.000000,157,163,2.838303,170.516918,0.938111,False,
7591,506.000000,158,159,4.330701,4.887211,0.277668,False,
7591,506.000000,158,160,3.197262,1.843563,0.291763,False,
7591,506.000000,158,162,3.168582,167.380556,0.102792,False,
7591,506.000000,158,163,2.246097,173.286784,0.597524,False,
7591,506.000000,159,161,1.459645,59.804277,0.990453,False,
7591,506.000000,159,162,2.341317,172.267767,0.994382,False,
7591,506.000000,159,163,2.958871,168.399574,0.183661,False,
7591,506.000000,161,162,3.734852,112.463490,0.849389,False,
7591,506.000000,161,163,4.197171,131.796149,0.908322,False,
7591,506.000000,162,163,0.986254,19.332659,0.024165,False,
7601,506.666667,156,157,0.689269,10.468164,0.999011,True,0.298656
7601,506.666667,156,158,1.755064,16.320085,0.991951,True,
7601,506.666667,156,159,4.037298,15.615285,0.047548,False,
7601,506.666667,156,160,3.101981,3.972671,0.399571,False,
7601,506.666667,156,161,3.689109,84.337141,0.453660,False,
7601,506.666667,156,162,3.235594,167.619623,0.368080,False,
7601,506.666667,156,163,2.669534,168.973338,0.560556,False,
7601,506.666667,157,158,1.077390,5.851922,0.990973,True,
7601,506.666667,157,159,4.060149,5.147121,0.028933,False,
7601,506.666667,157,160,2.964540,6.495493,0.100976,False,
7601,506.666667,157,161,3.969030,94.805305,0.437627,False,
7601,506.666667,157,162,2.747426,178.087786,0.637549,False,
7601,506.666667,157,163,2.038406,179.441501,0.897251,False,
7601,506.666667,158,159,4.077479,0.704801,0.238670,False,
7601,506.666667,158,160,3.299380,12.347415,0.279754,False,
7601,506.666667,158,161,4.375616,100.657227,0.557035,False,
7601,506.666667,158,162,1.984629,176.060292,0.570562,False,
7601,506.666667,158,163,1.025480,174.706577,0.912029,False,
7601,506.666667,159,161,1.522435,99.952426,0.973325,False,
7601,506.666667,159,162,2.969159,176.765092,0.569190,False,
7601,506.666667,159,163,3.850470,175.411378,0.211155,False,
7601,506.666667,160,163,4.186862,172.946008,0.078059,False,
7601,506.666667,161,162,3.926861,83.282482,0.904535,False,
7601,506.666667,161,163,4.501545,84.636196,0.791352,False,
7601,506.666667,162,163,1.162379,1.353715,0.035241,False,
7611,507.333333,156,157,0.561227,5.884987,0.998937,True,
7611,507.333333,156,158,1.518960,10.621792,0.991274,True,3.226365
7611,507.333333,156,159,4.008859,15.220881,0.074140,False,
7611,507.333333,156,160,3.041147,1.968854,0.363308,False,
7611,507.333333,156,161,3.105052,88.474829,0.467374,False,
7611,507.333333,156,162,2.604762,160.650463,0.406645,False,
7611,507.333333,156,163,2.494941,177.255554,0.997940,False,
7611,507.333333,157,158,0.964973,4.736805,0.987988,True,2.959024
7611,507.333333,157,159,4.026692,9.335894,0.014178,False,
7611,507.333333,157,160,2.928833,3.916133,0.139226,False,
7611,507.333333,157,161,3.358284,94.359816,0.513160,False,
7611,507.333333,157,162,2.090784,166.535449,0.520885,False,
7611,507.333333,157,163,1.935604,171.370567,0.932018,False,
7611,507.333333,158,159,4.045427,4.599088,0.211372,False,
7611,507.333333,158,160,3.168328,8.652938,0.205667,False,
7611,507.333333,158,161,3.792582,99.096621,0.642868,False,
7611,507.333333,158,162,1.185454,171.272255,0.557374,False,
7611,507.333333,158,163,1.050640,166.633762,0.670250,False,
7611,507.333333,159,161,1.747442,103.695709,0.859237,False,
7611,507.333333,159,162,3.822563,175.871343,0.618374,False,
7611,507.333333,159,163,4.793544,162.034673,0.136816,False,
7611,507.333333,160,162,4.149276,162.619317,0.141823,False,
7611,507.333333,160,163,3.170881,175.286700,0.544586,False,
7611,507.333333,161,162,4.095306,72.175634,0.743151,False,
7611,507.333333,161,163,4.770947,94.269617,0.852933,False,
7611,507.333333,162,163,1.117804,22.093984,0.008551,False,
7621,508.000000,156,157,0.558803,0.022443,0.999211,True,
7621,508.000000,156,158,1.521501,0.019234,0.976931,True,
7621,508.000000,156,160,2.903652,2.466420,0.337522,False,7.790589
7621,508.000000,156,161,2.563613,89.392637,0.545238,False,
7621,508.000000,156,162,2.637899,164.748836,0.479351,False,
7621,508.000000,156,163,2.598342,173.168743,0.732062,False,
7621,508.000000,157,158,0.976164,0.003209,0.950762,True,
7621,508.000000,157,160,2.774661,2.443977,0.151607,False,7.054759
7621,508.000000,157,161,2.889541,89.415080,0.676684,False,
7621,508.000000,157,162,2.079284,164.771279,0.468764,False,
7621,508.000000,157,163,2.110506,173.146300,0.641365,False,
7621,508.000000,158,160,3.066855,2.447186,0.167588,False,
7621,508.000000,158,161,3.412424,89.411872,0.845005,False,
7621,508.000000,158,162,1.184903,164.768071,0.686329,False,
7621,508.000000,158,163,1.635923,173.149509,0.238156,False,
7621,508.000000,160,162,3.181979,167.215257,0.006877,False,
7621,508.000000,160,163,2.132751,170.702323,0.831050,False,
7621,508.000000,161,162,4.551130,75.356199,0.733793,False,
7621,508.000000,161,163,4.946595,97.438619,0.834812,False,
7621,508.000000,162,163,1.120930,22.082421,0.318597,False,
7631,508.666667,156,157,0.560207,0.125577,0.999815,True,
7631,508.666667,156,158,1.518545,10.057503,0.978388,True,
7631,508.666667,156,160,2.799415,5.310364,0.336486,False,
7631,508.666667,156,161,2.080992,104.024261,0.643351,False,
7631,508.666667,156,162,2.887295,177.478107,0.771179,False,
7631,508.666667,156,163,3.198096,176.641713,0.523489,False,
7631,508.666667,157,158,0.967066,9.931927,0.958171,True,
7631,508.666667,157,160,2.679180,5.184787,0.143395,False,
7631,508.666667,157,161,2.469711,103.898684,0.769984,False,
7631,508.666667,157,162,2.406554,177.603684,0.710900,False,
7631,508.666667,157,163,2.835407,176.767290,0.413630,False,
7631,508.666667,158,160,2.943755,4.747139,0.105236,False,
7631,508.666667,158,161,3.138402,93.966758,0.964857,False,
7631,508.666667,158,162,1.882831,172.464390,0.941640,False,
7631,508.666667,158,163,2.606355,173.300784,0.726785,False,
7631,508.666667,160,161,4.803835,98.713897,0.550157,False,
7631,508.666667,160,162,2.133246,177.211529,0.641602,False,
7631,508.666667,160,163,1.415007,178.047923,0.911214,False,
7631,508.666667,161,162,4.867131,78.497632,0.771392,False,
7631,508.666667,162,163,0.990492,0.836394,0.292049,False,
7641,509.333333,156,157,0.561116,6.517281,0.998744,True,
7641,509.333333,156,158,1.738562,22.160401,0.976524,False,
7641,509.333333,156,160,2.844924,8.079766,0.315694,False,
7641,509.333333,156,161,1.517233,108.681874,0.730929,False,
7641,509.333333,156,162,3.568869,175.193628,0.529066,False,
7641,509.333333,156,163,4.130743,171.825214,0.101069,False,
7641,509.333333,157,158,1.184342,15.643120,0.945631,True,
7641,509.333333,157,160,2.699832,1.562485,0.180285,False,
7641,509.333333,157,161,1.982878,102.164594,0.897183,False,
7641,509.333333,157,162,3.174231,178.289091,0.702607,False,
7641,509.333333,157,163,3.844885,178.342494,0.358686,False,
7641,509.333333,158,160,2.978497,14.080635,0.090275,False,
7641,509.333333,158,161,2.988767,86.521474,0.997246,False,
7641,509.333333,158,162,2.772469,162.645971,0.893309,False,
7641,509.333333,158,163,3.694295,166.014386,0.922467,False,
7641,509.333333,160,161,4.227192,100.602108,0.579036,False,
7641,509.333333,160,162,1.677208,176.726606,0.952623,False,
7641,509.333333,160,163,1.517904,179.904980,0.878593,False,
7641,509.333333,162,163,1.088884,3.368414,0.304293,False,
7651,510.000000,156,157,0.702471,5.455672,0.996664,True,
7651,510.000000,156,158,1.991549,18.501432,0.977667,True,
7651,510.000000,156,160,2.829018,7.087185,0.375720,False,
7651,510.000000,156,161,1.186415,96.441669,0.922921,False,
7651,510.000000,157,158,1.289187,13.045760,0.965308,True,
7651,510.000000,157,160,2.713529,1.631513,0.180128,False,
7651,510.000000,157,161,1.848577,90.985997,0.990014,False,
7651,510.000000,158,160,2.984839,11.414248,0.150592,False,
7651,510.000000,158,161,3.105492,77.940237,0.978865,False,
7651,510.000000,160,161,3.718250,89.354484,0.635695,False,
7661,510.666667,156,157,0.680982,0.950185,0.999993,True,3.407881
7661,510.666667,156,158,2.140052,13.829160,0.984761,True,
7661,510.666667,156,160,2.870641,6.863200,0.405440,False,
7661,510.666667,156,161,1.127387,96.141448,0.984263,False,
7661,510.666667,157,158,1.459813,14.779345,0.982762,True,
7661,510.666667,157,160,2.717068,7.813385,0.170945,False,
7661,510.666667,157,161,1.802541,97.091633,0.995134,False,
7661,510.666667,158,160,3.019156,6.965960,0.202270,False,
7661,510.666667,158,161,3.261470,82.312288,0.944184,False,
7661,510.666667,160,161,3.265724,89.278248,0.733303,False,
7671,511.333333,156,157,0.681333,0.028324,0.999900,True,
7671,511.333333,156,160,2.860571,5.615887,0.400764,False,
7671,511.333333,156,161,1.367509,97.283804,0.814179,False,
7671,511.333333,157,160,2.685989,5.587563,0.173721,False,
7671,511.333333,157,161,1.958501,97.255480,0.916145,False,
7671,511.333333,160,161,2.839007,91.667917,0.810179,False,
8051,536.666667,164,165,0.681697,1.596397,0.915236,True,
8051,536.666667,164,166,2.896228,5.653248,0.013002,False,
8051,536.666667,165,166,3.204493,4.056852,0.196460,False,
8061,537.333333,164,165,0.664641,0.761909,0.952009,True,
8061,537.333333,164,166,2.912688,4.398598,0.057994,False,
8061,537.333333,165,166,3.117401,5.160507,0.142785,False,
8061,537.333333,166,167,4.989846,175.874408,0.072405,False,
8071,538.000000,164,165,0.619837,2.503527,0.950868,True,0.282577
8071,538.000000,164,166,2.987612,7.316013,0.070330,False,
8071,538.000000,165,166,3.144091,9.819540,0.103859,False,
8071,538.000000,166,167,3.779823,173.767515,0.793933,False,
8081,538.666667,164,165,0.608536,6.018375,0.946510,True,0.062235
8081,538.666667,164,166,3.028232,2.616694,0.095400,False,
8081,538.666667,165,166,3.181806,8.635069,0.041909,False,
8081,538.666667,166,167,2.725462,170.182885,0.293334,False,
8091,539.333333,164,165,0.511580,0.885661,0.896705,True,
8091,539.333333,164,166,2.937854,1.638456,0.158303,False,
8091,539.333333,164,167,3.979357,179.021604,0.180847,False,
8091,539.333333,165,166,3.117310,2.524117,0.008432,False,
8091,539.333333,165,167,4.342545,179.907265,0.347665,False,
8091,539.333333,166,167,1.894590,177.383148,0.767222,False,
8091,539.333333,166,168,4.881782,168.155121,0.621943,False,
8091,539.333333,166,169,4.772370,88.753972,0.609917,False,
8091,539.333333,166,170,3.995038,88.753972,0.850066,False,
8091,539.333333,167,168,3.603260,9.228027,0.009768,False,
8091,539.333333,167,169,3.162800,88.629175,0.345090,False,
8091,539.333333,167,170,2.111870,88.629175,0.782646,False,
8091,539.333333,168,169,1.138931,79.401149,0.910186,False,
8091,539.333333,168,170,2.738968,79.401149,0.677628,False,
8091,539.333333,169,170,1.746619,0.000000,0.000000,False,
8101,540.000000,164,165,0.593114,6.806842,0.920753,True,
8101,540.000000,164,166,2.961722,14.630263,0.170923,False,
8101,540.000000,164,167,2.729862,175.995185,0.770738,False,
8101,540.000000,165,166,3.112993,7.823421,0.078371,False,
8101,540.000000,165,167,3.175660,177.197973,0.216325,False,
8101,540.000000,166,167,1.748596,169.374551,0.835061,False,
8101,540.000000,166,168,4.048390,165.444949,0.855102,False,
8101,540.000000,166,169,4.320938,80.811890,0.769485,False,
8101,540.000000,166,170,3.719405,80.811890,0.960827,False,
8101,540.000000,167,168,4.008251,3.929602,0.011674,False,
8101,540.000000,167,169,3.833964,88.562661,0.273456,False,
8101,540.000000,167,170,2.595585,88.562661,0.620953,False,
8101,540.000000,168,169,1.048470,84.633059,0.970937,False,
8101,540.000000,168,170,2.516598,84.633059,0.672849,False,
8101,540.000000,169,170,1.746619,0.000000,0.000000,False,
8111,540.666667,164,165,0.652978,2.203678,0.931461,True,
8111,540.666667,164,166,2.957821,11.749606,0.187427,False,
8111,540.666667,164,167,1.572823,178.448566,0.403004,False,
8111,540.666667,164,170,4.731047,9.097740,0.561387,False,
8111,540.666667,165,166,3.095479,9.545927,0.046742,False,
8111,540.666667,165,167,2.172809,176.244888,0.264011,False,
8111,540.666667,166,167,2.464263,166.698960,0.966920,False,
8111,540.666667,166,168,3.267262,173.505840,0.923176,False,
8111,540.666667,166,169,4.028587,79.060722,0.861238,False,
8111,540.666667,166,170,3.678668,20.847345,0.994111,False,
8111,540.666667,167,168,4.236417,6.806879,0.051837,False,
8111,540.666667,167,169,4.491226,87.638238,0.226567,False,
8111,540.666667,167,170,3.168494,172.453694,0.514873,False,
8111,540.666667,168,169,1.007419,94.445117,0.999826,False,
8111,540.666667,168,170,2.188377,165.646815,0.618751,False,
8111,540.666667,169,170,1.746619,99.908068,0.458432,False,
8121,541.333333,164,165,0.683721,3.810542,0.870688,True,
8121,541.333333,164,166,2.862865,7.119171,0.290694,False,
8121,541.333333,164,167,1.047873,175.945207,0.397899,False,
8121,541.333333,164,168,4.473848,176.019185,0.101786,False,
8121,541.333333,164,170,4.258337,6.760782,0.600628,False,
8121,541.333333,165,166,3.068836,3.308629,0.038344,False,
8121,541.333333,165,167,1.639231,179.755749,0.999758,False,
8121,541.333333,165,168,4.981990,179.829727,0.387427,False,
8121,541.333333,165,170,4.901420,10.571325,0.686913,False,
8121,541.333333,166,167,3.471794,176.935622,0.725528,False,
8121,541.333333,166,168,2.643044,176.861644,0.930771,False,
8121,541.333333,166,169,3.709830,86.028114,0.863818,False,
8121,541.333333,166,170,3.638642,13.879954,0.996337,False,
8121,541.333333,167,168,4.474973,0.073978,0.076836,False,
8121,541.333333,167,170,3.840462,169.184425,0.475831,False,
8121,541.333333,168,169,1.069807,90.833530,0.868139,False,
8121,541.333333,168,170,1.789669,169.258403,0.794056,False,
8121,541.333333,169,170,1.671794,99.908068,0.478950,False,
8131,542.000000,164,165,0.756784,8.402434,0.923475,True,
8131,542.000000,164,166,2.839072,6.004339,0.345685,False,
8131,542.000000,164,167,1.834387,178.223899,0.419795,False,
8131,542.000000,164,168,3.389848,179.371935,0.256690,False,
8131,542.000000,164,169,4.701117,93.755435,0.398613,False,
8131,542.000000,164,170,3.737327,93.755435,0.672334,False,
8131,542.000000,165,166,2.985140,2.398095,0.023150,False,
8131,542.000000,165,167,2.091115,173.373667,0.964987,False,
8131,542.000000,165,168,3.947019,172.225631,0.718282,False,
8131,542.000000,165,170,4.452865,85.353002,0.810160,False,
8131,542.000000,166,167,4.646009,175.771762,0.745500,False,
8131,542.000000,166,168,2.169487,174.623726,0.999967,False,
8131,542.000000,166,169,3.444142,87.751097,0.916202,False,
8131,542.000000,166,170,3.636078,87.751097,0.998115,False,
8131,542.000000,167,168,4.740067,1.148036,0.002890,False,
8131,542.000000,167,170,4.487245,88.020665,0.349142,False,
8131,542.000000,168,169,1.403563,86.872629,0.665388,False,
8131,542.000000,168,170,1.635373,86.872629,0.951308,False,
8131,542.000000,169,170,1.671794,0.000000,0.000000,False,
8141,542.666667,164,165,0.819424,0.047432,0.977803,True,
8141,542.666667,164,166,2.910085,5.603904,0.329419,False,
8141,542.666667,164,167,2.997263,171.250955,0.811803,False,
8141,542.666667,164,168,2.505905,179.910557,0.515746,False,
8141,542.666667,164,169,4.194515,86.858586,0.558204,False,
8141,542.666667,164,170,3.358622,86.858586,0.830714,False,
8141,542.666667,165,166,2.964526,5.556473,0.054275,False,
8141,542.666667,165,167,3.138506,171.298387,0.999167,False,
8141,542.666667,165,168,3.125309,179.863125,0.668778,False,
8141,542.666667,165,169,4.817716,86.906018,0.651695,False,
8141,542.666667,165,170,4.130850,86.906018,0.868992,False,
8141,542.666667,166,168,2.213640,174.306652,0.998899,False,
8141,542.666667,166,169,3.231931,92.462490,0.951713,False,
8141,542.666667,166,170,3.723049,92.462490,0.988344,False,
8141,542.666667,168,169,1.695510,93.230858,0.615863,False,
8141,542.666667,168,170,1.515573,93.230858,0.983358,False,
8141,542.666667,169,170,1.671794,0.000000,0.000000,False,
8151,543.333333,164,165,0.721737,8.267768,0.980842,True,0.503282
8151,543.333333,164,166,2.915078,12.901030,0.285309,False,
8151,543.333333,164,169,3.728343,83.407919,0.683043,False,
8151,543.333333,164,170,3.095263,83.407919,0.936119,False,
8151,543.333333,165,166,2.967398,4.633262,0.111594,False,
8151,543.333333,165,169,4.306591,91.675687,0.655963,False,
8151,543.333333,165,170,3.800484,91.675687,0.896538,False,
8151,543.333333,166,169,3.049673,96.308950,0.984494,False,
8151,543.333333,166,170,3.836653,96.308950,0.966829,False,
8151,543.333333,169,170,1.671794,0.000000,0.000000,False,
9261,617.333333,174,175,0.745753,2.478757,0.925367,True,1.978445
9271,618.000000,174,175,0.714517,1.176318,0.933076,True,3.287968
9281,618.666667,174,175,0.716101,3.210778,0.937520,True,1.726990
9281,618.666667,174,176,4.967060,179.736619,0.294598,False,
9281,618.666667,174,177,2.978744,87.874381,0.785736,False,
9281,618.666667,175,177,3.661722,91.085159,0.791367,False,
9281,618.666667,176,177,2.990152,92.389000,0.263973,False,
9291,619.333333,174,175,0.660381,1.127046,0.937022,True,2.205556
9291,619.333333,174,176,4.133335,178.850874,0.440736,False,
9291,619.333333,174,177,2.718112,174.497033,0.873294,False,
9291,619.333333,175,176,4.602717,179.977921,0.459210,False,
9291,619.333333,175,177,3.371181,175.624080,0.879005,False,
9291,619.333333,176,177,2.616282,4.353841,0.328693,False,
9301,620.000000,174,175,0.694235,1.103900,0.925269,True,
9301,620.000000,174,176,3.310131,172.756749,0.162053,False,
9301,620.000000,174,177,2.468055,152.221750,0.928292,False,
9301,620.000000,175,176,3.839563,173.860650,0.333349,False,
9301,620.000000,175,177,3.162287,151.117849,0.935886,False,
9301,620.000000,176,177,2.293897,35.021501,0.340298,False,
9311,620.666667,174,175,0.679795,6.238565,0.928852,True,0.692600
9311,620.666667,174,176,2.653402,170.254883,0.422054,False,
9311,620.666667,174,177,2.290749,79.495410,0.996893,False,
9311,620.666667,175,176,3.232368,164.016318,0.322165,False,
9311,620.666667,175,177,2.959069,85.733975,0.972748,False,
9311,620.666667,176,177,2.009528,110.249707,0.257494,False,2.025824
9321,621.333333,174,175,0.601237,0.120213,0.917652,True,
9321,621.333333,174,177,2.325690,53.174117,0.989252,False,
9321,621.333333,174,178,2.342102,99.434956,0.471838,False,
9321,621.333333,175,177,2.862462,53.053904,0.999004,False,
9321,621.333333,175,178,2.922164,99.555169,0.517901,False,
9321,621.333333,177,178,1.862070,152.609072,0.923387,False,
9331,622.000000,174,175,0.690864,6.236937,0.921990,True,
9331,622.000000,174,177,2.361566,40.860523,0.963275,False,
9331,622.000000,174,178,2.150316,94.337345,0.594287,False,
9331,622.000000,175,177,2.928310,34.623587,0.974753,False,
9331,622.000000,175,178,2.838159,100.574282,0.692413,False,
9331,622.000000,177,178,1.758548,135.197868,0.973557,False,
9341,622.666667,174,175,0.699923,6.181912,0.952200,True,
9351,623.333333,174,175,0.799326,12.765381,0.949893,True,
9361,624.000000,174,175,0.928909,5.823595,0.958773,True,
9371,624.666667,174,175,0.896176,0.952904,0.968674,True,
9371,624.666667,174,179,3.444265,160.863813,0.021648,False,
9371,624.666667,174,180,3.433369,87.396852,0.635997,False,
9371,624.666667,175,179,3.905424,161.816717,0.250885,False,
9371,624.666667,175,180,4.194230,86.443948,0.738468,False,
9371,624.666667,179,180,1.755760,111.739334,0.717108,False,
9381,625.333333,174,175,0.948591,0.944200,0.950173,True,
9381,625.333333,174,179,2.735039,155.730006,0.035323,False,
9381,625.333333,174,180,3.017085,91.262884,0.675217,False,
9381,625.333333,175,179,3.283830,154.785806,0.201401,False,
9381,625.333333,175,180,3.868811,92.207084,0.749353,False,
9381,625.333333,179,180,1.635495,113.007110,0.755531,False,
9391,626.000000,174,175,0.876126,7.853178,0.930642,True,1.775467
9391,626.000000,174,179,2.035449,160.808486,0.124453,False,
9391,626.000000,174,180,2.615561,90.236023,0.776083,False,
9391,626.000000,175,179,2.622270,152.955308,0.213142,False,
9391,626.000000,175,180,3.445574,98.089201,0.747862,False,
9391,626.000000,179,180,1.504816,108.955491,0.857043,False,
9401,626.666667,174,175,0.817347,16.447877,0.920192,True,0.661968
9401,626.666667,174,179,1.415637,179.511123,0.548282,False,
9401,626.666667,174,180,2.350791,83.879244,0.929871,False,
9401,626.666667,174,181,4.193700,170.699622,0.570808,False,1.217504
9401,626.666667,174,182,4.062746,170.746395,0.868682,False,
9401,626.666667,175,179,2.094487,164.041000,0.394880,False,
9401,626.666667,175,180,3.163933,100.327120,0.805995,False,
9401,626.666667,175,181,4.520043,172.852502,0.462540,False,1.326858
9401,626.666667,175,182,4.256429,172.805728,0.537399,False,
9401,626.666667,179,180,1.451648,95.631879,0.976840,False,
9401,626.666667,179,181,3.039420,8.811502,0.290746,False,
9401,626.666667,179,182,3.107028,8.764728,0.511548,False,
9401,626.666667,180,181,3.834349,86.820378,0.633525,False,
9401,626.666667,180,182,4.137179,86.867151,0.757324,False,
9401,626.666667,181,182,0.755208,0.046773,0.935285,True,
9411,627.333333,174,175,0.605141,11.208379,0.843512,True,0.028737
9411,627.333333,174,179,0.899971,171.625942,0.734747,False,
9411,627.333333,174,180,2.231126,89.866141,0.963337,False,
9411,627.333333,174,181,3.039355,168.906157,0.724166,False,0.957463
9411,627.333333,174,182,3.000429,174.882937,0.740676,False,
9411,627.333333,174,183,2.440443,124.175381,0.218674,False,
9411,627.333333,174,184,4.166402,89.866141,0.506503,False,
9411,627.333333,175,179,1.498983,160.417563,0.552328,False,
9411,627.333333,175,180,2.826869,101.074519,0.872963,False,
9411,627.333333,175,181,3.334006,179.885465,0.068022,False,1.018330
9411,627.333333,175,182,3.165341,173.908684,0.262743,False,
9411,627.333333,175,183,2.780205,135.383760,0.008207,False,
9411,627.333333,175,184,4.246243,101.074519,0.763995,False,
9411,627.333333,179,180,1.436304,98.507918,0.993857,False,
9411,627.333333,179,181,2.631389,19.467902,0.432417,False,
9411,627.333333,179,182,2.808634,13.491121,0.585756,False,
9411,627.333333,179,183,2.326977,64.198677,0.963655,False,
9411,627.333333,179,184,4.369534,98.507918,0.178167,False,
9411,627.333333,180,181,3.345846,79.040016,0.812432,False,
9411,627.333333,180,182,3.772461,85.016796,0.848092,False,
9411,627.333333,180,183,1.988658,34.309241,0.785709,False,
9411,627.333333,180,184,4.191212,0.000000,0.000000,False,
9411,627.333333,181,182,0.734164,5.976781,0.934125,True,0.716703
9411,627.333333,181,183,4.917080,44.730775,0.846144,False,
9411,627.333333,181,186,8.434107,144.263122,0.995342,False,2.814394
9411,627.333333,182,186,8.415005,150.239902,0.997689,False,2.985453
9411,627.333333,183,184,2.209621,34.309241,0.852137,False,
9411,627.333333,183,185,3.658827,25.863183,0.794449,False,
9411,627.333333,183,186,4.013036,99.532346,0.996535,False,1.613885
9411,627.333333,184,185,1.462441,60.172423,0.384964,False,
9411,627.333333,184,186,1.968809,65.223106,0.813378,False,
9411,627.333333,185,186,0.832695,125.395529,0.983808,False,
9421,628.000000,174,175,0.669984,5.855231,0.797922,True,
9421,628.000000,174,179,0.701226,142.950430,0.969097,False,
9421,628.000000,174,180,2.087266,94.250860,0.991023,False,
9421,628.000000,174,181,2.045628,163.897354,0.997318,False,
9421,628.000000,174,182,2.107703,171.433682,0.971045,False,
9421,628.000000,174,183,2.633775,127.696085,0.648426,False,
9421,628.000000,174,184,4.555627,94.250860,0.515852,False,
9421,628.000000,174,188,3.142169,178.763249,0.883508,False,
9421,628.000000,175,179,1.303444,137.095200,0.745980,False,
9421,628.000000,175,180,2.702991,100.106091,0.940214,False,
9421,628.000000,175,181,2.344797,169.752585,0.790774,False,0.752574
9421,628.000000,175,182,2.231914,177.288913,0.615534,False,
9421,628.000000,175,183,2.770502,133.551316,0.524064,False,
9421,628.000000,175,184,4.567026,100.106091,0.711190,False,
9421,628.000000,175,188,2.480451,172.908018,0.745162,False,
9421,628.000000,179,180,1.400676,122.798710,0.909312,False,
9421,628.000000,179,181,2.356547,53.152215,0.595163,False,
9421,628.000000,179,182,2.569499,45.615887,0.685782,False,
9421,628.000000,179,183,2.238310,89.353484,0.889957,False,
9421,628.000000,179,184,4.215525,122.798710,0.242249,False,
9421,628.000000,179,188,3.774782,35.812818,0.993405,False,
9421,628.000000,180,181,3.124551,69.646494,0.958309,False,
9421,628.000000,180,182,3.533712,77.182822,0.958627,False,
9421,628.000000,180,183,2.361661,33.445225,0.672846,False,
9421,628.000000,180,184,4.191212,0.000000,0.000000,False,
9421,628.000000,181,182,0.601173,7.536328,0.859606,True,0.006355
9421,628.000000,181,183,4.586156,36.201269,0.904495,False,
9421,628.000000,181,188,4.046767,17.339397,0.401224,False,4.573493
9421,628.000000,182,183,4.733846,43.737597,0.933354,False,
9421,628.000000,182,188,3.590643,9.803069,0.388212,False,4.977538
9421,628.000000,183,184,1.980988,33.445225,0.955063,False,
9421,628.000000,183,185,3.409040,39.461703,0.868643,False,
9421,628.000000,183,186,3.165127,96.342596,0.997621,False,1.191615
9421,628.000000,183,188,4.522348,53.540666,0.878646,False,
9421,628.000000,184,185,1.502935,72.906928,0.160993,False,
9421,628.000000,184,186,1.701499,62.897371,0.954101,False,
9421,628.000000,185,186,1.050744,135.804299,0.686979,False,
9421,628.000000,185,187,4.463034,159.260511,0.645702,False,
9421,628.000000,186,187,4.242684,23.456212,0.590697,False,
9431,628.666667,174,175,0.596787,12.051512,0.646139,False,
9431,628.666667,174,179,1.133968,133.631318,0.955238,False,
9431,628.666667,174,180,2.113865,93.203265,0.989697,False,
9431,628.666667,174,181,1.133592,175.706085,0.384835,False,
9431,628.666667,174,182,1.420565,175.053456,0.996477,False,
9431,628.666667,174,183,3.250040,119.214154,0.815476,False,
9431,628.666667,174,188,3.563750,174.800427,0.853902,False,
9431,628.666667,175,179,1.338722,121.579806,0.913606,False,
9431,628.666667,175,180,2.524758,105.254777,0.967842,False,
9431,628.666667,175,181,1.347934,172.242403,0.929654,False,0.350199
9431,628.666667,175,182,1.382912,172.895033,0.297631,False,
9431,628.666667,175,183,3.033696,131.265666,0.703826,False,
9431,628.666667,175,184,4.903674,105.254777,0.717439,False,
9431,628.666667,175,188,2.971200,173.148061,0.536105,False,
9431,628.666667,179,180,1.291495,133.165417,0.888877,False,
9431,628.666667,179,181,2.251061,50.662597,0.544841,False,
9431,628.666667,179,182,2.545992,51.315226,0.745746,False,
9431,628.666667,179,183,2.374913,107.154528,0.708479,False,
9431,628.666667,179,184,4.024450,133.165417,0.432485,False,
9431,628.666667,179,186,4.580103,159.134226,0.221651,False,
9431,628.666667,179,188,3.968605,51.568255,0.996436,False,
9431,628.666667,180,181,3.020071,82.502820,0.943057,False,
9431,628.666667,180,182,3.471465,81.850191,0.977636,False,
9431,628.666667,180,183,3.006578,26.010889,0.631446,False,
9431,628.666667,180,184,4.191212,0.000000,0.000000,False,
9431,628.666667,181,182,0.586709,0.652629,0.913019,True,
9431,628.666667,181,183,4.338632,56.491930,0.862967,False,
9431,628.666667,181,186,6.405585,150.203177,0.981699,False,2.381937
9431,628.666667,181,187,10.077297,167.646327,0.749929,False,3.505030
9431,628.666667,181,188,3.762780,0.905658,0.503201,False,
9431,628.666667,182,183,4.408788,55.839301,0.897849,False,
9431,628.666667,182,188,3.304452,0.253029,0.404448,False,
9431,628.666667,183,184,1.913178,26.010889,0.969737,False,
9431,628.666667,183,185,3.163116,60.641586,0.988835,False,
9431,628.666667,183,186,2.210922,93.711246,0.991395,False,
9431,628.666667,183,188,3.916021,55.586272,0.852744,False,
9431,628.666667,184,185,1.543423,86.652475,0.076079,False,
9431,628.666667,184,186,1.646630,67.700357,0.997283,False,
9431,628.666667,185,186,1.494641,154.352832,0.568153,False,
9431,628.666667,185,187,3.964978,171.795982,0.722267,False,
9431,628.666667,186,187,4.012518,17.443150,0.538420,False,
9431,628.666667,186,188,4.837727,149.297519,0.043131,False,
9441,629.333333,174,175,0.564085,1.479269,0.550674,False,
9441,629.333333,174,179,1.687193,154.334897,0.820172,False,
9441,629.333333,174,180,2.217287,99.605061,0.968752,False,
9441,629.333333,174,181,0.599302,169.480348,0.236482,False,
9441,629.333333,174,182,1.300357,172.650777,0.981629,False,
9441,629.333333,174,183,3.784201,113.988061,0.731001,False,
9441,629.333333,174,188,4.117314,179.921228,0.617231,False,
9441,629.333333,175,179,1.641865,155.814166,0.968214,False,
9441,629.333333,175,180,2.454170,98.125792,0.998401,False,
9441,629.333333,175,181,0.471659,170.959618,0.149026,False,
9441,629.333333,175,182,0.852455,174.130046,0.978516,False,
9441,629.333333,175,183,3.416454,112.508792,0.737180,False,
9441,629.333333,175,186,4.947262,15.845681,0.141185,False,
9441,629.333333,175,188,3.556245,178.599503,0.697041,False,
9441,629.333333,179,180,1.209328,106.060042,0.988289,False,
9441,629.333333,179,181,2.078569,15.145451,0.677419,False,
9441,629.333333,179,182,2.378508,18.315880,0.895101,True,
9441,629.333333,179,183,2.465708,91.677042,0.664338,False,
9441,629.333333,179,184,3.834925,106.060042,0.001987,False,7.458195
9441,629.333333,179,185,5.283263,134.106639,0.213857,False,9.941901
9441,629.333333,179,186,3.934722,171.659848,0.205965,False,
9441,629.333333,179,188,4.205116,25.586331,0.944262,False,
9441,629.333333,180,181,2.775797,90.914591,0.940525,False,
9441,629.333333,180,182,3.294480,87.744162,0.994110,False,
9441,629.333333,180,183,3.384831,14.383000,0.692000,False,
9441,629.333333,180,184,4.191212,0.000000,0.000000,False,
9441,629.333333,180,186,4.701373,82.280111,0.472377,False,
9441,629.333333,181,182,0.757261,3.170429,0.828349,True,
9441,629.333333,181,183,3.869430,76.531591,0.775666,False,
9441,629.333333,181,186,5.395753,173.194701,0.878898,False,1.938583
9441,629.333333,181,188,3.695411,10.440880,0.624006,False,
9441,629.333333,182,183,3.670260,73.361162,0.868873,False,
9441,629.333333,182,187,8.636677,170.663516,0.934514,False,2.739288
9441,629.333333,182,188,2.970978,7.270451,0.545458,False,
9441,629.333333,183,184,2.193822,14.383000,0.779544,True,
9441,629.333333,183,185,3.238991,134.216319,0.961854,False,
9441,629.333333,183,186,1.535172,96.663111,0.772645,False,
9441,629.333333,183,188,3.445663,66.090711,0.813604,False,2.260640
9441,629.333333,184,185,1.543423,119.833319,0.376589,False,
9441,629.333333,184,186,1.628862,82.280111,0.999994,False,
9441,629.333333,184,187,4.887361,82.919354,0.683369,False,
9441,629.333333,185,186,1.927088,37.553208,0.650218,False,
9441,629.333333,185,187,3.603764,36.913965,0.804357,False,
9441,629.333333,186,187,3.945688,0.639243,0.438575,False,
9441,629.333333,186,188,4.272699,162.753821,0.432194,False,
9451,630.000000,174,175,0.730267,5.316196,0.619983,False,
9451,630.000000,174,179,2.237612,172.133428,0.387979,False,
9451,630.000000,174,180,2.373363,97.312106,0.871269,False,
9451,630.000000,174,181,1.341206,176.720095,0.130290,False,
9451,630.000000,174,182,2.000409,178.591845,0.833630,False,
9451,630.000000,174,183,4.437753,112.948343,0.843089,False,
9451,630.000000,174,188,4.845725,178.594539,0.521455,False,
9451,630.000000,175,179,2.013252,166.817232,0.525989,False,
9451,630.000000,175,180,2.560548,91.995910,0.949714,False,
9451,630.000000,175,181,0.626209,171.403899,0.222536,False,
9451,630.000000,175,182,1.270433,176.091959,0.411134,False,
9451,630.000000,175,183,3.886436,107.632147,0.857895,False,
9451,630.000000,175,186,4.784561,6.508696,0.129462,False,
9451,630.000000,175,188,4.115818,176.089265,0.789539,False,
9451,630.000000,179,180,1.336349,74.821322,0.693070,False,
9451,630.000000,179,181,1.833172,4.586667,0.929030,True,
9451,630.000000,179,182,2.261754,9.274727,0.986991,True,
9451,630.000000,179,183,2.592990,59.185085,0.556837,False,
9451,630.000000,179,184,3.677580,74.821322,0.542564,False,
9451,630.000000,179,186,3.191854,160.308536,0.387356,False,1.516238
9451,630.000000,179,188,4.250402,9.272033,0.865000,False,
9451,630.000000,180,181,2.695385,79.407989,0.997898,False,
9451,630.000000,180,182,3.303858,84.096049,0.994404,False,
9451,630.000000,180,183,3.791709,15.636237,0.596943,False,
9451,630.000000,180,184,4.191212,0.000000,0.000000,False,
9451,630.000000,180,186,4.178606,85.487214,0.465922,False,
9451,630.000000,181,182,0.710187,4.688060,0.807711,True,1.077635
9451,630.000000,181,183,3.341363,63.771752,0.746409,False,
9451,630.000000,181,186,4.286369,164.895203,0.976753,False,
9451,630.000000,181,187,7.905002,165.302177,0.996758,False,2.553049
9451,630.000000,181,188,3.515718,4.685366,0.574913,False,
9451,630.000000,182,183,3.148234,68.459812,0.850362,False,
9451,630.000000,182,186,4.171683,169.583263,0.930381,False,
9451,630.000000,182,187,7.573891,169.990236,0.975390,False,2.496517
9451,630.000000,182,188,2.849820,0.002694,0.552483,False,
9451,630.000000,183,184,2.581570,15.636237,0.683573,False,
9451,630.000000,183,185,3.410128,146.272257,0.903208,False,
9451,630.000000,183,186,1.073710,101.123451,0.285677,False,
9451,630.000000,183,187,4.624649,101.530424,0.882269,False,
9451,630.000000,183,188,2.904338,68.457118,0.834660,False,1.736608
9451,630.000000,184,185,1.502973,130.636020,0.552716,False,
9451,630.000000,184,186,1.658513,85.487214,0.957480,False,
9451,630.000000,184,187,4.492888,85.894187,0.709750,False,
9451,630.000000,185,186,2.336467,45.148807,0.597418,False,
9451,630.000000,185,187,3.354396,44.741833,0.834641,False,
9451,630.000000,186,187,3.967989,0.406973,0.405779,False,
9451,630.000000,186,188,3.828275,169.580569,0.696500,False,
9461,630.666667,174,175,0.736784,2.024419,0.625962,False,
9461,630.666667,174,180,2.713247,91.153964,0.711674,False,
9461,630.666667,174,181,2.366992,170.922798,0.530093,False,
9461,630.666667,174,182,2.980131,173.370104,0.004753,False,
9461,630.666667,174,189,2.777459,106.850957,0.540410,False,
9461,630.666667,175,180,2.750265,93.178383,0.890029,False,
9461,630.666667,175,181,1.678394,172.947217,0.425310,False,
9461,630.666667,175,182,2.261445,175.394523,0.094137,False,
9461,630.666667,175,183,4.593760,104.321137,0.860241,False,
9461,630.666667,175,186,4.716568,6.618641,0.130269,False,
9461,630.666667,175,189,2.403670,104.826538,0.763109,False,
9461,630.666667,180,181,2.845205,79.768834,0.966881,False,
9461,630.666667,180,182,3.435177,82.216140,0.948160,False,
9461,630.666667,180,183,4.282795,11.142755,0.598884,False,
9461,630.666667,180,184,4.191212,0.000000,0.000000,False,
9461,630.666667,180,186,3.713832,86.559742,0.518715,False,
9461,630.666667,180,189,1.533150,161.995079,0.746948,False,
9461,630.666667,181,182,0.679722,2.447306,0.688207,False,
9461,630.666667,181,183,2.953560,68.626079,0.676814,False,
9461,630.666667,181,184,4.858109,79.768834,0.713575,False,
9461,630.666667,181,186,3.252062,166.328576,0.983308,False,
9461,630.666667,181,187,6.756888,168.578107,0.995295,False,2.089674
9461,630.666667,181,189,1.608998,82.226245,0.903213,False,
9461,630.666667,181,190,6.652729,98.591756,0.957060,False,3.123316
9461,630.666667,181,192,10.288169,167.449257,0.987783,False,3.360962
9461,630.666667,182,183,2.588713,71.073386,0.775938,False,
9461,630.666667,182,184,4.878593,82.216140,0.778044,False,
9461,630.666667,182,186,3.113099,168.775882,0.993475,False,
9461,630.666667,182,189,2.055861,79.778939,0.985208,False,
9461,630.666667,183,184,3.015063,11.142755,0.511285,False,
9461,630.666667,183,185,3.655039,150.462940,0.781847,False,
9461,630.666667,183,186,1.141962,97.702497,0.541833,False,
9461,630.666667,183,187,3.803651,99.952028,0.770420,False,
9461,630.666667,183,189,2.859375,150.852325,0.560907,False,
9461,630.666667,183,190,4.187121,29.965676,0.715086,False,
9461,630.666667,184,185,1.463209,139.320185,0.690476,False,
9461,630.666667,184,186,1.929207,86.559742,0.853064,False,
9461,630.666667,184,187,4.066260,88.809273,0.741556,False,
9461,630.666667,184,189,3.653959,161.995079,0.779901,False,
9461,630.666667,184,190,2.068139,18.822922,0.947086,True,
9461,630.666667,185,186,2.830309,52.760443,0.546219,False,
9461,630.666667,185,187,3.114096,50.510912,0.890847,False,
9461,630.666667,185,190,0.627957,120.497264,0.801658,False,0.060520
9461,630.666667,186,187,3.903389,2.249531,0.358898,False,
9461,630.666667,186,189,2.544080,111.445179,0.095328,False,
9461,630.666667,186,190,3.425572,67.736820,0.034699,False,
9461,630.666667,187,190,3.041316,69.986352,0.963934,False,
9461,630.666667,187,192,3.532174,1.128851,0.080393,False,
9461,630.666667,190,192,5.278707,68.857501,0.922044,False,3.328513
9471,631.333333,180,181,3.015461,83.625503,0.920664,False,
9471,631.333333,180,182,3.737380,81.999518,0.873688,False,
9471,631.333333,180,183,4.698216,4.068254,0.631330,False,
9471,631.333333,180,184,4.191212,0.000000,0.000000,False,
9471,631.333333,180,186,3.201501,83.676405,0.626403,False,
9471,631.333333,180,189,1.421072,145.830354,0.938842,False,
9471,631.333333,181,182,0.768684,1.625985,0.691587,False,
9471,631.333333,181,183,2.415355,79.557249,0.482882,False,
9471,631.333333,181,184,4.389556,83.625503,0.731849,False,
9471,631.333333,181,186,2.180956,167.301908,0.937945,False,
9471,631.333333,181,187,5.503064,176.005832,0.939002,False,1.498788
9471,631.333333,181,189,1.735859,62.204851,0.998984,False,
9471,631.333333,181,190,5.804890,115.109949,0.954840,False,2.374170
9471,631.333333,181,192,9.076393,168.198051,0.942711,False,2.690016
9471,631.333333,182,183,1.872168,77.931264,0.707006,False,
9471,631.333333,182,184,4.477469,81.999518,0.853088,False,
9471,631.333333,182,186,2.227847,165.675923,0.679288,False,
9471,631.333333,182,189,2.388995,63.830836,0.984568,False,
9471,631.333333,182,192,8.592289,166.572066,0.990578,False,2.647988
9471,631.333333,183,184,3.531639,4.068254,0.343282,False,
9471,631.333333,183,185,4.064483,168.388694,0.651925,False,
9471,631.333333,183,186,1.781873,87.744658,0.870511,False,
9471,631.333333,183,187,3.173544,96.448583,0.524146,False,
9471,631.333333,183,189,3.294658,141.762100,0.508998,False,
9471,631.333333,183,190,4.167768,35.552700,0.532416,False,
9471,631.333333,184,185,1.443670,172.456948,0.998942,False,
9471,631.333333,184,186,2.252276,83.676405,0.672539,False,
9471,631.333333,184,187,3.687090,92.380329,0.782854,False,
9471,631.333333,184,189,3.545305,145.830354,0.606406,False,
9471,631.333333,184,190,1.973190,31.484446,0.942010,False,
9471,631.333333,185,186,3.320484,103.866647,0.385609,False,
9471,631.333333,185,187,2.948532,95.162723,0.953051,False,
9471,631.333333,185,189,4.903816,26.626594,0.715482,False,
9471,631.333333,185,190,0.567874,156.058606,0.999292,False,
9471,631.333333,186,187,3.882712,8.703925,0.362065,False,
9471,631.333333,186,189,1.955402,130.493241,0.197481,False,
9471,631.333333,186,190,3.653492,52.191958,0.127640,False,
9471,631.333333,187,190,2.584451,60.895883,0.960480,False,
9471,631.333333,187,192,3.574211,7.807781,0.073595,False,
9471,631.333333,190,192,4.700888,53.088102,0.894607,False,3.422807
9481,632.000000,180,181,3.352774,81.035187,0.807376,False,
9481,632.000000,180,182,4.037119,84.194176,0.827848,False,
9481,632.000000,180,184,4.191212,0.000000,0.000000,False,
9481,632.000000,180,186,2.767717,81.160409,0.781026,False,
9481,632.000000,180,189,1.432405,81.324832,0.649163,False,
9481,632.000000,181,182,0.688120,3.158989,0.751932,True,0.577867
9481,632.000000,181,183,1.979253,78.155482,0.259195,False,
9481,632.000000,181,184,3.973545,81.035187,0.838334,False,
9481,632.000000,181,185,4.995258,20.877122,0.696281,False,
9481,632.000000,181,186,1.222253,162.195595,0.434280,False,
9481,632.000000,181,187,4.107701,178.558903,0.711790,False,
9481,632.000000,181,189,1.989765,0.289645,0.896195,True,
9481,632.000000,181,190,4.780080,136.677767,0.994863,False,
9481,632.000000,181,192,7.759310,169.297043,0.996062,False,2.252629
9481,632.000000,182,183,1.399917,81.314472,0.473306,False,
9481,632.000000,182,184,4.195876,84.194176,0.890635,False,
9481,632.000000,182,186,1.688330,165.354585,0.211052,False,
9481,632.000000,182,187,3.776407,175.399914,0.767442,False,
9481,632.000000,182,189,2.657070,2.869344,0.884328,False,
9481,632.000000,182,190,4.749538,139.836757,0.995349,False,
9481,632.000000,182,192,7.376005,172.456033,0.744113,False,2.301251
9481,632.000000,183,184,4.034502,2.879704,0.280233,False,
9481,632.000000,183,185,4.490906,57.278360,0.601501,False,
9481,632.000000,183,186,2.412705,84.040113,0.957568,False,
9481,632.000000,183,187,2.593256,103.285615,0.192995,False,
9481,632.000000,183,189,3.690559,78.445128,0.439649,False,
9481,632.000000,183,190,4.040800,58.522285,0.252398,False,
9481,632.000000,184,185,1.463986,60.158065,0.421922,False,
9481,632.000000,184,186,2.831378,81.160409,0.525795,False,
9481,632.000000,184,187,3.243671,100.405910,0.799366,False,
9481,632.000000,184,189,3.420803,81.324832,0.448174,False,
9481,632.000000,184,190,1.774028,55.642581,0.868146,False,
9481,632.000000,185,186,3.997007,141.318473,0.264175,False,
9481,632.000000,185,187,2.777580,160.563975,0.986157,False,
9481,632.000000,185,189,4.803749,21.166767,0.399437,False,
9481,632.000000,185,190,0.664188,115.800645,0.907400,False,
9481,632.000000,185,192,4.795370,148.419921,0.688074,False,
9481,632.000000,185,193,4.902325,140.736534,0.455452,False,
9481,632.000000,186,187,3.752728,19.245502,0.266127,False,
9481,632.000000,186,189,1.355073,162.485241,0.738461,False,
9481,632.000000,186,190,3.895902,25.517828,0.067231,False,
9481,632.000000,187,190,2.132837,44.763330,0.977856,False,
9481,632.000000,187,192,3.662839,12.144054,0.018474,False,
9481,632.000000,187,193,4.910283,19.827441,0.286652,False,
9481,632.000000,189,190,4.858360,136.967413,0.654520,False,
9481,632.000000,190,192,4.286555,32.619276,0.774841,False,
9481,632.000000,190,193,4.623168,24.935889,0.481340,False,
9481,632.000000,192,193,2.035169,7.683387,0.795998,True,6.029566
9491,632.666667,180,181,3.745958,81.251631,0.728759,False,
9491,632.666667,180,182,4.388907,86.034329,0.779813,False,
9491,632.666667,180,184,4.191212,173.290924,0.993943,False,
9491,632.666667,180,186,2.400851,88.906096,0.808110,False,
9491,632.666667,180,189,1.569847,86.727311,0.716067,False,
9491,632.666667,181,182,0.643353,4.782699,0.732190,True,
9491,632.666667,181,183,1.831900,86.612209,0.022947,False,
9491,632.666667,181,184,3.694176,92.039293,0.845190,False,
9491,632.666667,181,185,4.590646,52.807461,0.775243,False,
9491,632.666667,181,186,1.352580,170.157726,0.900715,False,
9491,632.666667,181,187,2.961517,177.891528,0.600552,False,
9491,632.666667,181,189,2.193559,5.475681,0.786924,True,
9491,632.666667,181,190,3.852805,158.992230,0.971151,False,
9491,632.666667,181,192,6.525620,175.188773,0.349403,False,2.028251
9491,632.666667,182,183,1.189342,91.394907,0.085435,False,
9491,632.666667,182,184,3.953091,87.256594,0.885580,False,
9491,632.666667,182,185,4.665802,57.590159,0.808280,False,
9491,632.666667,182,186,1.992667,174.940425,0.762672,False,
9491,632.666667,182,187,2.692735,173.108829,0.960118,False,
9491,632.666667,182,189,2.833346,0.692982,0.816443,False,
9491,632.666667,182,190,3.869174,163.774929,0.997121,False,
9491,632.666667,183,184,4.576772,178.651502,0.112015,False,
9491,632.666667,183,185,4.955690,33.804748,0.431342,False,
9491,632.666667,183,186,3.174215,83.545517,0.998584,False,
9491,632.666667,183,187,2.500103,95.496263,0.225412,False,
9491,632.666667,183,189,4.012718,92.087889,0.555279,False,
9491,632.666667,183,190,4.100939,72.380022,0.183923,False,
9491,632.666667,184,185,1.483511,144.846754,0.889909,False,
9491,632.666667,184,186,3.325092,97.802981,0.638865,False,
9491,632.666667,184,187,2.876481,85.852235,0.821483,False,
9491,632.666667,184,189,3.365862,86.563612,0.469851,False,
9491,632.666667,184,190,1.484485,108.968477,0.693453,False,
9491,632.666667,185,186,4.560775,117.350266,0.316340,False,
9491,632.666667,185,187,2.664541,129.301012,0.996544,False,
9491,632.666667,185,189,4.746416,58.283141,0.624279,False,
9491,632.666667,185,190,0.861401,106.184770,0.782234,False,
9491,632.666667,185,192,4.263322,122.381312,0.698648,False,
9491,632.666667,185,193,4.267746,114.175971,0.456486,False,
9491,632.666667,186,187,3.713742,11.950746,0.147498,False,
9491,632.666667,186,189,0.840991,175.633407,0.878226,False,
9491,632.666667,186,190,4.000350,11.165496,0.131600,False,
9491,632.666667,187,189,4.334797,172.415847,0.172308,False,
9491,632.666667,187,190,1.819972,23.116242,0.989986,False,
9491,632.666667,187,192,3.608803,6.919699,0.000181,False,
9491,632.666667,187,193,4.736514,15.125041,0.280574,False,
9491,632.666667,189,190,4.314281,164.467911,0.193065,False,
9491,632.666667,190,192,4.001808,16.196543,0.605696,False,5.937666
9491,632.666667,190,193,4.384314,7.991201,0.285220,False,6.519823
9491,632.666667,192,193,1.872809,8.205341,0.834130,True,4.711470
9501,633.333333,180,181,4.120157,84.280369,0.697640,False,
9501,633.333333,180,182,4.802091,82.747429,0.669256,False,
9501,633.333333,180,184,4.208554,173.290923,0.989847,False,
9501,633.333333,180,186,2.051057,91.593119,0.912565,False,
9501,633.333333,180,189,1.504809,153.347187,0.291841,False,5.325062
9501,633.333333,180,190,4.911956,71.768456,0.502742,False,
9501,633.333333,180,194,3.548003,85.200429,0.841860,False,
9501,633.333333,180,195,4.082681,83.498464,0.878086,False,
9501,633.333333,181,182,0.684068,1.532940,0.623532,False,
9501,633.333333,181,183,1.902501,97.599236,0.459853,False,
9501,633.333333,181,184,3.613998,89.010555,0.844441,False,
9501,633.333333,181,185,4.223064,72.352650,0.793319,False,
9501,633.333333,181,186,2.250159,175.873487,0.951593,False,
9501,633.333333,181,187,1.823591,177.651349,0.811085,False,
9501,633.333333,181,189,2.619966,122.372445,0.796697,False,
9501,633.333333,181,190,3.034917,156.048824,0.812060,False,
9501,633.333333,181,192,5.289079,178.913841,0.039552,False,1.465196
9501,633.333333,181,194,4.820630,0.920061,0.021438,False,
9501,633.333333,182,183,1.349142,96.066296,0.664139,False,
9501,633.333333,182,184,3.896702,90.543495,0.932947,False,
9501,633.333333,182,185,4.268504,70.819710,0.892265,False,
9501,633.333333,182,186,2.924540,174.340547,0.998784,False,
9501,633.333333,182,187,1.590866,179.184289,0.901016,False,
9501,633.333333,182,189,3.300055,123.905385,0.761355,False,
9501,633.333333,182,190,3.109140,154.515884,0.692506,False,
9501,633.333333,182,192,4.826960,177.380901,0.146574,False,
9501,633.333333,183,186,3.898638,78.274252,0.992385,False,
9501,633.333333,183,187,2.612625,84.749415,0.566278,False,
9501,633.333333,183,189,4.437959,140.028320,0.748883,False,
9501,633.333333,183,190,4.298058,58.449589,0.396228,False,
9501,633.333333,184,185,1.510149,161.363204,0.999961,False,
9501,633.333333,184,186,3.963424,95.115958,0.691974,False,
9501,633.333333,184,187,2.811969,88.640794,0.912440,False,
9501,633.333333,184,189,3.387481,33.361890,0.963580,False,
9501,633.333333,184,190,1.273733,114.940621,0.922301,False,
9501,633.333333,184,192,4.978886,92.075605,0.435826,False,
9501,633.333333,185,187,2.786736,109.996002,0.930382,False,
9501,633.333333,185,189,4.726139,165.274906,0.905486,False,
9501,633.333333,185,190,1.188840,83.696175,0.364302,False,
9501,633.333333,185,192,3.732831,106.561191,0.771884,False,
9501,633.333333,185,193,3.531724,99.453202,0.481671,False,
9501,633.333333,186,187,3.717275,6.475164,0.133371,False,
9501,633.333333,186,189,0.843410,61.754068,0.984126,False,
9501,633.333333,186,190,4.113749,19.824663,0.078500,False,
9501,633.333333,186,194,3.085381,176.793548,0.593606,False,
9501,633.333333,186,195,3.451037,175.091583,0.360716,False,
9501,633.333333,187,189,3.740831,55.278904,0.210799,False,
9501,633.333333,187,190,1.724315,26.299827,0.953340,False,
9501,633.333333,187,192,3.557720,3.434810,0.028910,False,
9501,633.333333,187,193,4.611517,10.542800,0.266936,False,
9501,633.333333,189,190,3.768055,81.578731,0.173633,False,
9501,633.333333,189,194,3.632866,121.452384,0.452566,False,
9501,633.333333,189,195,4.065369,123.154350,0.555024,False,
9501,633.333333,190,192,3.812455,22.865017,0.649455,False,
9501,633.333333,190,193,4.151494,15.757027,0.313190,False,
9501,633.333333,192,193,1.814242,7.107990,0.854632,True,4.878839
9501,633.333333,192,194,10.104567,179.833902,0.018777,False,2.864659
9501,633.333333,192,196,2.631445,2.416679,0.113499,False,
9501,633.333333,193,196,2.236634,9.524668,0.649013,False,
9501,633.333333,194,195,0.557432,1.701966,0.969566,True,
9511,634.000000,180,181,4.633022,86.858586,0.652409,False,
9511,634.000000,180,187,4.572299,96.435038,0.469706,False,
9511,634.000000,180,189,1.420378,110.913420,0.446864,False,
9511,634.000000,180,190,4.408688,58.321444,0.759981,False,
9511,634.000000,180,194,3.247176,85.908796,0.914933,False,
9511,634.000000,180,195,3.825431,85.106037,0.926976,False,
9511,634.000000,180,197,1.884988,96.372995,0.980677,False,
9511,634.000000,180,198,4.311637,149.128511,0.828481,False,
9511,634.000000,180,199,3.219535,24.905298,0.859972,False,
9511,634.000000,181,182,0.689052,4.182008,0.745572,True,
9511,634.000000,181,185,3.786055,94.424740,0.834752,False,
9511,634.000000,181,187,0.757862,176.706376,0.244747,False,
9511,634.000000,181,189,3.216664,162.227995,0.642448,False,
9511,634.000000,181,190,2.051834,145.180030,0.759963,False,
9511,634.000000,181,192,3.880927,173.431181,0.777482,False,1.064635
9511,634.000000,181,194,4.871421,0.949790,0.007734,False,
9511,634.000000,181,196,6.691970,177.260658,0.290542,False,1.962289
9511,634.000000,181,197,3.446944,176.768419,0.985927,False,
9511,634.000000,181,198,3.582419,62.269925,0.904849,False,
9511,634.000000,181,199,3.537465,111.763884,0.962517,False,
9511,634.000000,182,185,4.021547,90.242731,0.942569,False,
9511,634.000000,182,187,1.176763,179.111615,0.987737,False,
9511,634.000000,182,189,3.895195,166.410003,0.610476,False,
9511,634.000000,182,190,2.457418,140.998021,0.388365,False,
9511,634.000000,182,192,3.528825,177.613190,0.886279,False,
9511,634.000000,182,193,4.851479,170.202372,0.220158,False,
9511,634.000000,182,197,4.055331,179.049572,0.497262,False,
9511,634.000000,182,198,4.040746,66.451933,0.964653,False,
9511,634.000000,182,199,4.124097,107.581875,0.892722,False,
9511,634.000000,185,187,3.030054,88.868884,0.825680,False,
9511,634.000000,185,189,4.789072,103.347266,0.076251,False,
9511,634.000000,185,190,1.853169,50.755290,0.066918,False,
9511,634.000000,185,192,3.263373,92.144079,0.807676,False,
9511,634.000000,185,193,2.888353,79.959641,0.573389,False,
9511,634.000000,185,198,1.454318,156.694665,0.969011,False,
9511,634.000000,185,199,2.539012,17.339144,0.985068,False,
9511,634.000000,187,189,3.204341,14.478382,0.368588,False,
9511,634.000000,187,190,1.311629,38.113594,0.856729,False,
9511,634.000000,187,192,3.489224,3.275195,0.010236,False,
9511,634.000000,187,193,4.467753,8.909243,0.221199,False,
9511,634.000000,187,197,3.677976,0.062043,0.081975,False,
9511,634.000000,187,198,2.876212,114.436451,0.972776,False,
9511,634.000000,187,199,2.965567,71.529740,0.991169,False,
9511,634.000000,189,190,3.251497,52.591975,0.569393,False,
9511,634.000000,189,194,3.077853,163.177784,0.635145,False,
9511,634.000000,189,195,3.583329,163.980544,0.710553,False,
9511,634.000000,189,197,1.153308,14.540425,0.800203,True,
9511,634.000000,189,198,3.583319,99.958070,0.733615,False,
9511,634.000000,189,199,2.628504,86.008122,0.341079,False,
9511,634.000000,190,192,3.499419,41.388789,0.652867,False,
9511,634.000000,190,193,3.974152,29.204351,0.358155,False,
9511,634.000000,190,194,5.916682,144.230240,0.986359,False,1.899043
9511,634.000000,190,195,6.279284,143.427481,0.985050,False,2.141743
9511,634.000000,190,197,4.071569,38.051551,0.071272,False,
9511,634.000000,190,198,1.589734,152.550045,0.916000,False,
9511,634.000000,190,199,1.944602,33.416146,0.993681,False,
9511,634.000000,192,193,1.672131,12.184438,0.858617,True,2.344060
9511,634.000000,192,196,2.811236,9.308161,0.103281,False,
9511,634.000000,192,198,4.441234,111.161257,0.362226,False,
9511,634.000000,193,196,2.316679,2.876277,0.603592,False,
9511,634.000000,193,198,4.321265,123.345694,0.259535,False,
9511,634.000000,194,195,0.581321,0.802759,0.956298,True,
9511,634.000000,194,196,11.552198,176.310868,0.953576,False,3.889583
9511,634.000000,194,197,1.951340,177.718209,0.730599,False,
9511,634.000000,195,197,2.436122,178.520969,0.809685,False,
9511,634.000000,197,198,4.653450,114.498495,0.768773,False,
9511,634.000000,197,199,3.755453,71.467697,0.542614,False,
9511,634.000000,198,199,1.105068,174.033808,0.802493,False,
9521,634.666667,180,187,4.025417,92.384244,0.600747,False,
9521,634.666667,180,189,1.447914,42.543916,0.000000,False,
9521,634.666667,180,190,4.108846,72.568538,0.660336,False,
9521,634.666667,180,194,3.077250,83.801991,0.972152,False,
9521,634.666667,180,195,3.636381,84.022043,0.974791,False,
9521,634.666667,180,197,1.875657,94.772362,0.980441,False,
9521,634.666667,180,198,4.426866,126.814913,0.522232,False,
9521,634.666667,180,199,3.156547,2.407737,0.994143,False,
9521,634.666667,181,182,0.653430,1.649722,0.860353,True,
9521,634.666667,181,185,3.400858,3.518010,0.875220,False,
9521,634.666667,181,187,1.142623,177.445272,0.114056,False,
9521,634.666667,181,189,3.742486,47.626568,0.567560,False,
9521,634.666667,181,190,1.590013,162.739023,0.460092,False,
9521,634.666667,181,192,2.646459,166.604590,0.838531,False,0.773958
9521,634.666667,181,193,3.683756,179.460046,0.462098,False,
9521,634.666667,181,196,5.396396,178.283196,0.833234,False,1.499573
9521,634.666667,181,197,4.772474,175.057154,0.470185,False,
9521,634.666667,181,198,3.660793,36.644428,0.970233,False,
9521,634.666667,181,199,3.550727,92.578221,0.880623,False,
9521,634.666667,182,185,3.779958,1.868288,0.946411,False,
9521,634.666667,182,187,1.761277,179.094994,0.395137,False,
9521,634.666667,182,189,4.344725,45.976846,0.595708,False,
9521,634.666667,182,190,2.215383,161.089301,0.331997,False,
9521,634.666667,182,192,2.450533,168.254312,0.617263,False,
9521,634.666667,182,193,3.676036,178.890232,0.477756,False,
9521,634.666667,182,198,4.207792,38.294150,0.991578,False,
9521,634.666667,182,199,4.183822,90.928499,0.846431,False,
9521,634.666667,185,187,3.441308,179.036719,0.697217,False,
9521,634.666667,185,189,4.768339,44.108559,0.446697,False,
9521,634.666667,185,190,2.383286,159.221013,0.303273,False,
9521,634.666667,185,192,2.890944,170.122599,0.831235,False,
9521,634.666667,185,193,2.255861,177.021944,0.646433,False,
9521,634.666667,185,196,4.733925,178.198794,0.589670,False,
9521,634.666667,185,198,1.433253,40.162438,0.857379,False,
9521,634.666667,185,199,2.569774,89.060212,0.946233,False,
9521,634.666667,187,189,2.600232,134.928160,0.548225,False,
9521,634.666667,187,190,1.093962,19.815706,0.738633,True,
9521,634.666667,187,192,3.576543,10.840682,0.011980,False,
9521,634.666667,187,193,4.357697,2.014775,0.213234,False,
9521,634.666667,187,194,4.169007,176.186234,0.103209,False,
9521,634.666667,187,195,4.382302,176.406287,0.027938,False,
9521,634.666667,187,197,3.711742,2.388118,0.139601,False,
9521,634.666667,187,198,3.231440,140.800844,0.988352,False,
9521,634.666667,187,199,2.759254,89.976507,0.979564,False,
9521,634.666667,189,190,2.841225,115.112454,0.513731,False,
9521,634.666667,189,192,5.997440,145.768842,0.105477,False,3.787723
9521,634.666667,189,193,6.446453,132.913385,0.108251,False,3.222421
9521,634.666667,189,194,2.724512,41.258074,0.758818,False,
9521,634.666667,189,195,3.206434,41.478127,0.815981,False,
9521,634.666667,189,197,1.670346,137.316278,0.501567,False,
9521,634.666667,189,198,3.733764,84.270996,0.160842,False,
9521,634.666667,189,199,2.517756,44.951653,0.870172,False,
9521,634.666667,190,192,3.189276,30.656388,0.433164,False,
9521,634.666667,190,193,3.636105,17.800931,0.137531,False,
9521,634.666667,190,194,4.952296,156.370529,0.972232,False,
9521,634.666667,190,197,4.279784,22.203824,0.053122,False,
9521,634.666667,190,198,2.175403,160.616549,0.903533,False,
9521,634.666667,190,199,1.969186,70.160802,0.972279,False,
9521,634.666667,192,193,1.446274,12.855457,0.912424,True,
9521,634.666667,192,196,2.767342,11.678607,0.061269,False,
9521,634.666667,192,198,4.066351,129.960162,0.440473,False,
9521,634.666667,192,199,4.740622,100.817189,0.701459,False,
9521,634.666667,193,196,2.483676,1.176850,0.559474,False,
9521,634.666667,193,198,3.666986,142.815618,0.419055,False,
9521,634.666667,193,199,4.660257,87.961732,0.584860,False,
9521,634.666667,194,195,0.561493,0.220052,0.990387,True,
9521,634.666667,194,196,10.471329,175.348310,0.303442,False,3.435276
9521,634.666667,194,197,1.211183,178.574353,0.907896,False,
9521,634.666667,195,197,1.765171,178.794405,0.931010,False,
9521,634.666667,197,199,4.185229,92.364625,0.352721,False,
9521,634.666667,198,199,1.274268,129.222649,0.465706,False,
9531,635.333333,180,187,3.512916,13.621294,0.670824,False,
9531,635.333333,180,189,1.447914,106.804638,0.509814,False,
9531,635.333333,180,190,3.583325,24.938450,0.560611,False,
9531,635.333333,180,194,3.021394,170.825082,0.999181,False,
9531,635.333333,180,195,3.583073,170.131636,0.997259,False,
9531,635.333333,180,197,2.147417,11.882677,0.872903,True,
9531,635.333333,180,198,4.621752,128.334572,0.648357,False,
9531,635.333333,180,199,3.189950,109.844477,0.959927,False,
9531,635.333333,181,182,0.722871,0.701411,0.769122,True,
9531,635.333333,181,185,3.176882,42.539438,0.947731,False,
9531,635.333333,181,187,2.277485,179.195791,0.364633,False,
9531,635.333333,181,189,4.215600,86.012447,0.446485,False,
9531,635.333333,181,190,2.106798,167.878635,0.067689,False,
9531,635.333333,181,192,1.521232,172.251722,0.933971,False,0.387275
9531,635.333333,181,193,2.526389,177.800767,0.451548,False,
9531,635.333333,181,196,4.125580,176.715896,0.906675,False,1.229908
9531,635.333333,181,198,3.666294,38.848343,0.996621,False,
9531,635.333333,181,199,3.516492,82.972608,0.775421,False,
9531,635.333333,182,185,3.628992,43.240849,0.989502,False,
9531,635.333333,182,187,2.885573,178.494380,0.765390,False,
9531,635.333333,182,189,4.884313,85.311036,0.489137,False,
9531,635.333333,182,190,2.824752,167.177224,0.074160,False,
9531,635.333333,182,192,1.423330,172.953133,0.288883,False,
9531,635.333333,182,193,2.637729,177.099356,0.544439,False,
9531,635.333333,182,196,3.778909,177.417308,0.785742,False,
9531,635.333333,182,198,4.277416,39.549754,0.999500,False,
9531,635.333333,182,199,4.227225,82.271197,0.752310,False,
9531,635.333333,185,187,4.022542,138.264771,0.637635,False,
9531,635.333333,185,189,4.833498,128.551885,0.479812,False,
9531,635.333333,185,190,2.941768,149.581927,0.385434,False,
9531,635.333333,185,192,2.630906,129.712284,0.930605,False,
9531,635.333333,185,193,1.734377,139.659795,0.820131,False,
9531,635.333333,185,196,4.105100,134.176459,0.559163,False,
9531,635.333333,185,198,1.337930,3.691095,0.918775,True,
9531,635.333333,185,199,2.562872,125.512046,0.935923,False,
9531,635.333333,187,189,2.065698,93.183344,0.668544,False,
9531,635.333333,187,190,1.132566,11.317156,0.741124,True,
9531,635.333333,187,192,3.666100,8.552488,0.040513,False,
9531,635.333333,187,193,4.291973,1.395024,0.232163,False,
9531,635.333333,187,194,2.956252,175.553624,0.216632,False,
9531,635.333333,187,195,3.236834,176.247070,0.122184,False,
9531,635.333333,187,197,3.743248,1.738617,0.136280,False,
9531,635.333333,187,198,3.690578,141.955866,0.938096,False,
9531,635.333333,187,199,2.650220,96.223183,0.913095,False,
9531,635.333333,189,190,2.273111,81.866188,0.398722,False,
9531,635.333333,189,193,5.707658,91.788320,0.082448,False,2.870621
9531,635.333333,189,194,2.411088,82.370281,0.868013,False,
9531,635.333333,189,195,2.945608,83.063727,0.894875,False,
9531,635.333333,189,197,2.313295,94.921960,0.381325,False,
9531,635.333333,189,198,3.928466,124.860790,0.207875,False,
9531,635.333333,189,199,2.459103,3.039839,0.921027,True,
9531,635.333333,190,192,3.146041,19.869643,0.331154,False,
9531,635.333333,190,193,3.479199,9.922132,0.053891,False,
9531,635.333333,190,194,3.884980,164.236469,0.999249,False,
9531,635.333333,190,195,4.242576,164.929915,0.951429,False,
9531,635.333333,190,197,4.399158,13.055772,0.003890,False,
9531,635.333333,190,198,2.563206,153.273022,0.879872,False,
9531,635.333333,190,199,1.678966,84.906027,0.926344,False,
9531,635.333333,192,193,1.262214,9.947512,0.939303,True,2.117967
9531,635.333333,192,196,2.652532,4.464175,0.088810,False,
9531,635.333333,192,198,3.625184,133.403378,0.616903,False,
9531,635.333333,192,199,4.068769,104.775670,0.703934,False,
9531,635.333333,193,196,2.473545,5.483337,0.473541,False,
9531,635.333333,193,198,2.988885,143.350890,0.556743,False,
9531,635.333333,193,199,3.865782,94.828159,0.568545,False,
9531,635.333333,194,195,0.565311,0.693446,0.987607,True,
9531,635.333333,194,197,1.427827,177.292241,0.993815,False,
9531,635.333333,194,199,4.739231,79.330442,0.851776,False,
9531,635.333333,195,197,1.856403,177.985687,0.980431,False,
9531,635.333333,197,199,4.759382,97.961800,0.261847,False,
9531,635.333333,198,199,1.478954,121.820951,0.408879,False,
9541,636.000000,180,187,3.091273,93.957834,0.765479,False,
9541,636.000000,180,189,1.520977,0.000000,0.000000,False,
9541,636.000000,180,190,3.342778,75.068234,0.746501,False,
9541,636.000000,180,194,3.084227,85.989883,0.990503,False,
9541,636.000000,180,195,3.597276,88.592846,0.999767,False,
9541,636.000000,180,197,2.423446,99.450684,0.814706,False,
9541,636.000000,180,198,4.841536,144.126108,0.730509,False,
9541,636.000000,180,199,3.244666,46.652871,0.702355,False,
9541,636.000000,181,182,0.706835,0.849386,0.785675,True,
9541,636.000000,181,185,3.132339,134.584965,0.992668,False,
9541,636.000000,181,187,3.629399,179.960787,0.119006,False,
9541,636.000000,181,189,4.845472,86.081379,0.402662,False,
9541,636.000000,181,190,2.967714,161.149612,0.251566,False,
9541,636.000000,181,192,0.625538,177.666582,0.570794,False,
9541,636.000000,181,193,1.764284,179.233513,0.984333,False,
9541,636.000000,181,196,2.900656,176.380556,0.288765,False,
9541,636.000000,181,198,3.985137,58.044729,0.999859,False,
9541,636.000000,181,199,3.889289,132.734250,0.729608,False,
9541,636.000000,182,185,3.686678,135.434351,0.999811,False,
9541,636.000000,182,187,4.176597,179.189827,0.404770,False,
9541,636.000000,182,190,3.617693,160.300226,0.354124,False,
9541,636.000000,182,192,1.205384,178.515968,0.864043,False,
9541,636.000000,182,193,2.244075,179.917101,0.999381,False,
9541,636.000000,182,196,2.653175,177.229942,0.524423,False,
9541,636.000000,182,198,4.630862,58.894115,0.998933,False,
9541,636.000000,182,199,4.596016,131.884864,0.708858,False,
9541,636.000000,185,187,4.577649,45.375822,0.585064,False,
9541,636.000000,185,189,4.819664,139.333656,0.861537,False,
9541,636.000000,185,190,3.408780,64.265422,0.291313,False,
9541,636.000000,185,192,2.515051,43.081616,0.999247,False,
9541,636.000000,185,193,1.467910,44.648548,0.969694,False,
9541,636.000000,185,196,3.677137,41.795591,0.625127,False,
9541,636.000000,185,198,1.311339,76.540237,0.967842,False,
9541,636.000000,185,199,2.565519,92.680784,0.396260,False,
9541,636.000000,187,189,1.599665,93.957834,0.844508,False,
9541,636.000000,187,190,1.174093,18.889600,0.501304,False,
9541,636.000000,187,192,3.717366,2.294206,0.023580,False,
9541,636.000000,187,193,4.247405,0.727274,0.262327,False,
9541,636.000000,187,194,1.712562,179.947717,0.396092,False,
9541,636.000000,187,195,2.136279,177.449320,0.820422,False,
9541,636.000000,187,197,3.616809,5.492850,0.103331,False,
9541,636.000000,187,198,4.304922,121.916059,0.923102,False,
9541,636.000000,187,199,2.812532,47.304962,0.850935,False,
9541,636.000000,189,190,1.886610,75.068234,0.619142,False,
9541,636.000000,189,192,4.765653,96.252039,0.242069,False,
9541,636.000000,189,193,4.969686,94.685108,0.040446,False,2.319297
9541,636.000000,189,194,2.160353,85.989883,0.944566,False,
9541,636.000000,189,195,2.725134,88.592846,0.929009,False,
9541,636.000000,189,197,2.839851,99.450684,0.377514,False,
9541,636.000000,189,198,4.110685,144.126108,0.495965,False,
9541,636.000000,189,199,2.410336,46.652871,0.314514,False,
9541,636.000000,190,192,2.883494,21.183806,0.359032,False,
9541,636.000000,190,193,3.203246,19.616874,0.012370,False,
9541,636.000000,190,194,2.864584,161.058117,0.994512,False,
9541,636.000000,190,195,3.309168,163.661080,0.994121,False,
9541,636.000000,190,197,4.504153,24.382450,0.056246,False,
9541,636.000000,190,198,3.165619,140.805659,0.833280,False,
9541,636.000000,190,199,1.823007,28.415362,0.833266,False,
9541,636.000000,192,193,1.141943,1.566931,0.948749,True,
9541,636.000000,192,196,2.714267,1.286026,0.023255,False,
9541,636.000000,192,198,3.426010,119.621853,0.809916,False,
9541,636.000000,192,199,3.514952,49.599168,0.750299,False,
9541,636.000000,193,196,2.592547,2.852957,0.411261,False,
9541,636.000000,193,198,2.592279,121.188784,0.674964,False,
9541,636.000000,193,199,3.192926,48.032237,0.511767,False,
9541,636.000000,194,195,0.564785,2.602963,0.938301,True,
9541,636.000000,194,197,2.352856,174.559433,0.840773,False,
9541,636.000000,194,199,4.270785,132.642755,0.828989,False,
9541,636.000000,195,197,2.534764,171.956470,0.763871,False,
9541,636.000000,195,199,4.797969,135.245718,0.825030,False,
9541,636.000000,196,198,4.978120,118.335828,0.321090,False,
9541,636.000000,198,199,1.700693,169.221021,0.629869,False,
9551,636.666667,180,187,2.657141,167.165285,0.893525,False,
9551,636.666667,180,189,1.447914,73.195362,0.509814,False,
9551,636.666667,180,190,2.910852,155.672173,0.778188,False,
9551,636.666667,180,194,3.151966,12.796595,0.950194,False,
9551,636.666667,180,195,3.602760,14.524020,0.976180,False,
9551,636.666667,180,197,2.891773,174.730083,0.692782,False,
9551,636.666667,180,199,3.055290,92.927888,0.997961,False,
9551,636.666667,180,200,4.339043,19.518611,0.698234,False,
9551,636.666667,180,201,4.996120,20.909174,0.742028,False,
9551,636.666667,181,182,0.675323,0.238691,0.912126,True,
9551,636.666667,181,185,3.136093,52.779894,0.999974,False,
9551,636.666667,181,187,4.979394,172.882559,0.955458,False,
9551,636.666667,181,190,4.028866,175.624329,0.044351,False,
9551,636.666667,181,192,1.388710,172.066370,0.930412,False,
9551,636.666667,181,193,1.899084,172.903461,0.421623,False,
9551,636.666667,181,196,1.619200,164.788629,0.746586,False,0.392952
9551,636.666667,181,199,4.312267,112.880044,0.585363,False,
9551,636.666667,182,185,3.770178,53.018585,0.997100,False,
9551,636.666667,182,190,4.546407,175.385638,0.230407,False,
9551,636.666667,182,192,1.970638,172.305060,0.320800,False,
9551,636.666667,182,193,2.574265,173.142152,0.615934,False,
9551,636.666667,182,196,1.613586,165.027320,0.700250,False,
9551,636.666667,182,199,4.966979,112.641354,0.587066,False,
9551,636.666667,185,189,4.792320,145.927413,0.709719,False,
9551,636.666667,185,190,3.928617,131.595777,0.356269,False,
9551,636.666667,185,192,2.700282,119.286475,0.967792,False,
9551,636.666667,185,193,1.518325,120.123567,0.961955,False,
9551,636.666667,185,196,3.279966,112.008735,0.665059,False,
9551,636.666667,185,199,2.635419,165.659939,0.959436,False,
9551,636.666667,187,189,1.371576,93.969923,0.991620,False,
9551,636.666667,187,190,1.220907,11.493113,0.391332,False,
9551,636.666667,187,192,3.662926,0.816189,0.005554,False,
9551,636.666667,187,193,4.162157,0.020903,0.270181,False,
9551,636.666667,187,194,0.714695,179.961881,0.911356,False,
9551,636.666667,187,195,1.216095,178.310694,0.998956,False,
9551,636.666667,187,197,3.603453,7.564798,0.110807,False,
9551,636.666667,187,199,3.054663,74.237397,0.648006,False,
9551,636.666667,187,200,4.150277,173.316104,0.606109,False,
9551,636.666667,187,201,4.465306,171.925541,0.867321,False,
9551,636.666667,189,190,1.477622,82.476810,0.688258,False,
9551,636.666667,189,192,4.075665,94.786112,0.321582,False,
9551,636.666667,189,193,4.190914,93.949020,0.056382,False,1.860880
9551,636.666667,189,194,2.016214,85.991958,0.998453,False,
9551,636.666667,189,195,2.519030,87.719383,0.993157,False,
9551,636.666667,189,196,6.801131,102.063852,0.060553,False,4.243471
9551,636.666667,189,197,3.448742,101.534721,0.338385,False,
9551,636.666667,189,199,2.280034,19.732526,0.715921,True,
9551,636.666667,189,200,4.500047,92.713973,0.409295,False,
9551,636.666667,190,192,2.651774,12.309301,0.300480,False,
9551,636.666667,190,193,2.982058,11.472210,0.101094,False,
9551,636.666667,190,194,1.838577,168.468768,0.973227,False,
9551,636.666667,190,195,2.269654,170.196193,0.994722,False,
9551,636.666667,190,197,4.624094,19.057910,0.032013,False,
9551,636.666667,190,199,2.016377,62.744285,0.682835,False,
9551,636.666667,192,193,1.181970,0.837091,0.958483,True,
9551,636.666667,192,194,4.006220,179.221930,0.314253,False,
9551,636.666667,192,195,4.218475,177.494506,0.855671,False,
9551,636.666667,192,196,2.822932,7.277741,0.075123,False,
9551,636.666667,192,199,3.065314,75.053586,0.911059,False,
9551,636.666667,192,200,7.761027,172.499915,0.605697,False,2.551380
9551,636.666667,193,194,4.651129,179.940978,0.378682,False,
9551,636.666667,193,195,4.957298,178.331597,0.565191,False,
9551,636.666667,193,196,2.723626,8.114832,0.358105,False,
9551,636.666667,193,199,2.551045,74.216495,0.677348,False,
9551,636.666667,194,195,0.507734,1.727425,0.974383,True,
9551,636.666667,194,197,3.500970,172.473322,0.659285,False,
9551,636.666667,194,199,3.755114,105.724484,0.952656,False,
9551,636.666667,194,200,3.761659,6.722015,0.023538,False,
9551,636.666667,194,201,3.976602,8.112578,0.200537,False,
9551,636.666667,195,197,3.618335,170.745897,0.779071,False,
9551,636.666667,195,199,4.229679,107.451908,0.953350,False,
9551,636.666667,195,200,3.648858,4.994590,0.124811,False,
9551,636.666667,195,201,3.767927,6.385153,0.068019,False,
9551,636.666667,196,199,5.265493,82.331326,0.574615,False,3.148944
9551,636.666667,197,200,1.652807,165.751306,0.809558,False,
9551,636.666667,197,201,2.415266,164.360743,0.618687,False,
9551,636.666667,200,201,0.772625,1.390563,0.972421,True,
9561,637.333333,180,187,2.410087,95.613407,0.966985,False,
9561,637.333333,180,189,1.447914,0.000000,0.000000,False,
9561,637.333333,180,190,2.534741,78.075028,0.887416,False,
9561,637.333333,180,192,4.881655,96.649250,0.432415,False,
9561,637.333333,180,193,4.626393,90.518890,0.329769,False,
9561,637.333333,180,194,3.411060,85.989884,0.890116,False,
9561,637.333333,180,195,3.809022,85.132748,0.921651,False,
9561,637.333333,180,199,3.069211,9.199566,0.999252,False,
9561,637.333333,180,200,3.958724,86.875694,0.809996,False,
9561,637.333333,180,201,4.616196,89.725095,0.830249,False,
9561,637.333333,181,182,0.655250,1.596536,0.896605,True,
9561,637.333333,181,185,3.181523,0.207577,0.946671,False,
9561,637.333333,181,192,2.559436,176.494615,0.855211,False,
9561,637.333333,181,193,2.809131,177.375025,0.736262,False,
9561,637.333333,181,196,0.636324,171.974697,0.002870,False,0.027134
9561,637.333333,181,199,4.572829,96.055700,0.330758,False,
9561,637.333333,182,185,3.831073,1.804113,0.947422,False,
9561,637.333333,182,192,3.010185,174.898079,0.931415,False,
9561,637.333333,182,193,3.395375,178.971560,0.728734,False,
9561,637.333333,182,196,1.119058,170.378161,0.533181,False,
9561,637.333333,185,189,4.851462,86.648558,0.240090,False,
9561,637.333333,185,190,4.507031,164.723586,0.185764,False,
9561,637.333333,185,192,2.918611,176.702192,0.891197,False,
9561,637.333333,185,193,1.966367,177.167448,0.710257,False,
9561,637.333333,185,196,2.830655,172.182274,0.796143,False,
9561,637.333333,185,199,2.709113,95.848123,0.992471,False,
9561,637.333333,187,189,1.441521,95.613407,0.946662,False,
9561,637.333333,187,190,1.294775,17.538379,0.291794,False,
9561,637.333333,187,192,3.751248,1.035844,0.046125,False,
9561,637.333333,187,193,4.052987,5.094517,0.249039,False,
9561,637.333333,187,194,1.219428,178.396710,0.276302,False,
9561,637.333333,187,195,1.474392,179.253846,0.713634,False,
9561,637.333333,187,199,3.334324,86.413841,0.456788,False,
9561,637.333333,187,200,2.959085,177.510900,0.518388,False,
9561,637.333333,187,201,3.305212,174.661499,0.839840,False,
9561,637.333333,189,190,1.091979,78.075028,0.918820,False,
9561,637.333333,189,192,3.504883,96.649250,0.332300,False,
9561,637.333333,189,193,3.411192,90.518890,0.137133,False,1.508743
9561,637.333333,189,194,2.101708,85.989884,0.970902,False,
9561,637.333333,189,195,2.564052,85.132748,0.987007,False,
9561,637.333333,189,196,6.226997,101.169168,0.075025,False,3.888394
9561,637.333333,189,199,2.180684,9.199566,0.885018,True,
9561,637.333333,189,200,4.010969,86.875694,0.547183,False,
9561,637.333333,189,201,4.508796,89.725095,0.614473,False,
9561,637.333333,190,192,2.601363,18.574223,0.277565,False,
9561,637.333333,190,193,2.773756,12.443862,0.067507,False,
9561,637.333333,190,194,1.208586,164.064912,0.765542,False,
9561,637.333333,190,195,1.719416,163.207775,0.728214,False,
9561,637.333333,190,199,2.141328,68.875462,0.325112,False,
9561,637.333333,190,200,4.249965,164.950721,0.991943,False,
9561,637.333333,190,201,4.593217,167.800122,0.993473,False,
9561,637.333333,192,193,1.065480,6.130360,0.987537,True,
9561,637.333333,192,194,2.839360,177.360866,0.999513,False,
9561,637.333333,192,195,3.123066,178.218002,0.907605,False,
9561,637.333333,192,196,2.855309,4.519918,0.112209,False,
9561,637.333333,192,199,2.481192,87.449685,0.961911,False,
9561,637.333333,193,194,3.400571,176.508774,0.295360,False,
9561,637.333333,193,195,3.786965,175.651638,0.360018,False,
9561,637.333333,193,196,2.872606,10.650278,0.321995,False,
9561,637.333333,193,199,1.769044,81.319324,0.813332,False,
9561,637.333333,194,195,0.512625,0.857136,0.969537,True,
9561,637.333333,194,199,3.249497,95.189449,0.984113,False,
9561,637.333333,194,200,3.831750,0.885810,0.046367,False,
9561,637.333333,194,201,3.988649,3.735211,0.209225,False,
9561,637.333333,195,199,3.750584,94.332313,0.991928,False,
9561,637.333333,195,200,3.708355,1.742946,0.077949,False,
9561,637.333333,195,201,3.771320,4.592347,0.098210,False,
9561,637.333333,196,199,4.584821,91.969603,0.603618,False,2.534762
9561,637.333333,200,201,0.751434,2.849401,0.994802,True,2.167227
9571,638.000000,180,187,2.320497,91.682066,0.996743,False,
9571,638.000000,180,189,1.447914,145.876956,0.146443,False,7.206981
9571,638.000000,180,190,2.450382,90.935252,0.866538,False,
9571,638.000000,180,192,4.327413,93.183344,0.544097,False,
9571,638.000000,180,193,3.879340,87.292816,0.449020,False,
9571,638.000000,180,194,3.698153,87.717575,0.830752,False,
9571,638.000000,180,195,4.059802,87.774293,0.882818,False,
9571,638.000000,180,199,3.032787,43.804086,0.823472,False,
9571,638.000000,180,200,3.707265,82.000778,0.917038,False,
9571,638.000000,180,201,4.380377,84.016920,0.926965,False,
9571,638.000000,181,182,0.662162,3.232704,0.846453,True,
9571,638.000000,181,185,3.540565,166.836808,0.903065,False,
9571,638.000000,181,192,3.852700,175.946766,0.895945,False,
9571,638.000000,181,193,4.125283,178.162707,0.581224,False,
9571,638.000000,181,196,1.153149,169.175267,0.919162,False,
9571,638.000000,182,185,4.199911,163.604105,0.868729,False,
9571,638.000000,182,192,4.336217,179.179470,0.590930,False,
9571,638.000000,182,193,4.695383,174.930003,0.844238,False,
9571,638.000000,182,196,1.788938,172.407971,0.996959,False,
9571,638.000000,185,189,4.831744,69.910038,0.632200,False,
9571,638.000000,185,190,4.947101,14.968334,0.396830,False,
9571,638.000000,185,192,3.260078,17.216426,0.756261,False,
9571,638.000000,185,193,2.592898,11.325898,0.492318,False,
9571,638.000000,185,194,4.820321,163.684493,0.659662,False,
9571,638.000000,185,196,2.555619,23.987924,0.920628,False,
9571,638.000000,185,199,2.752257,32.162833,0.568099,False,
9571,638.000000,187,189,1.749130,54.194890,0.764261,False,
9571,638.000000,187,190,1.452351,0.746814,0.136491,False,
9571,638.000000,187,192,3.757445,1.501278,0.023518,False,
9571,638.000000,187,193,3.869145,4.389250,0.177239,False,
9571,638.000000,187,194,2.347022,179.399641,0.393725,False,
9571,638.000000,187,195,2.430063,179.456360,0.569297,False,
9571,638.000000,187,199,3.723290,47.877980,0.381880,False,
9571,638.000000,187,200,1.886790,173.682844,0.171710,False,
9571,638.000000,187,201,2.384320,175.698986,0.498770,False,
9571,638.000000,189,190,1.096403,54.941704,0.959081,False,
9571,638.000000,189,192,2.921447,52.693612,0.410284,False,
9571,638.000000,189,193,2.615759,58.584140,0.193452,False,
9571,638.000000,189,194,2.293560,126.405469,0.919764,False,
9571,638.000000,189,195,2.705733,126.348751,0.965053,False,
9571,638.000000,189,199,2.096243,102.072870,0.229283,False,
9571,638.000000,189,200,3.590192,132.122266,0.638070,False,
9571,638.000000,189,201,4.130676,130.106124,0.700583,False,
9571,638.000000,190,192,2.342324,2.248092,0.136039,False,3.590326
9571,638.000000,190,193,2.423692,3.642436,0.210420,False,2.120543
9571,638.000000,190,194,1.254862,178.652827,0.728124,False,
9571,638.000000,190,195,1.619125,178.709546,0.880779,False,
9571,638.000000,190,199,2.449861,47.131166,0.526296,False,
9571,638.000000,190,200,3.286934,172.936030,0.909272,False,
9571,638.000000,190,201,3.675222,174.952172,0.920606,False,
9571,638.000000,192,193,0.977574,5.890527,0.998614,True,
9571,638.000000,192,194,1.671033,179.099081,0.571117,False,
9571,638.000000,192,195,2.050069,179.042363,0.686206,False,
9571,638.000000,192,196,2.861746,6.771499,0.076837,False,
9571,638.000000,192,199,2.125536,49.379258,0.991253,False,
9571,638.000000,193,194,2.252741,175.010392,0.460148,False,
9571,638.000000,193,195,2.735972,175.067110,0.565087,False,
9571,638.000000,193,196,3.009935,12.662026,0.312914,False,
9571,638.000000,193,199,1.220890,43.488731,0.955107,False,
9571,638.000000,194,195,0.530985,0.056718,0.960208,True,
9571,638.000000,194,196,4.447493,172.327582,0.999572,False,
9571,638.000000,194,199,2.867586,131.521661,0.995268,False,
9571,638.000000,194,200,3.871748,5.716797,0.088749,False,
9571,638.000000,194,201,4.055708,3.700655,0.244677,False,
9571,638.000000,195,196,4.695617,172.270864,0.993190,False,
9571,638.000000,195,199,3.397873,131.578379,0.996890,False,
9571,638.000000,195,200,3.736370,5.773516,0.045796,False,
9571,638.000000,195,201,3.829750,3.757374,0.124946,False,
9571,638.000000,196,199,4.000003,56.150757,0.554295,False,2.783804
9571,638.000000,200,201,0.716361,2.016142,0.998906,True,2.518115
9581,638.666667,180,187,2.559560,87.949219,0.898097,False,
9581,638.666667,180,189,1.352345,145.876956,0.156793,False,3.203490
9581,638.666667,180,190,2.053247,102.258483,0.856818,False,
9581,638.666667,180,192,3.772615,91.611550,0.650130,False,
9581,638.666667,180,193,3.168375,84.726347,0.594923,False,
9581,638.666667,180,194,4.092354,85.146128,0.722767,False,
9581,638.666667,180,195,4.362185,87.789713,0.819692,False,
9581,638.666667,180,199,2.882633,55.117492,0.733159,False,
9581,638.666667,180,200,3.525122,86.875694,0.935710,False,
9581,638.666667,180,201,4.217539,86.922875,0.950346,False,
9581,638.666667,181,182,0.757805,5.100932,0.924864,True,
9581,638.666667,181,185,3.759941,173.047800,0.868939,False,
9581,638.666667,181,196,2.291180,161.749292,0.979283,False,
9581,638.666667,182,185,4.509159,167.946868,0.834168,False,
9581,638.666667,182,196,2.877665,166.850224,0.932807,False,
9581,638.666667,185,189,4.825781,69.910695,0.759713,False,
9581,638.666667,185,192,3.715848,15.645290,0.641120,False,
9581,638.666667,185,193,3.309497,8.760087,0.347123,False,
9581,638.666667,185,194,4.320486,161.112388,0.762814,False,
9581,638.666667,185,195,4.809805,163.755973,0.759362,False,
9581,638.666667,185,196,2.315109,25.202908,0.980981,False,
9581,638.666667,185,199,2.898617,20.848769,0.399629,False,
9581,638.666667,187,189,2.386568,57.927736,0.622577,False,
9581,638.666667,187,190,1.748610,14.309264,0.300059,False,
9581,638.666667,187,192,3.844055,3.662331,0.055385,False,
9581,638.666667,187,193,3.815627,3.222872,0.117921,False,
9581,638.666667,187,194,3.708954,173.095347,0.759470,False,
9581,638.666667,187,195,3.653051,175.738932,0.655131,False,
9581,638.666667,187,199,4.227436,32.831728,0.265399,False,
9581,638.666667,187,200,0.965658,174.824913,0.764439,False,
9581,638.666667,187,201,1.665911,174.872094,0.824850,False,
9581,638.666667,189,190,0.992879,43.618473,0.999007,False,
9581,638.666667,189,192,2.427328,54.265405,0.527638,False,
9581,638.666667,189,193,1.901198,61.150608,0.334311,False,
9581,638.666667,189,194,2.745640,128.976917,0.830398,False,
9581,638.666667,189,195,3.041919,126.333331,0.927871,False,
9581,638.666667,189,199,1.928652,90.759464,0.064207,False,
9581,638.666667,189,200,3.243218,127.247351,0.611160,False,
9581,638.666667,189,201,3.831324,127.200170,0.698539,False,
9581,638.666667,190,192,2.214968,10.646933,0.153110,False,
9581,638.666667,190,193,2.070134,17.532136,0.186612,False,
9581,638.666667,190,194,2.275899,172.595389,0.971245,False,
9581,638.666667,190,195,2.420729,169.951804,0.679625,False,
9581,638.666667,190,199,2.533734,47.140991,0.547747,False,
9581,638.666667,190,200,2.445419,170.865823,0.994705,False,
9581,638.666667,190,201,2.955324,170.818642,0.942458,False,
9581,638.666667,192,193,0.893716,6.885203,0.998072,True,
9581,638.666667,192,194,0.692986,176.757678,0.705208,False,
9581,638.666667,192,195,1.218282,179.401263,0.920344,False,
9581,638.666667,192,196,2.940667,9.557618,0.114100,False,
9581,638.666667,192,199,1.919859,36.494058,0.993235,False,
9581,638.666667,192,200,4.274523,178.487244,0.090218,False,
9581,638.666667,192,201,4.543102,178.534425,0.235927,False,
9581,638.666667,193,194,1.550090,169.872475,0.722666,False,
9581,638.666667,193,195,2.056508,172.516060,0.801863,False,
9581,638.666667,193,196,3.149460,16.442821,0.242252,False,
9581,638.666667,193,199,1.035912,29.608856,0.956660,False,
9581,638.666667,193,200,4.423553,171.602041,0.048121,False,
9581,638.666667,193,201,4.813927,171.649222,0.071797,False,
9581,638.666667,194,195,0.526072,2.643585,0.940734,True,
9581,638.666667,194,196,3.240683,173.684704,0.882776,False,
9581,638.666667,194,199,2.585951,140.263619,0.971511,False,
9581,638.666667,194,200,3.989454,1.729566,0.080366,False,
9581,638.666667,194,201,4.160829,1.776747,0.247640,False,
9581,638.666667,195,196,3.571584,171.041119,0.976730,False,
9581,638.666667,195,199,3.090872,142.907205,0.989283,False,
9581,638.666667,195,200,3.806335,0.914019,0.070491,False,
9581,638.666667,195,201,3.893527,0.866838,0.113126,False,
9581,638.666667,196,199,3.482313,46.051677,0.534108,False,2.422682
9581,638.666667,199,200,4.979151,141.993185,0.780425,False,
9581,638.666667,200,201,0.713730,0.047181,0.995726,True,
9591,639.333333,180,187,2.900298,89.577259,0.808632,False,
9591,639.333333,180,190,1.889069,88.049560,0.999711,False,
9591,639.333333,180,192,3.300034,89.902454,0.763015,False,
9591,639.333333,180,193,2.647351,87.745464,0.678183,False,
9591,639.333333,180,194,4.534561,87.761087,0.690201,False,
9591,639.333333,180,195,4.719429,89.667627,0.780444,False,
9591,639.333333,180,199,2.775281,59.901836,0.703981,False,
9591,639.333333,180,200,3.332967,89.557937,0.967944,False,
9591,639.333333,180,201,4.043643,91.427538,0.964504,False,
9591,639.333333,180,202,1.464673,0.000000,0.000000,False,
9591,639.333333,181,182,0.755746,2.102243,0.903452,True,1.708275
9591,639.333333,181,185,4.136786,158.671587,0.724046,False,
9591,639.333333,181,196,3.412295,172.151015,0.999300,False,
9591,639.333333,181,203,2.522951,168.462513,0.919454,False,
9591,639.333333,182,185,4.866419,160.773829,0.777335,False,
9591,639.333333,182,196,3.941758,170.048772,0.804308,False,
9591,639.333333,182,203,2.648996,170.564756,0.999696,False,
9591,639.333333,185,192,4.222297,21.454571,0.537545,False,
9591,639.333333,185,193,3.955447,19.297582,0.339727,False,
9591,639.333333,185,194,3.957964,156.208970,0.807608,False,
9591,639.333333,185,195,4.447258,158.115509,0.801621,False,
9591,639.333333,185,196,2.282389,29.177398,0.994622,False,
9591,639.333333,185,199,3.022825,8.546047,0.332667,False,
9591,639.333333,185,202,4.721946,68.447882,0.192655,False,
9591,639.333333,187,190,1.771044,1.527699,0.244340,False,
9591,639.333333,187,192,3.829499,0.325195,0.045286,False,
9591,639.333333,187,193,3.758526,1.831795,0.145056,False,6.399059
9591,639.333333,187,194,4.927915,177.338346,0.976849,False,
9591,639.333333,187,195,4.809402,179.244886,0.496472,False,
9591,639.333333,187,199,4.676965,29.675423,0.236529,False,
9591,639.333333,187,200,1.194352,179.135195,0.985689,False,
9591,639.333333,187,201,1.724567,178.995203,0.617660,False,
9591,639.333333,187,202,3.009205,89.577259,0.427957,False,
9591,639.333333,190,192,2.208812,1.852894,0.299941,False,
9591,639.333333,190,193,2.003071,0.304096,0.048707,False,3.428587
9591,639.333333,190,194,3.422280,175.810647,0.930213,False,
9591,639.333333,190,195,3.427993,177.717187,0.796363,False,
9591,639.333333,190,199,2.918478,28.147724,0.275862,False,
9591,639.333333,190,200,1.595779,177.607497,0.393600,False,
9591,639.333333,190,201,2.264070,179.477098,0.833057,False,
9591,639.333333,190,202,1.307099,88.049560,0.615423,False,
9591,639.333333,192,193,0.806269,2.156990,0.991505,True,
9591,639.333333,192,194,1.260188,177.663541,0.824329,False,
9591,639.333333,192,195,1.426066,179.570081,0.858224,False,
9591,639.333333,192,196,3.033655,7.722827,0.093498,False,
9591,639.333333,192,199,1.893421,30.000618,0.919489,False,
9591,639.333333,192,200,3.081153,179.460390,0.140653,False,
9591,639.333333,192,201,3.413054,178.670008,0.564545,False,
9591,639.333333,192,202,1.841257,89.902454,0.796348,False,
9591,639.333333,193,194,1.915621,175.506551,0.926954,False,
9591,639.333333,193,195,2.183630,177.413091,0.960376,False,
9591,639.333333,193,196,3.232666,9.879817,0.183395,False,
9591,639.333333,193,199,1.216926,27.843628,0.758916,False,
9591,639.333333,193,200,3.245206,177.303401,0.302361,False,
9591,639.333333,193,201,3.712856,179.173002,0.530448,False,
9591,639.333333,193,202,1.196865,87.745464,0.589935,False,
9591,639.333333,194,195,0.499428,1.906540,0.900624,False,
9591,639.333333,194,196,2.178865,174.613632,0.991660,False,
9591,639.333333,194,199,2.596848,147.662923,0.907327,False,
9591,639.333333,194,200,4.018671,1.796849,0.014380,False,
9591,639.333333,194,201,4.180837,3.666451,0.167448,False,
9591,639.333333,194,202,3.069891,87.761087,0.690741,False,
9591,639.333333,195,196,2.579381,172.707092,0.996527,False,
9591,639.333333,195,199,3.008370,149.569463,0.955434,False,
9591,639.333333,195,200,3.821645,0.109690,0.119065,False,
9591,639.333333,195,201,3.906088,1.759911,0.047940,False,
9591,639.333333,195,202,3.265753,89.667627,0.808155,False,
9591,639.333333,196,199,3.021867,37.723445,0.577765,False,
9591,639.333333,196,202,4.369400,97.625281,0.185243,False,
9591,639.333333,199,200,4.349767,149.459772,0.735390,False,
9591,639.333333,199,201,4.873758,151.329374,0.780133,False,
9591,639.333333,199,202,1.699882,59.901836,0.313693,False,3.050919
9591,639.333333,200,201,0.714192,1.869601,0.987123,True,2.999741
9591,639.333333,200,202,2.872919,89.557937,0.760230,False,
9591,639.333333,200,203,11.640821,167.796746,0.826104,False,4.054889
9591,639.333333,201,202,3.497834,91.427538,0.807654,False,
9591,639.333333,201,203,11.840290,169.666347,0.846931,False,4.361053
9601,640.000000,180,187,3.238929,84.386205,0.653504,False,
9601,640.000000,180,190,2.073811,86.236401,0.937102,False,
9601,640.000000,180,192,2.942137,86.457503,0.891198,False,
9601,640.000000,180,193,2.043546,89.959310,0.834827,False,
9601,640.000000,180,194,4.939292,91.577893,0.674949,False,
9601,640.000000,180,199,2.633866,63.229004,0.697096,False,
9601,640.000000,180,200,3.244127,90.448636,0.996533,False,
9601,640.000000,180,201,3.921104,88.698601,0.997344,False,
9601,640.000000,180,202,1.464673,0.000000,0.000000,False,
9601,640.000000,181,182,0.679136,3.551342,0.956573,True,
9601,640.000000,181,185,4.626283,129.743428,0.702959,False,
9601,640.000000,181,196,4.700765,166.036904,0.999319,False,
9601,640.000000,181,203,1.511417,173.269102,0.362678,False,
9601,640.000000,182,203,1.895259,176.820444,0.741233,False,
9601,640.000000,185,192,4.753877,52.413132,0.408583,False,
9601,640.000000,185,193,4.756268,55.914940,0.291954,False,
9601,640.000000,185,194,3.571739,125.622264,0.848885,False,
9601,640.000000,185,195,4.080201,127.598207,0.833558,False,
9601,640.000000,185,196,2.405036,64.219667,0.934500,False,
9601,640.000000,185,199,3.181706,29.184634,0.370972,False,
9601,640.000000,185,202,4.696192,34.044370,0.715441,False,
9601,640.000000,185,203,4.970154,56.987470,0.407047,False,
9601,640.000000,187,190,1.677068,1.850195,0.133249,False,
9601,640.000000,187,192,3.731616,2.071297,0.130488,False,
9601,640.000000,187,193,3.419650,5.573105,0.143847,False,
9601,640.000000,187,199,4.994914,21.157201,0.172681,False,
9601,640.000000,187,200,2.177740,174.834841,0.878418,False,
9601,640.000000,187,201,2.424400,173.084807,0.991683,False,
9601,640.000000,187,202,3.502734,84.386205,0.277450,False,
9601,640.000000,190,192,2.159462,0.221102,0.314793,False,
9601,640.000000,190,193,1.743828,3.722909,0.133199,False,
9601,640.000000,190,194,4.505266,177.814294,0.619504,False,
9601,640.000000,190,195,4.416090,179.790237,0.466977,False,
9601,640.000000,190,199,3.330693,23.007397,0.246671,False,
9601,640.000000,190,200,1.296382,176.685037,0.830836,False,
9601,640.000000,190,201,1.929129,174.935002,0.651860,False,
9601,640.000000,190,202,1.867830,86.236401,0.443642,False,
9601,640.000000,192,193,0.907263,3.501807,0.924821,True,
9601,640.000000,192,194,2.346958,178.035396,0.565980,False,
9601,640.000000,192,195,2.295321,179.988661,0.548870,False,
9601,640.000000,192,196,3.050447,11.806535,0.101770,False,
9601,640.000000,192,199,2.021487,23.228499,0.800596,False,
9601,640.000000,192,200,1.874403,176.906138,0.258118,False,
9601,640.000000,192,201,2.316058,175.156104,0.158571,False,
9601,640.000000,192,202,1.558081,86.457503,0.969767,False,
9601,640.000000,193,194,3.022757,178.462796,0.457566,False,
9601,640.000000,193,195,3.074062,176.486854,0.546263,False,
9601,640.000000,193,196,3.472912,8.304727,0.124036,False,
9601,640.000000,193,199,1.662318,26.730306,0.510685,False,
9601,640.000000,193,200,2.054027,179.592054,0.755780,False,
9601,640.000000,193,201,2.661354,178.657912,0.792950,False,
9601,640.000000,193,202,0.663612,89.959310,0.987514,False,
9601,640.000000,194,195,0.509045,1.975943,0.848976,True,
9601,640.000000,194,196,1.194057,170.158069,0.971177,False,
9601,640.000000,194,199,2.731984,154.806897,0.866273,False,
9601,640.000000,194,200,3.979538,1.129258,0.016728,False,
9601,640.000000,194,201,4.163722,2.879292,0.159337,False,
9601,640.000000,194,202,3.482293,91.577893,0.647875,False,
9601,640.000000,195,196,1.693960,168.182126,0.948723,False,
9601,640.000000,195,199,3.046606,156.782840,0.940989,False,
9601,640.000000,195,200,3.756074,3.105201,0.151067,False,
9601,640.000000,195,201,3.866537,4.855235,0.040456,False,
9601,640.000000,195,202,3.601152,93.553836,0.770208,False,
9601,640.000000,196,199,2.557265,35.035034,0.555858,False,
9601,640.000000,196,200,4.864759,171.287327,0.976842,False,
9601,640.000000,196,202,3.749965,98.264038,0.208059,False,
9601,640.000000,199,200,3.686253,153.677640,0.719183,False,
9601,640.000000,199,201,4.247021,151.927605,0.805604,False,
9601,640.000000,199,202,1.514526,63.229004,0.289638,False,4.318638
9601,640.000000,199,203,7.826719,27.802836,0.232209,False,7.250390
9601,640.000000,200,201,0.680780,1.750034,0.983046,True,
9601,640.000000,200,202,2.525111,90.448636,0.861332,False,
9601,640.000000,201,202,3.176243,88.698601,0.908053,False,
9611,640.666667,180,187,3.918821,79.790906,0.488267,False,
9611,640.666667,180,190,2.317862,90.535300,0.855022,False,
9611,640.666667,180,192,2.734167,83.475444,0.978258,False,
9611,640.666667,180,193,1.755140,95.445647,0.955534,False,
9611,640.666667,180,196,4.506721,94.912575,0.420707,False,
9611,640.666667,180,199,2.633866,0.000000,0.000000,False,
9611,640.666667,180,200,3.225827,90.639931,0.996232,False,
9611,640.666667,180,201,3.956849,87.856197,0.996222,False,
9611,640.666667,180,203,9.952416,98.959455,0.048262,False,8.127495
9611,640.666667,180,204,1.295616,0.000000,0.000000,False,
9611,640.666667,181,182,0.791590,11.326712,0.985759,True,
9611,640.666667,181,203,1.066170,159.416173,0.672060,False,
9611,640.666667,182,203,1.845691,170.742885,0.938816,False,
9611,640.666667,185,194,3.291007,18.940667,0.877773,False,
9611,640.666667,185,195,3.764860,17.197433,0.856611,False,
9611,640.666667,185,196,2.649105,153.535306,0.831054,False,
9611,640.666667,185,199,3.175719,111.552118,0.198497,False,
9611,640.666667,185,203,4.478914,149.488427,0.199167,False,
9611,640.666667,185,204,4.829813,111.552118,0.222040,False,
9611,640.666667,187,190,1.879188,10.744395,0.180960,False,
9611,640.666667,187,192,3.895319,3.684538,0.174903,False,
9611,640.666667,187,193,3.469386,15.654741,0.175335,False,
9611,640.666667,187,200,3.419173,170.430837,0.673506,False,
9611,640.666667,187,201,3.538990,167.647103,0.853066,False,
9611,640.666667,187,204,4.180369,79.790906,0.194052,False,
9611,640.666667,190,192,2.178596,7.059857,0.337948,False,
9611,640.666667,190,193,1.596545,4.910346,0.213134,False,
9611,640.666667,190,199,3.916099,90.535300,0.310685,False,
9611,640.666667,190,200,1.974049,178.824768,0.421653,False,
9611,640.666667,190,201,2.435675,178.391498,0.939579,False,
9611,640.666667,190,204,2.316130,90.535300,0.442926,False,
9611,640.666667,192,193,1.012814,11.970203,0.865176,True,
9611,640.666667,192,194,3.462464,176.086895,0.576332,False,
9611,640.666667,192,195,3.323580,177.830129,0.593520,False,
9611,640.666667,192,196,3.064299,11.437132,0.098766,False,
9611,640.666667,192,199,2.442117,83.475444,0.657469,False,
9611,640.666667,192,200,0.827944,174.115375,0.232746,False,0.142639
9611,640.666667,192,201,1.515817,171.331641,0.365755,False,
9611,640.666667,192,204,1.628891,83.475444,0.993644,False,
9611,640.666667,193,194,4.195251,171.942901,0.106575,False,
9611,640.666667,193,195,4.137292,170.199668,0.088973,False,
9611,640.666667,193,196,3.592937,0.533071,0.054591,False,
9611,640.666667,193,199,2.348897,95.445647,0.481282,False,
9611,640.666667,193,200,1.492253,173.914422,0.927563,False,
9611,640.666667,193,201,2.239087,176.698156,0.981310,False,
9611,640.666667,193,204,0.910465,95.445647,0.878136,False,
9611,640.666667,194,195,0.476705,1.743233,0.821554,False,
9611,640.666667,194,196,1.049538,172.475973,0.406518,False,
9611,640.666667,194,199,3.004599,92.611452,0.836643,False,
9611,640.666667,194,200,3.956007,1.971520,0.031887,False,
9611,640.666667,194,201,4.140050,4.755255,0.171751,False,
9611,640.666667,194,204,4.088069,92.611452,0.590403,False,
9611,640.666667,195,196,1.397723,170.732740,0.500620,False,
9611,640.666667,195,199,3.220237,94.354685,0.916137,False,
9611,640.666667,195,200,3.732480,3.714754,0.156275,False,
9611,640.666667,195,201,3.841588,6.498488,0.063613,False,
9611,640.666667,195,204,4.134779,94.354685,0.701455,False,
9611,640.666667,196,199,2.014592,94.912575,0.657925,False,
9611,640.666667,196,200,3.724323,174.447493,0.840609,False,
9611,640.666667,196,201,4.091007,177.231227,0.757490,False,
9611,640.666667,196,204,3.301697,94.912575,0.305782,False,
9611,640.666667,199,200,3.270028,90.639931,0.733019,False,
9611,640.666667,199,201,3.921178,87.856197,0.828271,False,
9611,640.666667,199,203,7.336224,98.959455,0.012629,False,5.719753
9611,640.666667,199,204,1.656781,0.000000,0.000000,False,
9611,640.666667,200,201,0.751247,2.783734,0.989210,True,
9611,640.666667,200,204,2.312607,90.639931,0.968600,False,
9611,640.666667,201,204,3.062037,87.856197,0.983292,False,
9611,640.666667,203,204,8.942048,98.959455,0.037709,False,7.158904
9621,641.333333,180,190,2.677612,83.185405,0.652417,False,
9621,641.333333,180,192,2.690964,84.889911,0.999735,False,
9621,641.333333,180,193,1.602115,93.945107,0.989364,False,
9621,641.333333,180,196,3.980332,88.495195,0.584735,False,
9621,641.333333,180,199,2.633866,14.278314,0.998494,False,
9621,641.333333,180,200,3.338464,85.957926,0.944414,False,
9621,641.333333,180,201,4.011633,94.225839,0.994025,False,
9621,641.333333,180,204,1.295616,150.001940,0.206538,False,1.489757
9621,641.333333,185,194,3.134755,74.473862,0.887914,False,
9621,641.333333,185,195,3.593730,76.595674,0.891855,False,
9621,641.333333,185,196,3.195247,99.047857,0.658289,False,
9621,641.333333,185,199,3.272771,173.264738,0.892146,False,
9621,641.333333,185,203,3.999114,97.746812,0.401607,False,
9621,641.333333,185,204,4.925892,37.541112,0.960510,False,
9621,641.333333,190,192,2.108630,1.704506,0.431387,False,6.469143
9621,641.333333,190,193,1.522358,10.759701,0.256173,False,
9621,641.333333,190,199,4.480659,68.907091,0.047001,False,
9621,641.333333,190,200,2.956121,169.143331,0.959640,False,
9621,641.333333,190,201,3.212483,177.411244,0.999670,False,
9621,641.333333,190,204,2.858080,66.816535,0.483664,False,
9621,641.333333,192,193,1.234434,9.055195,0.910278,True,
9621,641.333333,192,194,4.680871,177.127003,0.007326,False,
9621,641.333333,192,195,4.516041,179.248815,0.228547,False,
9621,641.333333,192,196,3.142393,3.605284,0.083128,False,
9621,641.333333,192,199,3.008125,70.611597,0.410672,False,
9621,641.333333,192,200,0.878185,170.847837,0.968987,False,
9621,641.333333,192,201,1.375364,179.115750,0.965864,False,
9621,641.333333,192,204,1.853266,65.112029,0.969324,False,
9621,641.333333,193,196,3.692999,5.449911,0.159821,False,
9621,641.333333,193,199,2.958327,79.666792,0.163003,False,
9621,641.333333,193,200,2.054306,179.903033,0.767512,False,
9621,641.333333,193,201,2.609655,171.829055,0.633313,False,
9621,641.333333,193,204,1.348532,56.056834,0.656630,False,
9621,641.333333,194,195,0.469087,2.121812,0.806019,False,
9621,641.333333,194,196,1.807280,173.521719,0.069122,False,
9621,641.333333,194,199,3.332862,112.261400,0.644678,False,
9621,641.333333,194,200,3.960013,12.025160,0.023831,False,
9621,641.333333,194,201,4.172101,3.757247,0.077096,False,
9621,641.333333,194,203,4.612469,172.220675,0.407451,False,
9621,641.333333,194,204,4.544816,112.014974,0.841204,False,
9621,641.333333,195,196,1.882702,175.643531,0.405067,False,
9621,641.333333,195,199,3.495300,110.139588,0.715047,False,
9621,641.333333,195,200,3.747825,9.903348,0.114701,False,
9621,641.333333,195,201,3.887826,1.635435,0.002895,False,
9621,641.333333,195,203,4.951321,174.342486,0.152896,False,
9621,641.333333,195,204,4.567584,114.136786,0.870758,False,
9621,641.333333,196,199,1.647361,74.216881,0.960159,False,
9621,641.333333,196,200,2.607757,174.453121,0.102362,False,
9621,641.333333,196,201,3.073219,177.278966,0.709880,False,
9621,641.333333,196,204,2.739625,61.506745,0.289201,False,
9621,641.333333,199,200,2.934998,100.236240,0.960446,False,
9621,641.333333,199,201,3.624483,108.504153,0.941049,False,
9621,641.333333,199,204,1.656781,135.723626,0.369951,False,
9621,641.333333,200,201,0.735974,8.267913,0.980971,True,0.689093
9621,641.333333,200,204,2.258350,124.040134,0.965797,False,
9621,641.333333,201,204,2.983534,115.772221,0.891888,False,
9631,642.000000,180,190,3.198301,79.658752,0.514713,False,
9631,642.000000,180,192,2.773772,85.005035,0.959518,False,
9631,642.000000,180,193,1.986024,90.447523,0.817358,False,
9631,642.000000,180,196,3.411976,86.560742,0.710308,False,
9631,642.000000,180,199,2.663059,14.278314,0.987548,False,
9631,642.000000,180,200,3.602158,89.557122,0.910580,False,
9631,642.000000,180,201,4.090606,94.849685,0.969734,False,
9631,642.000000,180,204,0.915307,160.518810,0.461993,False,0.566767
9631,642.000000,185,194,2.903095,158.358354,0.959121,False,
9631,642.000000,185,195,3.371567,163.333791,0.970712,False,
9631,642.000000,185,196,3.749024,16.003440,0.530271,False,
9631,642.000000,185,199,3.320935,88.285868,0.596851,False,
9631,642.000000,185,203,3.661569,8.184257,0.423969,False,
9631,642.000000,185,204,4.998206,57.954628,0.914007,False,
9631,642.000000,185,205,4.594649,5.421096,0.913339,False,
9631,642.000000,190,192,1.952499,5.346283,0.431543,False,4.108022
9631,642.000000,190,193,1.340865,10.788772,0.301186,False,
9631,642.000000,190,196,4.947472,6.901991,0.150531,False,
9631,642.000000,190,199,4.961304,65.380437,0.152147,False,
9631,642.000000,190,200,4.041568,169.215873,0.970020,False,
9631,642.000000,190,201,4.125235,174.508436,0.936095,False,
9631,642.000000,190,204,3.412642,80.860059,0.617356,False,
9631,642.000000,192,193,1.262427,5.442488,0.892971,True,
9631,642.000000,192,196,3.121036,1.555708,0.068471,False,
9631,642.000000,192,199,3.423844,70.726721,0.250048,False,
9631,642.000000,192,200,2.089845,174.562156,0.685519,False,
9631,642.000000,192,201,2.200714,179.854719,0.603549,False,
9631,642.000000,192,204,2.422391,75.513776,0.958344,False,
9631,642.000000,193,196,3.758128,3.886781,0.198353,False,
9631,642.000000,193,199,3.645406,76.169209,0.000202,False,
9631,642.000000,193,200,3.111121,179.995355,0.532282,False,
9631,642.000000,193,201,3.356651,174.702792,0.439531,False,
9631,642.000000,193,204,2.077327,70.071287,0.710029,False,
9631,642.000000,194,195,0.497225,4.975437,0.842981,False,
9631,642.000000,194,196,2.967720,174.361793,0.241947,False,
9631,642.000000,194,199,3.576944,113.355778,0.491307,False,
9631,642.000000,194,200,3.946013,9.520342,0.016619,False,
9631,642.000000,194,201,4.150720,4.227779,0.073646,False,
9631,642.000000,194,203,3.557921,166.542611,0.632993,False,
9631,642.000000,194,205,2.157259,163.779450,0.919261,False,
9631,642.000000,195,196,2.918111,179.337230,0.389185,False,
9631,642.000000,195,199,3.681183,108.380341,0.535226,False,
9631,642.000000,195,200,3.728305,4.544906,0.091053,False,
9631,642.000000,195,201,3.870954,0.747657,0.013672,False,
9631,642.000000,195,203,3.913881,171.518048,0.247733,False,
9631,642.000000,195,205,2.052563,168.754886,0.993920,False,
9631,642.000000,196,199,1.224369,72.282428,0.985956,False,
9631,642.000000,196,200,1.482464,176.117864,0.126280,False,
9631,642.000000,196,201,2.001778,178.589573,0.894001,False,
9631,642.000000,196,204,2.496936,73.958068,0.421224,False,
9631,642.000000,196,205,4.963337,10.582344,0.446753,False,
9631,642.000000,199,200,2.442838,103.835436,0.985609,False,
9631,642.000000,199,201,3.026331,109.127999,0.974048,False,
9631,642.000000,199,204,1.827351,146.240496,0.517941,False,
9631,642.000000,200,201,0.591817,5.292563,0.965061,True,
9631,642.000000,200,204,2.782897,109.924068,0.983595,False,
9631,642.000000,201,204,3.310583,104.631505,0.938680,False,
9631,642.000000,203,205,3.167496,2.763161,0.862876,False,
9641,642.666667,180,190,3.709271,147.866373,0.488784,False,
9641,642.666667,180,192,3.077677,149.442302,0.841305,False,
9641,642.666667,180,193,2.457741,136.244864,0.692588,False,
9641,642.666667,180,196,3.060188,150.426125,0.855928,False,
9641,642.666667,180,199,2.663059,129.837549,0.892327,False,
9641,642.666667,180,200,3.824788,31.147866,0.920932,False,
9641,642.666667,180,201,4.291371,32.934764,0.947171,False,
9641,642.666667,180,204,0.818731,33.117285,0.967963,False,
9641,642.666667,185,194,2.872375,150.831853,0.998980,False,
9641,642.666667,185,195,3.359687,156.157182,0.999817,False,
9641,642.666667,185,196,4.213608,31.785595,0.377928,False,
9641,642.666667,185,199,3.290224,111.521922,0.608102,False,
9641,642.666667,185,200,4.709744,149.788396,0.507901,False,
9641,642.666667,185,203,3.257691,14.935887,0.430224,False,
9641,642.666667,185,204,4.934455,85.523245,0.973652,False,
9641,642.666667,185,205,4.447483,10.708232,0.925612,False,
9641,642.666667,190,192,1.844711,1.575929,0.471701,False,
9641,642.666667,190,193,1.261305,11.621508,0.490034,False,
9641,642.666667,190,196,4.990355,2.559752,0.181542,False,
9641,642.666667,190,204,4.067925,114.749087,0.661479,False,
9641,642.666667,192,193,1.415361,13.197437,0.905364,True,
9641,642.666667,192,196,3.287686,0.983823,0.020147,False,
9641,642.666667,192,199,4.095469,80.720149,0.277387,False,
9641,642.666667,192,200,3.327592,179.409832,0.338833,False,
9641,642.666667,192,201,3.325840,177.622934,0.632318,False,
9641,642.666667,192,204,3.054107,116.325017,0.880015,False,
9641,642.666667,193,196,3.975554,14.181260,0.230379,False,
9641,642.666667,193,199,4.378647,93.917587,0.181448,False,
9641,642.666667,193,200,4.292671,167.392731,0.183131,False,
9641,642.666667,193,201,4.446970,169.179629,0.030137,False,
9641,642.666667,193,204,2.813759,103.127579,0.702175,False,
9641,642.666667,194,195,0.538135,5.325329,0.903135,True,
9641,642.666667,194,196,4.010103,177.382552,0.667192,False,
9641,642.666667,194,199,4.008023,97.646225,0.598291,False,
9641,642.666667,194,200,3.907921,1.043457,0.084537,False,
9641,642.666667,194,201,4.127819,0.743441,0.078294,False,
9641,642.666667,194,203,2.627093,165.767740,0.674874,False,
9641,642.666667,194,205,1.594642,161.540085,0.703849,False,
9641,642.666667,195,196,3.945770,172.057223,0.993792,False,
9641,642.666667,195,199,4.122731,92.320896,0.627123,False,
9641,642.666667,195,200,3.722863,6.368786,0.169868,False,
9641,642.666667,195,201,3.867264,4.581888,0.006798,False,
9641,642.666667,195,203,3.030405,171.093069,0.143498,False,
9641,642.666667,195,205,1.220212,166.865414,0.988543,False,
9641,642.666667,196,199,1.342314,79.736327,0.867632,False,
9641,642.666667,196,200,0.913316,178.426009,0.694937,False,
9641,642.666667,196,201,1.527925,176.639111,0.448161,False,
9641,642.666667,196,204,2.283933,117.308840,0.665636,False,
9641,642.666667,196,205,4.958246,21.077363,0.461206,False,
9641,642.666667,199,200,2.213171,98.689683,0.945050,False,
9641,642.666667,199,201,2.841814,96.902784,0.951913,False,
9641,642.666667,199,203,5.960792,96.586035,0.031460,False,4.450148
9641,642.666667,199,204,1.862327,162.954834,0.999455,False,
9641,642.666667,200,201,0.629095,1.786898,0.935700,True,
9641,642.666667,200,204,3.096935,64.265151,0.999999,False,
9641,642.666667,200,205,4.578114,160.496628,0.950599,False,
9641,642.666667,201,204,3.607903,66.052050,0.995897,False,
9641,642.666667,201,205,4.582893,162.283526,0.884437,False,1.746160
9641,642.666667,203,205,3.219667,4.227655,0.886298,False,
9651,643.333333,180,192,3.531333,151.560811,0.721075,False,
9651,643.333333,180,193,3.151814,136.931593,0.542273,False,
9651,643.333333,180,196,2.841584,149.598113,0.943996,False,
9651,643.333333,180,199,2.650248,129.837549,0.896640,False,
9651,643.333333,180,200,4.067500,30.690380,0.867946,False,
9651,643.333333,180,201,4.477698,36.193386,0.876747,False,
9651,643.333333,180,204,0.809243,31.350378,0.991819,False,
9651,643.333333,185,194,2.910083,104.217190,0.977983,False,
9651,643.333333,185,195,3.399418,100.843532,0.983687,False,
9651,643.333333,185,196,4.834714,73.044391,0.320075,False,
9651,643.333333,185,199,3.271045,7.519947,0.916586,False,
9651,643.333333,185,200,4.199508,106.667115,0.597083,False,
9651,643.333333,185,201,4.746944,101.164110,0.721723,False,
9651,643.333333,185,203,2.862844,87.952429,0.555289,False,
9651,643.333333,185,204,4.778701,168.707874,0.943007,False,
9651,643.333333,185,205,4.281195,87.661070,0.985188,False,
9651,643.333333,192,193,1.658982,14.629218,0.892092,True,
9651,643.333333,192,196,3.293310,1.962698,0.044530,False,
9651,643.333333,192,199,4.741249,78.601640,0.208764,False,
9651,643.333333,192,200,4.522752,177.748808,0.583905,False,
9651,643.333333,192,201,4.446238,172.245803,0.986066,False,
9651,643.333333,192,204,3.882970,120.210433,0.833684,False,
9651,643.333333,193,196,4.210896,12.666520,0.271931,False,
9651,643.333333,193,204,3.791959,105.581215,0.664282,False,
9651,643.333333,194,195,0.561395,3.373659,0.944422,True,
9651,643.333333,194,199,4.441445,96.697243,0.523443,False,
9651,643.333333,194,200,3.864839,2.449925,0.089372,False,
9651,643.333333,194,201,4.084371,3.053081,0.110444,False,
9651,643.333333,194,203,1.699173,167.830381,0.475651,False,
9651,643.333333,194,205,1.553539,168.121739,0.165208,False,
9651,643.333333,195,199,4.578462,93.323585,0.575167,False,
9651,643.333333,195,200,3.738548,5.823584,0.203007,False,
9651,643.333333,195,201,3.874702,0.320578,0.007166,False,
9651,643.333333,195,203,2.162486,171.204040,0.042095,False,
9651,643.333333,195,205,0.993050,171.495398,0.494808,False,
9651,643.333333,196,199,1.800569,80.564338,0.687196,False,
9651,643.333333,196,200,1.404337,179.711506,0.652841,False,
9651,643.333333,196,201,1.666870,174.208501,0.818939,False,
9651,643.333333,196,204,2.388417,118.247735,0.890960,False,
9651,643.333333,199,200,2.067818,99.147168,0.996999,False,
9651,643.333333,199,201,2.675558,93.644163,0.998548,False,
9651,643.333333,199,203,5.466123,95.472376,0.062479,False,4.085977
9651,643.333333,199,204,1.861510,161.187927,0.985583,False,
9651,643.333333,199,205,4.906062,95.181017,0.615088,False,
9651,643.333333,200,201,0.631160,5.503006,0.942496,True,
9651,643.333333,200,204,3.458794,62.040759,0.995999,False,
9651,643.333333,200,205,3.647415,165.671815,0.947753,False,
9651,643.333333,201,204,3.933162,67.543764,0.998435,False,
9651,643.333333,201,205,3.618246,171.174820,0.675843,False,
9651,643.333333,203,205,3.086680,0.291358,0.859317,False,
9661,644.000000,180,196,2.645084,84.806639,0.983621,False,
9661,644.000000,180,199,2.650248,0.000000,0.000000,False,
9661,644.000000,180,200,4.439091,98.951974,0.793202,False,
9661,644.000000,180,201,4.903220,89.622277,0.767656,False,
9661,644.000000,180,203,7.582371,104.813296,0.012072,False,5.388183
9661,644.000000,180,204,0.825160,175.206031,0.995331,False,
9661,644.000000,185,194,3.052844,53.413419,0.894931,False,
9661,644.000000,185,195,3.514981,52.133956,0.927330,False,
9661,644.000000,185,199,3.282476,40.693280,0.905742,False,
9661,644.000000,185,200,3.718436,58.258695,0.702648,False,
9661,644.000000,185,201,4.360423,48.928997,0.855843,False,
9661,644.000000,185,203,2.426024,145.506576,0.516635,False,
9661,644.000000,185,204,4.763744,134.512752,0.969136,False,
9661,644.000000,185,205,4.264586,126.349143,0.984220,False,
9661,644.000000,194,195,0.577233,1.279463,0.961645,True,
9661,644.000000,194,199,4.922351,94.106699,0.436057,False,
9661,644.000000,194,200,3.780616,4.845275,0.072452,False,
9661,644.000000,194,201,3.978346,4.484422,0.191012,False,
9661,644.000000,194,203,1.106192,161.080005,0.101398,False,
9661,644.000000,194,205,2.190811,179.762562,0.672976,False,
9661,644.000000,194,206,3.583289,172.668735,0.266999,False,1.251877
9661,644.000000,195,200,3.675173,6.124738,0.215040,False,
9661,644.000000,195,201,3.767802,3.204959,0.065888,False,
9661,644.000000,195,203,1.681020,162.359468,0.132804,False,
9661,644.000000,195,205,1.730976,178.483099,0.755823,False,
9661,644.000000,195,206,3.827317,173.948198,0.201953,False,
9661,644.000000,196,199,2.260503,84.806639,0.581213,False,
9661,644.000000,196,200,2.559141,176.241387,0.655771,False,
9661,644.000000,196,201,2.706194,174.428916,0.945606,False,
9661,644.000000,196,204,2.561224,99.987330,0.991925,False,
9661,644.000000,199,200,2.137853,98.951974,0.974858,False,
9661,644.000000,199,201,2.799061,89.622277,0.967113,False,
9661,644.000000,199,203,4.990753,104.813296,0.102045,False,3.583060
9661,644.000000,199,204,1.931008,175.206031,0.871679,False,
9661,644.000000,199,205,4.537822,85.655863,0.793028,False,
9661,644.000000,200,201,0.734005,9.329698,0.976867,True,
9661,644.000000,200,203,4.307767,156.234729,0.752094,False,
9661,644.000000,200,204,3.891196,76.254057,0.965410,False,
9661,644.000000,200,205,2.633530,175.392163,0.842971,False,
9661,644.000000,200,206,7.353715,167.823460,0.486385,False,2.600173
9661,644.000000,201,203,4.656737,165.564427,0.595830,False,
9661,644.000000,201,204,4.433889,85.583754,0.962869,False,
9661,644.000000,201,205,2.428408,175.278140,0.150564,False,
9661,644.000000,203,205,3.222322,19.157433,0.860781,False,
9661,644.000000,203,206,3.228327,11.588730,0.005067,False,
9671,644.666667,180,196,2.624538,86.661529,0.999400,False,
9671,644.666667,180,199,2.650248,153.582844,0.999022,False,
9671,644.666667,180,200,4.812828,98.194493,0.717904,False,
9671,644.666667,180,204,0.829577,161.703403,0.877625,False,
9671,644.666667,185,194,3.299214,17.329702,0.836463,False,
9671,644.666667,185,195,3.648535,16.960893,0.908366,False,
9671,644.666667,185,199,3.305872,74.833124,0.368885,False,
9671,644.666667,185,200,3.261120,19.444773,0.768461,False,
9671,644.666667,185,201,4.065818,21.467781,0.793110,False,
9671,644.666667,185,203,1.871231,175.762682,0.691756,False,
9671,644.666667,185,204,4.818941,82.953684,0.762103,False,
9671,644.666667,185,205,4.310529,165.314620,0.971216,False,
9671,644.666667,185,206,4.959692,175.323451,0.333213,False,
9671,644.666667,185,207,3.683556,37.031125,0.588428,False,
9671,644.666667,185,208,3.872861,32.417609,0.643737,False,
9671,644.666667,194,195,0.626809,0.368809,0.873068,True,0.347376
9671,644.666667,194,200,3.808864,2.115071,0.102767,False,
9671,644.666667,194,201,4.121154,4.138080,0.077755,False,
9671,644.666667,194,203,1.432335,166.907616,0.159673,False,
9671,644.666667,194,205,3.060668,177.355678,0.001548,False,
9671,644.666667,194,206,2.542335,167.346847,0.863451,False,0.878632
9671,644.666667,194,207,2.756266,54.360826,0.937315,False,2.014109
9671,644.666667,194,208,3.313507,49.747310,0.937581,False,2.809222
9671,644.666667,195,200,3.593596,2.483881,0.254812,False,
9671,644.666667,195,201,3.787806,4.506889,0.050650,False,
9671,644.666667,195,203,1.848713,167.276425,0.434010,False,
9671,644.666667,195,205,2.566603,177.724487,0.173759,False,
9671,644.666667,195,206,2.946417,167.715656,0.397467,False,
9671,644.666667,195,207,3.368331,53.992017,0.942260,False,2.609150
9671,644.666667,195,208,3.930336,49.378501,0.939204,False,
9671,644.666667,196,199,2.825078,119.755626,0.634917,False,
9671,644.666667,196,200,3.760218,175.143978,0.311977,False,
9671,644.666667,196,201,3.709668,173.120969,0.026049,False,
9671,644.666667,196,204,2.873514,111.635067,0.992302,False,
9671,644.666667,199,200,2.326724,55.388351,0.941040,False,
9671,644.666667,199,201,2.927526,53.365343,0.997125,False,
9671,644.666667,199,203,4.434928,109.404194,0.185662,False,
9671,644.666667,199,204,2.019019,8.120559,0.965142,True,
9671,644.666667,199,205,4.309679,119.852255,0.677855,False,
9671,644.666667,200,201,0.841313,2.023008,0.914280,True,
9671,644.666667,200,203,3.268212,164.792545,0.955630,False,
9671,644.666667,200,204,4.302537,63.508910,0.905643,False,
9671,644.666667,200,205,1.983399,175.240606,0.993774,False,
9671,644.666667,200,206,6.326341,165.231775,0.810909,False,2.284152
9671,644.666667,201,203,3.840706,162.769537,0.984155,False,
9671,644.666667,201,204,4.792609,61.485902,0.971120,False,
9671,644.666667,201,205,1.621702,173.217598,0.999911,False,
9671,644.666667,203,205,3.347707,10.448062,0.867019,False,
9671,644.666667,203,206,3.357398,0.439231,0.083882,False,
9671,644.666667,203,207,2.659579,138.731557,0.204265,False,
9671,644.666667,203,208,3.086596,143.345074,0.001291,False,
9671,644.666667,206,207,1.878438,138.292327,0.941021,False,
9671,644.666667,206,208,2.303105,142.905843,0.893951,False,
9671,644.666667,207,208,0.574203,4.613516,0.911506,True,
9681,645.333333,180,196,2.692219,93.168483,0.985644,False,
9681,645.333333,180,199,2.670330,170.863402,0.882276,False,
9681,645.333333,180,204,0.945177,135.286135,0.487811,False,
9681,645.333333,185,194,3.449235,26.947596,0.796937,False,
9681,645.333333,185,195,3.897895,23.268487,0.872131,False,
9681,645.333333,185,199,3.263706,71.019004,0.800476,False,
9681,645.333333,185,200,3.020197,25.402771,0.836914,False,
9681,645.333333,185,201,3.743613,23.134364,0.840246,False,
9681,645.333333,185,203,1.568959,150.527148,0.916937,False,
9681,645.333333,185,204,4.839629,17.168541,0.708639,False,
9681,645.333333,185,205,4.461172,153.462347,0.976929,False,
9681,645.333333,185,206,4.367248,146.599413,0.300027,False,
9681,645.333333,185,207,3.877829,71.807060,0.385620,False,
9681,645.333333,185,208,4.032433,72.034147,0.522648,False,
9681,645.333333,194,195,0.555849,3.679108,0.999995,True,
9681,645.333333,194,200,3.694420,1.544824,0.004782,False,
9681,645.333333,194,201,3.982412,3.813231,0.149115,False,
9681,645.333333,194,203,2.111403,177.474743,0.260594,False,
9681,645.333333,194,205,3.917326,179.590057,0.482790,False,
9681,645.333333,194,206,1.647103,173.547008,0.984857,False,0.561481
9681,645.333333,194,207,2.381945,44.859465,0.932145,False,2.066745
9681,645.333333,194,208,2.967633,45.086551,0.954316,False,2.756267
9681,645.333333,195,200,3.748462,2.134284,0.184751,False,
9681,645.333333,195,201,3.935807,0.134123,0.019531,False,
9681,645.333333,195,203,2.463650,173.795635,0.902761,False,
9681,645.333333,195,205,3.734770,176.730834,0.067315,False,
9681,645.333333,195,206,1.875453,169.867900,0.324323,False,
9681,645.333333,195,207,2.817966,48.538573,0.950315,False,
9681,645.333333,195,208,3.419456,48.765659,0.960743,False,
9681,645.333333,196,199,3.586315,77.694919,0.627819,False,
9681,645.333333,196,200,4.939819,174.116694,0.384817,False,
9681,645.333333,196,201,4.827252,171.848287,0.530106,False,
9681,645.333333,196,204,3.256841,131.545382,0.971165,False,
9681,645.333333,199,200,2.717325,96.421775,0.860913,False,
9681,645.333333,199,201,3.169737,94.153368,0.953305,False,
9681,645.333333,199,203,3.778373,79.508144,0.069759,False,
9681,645.333333,199,204,1.972510,53.850463,0.988702,False,
9681,645.333333,199,205,4.145250,82.443343,0.801310,False,
9681,645.333333,200,201,0.734754,2.268407,0.939053,True,1.722232
9681,645.333333,200,203,2.221567,175.929919,0.994416,False,
9681,645.333333,200,204,4.658468,42.571312,0.808958,False,
9681,645.333333,200,205,1.620846,178.865118,0.999616,False,
9681,645.333333,201,203,2.814605,173.661512,0.660484,False,
9681,645.333333,201,205,0.982138,176.596712,0.992331,False,
9681,645.333333,203,205,3.276883,2.935200,0.855002,False,
9681,645.333333,203,206,3.420088,3.927735,0.104850,False,
9681,645.333333,203,207,3.411157,137.665792,0.434979,False,
9681,645.333333,203,208,3.787174,137.438706,0.317719,False,
9681,645.333333,206,207,1.316028,141.593527,0.792830,False,
9681,645.333333,206,208,1.891322,141.366441,0.702355,False,
9681,645.333333,207,208,0.609901,0.227086,0.922953,True,1.693756
9691,646.000000,180,196,2.852296,96.293690,0.937632,False,
9691,646.000000,180,199,2.567842,11.097744,0.847744,False,
9691,646.000000,180,204,1.079099,129.707285,0.350915,False,
9691,646.000000,185,194,3.902491,54.288033,0.659015,False,
9691,646.000000,185,195,4.229082,49.027866,0.786528,False,
9691,646.000000,185,199,3.438243,128.037436,0.863771,False,
9691,646.000000,185,200,2.863958,43.688071,0.904544,False,
9691,646.000000,185,201,3.635274,54.025685,0.970788,False,
9691,646.000000,185,203,1.482873,130.559671,0.999980,False,
9691,646.000000,185,204,4.760638,9.427895,0.755803,False,
9691,646.000000,185,205,4.649751,134.144097,0.943143,False,
9691,646.000000,185,206,3.919095,126.664483,0.419528,False,
9691,646.000000,185,207,4.187964,87.990281,0.327097,False,
9691,646.000000,185,208,4.305676,93.284832,0.533018,False,
9691,646.000000,194,195,0.497390,5.260167,0.999190,False,
9691,646.000000,194,200,3.702067,10.599962,0.005715,False,
9691,646.000000,194,201,3.925488,0.262348,0.293067,False,
9691,646.000000,194,203,3.152295,175.152297,0.998707,False,
9691,646.000000,194,205,4.750239,171.567871,0.756066,False,
9691,646.000000,194,206,0.757647,179.047485,0.375953,False,
9691,646.000000,194,207,2.067237,33.702248,0.952659,False,
9691,646.000000,194,208,2.623098,38.996799,0.978259,False,
9691,646.000000,195,200,3.685112,5.339795,0.173406,False,
9691,646.000000,195,201,3.809882,4.997819,0.130351,False,
9691,646.000000,195,203,3.334430,179.587537,0.459167,False,
9691,646.000000,195,205,4.555876,176.828037,0.513298,False,
9691,646.000000,195,206,1.202502,175.692349,0.995157,False,
9691,646.000000,195,207,2.505406,38.962415,0.970749,False,2.746346
9691,646.000000,195,208,3.070120,44.256966,0.986452,False,3.114149
9691,646.000000,196,199,4.023002,107.391434,0.414687,False,
9691,646.000000,196,204,3.703138,133.999025,0.888097,False,
9691,646.000000,199,200,3.178419,84.349365,0.608840,False,
9691,646.000000,199,201,3.610327,74.011751,0.617535,False,
9691,646.000000,199,203,3.355571,101.402893,0.331292,False,1.980801
9691,646.000000,199,204,1.875923,118.609541,0.421349,False,
9691,646.000000,199,205,4.011387,97.818467,0.975346,False,
9691,646.000000,199,206,6.801525,105.298081,0.245918,False,4.313965
9691,646.000000,200,201,0.776281,10.337614,0.982871,True,
9691,646.000000,200,203,1.476326,174.247741,0.223445,False,
9691,646.000000,200,205,1.793532,177.832167,0.830312,False,
9691,646.000000,200,206,4.227687,170.352553,0.751188,False,1.380739
9691,646.000000,201,203,2.215533,175.414645,0.861040,False,
9691,646.000000,201,205,1.057663,171.830219,0.975720,False,
9691,646.000000,201,206,4.539642,179.309833,0.554391,False,
9691,646.000000,201,207,5.640049,33.964596,0.693019,False,5.916768
9691,646.000000,201,208,6.076764,39.259147,0.766014,False,6.319204
9691,646.000000,203,205,3.262319,3.584426,0.874189,False,
9691,646.000000,203,206,3.447322,3.895188,0.137419,False,
9691,646.000000,203,207,4.167514,141.450049,0.549227,False,
9691,646.000000,203,208,4.468083,136.155497,0.515983,False,
9691,646.000000,206,207,1.310900,145.345237,0.347248,False,
9691,646.000000,206,208,1.870781,140.050685,0.329775,False,
9691,646.000000,207,208,0.569552,5.294551,0.942842,True,
9701,646.666667,180,199,2.742603,97.373276,0.482281,False,
9701,646.666667,180,204,1.079099,0.000000,0.000000,False,
9701,646.666667,185,194,4.298519,143.902369,0.513906,False,
9701,646.666667,185,195,4.544790,147.854600,0.641520,False,
9701,646.666667,185,199,3.328257,156.326549,0.996294,False,
9701,646.666667,185,200,2.627300,151.562638,0.997025,False,
9701,646.666667,185,201,3.573394,147.761884,0.998395,False,
9701,646.666667,185,203,1.681176,20.745736,0.814298,False,
9701,646.666667,185,204,4.780934,58.953273,0.605095,False,
9701,646.666667,185,205,4.859028,25.320111,0.834163,False,
9701,646.666667,185,206,3.377533,32.471346,0.611903,False,
9701,646.666667,194,195,0.463109,3.952231,0.993421,False,
9701,646.666667,194,200,3.538980,7.660269,0.007060,False,
9701,646.666667,194,201,3.887605,3.859515,0.264382,False,
9701,646.666667,194,203,4.166517,164.648105,0.940751,False,
9701,646.666667,194,206,0.937597,176.373715,0.990577,False,
9701,646.666667,195,200,3.504079,3.708038,0.174118,False,
9701,646.666667,195,201,3.739500,0.092716,0.116874,False,
9701,646.666667,195,203,4.245581,168.600336,0.999996,False,
9701,646.666667,195,206,1.281144,179.674055,0.881148,False,
9701,646.666667,199,200,3.494072,4.763911,0.553105,False,
9701,646.666667,199,201,3.850610,8.564665,0.695545,False,
9701,646.666667,199,203,2.644712,177.072285,0.437462,False,
9701,646.666667,199,204,2.047885,97.373276,0.753561,False,
9701,646.666667,199,205,3.731616,178.353340,0.976856,False,
9701,646.666667,200,201,0.959715,3.800754,0.958204,True,
9701,646.666667,200,203,1.170160,172.308374,0.466255,False,
9701,646.666667,200,205,2.573615,176.882749,0.847141,False,
9701,646.666667,200,206,2.982065,175.966016,0.796089,False,0.962331
9701,646.666667,201,203,2.009212,168.507620,0.233636,False,
9701,646.666667,201,205,1.813295,173.081995,0.910348,False,
9701,646.666667,201,206,3.530016,179.766771,0.489535,False,
9701,646.666667,203,204,4.572645,79.699009,0.602408,False,
9701,646.666667,203,205,3.179133,4.574375,0.824486,False,
9701,646.666667,203,206,3.412078,11.725609,0.212642,False,
9711,647.333333,180,199,2.659903,83.573088,0.443058,False,
9711,647.333333,180,203,4.920080,82.138327,0.497925,False,
9711,647.333333,180,204,1.079099,4.899578,0.913093,True,
9711,647.333333,185,194,4.888334,153.571026,0.435859,False,
9711,647.333333,185,199,3.236233,15.126763,0.002944,False,
9711,647.333333,185,200,2.647700,146.286832,0.909467,False,
9711,647.333333,185,201,3.468246,156.277943,0.989542,False,
9711,647.333333,185,203,1.966971,13.692002,0.727168,True,
9711,647.333333,185,204,4.678467,63.546747,0.578410,False,
9711,647.333333,185,206,2.986457,20.233001,0.714461,False,
9711,647.333333,194,195,0.442384,3.630458,0.956132,False,
9711,647.333333,194,200,3.733271,7.284194,0.113804,False,
9711,647.333333,194,201,3.958277,2.706917,0.248546,False,
9711,647.333333,194,206,1.981007,173.804028,0.679462,False,
9711,647.333333,195,200,3.615534,10.914652,0.032028,False,
9711,647.333333,195,201,3.749705,0.923541,0.116373,False,
9711,647.333333,195,206,2.037689,177.434485,0.907897,False,
9711,647.333333,199,200,3.990426,161.413595,0.194315,False,
9711,647.333333,199,201,4.335597,171.404706,0.578793,False,
9711,647.333333,199,203,2.264170,1.434761,0.531868,False,
9711,647.333333,199,204,1.944362,78.673510,0.783011,False,
9711,647.333333,199,205,3.783666,6.227323,0.999956,False,
9711,647.333333,200,201,0.851125,9.991111,0.997809,True,1.252042
9711,647.333333,200,203,1.742549,159.978834,0.999815,False,
9711,647.333333,200,205,3.291596,155.186272,0.789144,False,
9711,647.333333,200,206,1.985819,166.519833,0.393856,False,
9711,647.333333,201,203,2.232377,169.969945,0.807351,False,
9711,647.333333,201,205,2.778047,165.177383,0.991235,False,
9711,647.333333,201,206,2.509720,176.510945,0.059096,False,
9711,647.333333,203,204,4.168677,77.238749,0.650857,False,
9711,647.333333,203,205,3.082866,4.792562,0.810660,False,
9711,647.333333,203,206,3.335716,6.540999,0.191671,False,
9721,648.000000,180,199,2.543482,72.808824,0.656763,False,
9721,648.000000,180,203,4.354606,79.274510,0.588874,False,
9721,648.000000,180,204,1.071196,4.899578,0.919830,True,
9721,648.000000,185,199,3.415893,20.541312,0.018385,False,
9721,648.000000,185,200,2.893064,178.851478,0.944957,False,
9721,648.000000,185,201,3.611557,179.769299,0.965302,False,
9721,648.000000,185,203,2.376117,14.075626,0.559458,False,
9721,648.000000,185,204,4.657517,88.450558,0.361627,False,
9721,648.000000,185,206,2.591164,4.385994,0.778272,False,
9721,648.000000,199,200,4.595498,160.607210,0.311789,False,
9721,648.000000,199,201,4.892507,159.689389,0.435108,False,
9721,648.000000,199,203,1.813188,6.465687,0.631853,False,
9721,648.000000,199,204,1.889756,67.909246,0.927004,False,
9721,648.000000,199,205,3.764588,0.208949,0.981144,False,
9721,648.000000,200,201,0.770493,0.917821,0.997388,True,
9721,648.000000,200,203,2.784775,167.072897,0.986499,False,
9721,648.000000,200,205,4.159010,160.398261,0.991678,False,
9721,648.000000,200,206,1.122148,176.762528,0.398028,False,
9721,648.000000,201,203,3.096520,166.155075,0.870216,False,
9721,648.000000,201,205,3.803095,159.480440,0.995607,False,
9721,648.000000,201,206,1.784995,175.844707,0.503779,False,
9721,648.000000,203,204,3.653565,74.374933,0.750768,False,
9721,648.000000,203,205,3.145319,6.674635,0.806090,False,
9721,648.000000,203,206,3.381102,9.689632,0.199060,False,
9731,648.666667,180,199,2.487880,93.282911,0.336183,False,
9731,648.666667,180,203,3.984369,77.798318,0.686555,False,
9731,648.666667,180,204,1.071196,0.000000,0.000000,False,
9731,648.666667,185,199,3.396951,0.067225,0.279268,False,
9731,648.666667,185,200,3.052495,173.212240,0.905870,False,
9731,648.666667,185,201,3.776055,171.088062,0.966909,False,
9731,648.666667,185,203,2.869817,15.551818,0.482773,False,
9731,648.666667,185,204,4.616959,93.350136,0.059703,False,
9731,648.666667,185,206,2.269666,11.855545,0.948106,True,
9731,648.666667,199,203,1.563202,15.484593,0.812755,True,
9731,648.666667,199,204,1.822671,93.282911,0.674102,False,
9731,648.666667,199,206,4.506194,11.788320,0.398883,False,
9731,648.666667,200,201,0.865263,2.124178,0.974089,True,
9731,648.666667,200,203,3.758058,171.235942,0.508691,False,
9731,648.666667,200,206,0.790626,174.932215,0.913315,False,
9731,648.666667,200,211,3.015976,153.624703,0.797216,False,
9731,648.666667,200,212,2.222222,10.541352,0.974425,True,
9731,648.666667,201,203,3.915226,173.360120,0.315309,False,
9731,648.666667,201,206,1.533330,177.056393,0.929339,False,
9731,648.666667,201,211,2.668666,151.500524,0.643122,False,
9731,648.666667,201,212,1.454610,12.665530,0.910981,True,
9731,648.666667,203,204,3.385642,77.798318,0.841026,False,
9731,648.666667,203,206,3.209557,3.696273,0.231711,False,9.830671
9731,648.666667,206,211,3.787577,31.443083,0.708338,False,
9731,648.666667,206,212,2.967606,164.390863,1.000000,False,
9731,648.666667,211,212,1.815752,164.166054,0.162993,False,
9741,649.333333,180,199,2.392379,55.114936,0.867004,False,
9741,649.333333,180,203,3.619180,88.526339,0.593982,False,
9741,649.333333,180,204,1.071196,0.000000,0.000000,False,
9741,649.333333,185,199,3.512741,84.191784,0.299361,False,
9741,649.333333,185,200,3.378254,129.242793,0.828487,False,
9741,649.333333,185,201,3.918023,126.470135,0.916780,False,
9741,649.333333,185,203,3.213121,50.780381,0.574278,False,
9741,649.333333,185,204,4.596678,139.306720,0.675831,False,
9741,649.333333,185,206,2.237721,56.950789,0.992112,False,
9741,649.333333,199,203,1.324618,33.411404,0.884781,False,
9741,649.333333,199,204,1.774420,55.114936,0.995613,False,
9741,649.333333,199,206,4.178665,27.240995,0.545577,False,
9741,649.333333,200,201,0.739517,2.772658,0.972808,True,
9741,649.333333,200,203,4.717125,179.976827,0.204455,False,
9741,649.333333,200,206,1.584715,173.806418,0.726235,False,
9741,649.333333,200,211,2.467791,136.390635,0.934717,False,
9741,649.333333,200,212,2.176338,17.366943,0.978103,True,
9741,649.333333,201,203,4.772531,177.250516,0.817668,False,
9741,649.333333,201,206,1.852058,176.579075,0.983376,False,
9741,649.333333,201,211,2.093476,133.617977,0.786059,False,
9741,649.333333,201,212,1.481091,20.139601,0.954056,False,
9741,649.333333,203,204,3.097992,88.526339,0.793419,False,
9741,649.333333,203,206,3.163643,6.170409,0.177127,False,
9741,649.333333,206,211,3.929551,49.802947,0.566732,False,
9741,649.333333,206,212,3.195044,156.439475,0.998692,False,
9741,649.333333,211,212,1.445473,153.757578,0.145259,False,
9751,650.000000,180,199,2.310981,52.672546,0.927830,False,
9751,650.000000,180,203,3.078903,83.317113,0.759941,False,
9751,650.000000,180,204,1.071196,0.000000,0.000000,False,
9751,650.000000,185,199,3.733482,134.847401,0.274920,False,
9751,650.000000,185,200,3.595858,75.603222,0.846764,False,
9751,650.000000,185,201,4.271192,85.608018,0.814258,False,
9751,650.000000,185,203,3.830112,104.202834,0.432108,False,
9751,650.000000,185,204,4.596970,172.480053,0.999855,False,
9751,650.000000,185,206,2.216042,105.755965,0.985770,False,
9751,650.000000,199,203,0.949163,30.644566,0.999020,False,
9751,650.000000,199,204,1.799450,52.672546,0.996517,False,
9751,650.000000,199,206,3.655877,29.091436,0.571873,False,
9751,650.000000,200,201,0.799943,10.004796,0.997199,True,
9751,650.000000,200,206,2.601240,178.640813,0.406264,False,
9751,650.000000,200,211,2.077961,125.992583,0.994555,False,
9751,650.000000,200,212,2.397751,27.474866,0.976022,False,
9751,650.000000,201,206,2.931050,168.636017,0.880334,False,
9751,650.000000,201,211,1.412355,135.997379,0.862177,False,
9751,650.000000,201,212,1.597817,17.470071,0.949035,True,
9751,650.000000,203,204,2.725199,83.317113,0.937049,False,
9751,650.000000,203,206,3.187774,1.553131,0.225406,False,
9751,650.000000,206,211,4.304225,55.366604,0.458028,False,
9751,650.000000,206,212,4.014067,151.165947,0.995549,False,
9751,650.000000,211,212,1.080845,153.467449,0.656880,False,
9761,650.666667,180,199,2.223645,58.659635,0.918578,False,
9761,650.666667,180,203,2.779383,85.756828,0.843255,False,
9761,650.666667,180,204,1.071196,0.000000,0.000000,False,
9761,650.666667,185,199,3.944153,128.860312,0.173460,False,
9761,650.666667,185,200,4.045536,80.069807,0.706857,False,
9761,650.666667,185,201,4.552209,73.046025,0.888117,False,
9761,650.666667,185,203,4.441652,101.763119,0.431080,False,
9761,650.666667,185,204,4.597805,172.480053,0.999673,False,
9761,650.666667,185,206,2.542526,109.746916,0.879936,False,
9761,650.666667,199,203,0.951190,27.097193,0.938407,False,
9761,650.666667,199,204,1.806537,58.659635,0.995857,False,
9761,650.666667,199,206,3.261291,19.113396,0.642877,False,
9761,650.666667,200,201,0.931578,7.023783,0.946799,True,
9761,650.666667,200,206,3.854407,170.183277,0.938799,False,
9761,650.666667,200,211,1.724652,146.066487,0.990635,False,
9761,650.666667,201,206,3.806826,177.207059,0.644737,False,
9761,650.666667,201,211,0.949581,139.042705,0.998398,False,
9761,650.666667,203,204,2.641451,85.756828,0.985094,False,
9761,650.666667,203,206,3.166653,7.983797,0.252782,False,
9761,650.666667,204,206,4.778345,77.773031,0.762383,False,
9761,650.666667,206,211,4.585166,43.750236,0.445503,False,
9771,651.333333,180,203,2.440873,90.387249,0.888703,False,
9771,651.333333,180,204,1.071196,0.000000,0.000000,False,
9771,651.333333,180,206,4.975626,78.347481,0.695513,False,
9771,651.333333,180,213,2.115275,65.396227,0.933695,False,
9771,651.333333,185,200,4.429554,93.310601,0.524512,False,
9771,651.333333,185,201,4.825441,101.499270,0.729327,False,
9771,651.333333,185,203,4.921788,82.867302,0.402402,False,
9771,651.333333,185,204,4.597805,7.519947,0.999673,False,
9771,651.333333,185,206,2.874802,70.827534,0.749992,False,
9771,651.333333,185,213,4.290160,57.876280,0.138881,False,
9771,651.333333,200,201,0.680625,8.188669,0.996193,True,0.396488
9771,651.333333,200,206,4.932655,164.138135,0.898711,False,
9771,651.333333,200,211,1.606259,164.706972,0.927502,False,
9771,651.333333,201,206,4.941768,172.326804,0.999337,False,
9771,651.333333,201,211,0.936072,156.518303,0.789030,False,
9771,651.333333,203,204,2.512782,90.387249,0.999147,False,
9771,651.333333,203,206,3.134533,12.039768,0.256367,False,
9771,651.333333,203,213,0.806330,24.991022,0.778379,False,
9771,651.333333,204,206,4.374972,78.347481,0.818918,False,
9771,651.333333,204,213,1.880773,65.396227,0.986579,False,
9771,651.333333,206,211,4.892169,31.154894,0.393937,False,
9771,651.333333,206,213,2.939646,12.951254,0.641885,False,
9781,652.000000,180,203,2.278403,88.442400,0.979741,False,
9781,652.000000,180,204,1.071196,0.000000,0.000000,False,
9781,652.000000,180,206,4.575859,74.553549,0.803744,False,
9781,652.000000,180,213,2.021697,45.528407,0.991371,False,
9781,652.000000,185,200,4.912283,92.462733,0.456799,False,
9781,652.000000,185,204,4.597346,7.519947,0.999773,False,
9781,652.000000,185,206,3.310048,67.033602,0.600355,False,
9781,652.000000,185,213,4.605122,38.008460,0.464888,False,
9781,652.000000,200,201,0.753245,7.421242,0.998566,True,
9781,652.000000,200,211,1.877772,176.026721,0.790436,False,
9781,652.000000,201,211,1.320247,176.552037,0.736427,False,
9781,652.000000,203,204,2.602222,88.442400,0.975712,False,
9781,652.000000,203,206,3.144860,13.888851,0.338320,False,
9781,652.000000,203,213,0.922616,42.913993,0.464791,False,
9781,652.000000,204,206,4.079017,74.553549,0.914256,False,
9781,652.000000,204,213,1.960405,45.528407,0.780501,False,
9781,652.000000,206,213,2.675013,29.025142,0.763022,False,
9791,652.666667,180,203,2.207626,97.512037,0.992903,False,
9791,652.666667,180,204,1.071196,0.000000,0.000000,False,
9791,652.666667,180,206,4.255426,76.696607,0.847792,False,
9791,652.666667,180,213,2.151431,81.511451,0.903291,False,
9791,652.666667,180,214,4.134253,59.125644,0.933573,False,
9791,652.666667,185,204,4.597346,0.000000,0.000000,False,
9791,652.666667,185,206,3.810478,76.696607,0.565995,False,
9791,652.666667,185,211,4.923400,84.791385,0.884504,False,
9791,652.666667,185,213,4.675536,81.511451,0.203310,False,
9791,652.666667,203,204,2.748014,97.512037,0.966764,False,
9791,652.666667,203,206,3.151744,20.815430,0.301120,False,
9791,652.666667,203,213,1.296518,16.000585,0.413527,False,
9791,652.666667,203,214,3.244422,156.637681,0.925503,False,
9791,652.666667,204,206,3.885677,76.696607,0.951993,False,
9791,652.666667,204,213,2.128198,81.511451,0.998051,False,
9791,652.666667,206,213,2.188688,4.814845,0.720913,True,
9791,652.666667,206,214,6.294025,135.822250,0.994101,False,1.988348
9791,652.666667,213,214,4.517587,140.637095,0.726748,False,
9801,653.333333,180,203,2.178637,94.791992,0.967955,False,
9801,653.333333,180,204,1.071196,0.000000,0.000000,False,
9801,653.333333,180,206,3.897182,72.539053,0.943447,False,
9801,653.333333,180,213,1.939702,118.721808,0.487769,False,
9801,653.333333,180,214,3.950692,62.137864,0.964382,False,
9801,653.333333,185,204,4.597346,0.000000,0.000000,False,
9801,653.333333,185,206,4.390141,72.539053,0.418719,False,
9801,653.333333,185,211,4.834894,81.461843,0.930481,False,
9801,653.333333,185,213,4.789218,118.721808,0.727068,False,
9801,653.333333,203,204,2.955942,94.791992,0.854962,False,
9801,653.333333,203,206,3.236931,22.252940,0.431455,False,
9801,653.333333,203,213,1.799535,23.929816,0.418088,False,
9801,653.333333,203,214,2.147527,156.929856,0.568304,False,
9801,653.333333,204,206,3.697192,72.539053,0.998213,False,
9801,653.333333,204,213,1.978047,118.721808,0.873862,False,
9801,653.333333,204,214,4.917985,62.137864,0.931545,False,
9801,653.333333,206,213,1.970633,46.182755,0.803787,False,
9801,653.333333,206,214,5.045862,134.676917,0.981188,False,1.510815
9801,653.333333,213,214,3.934108,179.140328,0.713231,False,
9811,654.000000,180,203,2.503318,91.392019,0.849852,False,
9811,654.000000,180,204,1.071196,0.000000,0.000000,False,
9811,654.000000,180,206,3.814481,60.508120,0.999048,False,
9811,654.000000,180,213,1.699319,91.444150,0.890145,False,
9811,654.000000,180,214,3.807699,65.326746,0.983139,False,
9811,654.000000,185,204,4.597346,0.000000,0.000000,False,
9811,654.000000,185,211,4.756199,95.884896,0.828885,False,
9811,654.000000,203,204,3.406636,91.392019,0.729937,False,
9811,654.000000,203,206,3.364843,30.883899,0.605540,False,
9811,654.000000,203,213,2.180529,0.052131,0.281926,False,
9811,654.000000,203,214,1.308884,156.718765,0.458632,False,
9811,654.000000,204,206,3.801140,60.508120,0.947370,False,
9811,654.000000,204,213,1.887365,91.444150,0.992250,False,
9811,654.000000,204,214,4.711246,65.326746,0.949283,False,
9811,654.000000,206,213,2.115984,30.936030,0.988949,False,
9811,654.000000,206,214,3.937153,125.834866,0.997318,False,1.304281
9811,654.000000,213,214,3.329786,156.770896,0.958020,False,
9821,654.666667,180,203,2.786695,92.293503,0.754196,False,
9821,654.666667,180,204,1.071196,0.000000,0.000000,False,
9821,654.666667,180,206,3.938953,54.259792,0.954535,False,
9821,654.666667,180,213,1.682438,78.306933,0.998719,False,
9821,654.666667,180,214,3.746317,61.728225,0.998815,False,
9821,654.666667,185,204,4.597346,0.000000,0.000000,False,
9821,654.666667,185,211,4.629247,107.111216,0.725862,False,
9821,654.666667,203,204,3.763204,92.293503,0.658143,False,
9821,654.666667,203,206,3.589579,38.033711,0.722723,False,
9821,654.666667,203,213,2.370184,13.986570,0.115632,False,
9821,654.666667,203,214,1.388036,154.021728,0.513503,False,
9821,654.666667,203,215,2.391642,179.225970,0.817654,False,
9821,654.666667,204,206,4.078444,54.259792,0.842729,False,
9821,654.666667,204,213,2.050552,78.306933,0.878622,False,
9821,654.666667,204,214,4.552534,61.728225,0.992529,False,
9821,654.666667,206,213,2.262976,24.047141,0.994529,False,
9821,654.666667,206,214,2.876993,115.988017,0.996707,False,
9821,654.666667,206,215,4.563688,141.192259,0.925852,False,
9821,654.666667,213,214,2.686913,140.035158,0.954264,False,
9821,654.666667,213,215,4.408582,165.239401,0.979172,False,
9821,654.666667,214,215,1.799930,25.204243,0.601213,False,
9831,655.333333,180,203,3.278927,89.761489,0.621057,False,
9831,655.333333,180,204,1.071196,0.000000,0.000000,False,
9831,655.333333,180,206,4.226996,52.555266,0.878063,False,
9831,655.333333,180,213,1.681074,84.373251,0.995986,False,
9831,655.333333,180,214,3.844526,69.526947,0.998866,False,
9831,655.333333,180,215,4.939828,91.160536,0.794645,False,
9831,655.333333,185,204,4.597346,0.000000,0.000000,False,
9831,655.333333,185,211,4.500868,103.767506,0.781760,False,
9831,655.333333,203,204,4.299023,89.761489,0.550525,False,
9831,655.333333,203,206,3.853850,37.206224,0.798066,False,
9831,655.333333,203,213,2.601703,5.388238,0.102008,False,
9831,655.333333,203,214,2.130257,159.288436,0.891873,False,
9831,655.333333,203,215,1.970922,179.077975,0.986629,False,
9831,655.333333,204,206,4.526082,52.555266,0.742029,False,
9831,655.333333,204,213,2.251430,84.373251,0.847238,False,
9831,655.333333,204,214,4.556599,69.526947,0.989668,False,
9831,655.333333,206,213,2.575430,31.817986,0.978522,False,
9831,655.333333,206,214,1.893719,122.082212,0.955347,False,
9831,655.333333,206,215,3.574477,143.715802,0.945800,False,
9831,655.333333,211,215,10.398072,165.071958,0.207818,False,7.743298
9831,655.333333,213,214,2.308615,153.900198,0.922065,False,
9831,655.333333,213,215,3.730043,175.533787,0.789829,False,
9831,655.333333,214,215,1.776749,21.633589,0.384332,False,
9841,656.000000,180,203,3.764037,91.420394,0.560553,False,
9841,656.000000,180,204,1.071196,0.000000,0.000000,False,
9841,656.000000,180,206,4.550743,50.952598,0.801768,False,
9841,656.000000,180,213,1.728858,86.759310,0.971900,False,
9841,656.000000,180,214,3.823787,71.467087,0.982811,False,
9841,656.000000,180,215,4.716944,109.701325,0.603880,False,
9841,656.000000,185,204,4.597346,0.000000,0.000000,False,
9841,656.000000,185,211,4.447548,86.564766,0.939402,False,
9841,656.000000,203,204,4.808692,91.420394,0.513575,False,
9841,656.000000,203,206,4.192738,40.467796,0.851327,False,
9841,656.000000,203,213,2.876248,4.661084,0.111053,False,
9841,656.000000,203,214,3.173092,162.887481,0.904617,False,
9841,656.000000,203,215,2.005618,158.878281,0.645621,False,
9841,656.000000,204,206,4.951758,50.952598,0.659849,False,
9841,656.000000,204,213,2.430621,86.759310,0.805051,False,
9841,656.000000,204,214,4.401362,71.467087,0.999399,False,
9841,656.000000,206,213,2.889508,35.806712,0.947858,False,
9841,656.000000,206,214,1.040631,122.419685,0.713300,False,
9841,656.000000,206,215,2.829591,160.653923,0.934313,False,
9841,656.000000,213,214,2.097882,158.226397,0.816490,False,
9841,656.000000,213,215,3.193813,163.539366,0.447870,False,
9841,656.000000,214,215,2.060572,38.234238,0.141285,False,
9851,656.666667,180,204,1.071196,0.000000,0.000000,False,
9851,656.666667,180,213,1.840400,77.322194,0.832910,False,
9851,656.666667,180,214,4.050910,64.192234,0.901386,False,
9851,656.666667,180,215,4.303780,116.787640,0.543803,False,
9851,656.666667,185,204,4.597346,111.564587,0.467380,False,
9851,656.666667,185,211,4.395442,168.883929,0.964760,False,
9851,656.666667,185,215,8.529167,5.223052,0.029173,False,9.131384
9851,656.666667,204,213,2.649982,77.322194,0.617346,False,
9851,656.666667,204,214,4.504358,64.192234,0.975865,False,
9851,656.666667,206,213,3.446860,26.657648,0.862019,False,
9851,656.666667,206,214,1.245352,114.856779,0.181413,False,
9851,656.666667,206,215,2.159133,167.452185,0.999999,False,
9851,656.666667,213,214,2.419877,141.514428,0.118341,False,
9851,656.666667,213,215,2.505699,165.890167,0.700221,False,
9851,656.666667,214,215,2.184549,52.595406,0.080029,False,
9861,657.333333,180,204,1.071196,0.000000,0.000000,False,
9861,657.333333,180,213,2.143419,72.786864,0.686864,False,
9861,657.333333,180,214,4.303136,62.078576,0.825260,False,
9861,657.333333,180,215,4.042779,106.490520,0.720101,False,
9861,657.333333,185,204,4.679598,7.519947,0.999533,False,
9861,657.333333,185,211,4.392707,76.932756,0.997472,False,
9861,657.333333,204,213,3.022072,72.786864,0.493262,False,
9861,657.333333,204,214,4.641069,62.078576,0.931536,False,
9861,657.333333,204,215,4.866680,106.490520,0.604755,False,
9861,657.333333,213,214,2.857011,134.865440,0.270422,False,
9861,657.333333,213,215,1.902022,179.277384,0.856180,False,
9861,657.333333,214,215,2.446577,44.411944,0.116669,False,
9871,658.000000,180,204,1.071196,0.000000,0.000000,False,
9871,658.000000,180,213,2.384190,84.375508,0.754390,False,
9871,658.000000,180,214,4.645455,48.852415,0.605547,False,
9871,658.000000,180,215,3.785576,103.440907,0.811099,False,
9871,658.000000,185,204,4.596970,58.936705,0.610245,False,
9871,658.000000,185,211,4.347695,79.623670,0.977363,False,
9871,658.000000,204,213,3.308059,84.375508,0.614203,False,
9871,658.000000,204,214,4.886123,48.852415,0.764319,False,
9871,658.000000,204,215,4.555337,103.440907,0.693546,False,
9871,658.000000,213,214,3.486256,133.227923,0.613186,False,
9871,658.000000,213,215,1.558822,172.183585,0.099908,False,
9871,658.000000,214,215,2.594564,54.588491,0.097505,False,
9881,658.666667,180,204,1.071196,0.000000,0.000000,False,
9881,658.666667,180,213,2.636559,86.390927,0.691534,False,
9881,658.666667,180,215,3.586606,115.378242,0.725481,False,
9881,658.666667,185,204,4.596970,0.000000,0.000000,False,
9881,658.666667,185,211,4.324327,173.313034,0.220845,False,
9881,658.666667,185,215,7.433104,115.378242,0.005034,False,7.494215
9881,658.666667,204,213,3.609916,86.390927,0.579822,False,
9881,658.666667,204,215,4.308305,115.378242,0.572881,False,
9881,658.666667,213,214,4.295482,128.578684,0.777525,False,
9881,658.666667,213,215,1.615260,158.230831,0.041651,False,
9881,658.666667,214,215,2.843475,73.190484,0.243957,False,
9891,659.333333,180,204,1.071196,0.000000,0.000000,False,
9891,659.333333,180,213,2.949372,81.362785,0.557496,False,
9891,659.333333,180,215,3.282574,122.104305,0.696373,False,
9891,659.333333,185,204,4.596970,0.000000,0.000000,False,
9891,659.333333,185,211,4.205504,179.851031,0.339796,False,
9891,659.333333,204,213,3.950215,81.362785,0.461293,False,
9891,659.333333,204,215,3.955387,122.104305,0.512838,False,
9891,659.333333,213,215,1.835440,156.532910,0.315584,False,
9891,659.333333,214,215,3.235736,77.008405,0.467076,False,
9901,660.000000,180,204,1.071196,0.000000,0.000000,False,
9901,660.000000,180,213,3.321566,80.694432,0.486394,False,
9901,660.000000,180,215,3.038876,107.782956,0.893882,False,
9901,660.000000,185,204,4.596970,172.480053,0.999855,False,
9901,660.000000,185,216,4.150783,23.505661,0.787452,False,
9901,660.000000,204,213,4.342606,80.694432,0.410168,False,
9901,660.000000,204,215,3.652818,107.782956,0.745774,False,
9901,660.000000,213,215,2.332514,171.522612,0.252707,False,
9911,660.666667,180,204,1.071196,0.000000,0.000000,False,
9911,660.666667,180,215,2.952343,97.836761,0.988529,False,
9911,660.666667,185,204,4.597346,172.480053,0.999773,False,
9911,660.666667,185,216,4.047585,22.285938,0.799798,False,
9911,660.666667,204,215,3.453716,97.836761,0.900815,False,
9921,661.333333,180,215,2.912499,103.893396,0.990344,False,
9921,661.333333,180,217,1.063605,0.000000,0.000000,False,
9921,661.333333,185,216,3.884446,146.237947,0.876658,False,
9921,661.333333,185,217,4.596906,0.000000,0.000000,False,
9921,661.333333,215,217,3.290513,103.893396,0.895333,False,
9931,662.000000,180,215,2.855147,106.014618,0.999391,False,
9931,662.000000,180,217,1.063605,0.000000,0.000000,False,
9931,662.000000,185,216,3.802335,124.445212,0.997797,False,
9931,662.000000,185,217,4.596906,0.000000,0.000000,False,
9931,662.000000,215,217,3.102071,106.014618,0.927056,False,
9941,662.666667,180,215,2.881050,93.605703,0.951178,False,
9941,662.666667,180,217,1.063605,0.000000,0.000000,False,
9941,662.666667,185,216,3.855965,167.663812,0.986621,False,
9941,662.666667,185,217,4.596906,51.407136,0.702732,False,
9941,662.666667,215,217,2.994247,93.605703,0.998835,False,
9951,663.333333,180,215,3.095508,88.162720,0.863173,False,
9951,663.333333,180,217,1.063605,0.000000,0.000000,False,
9951,663.333333,185,215,4.808791,139.569856,0.594740,False,
9951,663.333333,185,216,3.894329,171.759759,0.983727,False,
9951,663.333333,185,217,4.576152,51.407135,0.705919,False,
9951,663.333333,215,217,3.070317,88.162720,0.983368,False,
9961,664.000000,180,215,3.281467,106.178261,0.949359,False,
9961,664.000000,180,217,1.063605,0.000000,0.000000,False,
9961,664.000000,185,215,4.450634,37.695558,0.354864,False,
9961,664.000000,185,216,3.963970,39.234865,0.863939,False,
9961,664.000000,185,217,4.555497,68.482703,0.257923,False,
9961,664.000000,215,217,3.134807,106.178261,0.999947,False,
9971,664.666667,180,215,3.328202,120.719964,0.984406,False,
9971,664.666667,180,217,1.063605,0.000000,0.000000,False,
9971,664.666667,185,215,4.146277,20.780853,0.089118,False,4.115160
9971,664.666667,185,216,4.161527,1.898505,0.797820,False,
9971,664.666667,185,217,4.636640,99.939111,0.283231,False,
9971,664.666667,215,217,3.061091,120.719964,0.989196,False,
9981,665.333333,180,215,3.419087,109.543683,0.883715,False,
9981,665.333333,180,217,1.063605,0.000000,0.000000,False,
9981,665.333333,185,215,3.761096,44.320995,0.202241,False,
9981,665.333333,185,216,4.337380,48.516070,0.845433,False,
9981,665.333333,185,217,4.637033,153.864678,0.940506,False,
9981,665.333333,215,217,3.026497,109.543683,0.984104,False,
9981,665.333333,216,218,1.972968,158.448728,0.714533,False,
9991,666.000000,180,215,3.680458,97.849863,0.715794,False,
9991,666.000000,180,217,1.063605,0.000000,0.000000,False,
9991,666.000000,185,215,3.458863,48.117866,0.423186,False,
9991,666.000000,185,216,4.518074,43.491280,0.810929,False,
9991,666.000000,185,217,4.658376,145.967729,0.880850,False,
9991,666.000000,215,217,3.193008,97.849863,0.879306,False,
9991,666.000000,216,218,1.818272,161.320887,0.971130,False,
10021,668.000000,219,220,4.347102,172.357586,0.414811,False,
10031,668.666667,219,220,3.567389,178.813216,0.650706,False,
10041,669.333333,219,220,2.904136,159.926840,0.319774,False,
10051,670.000000,219,220,2.610647,152.631428,0.587433,False,
10051,670.000000,219,221,4.910964,26.376597,0.547765,False,
10051,670.000000,219,222,1.712416,132.502554,0.578763,False,
10051,670.000000,220,221,4.351000,179.008024,0.114462,False,
10051,670.000000,220,222,4.181954,20.128873,0.990820,False,
10061,670.666667,219,220,2.743561,163.060961,0.923245,False,
10061,670.666667,219,221,4.944108,19.043062,0.671421,False,
10061,670.666667,219,222,1.522194,148.057263,0.903229,False,
10061,670.666667,220,221,3.243510,177.895977,0.056337,False,
10061,670.666667,220,222,4.260740,15.003698,0.999993,False,
10071,671.333333,219,220,2.990507,169.661156,0.985550,False,
10071,671.333333,219,221,4.900730,4.858207,0.663181,False,
10071,671.333333,219,222,1.587973,163.123059,0.994659,False,
10071,671.333333,219,223,4.484867,175.318877,0.715315,False,
10071,671.333333,219,224,4.880414,178.314836,0.357759,False,2.351595
10071,671.333333,220,221,2.218398,174.519363,0.829010,False,
10071,671.333333,220,222,4.274230,6.538097,0.989368,False,
10071,671.333333,223,224,1.054333,2.995959,0.802134,True,
10081,672.000000,219,220,3.596965,163.396480,0.919582,False,
10081,672.000000,219,221,4.745485,17.194606,0.637085,False,
10081,672.000000,219,222,1.675750,112.860151,0.994228,False,
10081,672.000000,219,223,3.777896,175.148140,0.314471,False,
10081,672.000000,219,224,4.141311,177.980504,0.108688,False,
10081,672.000000,220,221,1.153138,179.408914,0.554651,False,
10081,672.000000,220,222,4.455100,50.536328,0.937453,False,
10081,672.000000,220,225,3.749935,149.124861,0.992379,False,1.122812
10081,672.000000,221,225,2.813352,31.466225,0.284849,False,
10081,672.000000,223,224,1.228787,2.832364,0.751811,True,
10081,672.000000,223,226,13.073229,154.374089,0.996458,False,5.593467
10081,672.000000,225,226,4.119541,44.749390,0.726440,False,
10091,672.666667,219,220,4.361011,160.990959,0.877243,False,
10091,672.666667,219,221,4.733585,29.053617,0.680318,False,
10091,672.666667,219,222,1.758657,44.316122,0.981683,False,
10091,672.666667,219,223,3.128090,153.993619,0.428999,False,
10091,672.666667,219,224,3.471261,168.956943,0.478911,False,
10091,672.666667,220,221,0.800822,169.955424,0.862265,False,
10091,672.666667,220,222,4.749221,116.674837,0.878442,False,
10091,672.666667,220,225,2.636664,146.540069,0.991868,False,0.832387
10091,672.666667,221,225,2.858807,43.504507,0.426403,False,
10091,672.666667,222,223,4.777988,109.677497,0.460750,False,
10091,672.666667,222,224,4.895849,124.640820,0.489015,False,
10091,672.666667,223,224,1.111028,14.963323,0.776512,True,
10091,672.666667,224,226,12.861506,162.809987,0.874262,False,5.594337
10091,672.666667,225,226,3.958593,42.683961,0.742727,False,
10101,673.333333,219,221,4.813961,13.424888,0.782250,False,
10101,673.333333,219,222,1.894128,39.781859,0.818981,False,
10101,673.333333,219,223,2.497212,170.830065,0.178741,False,
10101,673.333333,219,224,2.760663,171.045341,0.319645,False,
10101,673.333333,220,221,1.490717,158.668782,0.854076,False,
10101,673.333333,220,225,1.568456,160.187696,0.956962,False,
10101,673.333333,221,225,2.965912,41.143522,0.561140,False,
10101,673.333333,222,223,4.384859,131.048206,0.572466,False,
10101,673.333333,222,224,4.502648,131.263482,0.353283,False,
10101,673.333333,223,224,1.106896,0.215276,0.791549,True,
10101,673.333333,223,226,11.206137,178.169950,0.323536,False,4.429266
10101,673.333333,225,226,3.713757,35.058519,0.702375,False,
10111,674.000000,219,221,4.640649,0.765117,0.835105,False,
10111,674.000000,219,222,2.180043,23.517667,0.588687,False,
10111,674.000000,219,223,1.911445,171.515846,0.925120,False,
10111,674.000000,219,224,1.978198,165.077926,0.998340,False,
10111,674.000000,219,227,3.564979,169.726204,0.849094,False,
10111,674.000000,220,221,2.453340,163.841873,0.999155,False,
10111,674.000000,220,225,0.829370,168.191957,0.425577,False,
10111,674.000000,220,226,4.385836,169.523031,0.960277,False,
10111,674.000000,221,223,4.533549,172.280963,0.870626,False,
10111,674.000000,221,225,3.156107,27.966171,0.567492,False,
10111,674.000000,222,223,4.064185,164.966487,0.750801,False,
10111,674.000000,222,224,4.090748,171.404407,0.634850,False,
10111,674.000000,223,224,1.138152,6.437920,0.694464,False,
10111,674.000000,223,227,1.988933,1.789642,0.168273,False,6.003060
10111,674.000000,224,227,1.646956,4.648278,0.736457,True,
10111,674.000000,225,226,3.646912,22.285012,0.585567,False,
10121,674.666667,219,221,4.643919,10.612553,0.807594,False,
10121,674.666667,219,222,2.533817,14.004850,0.635362,False,
10121,674.666667,219,223,1.568411,170.497831,0.040290,False,
10121,674.666667,219,224,1.281671,173.445560,0.986091,False,
10121,674.666667,219,227,2.747549,178.306301,0.590790,False,
10121,674.666667,220,221,3.568131,171.955317,0.696706,False,
10121,674.666667,220,225,1.170423,162.418036,0.728064,False,
10121,674.666667,220,226,3.429355,173.678069,0.233907,False,
10121,674.666667,221,223,3.771557,178.889615,0.705783,False,
10121,674.666667,221,224,4.797737,162.833007,0.995260,False,
10121,674.666667,221,225,3.163448,25.626647,0.610397,False,
10121,674.666667,222,223,3.798785,156.492981,0.707478,False,
10121,674.666667,222,224,3.813052,172.549589,0.722859,False,
10121,674.666667,222,225,4.976050,1.009244,0.437661,False,
10121,674.666667,223,224,1.041854,16.056608,0.674694,False,2.575492
10121,674.666667,223,225,5.891109,155.483737,0.722338,False,2.104220
10121,674.666667,223,227,1.868657,7.808469,0.088504,False,
10121,674.666667,224,225,6.721777,171.540345,0.425012,False,2.380076
10121,674.666667,224,227,1.465968,8.248139,0.719655,True,3.210177
10121,674.666667,225,226,3.679080,11.260033,0.546526,False,
10131,675.333333,219,221,4.646458,11.944253,0.828428,False,
10131,675.333333,219,222,2.785714,28.802045,0.611138,False,
10131,675.333333,219,223,1.595794,166.974396,0.829858,False,
10131,675.333333,219,224,0.902164,168.004326,0.648535,False,
10131,675.333333,219,227,2.221937,176.515030,0.964602,False,
10131,675.333333,220,221,4.729681,176.871515,0.457462,False,
10131,675.333333,220,225,2.278923,172.053078,0.736964,False,
10131,675.333333,220,226,2.724438,171.175657,0.211181,False,
10131,675.333333,221,223,3.150716,178.918649,0.736690,False,
10131,675.333333,221,224,4.082853,179.948579,0.777656,False,
10131,675.333333,221,225,3.257347,11.075407,0.572087,False,
10131,675.333333,221,227,4.380924,164.570777,0.976296,False,
10131,675.333333,222,223,3.468122,138.172351,0.730005,False,
10131,675.333333,222,224,3.449159,139.202281,0.540026,False,
10131,675.333333,222,225,4.425068,29.670891,0.671938,False,
10131,675.333333,222,227,4.878264,154.682925,0.758493,False,
10131,675.333333,223,224,0.933998,1.029930,0.753456,True,5.020494
10131,675.333333,223,225,4.860322,167.843242,0.416705,False,1.603153
10131,675.333333,223,227,1.781195,16.510575,0.214628,False,
10131,675.333333,224,226,9.097126,167.995750,0.943191,False,3.309525
10131,675.333333,224,227,1.429282,15.480645,0.694343,False,
10131,675.333333,225,226,3.738525,0.877421,0.391117,False,
10141,676.000000,219,221,4.599661,8.012582,0.904605,False,
10141,676.000000,219,222,3.117285,47.742681,0.266599,False,
10141,676.000000,219,223,2.062408,167.594998,0.248169,False,
10141,676.000000,219,224,1.087250,165.120805,0.072164,False,
10141,676.000000,219,227,2.035668,156.302376,0.723895,False,
10141,676.000000,220,225,3.451265,171.999864,0.999055,False,
10141,676.000000,220,226,2.190321,164.648049,0.365530,False,
10141,676.000000,221,223,2.584610,175.607580,0.877889,False,
10141,676.000000,221,224,3.534528,173.133387,0.899614,False,
10141,676.000000,221,225,3.118018,1.166268,0.503820,False,
10141,676.000000,221,227,3.405514,164.314959,0.900237,False,
10141,676.000000,222,223,3.232625,144.662321,0.891820,False,
10141,676.000000,222,224,2.989108,147.136514,0.744728,False,
10141,676.000000,222,225,4.110575,40.896367,0.877994,False,
10141,676.000000,222,227,4.622249,155.954943,0.845041,False,
10141,676.000000,223,224,0.975479,2.474193,0.739480,True,
10141,676.000000,223,225,3.703605,174.441312,0.599050,False,
10141,676.000000,223,227,1.801084,11.292621,0.359814,False,
10141,676.000000,224,225,4.488470,171.967119,0.764127,False,
10141,676.000000,224,226,8.021949,179.318934,0.127869,False,2.990543
10141,676.000000,224,227,1.633382,8.818429,0.818058,True,
10141,676.000000,225,226,3.897867,7.351815,0.266806,False,
10141,676.000000,225,227,5.402953,163.148691,0.861099,False,1.748678
10151,676.666667,219,221,4.411158,17.397954,0.930141,False,
10151,676.666667,219,222,3.502229,72.530491,0.091198,False,
10151,676.666667,219,223,2.596523,166.793180,0.192552,False,
10151,676.666667,219,224,1.687004,150.663968,0.578645,False,
10151,676.666667,219,225,5.243717,16.173526,0.537137,False,7.449183
10151,676.666667,219,227,1.929184,164.644479,0.778910,False,
10151,676.666667,220,225,4.480805,169.047564,0.999846,False,
10151,676.666667,220,226,2.061531,159.186506,0.675387,False,
10151,676.666667,221,223,2.389510,175.808865,0.522189,False,
10151,676.666667,221,224,3.094666,168.061923,0.841371,False,
10151,676.666667,221,225,3.108085,1.224428,0.520150,False,
10151,676.666667,221,227,2.635438,177.957566,0.107670,False,
10151,676.666667,222,223,3.038011,94.262689,0.902941,False,
10151,676.666667,222,224,2.822920,78.133477,0.890990,False,
10151,676.666667,222,225,3.881996,88.704017,0.928839,False,
10151,676.666667,222,227,4.322388,92.113988,0.725652,False,
10151,676.666667,223,224,0.925356,16.129212,0.643230,False,
10151,676.666667,223,225,2.720033,177.033293,0.011549,False,
10151,676.666667,223,226,6.427603,167.172236,0.999892,False,2.473234
10151,676.666667,223,227,1.805739,2.148701,0.173539,False,
10151,676.666667,224,225,3.566364,166.837495,0.840192,False,
10151,676.666667,224,227,1.507157,13.980511,0.746924,True,2.863053
10151,676.666667,225,226,3.938771,9.861058,0.314971,False,
10151,676.666667,225,227,4.388035,179.181994,0.002859,False,1.481059
10161,677.333333,219,221,4.245846,7.841488,0.893025,False,
10161,677.333333,219,222,3.816896,84.993613,0.291435,False,
10161,677.333333,219,223,3.230044,178.175716,0.404322,False,
10161,677.333333,219,224,2.354279,179.284775,0.390841,False,
10161,677.333333,219,225,4.945429,6.704189,0.578078,False,
10161,677.333333,219,227,2.110369,178.154691,0.822392,False,
10161,677.333333,220,226,2.617476,158.710085,0.841109,False,
10161,677.333333,221,223,2.669901,173.982796,0.822885,False,
10161,677.333333,221,224,2.998542,172.873737,0.290013,False,
10161,677.333333,221,225,3.005785,14.545677,0.465181,False,
10161,677.333333,221,227,2.174786,174.003821,0.188277,False,
10161,677.333333,222,223,2.812050,93.182103,0.964290,False,
10161,677.333333,222,224,2.594244,94.291162,0.818615,False,
10161,677.333333,222,225,3.700575,78.289424,0.999050,False,
10161,677.333333,222,227,3.930088,93.161078,0.770086,False,
10161,677.333333,223,224,0.899125,1.109060,0.629988,False,
10161,677.333333,223,225,1.719699,171.471527,0.938556,False,
10161,677.333333,223,226,5.433984,169.290962,0.995297,False,2.078911
10161,677.333333,223,227,1.791230,0.021025,0.175459,False,
10161,677.333333,224,225,2.615462,172.580586,0.963120,False,
10161,677.333333,224,226,6.163234,168.181902,0.999515,False,2.219579
10161,677.333333,224,227,1.373254,1.130084,0.628726,False,
10161,677.333333,225,226,4.086602,19.237512,0.228031,False,
10161,677.333333,225,227,3.272739,171.450502,0.821103,False,
10171,678.000000,219,221,4.136320,6.378589,0.846133,False,
10171,678.000000,219,222,4.113485,93.652157,0.401260,False,
10171,678.000000,219,223,3.978178,179.931693,0.280695,False,
10171,678.000000,219,224,3.184468,177.416235,0.280326,False,
10171,678.000000,219,225,4.836644,17.939237,0.617127,False,
10171,678.000000,219,227,2.698587,172.038305,0.883133,False,
10171,678.000000,220,226,3.260031,155.186399,0.971384,False,
10171,678.000000,221,223,3.129708,173.689718,0.999987,False,
10171,678.000000,221,224,3.349444,171.037645,0.740779,False,
10171,678.000000,221,225,2.820924,24.317826,0.435553,False,
10171,678.000000,221,227,2.007320,165.659716,0.644790,False,
10171,678.000000,222,223,2.781926,86.279535,0.999841,False,
10171,678.000000,222,224,2.254847,88.931608,0.947288,False,
10171,678.000000,222,225,3.833452,75.712920,0.986584,False,
10171,678.000000,222,226,4.957772,95.607260,0.400250,False,
10171,678.000000,222,227,3.679547,94.309538,0.826396,False,
10171,678.000000,223,224,0.910759,2.652073,0.692124,False,
10171,678.000000,223,225,1.136942,161.992455,0.860015,False,
10171,678.000000,223,226,4.473267,178.113205,0.648708,False,
10171,678.000000,223,227,1.754842,8.030002,0.228219,False,
10171,678.000000,224,225,2.016636,164.644528,0.882727,False,
10171,678.000000,224,226,5.098453,175.461132,0.951888,False,1.818089
10171,678.000000,224,227,1.514040,5.377930,0.684954,False,
10171,678.000000,225,226,4.238963,19.894340,0.239351,False,
10171,678.000000,225,227,2.254692,170.022458,0.845164,False,
10181,678.666667,219,221,3.923678,2.948718,0.884133,False,
10181,678.666667,219,222,4.394934,93.877827,0.378938,False,
10181,678.666667,219,223,4.720818,177.378337,0.356368,False,
10181,678.666667,219,224,3.941802,168.951499,0.398120,False,
10181,678.666667,219,225,4.630536,8.677526,0.568188,False,
10181,678.666667,219,227,3.238409,162.910881,0.983527,False,
10181,678.666667,220,226,4.168909,156.622569,0.996231,False,
10181,678.666667,221,223,3.750871,174.429619,0.941878,False,
10181,678.666667,221,224,3.651133,171.900217,0.474974,False,
10181,678.666667,221,225,2.675153,11.626244,0.436339,False,
10181,678.666667,221,227,2.317556,159.962163,0.971573,False,
10181,678.666667,222,223,2.828311,88.743836,0.990326,False,
10181,678.666667,222,224,2.271149,75.073671,0.993118,False,
10181,678.666667,222,225,3.898113,85.200301,0.988145,False,
10181,678.666667,222,226,4.519150,99.299809,0.375443,False,
10181,678.666667,222,227,3.400120,103.211292,0.789750,False,
10181,678.666667,223,224,0.862316,13.670164,0.540167,False,
10181,678.666667,223,225,1.237560,173.944137,0.584828,False,
10181,678.666667,223,226,3.557905,171.956355,0.961841,False,
10181,678.666667,223,227,1.770401,14.467456,0.063594,False,
10181,678.666667,224,225,1.641301,160.273973,0.744780,False,
10181,678.666667,224,226,4.184546,174.373481,0.782130,False,
10181,678.666667,224,227,1.380189,28.137621,0.629023,False,
10181,678.666667,225,226,4.409961,14.099508,0.370512,False,
10181,678.666667,225,227,1.393608,171.588407,0.378974,False,
10191,679.333333,221,223,4.673234,178.174253,0.906029,False,
10191,679.333333,221,224,4.319372,175.545835,0.022442,False,
10191,679.333333,221,225,2.625187,6.894104,0.460000,False,4.927279
10191,679.333333,221,227,3.046121,175.365528,0.994639,False,
10191,679.333333,222,223,2.919674,85.636312,0.934612,False,
10191,679.333333,222,224,2.357449,88.264729,0.997014,False,
10191,679.333333,222,225,4.023954,89.295332,0.971937,False,
10191,679.333333,222,226,4.075938,95.790380,0.468990,False,
10191,679.333333,222,227,3.161945,88.445036,0.955465,False,
10191,679.333333,223,224,0.843884,2.628418,0.482348,False,
10191,679.333333,223,225,2.059108,174.931643,0.286168,False,
10191,679.333333,223,226,2.616111,178.573308,0.383233,False,
10191,679.333333,223,227,1.852816,2.808725,0.157545,False,
10191,679.333333,224,225,1.864323,177.560061,0.695913,False,
10191,679.333333,224,226,3.279090,175.944891,0.411469,False,1.074283
10191,679.333333,224,227,1.294700,0.180307,0.519093,False,
10191,679.333333,225,226,4.596302,6.495048,0.393848,False,
10191,679.333333,225,227,0.934942,177.740368,0.999704,False,
10191,679.333333,226,227,4.463446,175.764584,0.870348,False,
10201,680.000000,221,225,2.344533,6.511313,0.615925,False,
10201,680.000000,221,227,3.639612,173.107121,0.125296,False,
10201,680.000000,222,223,3.170352,15.356626,0.807003,False,
10201,680.000000,222,224,2.404656,3.194000,0.949782,True,
10201,680.000000,222,225,4.207905,166.756814,0.978838,False,
10201,680.000000,222,226,3.677452,167.333033,0.473127,False,
10201,680.000000,222,227,3.158481,12.861620,0.999990,False,
10201,680.000000,223,224,0.819571,12.162626,0.668135,False,
10201,680.000000,223,225,3.060700,177.886560,0.409031,False,
10201,680.000000,223,226,1.708994,177.310341,0.348015,False,
10201,680.000000,223,227,1.852274,2.495006,0.306537,False,
10201,680.000000,224,225,2.840586,169.950814,0.989048,False,
10201,680.000000,224,226,2.143732,170.527033,0.788910,False,0.623999
10201,680.000000,224,227,1.530464,9.667620,0.609825,False,
10201,680.000000,225,226,4.768926,0.576219,0.498065,False,
10201,680.000000,225,227,1.311801,179.618434,0.745796,False,
10201,680.000000,226,227,3.533039,179.805347,0.452564,False,
10211,680.666667,222,223,3.444994,39.966755,0.820364,False,
10211,680.666667,222,224,2.619238,49.531702,0.769623,False,
10211,680.666667,222,225,4.301971,141.037135,0.954983,False,
10211,680.666667,222,226,3.217610,133.302862,0.304711,False,
10211,680.666667,222,227,3.162649,33.973263,0.999980,False,
10211,680.666667,223,224,0.847553,9.564947,0.561761,False,
10211,680.666667,223,225,3.962777,178.996111,0.285059,False,
10211,680.666667,223,226,1.137052,173.269616,0.754368,False,
10211,680.666667,223,227,1.755060,5.993492,0.215100,False,
10211,680.666667,224,225,3.604295,169.431163,0.117724,False,
10211,680.666667,224,226,1.298938,177.165436,0.080499,False,
10211,680.666667,224,227,1.439565,15.558439,0.712259,True,2.385811
10211,680.666667,225,226,4.884678,7.734273,0.521502,False,
10211,680.666667,225,227,2.218522,175.010397,0.753910,False,
10211,680.666667,226,227,2.681077,167.276124,0.560744,False,
10221,681.333333,222,223,3.735613,46.854733,0.873884,False,
10221,681.333333,222,224,3.016704,54.544725,0.863895,False,
10221,681.333333,222,225,4.748238,134.454691,0.937629,False,
10221,681.333333,222,226,2.793132,126.460544,0.303016,False,
10221,681.333333,222,227,3.276422,51.191226,0.993611,False,
10221,681.333333,223,224,0.770843,7.689992,0.459631,False,
10221,681.333333,223,225,4.995622,178.690576,0.142329,False,
10221,681.333333,223,226,1.069980,173.315277,0.026652,False,
10221,681.333333,223,227,1.697522,4.336493,0.232688,False,
10221,681.333333,224,225,4.484753,171.000584,0.092996,False,
10221,681.333333,224,226,0.729683,178.994732,0.790189,False,
10221,681.333333,224,227,1.241504,3.353499,0.666547,False,4.279628
10221,681.333333,225,227,3.301060,174.354083,0.273221,False,
10221,681.333333,226,227,1.931481,177.651770,0.274013,False,
10231,682.000000,222,223,4.060444,52.817792,0.803656,False,
10231,682.000000,222,224,3.289903,43.797356,0.902772,False,
10231,682.000000,222,226,2.449434,124.952488,0.622904,False,
10231,682.000000,222,227,3.612668,57.688951,0.959732,False,
10231,682.000000,223,224,0.794427,9.020437,0.609336,False,
10231,682.000000,223,226,1.631692,177.770280,0.356573,False,
10231,682.000000,223,227,1.677933,4.871159,0.331723,False,
10231,682.000000,224,226,0.844556,168.749844,0.491287,False,
10231,682.000000,224,227,1.316978,13.891595,0.674830,False,
10231,682.000000,225,227,4.331886,179.691956,0.303461,False,
10231,682.000000,226,227,1.544558,177.358561,0.556044,False,
10241,682.666667,222,223,4.428421,72.161061,0.902489,False,
10241,682.666667,222,224,3.556200,76.960256,0.887154,False,
10241,682.666667,222,226,2.165068,106.833802,0.578712,False,
10241,682.666667,222,227,3.769428,67.219476,0.998403,False,
10241,682.666667,223,224,0.876217,4.799195,0.615164,False,
10241,682.666667,223,226,2.466818,178.994863,0.611494,False,
10241,682.666667,223,227,1.736860,4.941585,0.161672,False,
10241,682.666667,224,226,1.615518,176.205942,0.365169,False,
10241,682.666667,224,227,1.380931,9.740780,0.665832,False,
10241,682.666667,226,227,1.619649,174.053279,0.051684,False,
10251,683.333333,222,223,4.948382,76.535767,0.951563,False,
10251,683.333333,222,224,4.194169,80.644754,0.957229,False,
10251,683.333333,222,226,2.405017,104.970433,0.893069,False,
10251,683.333333,222,227,4.171849,76.255443,0.991203,False,
10251,683.333333,223,224,0.783366,4.108987,0.599565,False,
10251,683.333333,223,226,3.302398,178.493800,0.358408,False,
10251,683.333333,223,227,1.798656,0.280324,0.022092,False,
10251,683.333333,224,226,2.536656,174.384813,0.422512,False,
10251,683.333333,224,227,1.302158,4.389311,0.443384,False,
10251,683.333333,226,227,1.950374,178.774124,0.945709,False,
10261,684.000000,222,224,4.495528,140.127205,0.941338,False,
10261,684.000000,222,226,2.517815,30.296578,0.991104,False,
10261,684.000000,222,227,4.391498,156.346455,0.950735,False,
10261,684.000000,222,230,8.731279,4.104589,0.005604,False,6.649633
10261,684.000000,223,224,0.905949,12.050247,0.747142,True,
10261,684.000000,223,226,4.249782,177.525970,0.261327,False,
10261,684.000000,223,227,1.999449,4.169003,0.045363,False,
10261,684.000000,223,230,4.510331,156.282041,0.991389,False,
10261,684.000000,223,231,4.239365,168.007787,0.056614,False,
10261,684.000000,223,232,4.907257,163.617387,0.985788,False,
10261,684.000000,223,233,3.378525,96.099088,0.852912,False,
10261,684.000000,224,226,3.411842,170.423783,0.997814,False,
10261,684.000000,224,227,1.473063,16.219250,0.353725,False,
10261,684.000000,224,230,5.146607,144.231794,0.999692,False,1.807755
10261,684.000000,224,233,3.329577,108.149335,0.514718,False,
10261,684.000000,226,227,2.535733,173.356967,0.972613,False,
10261,684.000000,227,233,4.755207,91.930085,0.667269,False,
10261,684.000000,230,231,1.858526,35.710172,0.998821,False,
10261,684.000000,230,232,2.604997,7.335346,0.939262,False,
10261,684.000000,230,233,3.573902,107.618870,0.290897,False,
10261,684.000000,231,232,0.894874,28.374826,0.853187,False,0.514699
10261,684.000000,231,233,4.725659,71.908699,0.956641,False,
10271,684.666667,223,224,0.955199,3.202032,0.745133,True,
10271,684.666667,223,227,2.002963,3.304520,0.007895,False,
10271,684.666667,223,230,3.554948,159.755925,0.999501,False,
10271,684.666667,223,231,3.490454,172.403265,0.008027,False,
10271,684.666667,223,232,4.019403,170.377805,0.917628,False,
10271,684.666667,223,233,3.161453,95.272159,0.919198,False,
10271,684.666667,224,226,4.424520,168.645697,0.972342,False,
10271,684.666667,224,227,1.599793,6.506552,0.500167,False,
10271,684.666667,224,230,4.071939,162.957957,0.953086,False,
10271,684.666667,224,231,4.354885,169.201233,0.124494,False,
10271,684.666667,224,232,4.917331,173.579837,0.898872,False,
10271,684.666667,224,233,2.864854,92.070127,0.795034,False,
10271,684.666667,226,227,3.376339,175.152249,0.746782,False,
10271,684.666667,227,233,4.406105,98.576679,0.632467,False,
10271,684.666667,230,231,2.129096,27.840810,0.997709,False,
10271,684.666667,230,232,2.709333,10.621880,0.950578,False,
10271,684.666667,230,233,3.020345,104.971916,0.387204,False,
10271,684.666667,231,232,0.665712,17.218930,0.870285,True,0.210759
10271,684.666667,231,233,4.635984,77.131106,0.950930,False,
10281,685.333333,223,224,0.899777,7.779953,0.462700,False,
10281,685.333333,223,227,2.025797,13.301817,0.001292,False,
10281,685.333333,223,230,2.601234,172.624701,0.999513,False,
10281,685.333333,223,231,2.669657,173.632547,0.108097,False,
10281,685.333333,223,232,3.246721,169.418021,0.028704,False,
10281,685.333333,223,233,2.996370,89.077369,0.990618,False,
10281,685.333333,224,227,1.419489,21.081770,0.437501,False,
10281,685.333333,224,230,3.144688,179.595346,0.351642,False,
10281,685.333333,224,231,3.562246,165.852594,0.836392,False,
10281,685.333333,224,232,4.145706,161.638068,0.549283,False,
10281,685.333333,224,233,2.766312,81.297416,0.953967,False,
10281,685.333333,226,227,4.123899,174.291883,0.948458,False,
10281,685.333333,227,230,4.535190,159.322884,0.968611,False,
10281,685.333333,227,231,4.549157,173.065636,0.999212,False,
10281,685.333333,227,233,4.002575,102.379186,0.635169,False,
10281,685.333333,230,231,2.311859,13.742752,0.994261,True,
10281,685.333333,230,232,2.876642,17.957278,0.978767,False,
10281,685.333333,230,233,2.520024,98.297930,0.573842,False,
10281,685.333333,231,232,0.646206,4.214526,0.873526,True,
10281,685.333333,231,233,4.498117,84.555177,0.935033,False,
10291,686.000000,223,224,0.991477,15.749435,0.606669,False,
10291,686.000000,223,227,2.132198,8.640598,0.023290,False,
10291,686.000000,223,230,1.795278,175.558715,0.979071,False,
10291,686.000000,223,231,1.778223,166.644274,0.410655,False,
10291,686.000000,223,232,2.521876,167.665057,0.148754,False,
10291,686.000000,223,233,3.025610,81.333853,0.993037,False,
10291,686.000000,224,227,1.433902,7.108837,0.281437,False,
10291,686.000000,224,230,2.170057,159.809280,0.999694,False,
10291,686.000000,224,231,2.769299,177.606291,0.848095,False,
10291,686.000000,224,232,3.508119,176.585508,0.887460,False,
10291,686.000000,224,233,2.589593,97.083288,0.888268,False,
10291,686.000000,227,230,3.602771,166.918117,0.932786,False,
10291,686.000000,227,231,3.712172,175.284872,0.493538,False,
10291,686.000000,227,232,4.351258,176.305655,0.020399,False,
10291,686.000000,227,233,3.697873,89.974451,0.798613,False,
10291,686.000000,230,231,2.389068,17.797011,0.991961,True,
10291,686.000000,230,232,3.065505,16.776228,0.963581,False,
10291,686.000000,230,233,2.105551,103.107433,0.710548,False,
10291,686.000000,231,232,0.765519,1.020783,0.870630,True,
10291,686.000000,231,233,4.333577,85.310422,0.984317,False,
10301,686.666667,223,224,1.046967,4.950342,0.803668,True,
10301,686.666667,223,227,2.073747,0.014552,0.055087,False,
10301,686.666667,223,230,1.495043,167.432577,0.702759,False,
10301,686.666667,223,231,1.282379,172.111462,0.500032,False,
10301,686.666667,223,232,1.926796,176.397242,0.989148,False,
10301,686.666667,223,233,3.062600,89.969085,0.992898,False,
10301,686.666667,224,227,1.572639,4.964894,0.402235,False,
10301,686.666667,224,230,1.123945,162.482235,0.885253,False,
10301,686.666667,224,231,2.307646,177.061804,0.827401,False,
10301,686.666667,224,232,2.960424,171.446899,0.996753,False,
10301,686.666667,224,233,2.264756,94.919427,0.974158,False,
10301,686.666667,227,230,2.687000,167.447129,0.999203,False,
10301,686.666667,227,231,2.885301,172.096910,0.127870,False,
10301,686.666667,227,232,3.481772,176.411793,0.887717,False,
10301,686.666667,227,233,3.425894,89.954533,0.866784,False,
10301,686.666667,230,231,2.664282,20.455961,0.985334,False,
10301,686.666667,230,232,3.245230,8.964664,0.938021,False,
10301,686.666667,230,233,1.665815,102.598338,0.859051,False,
10301,686.666667,231,232,0.655452,11.491297,0.824708,True,0.253370
10301,686.666667,231,233,4.301574,82.142377,0.999620,False,
10301,686.666667,232,233,4.901341,93.633674,0.959002,False,
10311,687.333333,223,224,0.961422,13.562677,0.657771,False,
10311,687.333333,223,227,2.116636,8.150570,0.142658,False,
10311,687.333333,223,230,1.676737,173.022146,0.380386,False,
10311,687.333333,223,231,1.302310,177.715744,0.885177,False,
10311,687.333333,223,232,1.723452,179.956490,0.999812,False,
10311,687.333333,223,233,3.101568,95.345808,0.972412,False,
10311,687.333333,224,227,1.568537,21.713247,0.401394,False,
10311,687.333333,224,230,0.800770,173.415177,0.951063,False,
10311,687.333333,224,231,1.973103,168.721579,0.456511,False,
10311,687.333333,224,232,2.508561,166.393813,0.005435,False,
10311,687.333333,224,233,2.304384,81.783131,0.963560,False,
10311,687.333333,227,230,1.933532,164.871576,0.989570,False,
10311,687.333333,227,231,2.219265,169.565174,0.999881,False,
10311,687.333333,227,232,2.791684,171.892940,0.936966,False,
10311,687.333333,227,233,3.179662,103.496378,0.828825,False,
10311,687.333333,230,231,2.773716,4.693598,0.977620,False,
10311,687.333333,230,232,3.303875,7.021364,0.961762,False,
10311,687.333333,230,233,1.506898,91.632046,0.993166,False,
10311,687.333333,231,232,0.589234,2.327765,0.802920,True,
10311,687.333333,231,233,4.272513,86.938448,0.992979,False,
10311,687.333333,232,233,4.787150,84.610682,0.990020,False,
10321,688.000000,223,224,0.912231,4.270683,0.601958,False,
10321,688.000000,223,227,2.130398,7.855126,0.085598,False,
10321,688.000000,223,230,2.408787,177.977638,0.397376,False,
10321,688.000000,223,231,1.708684,177.233675,0.838736,False,
10321,688.000000,223,232,1.969736,177.157381,0.980562,False,
10321,688.000000,223,233,3.281164,88.917629,0.883559,False,
10321,688.000000,224,227,1.461194,3.584443,0.225496,False,
10321,688.000000,224,230,1.496607,173.706955,0.138791,False,
10321,688.000000,224,231,1.848528,178.495641,0.935522,False,
10321,688.000000,224,232,2.340020,178.571936,0.982240,False,
10321,688.000000,224,233,2.504582,93.188313,0.969969,False,
10321,688.000000,227,230,1.358287,170.122512,0.946470,False,
10321,688.000000,227,231,1.672414,174.911199,0.999204,False,
10321,688.000000,227,232,2.314999,174.987493,0.968022,False,
10321,688.000000,227,233,2.913771,96.772755,0.942040,False,
10321,688.000000,230,231,2.811895,4.788686,0.953156,False,
10321,688.000000,230,232,3.431671,4.864981,0.935719,False,
10321,688.000000,230,233,1.564148,93.104732,0.970979,False,
10321,688.000000,231,232,0.643031,0.076295,0.850542,True,1.370486
10321,688.000000,231,233,4.207989,88.316046,0.998733,False,
10321,688.000000,232,233,4.781126,88.239751,0.993506,False,
10331,688.666667,223,224,1.025987,5.463847,0.785997,True,
10331,688.666667,223,227,2.249856,5.875977,0.060644,False,
10331,688.666667,223,230,3.428520,177.313635,0.324669,False,
10331,688.666667,223,231,2.391146,179.744940,0.481634,False,
10331,688.666667,223,232,2.416300,176.544879,0.128662,False,
10331,688.666667,223,233,3.570113,94.221368,0.866623,False,
10331,688.666667,224,227,1.651528,11.339825,0.318766,False,
10331,688.666667,224,230,2.477462,171.849788,0.093164,False,
10331,688.666667,224,231,2.382666,174.791213,0.551776,False,
10331,688.666667,224,232,2.631864,171.081032,0.076375,False,
10331,688.666667,224,233,2.570449,99.685215,0.939100,False,
10331,688.666667,227,230,1.658602,176.810387,0.932431,False,
10331,688.666667,227,231,1.375906,173.868962,0.796994,False,
10331,688.666667,227,232,1.889275,177.579143,0.702091,False,
10331,688.666667,227,233,2.884754,88.345391,0.998440,False,
10331,688.666667,230,231,2.987184,2.941425,0.950940,False,
10331,688.666667,230,232,3.526187,0.768756,0.928089,False,
10331,688.666667,230,233,1.790358,88.464997,0.785652,False,
10331,688.666667,231,232,0.556606,3.710181,0.829745,True,
10331,688.666667,231,233,4.231512,85.523572,0.996622,False,
10331,688.666667,232,233,4.690201,89.233753,0.998578,False,
10341,689.333333,223,224,0.971934,11.487752,0.732474,True,
10341,689.333333,223,227,2.224719,3.900206,0.172443,False,
10341,689.333333,223,230,4.394680,176.390384,0.248155,False,
10341,689.333333,223,231,3.174200,164.614967,0.716713,False,
10341,689.333333,223,232,3.272229,170.774418,0.587450,False,
10341,689.333333,223,233,3.769096,102.255032,0.878867,False,
10341,689.333333,224,227,1.617610,7.587547,0.317942,False,
10341,689.333333,224,230,3.519649,172.121863,0.644029,False,
10341,689.333333,224,231,2.926223,176.102719,0.040750,False,
10341,689.333333,224,232,3.174594,177.737830,0.972586,False,
10341,689.333333,224,233,2.812581,90.767280,0.799193,False,
10341,689.333333,227,230,2.376628,179.709410,0.699793,False,
10341,689.333333,227,231,1.519830,168.515173,0.313911,False,
10341,689.333333,227,232,1.929423,174.674623,0.672115,False,
10341,689.333333,227,233,2.876180,98.354827,0.997964,False,
10341,689.333333,230,231,3.032841,11.775417,0.924822,False,
10341,689.333333,230,232,3.553108,5.615966,0.945695,False,
10341,689.333333,230,233,2.309712,81.354584,0.542482,False,
10341,689.333333,231,232,0.522975,6.159451,0.940324,True,
10341,689.333333,231,233,4.269318,93.130001,0.999317,False,
10341,689.333333,232,233,4.747949,86.970550,0.995237,False,
10351,690.000000,227,230,3.230388,178.762447,0.297325,False,
10351,690.000000,227,231,2.177946,165.768908,0.084793,False,
10351,690.000000,227,232,2.392486,177.037056,0.624618,False,
10351,690.000000,227,233,2.831697,97.230692,0.989078,False,
10351,690.000000,230,231,2.933638,12.993539,0.881022,False,
10351,690.000000,230,232,3.551791,1.725391,0.915781,False,
10351,690.000000,230,233,2.785856,84.006861,0.492607,False,
10351,690.000000,231,232,0.618163,11.268148,0.860473,True,
10351,690.000000,231,233,4.271306,97.000399,0.996955,False,
10351,690.000000,232,233,4.756899,85.732252,0.982036,False,
10361,690.666667,227,230,4.317283,166.726698,0.999254,False,
10361,690.666667,227,231,2.852594,177.049084,0.621348,False,
10361,690.666667,227,232,3.093190,177.647192,0.828180,False,
10361,690.666667,227,233,3.015392,87.287583,0.886221,False,
10361,690.666667,230,231,3.022329,10.322386,0.885695,False,
10361,690.666667,230,232,3.668363,10.920494,0.906419,False,
10361,690.666667,230,233,3.348144,79.439116,0.326408,False,
10361,690.666667,231,232,0.676721,0.598107,0.964762,True,
10361,690.666667,231,233,4.323178,89.761502,0.959022,False,
10361,690.666667,232,233,4.913547,90.359609,0.979052,False,
10371,691.333333,227,231,3.711189,176.837782,0.536947,False,
10371,691.333333,227,232,3.832101,177.433827,0.503431,False,
10371,691.333333,227,233,3.339218,85.886751,0.789812,False,
10371,691.333333,227,235,2.407899,172.892592,0.834788,False,
10371,691.333333,227,236,1.897907,178.051068,0.898246,False,
10371,691.333333,230,231,2.997856,12.872474,0.851926,False,
10371,691.333333,230,232,3.501584,18.600865,0.866261,False,
10371,691.333333,230,233,3.895463,78.078557,0.278884,False,
10371,691.333333,231,232,0.546031,5.728391,0.954260,True,
10371,691.333333,231,233,4.476578,90.951031,0.941484,False,
10371,691.333333,231,235,4.177086,3.945190,0.235121,False,
10371,691.333333,231,236,4.234919,5.111149,0.015752,False,
10371,691.333333,232,233,4.937294,96.679422,0.983581,False,
10371,691.333333,232,235,3.966357,9.673581,0.065699,False,
10371,691.333333,232,236,4.100243,0.617242,0.163613,False,
10371,691.333333,235,236,0.612439,9.056339,0.975923,True,
10381,692.000000,230,231,3.035388,14.234646,0.734137,False,
10381,692.000000,230,232,3.616640,5.190689,0.816602,False,
10381,692.000000,230,233,4.435414,84.837706,0.342346,False,
10381,692.000000,230,234,4.588971,176.116736,0.068165,False,
10381,692.000000,231,232,0.618405,9.043957,0.905236,True,
10381,692.000000,231,233,4.586551,99.072352,0.958970,False,
10381,692.000000,231,235,4.200957,12.066511,0.179439,False,
10381,692.000000,231,236,4.297429,1.525614,0.069260,False,
10381,692.000000,232,235,3.891517,3.022554,0.129789,False,
10381,692.000000,232,236,4.078427,7.518343,0.128252,False,
10381,692.000000,235,236,0.680962,10.540898,0.965903,True,
10391,692.666667,230,231,3.071187,5.079216,0.766822,False,
10391,692.666667,230,232,3.697864,6.567638,0.813104,False,
10391,692.666667,230,233,4.945857,81.847259,0.257084,False,
10391,692.666667,230,234,3.321899,178.608604,0.256749,False,
10391,692.666667,231,232,0.689091,1.488421,0.958337,True,
10391,692.666667,231,233,4.692309,86.926475,0.838866,False,
10391,692.666667,231,235,4.232636,8.621947,0.232192,False,
10391,692.666667,231,236,4.321989,4.485463,0.095342,False,
10391,692.666667,232,235,3.894227,7.133525,0.072193,False,
10391,692.666667,232,236,4.095965,2.997042,0.073032,False,
10391,692.666667,233,236,4.832317,91.411939,0.902935,False,
10391,692.666667,235,236,0.753756,4.136483,0.974852,True,2.964119
10401,693.333333,230,231,3.210107,0.880600,0.733008,False,
10401,693.333333,230,232,3.768231,9.270796,0.733940,False,
10401,693.333333,230,234,2.022602,173.704126,0.302155,False,
10401,693.333333,231,232,0.608288,10.151396,0.927748,True,0.055793
10401,693.333333,231,233,4.975020,83.991062,0.778164,False,
10401,693.333333,231,234,4.040014,174.584726,0.453103,False,
10401,693.333333,231,235,4.191755,16.421494,0.172245,False,
10401,693.333333,231,236,4.326464,4.454793,0.129114,False,
10401,693.333333,232,234,4.415663,164.433330,0.640047,False,
10401,693.333333,232,235,3.876678,6.270098,0.045629,False,
10401,693.333333,232,236,4.092089,5.696603,0.093701,False,
10401,693.333333,233,236,4.734042,88.445855,0.948868,False,
10401,693.333333,235,236,0.637479,11.966701,0.963333,True,0.215739
10411,694.000000,230,231,3.376784,11.148396,0.620215,False,
10411,694.000000,230,232,3.882645,19.742282,0.635181,False,
10411,694.000000,230,234,1.068830,174.108282,0.919697,False,
10411,694.000000,231,232,0.568612,8.593886,0.836124,True,
10411,694.000000,231,234,2.907335,162.959886,0.663361,False,
10411,694.000000,231,235,4.213641,9.959500,0.167894,False,
10411,694.000000,231,236,4.329639,0.817460,0.061582,False,
10411,694.000000,232,234,3.321731,154.366000,0.782725,False,
10411,694.000000,232,235,3.923157,18.553386,0.024780,False,
10411,694.000000,232,236,4.112044,7.776425,0.253799,False,
10411,694.000000,233,236,4.612766,97.775775,0.914417,False,
10411,694.000000,235,236,0.613173,10.776960,0.961626,True,
10421,694.666667,230,231,3.413658,8.564546,0.668913,False,
10421,694.666667,230,232,3.940698,15.161780,0.678354,False,
10421,694.666667,230,234,1.624177,179.124349,0.658049,False,
10421,694.666667,231,232,0.560766,6.597235,0.819919,True,
10421,694.666667,231,234,1.790977,172.311105,0.777145,False,
10421,694.666667,231,235,4.290814,0.093426,0.257330,False,
10421,694.666667,231,236,4.287343,9.349364,0.001520,False,
10421,694.666667,232,234,2.326085,165.713871,0.854408,False,
10421,694.666667,232,235,3.901621,6.503809,0.105077,False,
10421,694.666667,232,236,3.977163,2.752129,0.166332,False,
10421,694.666667,233,236,4.430645,97.774459,0.945758,False,
10421,694.666667,233,237,4.787297,99.796661,0.679560,False,
10421,694.666667,235,236,0.743677,9.255938,0.996672,True,
10421,694.666667,235,237,2.504658,11.278140,0.605292,False,
10421,694.666667,236,237,2.118761,2.022203,0.406804,False,
10431,695.333333,230,231,3.592227,6.349913,0.678165,False,
10431,695.333333,230,232,4.068365,6.171292,0.721461,False,
10431,695.333333,230,234,2.777799,179.259701,0.381659,False,
10431,695.333333,231,232,0.525735,0.178622,0.958671,True,
10431,695.333333,231,234,1.372376,174.390386,0.990272,False,
10431,695.333333,231,235,4.234417,25.047616,0.231964,False,
10431,695.333333,231,236,4.252880,11.206058,0.180284,False,
10431,695.333333,232,234,1.880703,174.569007,0.972384,False,
10431,695.333333,232,235,3.898270,24.868994,0.147511,False,
10431,695.333333,232,236,3.991311,11.027436,0.075603,False,
10431,695.333333,233,234,4.932122,98.646068,0.442981,False,
10431,695.333333,233,236,4.359976,86.950376,0.997760,False,
10431,695.333333,233,237,4.225932,95.473899,0.815750,False,
10431,695.333333,234,235,4.975652,160.561999,0.722224,False,
10431,695.333333,234,236,4.807078,174.403557,0.521771,False,
10431,695.333333,235,236,0.708929,13.841558,0.995812,True,0.487497
10431,695.333333,235,237,2.169925,5.318035,0.719610,True,
10431,695.333333,236,237,1.715247,8.523523,0.429228,False,
10441,696.000000,230,231,3.840184,4.784796,0.638630,False,
10441,696.000000,230,232,4.287346,1.098787,0.710100,False,
10441,696.000000,230,234,4.241134,173.576205,0.017503,False,
10441,696.000000,230,238,3.722774,7.453125,0.318932,False,
10441,696.000000,230,239,3.597691,47.689348,0.166693,False,
10441,696.000000,231,232,0.534991,3.686009,0.961717,True,
10441,696.000000,231,234,1.752623,178.361001,0.820969,False,
10441,696.000000,231,235,4.208771,4.329685,0.232685,False,
10441,696.000000,231,236,4.126333,8.354891,0.062738,False,
10441,696.000000,232,234,2.103752,174.674992,0.939355,False,
10441,696.000000,232,235,3.939350,8.015693,0.155384,False,
10441,696.000000,232,236,3.924242,12.040899,0.024982,False,
10441,696.000000,233,234,4.172888,94.295646,0.602311,False,
10441,696.000000,233,235,4.958750,88.395039,0.999967,False,
10441,696.000000,233,236,4.388982,92.420245,0.998256,False,
10441,696.000000,233,237,3.885922,93.689235,0.915879,False,
10441,696.000000,234,235,3.910848,177.309314,0.645853,False,
10441,696.000000,234,236,3.598872,173.284109,0.583374,False,
10441,696.000000,234,237,4.550352,172.015119,0.723807,False,
10441,696.000000,235,236,0.569947,4.025206,0.998685,True,
10441,696.000000,235,237,1.793263,5.294195,0.751609,True,
10441,696.000000,236,237,1.454139,1.268989,0.554770,False,
10441,696.000000,238,239,0.474724,40.236223,0.852485,False,
10451,696.666667,230,231,3.875866,16.328098,0.571453,False,
10451,696.666667,230,232,4.319255,13.544276,0.650159,False,
10451,696.666667,230,238,3.245147,50.981966,0.421923,False,
10451,696.666667,230,239,3.096199,76.093166,0.314325,False,
10451,696.666667,231,232,0.552899,2.783822,0.910506,True,
10451,696.666667,231,234,2.759991,172.107040,0.397380,False,
10451,696.666667,231,235,4.219091,4.030392,0.185573,False,
10451,696.666667,231,236,4.215977,9.226276,0.109297,False,
10451,696.666667,232,234,2.914599,174.890862,0.586675,False,
10451,696.666667,232,235,3.932044,1.246570,0.095101,False,
10451,696.666667,232,236,4.020646,12.010098,0.209091,False,
10451,696.666667,232,237,4.933595,8.035977,0.322902,False,
10451,696.666667,233,234,3.445900,95.471697,0.715361,False,
10451,696.666667,233,236,4.302856,101.647539,0.988765,False,
10451,696.666667,233,237,3.610277,97.673418,0.957831,False,
10451,696.666667,234,235,3.007969,176.137432,0.864431,False,
10451,696.666667,234,236,2.517642,162.880764,0.838663,False,
10451,696.666667,234,237,2.867214,166.854885,0.941545,False,
10451,696.666667,235,236,0.756885,13.256668,0.999963,True,
10451,696.666667,235,237,1.721061,9.282547,0.901268,True,
10451,696.666667,236,237,1.080363,3.974121,0.783565,True,
10451,696.666667,237,238,11.759432,29.401713,0.011442,False,5.872684
10451,696.666667,237,239,11.614734,97.673418,0.016495,False,5.662797
10451,696.666667,238,239,0.455823,127.075131,0.671820,False,
10461,697.333333,230,231,3.988273,4.987997,0.511704,False,
10461,697.333333,230,232,4.411633,7.701380,0.570292,False,
10461,697.333333,230,238,2.756625,87.346746,0.409199,False,
10461,697.333333,230,239,2.544423,87.346746,0.249278,False,
10461,697.333333,231,232,0.564478,2.713384,0.942625,True,
10461,697.333333,231,234,3.872947,178.103629,0.319585,False,
10461,697.333333,231,235,4.244653,16.276406,0.097781,False,
10461,697.333333,231,236,4.112038,2.506448,0.034167,False,
10461,697.333333,231,237,4.646313,7.803121,0.204717,False,
10461,697.333333,232,234,3.950781,175.390245,0.419740,False,
10461,697.333333,232,235,3.978579,13.563022,0.048005,False,
10461,697.333333,232,236,3.941177,0.206936,0.121955,False,
10461,697.333333,232,237,4.566109,5.089737,0.336087,False,
10461,697.333333,233,234,2.884200,94.972296,0.852135,False,
10461,697.333333,233,236,4.286890,89.430524,0.985398,False,
10461,697.333333,233,237,3.450624,94.727196,0.999817,False,
10461,697.333333,234,235,2.489712,161.827223,0.999964,False,
10461,697.333333,234,236,1.758569,175.597181,0.980757,False,
10461,697.333333,234,237,1.377177,170.300508,0.989346,False,
10461,697.333333,235,236,0.749464,13.769958,0.982849,True,0.933529
10461,697.333333,235,237,1.587004,8.473285,0.991425,True,
10461,697.333333,236,237,0.916878,5.296673,0.884074,True,
10461,697.333333,237,239,10.796002,74.555629,0.019564,False,5.193615
10461,697.333333,238,239,0.496760,0.000000,0.039344,False,
10471,698.000000,230,231,4.122840,10.817679,0.511018,False,
10471,698.000000,230,232,4.527439,9.305794,0.579467,False,
10471,698.000000,230,238,2.256729,78.870033,0.552021,False,
10471,698.000000,230,239,2.043777,90.424066,0.353816,False,
10471,698.000000,231,232,0.519680,1.511886,0.915092,True,
10471,698.000000,231,235,4.265011,5.211003,0.103688,False,
10471,698.000000,231,236,4.148473,2.750460,0.037459,False,
10471,698.000000,231,237,4.253828,5.478942,0.256894,False,
10471,698.000000,232,235,4.004267,6.722888,0.011382,False,
10471,698.000000,232,236,3.954406,1.238574,0.069513,False,
10471,698.000000,232,237,4.163554,6.990828,0.361824,False,
10471,698.000000,233,234,2.559696,90.074059,0.976077,False,
10471,698.000000,233,235,4.988565,99.199124,0.990469,False,
10471,698.000000,233,236,4.432550,91.237661,0.949765,False,
10471,698.000000,233,237,3.585695,99.467063,0.977136,False,
10471,698.000000,234,235,2.434107,170.726817,0.903416,False,
10471,698.000000,234,236,1.895457,178.688280,0.899188,False,
10471,698.000000,234,237,1.108767,170.458877,0.181828,False,
10471,698.000000,235,236,0.590053,7.961462,0.990632,True,
10471,698.000000,235,237,1.458298,0.267940,0.992376,True,
10471,698.000000,236,237,0.872033,8.229402,0.999823,True,
10471,698.000000,237,239,10.015297,74.127445,0.012762,False,4.782745
10471,698.000000,238,239,0.455997,169.294099,0.000197,False,
10481,698.666667,230,231,4.197974,24.864564,0.384085,False,
10481,698.666667,230,232,4.521298,12.729591,0.544891,False,
10481,698.666667,230,238,1.878102,88.584477,0.731031,False,
10481,698.666667,230,239,1.580647,141.518065,0.536364,False,
10481,698.666667,231,232,0.560430,12.134974,0.951337,True,
10481,698.666667,231,235,4.209002,14.595703,0.081930,False,
10481,698.666667,231,236,4.053179,4.519225,0.166498,False,
10481,698.666667,231,237,3.797082,5.212785,0.394208,False,
10481,698.666667,232,235,4.040605,2.460729,0.046545,False,
10481,698.666667,232,236,3.970093,7.615749,0.200353,False,
10481,698.666667,232,237,3.861397,6.922188,0.464618,False,
10481,698.666667,233,234,2.471727,85.886346,0.979116,False,
10481,698.666667,233,236,4.509223,102.513050,0.976453,False,
10481,698.666667,233,237,3.768677,101.819490,0.922027,False,
10481,698.666667,234,235,3.101866,178.322918,0.810741,False,
10481,698.666667,234,236,2.694713,171.600604,0.580932,False,
10481,698.666667,234,237,2.497483,172.294164,0.678187,False,
10481,698.666667,235,236,0.645494,10.076478,0.978645,True,
10481,698.666667,235,237,1.683982,9.382917,0.936620,True,
10481,698.666667,236,237,1.047079,0.693560,0.879009,True,
10481,698.666667,237,238,9.325235,108.236256,0.058125,False,4.118314
10481,698.666667,237,239,9.157384,121.866286,0.022668,False,4.029052
10481,698.666667,238,239,0.458980,129.897458,0.635256,False,
10491,699.333333,230,231,4.306916,12.073024,0.305607,False,
10491,699.333333,230,232,4.612121,7.556221,0.447822,False,
10491,699.333333,230,238,1.468321,95.587378,0.805248,False,
10491,699.333333,230,239,1.142600,84.870203,0.645563,False,
10491,699.333333,231,232,0.628739,4.516804,0.975795,True,
10491,699.333333,231,235,4.130085,3.084320,0.104104,False,
10491,699.333333,231,236,4.038590,1.611238,0.089219,False,
10491,699.333333,231,237,3.331255,1.676234,0.366650,False,
10491,699.333333,232,235,3.967985,1.432483,0.010330,False,
10491,699.333333,232,236,3.988957,2.905566,0.204801,False,
10491,699.333333,232,237,3.472347,2.840570,0.506638,False,
10491,699.333333,233,234,2.866272,84.967067,0.827586,False,
10491,699.333333,233,236,4.569998,95.331989,0.946077,False,
10491,699.333333,233,237,4.186251,95.266993,0.818896,False,
10491,699.333333,234,235,4.043279,178.825974,0.675242,False,
10491,699.333333,234,236,3.669055,179.700944,0.526753,False,
10491,699.333333,234,237,4.159318,179.765940,0.218393,False,
10491,699.333333,235,236,0.732443,1.473083,0.995295,True,
10491,699.333333,235,237,1.904120,1.408086,0.856237,True,
10491,699.333333,236,237,1.280768,0.064996,0.697596,False,
10491,699.333333,237,238,8.466730,105.984168,0.112387,False,3.878048
10491,699.333333,237,239,8.316084,95.266993,0.034194,False,3.813118
10491,699.333333,238,239,0.401964,10.717175,0.048650,False,
10501,700.000000,230,231,4.492752,0.101643,0.337317,False,
10501,700.000000,230,232,4.780795,3.705531,0.419324,False,
10501,700.000000,230,238,1.161842,139.742508,0.939365,False,
10501,700.000000,230,239,0.770725,82.540886,0.922095,False,
10501,700.000000,231,232,0.610833,3.603888,0.992473,True,0.139151
10501,700.000000,231,235,4.048416,3.775743,0.196246,False,
10501,700.000000,231,236,4.036346,0.019229,0.071339,False,
10501,700.000000,231,237,2.945342,10.102923,0.397147,False,
10501,700.000000,232,235,3.898897,0.171855,0.018617,False,
10501,700.000000,232,236,3.984575,3.584659,0.114338,False,
10501,700.000000,232,237,3.124382,6.499036,0.579097,False,
10501,700.000000,233,236,4.742325,61.309566,0.882139,False,
10501,700.000000,233,237,4.684909,51.225871,0.767312,False,
10501,700.000000,235,236,0.648735,3.756515,0.995185,True,
10501,700.000000,235,237,2.092597,6.327180,0.764209,True,
10501,700.000000,236,237,1.648098,10.083695,0.591046,False,
10501,700.000000,237,238,7.677499,149.947075,0.063908,False,3.613634
10501,700.000000,237,239,7.525388,92.745452,0.053853,False,3.573418
10501,700.000000,238,239,0.401811,57.201623,0.047871,False,
10511,700.666667,231,232,0.575922,3.593611,0.999519,True,
10511,700.666667,231,235,4.039777,8.839141,0.205149,False,
10511,700.666667,231,236,4.053394,0.469919,0.041261,False,
10511,700.666667,231,237,2.648182,1.327291,0.490022,False,
10511,700.666667,231,238,4.971896,76.152475,0.406215,False,
10511,700.666667,231,239,4.715659,53.738018,0.377861,False,
10511,700.666667,232,235,4.004536,12.432751,0.030261,False,
10511,700.666667,232,236,4.115591,3.123691,0.212529,False,
10511,700.666667,232,237,2.966557,2.266319,0.648578,False,
10511,700.666667,232,239,4.949391,57.331629,0.421101,False,
10511,700.666667,233,236,4.964984,58.062719,0.944940,False,
10511,700.666667,235,236,0.688768,9.309060,0.990255,True,
10511,700.666667,235,237,2.458895,10.166432,0.755329,True,
10511,700.666667,236,237,2.050409,0.857372,0.526831,False,
10511,700.666667,237,239,6.748300,55.065310,0.051504,False,3.258189
10511,700.666667,238,239,0.453332,129.890494,0.995468,False,
10521,701.333333,231,232,0.558195,6.141664,0.953439,True,
10521,701.333333,231,235,4.146161,4.924585,0.134928,False,
10521,701.333333,231,236,4.093485,2.652445,0.111396,False,
10521,701.333333,231,237,2.335398,3.550123,0.514627,False,
10521,701.333333,231,238,4.583843,30.957682,0.395111,False,
10521,701.333333,231,239,4.309759,93.030323,0.278259,False,
10521,701.333333,232,235,3.986639,11.066249,0.046412,False,
10521,701.333333,232,236,4.037858,3.489219,0.297934,False,
10521,701.333333,232,237,2.566831,9.691787,0.704267,False,
10521,701.333333,232,238,4.954029,24.816019,0.377382,False,
10521,701.333333,232,239,4.649468,86.888660,0.257770,False,
10521,701.333333,233,240,4.809628,67.946231,0.844654,False,
10521,701.333333,235,236,0.771331,7.577030,0.998869,True,
10521,701.333333,235,237,2.745822,1.374462,0.665493,False,
10521,701.333333,235,240,5.282273,6.043163,0.107131,False,9.427740
10521,701.333333,236,237,2.309197,6.202568,0.416363,False,
10521,701.333333,238,239,0.436747,62.072641,0.001035,False,
10531,702.000000,231,232,0.532010,1.166000,0.970495,True,
10531,702.000000,231,235,4.224392,1.713877,0.194778,False,
10531,702.000000,231,236,4.168703,0.254097,0.020024,False,
10531,702.000000,231,237,2.120368,4.905239,0.558249,False,
10531,702.000000,231,238,4.180975,89.361173,0.555569,False,
10531,702.000000,231,239,3.886556,108.935555,0.451437,False,
10531,702.000000,232,235,4.014794,2.879877,0.087515,False,
10531,702.000000,232,236,4.056325,1.420096,0.095922,False,
10531,702.000000,232,237,2.325715,6.071239,0.722499,True,
10531,702.000000,232,238,4.591719,88.195174,0.633900,False,
10531,702.000000,232,239,4.273297,110.101554,0.545654,False,
10531,702.000000,235,236,0.789429,1.459781,0.999584,True,
10531,702.000000,235,237,3.031821,3.191362,0.595008,False,
10531,702.000000,235,240,5.075830,3.249543,0.124992,False,8.411178
10531,702.000000,236,237,2.623616,4.651143,0.394803,False,
10531,702.000000,236,240,4.998520,1.789762,0.040487,False,9.512122
10531,702.000000,237,239,5.271496,104.030316,0.047114,False,2.497612
10531,702.000000,238,239,0.420859,161.703272,0.525125,False,
10541,702.666667,231,232,0.578841,4.051542,0.994566,True,
10541,702.666667,231,235,4.237343,1.444247,0.233258,False,
10541,702.666667,231,236,4.167590,0.018085,0.069179,False,
10541,702.666667,231,237,1.802811,3.103750,0.646501,False,
10541,702.666667,231,238,3.887021,102.143252,0.581417,False,
10541,702.666667,231,239,3.587424,119.543319,0.449289,False,
10541,702.666667,232,235,4.054621,5.495789,0.137779,False,
10541,702.666667,232,236,4.087248,4.069627,0.034257,False,
10541,702.666667,232,237,2.152884,7.155292,0.793181,True,
10541,702.666667,232,238,4.333073,106.194794,0.702793,False,
10541,702.666667,232,239,4.008900,123.594861,0.597406,False,
10541,702.666667,235,236,0.751614,1.426162,0.998582,True,6.528001
10541,702.666667,235,237,3.445810,1.659503,0.588795,False,
10541,702.666667,235,240,4.856586,4.563029,0.172310,False,
10541,702.666667,236,237,3.078313,3.085665,0.421985,False,
10541,702.666667,236,240,4.791246,5.989192,0.008213,False,
10541,702.666667,237,238,4.613360,99.039502,0.212021,False,
10541,702.666667,237,239,4.440575,116.439569,0.095857,False,
10541,702.666667,238,239,0.401964,17.400067,0.567670,False,
10551,703.333333,231,232,0.590196,12.988111,0.912378,True,
10551,703.333333,231,235,4.257356,1.336380,0.163385,False,
10551,703.333333,231,236,4.202357,9.055178,0.086674,False,
10551,703.333333,231,237,1.469622,0.527115,0.794042,True,
10551,703.333333,231,238,3.613932,98.091964,0.523591,False,
10551,703.333333,231,239,3.277165,121.185226,0.348852,False,
10551,703.333333,232,235,4.015341,11.651731,0.077204,False,
10551,703.333333,232,236,4.064466,3.932933,0.329813,False,
10551,703.333333,232,237,1.867627,12.460996,0.949781,True,
10551,703.333333,232,238,4.126903,85.103852,0.387193,False,
10551,703.333333,232,239,3.776832,108.197115,0.193689,False,
10551,703.333333,235,236,0.770676,7.718798,0.996930,True,
10551,703.333333,235,237,3.803191,0.809265,0.489152,False,
10551,703.333333,235,240,4.622804,1.982903,0.190759,False,7.573854
10551,703.333333,236,237,3.491436,8.528063,0.269093,False,
10551,703.333333,236,240,4.530311,9.701701,0.077807,False,
10551,703.333333,237,238,3.841078,97.564848,0.227236,False,
10551,703.333333,237,239,3.601199,120.658111,0.089342,False,
10551,703.333333,238,239,0.379892,23.093262,0.731848,False,
10561,704.000000,231,232,0.437152,17.317315,0.904279,False,
10561,704.000000,231,235,4.235008,12.017504,0.183897,False,
10561,704.000000,231,236,4.149000,9.117263,0.004404,False,
10561,704.000000,231,237,1.326550,4.864127,0.898393,True,
10561,704.000000,232,235,4.012695,5.299811,0.056141,False,
10561,704.000000,232,236,4.009902,8.200052,0.241504,False,
10561,704.000000,232,237,1.661568,12.453188,0.987246,True,
10561,704.000000,235,236,0.859378,2.900241,0.995548,True,
10561,704.000000,235,237,4.153616,7.153377,0.461628,False,
10561,704.000000,235,240,4.397371,2.641199,0.240119,False,
10561,704.000000,236,237,3.801386,4.253136,0.294675,False,
10561,704.000000,236,240,4.352120,0.259042,0.026605,False,6.845480
10571,704.666667,231,232,0.367081,3.855457,0.963368,False,
10571,704.666667,231,235,4.208505,10.724332,0.185549,False,
10571,704.666667,231,236,4.140795,3.806568,0.144581,False,
10571,704.666667,231,237,1.219724,2.721930,0.959322,True,
10571,704.666667,231,241,2.831636,56.951078,0.687740,False,
10571,704.666667,232,235,4.015258,14.579789,0.144787,False,
10571,704.666667,232,236,4.006296,0.048889,0.093619,False,
10571,704.666667,232,237,1.532808,6.577386,0.985554,True,
10571,704.666667,232,241,3.186465,60.806535,0.753559,False,
10571,704.666667,235,236,0.733570,14.530900,0.999106,True,0.549784
10571,704.666667,235,237,4.344661,8.002403,0.453963,False,
10571,704.666667,235,240,4.149387,3.195732,0.279730,False,
10571,704.666667,235,243,7.849306,3.530474,0.145761,False,8.850199
10571,704.666667,236,237,4.069520,6.528498,0.390946,False,
10571,704.666667,236,240,4.091038,17.726632,0.013364,False,
10571,704.666667,237,241,2.281357,54.229149,0.374676,False,
10571,704.666667,240,243,3.717319,6.726206,0.109136,False,
10581,705.333333,231,232,0.479359,61.230025,0.957997,False,
10581,705.333333,231,235,4.114423,39.105295,0.400913,False,
10581,705.333333,231,236,4.108705,34.087430,0.299494,False,
10581,705.333333,231,237,1.204149,36.889191,0.998232,False,
10581,705.333333,231,241,2.744805,83.910204,0.952180,False,
10581,705.333333,232,235,3.927035,22.124730,0.238138,False,
10581,705.333333,232,236,3.996377,27.142595,0.366308,False,
10581,705.333333,232,237,1.677665,24.340834,0.932711,False,
10581,705.333333,232,241,3.202841,22.680178,0.436964,False,
10581,705.333333,235,236,0.666319,5.017865,0.999499,True,0.832029
10581,705.333333,235,237,4.586140,2.216104,0.352149,False,
10581,705.333333,235,240,3.933344,0.573369,0.280743,False,
10581,705.333333,236,237,4.405375,2.801761,0.244210,False,
10581,705.333333,236,240,3.803543,4.444496,0.083180,False,
10581,705.333333,236,243,7.437663,2.760319,0.009314,False,8.212175
10581,705.333333,237,241,1.791974,47.021013,0.453483,False,
10581,705.333333,240,243,3.634307,7.204815,0.059826,False,
10591,706.000000,231,232,0.520511,103.943489,0.967159,False,
10591,706.000000,231,235,3.997712,64.182065,0.539578,False,
10591,706.000000,231,236,4.051271,65.264375,0.376129,False,
10591,706.000000,231,237,1.809057,60.309917,0.999052,False,
10591,706.000000,232,235,4.105423,39.761425,0.441465,False,
10591,706.000000,232,236,4.074367,38.679115,0.580480,False,
10591,706.000000,232,237,1.312460,43.633573,0.615057,False,
10591,706.000000,235,236,0.664908,1.082310,0.992633,True,
10591,706.000000,235,237,4.992496,3.872148,0.273592,False,
10591,706.000000,235,240,3.662185,1.346553,0.353510,False,
10591,706.000000,236,237,4.810513,4.954458,0.139580,False,
10591,706.000000,236,240,3.547322,2.428863,0.186030,False,6.414457
10591,706.000000,240,243,3.577875,11.076644,0.032392,False,
10601,706.666667,235,236,0.683024,3.772845,0.998827,True,
10601,706.666667,235,240,3.547991,1.098980,0.240140,False,
10601,706.666667,236,240,3.428325,2.673865,0.023906,False,5.087999
10601,706.666667,240,243,3.346007,1.947640,0.000088,False,
10611,707.333333,235,236,0.633445,8.559338,0.966791,True,0.322379
10611,707.333333,235,240,3.323861,0.911067,0.291592,False,
10611,707.333333,235,243,6.675903,2.379505,0.149435,False,8.795786
10611,707.333333,236,240,3.087229,9.470405,0.061090,False,
10611,707.333333,236,247,4.812422,178.644291,0.548737,False,
10611,707.333333,240,243,3.391255,3.290572,0.056340,False,
10611,707.333333,247,251,0.430543,97.488739,0.588211,False,
10621,708.000000,235,236,0.585402,8.544949,0.999275,True,
10621,708.000000,235,240,3.032915,3.345313,0.440105,False,
10621,708.000000,235,243,6.257844,11.916312,0.177636,False,6.359984
10621,708.000000,235,247,4.689835,20.497196,0.502906,False,
10621,708.000000,236,240,2.826514,5.199636,0.210417,False,
10621,708.000000,236,243,6.122747,3.371363,0.039728,False,7.033006
10621,708.000000,236,247,4.443222,11.952247,0.501119,False,
10621,708.000000,236,251,4.956485,92.567820,0.453481,False,
10621,708.000000,240,243,3.312317,8.570999,0.020843,False,
10621,708.000000,243,252,2.854490,9.412131,0.188697,False,
10621,708.000000,243,253,3.150600,4.238287,0.361732,False,
10621,708.000000,247,251,0.517301,80.615573,0.531983,False,
10621,708.000000,252,253,0.528200,5.173844,0.927358,True,
10631,708.666667,235,236,0.526459,4.791197,0.999766,True,
10631,708.666667,235,240,2.849706,4.617214,0.285483,False,4.630632
10631,708.666667,235,243,5.941293,6.150679,0.095027,False,4.899906
10631,708.666667,235,247,4.541954,11.485059,0.617907,False,
10631,708.666667,236,240,2.687097,9.408411,0.143954,False,
10631,708.666667,236,247,4.297828,16.276255,0.479133,False,
10631,708.666667,240,243,3.169190,1.533465,0.079939,False,4.677339
10631,708.666667,243,252,3.098887,7.741768,0.226425,False,
10631,708.666667,243,253,3.360821,5.212531,0.385322,False,
10631,708.666667,252,253,0.556769,2.529237,0.969178,True,
10641,709.333333,235,236,0.649136,2.491539,0.999749,True,
10641,709.333333,235,240,2.635505,4.373006,0.315247,False,3.639250
10641,709.333333,235,243,5.382280,2.454063,0.144133,False,5.449399
10641,709.333333,235,247,4.337704,169.451468,0.493566,False,
10641,709.333333,236,240,2.476344,6.864545,0.091570,False,3.476389
10641,709.333333,236,243,5.308667,4.945602,0.039314,False,5.638809
10641,709.333333,236,247,3.991250,166.959929,0.324339,False,
10641,709.333333,240,243,2.843419,1.918943,0.065285,False,7.418192
10641,709.333333,243,252,3.549171,5.323530,0.097807,False,
10641,709.333333,243,253,3.777029,1.356408,0.279117,False,
10641,709.333333,252,253,0.557064,6.679939,0.968580,True,
10651,710.000000,235,236,0.557385,13.986039,0.983375,True,
10651,710.000000,235,240,2.363318,18.664719,0.436346,False,2.935680
10651,710.000000,235,243,5.208461,16.613534,0.258554,False,4.310115
10651,710.000000,235,247,3.842092,147.138246,0.356306,False,
10651,710.000000,236,240,2.236687,4.678680,0.124381,False,3.540224
10651,710.000000,236,243,5.152081,2.627495,0.081293,False,4.747866
10651,710.000000,236,247,3.476941,161.124285,0.510604,False,
10651,710.000000,240,243,2.922884,2.051185,0.004616,False,4.746768
10651,710.000000,243,252,3.567401,6.179261,0.084124,False,
10651,710.000000,243,253,3.844562,2.634403,0.301956,False,
10651,710.000000,252,253,0.663781,8.813664,0.967857,True,
10661,710.666667,235,236,0.503569,0.874820,0.980272,True,
10661,710.666667,235,240,2.149692,6.794421,0.336715,False,4.726076
10661,710.666667,235,243,4.523338,5.020511,0.168232,False,3.387965
10661,710.666667,235,247,3.701190,24.888840,0.693919,False,
10661,710.666667,236,240,2.105751,5.919601,0.099003,False,4.369014
10661,710.666667,236,243,4.539349,4.145691,0.052431,False,3.200092
10661,710.666667,236,247,3.340279,24.014021,0.631010,False,
10661,710.666667,240,243,2.439727,1.773910,0.028159,False,2.101181
10661,710.666667,243,252,4.063657,4.941292,0.103103,False,
10661,710.666667,243,253,4.336264,5.076599,0.197342,False,
10661,710.666667,252,253,0.702541,10.017891,0.970299,True,0.684842
10671,711.333333,235,236,0.544209,1.260708,0.988739,True,
10671,711.333333,235,240,2.100338,9.927736,0.343439,False,
10671,711.333333,235,243,4.266167,15.503097,0.257762,False,
10671,711.333333,235,247,3.414559,1.113120,0.790689,False,
10671,711.333333,236,240,1.945285,8.667028,0.107086,False,
10671,711.333333,236,243,4.166144,14.242389,0.149527,False,
10671,711.333333,236,247,3.067902,0.147588,0.690883,False,
10671,711.333333,240,243,2.223229,5.575361,0.159323,False,
10671,711.333333,240,247,4.655412,8.814616,0.321033,False,
10671,711.333333,243,247,6.749806,14.389977,0.098336,False,3.872457
10671,711.333333,243,252,4.354673,14.182344,0.055861,False,
10671,711.333333,243,253,4.650698,4.395021,0.089978,False,
10671,711.333333,252,253,0.542981,9.787323,0.920906,True,
10681,712.000000,235,236,0.529208,0.229113,0.994737,True,
10681,712.000000,235,240,2.040880,4.043736,0.433199,False,
10681,712.000000,235,243,3.996957,5.015302,0.281513,False,
10681,712.000000,235,247,3.280819,155.034453,0.558793,False,
10681,712.000000,236,240,1.840553,3.814623,0.195824,False,
10681,712.000000,236,243,3.856548,4.786189,0.156984,False,
10681,712.000000,236,247,2.926691,154.805340,0.421260,False,
10681,712.000000,240,243,2.021373,0.971566,0.127933,False,3.489593
10681,712.000000,240,247,4.292818,150.990717,0.137240,False,
10681,712.000000,243,252,4.593506,3.135072,0.079103,False,
10681,712.000000,243,253,4.906661,4.706500,0.189907,False,
10681,712.000000,252,253,0.577981,1.571428,0.922173,True,
10691,712.666667,235,236,0.550222,15.229397,0.997562,True,
10691,712.666667,235,240,1.873058,6.251249,0.414838,False,
10691,712.666667,235,243,3.685762,8.901866,0.269080,False,
10691,712.666667,235,247,2.939828,179.817448,0.923363,False,
10691,712.666667,236,240,1.645748,8.978147,0.248412,False,2.587872
10691,712.666667,236,243,3.522923,6.327531,0.218485,False,3.877979
10691,712.666667,236,247,2.502124,164.588052,0.561166,False,
10691,712.666667,240,243,1.881254,2.650617,0.116453,False,4.134374
10691,712.666667,240,247,3.528989,173.566199,0.446682,False,
10691,712.666667,243,252,4.697040,10.850334,0.145214,False,
10691,712.666667,252,253,0.615873,2.010214,0.904073,True,
10701,713.333333,235,236,0.716057,10.385162,0.976466,True,
10701,713.333333,235,240,1.827962,17.861699,0.492917,False,
10701,713.333333,235,243,3.488216,17.794029,0.324898,False,
10701,713.333333,235,247,2.839206,5.449157,0.978179,False,
10701,713.333333,236,240,1.511924,7.476537,0.207466,False,
10701,713.333333,236,243,3.248653,7.408867,0.200055,False,
10701,713.333333,236,247,2.238535,4.936005,0.864510,True,
10701,713.333333,240,243,1.737024,0.067670,0.232458,False,3.739769
10701,713.333333,240,247,3.155807,12.412542,0.448346,False,
10701,713.333333,243,247,4.634366,12.344872,0.221753,False,
10701,713.333333,243,252,4.876157,14.414260,0.148693,False,
10701,713.333333,252,253,0.613286,0.000484,0.861098,True,
10711,714.000000,235,236,0.689950,9.971854,0.959298,True,0.582125
10711,714.000000,235,240,1.815647,3.066326,0.554925,False,8.675737
10711,714.000000,235,243,3.317257,1.236060,0.371228,False,
10711,714.000000,235,247,2.828917,78.339794,0.923763,False,
10711,714.000000,236,240,1.395742,6.905528,0.161130,False,
10711,714.000000,236,243,3.004359,11.207914,0.116621,False,
10711,714.000000,236,247,2.225190,88.311648,0.936891,False,
10711,714.000000,240,243,1.621430,4.302386,0.076057,False,3.255147
10711,714.000000,240,247,2.748710,81.406121,0.553772,False,
10711,714.000000,243,247,4.086757,77.103734,0.269356,False,
10711,714.000000,252,253,0.626038,8.538388,0.822579,True,
10711,714.000000,253,254,4.819512,6.928406,0.288686,False,
10721,714.666667,235,236,0.590805,4.994378,0.989237,True,
10721,714.666667,235,240,1.703650,8.253488,0.390660,False,4.561780
10721,714.666667,235,243,3.108915,2.094295,0.289502,False,
10721,714.666667,235,255,1.924361,167.214105,0.987400,False,
10721,714.666667,236,240,1.407670,13.247866,0.128234,False,
10721,714.666667,236,243,2.863379,7.088673,0.152114,False,6.291108
10721,714.666667,236,255,1.404483,162.219727,0.969293,False,
10721,714.666667,240,243,1.455995,6.159192,0.045020,False,2.070162
10721,714.666667,240,255,2.209002,175.467593,0.742668,False,
10721,714.666667,243,255,3.488058,169.308400,0.956500,False,
10721,714.666667,252,253,0.685743,5.054177,0.958808,True,0.691850
10721,714.666667,252,254,4.789198,12.410523,0.076595,False,
10721,714.666667,253,254,4.634222,7.356346,0.246814,False,
10731,715.333333,235,236,0.737576,38.477215,0.985476,False,
10731,715.333333,235,240,1.621930,30.042564,0.538339,False,
10731,715.333333,235,243,2.803312,19.961934,0.251341,False,
10731,715.333333,235,255,2.096043,162.545927,0.990073,False,
10731,715.333333,235,256,2.811011,38.732781,0.999430,False,
10731,715.333333,236,240,1.428241,8.434651,0.317801,False,
10731,715.333333,236,243,2.689569,18.515281,0.208773,False,
10731,715.333333,236,255,1.391618,158.976858,0.757698,False,
10731,715.333333,236,256,2.078159,0.255567,0.969698,True,
10731,715.333333,240,243,1.261333,10.080630,0.148443,False,2.777312
10731,715.333333,240,255,1.565699,167.411509,0.927631,False,
10731,715.333333,240,256,2.334129,8.690218,0.699087,False,
10731,715.333333,243,255,2.512215,177.492140,0.577950,False,
10731,715.333333,243,256,3.139802,18.770848,0.522988,False,
10731,715.333333,252,253,0.518980,7.599116,0.977861,True,
10731,715.333333,252,254,4.556239,16.827816,0.048338,False,
10731,715.333333,253,254,4.443798,9.228700,0.210302,False,
10731,715.333333,255,256,0.797995,158.721292,0.984373,False,
10741,716.000000,240,243,1.228231,8.803557,0.079858,False,
10741,716.000000,240,255,1.095184,179.350105,0.994694,False,
10741,716.000000,240,256,2.193582,47.436723,0.897057,False,
10741,716.000000,243,255,1.534713,170.546548,0.465012,False,
10741,716.000000,243,256,2.967012,38.633166,0.774431,False,
10741,716.000000,252,253,0.569599,0.044316,0.946393,True,
10741,716.000000,252,254,4.318595,6.377766,0.162546,False,
10741,716.000000,253,254,4.224610,6.333450,0.291053,False,
10741,716.000000,255,256,1.440100,131.913382,0.577993,False,
10751,716.666667,240,243,1.194481,5.462577,0.250389,False,
10751,716.666667,240,255,1.801205,171.051926,0.849143,False,
10751,716.666667,240,256,1.985874,144.082352,0.971093,False,
10751,716.666667,243,255,1.260565,165.589349,0.910917,False,
10751,716.666667,243,256,2.558948,138.619775,0.989857,False,
10751,716.666667,252,253,0.519741,1.233822,0.976353,True,
10751,716.666667,252,254,4.184101,11.622282,0.102293,False,
10751,716.666667,253,254,4.091475,12.856104,0.212148,False,
10751,716.666667,255,256,1.903721,26.969574,0.310901,False,
10761,717.333333,252,253,0.584516,6.559303,0.998080,True,
10761,717.333333,252,254,4.052607,16.911892,0.095903,False,
10761,717.333333,252,255,4.628403,160.103295,0.236590,False,
10761,717.333333,253,254,4.055292,23.471195,0.175429,False,
10781,718.666667,254,257,3.848171,93.506153,0.992563,False,
10781,718.666667,255,257,3.143210,78.845696,0.927600,False,1.215173
10791,719.333333,254,255,3.899366,171.663445,0.600573,False,
10791,719.333333,254,257,3.014275,99.547230,0.975040,False,
10791,719.333333,255,257,2.323477,72.116216,0.913839,False,0.889736
10791,719.333333,255,258,3.373454,6.702567,0.094951,False,
10801,720.000000,254,255,2.559475,173.942912,0.272500,False,
10801,720.000000,254,257,2.118444,104.583758,0.811148,False,
10801,720.000000,255,257,1.566996,69.359154,0.848965,False,
10801,720.000000,255,258,3.521029,2.865769,0.073469,False,
10811,720.666667,254,255,1.725756,173.172681,0.481611,False,
10811,720.666667,254,257,1.433911,103.509885,0.445169,False,
10811,720.666667,254,258,4.621620,168.372985,0.875555,False,
10811,720.666667,255,257,1.018343,69.662796,0.617148,False,
10811,720.666667,255,258,3.513934,4.799695,0.134399,False,
10811,720.666667,257,258,4.530311,64.863100,0.677341,False,
10821,721.333333,254,255,1.423273,179.344347,0.996454,False,
10821,721.333333,254,257,1.192885,109.879708,0.217706,False,
10821,721.333333,254,258,3.439579,172.936614,0.722647,False,
10821,721.333333,255,257,0.875925,69.464640,0.131767,False,
10821,721.333333,255,258,3.476775,6.407733,0.134596,False,
10821,721.333333,257,258,4.127347,63.056907,0.615863,False,
10831,722.000000,254,255,2.143808,179.774527,0.678520,False,
10831,722.000000,254,257,1.760383,108.664559,0.701720,False,
10831,722.000000,254,258,2.435129,170.411831,0.983759,False,
10831,722.000000,255,257,1.194064,71.109968,0.791361,False,
10831,722.000000,255,258,3.831336,9.362696,0.170769,False,
10831,722.000000,257,258,4.030148,61.747272,0.491680,False,
10841,722.666667,254,255,3.312271,178.456559,0.572560,False,
10841,722.666667,254,257,2.554919,98.789191,0.803500,False,
10841,722.666667,254,258,1.262870,175.127096,0.596987,False,
10841,722.666667,255,257,1.786990,79.667368,0.923248,False,
10841,722.666667,255,258,3.853010,3.329463,0.208553,False,
10841,722.666667,257,258,3.595399,76.337905,0.401840,False,
10851,723.333333,254,255,4.678225,174.569122,0.021286,False,
10851,723.333333,254,257,3.347136,96.526762,0.889699,False,
10851,723.333333,254,258,0.906177,179.276779,0.982622,False,
10851,723.333333,254,259,3.701505,161.385586,0.999842,False,1.114011
10851,723.333333,255,257,2.679902,88.904116,0.981511,False,
10851,723.333333,255,258,4.153633,4.707657,0.158557,False,
10851,723.333333,257,258,3.377218,84.196459,0.317428,False,
10851,723.333333,258,259,4.283331,17.891192,0.293597,False,
10861,724.000000,254,259,2.535921,166.684737,0.978448,False,
10861,724.000000,254,260,1.406814,147.108924,0.570206,False,
10861,724.000000,255,260,4.575739,37.950975,0.470402,False,
10861,724.000000,259,260,3.940093,46.206339,0.534768,False,
10871,724.666667,254,259,1.437028,171.903634,0.941446,False,
10871,724.666667,254,260,2.420966,143.573551,0.767278,False,
10871,724.666667,255,260,4.964512,37.864410,0.579119,False,
10871,724.666667,259,260,3.740114,44.522815,0.577310,False,
10881,725.333333,254,259,0.865434,172.736416,0.802503,False,
10881,725.333333,254,260,3.434757,129.186128,0.875800,False,
10881,725.333333,259,260,3.528193,58.077456,0.553585,False,
10891,726.000000,254,259,1.338246,176.690345,0.025692,False,
10891,726.000000,254,260,4.373926,119.507801,0.929128,False,
10891,726.000000,259,260,3.205800,63.801854,0.435255,False,
10901,726.666667,254,259,2.363491,177.321863,0.784016,False,
10901,726.666667,254,261,1.997901,175.073680,0.154161,False,
10901,726.666667,259,260,2.999979,62.336101,0.268858,False,
10901,726.666667,259,261,4.302576,7.604457,0.461068,False,
10911,727.333333,254,259,3.415605,170.618102,0.999576,False,
10911,727.333333,254,261,1.254984,179.960678,0.941766,False,
10911,727.333333,259,261,4.156819,9.342576,0.470238,False,
10921,728.000000,254,259,4.537857,169.435888,0.990347,False,
10921,728.000000,254,261,1.326676,174.018960,0.092435,False,
10921,728.000000,259,261,4.124101,4.583072,0.423363,False,
10931,728.666667,259,261,4.112773,10.356223,0.352474,False,
10941,729.333333,259,261,4.021846,13.652763,0.305945,False,
10951,730.000000,259,261,3.988863,9.594583,0.350053,False,
10961,730.666667,259,261,3.931246,19.929625,0.350001,False,
10971,731.333333,259,261,3.839275,18.543494,0.348248,False,
10981,732.000000,259,261,3.808424,17.410136,0.385378,False,
10991,732.666667,259,261,3.685002,18.244675,0.358479,False,
11001,733.333333,259,261,3.606464,7.488495,0.350220,False,
11001,733.333333,259,262,3.592453,174.265170,0.982818,False,
11011,734.000000,259,261,3.558461,7.394646,0.281437,False,
11011,734.000000,259,262,2.444218,173.135072,0.836880,False,
11011,734.000000,259,263,3.960722,174.984070,0.756608,False,
11011,734.000000,262,263,2.636820,1.848997,0.853458,False,
11021,734.666667,259,261,3.632922,1.492027,0.172599,False,
11021,734.666667,259,262,1.211199,179.721015,0.671525,False,
11021,734.666667,259,263,2.603749,176.818827,0.974987,False,
11021,734.666667,261,262,4.721891,178.786958,0.156452,False,
11021,734.666667,262,263,2.534530,3.460158,0.851117,False,
11031,735.333333,259,261,3.563642,2.743176,0.158386,False,
11031,735.333333,259,262,0.814539,176.774941,0.508303,False,
11031,735.333333,259,263,1.701832,175.097961,0.708021,False,
11031,735.333333,261,262,3.546927,179.518116,0.313384,False,
11031,735.333333,261,263,4.453256,177.841137,0.516917,False,
11031,735.333333,262,263,2.502870,1.676979,0.882213,False,
11041,736.000000,259,261,3.545652,1.033449,0.075266,False,
11041,736.000000,259,262,1.733096,179.066431,0.665783,False,
11041,736.000000,259,263,1.555621,174.680964,0.259462,False,
11041,736.000000,261,262,2.305132,179.900121,0.540903,False,
11041,736.000000,261,263,3.237074,175.714413,0.845160,False,
11041,736.000000,262,263,2.507856,4.385467,0.901037,False,
11051,736.666667,259,261,3.521007,16.921437,0.094359,False,
11051,736.666667,259,262,2.913165,170.720001,0.973514,False,
11051,736.666667,259,263,2.306614,160.638175,0.700761,False,
11051,736.666667,261,262,1.334560,172.358562,0.876446,False,
11051,736.666667,261,263,2.028853,177.559612,0.999905,False,
11051,736.666667,262,263,2.450637,10.081825,0.865088,True,6.367160
11061,737.333333,259,261,3.616836,21.420677,0.165673,False,
11061,737.333333,259,262,4.156815,169.882536,0.849248,False,
11061,737.333333,259,263,3.488908,156.203830,0.871284,False,
11061,737.333333,261,262,1.429554,168.696787,0.166257,False,
11061,737.333333,261,263,0.838510,177.624507,0.406849,False,
11061,737.333333,262,263,2.267138,13.678706,0.867360,True,3.685650
11071,738.000000,261,262,2.272459,170.306922,0.238921,False,
11071,738.000000,261,263,1.150308,175.842222,0.491412,False,
11071,738.000000,262,263,2.086647,13.850856,0.840271,True,3.373049
11081,738.666667,261,262,3.419819,167.656975,0.699317,False,
11081,738.666667,261,263,2.239666,177.653467,0.999924,False,
11081,738.666667,262,263,1.914488,14.689558,0.777157,True,2.985123
11091,739.333333,261,262,4.643037,162.689250,0.933539,False,
11091,739.333333,261,263,3.502057,179.821931,0.091861,False,
11091,739.333333,262,263,1.724633,17.132681,0.792949,True,
11101,740.000000,262,263,1.563294,16.834147,0.740914,True,
11111,740.666667,262,263,1.437182,8.732559,0.628692,False,2.942949
11121,741.333333,262,263,1.325675,4.069929,0.733093,True,
11131,742.000000,262,263,1.375903,4.916180,0.668124,False,
11141,742.666667,262,263,1.333838,3.910937,0.627411,False,3.802339
11151,743.333333,262,263,1.221159,2.029055,0.739655,True,
11151,743.333333,262,264,3.824724,179.851364,0.447769,False,
11151,743.333333,263,264,4.365136,177.822310,0.356389,False,
11161,744.000000,262,263,1.189849,2.694493,0.761730,True,4.539660
11161,744.000000,262,264,2.781094,171.916785,0.475394,False,
11161,744.000000,263,264,3.168288,174.611278,0.295559,False,
11171,744.666667,262,263,1.109089,8.121302,0.801535,True,1.843470
11171,744.666667,262,264,2.008687,168.551531,0.575628,False,
11171,744.666667,263,264,2.037827,176.672832,0.039198,False,
11181,745.333333,262,263,0.968923,5.764560,0.842877,True,1.523339
11181,745.333333,262,264,1.422878,166.013088,0.501016,False,
11181,745.333333,263,264,0.924322,171.777648,0.232002,False,
11191,746.000000,262,263,0.895395,2.384948,0.893172,True,3.360934
11191,746.000000,262,264,1.822033,166.003950,0.343368,False,
11191,746.000000,263,264,0.930295,168.388898,0.704692,False,
11201,746.666667,262,263,0.874962,5.583952,0.854014,True,
11201,746.666667,262,264,2.707128,171.293102,0.805765,False,
11201,746.666667,263,264,1.905424,176.877054,0.113471,False,
11211,747.333333,262,263,0.850234,4.966653,0.857769,True,
11211,747.333333,262,264,3.660794,164.996155,0.708474,False,
11211,747.333333,263,264,2.938872,169.962808,0.553076,False,
11351,756.666667,265,266,1.715258,87.064915,0.955131,False,
11361,757.333333,265,266,1.638387,89.101270,0.999687,False,
11361,757.333333,265,267,1.260703,2.539036,0.641005,False,
11361,757.333333,265,268,1.746766,11.750291,0.771992,True,
11361,757.333333,265,269,2.285051,4.384329,0.802081,True,
11361,757.333333,266,267,2.631249,86.562234,0.936914,False,
11361,757.333333,266,268,3.131560,77.350979,0.975277,False,
11361,757.333333,266,269,3.719743,84.716941,0.945106,False,
11361,757.333333,267,268,0.506057,9.211255,0.904997,True,
11361,757.333333,267,269,1.088781,1.845293,0.932853,True,
11361,757.333333,268,269,0.591566,7.365962,0.985952,True,
11371,758.000000,265,266,1.688071,87.289631,0.949790,False,
11371,758.000000,265,267,1.198745,4.106963,0.743362,True,
11371,758.000000,265,268,1.765343,9.657775,0.846482,True,
11371,758.000000,265,269,2.275995,0.626829,0.830215,True,
11371,758.000000,266,267,2.480820,83.182669,0.998591,False,
11371,758.000000,266,268,3.054190,77.631856,0.999942,False,
11371,758.000000,266,269,3.565471,86.662802,0.979769,False,
11371,758.000000,267,268,0.592685,5.550812,0.958000,True,
11371,758.000000,267,269,1.115521,3.480134,0.933775,True,
11371,758.000000,267,271,10.829280,174.960346,0.999575,False,2.977903
11371,758.000000,268,269,0.522837,9.030946,0.950164,True,
11371,758.000000,269,271,11.172710,171.480212,0.917092,False,3.227353
11371,758.000000,270,271,2.654770,14.900663,0.006724,False,
11381,758.666667,265,266,1.973920,87.289832,0.830001,False,
11381,758.666667,265,267,1.133167,3.272076,0.824671,True,
11381,758.666667,265,268,1.791809,4.527627,0.842984,True,
11381,758.666667,265,269,2.181604,1.203517,0.846511,True,
11381,758.666667,266,267,2.588874,84.017756,0.974886,False,
11381,758.666667,266,268,3.108230,82.762205,0.994686,False,
11381,758.666667,266,269,3.472528,86.086315,0.999997,False,
11381,758.666667,267,268,0.659408,1.255551,0.875874,True,
11381,758.666667,267,269,1.052537,2.068559,0.891252,True,5.831354
11381,758.666667,268,269,0.396504,3.324110,0.936782,False,
11381,758.666667,268,271,9.682080,179.842268,0.039761,False,2.863890
11381,758.666667,269,271,9.815362,176.833623,0.981189,False,2.781509
11381,758.666667,270,271,2.612974,8.541058,0.041387,False,
11391,759.333333,265,266,2.278437,93.242213,0.773577,False,
11391,759.333333,265,267,1.136295,3.681522,0.777361,True,
11391,759.333333,265,268,1.773254,10.792920,0.844523,True,
11391,759.333333,265,269,2.173794,10.142192,0.874887,True,
11391,759.333333,266,267,2.712943,89.560691,0.947626,False,
11391,759.333333,266,268,3.172986,82.449293,0.956138,False,
11391,759.333333,266,269,3.561021,83.100022,0.972048,False,
11391,759.333333,267,268,0.640256,7.111398,0.896868,True,
11391,759.333333,267,269,1.052440,6.460669,0.936712,True,
11391,759.333333,268,269,0.421440,0.650728,0.990990,False,
11391,759.333333,268,271,8.462454,175.598030,0.931901,False,2.469815
11391,759.333333,269,271,8.521864,176.248759,0.756281,False,2.463348
11391,759.333333,270,271,2.629149,6.192415,0.000483,False,
11401,760.000000,265,266,2.637939,91.273709,0.634841,False,
11401,760.000000,265,267,1.120202,3.562597,0.854635,True,
11401,760.000000,265,268,1.866219,4.894293,0.894066,True,
11401,760.000000,265,269,2.259457,7.664838,0.900385,True,
11401,760.000000,265,270,4.512859,178.227655,0.781281,False,
11401,760.000000,266,267,2.974488,87.711113,0.846516,False,
11401,760.000000,266,268,3.487266,86.379417,0.915747,False,
11401,760.000000,266,269,3.748746,83.608872,0.928512,False,
11401,760.000000,267,268,0.752477,1.331696,0.943791,True,
11401,760.000000,267,269,1.143269,4.102241,0.934005,True,
11401,760.000000,267,270,4.534137,174.665058,0.575185,False,
11401,760.000000,268,269,0.393571,2.770545,0.900570,False,
11401,760.000000,268,270,4.576432,173.333362,0.648931,False,
11401,760.000000,269,270,4.702395,170.562817,0.974599,False,
11401,760.000000,269,271,7.241573,176.580198,0.449582,False,2.070932
11401,760.000000,270,271,2.577903,6.017381,0.047073,False,
11411,760.666667,265,266,3.115224,90.187768,0.533598,False,
11411,760.666667,265,267,1.070834,4.006348,0.927430,True,
11411,760.666667,265,268,1.723429,0.588267,0.908738,True,
11411,760.666667,265,269,2.263905,5.871283,0.913998,True,
11411,760.666667,265,270,3.616426,175.553283,0.964414,False,
11411,760.666667,266,267,3.432733,86.181421,0.722179,False,
11411,760.666667,266,268,3.745357,89.599502,0.855555,False,
11411,760.666667,266,269,4.009864,84.316486,0.871189,False,
11411,760.666667,267,268,0.652868,3.418081,0.912936,True,0.346967
11411,760.666667,267,269,1.195766,1.864935,0.907075,True,
11411,760.666667,267,270,3.299342,171.546935,0.550704,False,
11411,760.666667,268,269,0.545569,5.283016,0.857731,True,
11411,760.666667,268,270,3.290980,174.965016,0.140919,False,
11411,760.666667,269,270,3.451640,169.682000,0.956789,False,
11411,760.666667,269,271,5.953812,171.273996,0.988487,False,1.684137
11411,760.666667,270,271,2.554751,1.591996,0.013470,False,
11421,761.333333,265,266,3.533907,94.282434,0.524984,False,
11421,761.333333,265,267,1.085013,6.089994,0.958388,True,
11421,761.333333,265,268,1.723457,7.998890,0.964736,True,
11421,761.333333,265,269,2.280583,7.167582,0.927312,True,
11421,761.333333,265,270,3.131696,177.997807,0.991848,False,
11421,761.333333,265,271,4.617977,179.500923,0.624120,False,
11421,761.333333,266,267,3.901697,88.192440,0.661022,False,
11421,761.333333,266,268,4.237737,86.283544,0.732826,False,
11421,761.333333,266,269,4.388433,87.114852,0.825558,False,
11421,761.333333,267,268,0.638451,1.908896,0.976160,True,
11421,761.333333,267,269,1.207358,1.077588,0.906746,True,
11421,761.333333,267,270,2.380737,171.907813,0.515552,False,
11421,761.333333,267,271,4.355360,174.409082,0.961339,False,
11421,761.333333,268,269,0.597667,0.831308,0.800572,True,
11421,761.333333,268,270,2.077969,169.998917,0.427883,False,
11421,761.333333,268,271,4.318656,172.500186,0.979268,False,
11421,761.333333,269,270,2.201703,170.830225,0.599041,False,
11421,761.333333,269,271,4.609481,173.331494,0.989602,False,
11421,761.333333,270,271,2.509197,2.501269,0.026620,False,
11431,762.000000,265,266,3.997552,86.998064,0.345633,False,
11431,762.000000,265,267,1.112590,0.335994,0.992941,True,
11431,762.000000,265,268,1.772732,2.820396,0.981907,True,
11431,762.000000,265,269,2.267900,3.836378,0.959380,True,
11431,762.000000,265,270,2.968592,175.592733,0.319228,False,
11431,762.000000,265,271,3.730004,175.492443,0.999899,False,
11431,762.000000,266,267,4.388021,86.662070,0.561704,False,
11431,762.000000,266,268,4.665282,89.818460,0.706633,False,
11431,762.000000,266,269,4.793499,90.834442,0.789434,False,
11431,762.000000,267,268,0.662961,3.156390,0.966467,True,0.915475
11431,762.000000,267,269,1.173197,4.172372,0.919551,True,4.029991
11431,762.000000,267,270,1.889395,175.256739,0.357398,False,
11431,762.000000,267,271,3.162723,175.156449,0.945401,False,
11431,762.000000,268,269,0.523710,1.015982,0.824942,True,
11431,762.000000,268,270,1.314436,178.413129,0.191564,False,
11431,762.000000,268,271,3.051526,178.312839,0.783798,False,
11431,762.000000,269,270,1.090540,179.429111,0.678994,False,
11431,762.000000,269,271,3.217266,179.328821,0.130583,False,
11431,762.000000,270,271,2.426003,0.100290,0.049663,False,
11441,762.666667,265,266,4.667777,86.123500,0.298013,False,
11441,762.666667,265,267,1.076705,0.814162,0.993200,True,
11441,762.666667,265,268,1.652884,3.115579,0.977487,True,
11441,762.666667,265,269,2.147350,0.140999,0.967002,True,
11441,762.666667,265,270,3.110641,170.613318,0.345119,False,
11441,762.666667,265,271,2.952235,173.078634,0.848190,False,
11441,762.666667,266,267,4.973102,85.309338,0.482156,False,
11441,762.666667,267,268,0.581696,3.929741,0.950745,True,
11441,762.666667,267,269,1.090041,0.673163,0.927346,True,
11441,762.666667,267,270,2.072655,169.799157,0.839467,False,
11441,762.666667,267,271,2.153796,172.264472,0.536407,False,
11441,762.666667,268,269,0.514152,3.256578,0.863890,True,
11441,762.666667,268,270,1.501262,173.728898,0.961441,False,
11441,762.666667,268,271,1.937889,176.194213,0.647276,False,
11441,762.666667,269,270,0.987203,170.472319,0.817593,False,
11441,762.666667,269,271,1.986075,172.937635,0.964857,False,
11441,762.666667,270,271,2.424760,2.465316,0.013437,False,
11451,763.333333,265,267,1.125517,7.072594,0.999564,True,
11451,763.333333,265,268,1.685631,3.026240,0.986827,True,
11451,763.333333,265,269,2.251341,5.885114,0.970050,True,
11451,763.333333,265,270,3.835161,178.424810,0.591575,False,
11451,763.333333,265,271,2.774364,179.304528,0.999993,False,
11451,763.333333,267,268,0.575122,4.046354,0.958325,True,
11451,763.333333,267,269,1.172314,1.187480,0.926144,True,
11451,763.333333,267,270,2.986393,171.352216,0.916708,False,
11451,763.333333,267,271,1.650072,173.622878,0.361343,False,
11451,763.333333,268,269,0.605520,2.858874,0.859131,True,
11451,763.333333,268,270,2.514710,175.398569,0.997510,False,
11451,763.333333,268,271,1.124813,177.669232,0.683208,False,
11451,763.333333,269,270,1.981760,172.539695,0.987000,False,
11451,763.333333,269,271,0.797867,174.810358,0.629042,False,0.123669
11451,763.333333,270,271,2.337342,2.270663,0.052241,False,
11461,764.000000,265,267,1.212752,9.312898,0.999521,True,
11461,764.000000,265,268,1.673425,5.227256,0.993087,True,
11461,764.000000,265,269,2.206763,8.083148,0.985427,True,
11461,764.000000,265,270,4.699572,175.973593,0.917920,False,
11461,764.000000,265,271,3.086525,178.204164,0.991695,False,
11461,764.000000,266,270,4.979668,90.796809,0.923970,False,
11461,764.000000,267,268,0.486948,4.085642,0.948972,False,
11461,764.000000,267,269,1.042170,1.229750,0.948957,True,
11461,764.000000,267,270,4.039299,174.713509,0.993698,False,
11461,764.000000,267,271,2.057069,172.482938,0.942067,False,
11461,764.000000,268,269,0.555518,2.855892,0.929195,True,
11461,764.000000,268,270,3.689562,178.799151,0.608174,False,
11461,764.000000,268,271,1.599781,176.568580,0.945469,False,
11461,764.000000,269,270,3.311984,175.943259,0.851334,False,
11461,764.000000,269,271,1.095240,173.712688,0.976084,False,
11461,764.000000,270,271,2.316732,2.230571,0.078615,False,
11471,764.666667,265,267,1.342769,10.034901,0.994982,True,
11471,764.666667,265,268,1.781643,12.688850,0.999626,True,
11471,764.666667,265,269,2.381945,14.956494,0.995348,True,
11471,764.666667,265,271,3.795608,173.117636,0.982806,False,
11471,764.666667,266,270,4.792619,90.911259,0.965005,False,
11471,764.666667,267,268,0.465072,2.653948,0.982235,False,
11471,764.666667,267,269,1.124140,4.921593,0.952772,True,
11471,764.666667,267,271,3.043051,176.847462,0.830009,False,
11471,764.666667,268,269,0.666571,2.267644,0.928289,True,
11471,764.666667,268,271,2.724415,174.193514,0.884723,False,
11471,764.666667,269,270,4.604465,171.931643,0.974368,False,
11471,764.666667,269,271,2.226780,171.925869,0.992749,False,
11471,764.666667,270,271,2.391638,0.005773,0.091150,False,
11481,765.333333,265,267,1.467727,11.381692,0.983307,True,
11481,765.333333,265,268,1.964331,14.136215,0.997106,True,
11481,765.333333,265,269,2.515417,14.111397,0.996794,False,
11481,765.333333,265,271,4.766424,168.838987,0.978303,False,
11481,765.333333,266,270,4.640108,93.434001,0.983835,False,
11481,765.333333,267,268,0.546588,2.754523,0.978682,True,
11481,765.333333,267,269,1.185881,2.729705,0.937272,True,
11481,765.333333,267,271,4.326023,179.779322,0.067969,False,
11481,765.333333,268,269,0.650420,0.024818,0.897286,True,
11481,765.333333,268,271,4.019146,177.024799,0.985238,False,
11481,765.333333,269,271,3.573861,177.049616,0.986869,False,
11481,765.333333,270,271,2.311005,0.706109,0.149915,False,9.885712
11491,766.000000,265,267,1.634355,4.211155,0.960236,True,
11491,766.000000,265,268,2.120552,11.189600,0.971839,True,
11491,766.000000,265,269,2.677065,10.120922,0.997391,False,
11491,766.000000,267,268,0.528742,6.978445,0.996464,True,
11491,766.000000,267,269,1.183018,5.909767,0.963174,True,
11491,766.000000,268,269,0.669387,1.068678,0.938025,True,1.628601
11501,766.666667,265,267,1.607015,0.038188,0.962827,True,
11501,766.666667,265,268,2.263238,7.768063,0.980459,True,
11501,766.666667,265,269,2.761862,9.496960,0.997516,False,
11501,766.666667,267,268,0.713107,7.806251,0.990435,True,
11501,766.666667,267,269,1.306357,9.535148,0.957795,True,
11501,766.666667,268,269,0.615426,1.728897,0.911522,True,
11511,767.333333,265,267,1.643087,6.176156,0.985224,True,
11511,767.333333,265,268,2.329509,8.348772,0.995797,True,
11511,767.333333,265,269,2.922846,17.853903,0.999058,False,
11511,767.333333,267,268,0.714480,2.172616,0.995526,True,
11511,767.333333,267,269,1.384359,11.677747,0.979634,True,
11511,767.333333,268,269,0.696747,9.505131,0.927719,True,
11521,768.000000,265,267,1.786726,0.273797,0.961303,True,
11521,768.000000,265,268,2.479091,6.919504,0.980364,True,
11521,768.000000,265,269,3.198325,15.106775,0.991405,False,
11521,768.000000,267,268,0.760705,7.193301,0.985969,True,
11521,768.000000,267,269,1.575381,15.380571,0.976363,True,
11521,768.000000,268,269,0.825176,8.187271,0.964816,True,
11531,768.666667,265,267,1.698348,0.332191,0.914957,True,
11531,768.666667,265,268,2.541175,2.685108,0.957126,False,
11531,768.666667,265,269,3.287577,3.367622,0.992706,False,
11531,768.666667,267,268,0.894150,2.352918,0.999821,True,
11531,768.666667,267,269,1.762043,3.035432,0.981949,True,
11531,768.666667,268,269,0.908818,0.682514,0.928110,True,
11541,769.333333,265,267,1.884238,10.533613,0.863856,True,
11541,769.333333,265,268,2.593086,3.646938,0.962960,False,
11541,769.333333,265,269,3.299999,0.218091,0.996131,False,
11541,769.333333,267,268,0.815884,6.886675,0.997862,True,
11541,769.333333,267,269,1.643665,10.315521,0.978684,True,
11541,769.333333,268,269,0.837129,3.428847,0.930241,True,
11611,774.000000,272,273,12.637987,176.680870,0.101952,False,3.842782
11611,774.000000,273,274,3.081432,0.413831,0.811090,False,
11621,774.666667,272,273,11.351777,179.845642,0.037119,False,3.767952
11621,774.666667,273,274,3.019977,4.828441,0.858901,False,
11631,775.333333,272,273,10.291904,172.881438,0.578408,False,3.498266
11631,775.333333,273,274,3.027900,9.733205,0.800358,False,
11641,776.000000,272,273,9.126422,169.553296,0.569543,False,2.965789
11641,776.000000,273,274,2.960120,10.981554,0.749596,False,
11651,776.666667,273,274,2.874365,15.174605,0.730352,False,
11661,777.333333,273,274,2.867474,16.923129,0.595263,False,
11671,778.000000,272,274,4.082086,170.568480,0.027803,False,
11671,778.000000,273,274,2.667243,16.271463,0.609977,False,
11681,778.666667,272,273,4.607282,178.350391,0.324794,False,
11681,778.666667,272,274,3.021884,168.039060,0.092327,False,
11681,778.666667,273,274,2.664848,13.610549,0.548646,False,
11691,779.333333,272,273,3.493688,175.266491,0.516746,False,
11691,779.333333,272,274,2.284234,179.109703,0.819222,False,
11691,779.333333,273,274,2.600650,5.623806,0.472568,False,
11701,780.000000,272,273,2.308193,174.686143,0.638319,False,
11701,780.000000,272,274,1.916099,174.822776,0.924011,False,
11701,780.000000,273,274,2.614597,10.491081,0.537344,False,
11711,780.666667,272,273,1.217952,174.787319,0.787516,False,
11711,780.666667,272,274,2.132876,174.997490,0.991264,False,
11711,780.666667,273,274,2.548288,10.215190,0.455014,False,
11721,781.333333,272,273,0.672107,175.648676,0.792395,False,
11721,781.333333,272,274,2.953746,175.079027,0.037365,False,
11721,781.333333,273,274,2.430960,0.569649,0.475139,False,
11731,782.000000,272,273,1.558063,177.507658,0.064171,False,
11731,782.000000,272,274,4.009077,175.250999,0.542127,False,
11731,782.000000,273,274,2.465184,2.256660,0.538343,False,
11771,784.666667,275,276,2.114231,4.796882,0.518459,False,
11771,784.666667,275,277,3.031010,172.931683,0.928963,False,
11771,784.666667,275,278,2.221573,169.968281,0.692157,False,
11771,784.666667,276,277,1.966291,168.134801,0.241610,False,
11771,784.666667,276,278,3.356827,165.171399,0.964038,False,
11771,784.666667,277,278,2.764881,2.963403,0.267923,False,9.486337
11771,784.666667,279,280,1.584957,164.869588,0.265641,False,
11771,784.666667,279,281,2.039242,164.766300,0.100001,False,
11771,784.666667,280,281,0.656757,0.103288,0.843820,True,3.576329
11781,785.333333,275,276,2.125348,7.831055,0.576011,False,
11781,785.333333,275,277,3.681193,166.076863,0.813212,False,
11781,785.333333,275,278,1.816529,163.617180,0.271238,False,
11781,785.333333,276,277,1.876636,173.907918,0.849792,False,
11781,785.333333,276,278,2.136325,171.448235,0.979477,False,
11781,785.333333,277,278,2.672750,2.459683,0.303019,False,
11781,785.333333,279,280,2.166887,167.759199,0.366282,False,
11781,785.333333,279,281,2.329627,171.170824,0.085565,False,
11781,785.333333,280,281,0.649008,3.411625,0.848877,True,0.639507
11791,786.000000,275,276,2.007049,19.353733,0.555547,False,
11791,786.000000,275,277,4.371158,158.798576,0.804451,False,
11791,786.000000,275,278,1.968850,156.074954,0.289542,False,
11791,786.000000,276,277,2.467501,178.152309,0.954453,False,
11791,786.000000,276,278,1.139718,175.428688,0.997328,False,
11791,786.000000,277,278,2.601487,2.723621,0.334648,False,9.659566
11791,786.000000,277,280,4.996907,177.652172,0.228403,False,
11791,786.000000,279,280,3.128662,176.932084,0.199218,False,
11791,786.000000,279,281,3.062140,178.925556,0.704437,False,
11791,786.000000,279,282,2.645908,174.624711,0.979086,False,
11791,786.000000,280,281,0.596562,4.142360,0.781375,True,
11791,786.000000,280,282,4.780344,2.307373,0.129340,False,
11791,786.000000,281,282,4.396281,6.449733,0.007056,False,
11801,786.666667,276,277,3.315276,172.491532,0.995459,False,
11801,786.666667,276,278,0.986325,176.052512,0.533554,False,
11801,786.666667,277,278,2.506966,3.560980,0.339238,False,
11801,786.666667,277,280,4.021704,171.236184,0.132286,False,
11801,786.666667,277,281,4.593676,171.359164,0.060363,False,
11801,786.666667,279,280,4.200271,178.182345,0.223409,False,
11801,786.666667,279,281,4.039216,178.059366,0.350660,False,
11801,786.666667,279,282,2.020973,170.683398,0.949483,False,
11801,786.666667,280,281,0.582980,0.122979,0.754178,True,
11801,786.666667,280,282,4.831849,7.498947,0.123865,False,
11801,786.666667,281,282,4.442707,7.375967,0.031193,False,
11811,787.333333,276,277,4.301893,178.731670,0.531107,False,
11811,787.333333,276,278,1.869384,174.004062,0.986222,False,
11811,787.333333,277,278,2.432523,7.264269,0.410511,False,
11811,787.333333,277,280,3.278549,170.941875,0.020872,False,
11811,787.333333,277,281,3.868716,171.783563,0.045765,False,
11811,787.333333,278,280,4.402005,178.206144,0.942023,False,
11811,787.333333,278,281,4.902230,179.047832,0.769479,False,
11811,787.333333,279,282,1.852371,163.803344,0.565841,False,
11811,787.333333,280,281,0.590251,0.841688,0.790944,True,
11811,787.333333,280,282,4.820470,8.335625,0.169810,False,
11811,787.333333,281,282,4.434153,7.493937,0.081281,False,
11821,788.000000,276,278,3.039784,168.969565,0.989669,False,
11821,788.000000,277,278,2.415131,5.035368,0.478069,False,
11821,788.000000,277,280,2.778483,179.371518,0.989543,False,
11821,788.000000,277,281,3.347638,177.857974,0.673364,False,
11821,788.000000,278,280,3.292346,175.593115,0.997574,False,
11821,788.000000,278,281,3.847264,177.106658,0.909121,False,
11821,788.000000,279,282,2.347888,170.062979,0.130440,False,
11821,788.000000,280,281,0.602395,1.513543,0.774716,True,
11821,788.000000,280,282,4.764039,5.993103,0.166121,False,
11821,788.000000,281,282,4.347433,4.479560,0.084784,False,
11831,788.666667,277,278,2.288267,5.886547,0.483465,False,5.676679
11831,788.666667,277,280,2.544705,175.679354,0.263627,False,
11831,788.666667,277,281,3.025761,173.903408,0.214484,False,
11831,788.666667,278,280,2.248755,178.434099,0.791949,False,
11831,788.666667,278,281,2.887775,179.789955,0.681283,False,
11831,788.666667,279,282,3.215157,171.116418,0.372003,False,
11831,788.666667,280,281,0.646699,1.775946,0.781030,True,
11831,788.666667,280,282,4.764091,2.944507,0.159955,False,
11831,788.666667,281,282,4.311961,1.168561,0.073523,False,
11841,789.333333,277,278,2.176301,0.725745,0.483192,False,
11841,789.333333,277,280,2.908813,179.786359,0.784759,False,
11841,789.333333,277,281,3.212789,179.641828,0.896813,False,
11841,789.333333,277,282,4.560137,178.497731,0.846390,False,
11841,789.333333,278,280,1.544597,179.060614,0.920822,False,
11841,789.333333,278,281,2.155572,178.916083,0.858378,False,
11841,789.333333,279,282,4.200248,166.274875,0.603357,False,
11841,789.333333,280,281,0.637750,0.144532,0.803935,True,1.921041
11841,789.333333,280,282,4.690641,1.288629,0.178603,False,
11841,789.333333,281,282,4.253517,1.144097,0.076530,False,
11851,790.000000,277,278,2.091736,3.818173,0.517887,False,5.889851
11851,790.000000,277,280,3.623017,178.513053,0.235053,False,
11851,790.000000,277,281,3.768728,178.509333,0.326897,False,
11851,790.000000,277,282,3.852128,174.061140,0.860350,False,
11851,790.000000,278,280,1.683079,177.668774,0.702533,False,
11851,790.000000,278,281,2.045630,177.672493,0.877459,False,
11851,790.000000,278,282,4.424782,177.879313,0.218011,False,
11851,790.000000,280,281,0.629377,0.003719,0.790658,True,
11851,790.000000,280,282,4.642464,4.451912,0.169519,False,
11851,790.000000,281,282,4.218640,4.448193,0.065245,False,
11861,790.666667,277,278,1.967040,3.988049,0.552765,False,
11861,790.666667,277,280,4.461023,175.089911,0.994848,False,
11861,790.666667,277,281,4.454209,170.388857,0.343697,False,
11861,790.666667,277,282,3.361152,178.731647,0.738920,False,
11861,790.666667,278,280,2.499355,179.077960,0.692544,False,
11861,790.666667,278,281,2.556004,174.376907,0.365586,False,
11861,790.666667,278,282,3.435785,174.743597,0.999445,False,
11861,790.666667,280,281,0.641762,4.701054,0.808488,True,
11861,790.666667,280,282,4.688526,6.178442,0.103853,False,
11861,790.666667,281,282,4.235518,10.879496,0.049507,False,
11871,791.333333,277,278,1.984098,7.354590,0.446103,False,
11871,791.333333,277,282,3.050909,162.893200,0.492028,False,
11871,791.333333,278,280,3.576660,178.281260,0.559452,False,
11871,791.333333,278,281,3.731505,174.504917,0.622279,False,
11871,791.333333,278,282,2.392439,170.247790,0.766630,False,
11871,791.333333,280,281,0.640029,3.776343,0.979077,True,
11871,791.333333,280,282,4.551633,11.470950,0.042354,False,
11871,791.333333,281,282,4.348802,15.247293,0.049887,False,
11881,792.000000,277,278,1.874573,9.767784,0.573977,False,
11881,792.000000,277,282,3.493286,164.821798,0.759741,False,
11881,792.000000,278,280,4.756947,179.632003,0.307922,False,
11881,792.000000,278,281,4.844174,179.384018,0.510994,False,
11881,792.000000,278,282,2.005754,174.589582,0.882425,False,
11881,792.000000,280,281,0.619930,0.983979,0.964109,True,
11881,792.000000,280,282,4.520191,5.042420,0.034288,False,
11881,792.000000,281,282,4.343179,6.026400,0.091091,False,
11891,792.666667,277,278,1.814421,3.291338,0.635001,False,
11891,792.666667,277,282,4.061260,168.584369,0.539981,False,
11891,792.666667,278,282,2.277418,171.875707,0.329963,False,
11891,792.666667,280,281,0.657562,3.662003,0.975709,True,
11891,792.666667,280,282,4.529401,8.535197,0.018932,False,
11891,792.666667,281,282,4.349465,12.197200,0.091366,False,
11901,793.333333,277,278,1.771759,6.020817,0.600113,False,
11901,793.333333,277,282,4.936151,166.536909,0.796501,False,
11901,793.333333,278,282,3.177963,172.557725,0.053714,False,
11901,793.333333,280,281,0.689447,0.944509,0.993332,True,
11901,793.333333,280,282,4.477422,7.777041,0.075491,False,
11901,793.333333,281,282,4.344709,8.721550,0.069030,False,
11911,794.000000,277,278,1.732862,3.074592,0.685997,False,
11911,794.000000,278,282,4.329398,177.671610,0.193755,False,
11911,794.000000,281,282,4.300546,1.477027,0.058091,False,
11921,794.666667,277,278,1.593324,3.400296,0.721856,True,
11921,794.666667,277,283,4.028051,176.173346,0.474185,False,
11921,794.666667,278,283,3.881582,179.573641,0.610789,False,
11931,795.333333,277,278,1.590778,4.774885,0.763292,True,
11931,795.333333,277,283,3.659007,172.305396,0.823468,False,
11931,795.333333,278,283,2.936168,177.080280,0.912943,False,
11941,796.000000,277,278,1.626304,2.747025,0.807854,True,
11941,796.000000,277,283,3.538161,179.919117,0.991809,False,
11941,796.000000,278,283,2.268006,177.172092,0.999797,False,
11951,796.666667,277,278,1.423510,10.171305,0.859060,True,2.231638
11951,796.666667,277,283,3.831354,174.757365,0.378255,False,
11951,796.666667,278,283,2.424469,175.071330,0.625867,False,
11961,797.333333,277,278,1.265383,11.303510,0.882695,True,1.730283
11961,797.333333,277,283,4.374541,175.513902,0.006145,False,
11961,797.333333,278,283,3.133947,173.182589,0.012947,False,
12441,829.333333,284,285,0.488849,0.012993,0.998127,False,
12451,830.000000,284,285,0.488479,0.084626,1.000000,False,
12451,830.000000,284,286,4.319809,178.325600,0.405683,False,
12451,830.000000,285,286,4.510571,178.240974,0.504980,False,
12451,830.000000,286,287,4.396531,8.645322,0.838760,False,
12451,830.000000,287,288,2.228047,3.616795,0.381920,False,
12461,830.666667,284,285,0.491516,0.825304,0.997844,False,
12461,830.666667,284,286,3.151128,178.468389,0.502635,False,
12461,830.666667,285,286,3.420836,177.643085,0.658842,False,
12461,830.666667,286,287,4.250175,5.635953,0.875006,False,
12461,830.666667,287,288,2.180712,0.787557,0.338339,False,
12471,831.333333,284,285,0.509800,0.775693,0.995975,True,
12471,831.333333,284,286,2.086116,178.397610,0.515833,False,
12471,831.333333,284,287,4.289147,178.481540,0.678518,False,
12471,831.333333,285,286,2.469498,179.173303,0.694314,False,
12471,831.333333,285,287,4.058386,179.257233,0.531589,False,
12471,831.333333,286,287,4.232830,0.083929,0.885325,False,
12471,831.333333,287,288,2.112138,3.547038,0.334731,False,
12481,832.000000,284,285,0.510803,0.728467,0.990655,True,
12481,832.000000,284,286,1.350886,178.707738,0.935928,False,
12481,832.000000,284,287,3.325711,177.827899,0.871854,False,
12481,832.000000,284,288,4.582273,176.496740,0.833339,False,
12481,832.000000,285,286,1.858480,177.979271,0.917413,False,
12481,832.000000,285,287,3.000918,177.099432,0.859644,False,
12481,832.000000,285,288,4.445911,175.768273,0.886579,False,
12481,832.000000,286,287,4.253659,0.879839,0.896557,False,
12481,832.000000,287,288,2.073023,1.331159,0.313658,False,
12481,832.000000,287,289,3.706186,0.188013,0.151742,False,
12481,832.000000,288,289,1.687133,1.519172,0.023994,False,
12491,832.666667,284,285,0.497077,1.523203,0.980206,False,
12491,832.666667,284,286,1.557732,176.920955,0.734245,False,
12491,832.666667,284,287,2.685596,177.989317,0.983154,False,
12491,832.666667,284,288,3.428301,174.318670,0.987017,False,
12491,832.666667,284,289,4.968125,171.482376,0.924664,False,
12491,832.666667,285,286,1.942392,175.397753,0.778836,False,
12491,832.666667,285,287,2.266469,179.512520,0.917697,False,
12491,832.666667,285,288,3.253725,175.841873,0.899993,False,
12491,832.666667,285,289,4.869272,173.005579,0.830988,False,
12491,832.666667,286,287,4.208564,5.089728,0.924402,False,
12491,832.666667,286,288,4.916288,8.760374,0.661962,False,
12491,832.666667,287,288,2.014526,3.670646,0.322427,False,
12491,832.666667,287,289,3.661985,6.506941,0.189098,False,
12491,832.666667,288,289,1.705983,2.836294,0.025346,False,
12501,833.333333,284,285,0.549239,1.498408,0.983601,True,
12501,833.333333,284,286,2.485693,178.892042,0.577877,False,
12501,833.333333,284,287,2.629281,173.066893,0.835044,False,
12501,833.333333,284,288,2.391438,168.525883,0.852476,False,
12501,833.333333,284,289,3.728028,166.677563,0.990802,False,
12501,833.333333,285,286,2.729895,179.609550,0.644664,False,
12501,833.333333,285,287,2.080474,174.565301,0.876869,False,
12501,833.333333,285,288,2.020633,170.024291,0.948030,False,
12501,833.333333,285,289,3.527014,168.175971,0.943947,False,
12501,833.333333,286,287,4.160656,5.825148,0.904013,False,
12501,833.333333,286,288,4.745632,10.366159,0.618865,False,9.804368
12501,833.333333,287,288,1.913502,4.541011,0.424547,False,
12501,833.333333,287,289,3.607702,6.389330,0.269879,False,
12501,833.333333,288,289,1.758863,1.848320,0.113007,False,
12501,833.333333,288,290,3.528830,5.943330,0.153112,False,
12501,833.333333,289,290,1.839288,7.791650,0.326750,False,
12511,834.000000,284,285,0.536098,0.706878,0.984675,True,
12511,834.000000,284,286,3.637474,175.636353,0.110576,False,
12511,834.000000,284,287,3.095806,174.771823,0.645892,False,
12511,834.000000,284,288,1.885697,166.771667,0.548258,False,
12511,834.000000,284,289,2.690973,175.551253,0.959849,False,
12511,834.000000,284,290,4.437840,175.687888,0.047939,False,
12511,834.000000,285,286,3.749375,176.343231,0.287876,False,
12511,834.000000,285,287,2.612420,174.064945,0.534485,False,
12511,834.000000,285,288,1.360224,166.064789,0.562128,False,
12511,834.000000,285,289,2.405258,174.844375,0.932702,False,
12511,834.000000,285,290,4.205054,176.394766,0.006795,False,
12511,834.000000,286,287,4.101254,9.591824,0.896884,False,
12511,834.000000,286,288,4.576170,17.591980,0.579669,False,
12511,834.000000,287,288,1.831708,8.000156,0.533952,False,
12511,834.000000,287,289,3.585134,0.779430,0.257820,False,
12511,834.000000,288,289,1.841786,8.779586,0.112497,False,
12511,834.000000,288,290,3.579613,17.540445,0.171918,False,
12511,834.000000,289,290,1.816723,8.760859,0.443069,False,
12511,834.000000,289,291,3.342701,2.915862,0.112451,False,
12511,834.000000,290,291,1.905904,11.676722,0.461541,False,
12521,834.666667,284,285,0.532714,0.682648,0.992427,True,
12521,834.666667,284,286,4.848478,172.233885,0.089889,False,
12521,834.666667,284,287,3.893967,177.473655,0.585073,False,
12521,834.666667,284,288,2.119194,161.665194,0.080826,False,
12521,834.666667,284,289,1.933296,172.733423,0.955614,False,
12521,834.666667,284,290,3.493612,170.357383,0.220123,False,
12521,834.666667,284,291,4.183934,167.853487,0.999964,False,
12521,834.666667,285,286,4.921043,172.916533,0.047650,False,
12521,834.666667,285,287,3.516912,176.791007,0.465186,False,
12521,834.666667,285,288,1.685931,160.982545,0.278021,False,
12521,834.666667,285,289,1.446626,172.050774,0.972285,False,
12521,834.666667,285,290,3.130996,171.040032,0.126112,False,
12521,834.666667,285,291,4.055916,167.170838,0.996439,False,
12521,834.666667,286,287,3.968065,10.292460,0.908773,False,
12521,834.666667,286,288,4.342102,26.100922,0.508930,False,
12521,834.666667,286,292,1.872546,82.539627,0.527771,False,
12521,834.666667,286,293,3.463680,82.539627,0.336820,False,
12521,834.666667,286,294,3.643996,175.876728,0.244132,False,
12521,834.666667,287,288,1.857625,15.808461,0.643243,False,
12521,834.666667,287,289,3.461881,4.740232,0.285250,False,
12521,834.666667,288,289,1.774760,11.068229,0.109900,False,
12521,834.666667,288,290,3.585145,27.977423,0.234652,False,
12521,834.666667,289,290,1.879509,16.909194,0.502870,False,
12521,834.666667,289,291,3.358112,4.879936,0.218509,False,
12521,834.666667,290,291,2.017678,21.789130,0.557521,False,
12521,834.666667,292,293,1.680270,0.000000,0.000000,False,
12521,834.666667,292,294,1.980219,93.337102,0.176739,False,3.649674
12521,834.666667,293,294,0.488912,93.337102,0.833993,False,
12531,835.333333,284,285,0.519842,0.623227,0.982268,True,
12531,835.333333,284,287,4.935246,176.879995,0.404774,False,
12531,835.333333,284,288,3.114534,160.258916,0.524516,False,
12531,835.333333,284,289,1.981314,167.206156,0.394856,False,
12531,835.333333,284,290,2.993239,174.112813,0.797035,False,
12531,835.333333,284,291,2.753777,173.005731,0.906217,False,
12531,835.333333,285,287,4.607976,176.256768,0.276462,False,
12531,835.333333,285,288,2.824952,159.635689,0.715058,False,
12531,835.333333,285,289,1.493901,166.582929,0.191713,False,
12531,835.333333,285,290,2.526408,174.736040,0.730187,False,
12531,835.333333,285,291,2.590287,172.382504,0.871797,False,
12531,835.333333,286,287,3.937416,2.339058,0.870088,False,
12531,835.333333,286,288,4.070931,18.960137,0.424237,False,
12531,835.333333,286,292,1.428646,90.385531,0.571025,False,
12531,835.333333,286,293,2.952961,90.385531,0.258862,False,
12531,835.333333,286,294,2.956014,176.277367,0.102287,False,1.377511
12531,835.333333,287,288,1.836202,16.621079,0.757011,True,
12531,835.333333,287,289,3.395290,9.673839,0.369461,False,
12531,835.333333,287,290,4.938645,9.007192,0.106864,False,
12531,835.333333,288,289,1.859681,6.947241,0.116639,False,
12531,835.333333,288,290,3.757091,25.628271,0.272034,False,
12531,835.333333,289,290,1.995763,18.681031,0.534676,False,
12531,835.333333,289,291,3.219867,5.799575,0.229521,False,
12531,835.333333,290,291,2.100976,12.881456,0.667887,False,
12531,835.333333,292,293,1.680270,0.000000,0.000000,False,
12531,835.333333,292,294,1.822761,93.337101,0.192006,False,4.332491
12531,835.333333,293,294,0.422214,93.337101,0.965740,False,
12541,836.000000,284,285,0.525726,0.045635,0.968513,True,
12541,836.000000,284,288,4.284158,156.021234,0.624468,False,
12541,836.000000,284,289,2.795304,165.814123,0.159924,False,
12541,836.000000,284,290,3.021929,172.973291,0.761053,False,
12541,836.000000,284,291,1.751957,176.357107,0.720241,False,
12541,836.000000,285,288,4.052169,156.066869,0.733696,False,
12541,836.000000,285,289,2.428349,165.859758,0.342061,False,
12541,836.000000,285,290,2.496213,172.927655,0.676968,False,
12541,836.000000,285,291,1.382668,176.402742,0.692029,False,
12541,836.000000,286,287,3.992639,2.812727,0.866949,False,
12541,836.000000,286,288,4.033001,22.674562,0.376934,False,
12541,836.000000,286,292,0.920573,89.518650,0.836038,False,
12541,836.000000,286,293,2.308240,89.518650,0.322178,False,
12541,836.000000,286,294,2.219676,10.326041,0.138899,False,1.262279
12541,836.000000,287,288,1.918589,19.861835,0.812567,True,
12541,836.000000,287,289,3.380664,10.068946,0.385089,False,
12541,836.000000,287,290,4.877868,11.143641,0.155580,False,
12541,836.000000,287,292,4.910620,92.331377,0.846084,False,
12541,836.000000,288,289,1.872189,9.792889,0.090253,False,
12541,836.000000,288,290,3.828408,31.005476,0.355205,False,
12541,836.000000,288,291,4.888762,20.335873,0.125068,False,
12541,836.000000,288,292,4.894220,112.193212,0.264860,False,
12541,836.000000,288,294,6.115345,12.348521,0.053552,False,3.809640
12541,836.000000,289,290,2.068094,21.212587,0.622327,False,
12541,836.000000,289,291,3.047356,10.542984,0.133871,False,
12541,836.000000,290,291,1.998893,10.669603,0.643526,False,
12541,836.000000,292,293,1.680270,0.000000,0.000000,False,
12541,836.000000,292,294,1.744197,99.844692,0.418771,False,
12541,836.000000,293,294,0.408811,99.844692,0.987548,False,
12551,836.666667,284,285,0.527518,0.811860,0.950918,True,
12551,836.666667,284,289,3.938852,155.084057,0.518876,False,
12551,836.666667,284,290,3.849513,177.195516,0.973504,False,
12551,836.666667,284,291,1.674977,168.087961,0.108913,False,
12551,836.666667,285,289,3.653193,155.895917,0.551646,False,
12551,836.666667,285,290,3.364251,176.383656,0.954047,False,
12551,836.666667,285,291,1.162365,168.899821,0.024582,False,
12551,836.666667,286,287,3.902577,8.154696,0.894857,False,
12551,836.666667,286,288,3.827102,29.538748,0.341218,False,
12551,836.666667,286,292,0.833492,83.446752,0.993187,False,
12551,836.666667,286,293,1.855915,83.446752,0.527881,False,
12551,836.666667,286,294,1.888621,27.687930,0.299606,False,
12551,836.666667,287,288,2.110151,21.384053,0.861363,False,
12551,836.666667,287,289,3.397756,17.952955,0.477069,False,
12551,836.666667,287,290,4.719487,9.767472,0.194292,False,
12551,836.666667,287,292,4.649354,91.601448,0.902968,False,
12551,836.666667,288,289,1.861069,3.431098,0.094764,False,
12551,836.666667,288,290,3.875416,31.151525,0.455635,False,
12551,836.666667,288,291,4.749821,16.435001,0.141909,False,
12551,836.666667,288,292,4.297682,112.985501,0.279849,False,
12551,836.666667,288,293,5.679665,112.985501,0.089767,False,3.519956
12551,836.666667,288,294,5.657226,1.850818,0.014721,False,3.469015
12551,836.666667,289,290,2.176374,27.720427,0.693397,False,
12551,836.666667,289,291,2.933725,13.003903,0.220581,False,
12551,836.666667,289,294,7.504966,1.580280,0.038232,False,4.905588
12551,836.666667,290,291,2.220624,14.716523,0.732066,True,
12551,836.666667,292,293,1.680270,0.000000,0.000000,False,
12551,836.666667,292,294,1.900389,111.134682,0.566285,False,
12551,836.666667,293,294,0.433333,111.134682,0.999480,False,
12561,837.333333,284,285,0.533803,2.702600,0.987129,True,
12561,837.333333,284,290,4.831767,174.979381,0.798220,False,
12561,837.333333,284,291,2.638603,174.049242,0.057408,False,
12561,837.333333,285,289,4.904078,160.423016,0.520471,False,
12561,837.333333,285,290,4.439766,172.276781,0.849946,False,
12561,837.333333,285,291,2.310320,176.751843,0.044567,False,
12561,837.333333,286,287,3.821846,0.049717,0.893221,False,
12561,837.333333,286,288,3.644336,22.485966,0.286376,False,
12561,837.333333,286,292,1.012247,87.791358,0.851059,False,
12561,837.333333,286,293,1.450705,87.791358,0.610852,False,
12561,837.333333,286,294,1.310520,178.870239,0.374785,False,0.595361
12561,837.333333,287,288,2.224940,22.436250,0.864380,False,
12561,837.333333,287,289,3.475635,20.553449,0.491977,False,
12561,837.333333,287,290,4.638919,6.746754,0.239525,False,
12561,837.333333,287,292,4.437264,87.841075,0.963430,False,
12561,837.333333,287,294,4.886566,178.820522,0.797462,False,
12561,837.333333,288,289,1.890552,1.882800,0.085054,False,
12561,837.333333,288,290,3.970901,29.183004,0.520805,False,
12561,837.333333,288,291,4.635626,18.211627,0.038464,False,
12561,837.333333,288,292,3.731992,110.277325,0.374061,False,
12561,837.333333,288,294,4.948700,156.384272,0.007005,False,
12561,837.333333,289,290,2.336871,27.300203,0.766771,False,
12561,837.333333,289,291,2.764726,16.328827,0.101574,False,
12561,837.333333,290,291,2.233309,10.971377,0.741031,True,
12561,837.333333,292,293,1.680270,0.000000,0.000000,False,
12561,837.333333,292,294,1.782155,93.338403,0.185507,False,5.548704
12561,837.333333,293,294,0.395016,93.338403,0.983274,False,
12571,838.000000,284,285,0.602808,2.321694,0.976095,True,
12571,838.000000,284,291,4.040774,178.367922,0.102690,False,
12571,838.000000,285,291,3.728996,179.310384,0.798015,False,
12571,838.000000,286,287,3.848416,0.357085,0.923331,False,
12571,838.000000,286,288,3.546940,25.906782,0.247787,False,
12571,838.000000,286,292,1.329277,85.572782,0.595858,False,
12571,838.000000,286,293,1.072395,85.572782,0.822239,False,
12571,838.000000,286,294,0.800025,178.911185,0.618382,False,0.218105
12571,838.000000,287,288,2.472226,26.263867,0.877576,False,
12571,838.000000,287,289,3.534666,18.529685,0.479697,False,
12571,838.000000,287,290,4.678909,10.365062,0.327575,False,
12571,838.000000,287,292,4.360842,85.215697,0.995881,False,
12571,838.000000,287,293,4.902718,85.215697,0.906240,False,
12571,838.000000,287,294,4.563951,178.554100,0.889327,False,
12571,838.000000,288,289,1.824247,7.734182,0.009380,False,
12571,838.000000,288,290,4.158104,36.628930,0.614868,False,
12571,838.000000,288,291,4.481790,21.708235,0.025932,False,
12571,838.000000,288,292,3.219227,111.479564,0.414739,False,
12571,838.000000,288,293,4.529508,111.479564,0.150735,False,
12571,838.000000,288,294,4.337682,155.182033,0.044090,False,2.538110
12571,838.000000,289,290,2.599744,28.894748,0.848944,False,
12571,838.000000,289,291,2.674950,13.974054,0.010890,False,
12571,838.000000,289,292,4.895513,103.745382,0.371949,False,
12571,838.000000,290,291,2.265826,14.920694,0.757248,True,
12571,838.000000,292,293,1.680270,0.000000,0.000000,False,
12571,838.000000,292,294,1.723127,93.338403,0.191862,False,
12571,838.000000,293,294,0.388589,93.338403,0.999536,False,
12581,838.666667,284,285,0.623006,1.077152,0.970480,True,0.434060
12581,838.666667,286,287,3.743381,6.353187,0.916649,False,
12581,838.666667,286,288,3.350380,26.682840,0.186505,False,
12581,838.666667,286,292,1.754679,84.392440,0.460683,False,
12581,838.666667,286,293,0.940071,84.392440,0.992053,False,
12581,838.666667,286,294,0.558448,17.885318,0.960024,True,
12581,838.666667,287,288,2.712097,20.329653,0.920348,False,
12581,838.666667,287,289,3.651479,15.353990,0.575552,False,
12581,838.666667,287,292,4.329730,90.745627,0.998770,False,
12581,838.666667,287,293,4.664253,90.745627,0.913858,False,
12581,838.666667,287,294,4.297984,11.532130,0.886717,False,
12581,838.666667,288,289,1.844699,4.975663,0.012378,False,
12581,838.666667,288,291,4.356769,25.673912,0.131824,False,
12581,838.666667,288,292,2.679632,111.075279,0.499873,False,
12581,838.666667,288,293,3.936229,111.075279,0.177335,False,
12581,838.666667,288,294,3.722117,8.797522,0.117733,False,2.734108
12581,838.666667,289,291,2.523959,20.698249,0.108671,False,
12581,838.666667,289,292,4.357747,106.099617,0.376156,False,
12581,838.666667,292,293,1.680270,0.000000,0.000000,False,
12581,838.666667,292,294,1.703466,102.277757,0.450986,False,
12581,838.666667,293,294,0.388495,102.277757,0.957191,False,
12591,839.333333,284,285,0.568666,4.420888,0.999930,True,
12591,839.333333,286,287,3.696994,4.945912,0.884698,False,
12591,839.333333,286,288,3.267484,24.332576,0.088132,False,
12591,839.333333,286,292,2.177541,88.976954,0.427200,False,
12591,839.333333,286,293,0.964359,88.976954,0.954170,False,
12591,839.333333,286,294,0.587046,9.914742,0.994712,True,
12591,839.333333,287,288,2.804900,19.386664,0.948663,False,
12591,839.333333,287,289,3.663583,6.040246,0.582252,False,
12591,839.333333,287,292,4.292487,93.922866,0.999986,False,
12591,839.333333,287,293,4.454497,93.922866,0.928841,False,
12591,839.333333,287,294,4.199932,4.968830,0.892412,False,
12591,839.333333,288,289,1.840813,13.346418,0.068554,False,
12591,839.333333,288,291,4.272170,27.163965,0.192799,False,
12591,839.333333,288,292,2.240630,113.309530,0.573589,False,
12591,839.333333,288,293,3.412516,113.309530,0.171046,False,2.454160
12591,839.333333,288,294,3.415558,14.417834,0.107237,False,2.865279
12591,839.333333,288,295,4.728053,5.637232,0.239106,False,
12591,839.333333,289,291,2.432281,13.817547,0.261646,False,
12591,839.333333,289,292,3.858445,99.963113,0.517574,False,
12591,839.333333,289,295,2.973580,7.709186,0.474724,False,
12591,839.333333,291,295,1.274607,21.526733,0.999758,False,1.020125
12591,839.333333,292,293,1.680270,0.000000,0.000000,False,
12591,839.333333,292,294,1.918268,98.891697,0.348546,False,
12591,839.333333,293,294,0.396648,98.891697,0.931215,False,
12601,840.000000,287,288,3.034340,22.298392,0.949949,False,
12601,840.000000,287,289,3.560379,5.778048,0.577407,False,
12601,840.000000,287,292,4.343680,92.155335,0.986759,False,
12601,840.000000,287,293,4.294512,92.155335,0.974019,False,
12601,840.000000,287,294,4.012670,120.756652,0.970059,False,
12601,840.000000,288,289,1.709732,16.520345,0.230069,False,
12601,840.000000,288,291,4.075940,17.779694,0.157248,False,
12601,840.000000,288,292,1.816953,114.453727,0.672203,False,
12601,840.000000,288,293,2.899349,114.453727,0.168835,False,2.064143
12601,840.000000,288,294,2.934342,143.055044,0.067755,False,1.822305
12601,840.000000,288,295,4.566594,10.634783,0.300760,False,
12601,840.000000,289,291,2.379446,1.259349,0.205134,False,
12601,840.000000,289,292,3.332370,97.933383,0.646044,False,
12601,840.000000,289,293,4.603727,97.933383,0.408650,False,
12601,840.000000,289,294,4.643034,126.534699,0.364387,False,
12601,840.000000,289,295,2.878335,5.885562,0.482840,False,9.807152
12601,840.000000,291,295,1.069257,7.144911,0.990101,True,2.137655
12601,840.000000,292,293,1.680270,0.000000,0.000000,False,
12601,840.000000,292,294,1.957946,28.601317,0.954962,False,
12601,840.000000,293,294,0.420159,28.601317,0.894345,False,
12611,840.666667,287,288,3.166319,20.875134,0.954310,False,
12611,840.666667,287,289,3.507875,3.743145,0.590296,False,
12611,840.666667,287,292,4.437207,91.686880,0.964629,False,
12611,840.666667,287,293,4.221447,91.686880,0.992727,False,
12611,840.666667,287,294,3.845043,178.245555,0.986126,False,
12611,840.666667,288,289,1.623637,17.131989,0.320946,False,
12611,840.666667,288,291,3.895122,21.686443,0.248630,False,
12611,840.666667,288,292,1.531686,112.562014,0.833665,False,
12611,840.666667,288,293,2.455046,112.562014,0.242517,False,1.930662
12611,840.666667,288,294,2.390432,160.879311,0.000947,False,1.324864
12611,840.666667,288,295,4.373149,12.379580,0.390598,False,
12611,840.666667,289,291,2.296074,4.554454,0.276435,False,
12611,840.666667,289,292,2.894034,95.430025,0.759176,False,
12611,840.666667,289,293,4.075613,95.430025,0.490287,False,
12611,840.666667,289,294,4.009442,178.011300,0.389831,False,
12611,840.666667,289,295,2.764222,4.752409,0.554785,False,
12611,840.666667,291,292,4.942266,90.875571,0.618083,False,
12611,840.666667,291,295,1.098777,9.306863,1.000000,True,2.011652
12611,840.666667,292,293,1.680270,0.000000,0.000000,False,
12611,840.666667,292,294,1.900389,86.558675,0.289002,False,7.700434
12611,840.666667,293,294,0.433333,86.558675,0.942404,False,
12621,841.333333,288,289,1.669518,28.671740,0.460840,False,
12621,841.333333,288,291,3.852122,33.063411,0.372406,False,
12621,841.333333,288,292,1.312093,118.399896,0.932209,False,
12621,841.333333,288,293,1.972171,118.399896,0.197214,False,1.305327
12621,841.333333,288,294,1.832289,129.712442,0.031804,False,1.051560
12621,841.333333,288,295,4.246958,18.741490,0.404216,False,
12621,841.333333,289,291,2.225902,4.391671,0.431568,False,
12621,841.333333,289,292,2.625205,89.728156,0.907775,False,
12621,841.333333,289,293,3.641672,89.728156,0.645579,False,
12621,841.333333,289,294,3.487257,158.384182,0.554684,False,
12621,841.333333,289,295,2.577685,9.930250,0.589398,False,4.393115
12621,841.333333,291,292,4.529988,85.336485,0.770134,False,
12621,841.333333,291,295,0.848174,14.321921,0.995509,True,0.584388
12621,841.333333,292,293,1.680270,0.000000,0.000000,False,
12621,841.333333,292,294,1.799947,111.887662,0.160160,False,
12621,841.333333,293,294,0.362871,111.887662,0.828762,False,
12631,842.000000,288,289,1.687740,19.771695,0.593383,False,
12631,842.000000,288,291,3.671864,25.715520,0.455953,False,
12631,842.000000,288,292,1.186113,116.474274,0.999748,False,
12631,842.000000,288,293,1.564668,116.474274,0.256342,False,1.388513
12631,842.000000,288,294,1.445655,126.977050,0.035539,False,1.080672
12631,842.000000,288,295,4.081248,21.290823,0.553311,False,
12631,842.000000,289,291,2.079377,5.943826,0.356084,False,
12631,842.000000,289,292,2.439332,96.702580,0.937707,False,
12631,842.000000,289,293,3.242600,96.702580,0.632675,False,
12631,842.000000,289,294,3.069749,107.205355,0.556742,False,
12631,842.000000,289,295,2.404092,1.519128,0.587921,False,
12631,842.000000,291,292,4.062666,90.758754,0.785768,False,
12631,842.000000,291,295,0.757040,4.424697,0.996210,True,1.256351
12631,842.000000,292,293,1.680270,0.000000,0.000000,False,
12631,842.000000,292,294,1.840274,10.502775,0.998992,True,
12631,842.000000,292,295,4.625449,95.183451,0.809667,False,
12631,842.000000,293,294,0.392803,10.502775,0.456878,False,
12641,842.666667,288,289,1.436192,8.081163,0.737462,True,
12641,842.666667,288,291,3.352788,13.918212,0.565905,False,
12641,842.666667,288,292,1.251533,106.459580,0.949320,False,
12641,842.666667,288,293,1.381622,106.459580,0.487627,False,
12641,842.666667,288,294,1.206547,160.200716,0.164190,False,0.888931
12641,842.666667,288,295,3.782218,15.171712,0.713130,False,
12641,842.666667,289,291,2.029559,5.837049,0.397146,False,
12641,842.666667,289,292,2.251904,98.378416,0.986725,False,
12641,842.666667,289,293,2.800302,98.378416,0.691922,False,
12641,842.666667,289,294,2.565712,168.281879,0.590806,False,
12641,842.666667,289,295,2.366546,7.090549,0.665679,False,
12641,842.666667,291,292,3.702230,92.541368,0.848292,False,
12641,842.666667,291,293,4.731096,92.541368,0.639608,False,
12641,842.666667,291,294,4.544900,174.118928,0.575890,False,
12641,842.666667,291,295,0.747195,1.253500,0.987593,True,
12641,842.666667,292,293,1.680270,0.000000,0.000000,False,
12641,842.666667,292,294,1.800791,93.339704,0.172822,False,
12641,842.666667,292,295,4.298949,91.287868,0.911703,False,
12641,842.666667,293,294,0.380947,93.339704,0.968797,False,
12641,842.666667,294,295,4.932228,175.372428,0.698348,False,
12651,843.333333,288,289,1.362040,21.943640,0.818600,False,
12651,843.333333,288,291,3.119695,32.145935,0.637691,False,
12651,843.333333,288,292,1.359888,122.377171,0.968025,False,
12651,843.333333,288,293,1.123380,122.377171,0.340973,False,1.609538
12651,843.333333,288,294,0.870770,62.921526,0.190847,False,0.779592
12651,843.333333,288,295,3.587099,34.687472,0.802248,False,
12651,843.333333,289,291,1.956807,10.202295,0.411870,False,
12651,843.333333,289,292,2.270314,100.433531,0.998664,False,
12651,843.333333,289,293,2.456326,100.433531,0.783145,False,
12651,843.333333,289,294,2.143314,40.977887,0.742979,False,
12651,843.333333,289,295,2.278783,12.743833,0.720237,True,
12651,843.333333,291,292,3.380452,90.231236,0.935742,False,
12651,843.333333,291,293,4.237843,90.231236,0.735367,False,
12651,843.333333,291,294,3.981483,30.775592,0.701827,False,
12651,843.333333,291,295,0.807967,2.541538,0.953993,True,
12651,843.333333,292,293,1.680270,0.000000,0.000000,False,
12651,843.333333,292,294,1.741610,59.455645,0.290884,False,
12651,843.333333,292,295,4.056470,87.689698,0.980753,False,
12651,843.333333,293,294,0.370651,59.455645,0.843251,False,
12651,843.333333,293,295,4.707408,87.689698,0.851012,False,
12651,843.333333,294,295,4.412760,28.234054,0.832332,False,
12661,844.000000,288,289,1.184468,56.152646,0.923768,False,
12661,844.000000,288,291,2.809530,84.718282,0.848382,False,
12661,844.000000,288,292,1.297903,169.870536,0.848513,False,
12661,844.000000,288,293,1.096244,169.870536,0.510262,False,7.521080
12661,844.000000,288,294,0.932911,130.891216,0.557765,False,
12661,844.000000,288,295,3.407935,83.794466,0.924515,False,
12661,844.000000,289,291,2.004157,28.565636,0.448576,False,
12661,844.000000,289,292,2.304722,113.717889,0.998219,False,
12661,844.000000,289,293,2.106854,113.717889,0.753850,False,
12661,844.000000,289,294,1.775956,74.738570,0.681732,False,
12661,844.000000,289,295,2.414072,27.641819,0.705514,False,
12661,844.000000,291,292,3.270708,85.152254,0.995701,False,
12661,844.000000,291,293,3.898910,85.152254,0.861437,False,
12661,844.000000,291,294,3.653527,46.172934,0.822680,False,
12661,844.000000,291,295,0.821788,0.923816,0.940435,True,
12661,844.000000,292,293,1.680270,0.000000,0.000000,False,
12661,844.000000,292,294,1.841245,38.979319,0.606523,False,
12661,844.000000,292,295,4.027236,86.076070,0.999791,False,
12661,844.000000,293,294,0.410240,38.979319,0.399413,False,
12661,844.000000,293,295,4.463374,86.076070,0.918892,False,
12661,844.000000,294,295,4.170637,47.096750,0.897425,False,
12671,844.666667,288,289,1.061763,16.130696,0.997665,True,
12671,844.666667,288,291,2.603283,18.644947,0.952136,False,
12671,844.666667,288,292,1.319473,103.823938,0.810095,False,
12671,844.666667,288,293,1.055545,103.823938,0.595530,False,
12671,844.666667,288,294,0.819542,162.837659,0.795166,False,1.153817
12671,844.666667,288,295,3.256193,15.309894,0.977861,False,
12671,844.666667,289,291,2.171692,34.775644,0.533879,False,
12671,844.666667,289,292,2.356449,119.954635,0.976867,False,
12671,844.666667,289,293,1.705334,119.954635,0.837646,False,
12671,844.666667,289,294,1.317733,146.706962,0.781073,False,
12671,844.666667,289,295,2.630318,31.440590,0.724034,False,
12671,844.666667,291,292,3.272046,85.178991,0.995251,False,
12671,844.666667,291,293,3.622220,85.178991,0.926984,False,
12671,844.666667,291,294,3.293008,178.517394,0.903344,False,
12671,844.666667,291,295,0.793277,3.335053,0.935348,True,3.794732
12671,844.666667,292,293,1.680270,0.000000,0.000000,False,
12671,844.666667,292,294,1.762472,93.338403,0.187579,False,8.189133
12671,844.666667,292,295,4.037913,88.514045,0.995379,False,
12671,844.666667,293,294,0.391862,93.338403,0.991187,False,
12671,844.666667,293,295,4.225292,88.514045,0.952063,False,
12671,844.666667,294,295,3.869303,178.147552,0.937737,False,
12681,845.333333,288,292,1.335483,86.692685,0.594242,False,
12681,845.333333,288,293,1.043840,86.692685,0.814774,False,
12681,845.333333,288,294,0.770706,179.968913,0.600203,False,2.339649
12681,845.333333,292,293,1.680270,0.000000,0.000000,False,
12681,845.333333,292,294,1.723127,93.338403,0.191862,False,
12681,845.333333,293,294,0.388589,93.338403,0.999536,False,
12691,846.000000,288,292,1.335483,0.000000,0.000000,False,
12691,846.000000,288,293,1.043840,0.000000,0.000000,False,
12691,846.000000,288,294,0.754772,93.338403,0.612654,False,4.276003
12691,846.000000,292,293,1.680270,0.000000,0.000000,False,
12691,846.000000,292,294,1.703466,93.338403,0.194077,False,
12691,846.000000,293,294,0.388495,93.338403,0.999777,False,
12701,846.666667,288,292,1.335483,0.000000,0.000000,False,
12701,846.666667,288,293,1.043840,0.000000,0.000000,False,
12701,846.666667,288,294,0.739036,93.338403,0.625699,False,7.751804
12701,846.666667,288,296,1.296385,94.977839,0.995943,False,
12701,846.666667,288,297,1.845307,94.930557,0.999979,False,
12701,846.666667,292,293,1.680270,0.000000,0.000000,False,
12701,846.666667,292,294,1.683812,93.338403,0.196342,False,
12701,846.666667,292,296,2.275033,94.977839,0.902438,False,
12701,846.666667,292,297,2.824506,94.930557,0.923391,False,
12701,846.666667,293,294,0.389434,93.338403,0.997368,False,
12701,846.666667,293,296,2.268566,94.977839,0.951659,False,
12701,846.666667,293,297,2.776585,94.930557,0.976943,False,
12701,846.666667,294,296,1.895871,1.639437,0.933360,True,
12701,846.666667,294,297,2.393700,1.592154,0.970573,True,
12701,846.666667,296,297,0.564244,0.047283,0.982192,True,
12711,847.333333,288,292,1.335483,0.000000,0.000000,False,
12711,847.333333,288,293,1.043840,0.000000,0.000000,False,
12711,847.333333,288,294,0.739036,0.000000,0.000000,False,
12711,847.333333,288,296,1.481479,95.860235,0.878960,False,
12711,847.333333,288,297,1.946036,93.183344,0.938094,False,
12711,847.333333,292,293,1.680270,0.000000,0.000000,False,
12711,847.333333,292,294,1.683812,0.000000,0.000000,False,
12711,847.333333,292,296,2.086204,95.860235,0.981270,False,
12711,847.333333,292,297,2.651575,93.183344,0.988653,False,
12711,847.333333,293,294,0.389434,0.000000,0.000000,False,
12711,847.333333,293,296,2.523514,95.860235,0.863386,False,
12711,847.333333,293,297,2.965721,93.183344,0.901888,False,
12711,847.333333,294,296,2.189791,95.860235,0.817198,False,
12711,847.333333,294,297,2.606673,93.183344,0.877140,False,
12711,847.333333,296,297,0.565437,2.676891,0.982438,True,
12721,848.000000,288,292,1.335483,0.000000,0.000000,False,
12721,848.000000,288,293,1.043840,0.000000,0.000000,False,
12721,848.000000,288,294,0.739036,0.000000,0.000000,False,
12721,848.000000,288,296,1.844889,92.413646,0.656573,False,
12721,848.000000,288,297,2.247691,89.197938,0.778695,False,
12721,848.000000,292,293,1.680270,0.000000,0.000000,False,
12721,848.000000,292,294,1.683812,0.000000,0.000000,False,
12721,848.000000,292,296,2.048306,92.413646,0.986942,False,
12721,848.000000,292,297,2.648528,89.197938,0.988775,False,
12721,848.000000,293,294,0.389434,0.000000,0.000000,False,
12721,848.000000,293,296,2.872547,92.413646,0.714438,False,
12721,848.000000,293,297,3.291480,89.197938,0.776309,False,
12721,848.000000,294,296,2.583087,92.413646,0.644327,False,
12721,848.000000,294,297,2.963601,89.197938,0.732166,False,
12721,848.000000,296,297,0.620716,3.215708,0.994601,True,
12731,848.666667,288,292,1.335483,0.000000,0.000000,False,
12731,848.666667,288,293,1.043840,0.000000,0.000000,False,
12731,848.666667,288,294,0.739036,0.000000,0.000000,False,
12731,848.666667,288,296,2.456933,91.657545,0.500367,False,
12731,848.666667,288,297,2.771819,90.035322,0.651281,False,
12731,848.666667,292,293,1.680270,0.000000,0.000000,False,
12731,848.666667,292,294,1.683812,0.000000,0.000000,False,
12731,848.666667,292,296,2.318579,91.657545,0.885698,False,
12731,848.666667,292,297,2.868425,90.035322,0.926935,False,
12731,848.666667,293,294,0.389434,0.000000,0.000000,False,
12731,848.666667,293,296,3.442595,91.657545,0.598991,False,
12731,848.666667,293,297,3.802563,90.035322,0.688956,False,
12731,848.666667,294,296,3.191697,91.657545,0.524696,False,
12731,848.666667,294,297,3.508446,90.035322,0.636653,False,
12731,848.666667,296,297,0.639202,1.622223,0.994504,True,
12741,849.333333,288,292,1.335483,39.357498,0.188694,False,
12741,849.333333,288,293,1.043840,39.357498,0.978508,False,
12741,849.333333,288,294,0.739036,39.357498,0.997610,False,
12741,849.333333,288,296,3.024053,130.917204,0.283037,False,
12741,849.333333,288,297,3.256010,130.885501,0.464727,False,
12741,849.333333,292,293,1.680270,0.000000,0.000000,False,
12741,849.333333,292,294,1.683812,0.000000,0.000000,False,
12741,849.333333,292,296,2.656035,91.559706,0.758302,False,
12741,849.333333,292,297,3.129742,91.528003,0.852414,False,
12741,849.333333,293,294,0.389434,0.000000,0.000000,False,
12741,849.333333,293,296,3.964755,91.559706,0.509421,False,
12741,849.333333,293,297,4.259473,91.528003,0.627439,False,
12741,849.333333,294,296,3.745854,91.559706,0.435785,False,
12741,849.333333,294,297,3.994480,91.528003,0.572099,False,
12741,849.333333,296,297,0.661739,0.031703,0.989347,True,
12751,850.000000,288,292,1.514879,39.357498,0.166349,False,
12751,850.000000,288,293,1.096038,39.357498,0.931908,False,
12751,850.000000,288,294,0.748854,39.357498,0.984530,False,
12751,850.000000,288,296,3.705347,131.747998,0.059150,False,
12751,850.000000,288,297,3.864259,126.642071,0.152387,False,
12751,850.000000,292,293,1.680270,0.000000,0.000000,False,
12751,850.000000,292,294,1.683812,0.000000,0.000000,False,
12751,850.000000,292,296,3.137152,92.390500,0.664907,False,
12751,850.000000,292,297,3.530515,87.284573,0.710682,False,
12751,850.000000,293,294,0.389434,0.000000,0.000000,False,
12751,850.000000,293,296,4.545711,92.390500,0.465479,False,
12751,850.000000,293,297,4.797208,87.284573,0.498093,False,
12751,850.000000,294,296,4.346811,92.390500,0.397543,False,
12751,850.000000,294,297,4.556190,87.284573,0.440322,False,
12751,850.000000,296,297,0.640977,5.105927,0.995199,True,
12751,850.000000,296,298,4.230662,179.807186,0.656889,False,
12751,850.000000,297,298,3.949235,175.086887,0.026867,False,
12761,850.666667,296,297,0.782252,6.299998,0.998978,True,
12761,850.666667,296,298,3.362426,173.785412,0.993834,False,
12761,850.666667,297,298,2.764161,179.914590,0.628483,False,
12771,851.333333,296,297,0.782985,1.570247,0.998541,True,4.489944
12771,851.333333,296,298,2.782596,170.450573,0.008363,False,
12771,851.333333,297,298,2.042185,172.020819,0.208251,False,
12781,852.000000,296,297,0.745227,0.710815,0.999951,True,
12781,852.000000,296,298,2.820271,170.753583,0.572728,False,
12781,852.000000,297,298,2.090759,171.464398,0.452058,False,
12791,852.666667,296,297,0.765534,0.065830,1.000000,True,
12791,852.666667,296,298,3.332272,177.744848,0.744037,False,
12791,852.666667,297,298,2.703031,177.810678,0.623142,False,
12791,852.666667,297,299,4.695811,177.776841,0.619032,False,
12791,852.666667,299,300,1.634075,0.068336,0.630024,False,
12791,852.666667,299,301,1.726979,0.023811,0.207767,False,
12791,852.666667,300,301,0.792146,0.044525,0.847629,True,
12801,853.333333,296,297,0.746500,4.536350,0.999937,True,1.064660
12801,853.333333,296,298,4.027198,179.320682,0.737459,False,
12801,853.333333,296,299,3.819510,176.254169,0.971468,False,
12801,853.333333,296,300,4.351440,174.833613,0.957601,False,
12801,853.333333,297,298,3.553766,176.142968,0.313756,False,
12801,853.333333,297,299,3.379829,179.209481,0.443609,False,
12801,853.333333,297,300,4.171046,179.369963,0.341312,False,
12801,853.333333,297,301,4.777982,179.205874,0.140499,False,
12801,853.333333,299,300,1.640541,1.420556,0.626873,False,
12801,853.333333,299,301,1.759641,0.003607,0.215218,False,
12801,853.333333,300,301,0.804852,1.424163,0.833552,True,8.379535
12811,854.000000,296,297,0.655036,4.671533,0.992138,True,0.530140
12811,854.000000,296,299,2.896743,176.411024,0.561817,False,
12811,854.000000,296,300,3.047335,178.525368,0.340114,False,
12811,854.000000,296,301,3.758841,177.865368,0.082148,False,
12811,854.000000,297,298,4.693555,171.992830,0.519585,False,
12811,854.000000,297,299,2.355043,171.739491,0.011192,False,
12811,854.000000,297,300,2.803635,176.803100,0.938621,False,
12811,854.000000,297,301,3.451814,173.193835,0.113233,False,
12811,854.000000,299,300,1.641613,5.063608,0.608677,False,
12811,854.000000,299,301,1.773412,1.454343,0.235525,False,8.439194
12811,854.000000,300,301,0.765294,3.609265,0.831968,True,0.663983
12821,854.666667,296,297,0.664750,4.340112,0.952648,True,0.781839
12821,854.666667,296,299,2.597090,176.454274,0.268944,False,
12821,854.666667,296,300,2.041851,176.497691,0.255213,False,
12821,854.666667,296,301,2.634580,179.367095,0.923711,False,
12821,854.666667,297,299,1.948802,172.114162,0.311149,False,
12821,854.666667,297,300,1.707773,179.162197,0.971791,False,
12821,854.666667,297,301,2.242034,176.292793,0.361756,False,
12821,854.666667,299,300,1.682130,7.048035,0.555787,False,
12821,854.666667,299,301,1.646826,4.178631,0.240368,False,
12821,854.666667,300,301,0.610849,2.869404,0.951734,True,0.064367
12831,855.333333,296,297,0.560784,1.427222,0.970269,True,
12831,855.333333,296,299,2.992820,166.423473,0.472847,False,
12831,855.333333,296,300,1.666984,177.154959,0.753993,False,
12831,855.333333,296,301,2.192718,176.456879,0.512802,False,
12831,855.333333,297,299,2.476779,167.850694,0.334528,False,
12831,855.333333,297,300,1.106795,178.582181,0.180276,False,
12831,855.333333,297,301,1.645470,177.884101,0.378919,False,
12831,855.333333,299,300,1.597049,10.731487,0.621972,False,
12831,855.333333,299,301,1.613442,10.033406,0.296535,False,
12831,855.333333,300,301,0.601201,0.698081,0.911414,True,0.068303
12841,856.000000,296,297,0.685261,3.640498,0.986889,True,
12841,856.000000,296,299,3.874522,155.652344,0.725442,False,
12841,856.000000,296,300,2.444332,174.292612,0.989198,False,
12841,856.000000,296,301,2.720021,173.603965,0.906459,False,
12841,856.000000,297,299,3.417652,159.292841,0.682995,False,
12841,856.000000,297,300,1.954210,177.933109,0.896853,False,
12841,856.000000,297,301,2.129720,177.244462,0.659201,False,
12841,856.000000,299,300,1.464721,18.640268,0.636074,False,
12841,856.000000,299,301,1.525120,17.951621,0.291980,False,
12841,856.000000,300,301,0.596281,0.688647,0.906405,True,
12851,856.666667,296,297,0.638488,3.890078,0.997586,True,0.316935
12851,856.666667,296,299,4.849769,151.548067,0.906122,False,
12851,856.666667,296,300,3.609637,179.588670,0.508524,False,
12851,856.666667,296,301,3.681681,178.107209,0.819372,False,
12851,856.666667,297,299,4.593615,147.657989,0.914190,False,
12851,856.666667,297,300,3.344567,175.698592,0.896957,False,
12851,856.666667,297,301,3.322887,174.217130,0.995417,False,
12851,856.666667,299,300,1.249362,28.040603,0.553223,False,
12851,856.666667,299,301,1.432110,26.559142,0.180891,False,
12851,856.666667,300,301,0.587688,1.481461,0.899030,True,
12861,857.333333,296,297,0.582217,0.689485,0.994353,True,
12861,857.333333,296,300,4.919262,170.336700,0.997576,False,
12861,857.333333,296,301,4.876107,173.679656,0.823946,False,
12861,857.333333,297,300,4.743527,169.647216,0.992330,False,
12861,857.333333,297,301,4.635129,172.990172,0.794966,False,
12861,857.333333,299,300,1.107907,37.341256,0.378097,False,
12861,857.333333,299,301,1.478961,40.684212,0.012472,False,
12861,857.333333,300,301,0.580253,3.342956,0.860496,True,
12871,858.000000,296,297,0.620854,4.415970,0.999965,True,
12871,858.000000,296,302,2.660777,168.435954,0.335157,False,
12871,858.000000,297,302,2.224050,164.019985,0.465423,False,
12871,858.000000,299,300,0.943845,48.203059,0.088135,False,
12871,858.000000,299,301,1.395930,50.972978,0.482052,False,
12871,858.000000,300,301,0.617469,2.769919,0.994744,True,
12881,858.666667,296,297,0.694042,4.401074,0.997944,True,
12881,858.666667,296,302,2.191618,175.344225,0.573873,False,
12881,858.666667,297,302,1.500797,170.943150,0.297757,False,
12881,858.666667,299,300,1.178629,51.229550,0.681123,False,
12881,858.666667,299,301,1.774104,51.827840,0.728084,False,
12881,858.666667,300,301,0.605862,0.598289,0.984038,True,
12891,859.333333,296,297,0.732807,2.930526,0.996027,True,
12891,859.333333,296,302,2.627605,173.943535,0.721296,False,
12891,859.333333,297,302,2.029167,176.874060,0.999431,False,
12891,859.333333,299,300,1.573315,52.628269,0.860298,False,
12891,859.333333,299,301,2.213843,56.838974,0.848723,False,
12891,859.333333,300,301,0.650931,4.210705,0.969603,True,
12901,860.000000,299,300,2.240000,57.907062,0.904251,False,
12901,860.000000,299,301,2.939843,57.888588,0.877906,False,
12901,860.000000,299,303,2.334988,157.043691,0.316225,False,
12901,860.000000,300,301,0.709377,0.018475,0.994343,True,
12901,860.000000,300,303,4.555729,145.049246,0.980599,False,
12911,860.666667,299,300,2.982480,60.047493,0.950832,False,
12911,860.666667,299,301,3.574452,57.119213,0.894021,False,
12911,860.666667,299,303,1.562223,141.895796,0.426618,False,
12911,860.666667,300,301,0.668595,2.928280,0.936891,True,
12911,860.666667,300,303,4.544703,158.056711,0.929323,False,
12921,861.333333,299,300,3.694286,58.820308,0.971521,False,
12921,861.333333,299,301,4.258632,58.783037,0.943007,False,
12921,861.333333,299,303,1.268200,150.378641,0.927256,False,
12921,861.333333,300,301,0.676523,0.037272,0.937948,True,
12921,861.333333,300,303,4.778765,150.801051,0.762199,False,
12931,862.000000,299,300,4.352190,57.448583,0.985188,False,
12931,862.000000,299,301,4.903249,57.423418,0.965533,False,
12931,862.000000,299,303,1.548136,171.567699,0.797828,False,
12931,862.000000,300,301,0.677066,0.025164,0.945158,True,
12941,862.666667,299,300,4.987407,56.440838,0.990652,False,
12941,862.666667,299,303,2.096979,146.675916,0.373469,False,
12941,862.666667,300,301,0.685251,0.008136,0.929367,True,
12951,863.333333,299,303,2.694297,131.678675,0.314574,False,
12961,864.000000,299,303,3.306223,125.625136,0.243787,False,
12971,864.666667,302,303,4.919393,63.083532,0.934951,False,
12981,865.333333,302,303,4.748420,71.541834,0.936558,False,
12991,866.000000,302,303,4.617720,88.866154,0.963912,False,
12991,866.000000,302,304,4.806011,166.886311,0.862039,False,
12991,866.000000,303,304,4.732933,104.247534,0.716757,False,
13001,866.666667,302,303,4.611318,65.038190,0.988818,False,
13001,866.666667,302,304,3.675936,170.022122,0.971964,False,
13001,866.666667,303,304,4.521843,124.939688,0.786543,False,
13011,867.333333,302,303,4.608999,39.246928,0.999981,False,
13011,867.333333,302,304,2.553969,170.597193,0.695765,False,
13011,867.333333,302,306,4.275569,172.338231,0.974431,False,
13011,867.333333,303,304,4.167326,150.155879,0.852230,False,
13011,867.333333,303,305,6.546931,12.430430,0.024931,False,3.694026
13011,867.333333,303,306,4.144168,148.414842,0.511631,False,
13011,867.333333,304,306,1.787303,1.741038,0.669872,False,
13021,868.000000,302,303,4.772319,23.819337,0.996759,False,
13021,868.000000,302,304,1.586382,171.123695,0.710686,False,
13021,868.000000,302,306,3.480365,177.851801,0.814363,False,
13021,868.000000,303,304,3.953983,165.056968,0.959009,False,
13021,868.000000,303,305,5.911539,2.152929,0.063653,False,3.402772
13021,868.000000,303,306,3.718337,158.328862,0.608864,False,
13021,868.000000,304,306,1.894018,6.728106,0.635032,False,
13031,868.666667,302,303,4.795111,4.817542,0.938848,False,
13031,868.666667,302,304,0.959890,166.101875,0.237358,False,
13031,868.666667,302,306,2.668081,170.976747,0.885559,False,
13031,868.666667,303,304,3.835707,170.919417,0.994956,False,
13031,868.666667,303,306,3.300246,175.794289,0.726926,False,
13031,868.666667,304,306,2.071338,4.874872,0.628106,False,
13041,869.333333,302,304,1.665790,161.052398,0.784430,False,
13041,869.333333,302,306,2.557396,166.784857,0.432934,False,
13041,869.333333,303,304,3.794722,82.242746,0.998046,False,
13041,869.333333,303,305,4.718640,149.240099,0.722905,False,
13041,869.333333,303,306,2.980377,87.975205,0.822341,False,
13041,869.333333,304,306,2.052285,5.732459,0.612441,False,
13051,870.000000,302,304,2.675670,176.400282,0.917728,False,
13051,870.000000,302,306,2.644437,174.940844,0.982546,False,
13051,870.000000,303,304,3.930727,84.563180,0.982051,False,
13051,870.000000,303,306,2.719453,93.222053,0.854214,False,
13051,870.000000,304,306,2.242051,8.658873,0.654560,False,
13061,870.666667,303,304,4.053335,91.505954,0.971666,False,
13061,870.666667,303,306,2.435875,96.787086,0.914961,False,
13061,870.666667,304,306,2.377314,5.281132,0.716796,True,
13071,871.333333,303,304,4.222325,93.953272,0.943733,False,
13071,871.333333,303,306,2.257812,96.908534,0.987609,False,
13071,871.333333,304,306,2.387534,2.955263,0.745573,True,
13071,871.333333,304,307,6.324509,169.197621,0.541788,False,2.126841
13081,872.000000,303,304,4.461012,99.665332,0.931949,False,
13081,872.000000,303,306,2.233991,101.667352,0.999998,False,
13081,872.000000,304,306,2.467279,2.002020,0.790352,True,
13081,872.000000,304,307,5.161201,171.373454,0.604315,False,1.644357
13091,872.666667,303,304,4.689318,102.768718,0.900077,False,
13091,872.666667,303,306,2.277728,97.538391,0.940710,False,
13091,872.666667,304,306,2.494998,5.230327,0.781103,True,
13091,872.666667,304,307,4.051381,167.049889,0.685166,False,1.360447
13101,873.333333,303,306,2.637175,90.708849,0.775450,False,
13101,873.333333,304,306,2.410011,12.518102,0.717034,True,
13101,873.333333,304,307,2.936159,164.526876,0.831627,False,0.918527
13101,873.333333,304,308,4.442681,171.239499,0.839071,False,
13101,873.333333,307,308,1.581691,24.233625,0.614914,False,
13111,874.000000,303,306,3.076511,93.233378,0.694043,False,
13111,874.000000,304,306,2.272699,12.224106,0.725623,True,
13111,874.000000,304,307,1.880443,168.723461,0.879328,False,
13111,874.000000,304,308,3.283139,179.841012,0.631200,False,
13111,874.000000,306,307,4.031905,179.052433,0.397586,False,
13111,874.000000,307,308,1.525360,11.435527,0.784079,True,
13121,874.666667,303,306,3.473777,84.696625,0.484774,False,
13121,874.666667,304,306,2.242922,11.982953,0.573368,False,
13121,874.666667,304,307,0.971265,178.723096,0.704406,False,
13121,874.666667,304,308,2.265914,176.306087,0.895610,False,
13121,874.666667,306,307,3.214182,169.293951,0.090107,False,
13121,874.666667,306,308,4.491491,164.323133,0.978374,False,
13121,874.666667,307,308,1.321591,4.970817,0.869365,True,
13131,875.333333,303,306,4.063204,77.440270,0.321749,False,
13131,875.333333,303,311,2.449252,0.000000,0.000000,False,
13131,875.333333,303,312,3.327082,9.868589,0.992902,False,
13131,875.333333,303,313,3.703266,0.000000,0.000000,False,
13131,875.333333,304,306,2.170212,13.217945,0.429290,False,
13131,875.333333,304,307,0.573894,179.947926,0.912162,False,
13131,875.333333,304,308,1.737743,172.044622,0.889947,False,
13131,875.333333,304,309,3.750275,90.658215,0.946565,False,
13131,875.333333,304,310,4.408619,90.658215,0.789819,False,
13131,875.333333,304,311,4.443935,90.658215,0.768940,False,
13131,875.333333,306,307,2.317498,166.729980,0.110098,False,
13131,875.333333,306,308,3.513579,158.826677,0.960571,False,
13131,875.333333,306,309,3.882443,77.440270,0.781775,False,
13131,875.333333,306,311,2.479014,77.440270,0.798606,False,
13131,875.333333,307,308,1.274034,7.903303,0.971943,True,
13131,875.333333,307,309,4.321884,89.289711,0.942086,False,
13131,875.333333,307,310,4.968410,89.289711,0.805561,False,
13131,875.333333,307,311,4.723356,89.289711,0.834683,False,
13131,875.333333,309,310,1.496014,0.000000,0.000000,False,
13131,875.333333,309,311,4.052786,0.000000,0.000000,False,
13131,875.333333,312,313,0.612328,9.868589,0.651882,False,0.332439
13141,876.000000,303,306,4.654881,80.150712,0.321566,False,
13141,876.000000,303,311,2.449252,0.000000,0.000000,False,
13141,876.000000,303,312,3.324795,164.899059,0.979131,False,
13141,876.000000,303,313,3.703266,0.000000,0.000000,False,
13141,876.000000,304,306,2.147317,6.702304,0.352017,False,
13141,876.000000,304,307,1.456056,176.089657,0.554761,False,
13141,876.000000,304,308,2.239757,172.602740,0.385940,False,
13141,876.000000,304,309,3.560903,86.853016,0.996462,False,
13141,876.000000,304,310,4.004573,86.853016,0.893919,False,
13141,876.000000,304,311,4.882970,86.853016,0.644488,False,
13141,876.000000,306,307,1.645379,169.387353,0.587715,False,
13141,876.000000,306,308,2.887063,165.900436,0.900057,False,
13141,876.000000,306,309,3.508332,80.150712,0.834121,False,
13141,876.000000,306,310,4.635289,80.150712,0.675725,False,
13141,876.000000,306,311,2.885445,80.150712,0.712940,False,
13141,876.000000,307,308,1.274869,3.486917,0.999999,True,
13141,876.000000,307,309,4.486718,89.236641,0.907086,False,
13141,876.000000,307,311,4.498244,89.236641,0.876900,False,
13141,876.000000,309,310,1.496014,0.000000,0.000000,False,
13141,876.000000,309,311,4.052786,0.000000,0.000000,False,
13141,876.000000,312,313,0.597518,164.899059,0.733115,False,
13151,876.666667,303,311,2.449252,0.000000,0.000000,False,
13151,876.666667,303,312,3.380058,165.327897,0.964592,False,
13151,876.666667,303,313,3.703266,0.000000,0.000000,False,
13151,876.666667,304,306,2.201942,10.874448,0.281023,False,
13151,876.666667,304,307,2.506146,178.875231,0.247944,False,
13151,876.666667,304,308,3.313259,173.060751,0.031030,False,
13151,876.666667,304,309,3.641495,145.142740,0.992209,False,
13151,876.666667,304,310,3.822324,81.446672,0.968876,False,
13151,876.666667,306,307,1.533700,170.250321,0.981351,False,
13151,876.666667,306,308,2.885255,162.186303,0.510022,False,
13151,876.666667,306,309,3.199790,156.017188,0.947481,False,
13151,876.666667,306,310,4.192033,70.572224,0.820127,False,
13151,876.666667,306,311,3.344446,74.023934,0.524514,False,
13151,876.666667,307,308,1.353798,8.064017,0.971935,True,
13151,876.666667,307,309,4.696710,33.732491,0.928422,False,
13151,876.666667,307,311,4.298513,96.226387,0.862584,False,
13151,876.666667,309,310,1.496014,133.410588,0.091281,False,
13151,876.666667,309,311,4.052786,129.958878,0.675518,False,
13151,876.666667,312,313,0.781968,165.327897,0.556284,False,
13161,877.333333,303,311,2.449252,0.000000,0.000000,False,
13161,877.333333,303,313,3.703266,0.000000,0.000000,False,
13161,877.333333,303,314,3.302434,0.000000,0.000000,False,
13161,877.333333,304,306,2.188837,14.582146,0.188339,False,
13161,877.333333,304,307,3.546857,164.220435,0.124894,False,
13161,877.333333,304,308,4.737360,177.350767,0.082541,False,
13161,877.333333,304,309,3.787967,142.176513,0.962702,False,
13161,877.333333,304,310,3.628850,84.412899,0.995383,False,
13161,877.333333,306,307,1.832670,178.802580,0.785262,False,
13161,877.333333,306,308,3.427118,162.768621,0.154978,False,
13161,877.333333,306,309,3.139938,156.758659,0.996454,False,
13161,877.333333,306,310,3.881671,69.830753,0.910238,False,
13161,877.333333,306,311,3.986751,73.282463,0.447347,False,
13161,877.333333,307,308,1.657144,18.428798,0.895848,True,
13161,877.333333,307,309,4.790601,22.043921,0.970209,False,
13161,877.333333,307,311,4.089532,107.914957,0.783345,False,
13161,877.333333,307,313,8.085117,107.914957,0.065255,False,8.751210
13161,877.333333,309,310,1.521049,133.410588,0.766466,False,
13161,877.333333,309,311,4.031572,129.958878,0.679072,False,
13161,877.333333,313,314,0.595296,0.000000,0.000000,False,
13171,878.000000,303,311,2.449252,0.000000,0.000000,False,
13171,878.000000,303,313,3.703266,0.000000,0.000000,False,
13171,878.000000,303,316,4.635796,88.341041,0.659637,False,
13171,878.000000,304,306,2.318703,4.618323,0.195881,False,
13171,878.000000,304,307,4.544923,170.163722,0.099490,False,
13171,878.000000,304,309,4.037347,86.077779,0.889245,False,
13171,878.000000,304,310,3.600282,147.179465,0.994077,False,
13171,878.000000,304,315,1.961381,177.319380,0.671460,False,
13171,878.000000,306,307,2.490804,174.782045,0.350282,False,
13171,878.000000,306,308,4.345497,171.461106,0.248397,False,
13171,878.000000,306,309,3.077497,81.459456,0.998627,False,
13171,878.000000,306,310,3.606744,142.561142,0.895838,False,
13171,878.000000,306,311,4.424018,81.459456,0.515290,False,
13171,878.000000,306,315,3.901282,172.701057,0.666759,False,
13171,878.000000,307,308,2.002658,13.756849,0.816727,True,
13171,878.000000,307,309,4.887010,103.758499,0.918561,False,
13171,878.000000,307,311,3.858045,103.758499,0.865519,False,
13171,878.000000,307,316,7.124615,167.900460,0.318382,False,2.543650
13171,878.000000,309,310,1.523515,61.101686,0.544464,False,
13171,878.000000,309,311,4.031572,0.000000,0.000000,False,
13171,878.000000,309,315,4.233675,91.241601,0.617808,False,
13171,878.000000,310,315,3.117351,30.139915,0.827733,False,
13171,878.000000,313,316,2.254525,88.341041,0.998335,False,
13181,878.666667,303,307,4.710376,98.378311,0.639167,False,
13181,878.666667,303,311,2.449252,0.000000,0.000000,False,
13181,878.666667,303,313,3.703266,0.000000,0.000000,False,
13181,878.666667,303,316,4.164771,92.347938,0.685007,False,
13181,878.666667,304,306,2.319678,9.398857,0.171647,False,
13181,878.666667,304,309,4.399302,142.031391,0.843582,False,
13181,878.666667,304,310,3.738523,174.650441,0.966939,False,
13181,878.666667,304,315,1.198470,174.211824,0.817276,False,
13181,878.666667,304,317,1.733104,167.181567,0.664469,False,
13181,878.666667,306,307,3.460309,176.989185,0.460621,False,
13181,878.666667,306,309,3.109012,151.430248,0.978956,False,
13181,878.666667,306,310,3.318749,165.251584,0.975134,False,
13181,878.666667,306,315,2.765904,176.389318,0.508627,False,
13181,878.666667,306,317,3.125732,176.580424,0.320361,False,
13181,878.666667,307,308,2.408732,7.775154,0.699224,False,
13181,878.666667,307,311,3.717174,98.378311,0.944166,False,
13181,878.666667,307,316,6.083286,169.273751,0.367925,False,2.254427
13181,878.666667,308,316,4.754142,177.048906,0.294333,False,
13181,878.666667,309,310,1.482506,43.318168,0.024125,False,
13181,878.666667,309,311,4.031572,129.958878,0.679072,False,
13181,878.666667,309,315,3.863248,32.180434,0.576517,False,
13181,878.666667,309,317,3.763875,25.150176,0.349113,False,
13181,878.666667,310,315,2.879453,11.137735,0.831654,False,
13181,878.666667,310,317,2.619877,18.167992,0.644312,False,
13181,878.666667,311,317,7.354456,104.808701,0.018556,False,5.526832
13181,878.666667,313,316,2.384332,92.347938,0.964735,False,
13181,878.666667,315,317,0.535645,7.030257,0.951324,True,
13191,879.333333,303,307,4.445891,105.167758,0.584479,False,
13191,879.333333,303,311,2.449252,0.000000,0.000000,False,
13191,879.333333,303,313,3.703266,0.000000,0.000000,False,
13191,879.333333,303,316,3.712552,96.580032,0.705725,False,
13191,879.333333,304,306,2.399240,9.136497,0.128631,False,
13191,879.333333,304,309,4.861281,139.432158,0.792878,False,
13191,879.333333,304,310,3.988332,177.249674,0.916820,False,
13191,879.333333,304,315,1.416173,157.607111,0.981605,False,
13191,879.333333,304,317,1.737618,173.573632,0.996382,False,
13191,879.333333,306,307,4.388283,173.359775,0.147193,False,
13191,879.333333,306,309,3.372033,148.568655,0.939422,False,
13191,879.333333,306,310,3.245962,168.113176,0.997705,False,
13191,879.333333,306,315,1.761834,166.743608,0.137988,False,
13191,879.333333,306,317,2.231931,177.289871,0.734032,False,
13191,879.333333,307,308,2.759807,14.195117,0.665920,False,
13191,879.333333,307,311,3.613733,105.167758,0.934608,False,
13191,879.333333,307,316,5.143843,158.252209,0.587776,False,1.965028
13191,879.333333,308,316,3.621963,172.447326,0.095476,False,
13191,879.333333,309,310,1.444668,43.318168,0.082882,False,
13191,879.333333,309,311,4.010446,129.958878,0.682649,False,
13191,879.333333,309,315,3.461272,18.174953,0.433312,False,
13191,879.333333,309,317,3.340476,34.141474,0.533615,False,
13191,879.333333,310,315,2.591986,25.143216,0.765448,False,
13191,879.333333,310,317,2.284139,9.176695,0.812002,True,
13191,879.333333,311,315,6.745510,111.783925,0.023442,False,5.271731
13191,879.333333,313,316,2.569050,96.580032,0.910503,False,
13191,879.333333,315,317,0.546609,15.966521,0.955804,True,
13201,880.000000,303,307,4.140098,102.856999,0.649840,False,
13201,880.000000,303,311,2.449252,0.000000,0.000000,False,
13201,880.000000,303,313,3.703266,0.000000,0.000000,False,
13201,880.000000,303,315,8.620975,105.283971,0.034125,False,7.784813
13201,880.000000,303,316,3.287067,97.366448,0.789072,False,
13201,880.000000,304,306,2.170870,0.972002,0.209053,False,3.616405
13201,880.000000,304,310,4.208788,2.350220,0.873869,False,
13201,880.000000,304,315,2.155274,163.706958,0.999690,False,
13201,880.000000,304,317,2.188344,177.465824,0.966807,False,
13201,880.000000,306,309,3.626354,90.037069,0.918733,False,
13201,880.000000,306,310,3.197488,3.322222,0.999986,False,
13201,880.000000,306,315,1.104959,164.678960,0.661362,False,
13201,880.000000,306,317,1.377711,178.437825,0.842625,False,
13201,880.000000,307,311,3.467439,102.856999,0.973351,False,
13201,880.000000,307,316,4.168364,159.776553,0.608087,False,1.535504
13201,880.000000,309,310,1.444668,93.359291,0.150417,False,
13201,880.000000,309,311,4.010446,0.000000,0.000000,False,
13201,880.000000,309,315,3.045178,105.283971,0.575901,False,
13201,880.000000,309,317,2.997683,91.525105,0.691526,False,
13201,880.000000,310,315,2.270575,161.356738,0.865740,False,
13201,880.000000,310,317,2.106348,175.115604,0.936164,False,
13201,880.000000,311,315,6.314431,105.283971,0.077507,False,5.721807
13201,880.000000,313,316,2.897953,97.366448,0.815586,False,
13201,880.000000,315,317,0.276669,13.758866,0.866744,False,
13201,880.000000,316,317,10.284044,171.108447,0.381376,False,3.601771
13211,880.666667,303,307,3.895671,90.070125,0.843593,False,
13211,880.666667,303,311,2.449252,0.000000,0.000000,False,
13211,880.666667,303,313,3.703266,0.000000,0.000000,False,
13211,880.666667,303,316,2.934424,99.881482,0.858825,False,
13211,880.666667,303,317,8.308808,101.731990,0.003455,False,6.984870
13211,880.666667,306,309,3.893876,89.841913,0.844865,False,
13211,880.666667,306,310,3.215052,10.325339,0.988012,False,
13211,880.666667,306,315,1.096523,175.416289,0.754637,False,
13211,880.666667,306,317,1.279720,168.426097,0.996508,False,
13211,880.666667,307,311,3.451633,90.070125,0.994759,False,
13211,880.666667,307,316,3.183862,170.048393,0.499002,False,
13211,880.666667,307,318,3.441960,2.785316,0.505279,False,
13211,880.666667,309,310,1.526505,100.167252,0.258684,False,
13211,880.666667,309,311,4.010446,0.000000,0.000000,False,
13211,880.666667,309,315,2.797852,85.574375,0.880206,False,
13211,880.666667,309,317,2.672065,101.731990,0.633638,False,
13211,880.666667,310,315,2.224502,174.258372,0.998351,False,
13211,880.666667,310,317,1.956132,158.100758,0.931941,False,
13211,880.666667,311,316,4.530661,99.881482,0.494987,False,
13211,880.666667,313,316,3.294176,99.881482,0.744455,False,
13211,880.666667,315,316,9.042970,174.544143,0.297212,False,3.193325
13211,880.666667,315,317,0.320958,16.157614,0.887131,False,
13211,880.666667,316,318,2.180393,167.263078,0.808581,False,
13221,881.333333,303,307,3.785455,86.852454,0.902657,False,
13221,881.333333,303,311,2.449252,0.000000,0.000000,False,
13221,881.333333,303,313,3.703266,0.000000,0.000000,False,
13221,881.333333,303,316,2.644026,96.478972,0.964002,False,
13221,881.333333,303,317,7.857033,99.041393,0.045931,False,6.593816
13221,881.333333,306,309,4.302144,90.588071,0.781470,False,
13221,881.333333,306,310,3.417824,10.539347,0.954399,False,
13221,881.333333,306,315,1.902308,179.650779,0.474151,False,
13221,881.333333,306,317,2.021692,170.370536,0.914590,False,
13221,881.333333,307,311,3.523466,86.852454,0.972534,False,
13221,881.333333,307,316,2.335875,176.668574,0.458903,False,
13221,881.333333,307,318,3.939249,4.719617,0.397534,False,
13221,881.333333,309,310,1.605881,101.127418,0.256026,False,
13221,881.333333,309,311,4.010446,0.000000,0.000000,False,
13221,881.333333,309,315,2.635759,89.062709,0.923248,False,
13221,881.333333,309,317,2.313779,99.041393,0.747896,False,
13221,881.333333,310,315,2.377282,169.809874,0.976360,False,
13221,881.333333,310,317,1.880820,159.831189,0.999457,False,
13221,881.333333,311,316,3.968932,96.478972,0.608785,False,
13221,881.333333,313,316,3.748134,96.478972,0.603346,False,
13221,881.333333,313,318,4.557120,91.572071,0.904440,False,
13221,881.333333,315,316,7.932391,174.458319,0.291655,False,2.607956
13221,881.333333,315,317,0.504432,9.978685,0.948092,True,
13221,881.333333,316,318,2.658977,171.948956,0.995192,False,
13231,882.000000,303,307,3.629105,98.801706,0.843578,False,
13231,882.000000,303,311,2.449252,0.000000,0.000000,False,
13231,882.000000,303,313,3.703266,0.000000,0.000000,False,
13231,882.000000,303,316,2.605405,90.048375,0.995666,False,
13231,882.000000,303,319,4.949933,97.624934,0.462710,False,
13231,882.000000,306,309,4.668274,89.420250,0.771953,False,
13231,882.000000,306,310,3.586976,1.543087,0.923096,False,
13231,882.000000,306,315,2.903395,164.903105,0.845102,False,
13231,882.000000,306,317,2.858616,171.970354,0.783946,False,
13231,882.000000,307,311,3.605651,98.801706,0.992345,False,
13231,882.000000,307,316,1.415513,171.149919,0.597853,False,
13231,882.000000,307,318,4.237553,8.169851,0.413076,False,
13231,882.000000,309,310,1.667507,90.963337,0.538107,False,
13231,882.000000,309,311,4.010446,175.676063,0.999769,False,
13231,882.000000,309,315,2.434523,75.482855,0.907824,False,
13231,882.000000,309,317,2.094994,82.550103,0.892700,False,
13231,882.000000,310,315,2.521373,166.446192,0.965696,False,
13231,882.000000,310,317,2.031990,173.513440,0.928315,False,
13231,882.000000,311,316,3.512742,90.048375,0.778947,False,
13231,882.000000,313,315,10.728854,100.193208,0.055873,False,9.544083
13231,882.000000,313,316,4.317123,90.048375,0.438946,False,
13231,882.000000,313,317,10.917549,93.125959,0.025658,False,9.677158
13231,882.000000,313,318,4.329822,90.631856,0.961049,False,
13231,882.000000,313,319,2.188812,97.624934,0.948852,False,
13231,882.000000,315,317,0.489983,7.067249,0.929112,False,
13231,882.000000,316,318,3.558316,179.319769,0.958732,False,
13231,882.000000,316,319,4.297745,7.576559,0.008858,False,
13231,882.000000,317,319,11.363606,169.249106,0.277407,False,3.884443
13231,882.000000,318,319,2.555413,171.743210,0.780541,False,
13241,882.666667,303,307,3.487412,97.682097,0.871595,False,
13241,882.666667,303,311,2.449252,0.000000,0.000000,False,
13241,882.666667,303,313,3.703266,0.000000,0.000000,False,
13241,882.666667,303,316,2.776632,89.379242,0.936515,False,
13241,882.666667,303,317,7.009349,98.373262,0.075739,False,6.302155
13241,882.666667,303,319,4.322774,99.430511,0.502856,False,
13241,882.666667,307,311,3.577344,97.682097,0.980993,False,
13241,882.666667,307,316,0.717240,172.938661,0.903373,False,
13241,882.666667,307,318,4.758767,6.382034,0.388235,False,
13241,882.666667,307,319,4.643087,162.887392,0.391278,False,
13241,882.666667,309,310,1.649783,89.036663,0.583746,False,
13241,882.666667,309,311,4.010069,175.676062,0.999863,False,
13241,882.666667,309,315,2.284298,82.396368,0.983943,False,
13241,882.666667,309,317,1.962275,77.302800,0.924628,False,
13241,882.666667,310,315,2.611736,6.640295,0.853836,False,
13241,882.666667,310,317,2.196655,11.733863,0.890667,True,
13241,882.666667,311,315,4.647802,93.279694,0.387172,False,
13241,882.666667,311,316,3.136673,89.379242,0.883429,False,
13241,882.666667,311,317,4.705297,98.373262,0.218813,False,
13241,882.666667,313,316,4.963060,89.379242,0.374528,False,
13241,882.666667,313,318,4.182402,91.300063,0.991519,False,
13241,882.666667,313,319,2.077089,99.430511,0.999862,False,
13241,882.666667,315,317,0.415696,5.093568,0.901644,False,
13241,882.666667,315,319,9.987166,167.289795,0.319363,False,3.176461
13241,882.666667,316,318,4.704790,179.320695,0.951535,False,
13241,882.666667,316,319,4.277630,10.051268,0.047051,False,
13241,882.666667,318,319,2.108670,169.269427,0.448846,False,
13251,883.333333,303,307,3.400381,89.380533,0.961232,False,
13251,883.333333,303,311,2.449252,0.000000,0.000000,False,
13251,883.333333,303,313,3.703266,0.000000,0.000000,False,
13251,883.333333,303,316,3.083901,84.778477,0.794000,False,
13251,883.333333,303,317,6.566489,98.103445,0.081603,False,5.756553
13251,883.333333,303,319,3.622681,98.787699,0.602745,False,
13251,883.333333,307,311,3.707223,89.380533,0.913434,False,
13251,883.333333,307,316,0.933783,174.159010,0.785016,False,
13251,883.333333,307,319,3.557559,171.831768,0.375164,False,
13251,883.333333,309,310,1.632363,114.560737,0.143959,False,
13251,883.333333,309,311,4.009790,175.676062,0.999932,False,
13251,883.333333,309,315,2.375209,90.066459,0.985966,False,
13251,883.333333,309,317,1.853546,77.572618,0.990167,False,
13251,883.333333,310,315,2.915875,24.494279,0.694804,False,
13251,883.333333,310,317,2.390212,36.988120,0.788808,False,
13251,883.333333,311,315,4.287077,85.609604,0.556118,False,
13251,883.333333,311,316,2.867375,84.778477,0.981637,False,
13251,883.333333,311,317,4.268776,98.103445,0.239704,False,
13251,883.333333,313,319,2.199667,98.787699,0.929729,False,
13251,883.333333,315,316,4.582102,170.388081,0.515978,False,
13251,883.333333,315,317,0.554279,12.493841,0.926307,True,
13251,883.333333,315,319,8.726653,175.602697,0.167881,False,2.515276
13251,883.333333,316,317,4.897956,177.118078,0.244201,False,
13251,883.333333,316,319,4.167288,14.009222,0.046180,False,
13261,884.000000,303,307,3.360477,138.369576,0.835523,False,
13261,884.000000,303,311,2.449252,0.000000,0.000000,False,
13261,884.000000,303,313,3.703266,0.000000,0.000000,False,
13261,884.000000,303,316,3.601335,84.656479,0.696517,False,
13261,884.000000,303,319,2.975933,98.533383,0.747434,False,
13261,884.000000,307,311,3.736760,138.369576,0.287961,False,
13261,884.000000,307,315,4.989679,122.889679,0.421911,False,
13261,884.000000,307,316,1.552458,53.713096,0.399646,False,
13261,884.000000,307,319,2.607959,39.836193,0.436521,False,
13261,884.000000,309,310,1.614937,24.245876,0.948593,False,
13261,884.000000,309,311,4.009790,0.000000,0.000000,False,
13261,884.000000,309,315,2.484782,98.740746,0.988087,False,
13261,884.000000,309,317,1.880444,90.413849,0.969705,False,
13261,884.000000,310,315,3.228503,74.494870,0.756645,False,
13261,884.000000,310,317,2.658743,66.167973,0.593564,False,
13261,884.000000,311,315,3.876817,98.740746,0.411218,False,
13261,884.000000,311,316,2.884268,84.656479,0.998399,False,
13261,884.000000,311,317,3.860255,90.413849,0.398612,False,
13261,884.000000,311,319,4.849804,98.533383,0.413234,False,
13261,884.000000,313,315,9.417175,98.740746,0.017675,False,7.751114
13261,884.000000,313,319,2.692824,98.533383,0.768499,False,
13261,884.000000,315,316,3.443393,176.602775,0.202645,False,
13261,884.000000,315,317,0.615127,8.326897,0.925156,True,0.105943
13261,884.000000,315,319,7.339405,162.725872,0.414537,False,2.170755
13261,884.000000,316,317,3.866433,175.070328,0.562289,False,
13261,884.000000,316,319,3.971921,13.876903,0.098887,False,
13261,884.000000,317,319,7.674564,171.052769,0.195936,False,2.298741
13271,884.666667,303,307,3.386817,93.154920,0.970952,False,
13271,884.666667,303,311,2.449252,0.000000,0.000000,False,
13271,884.666667,303,313,3.703266,0.000000,0.000000,False,
13271,884.666667,303,316,4.075011,82.570002,0.570378,False,
13271,884.666667,303,319,2.535953,94.642084,0.898017,False,
13271,884.666667,307,311,3.682617,93.154920,0.895518,False,
13271,884.666667,307,315,4.516374,164.476638,0.539853,False,
13271,884.666667,307,316,2.089359,10.584918,0.352919,False,
13271,884.666667,307,317,4.861267,173.403819,0.437995,False,
13271,884.666667,307,319,2.109592,1.487164,0.487342,False,
13271,884.666667,309,310,1.618215,3.416281,0.985107,True,
13271,884.666667,309,311,4.009790,0.000000,0.000000,False,
13271,884.666667,309,315,2.510024,102.368442,0.964232,False,
13271,884.666667,309,316,4.647261,82.570002,0.764883,False,
13271,884.666667,309,317,2.071025,93.441261,0.917198,False,
13271,884.666667,310,315,3.444369,105.784723,0.735685,False,
13271,884.666667,310,317,3.041081,96.857542,0.576934,False,
13271,884.666667,311,315,3.448470,102.368442,0.380810,False,
13271,884.666667,311,316,2.938313,82.570002,0.947296,False,
13271,884.666667,311,317,3.452266,93.441261,0.406681,False,
13271,884.666667,311,319,4.200861,94.642084,0.529218,False,
13271,884.666667,313,317,9.175257,93.441261,0.021153,False,8.408538
13271,884.666667,313,319,3.175510,94.642084,0.589419,False,
13271,884.666667,315,316,2.438493,175.061556,0.395741,False,
13271,884.666667,315,317,0.440202,8.927181,0.916265,False,
13271,884.666667,316,317,2.805213,176.011263,0.636254,False,
13271,884.666667,316,319,3.964236,12.072082,0.070651,False,
13281,885.333333,303,307,3.382153,86.845080,0.972291,False,
13281,885.333333,303,311,2.449252,0.000000,0.000000,False,
13281,885.333333,303,313,3.703266,0.000000,0.000000,False,
13281,885.333333,303,316,4.831542,83.692705,0.516233,False,
13281,885.333333,303,317,5.335974,107.486972,0.045352,False,5.449857
13281,885.333333,303,319,2.374793,93.220797,0.993993,False,
13281,885.333333,307,311,3.691434,86.845080,0.893379,False,
13281,885.333333,307,315,4.161850,3.579742,0.354629,False,
13281,885.333333,307,316,2.884764,170.537785,0.216943,False,
13281,885.333333,307,317,4.584673,20.641892,0.655956,False,
13281,885.333333,307,319,1.399450,179.934123,0.663712,False,
13281,885.333333,309,310,1.618215,0.000000,0.000000,False,
13281,885.333333,309,311,4.009790,0.000000,0.000000,False,
13281,885.333333,309,315,2.696202,90.424822,0.815700,False,
13281,885.333333,309,316,4.232489,83.692705,0.850572,False,
13281,885.333333,309,317,2.190851,107.486972,0.947889,False,
13281,885.333333,310,315,3.762490,90.424822,0.539127,False,
13281,885.333333,310,317,3.304342,107.486972,0.721934,False,
13281,885.333333,311,315,3.100942,90.424822,0.617165,False,
13281,885.333333,311,316,3.378816,83.692705,0.860103,False,
13281,885.333333,311,317,3.106405,107.486972,0.202880,False,
13281,885.333333,311,319,3.597606,93.220797,0.657971,False,
13281,885.333333,313,319,3.885971,93.220797,0.479604,False,
13281,885.333333,315,316,1.542080,174.117527,0.893082,False,
13281,885.333333,315,317,0.505509,17.062150,0.894609,True,
13281,885.333333,315,319,5.031527,176.354381,0.008825,False,1.409608
13281,885.333333,316,317,2.044316,168.820323,0.722038,False,
13281,885.333333,316,319,4.005444,9.528092,0.120033,False,
13291,886.000000,303,307,3.382153,99.745459,0.895559,False,
13291,886.000000,303,311,2.449252,0.000000,0.000000,False,
13291,886.000000,303,313,3.703266,0.000000,0.000000,False,
13291,886.000000,303,315,4.748555,103.200717,0.161084,False,
13291,886.000000,303,317,4.994743,114.013535,0.168324,False,
13291,886.000000,303,319,2.394248,90.128798,0.946386,False,
13291,886.000000,307,311,3.691434,99.745459,0.971140,False,
13291,886.000000,307,315,3.702773,3.455258,0.581226,False,
13291,886.000000,307,316,3.520704,162.154873,0.064962,False,
13291,886.000000,307,317,4.357372,14.268076,0.763273,False,
13291,886.000000,307,319,0.994495,170.125743,0.983224,False,
13291,886.000000,309,310,1.618215,0.000000,0.000000,False,
13291,886.000000,309,311,4.009790,0.000000,0.000000,False,
13291,886.000000,309,315,3.023887,103.200717,0.868599,False,
13291,886.000000,309,316,3.843139,98.099667,0.777443,False,
13291,886.000000,309,317,2.293106,114.013535,0.936781,False,
13291,886.000000,310,315,4.191992,103.200717,0.671708,False,
13291,886.000000,310,316,4.745977,98.099667,0.543692,False,
13291,886.000000,310,317,3.528059,114.013535,0.747018,False,
13291,886.000000,311,315,2.759262,103.200717,0.530449,False,
13291,886.000000,311,316,3.657512,98.099667,0.901802,False,
13291,886.000000,311,317,2.763605,114.013535,0.103480,False,2.833340
13291,886.000000,311,319,2.928684,90.128798,0.821043,False,
13291,886.000000,313,319,4.682780,90.128798,0.335668,False,
13291,886.000000,315,316,1.087068,158.699616,0.800284,False,
13291,886.000000,315,317,0.734431,10.812818,0.938435,True,
13291,886.000000,315,319,3.637343,166.670485,0.100130,False,
13291,886.000000,316,317,1.702478,147.886797,0.718574,False,
13291,886.000000,316,319,3.750080,7.970869,0.229512,False,
13291,886.000000,317,319,4.189173,155.857666,0.029588,False,
13301,886.666667,303,307,3.346298,103.730431,0.873426,False,
13301,886.666667,303,311,2.449252,0.000000,0.000000,False,
13301,886.666667,303,313,3.703266,0.000000,0.000000,False,
13301,886.666667,303,315,4.323804,123.308064,0.203717,False,
13301,886.666667,303,317,4.717771,113.594074,0.172181,False,
13301,886.666667,303,319,2.864966,83.564399,0.758031,False,
13301,886.666667,307,311,3.711953,103.730431,0.981463,False,
13301,886.666667,307,315,3.534471,19.577633,0.862012,False,
13301,886.666667,307,316,4.258208,164.584103,0.070009,False,
13301,886.666667,307,317,4.254921,9.863643,0.790596,False,
13301,886.666667,307,319,1.123143,172.705170,0.829051,False,
13301,886.666667,309,310,1.618215,0.000000,0.000000,False,
13301,886.666667,309,311,4.009790,0.000000,0.000000,False,
13301,886.666667,309,315,3.136154,123.308064,0.954540,False,
13301,886.666667,309,316,3.418802,91.685466,0.909947,False,
13301,886.666667,309,317,2.401458,113.594074,0.888862,False,
13301,886.666667,310,315,4.418816,123.308064,0.842713,False,
13301,886.666667,310,316,4.173515,91.685466,0.690296,False,
13301,886.666667,310,317,3.717722,113.594074,0.702215,False,
13301,886.666667,311,315,2.342486,123.308064,0.248592,False,2.045554
13301,886.666667,311,316,3.942579,91.685466,0.754050,False,
13301,886.666667,311,317,2.482420,113.594074,0.120226,False,3.049395
13301,886.666667,311,319,2.645774,83.564399,0.978566,False,
13301,886.666667,315,316,1.600267,145.006470,0.986246,False,
13301,886.666667,315,317,0.734767,9.713990,0.937655,True,
13301,886.666667,315,319,2.530948,153.127537,0.043641,False,
13301,886.666667,316,317,1.721435,154.720461,0.997669,False,
13301,886.666667,316,319,3.528420,8.121067,0.062024,False,
13301,886.666667,317,319,3.223536,162.841528,0.375891,False,
13311,887.333333,303,307,3.350538,93.156151,0.975979,False,
13311,887.333333,303,311,2.449252,0.000000,0.000000,False,
13311,887.333333,303,313,3.703266,0.000000,0.000000,False,
13311,887.333333,303,315,3.935644,119.951891,0.169455,False,
13311,887.333333,303,317,4.492177,133.636931,0.505458,False,
13311,887.333333,303,319,3.462847,85.013031,0.644062,False,
13311,887.333333,307,311,3.702757,93.156151,0.885667,False,
13311,887.333333,307,315,3.352268,146.891959,0.908142,False,
13311,887.333333,307,317,4.099378,133.206918,0.982507,False,
13311,887.333333,307,319,1.719604,8.143119,0.522627,False,
13311,887.333333,309,310,1.618215,45.312686,0.957182,False,
13311,887.333333,309,311,4.009790,38.821565,0.817512,False,
13311,887.333333,309,315,3.266776,158.773455,0.871596,False,
13311,887.333333,309,316,3.300014,47.115025,0.998376,False,
13311,887.333333,309,317,2.520484,172.458496,0.974538,False,
13311,887.333333,309,319,4.913969,46.191467,0.671487,False,
13311,887.333333,310,315,4.636845,113.460769,0.671893,False,
13311,887.333333,310,316,3.746987,92.427711,0.897566,False,
13311,887.333333,310,317,3.888338,127.145810,0.771692,False,
13311,887.333333,311,315,1.953932,119.951891,0.347372,False,
13311,887.333333,311,316,4.584552,85.936590,0.599253,False,
13311,887.333333,311,317,2.257471,133.636931,0.212179,False,2.794595
13311,887.333333,311,319,2.596311,85.013031,0.996212,False,
13311,887.333333,315,316,2.675942,154.111519,0.855823,False,
13311,887.333333,315,317,0.753226,13.685040,0.873335,True,
13311,887.333333,315,319,1.659689,155.035078,0.411493,False,
13311,887.333333,316,317,2.387208,140.426479,0.893124,False,
13311,887.333333,316,319,3.489713,0.923559,0.036501,False,
13311,887.333333,317,319,2.394082,141.350038,0.455398,False,
13321,888.000000,303,307,3.354889,93.156151,0.974713,False,
13321,888.000000,303,311,2.449252,0.000000,0.000000,False,
13321,888.000000,303,313,3.703266,0.000000,0.000000,False,
13321,888.000000,303,315,3.463081,132.550440,0.392423,False,
13321,888.000000,303,317,4.268395,143.762456,0.689936,False,
13321,888.000000,303,319,4.160727,85.377589,0.538519,False,
13321,888.000000,303,320,4.353635,75.271066,0.860458,False,
13321,888.000000,307,311,3.693643,93.156151,0.887853,False,
13321,888.000000,307,315,3.122533,134.293409,0.998366,False,
13321,888.000000,307,317,4.102082,123.081393,0.997437,False,
13321,888.000000,307,319,2.488162,7.778562,0.358126,False,
13321,888.000000,307,320,4.029777,17.885085,0.204911,False,
13321,888.000000,309,310,1.567872,45.312686,0.943561,False,
13321,888.000000,309,311,4.052225,38.821565,0.808951,False,
13321,888.000000,309,315,3.556744,171.372005,0.915849,False,
13321,888.000000,309,316,3.200589,50.756058,0.997145,False,
13321,888.000000,309,317,2.538636,177.415979,0.983759,False,
13321,888.000000,309,319,4.275134,46.556024,0.746026,False,
13321,888.000000,310,315,4.936463,126.059319,0.738419,False,
13321,888.000000,310,316,3.289757,96.068744,0.933207,False,
13321,888.000000,310,317,3.931961,137.271335,0.840363,False,
13321,888.000000,311,315,1.534818,132.550440,0.261032,False,1.288369
13321,888.000000,311,317,1.971815,143.762456,0.450147,False,
13321,888.000000,311,319,2.798385,85.377589,0.922457,False,
13321,888.000000,313,320,2.417517,75.271066,0.886254,False,
13321,888.000000,315,316,3.737513,137.871937,0.764298,False,
13321,888.000000,315,317,1.018705,11.212016,0.946521,True,
13321,888.000000,315,319,1.363863,142.071971,0.983189,False,
13321,888.000000,316,317,3.185119,126.659921,0.899135,False,
13321,888.000000,316,319,3.296225,4.200034,0.055886,False,
13321,888.000000,317,319,1.975366,130.859955,0.764796,False,
13331,888.666667,303,307,3.359351,110.850303,0.996980,False,
13331,888.666667,303,311,2.449252,0.000000,0.000000,False,
13331,888.666667,303,313,3.703266,0.000000,0.000000,False,
13331,888.666667,303,315,3.350219,179.522547,0.958873,False,
13331,888.666667,303,317,4.055105,144.691056,0.730425,False,
13331,888.666667,303,319,4.958144,88.405648,0.499669,False,
13331,888.666667,303,320,4.080840,74.470500,0.923429,False,
13331,888.666667,307,311,3.684611,110.850303,0.709358,False,
13331,888.666667,307,315,3.231950,69.627150,0.609601,False,
13331,888.666667,307,317,4.071336,104.458641,0.969629,False,
13331,888.666667,307,319,3.335373,22.444655,0.202924,False,
13331,888.666667,307,320,3.466142,36.379803,0.236892,False,
13331,888.666667,309,310,1.567872,0.022277,0.214059,False,
13331,888.666667,309,311,4.052225,93.372413,0.009726,False,
13331,888.666667,309,315,3.508944,87.105040,0.916364,False,
13331,888.666667,309,316,3.335073,4.043863,0.959631,False,
13331,888.666667,309,317,2.630111,121.936532,0.974380,False,
13331,888.666667,309,319,3.712557,4.966765,0.807796,False,
13331,888.666667,310,315,4.927824,87.127317,0.968587,False,
13331,888.666667,310,316,3.034605,4.021586,0.979378,False,
13331,888.666667,310,317,4.074585,121.958808,0.915775,False,
13331,888.666667,310,319,4.671651,4.944488,0.598377,False,
13331,888.666667,311,315,1.319951,179.522547,0.580562,False,
13331,888.666667,311,317,1.718521,144.691056,0.514030,False,
13331,888.666667,311,319,3.267128,88.405648,0.823229,False,
13331,888.666667,313,320,2.747186,74.470500,0.771080,False,
13331,888.666667,315,316,4.605320,91.148903,0.615916,False,
13331,888.666667,315,317,0.881793,34.831491,0.992133,False,0.937313
13331,888.666667,315,319,1.950152,92.071805,0.941302,False,
13331,888.666667,316,317,4.097163,125.980395,0.731149,False,
13331,888.666667,316,319,3.182912,0.922902,0.065218,False,
13331,888.666667,317,319,2.058170,126.903297,0.996621,False,
13341,889.333333,303,307,3.350384,158.635067,0.622046,False,
13341,889.333333,303,311,2.449252,86.624957,0.000000,False,
13341,889.333333,303,313,3.703266,103.503219,0.044889,False,
13341,889.333333,303,315,3.346706,169.316329,0.999248,False,
13341,889.333333,303,317,3.985113,167.263315,0.947144,False,
13341,889.333333,303,320,3.896894,75.829939,0.963050,False,
13341,889.333333,307,311,3.650999,114.739977,0.938997,False,
13341,889.333333,307,315,3.348246,10.681262,0.496491,False,
13341,889.333333,307,317,4.079197,34.101619,0.800804,False,
13341,889.333333,307,319,4.167571,69.124221,0.119014,False,
13341,889.333333,307,320,2.927006,82.805128,0.241692,False,
13341,889.333333,309,310,1.567878,0.022276,0.214000,False,
13341,889.333333,309,311,4.072879,179.997369,0.009734,False,
13341,889.333333,309,315,3.429256,75.943916,0.835968,False,
13341,889.333333,309,316,3.662813,0.953249,0.898485,False,
13341,889.333333,309,317,2.660151,99.364273,0.991778,False,
13341,889.333333,309,319,3.233323,3.861566,0.903392,False,
13341,889.333333,310,315,4.873465,75.966193,0.878147,False,
13341,889.333333,310,316,2.981074,0.930972,0.999720,False,
13341,889.333333,310,317,4.130182,99.386549,0.999672,False,
13341,889.333333,310,319,3.981129,3.839290,0.674553,False,
13341,889.333333,311,315,1.209455,104.058714,0.527900,False,
13341,889.333333,311,317,1.618094,80.638358,0.657095,False,
13341,889.333333,311,319,3.796447,176.135803,0.704823,False,
13341,889.333333,313,320,3.173242,27.673281,0.737683,False,
13341,889.333333,315,317,0.776171,23.420356,0.918801,False,2.127187
13341,889.333333,315,319,2.588020,79.805483,0.796946,False,
13341,889.333333,316,317,4.950484,100.317521,0.715247,False,
13341,889.333333,316,319,3.170480,2.908318,0.112015,False,7.024346
13341,889.333333,317,319,2.434484,103.225839,0.954567,False,
13351,890.000000,303,307,3.295703,143.279590,0.333180,False,
13351,890.000000,303,311,2.346920,0.000000,0.000000,False,
13351,890.000000,303,313,3.483635,103.503219,0.047720,False,
13351,890.000000,303,315,3.335897,174.254311,0.995418,False,
13351,890.000000,303,317,3.949935,174.222582,0.987756,False,
13351,890.000000,303,320,3.754042,75.596965,0.994086,False,
13351,890.000000,307,311,3.557783,143.279590,0.859697,False,
13351,890.000000,307,315,3.391310,42.466099,0.923523,False,
13351,890.000000,307,317,4.167058,30.942991,0.924627,False,
13351,890.000000,307,320,2.329802,141.123444,0.265726,False,
13351,890.000000,309,310,1.588066,117.647801,0.977280,False,
13351,890.000000,309,311,4.175206,86.627587,0.009438,False,
13351,890.000000,309,315,3.390035,99.118101,0.982720,False,
13351,890.000000,309,316,3.915741,175.183590,0.788629,False,
13351,890.000000,309,317,2.630516,87.594994,0.999795,False,
13351,890.000000,309,319,3.004572,175.481706,0.987166,False,
13351,890.000000,310,315,4.868312,18.529700,0.937509,False,
13351,890.000000,310,316,3.003343,67.168609,0.968794,False,
13351,890.000000,310,317,4.150785,30.052807,0.997945,False,
13351,890.000000,310,319,3.436205,66.870493,0.786941,False,
13351,890.000000,311,315,1.218285,174.254311,0.823589,False,
13351,890.000000,311,317,1.640586,174.222582,0.948877,False,
13351,890.000000,311,319,4.552089,88.854118,0.587849,False,
13351,890.000000,313,320,3.549534,27.906254,0.686470,False,
13351,890.000000,315,317,0.797334,11.523107,0.862364,True,
13351,890.000000,315,319,3.336316,85.400193,0.616692,False,
13351,890.000000,316,319,2.873597,0.298115,0.045719,False,5.379672
13351,890.000000,317,319,3.134441,96.923300,0.826024,False,
13361,890.666667,303,307,3.122064,135.424450,0.484437,False,
13361,890.666667,303,311,2.449252,93.375043,0.000000,False,
13361,890.666667,303,313,3.483635,0.000000,0.000000,False,
13361,890.666667,303,315,3.335897,111.663375,0.181047,False,
13361,890.666667,303,317,3.946926,5.777418,0.988509,False,
13361,890.666667,303,320,3.764748,76.131819,0.998529,False,
13361,890.666667,307,311,3.536628,131.200507,0.850808,False,
13361,890.666667,307,313,4.869829,135.424450,0.283819,False,
13361,890.666667,307,315,3.387220,23.761075,0.996338,False,
13361,890.666667,307,317,4.183137,141.201868,0.925402,False,
13361,890.666667,307,320,1.690350,148.443730,0.460018,False,
13361,890.666667,309,310,1.600471,162.355061,0.255887,False,
13361,890.666667,309,311,4.052225,179.997369,0.009783,False,
13361,890.666667,309,315,3.369969,25.035788,0.563278,False,
13361,890.666667,309,316,4.532189,169.302529,0.621394,False,
13361,890.666667,309,317,2.607908,92.405006,0.971052,False,
13361,890.666667,309,319,2.963320,179.199974,0.997486,False,
13361,890.666667,310,315,4.872219,172.609151,0.742830,False,
13361,890.666667,310,316,3.429360,6.947468,0.821214,False,
13361,890.666667,310,317,4.151998,69.950055,0.940023,False,
13361,890.666667,310,319,3.009827,16.844913,0.895507,False,
13361,890.666667,311,315,1.146451,154.961581,0.933003,False,
13361,890.666667,311,317,1.536063,87.597625,0.626365,False,
13361,890.666667,311,320,4.967467,17.243224,0.894235,False,
13361,890.666667,313,320,4.084581,76.131819,0.564816,False,
13361,890.666667,315,317,0.806361,117.440794,0.444433,False,
13361,890.666667,315,319,4.061343,155.764238,0.538178,False,
13361,890.666667,316,319,2.830244,9.897445,0.071626,False,
13361,890.666667,317,319,3.758181,86.794968,0.604863,False,
13371,891.333333,303,311,2.449252,0.000000,0.000000,False,
13371,891.333333,303,313,3.483635,0.000000,0.000000,False,
13371,891.333333,303,315,3.245558,111.663375,0.186087,False,
13371,891.333333,303,317,3.977346,5.777418,0.980949,False,
13371,891.333333,303,320,3.857461,81.443213,0.986048,False,
13371,891.333333,309,310,1.673007,31.062023,0.766457,False,
13371,891.333333,309,311,4.052225,0.000000,0.000000,False,
13371,891.333333,309,315,3.442071,111.663375,0.613491,False,
13371,891.333333,309,317,2.632938,5.777418,0.984580,False,
13371,891.333333,309,319,3.131951,94.415070,0.945730,False,
13371,891.333333,310,317,4.210902,25.284604,0.996886,False,
13371,891.333333,310,319,2.647933,63.353048,0.982451,False,
13371,891.333333,311,315,1.061912,111.663375,0.407408,False,2.411575
13371,891.333333,311,317,1.601373,5.777418,0.908266,True,
13371,891.333333,311,320,4.653341,81.443213,0.926221,False,
13371,891.333333,313,320,4.739999,81.443213,0.559246,False,
13371,891.333333,315,317,0.809315,117.440793,0.733133,False,
13371,891.333333,315,319,4.935464,153.921555,0.503227,False,
13371,891.333333,315,320,4.497006,166.893412,0.797557,False,
13371,891.333333,317,319,4.347580,88.637652,0.385629,False,
13381,892.000000,303,311,2.449252,0.000000,0.000000,False,
13381,892.000000,303,313,3.483635,0.000000,0.000000,False,
13381,892.000000,303,320,4.007865,87.780138,0.970977,False,
13381,892.000000,303,321,2.652239,149.889618,0.313537,False,
13381,892.000000,303,322,3.874689,0.000000,0.000000,False,
13381,892.000000,303,323,3.128330,123.015646,0.408233,False,
13381,892.000000,309,310,1.657174,65.470186,0.752231,False,
13381,892.000000,309,311,4.052225,4.300408,0.999664,False,
13381,892.000000,309,319,3.487707,90.144063,0.843054,False,
13381,892.000000,309,322,2.661470,4.300408,0.994770,False,
13381,892.000000,309,323,3.501263,127.316054,0.683429,False,
13381,892.000000,310,319,2.567330,155.614249,0.993403,False,
13381,892.000000,310,322,4.257344,61.169778,0.442662,False,
13381,892.000000,311,320,4.387154,87.780138,0.941461,False,
13381,892.000000,311,321,3.334846,149.889618,0.905285,False,
13381,892.000000,311,322,1.453040,0.000000,0.000000,False,
13381,892.000000,311,323,0.901511,123.015646,0.195256,False,0.944945
13381,892.000000,313,321,4.417589,149.889618,0.555831,False,
13381,892.000000,320,321,1.355684,122.330244,0.997804,False,
13381,892.000000,320,322,4.881850,87.780138,0.802000,False,
13381,892.000000,320,323,4.129337,149.204216,0.787185,False,
13381,892.000000,321,322,4.144547,149.889618,0.993648,False,
13381,892.000000,321,323,3.307422,26.873972,0.999911,False,
13381,892.000000,322,323,0.860503,123.015646,0.844852,False,
13391,892.666667,303,311,2.449252,0.000000,0.000000,False,
13391,892.666667,303,313,3.483635,0.000000,0.000000,False,
13391,892.666667,303,320,4.164907,94.722162,0.963932,False,
13391,892.666667,303,321,2.454212,149.889618,0.338836,False,
13391,892.666667,303,322,3.874689,0.000000,0.000000,False,
13391,892.666667,303,323,3.008799,141.475306,0.689310,False,
13391,892.666667,309,310,1.596558,75.721618,0.585925,False,7.281068
13391,892.666667,309,311,4.052786,4.300408,0.999526,False,
13391,892.666667,309,319,3.999544,90.114662,0.727636,False,
13391,892.666667,309,322,2.659522,4.300408,0.995499,False,
13391,892.666667,309,323,3.590042,145.775714,0.863146,False,
13391,892.666667,310,319,2.792741,165.836280,0.898913,False,
13391,892.666667,310,322,4.195737,71.421210,0.280713,False,
13391,892.666667,311,320,4.177859,94.722162,0.947161,False,
13391,892.666667,311,321,3.251398,149.889618,0.928520,False,
13391,892.666667,311,322,1.453040,0.000000,0.000000,False,
13391,892.666667,311,323,0.773006,141.475306,0.092319,False,0.729293
13391,892.666667,313,321,4.245057,149.889618,0.578421,False,
13391,892.666667,320,321,1.796667,115.388220,0.984334,False,
13391,892.666667,320,322,4.500561,94.722162,0.793214,False,
13391,892.666667,320,323,3.822432,123.802532,0.807139,False,
13391,892.666667,321,322,4.126228,149.889618,0.998060,False,
13391,892.666667,321,323,3.234547,8.414312,0.995434,False,
13391,892.666667,322,323,0.937438,141.475306,0.935515,False,
13401,893.333333,303,311,2.449252,0.000000,0.000000,False,
13401,893.333333,303,313,3.483635,0.000000,0.000000,False,
13401,893.333333,303,320,4.355902,98.436068,0.937887,False,
13401,893.333333,303,322,3.874689,0.000000,0.000000,False,
13401,893.333333,303,323,2.990541,173.662976,0.975205,False,
13401,893.333333,309,310,1.521418,73.253054,0.475856,False,
13401,893.333333,309,311,4.052786,0.000000,0.000000,False,
13401,893.333333,309,322,2.659522,0.000000,0.000000,False,
13401,893.333333,309,323,3.583384,173.662976,0.997230,False,
13401,893.333333,310,322,4.113632,73.253054,0.254876,False,
13401,893.333333,311,320,3.979114,98.436068,0.972397,False,
13401,893.333333,311,322,1.453040,0.000000,0.000000,False,
13401,893.333333,311,323,0.712588,173.662976,0.660147,False,0.833404
13401,893.333333,320,322,4.098925,98.436068,0.827577,False,
13401,893.333333,320,323,3.592358,87.900956,0.874271,False,
13401,893.333333,322,323,0.925035,173.662976,0.993067,False,
13741,916.000000,325,326,4.893477,176.639592,0.350090,False,
13751,916.666667,325,326,3.764448,173.853836,0.271417,False,
13751,916.666667,326,327,3.160061,177.244604,0.472361,False,
13751,916.666667,326,328,3.774898,1.407594,0.190331,False,
13751,916.666667,327,328,2.254055,175.837010,0.315170,False,
13761,917.333333,325,326,2.627383,177.375979,0.533355,False,
13761,917.333333,326,327,4.699888,179.627855,0.381891,False,
13761,917.333333,326,328,3.866456,1.197761,0.157310,False,
13761,917.333333,327,328,2.168769,179.174384,0.999976,False,
13771,918.000000,325,326,1.748732,176.255803,0.899487,False,
13771,918.000000,325,328,4.876560,174.997420,0.324928,False,
13771,918.000000,326,328,3.999756,1.258383,0.178909,False,
13771,918.000000,327,328,2.977546,178.399653,0.726938,False,
13781,918.666667,325,326,1.438301,169.281289,0.998484,False,
13781,918.666667,325,328,3.598734,175.523306,0.101778,False,
13781,918.666667,326,328,4.082878,6.242018,0.172984,False,
13781,918.666667,327,328,4.198110,178.207933,0.091129,False,
13791,919.333333,325,326,2.418112,164.546530,0.856876,False,
13791,919.333333,325,328,2.465017,172.822145,0.325339,False,
13791,919.333333,326,328,4.164036,8.275615,0.149146,False,
13801,920.000000,325,326,3.460463,178.974534,0.492859,False,
13801,920.000000,325,328,1.314038,169.937496,0.851266,False,
13801,920.000000,326,328,4.126379,9.037038,0.156007,False,
13811,920.666667,325,326,4.683838,175.238204,0.247526,False,
13811,920.666667,325,328,0.972977,170.998116,0.832700,False,
13811,920.666667,326,328,4.148993,4.240088,0.111447,False,
13821,921.333333,325,328,1.732854,175.712424,0.449732,False,
13821,921.333333,326,328,4.217634,0.952777,0.129282,False,
13831,922.000000,325,328,2.823772,167.332537,0.216026,False,
13831,922.000000,326,328,4.283003,0.723769,0.158594,False,
13841,922.666667,325,328,3.776603,155.057177,0.156866,False,
13851,923.333333,325,328,4.599956,19.660482,0.164609,False,
14161,944.000000,330,331,1.918486,4.431621,0.545392,False,
14171,944.666667,330,331,1.791967,2.266595,0.609189,False,
14181,945.333333,329,332,2.708962,80.354253,0.998553,False,
14181,945.333333,330,331,1.602079,1.987355,0.695410,False,
14191,946.000000,329,332,2.815455,80.006527,0.973056,False,
14191,946.000000,330,331,1.429379,3.347956,0.749019,True,
14201,946.666667,329,330,4.048491,172.160296,0.965171,False,
14201,946.666667,329,331,4.267135,179.397784,0.195216,False,
14201,946.666667,329,332,3.036885,85.036490,0.927377,False,
14201,946.666667,330,331,1.256251,7.237488,0.824467,True,1.776036
14201,946.666667,330,332,4.389386,87.123805,0.222550,False,
14211,947.333333,329,330,2.727616,172.153754,0.987272,False,
14211,947.333333,329,331,2.593718,178.319334,0.248036,False,
14211,947.333333,329,332,3.465359,108.942405,0.855403,False,
14211,947.333333,330,331,1.052352,6.165580,0.853081,True,
14211,947.333333,330,332,3.647794,78.903841,0.217274,False,
14211,947.333333,331,332,4.459505,72.738261,0.299748,False,
14221,948.000000,329,330,2.201269,178.055518,0.994655,False,
14221,948.000000,329,331,1.406307,178.552327,0.801735,False,
14221,948.000000,329,332,4.060565,89.609587,0.766285,False,
14221,948.000000,330,331,0.904105,0.496809,0.987065,True,
14221,948.000000,330,332,3.187339,88.445931,0.331264,False,
14221,948.000000,331,332,3.702176,88.942740,0.519059,False,
14231,948.666667,329,330,2.283370,176.413209,0.767858,False,
14231,948.666667,329,331,1.556392,178.321771,0.888379,False,
14231,948.666667,329,332,4.472451,84.084169,0.692634,False,
14231,948.666667,330,331,0.896931,1.908562,0.988801,True,
14231,948.666667,330,332,2.571449,99.502622,0.412646,False,
14231,948.666667,331,332,2.941279,97.594060,0.640013,False,
14241,949.333333,329,330,3.101791,176.570087,0.000081,False,
14241,949.333333,329,331,2.956745,178.611407,0.282805,False,
14241,949.333333,330,331,0.948231,4.818506,0.912331,True,
14241,949.333333,330,332,2.074190,98.807705,0.543523,False,
14241,949.333333,331,332,2.424430,93.989198,0.785215,False,
14251,950.000000,329,330,4.299482,171.766452,0.888951,False,
14251,950.000000,329,331,4.535321,176.178178,0.069756,False,
14251,950.000000,330,331,0.947421,4.411726,0.847175,True,
14251,950.000000,330,332,1.481294,133.364034,0.729845,False,
14251,950.000000,331,332,1.915291,128.952308,0.980393,False,
14261,950.666667,330,331,1.341353,6.612293,0.760678,True,
14261,950.666667,330,332,0.959137,162.532861,0.854836,False,
14261,950.666667,331,332,1.893406,155.920567,0.957931,False,
14271,951.333333,330,331,1.516281,2.567199,0.634140,False,
14271,951.333333,330,332,0.898183,164.951235,0.989184,False,
14271,951.333333,331,332,2.290858,167.518434,0.805685,False,
14281,952.000000,330,331,1.805311,6.523308,0.575606,False,
14361,957.333333,333,334,4.504759,143.014555,0.048540,False,
14371,958.000000,333,334,3.694557,153.906570,0.138231,False,
14381,958.666667,333,334,2.884574,161.334375,0.088635,False,
14391,959.333333,333,334,2.131471,142.513278,0.227154,False,
14391,959.333333,334,335,4.698575,20.542986,0.220525,False,
14401,960.000000,333,334,1.772086,113.483052,0.581976,False,
14401,960.000000,333,336,3.830266,73.896376,0.779174,False,
14401,960.000000,334,335,4.595944,2.876214,0.192863,False,
14401,960.000000,334,336,3.624576,172.620572,0.994533,False,
14411,960.666667,333,334,1.737631,124.240676,0.916332,False,
14411,960.666667,333,336,3.841577,62.543019,0.884853,False,
14411,960.666667,334,335,4.667553,9.405286,0.057513,False,
14411,960.666667,334,336,2.532058,173.216305,0.578889,False,
14421,961.333333,333,334,1.719114,129.849902,0.949679,False,
14421,961.333333,333,335,4.730363,147.511720,0.403836,False,
14421,961.333333,333,336,3.804295,43.622882,0.970067,False,
14421,961.333333,334,335,4.500361,17.661818,0.060300,False,
14421,961.333333,334,336,2.087362,173.472784,0.578024,False,
14431,962.000000,333,334,1.940459,132.392115,0.916014,False,
14431,962.000000,333,335,4.126172,152.499895,0.265802,False,
14431,962.000000,333,336,3.969947,31.138508,0.980367,False,
14431,962.000000,334,335,4.430605,20.107780,0.031641,False,
14431,962.000000,334,336,2.433206,163.530624,0.831942,False,
14431,962.000000,335,336,3.918708,176.361596,0.404502,False,
14441,962.666667,333,334,2.543383,114.060137,0.945658,False,
14441,962.666667,333,335,3.350015,150.195192,0.492819,False,
14441,962.666667,333,336,4.114542,32.293573,0.977436,False,
14441,962.666667,334,335,4.243530,36.135056,0.016517,False,
14441,962.666667,334,336,3.129057,146.353709,0.901623,False,
14441,962.666667,335,336,2.746263,177.511235,0.186174,False,
14451,963.333333,333,334,2.887371,85.756896,0.990473,False,
14451,963.333333,333,335,3.183377,134.746843,0.741135,False,
14451,963.333333,333,336,4.332045,50.803561,0.997276,False,
14451,963.333333,334,335,4.178554,48.989947,0.005603,False,
14451,963.333333,334,336,4.141287,136.560457,0.977886,False,
14451,963.333333,335,336,1.741128,174.449596,0.025095,False,
14451,963.333333,335,337,3.730612,5.605450,0.014561,False,
14451,963.333333,336,337,4.920333,179.944954,0.418514,False,
14461,964.000000,333,334,3.227494,97.896048,0.999275,False,
14461,964.000000,333,335,2.967511,141.064690,0.879678,False,
14461,964.000000,333,336,4.607792,34.082611,0.999254,False,
14461,964.000000,334,335,3.995588,43.168642,0.041626,False,
14461,964.000000,335,336,1.640793,175.147301,0.007299,False,
14461,964.000000,335,337,3.737414,3.267876,0.074537,False,
14461,964.000000,336,337,3.792701,171.879425,0.375890,False,
14471,964.666667,333,334,3.682409,117.652530,0.943601,False,
14471,964.666667,333,335,3.007374,171.716447,0.995052,False,
14471,964.666667,333,336,4.718976,8.167355,0.968698,False,
14471,964.666667,333,337,4.698667,161.733710,0.475304,False,
14471,964.666667,333,338,2.179583,112.112201,0.037192,False,
14471,964.666667,334,335,4.006752,54.063917,0.188367,False,
14471,964.666667,335,336,2.226859,179.883802,0.691329,False,
14471,964.666667,335,337,3.907162,9.982738,0.058688,False,
14471,964.666667,335,338,3.565228,76.171351,0.699570,False,
14471,964.666667,336,337,2.759384,169.901065,0.404758,False,
14471,964.666667,336,338,4.222283,103.944846,0.982900,False,
14471,964.666667,337,338,2.996828,86.154089,0.804434,False,
14481,965.333333,333,334,3.870041,176.079423,0.883749,False,
14481,965.333333,333,335,3.132382,111.126881,0.865673,False,
14481,965.333333,333,336,4.925045,61.995074,0.853863,False,
14481,965.333333,333,337,4.176885,120.663513,0.723657,False,
14481,965.333333,333,338,2.179700,82.435267,0.897695,False,
14481,965.333333,334,335,3.974411,64.952542,0.411523,False,
14481,965.333333,335,336,3.324266,173.121955,0.864526,False,
14481,965.333333,335,337,4.025903,9.536632,0.006876,False,
14481,965.333333,335,338,4.089194,28.691614,0.557698,False,
14481,965.333333,336,337,1.976153,177.341413,0.852812,False,
14481,965.333333,336,338,4.173812,144.430340,0.999972,False,
14481,965.333333,337,338,2.667411,38.228247,0.922727,False,
14491,966.000000,333,334,4.169712,177.833780,0.798251,False,
14491,966.000000,333,335,3.497551,121.534400,0.756496,False,
14491,966.000000,333,337,3.592054,132.588026,0.746767,False,
14491,966.000000,333,338,2.062561,134.380727,0.803077,False,
14491,966.000000,334,335,3.962593,60.631820,0.561289,False,
14491,966.000000,335,336,4.536059,176.652549,0.807994,False,
14491,966.000000,335,337,4.160622,11.053626,0.058948,False,
14491,966.000000,335,338,4.745383,12.846327,0.506616,False,
14491,966.000000,336,337,1.676559,172.293825,0.724309,False,
14491,966.000000,336,338,4.185312,170.501124,0.997366,False,
14491,966.000000,337,338,2.508944,1.792701,0.976393,False,
14501,966.666667,333,334,4.665527,140.835345,0.707487,False,
14501,966.666667,333,335,4.019400,87.138602,0.764768,False,
14501,966.666667,333,337,3.096915,87.594346,0.827823,False,
14501,966.666667,333,338,2.062561,0.000000,0.000000,False,
14501,966.666667,334,335,4.284329,53.696743,0.619002,False,
14501,966.666667,335,337,4.335136,0.455744,0.117838,False,
14501,966.666667,336,337,2.425410,176.967895,0.847266,False,
14501,966.666667,336,338,4.322486,95.437759,0.960147,False,
14501,966.666667,337,338,2.416310,87.594346,0.991284,False,
14511,967.333333,333,335,4.501727,79.855050,0.574734,False,
14511,967.333333,333,337,2.942642,86.457656,0.909025,False,
14511,967.333333,333,338,2.062561,0.000000,0.000000,False,
14511,967.333333,334,335,4.445421,56.060872,0.805681,False,
14511,967.333333,335,337,4.599397,6.602606,0.008175,False,
14511,967.333333,336,337,3.233171,177.391382,0.200066,False,
14511,967.333333,336,338,4.550673,96.150962,0.921155,False,
14511,967.333333,337,338,2.600289,86.457656,0.948257,False,
14521,968.000000,333,337,2.630412,90.224504,0.975079,False,
14521,968.000000,333,338,2.062561,0.000000,0.000000,False,
14521,968.000000,334,335,4.881105,53.072591,0.897233,False,
14521,968.000000,335,337,4.512257,14.308388,0.077083,False,
14521,968.000000,336,337,4.432186,171.465407,0.112051,False,
14521,968.000000,336,338,4.748600,98.310089,0.894562,False,
14521,968.000000,337,338,2.896231,90.224504,0.860056,False,
14531,968.666667,333,337,2.588886,81.099770,0.984843,False,
14531,968.666667,333,338,2.062561,0.000000,0.000000,False,
14531,968.666667,335,337,4.605992,5.155389,0.006572,False,
14531,968.666667,337,338,3.276361,81.099770,0.656144,False,
14541,969.333333,335,337,4.637707,4.363575,0.006436,False,
14541,969.333333,337,338,3.961093,79.658612,0.540745,False,
14551,970.000000,335,337,4.723403,0.298517,0.083510,False,
14801,986.666667,340,341,0.810117,7.472861,0.997864,True,0.916085
14811,987.333333,340,341,0.718361,2.211266,0.999279,True,1.794567
14821,988.000000,340,341,0.756376,2.273498,0.996276,True,
14821,988.000000,340,342,1.908680,174.993422,0.619009,False,
14821,988.000000,341,342,2.526895,172.719924,0.631497,False,
14831,988.666667,340,341,0.771928,0.125724,0.998281,True,
14831,988.666667,340,342,1.206150,174.117603,0.166298,False,
14831,988.666667,341,342,1.977829,174.243327,0.550062,False,
14841,989.333333,340,341,0.754613,9.885976,0.999791,True,0.517023
14841,989.333333,340,342,1.927084,175.705530,0.321490,False,
14841,989.333333,341,342,2.515693,174.408494,0.444223,False,
14851,990.000000,340,341,0.535419,6.245743,0.994884,True,
14861,990.666667,340,341,0.606592,9.520372,0.999369,True,
14871,991.333333,340,341,0.770651,1.713124,0.999087,True,
14881,992.000000,340,341,0.647926,2.928306,0.995482,True,0.624985
14891,992.666667,340,341,0.699864,9.386673,0.999342,True,
14901,993.333333,340,341,0.879153,5.819718,0.999914,True,
14901,993.333333,340,343,4.383905,171.960546,0.996028,False,
14901,993.333333,341,343,4.070360,177.780264,0.701560,False,
14911,994.000000,340,341,0.839803,1.057479,0.999918,True,
14911,994.000000,340,343,3.205846,173.764613,0.953905,False,
14911,994.000000,341,343,2.809724,172.707134,0.966090,False,
14921,994.666667,340,341,0.855325,5.618414,0.996992,True,
14921,994.666667,340,343,2.217119,166.849078,0.495035,False,
14921,994.666667,341,343,1.637224,172.467492,0.653478,False,
14931,995.333333,340,341,0.962226,2.891235,0.999263,True,7.129652
14931,995.333333,340,343,1.824789,172.029390,0.077196,False,
14931,995.333333,341,343,0.866661,169.138156,0.162168,False,
14941,996.000000,340,341,0.795788,8.330039,0.997475,True,0.870520
14941,996.000000,340,343,2.009447,176.071586,0.511531,False,
14941,996.000000,341,343,1.412534,167.741547,0.896332,False,
14951,996.666667,340,341,0.776100,1.004758,0.998005,True,7.190192
14951,996.666667,340,343,2.943603,173.493782,0.999965,False,
14951,996.666667,340,344,3.445387,167.601322,0.931183,False,
14951,996.666667,341,343,2.572438,172.489023,0.974281,False,
14951,996.666667,341,344,3.103197,166.596563,0.866118,False,
14961,997.333333,340,341,0.775367,3.570260,0.998990,True,2.150486
14961,997.333333,340,343,3.998720,174.389918,0.999881,False,
14961,997.333333,340,344,2.582439,174.076797,0.839708,False,
14961,997.333333,341,343,3.728583,170.819658,0.959378,False,
14961,997.333333,341,344,2.139795,170.506537,0.826645,False,
14961,997.333333,344,345,13.543581,174.033286,0.321125,False,4.997401
14971,998.000000,340,341,0.704407,10.763369,0.999602,True,0.352149
14971,998.000000,340,344,1.909406,174.229916,0.732636,False,
14971,998.000000,341,343,4.954865,175.431592,0.777011,False,
14971,998.000000,341,344,1.342302,175.006714,0.846639,False,
14981,998.666667,340,341,0.570941,16.622299,0.901306,True,
14981,998.666667,340,344,1.550011,167.641723,0.817392,False,
14981,998.666667,341,344,1.037916,175.735977,0.952963,False,
14991,999.333333,343,345,4.071208,174.089300,0.620012,False,
15001,1000.000000,343,345,2.730208,170.871040,0.896217,False,
15011,1000.666667,343,345,1.607508,171.201283,0.978055,False,
15011,1000.666667,344,346,1.315081,2.282423,0.546994,False,
15011,1000.666667,345,346,9.499857,163.561007,0.762625,False,2.977445
15021,1001.333333,343,345,1.070912,177.845229,0.548328,False,
15021,1001.333333,344,346,1.233978,7.134212,0.485227,False,
15021,1001.333333,345,346,8.285344,167.230768,0.552705,False,2.588958
15031,1002.000000,343,345,1.973569,178.995069,0.390114,False,
15031,1002.000000,344,346,1.309929,11.474404,0.476539,False,
15041,1002.666667,344,346,1.202709,2.448903,0.590319,False,
15051,1003.333333,344,345,3.919193,178.089804,0.388498,False,
15051,1003.333333,344,346,1.158376,13.835169,0.570023,False,
15051,1003.333333,345,346,4.676188,168.075027,0.679082,False,
15061,1004.000000,344,345,3.064027,169.773922,0.419055,False,
15061,1004.000000,344,346,1.225020,23.619630,0.638731,False,
15061,1004.000000,345,346,3.559019,166.606448,0.868979,False,
15071,1004.666667,344,345,2.382080,172.921633,0.648895,False,
15071,1004.666667,344,346,1.215058,15.163569,0.812059,True,
15071,1004.666667,345,346,2.362606,171.914798,0.796382,False,
15081,1005.333333,344,345,1.946521,173.592153,0.929281,False,
15081,1005.333333,344,346,1.270435,11.284136,0.801703,True,
15081,1005.333333,345,346,1.295763,175.123711,0.883189,False,
15091,1006.000000,344,345,2.249649,174.722739,0.983262,False,
15091,1006.000000,344,346,1.335850,10.599079,0.868297,True,
15091,1006.000000,345,346,0.933028,174.678182,0.750641,False,
15101,1006.666667,344,345,2.879279,175.753818,0.865350,False,
15101,1006.666667,344,346,1.353613,1.106704,0.911240,True,
15101,1006.666667,344,347,3.793175,176.042925,0.419158,False,
15101,1006.666667,345,346,1.670677,176.860522,0.774799,False,
15101,1006.666667,345,347,4.346105,0.289108,0.172458,False,
15101,1006.666667,346,347,3.333068,177.149630,0.984181,False,
15101,1006.666667,347,348,3.159402,12.828294,0.007828,False,
15101,1006.666667,347,349,2.982901,11.822839,0.273489,False,
15101,1006.666667,347,350,4.181673,17.172481,0.105759,False,
15101,1006.666667,348,349,0.852643,1.005456,0.899661,True,
15101,1006.666667,348,350,1.560173,30.000775,0.815719,False,
15101,1006.666667,349,350,1.213362,28.995319,0.372382,False,
15111,1007.333333,344,345,3.740850,172.762367,0.842368,False,
15111,1007.333333,344,346,1.276212,6.015736,0.928637,True,
15111,1007.333333,344,347,3.258021,163.307589,0.028207,False,
15111,1007.333333,344,349,4.834488,159.588124,0.536287,False,
15111,1007.333333,345,346,2.815657,178.778103,0.491365,False,
15111,1007.333333,345,347,4.462733,9.454779,0.093803,False,
15111,1007.333333,346,347,2.474216,169.323325,0.735299,False,
15111,1007.333333,346,349,4.760731,165.603860,0.909322,False,1.548178
15111,1007.333333,347,348,3.147284,6.965150,0.163619,False,
15111,1007.333333,347,349,2.942907,3.719465,0.404716,False,
15111,1007.333333,347,350,4.380881,25.465624,0.204769,False,
15111,1007.333333,348,349,0.873030,3.245686,0.842183,True,
15111,1007.333333,348,350,1.549549,32.430774,0.733033,False,
15111,1007.333333,349,350,1.441140,29.185088,0.202054,False,
15121,1008.000000,344,345,4.778613,174.025563,0.244068,False,
15121,1008.000000,344,346,1.402946,0.488464,0.988079,True,
15121,1008.000000,344,347,2.875466,171.203259,0.618672,False,
15121,1008.000000,344,348,4.581211,169.021050,0.000031,False,
15121,1008.000000,344,349,3.863995,171.200402,0.009731,False,
15121,1008.000000,345,346,3.982693,173.537099,0.352923,False,
15121,1008.000000,345,347,4.479081,14.771178,0.044966,False,
15121,1008.000000,346,347,1.602867,171.691722,0.630026,False,
15121,1008.000000,346,348,4.096480,169.509514,0.768050,False,
15121,1008.000000,346,349,3.560145,171.688865,0.851334,False,1.033729
15121,1008.000000,347,348,3.167969,2.182209,0.182053,False,
15121,1008.000000,347,349,2.932669,0.002857,0.413231,False,
15121,1008.000000,347,350,4.684506,18.902492,0.217972,False,
15121,1008.000000,348,349,0.833237,2.179351,0.826772,True,3.679740
15121,1008.000000,348,350,1.664864,21.084701,0.563050,False,
15121,1008.000000,349,350,1.779561,18.905350,0.087393,False,
15131,1008.666667,344,346,1.250701,9.255549,0.998696,True,
15131,1008.666667,344,347,2.731195,170.826545,0.693364,False,
15131,1008.666667,344,348,3.651316,179.264432,0.601482,False,
15131,1008.666667,344,349,2.907555,179.647812,0.530349,False,
15131,1008.666667,344,350,4.616295,164.027505,0.332340,False,
15131,1008.666667,345,347,4.672474,0.890101,0.079577,False,
15131,1008.666667,346,347,1.493866,179.917907,0.940478,False,
15131,1008.666667,346,348,2.966641,170.008884,0.663040,False,
15131,1008.666667,346,349,2.402478,170.392263,0.916552,False,0.700086
15131,1008.666667,346,350,4.349734,173.283053,0.037509,False,
15131,1008.666667,347,348,3.026347,9.909023,0.064086,False,
15131,1008.666667,347,349,2.843243,9.525643,0.326633,False,
15131,1008.666667,347,350,4.768400,6.799040,0.075156,False,
15131,1008.666667,348,349,0.821665,0.383380,0.876889,True,
15131,1008.666667,348,350,1.830450,16.708063,0.423787,False,
15131,1008.666667,349,350,1.980075,16.324683,0.002857,False,
15141,1009.333333,344,346,1.226530,4.919674,0.999959,True,
15141,1009.333333,344,347,3.202814,176.919515,0.737552,False,
15141,1009.333333,344,348,2.961016,173.214458,0.595688,False,
15141,1009.333333,344,349,2.172613,176.357049,0.686583,False,
15141,1009.333333,344,350,4.016128,153.043185,0.305460,False,
15141,1009.333333,345,347,4.725105,4.939987,0.064597,False,
15141,1009.333333,345,351,3.003922,178.812856,0.969142,False,
15141,1009.333333,346,347,2.244575,178.160811,0.026294,False,
15141,1009.333333,346,348,1.960222,168.294783,0.598469,False,
15141,1009.333333,346,349,1.284286,171.437375,0.801879,False,
15141,1009.333333,346,350,3.526023,157.962859,0.127367,False,
15141,1009.333333,347,348,3.036496,9.866027,0.114910,False,
15141,1009.333333,347,349,2.905959,6.723436,0.345555,False,
15141,1009.333333,348,349,0.800471,3.142591,0.893154,True,2.269699
15141,1009.333333,348,350,2.094067,33.742358,0.192041,False,
15141,1009.333333,349,350,2.310754,30.599766,0.195817,False,
15151,1010.000000,344,346,1.164709,11.143465,0.996078,True,
15151,1010.000000,344,347,3.744181,166.482257,0.800382,False,
15151,1010.000000,344,348,2.493779,165.620685,0.611940,False,
15151,1010.000000,344,349,1.773238,170.396950,0.841989,False,
15151,1010.000000,344,350,3.469991,158.010612,0.301607,False,
15151,1010.000000,345,347,4.761798,0.387747,0.029429,False,
15151,1010.000000,345,351,2.738773,177.641209,0.978511,False,
15151,1010.000000,346,347,3.188659,177.625721,0.351450,False,
15151,1010.000000,346,348,1.329688,176.764149,0.520048,False,
15151,1010.000000,346,349,0.634214,178.459585,0.790911,False,
15151,1010.000000,346,350,2.693444,146.867148,0.056774,False,
15151,1010.000000,347,348,2.955343,0.861572,0.135626,False,
15151,1010.000000,347,349,2.823830,3.914693,0.339764,False,6.935161
15151,1010.000000,348,349,0.750941,4.776266,0.919496,True,1.239642
15151,1010.000000,348,350,2.319194,36.368703,0.048544,False,
15151,1010.000000,349,350,2.626370,31.592437,0.373482,False,
15161,1010.666667,344,346,1.468165,5.544233,0.992290,True,
15161,1010.666667,344,347,4.685063,168.058768,0.989639,False,
15161,1010.666667,344,348,2.841792,166.390261,0.979383,False,
15161,1010.666667,344,349,2.364430,163.185425,0.957559,False,
15161,1010.666667,344,350,3.209302,163.595750,0.619692,False,
15161,1010.666667,346,347,4.276120,173.603001,0.801546,False,
15161,1010.666667,346,348,1.765118,171.934494,0.999981,False,
15161,1010.666667,346,349,1.629686,168.729658,0.977992,False,
15161,1010.666667,346,350,1.928272,158.051517,0.370933,False,
15161,1010.666667,347,348,2.795794,1.668506,0.135702,False,
15161,1010.666667,347,349,2.648874,4.873342,0.404904,False,
15161,1010.666667,347,351,4.485993,177.927465,0.499758,False,
15161,1010.666667,348,349,0.700784,3.204836,0.871977,True,
15161,1010.666667,348,350,2.743141,30.013988,0.053182,False,
15161,1010.666667,349,350,3.072743,33.218824,0.238329,False,
15171,1011.333333,344,346,1.300028,5.840534,0.930183,True,
15171,1011.333333,344,348,3.168226,179.089834,0.866659,False,
15171,1011.333333,344,349,2.709856,171.024930,0.966059,False,
15171,1011.333333,344,350,2.902405,160.600421,0.355008,False,
15171,1011.333333,344,351,6.642174,0.077090,0.063019,False,8.856888
15171,1011.333333,346,348,2.697556,173.249300,0.828478,False,
15171,1011.333333,346,349,2.558907,165.184396,0.963325,False,
15171,1011.333333,346,350,1.609608,166.440955,0.664742,False,
15171,1011.333333,347,348,2.734340,2.092000,0.183852,False,
15171,1011.333333,347,349,2.784025,10.156904,0.512247,False,
15171,1011.333333,347,351,3.541989,178.895255,0.737778,False,
15171,1011.333333,348,349,0.767102,8.064904,0.941488,True,
15171,1011.333333,348,350,3.125448,20.309745,0.057345,False,
15171,1011.333333,349,350,3.374833,28.374649,0.193560,False,
15171,1011.333333,349,351,4.957596,170.947840,0.881001,False,
15181,1012.000000,344,346,1.423465,8.582358,0.918670,True,
15181,1012.000000,344,348,4.032636,178.368910,0.632458,False,
15181,1012.000000,344,349,3.718928,177.870912,0.696682,False,
15181,1012.000000,344,350,2.728821,157.316748,0.773980,False,
15181,1012.000000,344,351,6.476184,3.250675,0.093063,False,7.931903
15181,1012.000000,346,348,3.852202,173.048732,0.999427,False,
15181,1012.000000,346,349,3.835469,169.288555,0.970953,False,
15181,1012.000000,346,350,1.398162,165.899106,0.999833,False,
15181,1012.000000,347,348,2.537255,1.653799,0.197802,False,
15181,1012.000000,347,349,2.613297,5.413976,0.527228,False,
15181,1012.000000,347,351,2.889209,179.965787,0.939890,False,
15181,1012.000000,348,349,0.822629,3.760177,0.951863,True,
15181,1012.000000,348,350,3.466772,21.052162,0.073001,False,
15181,1012.000000,348,351,4.145673,178.380415,0.665719,False,
15181,1012.000000,349,350,3.750286,24.812339,0.243887,False,
15181,1012.000000,349,351,3.584236,174.620237,0.699781,False,
15191,1012.666667,344,346,1.300820,28.686867,0.810181,False,
15191,1012.666667,344,348,4.814149,170.196292,0.270185,False,
15191,1012.666667,344,349,4.537575,167.984054,0.018122,False,
15191,1012.666667,344,350,2.688049,137.962922,0.771735,False,
15191,1012.666667,346,350,1.939456,166.649789,0.784724,False,
15191,1012.666667,347,348,2.381957,14.304644,0.180790,False,
15191,1012.666667,347,349,2.585677,12.092405,0.467438,False,
15191,1012.666667,347,351,2.792888,170.022884,0.983986,False,
15191,1012.666667,348,349,0.832635,2.212239,0.981224,True,3.549690
15191,1012.666667,348,350,3.922729,32.233370,0.101861,False,
15191,1012.666667,348,351,2.986306,175.672472,0.915517,False,
15191,1012.666667,349,350,4.146175,30.021132,0.325865,False,
15191,1012.666667,349,351,2.333761,177.884710,0.717156,False,
15201,1013.333333,347,348,2.358997,8.982835,0.278321,False,
15201,1013.333333,347,349,2.535292,10.411898,0.568282,False,
15201,1013.333333,347,351,3.348384,170.564086,0.989069,False,
15201,1013.333333,348,349,0.768945,1.429063,0.958281,True,
15201,1013.333333,348,351,2.233908,179.546921,0.942224,False,
15201,1013.333333,349,351,1.465056,179.024017,0.982309,False,
15211,1014.000000,347,348,2.180040,2.036955,0.385537,False,
15211,1014.000000,347,349,2.464249,2.772807,0.718543,True,
15211,1014.000000,347,351,4.099017,176.018238,0.631221,False,
15211,1014.000000,348,349,0.872874,4.809762,0.963198,True,
15211,1014.000000,348,351,2.324566,178.055193,0.767840,False,
15211,1014.000000,349,351,1.656661,173.245431,0.558999,False,
15221,1014.666667,347,348,1.908637,2.331183,0.433092,False,
15221,1014.666667,347,349,2.420123,3.644206,0.691737,False,
15221,1014.666667,348,349,0.832971,1.313023,0.999716,True,
15231,1015.333333,347,348,1.819406,3.902841,0.446673,False,
15231,1015.333333,347,349,2.471269,1.436244,0.660935,False,
15231,1015.333333,348,349,0.885391,2.466597,0.979741,True,
15241,1016.000000,347,348,1.726464,3.343255,0.528822,False,
15241,1016.000000,347,349,2.361018,3.258113,0.670827,False,
15241,1016.000000,348,349,0.802281,6.601368,0.967635,True,1.569365
15251,1016.666667,347,348,1.576442,1.271345,0.572019,False,
15251,1016.666667,347,349,2.237967,3.496408,0.696210,False,
15251,1016.666667,348,349,0.768837,4.767752,0.941279,True,
15821,1054.666667,354,355,4.313666,5.490870,0.176740,False,7.785467
15821,1054.666667,354,356,1.775573,20.891143,0.711689,False,
15821,1054.666667,355,356,2.911228,26.382013,0.137875,False,2.059000
15831,1055.333333,354,355,4.131244,3.279357,0.079073,False,8.254940
15831,1055.333333,354,356,2.058703,27.729332,0.520097,False,
15831,1055.333333,355,356,2.389784,31.008689,0.273767,False,
15841,1056.000000,354,355,3.964657,8.640211,0.001221,False,
15841,1056.000000,354,356,2.453183,90.700051,0.419877,False,
15841,1056.000000,355,356,1.852035,82.059841,0.502702,False,
15851,1056.666667,354,355,3.734415,9.885058,0.014311,False,
15851,1056.666667,354,356,2.840247,94.433679,0.409730,False,
15851,1056.666667,355,356,1.335144,84.548621,0.682088,False,
15861,1057.333333,354,355,3.571813,0.585237,0.040887,False,4.434475
15861,1057.333333,354,356,3.229042,90.810113,0.303602,False,
15861,1057.333333,355,356,0.948922,90.224877,0.860834,False,
15861,1057.333333,355,357,2.638556,8.433959,0.044729,False,
15861,1057.333333,356,357,3.209185,81.790918,0.373464,False,
15871,1058.000000,354,355,3.197865,2.805234,0.069036,False,3.708632
15871,1058.000000,354,356,3.694890,93.185827,0.309691,False,
15871,1058.000000,355,356,0.891603,90.380593,0.909221,False,
15871,1058.000000,355,357,2.841775,5.434073,0.053676,False,
15871,1058.000000,356,357,2.609012,84.946520,0.409783,False,
15881,1058.666667,354,355,3.010393,1.501427,0.096341,False,3.888296
15881,1058.666667,354,356,4.140410,93.183344,0.267332,False,
15881,1058.666667,355,356,1.313916,94.684770,0.677794,False,
15881,1058.666667,355,357,2.861343,8.022925,0.008015,False,
15881,1058.666667,356,357,2.024119,86.661845,0.484285,False,
15891,1059.333333,354,355,2.675231,9.954212,0.173928,False,
15891,1059.333333,354,356,4.575745,89.708819,0.190902,False,
15891,1059.333333,355,356,1.946225,99.663031,0.506409,False,
15891,1059.333333,355,357,2.988993,12.112044,0.017663,False,
15891,1059.333333,356,357,1.487214,87.550987,0.659065,False,
15901,1060.000000,354,355,2.637086,6.604564,0.256675,False,
15901,1060.000000,355,356,2.419624,100.926850,0.421422,False,
15901,1060.000000,355,357,2.871193,7.724834,0.004524,False,
15901,1060.000000,356,357,1.058817,93.202016,0.852383,False,
15901,1060.000000,356,358,10.303220,99.372211,0.049078,False,6.761956
15911,1060.666667,354,355,2.266346,8.278774,0.316734,False,
15911,1060.666667,354,357,5.278772,2.386624,0.024427,False,8.873070
15911,1060.666667,354,358,4.254995,177.095882,0.094579,False,
15911,1060.666667,354,359,4.837892,171.256452,0.674102,False,
15911,1060.666667,355,356,3.220543,32.707977,0.310461,False,
15911,1060.666667,355,357,3.078709,10.665398,0.030642,False,
15911,1060.666667,356,357,0.870598,22.042580,0.986387,False,
15911,1060.666667,358,359,1.005018,5.839430,0.964110,True,
15921,1061.333333,354,355,2.171915,12.902485,0.390238,False,
15921,1061.333333,354,357,5.036159,1.649741,0.015753,False,7.810255
15921,1061.333333,354,358,3.370198,179.570387,0.379154,False,
15921,1061.333333,354,359,4.013229,178.681824,0.651983,False,
15921,1061.333333,354,360,2.632123,179.905725,0.935199,False,
15921,1061.333333,355,356,3.730181,34.909991,0.291041,False,
15921,1061.333333,355,357,2.995652,11.252743,0.066326,False,
15921,1061.333333,355,360,4.312546,167.191791,0.991316,False,
15921,1061.333333,356,357,1.193715,23.657248,0.770143,False,
15921,1061.333333,358,359,0.878198,1.747790,0.953410,True,
15921,1061.333333,358,360,2.326400,0.523889,0.455418,False,
15921,1061.333333,359,360,2.355839,1.223901,0.079180,False,9.863539
15931,1062.000000,354,355,1.931808,7.372895,0.511166,False,
15931,1062.000000,354,357,4.811662,2.715277,0.107856,False,
15931,1062.000000,354,358,2.412000,169.414702,0.108778,False,
15931,1062.000000,354,359,3.260941,175.992012,0.537594,False,
15931,1062.000000,354,360,2.456250,169.006146,0.325489,False,
15931,1062.000000,355,356,4.467088,130.239726,0.249623,False,
15931,1062.000000,355,357,3.094119,4.657618,0.058449,False,
15931,1062.000000,355,358,4.326554,162.041807,0.937784,False,
15931,1062.000000,355,360,3.698586,161.633250,0.999118,False,
15931,1062.000000,356,357,1.650318,134.897344,0.605724,False,
15931,1062.000000,358,359,1.049608,6.577310,0.949824,True,
15931,1062.000000,358,360,2.261753,0.408556,0.614003,False,
15931,1062.000000,359,360,2.213241,6.985866,0.124751,False,
15941,1062.666667,354,355,1.582791,11.822307,0.597784,False,
15941,1062.666667,354,357,4.557944,7.272007,0.053295,False,
15941,1062.666667,354,358,1.688633,176.790215,0.848102,False,
15941,1062.666667,354,359,2.614373,173.314479,0.537847,False,
15941,1062.666667,354,360,2.509694,164.354814,0.151251,False,
15941,1062.666667,355,357,3.292971,4.550300,0.101506,False,
15941,1062.666667,355,358,3.227067,171.387478,0.983446,False,
15941,1062.666667,355,359,4.075597,161.492172,0.995338,False,
15941,1062.666667,355,360,3.238978,152.532507,0.900652,False,
15941,1062.666667,356,357,2.318874,177.745646,0.419902,False,
15941,1062.666667,357,360,4.463855,157.082807,0.925401,False,
15941,1062.666667,358,359,0.990772,9.895306,0.954423,True,
15941,1062.666667,358,360,2.182654,18.854971,0.590430,False,2.403873
15941,1062.666667,359,360,2.135115,8.959665,0.271767,False,3.955834
15951,1063.333333,354,355,1.488790,11.492110,0.716694,True,
15951,1063.333333,354,357,4.296990,10.794418,0.079220,False,
15951,1063.333333,354,358,1.279819,178.352461,0.996922,False,
15951,1063.333333,354,359,2.108413,175.301640,0.990071,False,
15951,1063.333333,354,360,2.677425,176.362695,0.332285,False,
15951,1063.333333,354,361,2.300204,85.445838,0.956774,False,
15951,1063.333333,355,357,3.313285,0.697692,0.141515,False,
15951,1063.333333,355,358,2.501828,170.155429,0.938426,False,
15951,1063.333333,355,359,3.401220,173.206250,0.999906,False,
15951,1063.333333,355,360,3.218973,164.870585,0.838492,False,
15951,1063.333333,355,361,1.369010,96.937948,0.840618,False,
15951,1063.333333,356,357,2.967798,44.231430,0.296928,False,
15951,1063.333333,357,358,4.450119,170.853121,0.925400,False,
15951,1063.333333,357,360,3.589499,165.568277,0.908621,False,
15951,1063.333333,357,361,4.330639,96.240256,0.380784,False,
15951,1063.333333,358,359,0.899962,3.050821,0.886991,True,
15951,1063.333333,358,360,1.732145,5.284844,0.587537,False,
15951,1063.333333,358,361,3.547189,92.906623,0.986343,False,
15951,1063.333333,359,360,1.882131,8.335665,0.104344,False,
15951,1063.333333,359,361,4.406024,89.855802,0.983797,False,
15951,1063.333333,360,361,4.544640,98.191467,0.995313,False,
15961,1064.000000,354,355,1.278854,1.619048,0.833162,True,
15961,1064.000000,354,357,3.989666,2.780987,0.125388,False,
15961,1064.000000,354,358,1.501939,174.052258,0.976879,False,
15961,1064.000000,354,359,2.255690,177.446341,0.994172,False,
15961,1064.000000,354,360,3.284436,173.944465,0.902476,False,
15961,1064.000000,354,361,2.414977,91.878529,0.940556,False,
15961,1064.000000,355,357,3.358050,4.400035,0.198757,False,
15961,1064.000000,355,358,2.227030,175.671306,0.961094,False,
15961,1064.000000,355,359,3.244605,179.065389,0.999993,False,
15961,1064.000000,355,360,3.677771,175.563514,0.826415,False,
15961,1064.000000,355,361,1.200636,90.259481,0.990394,False,
15961,1064.000000,356,357,3.596018,1.400830,0.238361,False,
15961,1064.000000,357,358,3.338662,171.271271,0.741202,False,
15961,1064.000000,357,359,4.199330,174.665353,0.820797,False,
15961,1064.000000,357,360,2.887276,171.163478,0.961551,False,
15961,1064.000000,357,361,3.677334,94.659516,0.473060,False,
15961,1064.000000,358,359,1.099090,3.394082,0.917753,True,
15961,1064.000000,358,360,1.813366,0.107793,0.628832,False,
15961,1064.000000,358,361,3.403862,94.069213,0.998572,False,
15961,1064.000000,359,360,1.883811,3.501875,0.044063,False,4.227008
15961,1064.000000,359,361,4.441488,90.675131,0.996178,False,
15961,1064.000000,360,361,4.701589,94.177006,0.965716,False,
15971,1064.666667,354,355,1.091734,5.864392,0.906642,True,
15971,1064.666667,354,357,3.653802,8.860356,0.096642,False,
15971,1064.666667,354,358,2.286956,174.578052,0.216828,False,
15971,1064.666667,354,359,2.650426,175.367425,0.972004,False,
15971,1064.666667,354,360,3.882687,178.524737,0.324557,False,
15971,1064.666667,354,361,2.580417,85.800732,0.820665,False,
15971,1064.666667,355,357,3.276170,2.995965,0.167538,False,
15971,1064.666667,355,358,2.671498,179.557556,0.798310,False,
15971,1064.666667,355,359,3.307148,169.503033,0.508543,False,
15971,1064.666667,355,360,4.193826,175.610872,0.626141,False,
15971,1064.666667,355,361,1.500060,91.665124,0.833272,False,
15971,1064.666667,356,357,4.341686,178.597597,0.203667,False,
15971,1064.666667,357,358,2.278017,176.561592,0.827549,False,
15971,1064.666667,357,359,3.114727,166.507069,0.999674,False,
15971,1064.666667,357,360,2.431074,172.614907,0.994615,False,
15971,1064.666667,357,361,3.040214,94.661088,0.578513,False,
15971,1064.666667,358,359,0.921730,10.054523,0.917227,True,1.414182
15971,1064.666667,358,360,1.596188,3.946685,0.572125,False,4.040054
15971,1064.666667,358,361,3.505239,88.777320,0.980714,False,
15971,1064.666667,359,360,1.627511,6.107838,0.127085,False,
15971,1064.666667,359,361,4.330180,98.831843,0.996444,False,
15971,1064.666667,360,361,4.760881,92.724005,0.932450,False,
15981,1065.333333,354,355,1.178108,6.972993,0.971824,True,
15981,1065.333333,354,357,3.402944,3.190128,0.028919,False,4.613360
15981,1065.333333,354,358,3.139392,179.575719,0.507668,False,
15981,1065.333333,354,359,3.203708,174.296316,0.143857,False,
15981,1065.333333,354,360,4.689688,158.293357,0.890269,False,
15981,1065.333333,354,361,2.904137,82.436819,0.707589,False,
15981,1065.333333,355,357,3.246858,3.782865,0.266318,False,
15981,1065.333333,355,358,3.549461,172.602726,0.249177,False,
15981,1065.333333,355,359,3.884830,178.730691,0.768565,False,
15981,1065.333333,355,361,1.930784,89.409812,0.586366,False,
15981,1065.333333,357,358,1.612298,176.385591,0.993865,False,
15981,1065.333333,357,359,2.520266,177.486444,0.860979,False,
15981,1065.333333,357,360,2.651395,161.483485,0.967664,False,
15981,1065.333333,357,361,2.473837,85.626947,0.806088,False,
15981,1065.333333,358,359,0.915578,6.127965,0.863898,True,
15981,1065.333333,358,360,1.594485,22.130924,0.581458,False,
15981,1065.333333,358,361,3.620926,97.987462,0.982128,False,
15981,1065.333333,359,360,1.661068,16.002959,0.013168,False,
15981,1065.333333,359,361,4.326288,91.859497,0.988968,False,
15991,1066.000000,354,355,1.101575,5.726967,0.998351,True,
15991,1066.000000,354,357,3.131253,4.343890,0.028622,False,4.574849
15991,1066.000000,354,358,4.059429,178.380961,0.175861,False,
15991,1066.000000,354,359,4.053494,178.294729,0.423837,False,
15991,1066.000000,354,361,3.216570,85.966316,0.676924,False,
15991,1066.000000,355,357,3.305387,1.383078,0.398661,False,
15991,1066.000000,355,358,4.520987,172.653993,0.880322,False,
15991,1066.000000,355,359,4.744132,172.567761,0.969276,False,
15991,1066.000000,355,361,2.604830,80.239349,0.320063,False,
15991,1066.000000,356,360,4.963037,122.172966,0.870325,False,
15991,1066.000000,357,358,1.482335,174.037071,0.999318,False,
15991,1066.000000,357,359,2.265142,173.950839,0.927608,False,
15991,1066.000000,357,360,3.161792,146.165371,0.991337,False,
15991,1066.000000,357,361,2.254970,81.622426,0.963916,False,
15991,1066.000000,358,359,1.066174,0.086232,0.914635,True,
15991,1066.000000,358,360,1.684376,27.871700,0.642232,False,
15991,1066.000000,358,361,3.723512,92.414645,0.903399,False,
15991,1066.000000,359,360,1.508060,27.785468,0.025278,False,
15991,1066.000000,359,361,4.492308,92.328413,0.965405,False,
16001,1066.666667,355,357,3.268407,15.812142,0.286905,False,
16001,1066.666667,355,361,3.280236,77.382393,0.216348,False,
16001,1066.666667,356,358,4.831929,23.512929,0.467086,False,
16001,1066.666667,356,360,4.867052,38.182035,0.858905,False,
16001,1066.666667,357,358,2.450723,176.604862,0.691877,False,
16001,1066.666667,357,359,2.723048,171.249983,0.439676,False,
16001,1066.666667,357,360,4.040201,161.935755,0.920900,False,
16001,1066.666667,357,361,2.093060,93.194535,0.986685,False,
16001,1066.666667,358,359,0.912526,12.145155,0.915452,True,
16001,1066.666667,358,360,1.679394,14.669106,0.685486,False,
16001,1066.666667,358,361,4.089575,83.410327,0.756195,False,
16001,1066.666667,359,360,1.427684,26.814261,0.282115,False,
16001,1066.666667,359,361,4.627789,95.555482,0.945473,False,
16011,1067.333333,356,358,4.448483,1.018354,0.502870,False,
16011,1067.333333,356,360,4.756162,7.063470,0.840030,False,
16011,1067.333333,356,362,2.586985,177.860071,0.465995,False,
16011,1067.333333,356,363,2.900515,171.822113,0.719324,False,
16011,1067.333333,357,358,3.774727,174.944705,0.011461,False,
16011,1067.333333,357,359,3.697235,174.835891,0.290247,False,
16011,1067.333333,357,361,2.057106,97.300711,0.989503,False,
16011,1067.333333,358,359,0.909082,0.108815,0.846016,True,
16011,1067.333333,358,360,1.691900,8.081824,0.834662,True,
16011,1067.333333,358,361,4.513206,87.754584,0.734304,False,
16011,1067.333333,358,363,6.225300,172.840468,0.676933,False,2.014413
16011,1067.333333,359,360,1.502698,8.190639,0.408543,False,
16011,1067.333333,359,361,4.830174,87.863398,0.846450,False,
16011,1067.333333,362,363,0.571736,6.037958,0.999445,True,
16021,1068.000000,356,358,4.029084,4.584515,0.622847,False,
16021,1068.000000,356,359,4.874839,2.736826,0.599772,False,
16021,1068.000000,356,360,4.602075,7.447684,0.876228,False,
16021,1068.000000,356,362,2.056836,179.089510,0.523852,False,
16021,1068.000000,356,363,2.471849,172.249951,0.791865,False,
16021,1068.000000,356,364,3.462688,171.557858,0.218289,False,
16021,1068.000000,358,359,0.947505,7.321341,0.902223,True,1.540540
16021,1068.000000,358,360,1.597387,2.863169,0.874966,True,
16021,1068.000000,358,361,4.901970,82.151715,0.594766,False,
16021,1068.000000,358,363,5.130152,167.665437,0.996596,False,1.700985
16021,1068.000000,359,360,1.219494,10.184510,0.493811,False,
16021,1068.000000,360,363,4.894280,164.802267,0.069908,False,
16021,1068.000000,362,363,0.626535,8.660539,0.999915,True,
16021,1068.000000,362,364,1.501350,7.531652,0.010987,False,
16021,1068.000000,363,364,1.541233,16.192191,0.325474,False,
16031,1068.666667,356,358,3.626717,170.147750,0.786972,False,
16031,1068.666667,356,359,4.314103,177.086717,0.657246,False,
16031,1068.666667,356,360,4.466877,177.813786,0.878030,False,
16031,1068.666667,356,362,1.642748,1.927152,0.674119,False,
16031,1068.666667,356,363,2.207164,2.919499,0.844174,True,
16031,1068.666667,356,364,2.931693,10.314911,0.237959,False,
16031,1068.666667,358,359,0.723465,12.765533,0.899507,True,0.383503
16031,1068.666667,358,360,1.508288,7.666036,0.920199,True,
16031,1068.666667,358,362,4.193615,168.220598,0.687838,False,
16031,1068.666667,358,363,4.046460,167.228251,0.870947,False,
16031,1068.666667,359,360,1.128677,5.099497,0.729865,True,
16031,1068.666667,359,362,4.750867,179.013869,0.990209,False,
16031,1068.666667,359,363,4.521346,179.993784,0.226437,False,
16031,1068.666667,360,362,4.496783,175.886634,0.428112,False,
16031,1068.666667,360,363,4.106122,174.894287,0.217790,False,
16031,1068.666667,361,364,9.878609,103.578682,0.036969,False,6.108874
16031,1068.666667,362,363,0.736836,0.992347,0.999924,True,
16031,1068.666667,362,364,1.448208,12.242063,0.014268,False,
16031,1068.666667,363,364,1.563011,13.234410,0.475718,False,
16041,1069.333333,356,358,3.287006,178.156679,0.762730,False,
16041,1069.333333,356,359,3.956305,177.426896,0.799347,False,
16041,1069.333333,356,360,4.153259,171.847776,0.828864,False,
16041,1069.333333,356,362,1.335071,5.672749,0.901694,True,
16041,1069.333333,356,363,1.936798,1.796415,0.911737,True,
16041,1069.333333,356,364,2.355680,6.275997,0.341839,False,
16041,1069.333333,356,365,3.889413,9.216690,0.301692,False,
16041,1069.333333,356,366,3.905224,18.222490,0.287845,False,
16041,1069.333333,358,359,0.688988,0.729783,0.906744,True,
16041,1069.333333,358,360,1.388594,9.995545,0.966072,True,3.664278
16041,1069.333333,358,362,3.171552,172.483930,0.529119,False,
16041,1069.333333,358,363,3.022356,179.953094,0.229255,False,
16041,1069.333333,358,364,4.549477,175.567324,0.811512,False,
16041,1069.333333,359,360,1.027553,10.725328,0.719925,True,1.798381
16041,1069.333333,359,362,3.733150,171.754147,0.761053,False,
16041,1069.333333,359,363,3.500971,179.223311,0.936671,False,
16041,1069.333333,360,362,3.590261,177.520525,0.879806,False,
16041,1069.333333,360,363,3.196438,170.051361,0.969962,False,
16041,1069.333333,360,364,4.753323,165.571779,0.994598,False,
16041,1069.333333,362,363,0.646776,7.469164,0.998755,True,0.263200
16041,1069.333333,362,364,1.434676,11.948746,0.085503,False,
16041,1069.333333,362,365,3.201224,3.543941,0.043497,False,
16041,1069.333333,362,366,3.427561,12.549741,0.145684,False,
16041,1069.333333,363,364,1.570067,4.479582,0.544074,False,
16041,1069.333333,363,365,3.319480,11.013105,0.303621,False,
16041,1069.333333,363,366,3.651892,20.018905,0.371791,False,
16041,1069.333333,364,365,1.777390,15.492687,0.231645,False,
16041,1069.333333,364,366,2.082393,24.498487,0.428631,False,
16041,1069.333333,365,366,0.642279,9.005799,0.941869,True,0.170493
16051,1070.000000,356,358,2.917965,177.212138,0.855535,False,
16051,1070.000000,356,359,3.614793,175.924274,0.803702,False,
16051,1070.000000,356,362,1.194521,1.992974,0.993755,True,
16051,1070.000000,356,363,1.787144,0.119905,0.991532,True,
16051,1070.000000,356,364,1.892834,8.881306,0.417241,False,
16051,1070.000000,356,365,3.486521,10.335620,0.354955,False,
16051,1070.000000,356,366,3.430899,13.527301,0.255219,False,
16051,1070.000000,358,359,0.706838,6.863588,0.912867,True,0.737439
16051,1070.000000,358,362,2.190599,175.219165,0.399949,False,
16051,1070.000000,358,363,1.982397,177.092233,0.348061,False,
16051,1070.000000,358,364,3.510202,173.906556,0.815878,False,
16051,1070.000000,359,362,2.813243,177.917247,0.973139,False,
16051,1070.000000,359,363,2.513346,176.044179,0.986644,False,
16051,1070.000000,359,364,4.053129,167.042968,0.980977,False,
16051,1070.000000,362,363,0.592885,1.873068,0.995999,True,
16051,1070.000000,362,364,1.423062,10.874280,0.173106,False,
16051,1070.000000,362,365,3.287670,8.342646,0.049036,False,
16051,1070.000000,362,366,3.421661,11.534327,0.178248,False,
16051,1070.000000,363,364,1.540485,9.001211,0.551116,False,
16051,1070.000000,363,365,3.367754,10.215715,0.240624,False,
16051,1070.000000,363,366,3.589043,13.407395,0.351269,False,
16051,1070.000000,364,365,1.867576,19.216926,0.197011,False,
16051,1070.000000,364,366,2.049505,22.408607,0.422458,False,
16051,1070.000000,365,366,0.544223,3.191681,0.975203,True,
16061,1070.666667,356,358,2.707962,146.833424,0.966268,False,
16061,1070.666667,356,359,3.279197,151.714855,0.929793,False,
16061,1070.666667,356,362,1.231170,23.817313,0.920826,False,
16061,1070.666667,356,363,1.815250,27.466178,0.974844,False,
16061,1070.666667,356,364,1.220975,37.828376,0.585481,False,
16061,1070.666667,356,365,3.000723,13.095236,0.529284,False,
16061,1070.666667,356,366,2.971259,20.856748,0.235023,False,2.002805
16061,1070.666667,358,359,0.577252,4.881431,0.863959,True,
16061,1070.666667,358,362,1.495220,170.650737,0.070758,False,
16061,1070.666667,358,363,1.045209,174.299603,0.134658,False,
16061,1070.666667,358,364,2.577602,175.338200,0.854105,False,
16061,1070.666667,358,365,4.319488,159.928661,0.964157,False,
16061,1070.666667,358,366,4.638631,167.690172,0.725543,False,
16061,1070.666667,359,362,2.071874,175.532168,0.507901,False,
16061,1070.666667,359,363,1.608202,179.181034,0.661248,False,
16061,1070.666667,359,364,3.133081,170.456769,0.922806,False,
16061,1070.666667,359,365,4.807266,164.810092,0.843407,False,
16061,1070.666667,361,364,7.956988,102.602394,0.064490,False,3.821617
16061,1070.666667,362,363,0.609918,3.648866,0.999665,True,0.107409
16061,1070.666667,362,364,1.288646,14.011063,0.332865,False,
16061,1070.666667,362,365,3.260540,10.722076,0.049597,False,
16061,1070.666667,362,366,3.446240,2.960565,0.178733,False,
16061,1070.666667,363,364,1.533048,10.362198,0.693386,False,
16061,1070.666667,363,365,3.344312,14.370942,0.166305,False,
16061,1070.666667,363,366,3.623563,6.609431,0.368342,False,
16061,1070.666667,364,365,1.998213,24.733140,0.011488,False,
16061,1070.666667,364,366,2.157657,16.971628,0.325445,False,
16061,1070.666667,365,366,0.585028,7.761511,0.950402,True,
16071,1071.333333,356,358,2.488141,140.917765,0.985472,False,
16071,1071.333333,356,359,3.112822,132.962082,0.994820,False,
16071,1071.333333,356,362,1.502253,35.073406,0.718173,False,
16071,1071.333333,356,363,1.919343,35.749689,0.837624,False,
16071,1071.333333,356,364,0.725064,49.169681,0.967312,False,
16071,1071.333333,356,365,2.664021,24.603792,0.618604,False,
16071,1071.333333,356,366,2.416477,31.208863,0.299638,False,1.509575
16071,1071.333333,358,359,0.662500,7.955683,0.858178,True,
16071,1071.333333,358,362,1.291128,175.991171,0.988456,False,
16071,1071.333333,358,363,0.791387,176.667454,0.998882,False,
16071,1071.333333,358,364,1.823878,169.912553,0.982322,False,
16071,1071.333333,358,365,3.351860,165.521557,0.945996,False,
16071,1071.333333,358,366,3.629475,172.126628,0.234039,False,
16071,1071.333333,359,362,1.782740,168.035488,0.663918,False,
16071,1071.333333,359,363,1.266131,168.711771,0.562843,False,
16071,1071.333333,359,364,2.471840,177.868237,0.985722,False,
16071,1071.333333,359,365,3.940105,157.565874,0.873407,False,
16071,1071.333333,359,366,4.259190,164.170945,0.394348,False,
16071,1071.333333,362,363,0.519024,0.676283,0.999963,True,
16071,1071.333333,362,364,1.113584,14.096275,0.476419,False,
16071,1071.333333,362,365,3.399882,10.469614,0.097318,False,
16071,1071.333333,362,366,3.430057,3.864543,0.152212,False,
16071,1071.333333,363,364,1.384005,13.419993,0.759865,True,
16071,1071.333333,363,365,3.430900,11.145897,0.058686,False,
16071,1071.333333,363,366,3.561384,4.540826,0.297194,False,
16071,1071.333333,364,365,2.398726,24.565889,0.114501,False,
16071,1071.333333,364,366,2.341710,17.960818,0.207902,False,
16071,1071.333333,365,366,0.680922,6.605071,0.996877,True,
16081,1072.000000,356,358,2.388364,83.833361,0.998137,False,
16081,1072.000000,356,359,3.032592,88.885821,0.990547,False,
16081,1072.000000,356,362,1.952403,86.012520,0.542345,False,
16081,1072.000000,356,363,2.316639,82.217813,0.666564,False,
16081,1072.000000,356,364,0.760077,107.298470,0.884652,False,
16081,1072.000000,356,365,2.215656,79.816086,0.658117,False,
16081,1072.000000,356,366,1.890397,80.219894,0.406271,False,
16081,1072.000000,358,359,0.709458,5.052460,0.889456,True,0.877922
16081,1072.000000,358,362,1.893162,169.845881,0.998017,False,
16081,1072.000000,358,363,1.523467,166.051174,0.996820,False,
16081,1072.000000,358,364,1.897841,168.868169,0.608481,False,
16081,1072.000000,358,365,2.365433,163.649447,0.643546,False,
16081,1072.000000,358,366,2.733905,164.053255,0.539402,False,
16081,1072.000000,359,362,2.124816,174.898341,0.993231,False,
16081,1072.000000,359,363,1.603899,171.103635,0.931866,False,
16081,1072.000000,359,364,2.459488,163.815708,0.624154,False,
16081,1072.000000,359,365,3.012853,168.701907,0.619310,False,
16081,1072.000000,359,366,3.425287,169.105716,0.603805,False,
16081,1072.000000,361,364,6.480831,107.298470,0.002954,False,3.206144
16081,1072.000000,362,363,0.596534,3.794707,1.000000,True,
16081,1072.000000,362,364,1.204616,21.285950,0.636507,False,
16081,1072.000000,362,365,3.462586,6.196434,0.113171,False,
16081,1072.000000,362,366,3.468246,5.792626,0.087306,False,
16081,1072.000000,363,364,1.560320,25.080657,0.849090,False,
16081,1072.000000,363,365,3.458351,2.401728,0.024858,False,
16081,1072.000000,363,366,3.579223,1.997919,0.217387,False,
16081,1072.000000,364,365,2.511646,27.482385,0.147452,False,
16081,1072.000000,364,366,2.372139,27.078576,0.132132,False,
16081,1072.000000,365,366,0.680114,0.403809,0.997146,True,
16091,1072.666667,356,358,2.552829,80.616809,0.949184,False,
16091,1072.666667,356,359,2.970556,82.035498,0.987568,False,
16091,1072.666667,356,362,2.470121,84.118711,0.415069,False,
16091,1072.666667,356,363,2.768535,85.012668,0.598221,False,
16091,1072.666667,356,364,1.356426,103.661192,0.434964,False,
16091,1072.666667,356,365,1.831165,82.550747,0.766535,False,
16091,1072.666667,356,366,1.428709,79.767343,0.541092,False,
16091,1072.666667,358,359,0.563704,1.418689,0.877535,True,
16091,1072.666667,358,362,2.829789,164.735520,0.990177,False,
16091,1072.666667,358,363,2.555577,165.629477,0.940229,False,
16091,1072.666667,358,364,2.823995,175.721999,0.521419,False,
16091,1072.666667,358,365,1.596135,163.167555,0.260811,False,
16091,1072.666667,358,366,2.179055,160.384152,0.077984,False,
16091,1072.666667,359,362,2.781755,166.154209,0.983770,False,
16091,1072.666667,359,363,2.402897,167.048165,1.000000,False,
16091,1072.666667,359,364,3.020028,174.303311,0.615651,False,
16091,1072.666667,359,365,2.159802,164.586244,0.409826,False,
16091,1072.666667,359,366,2.732502,161.802841,0.249482,False,
16091,1072.666667,361,364,5.653705,103.661192,0.065740,False,2.649596
16091,1072.666667,362,363,0.596119,0.893957,0.999914,True,
16091,1072.666667,362,364,1.256425,19.542481,0.823918,True,
16091,1072.666667,362,365,3.478455,1.567964,0.112548,False,
16091,1072.666667,362,366,3.520975,4.351368,0.061091,False,
16091,1072.666667,363,364,1.724748,18.648524,0.941461,True,
16091,1072.666667,363,365,3.467086,2.461921,0.066946,False,
16091,1072.666667,363,366,3.625214,5.245324,0.231230,False,
16091,1072.666667,364,365,2.839457,21.110445,0.253817,False,
16091,1072.666667,364,366,2.658884,23.893848,0.034915,False,
16091,1072.666667,365,366,0.692594,2.783403,0.993546,True,1.318206
16101,1073.333333,356,358,2.689251,86.907225,0.928343,False,
16101,1073.333333,356,359,3.188218,71.282439,0.876663,False,
16101,1073.333333,356,362,3.022265,89.620534,0.421132,False,
16101,1073.333333,356,363,3.250774,84.427395,0.491490,False,
16101,1073.333333,356,364,2.062110,99.846271,0.250662,False,
16101,1073.333333,356,365,1.515231,86.444546,0.878268,False,
16101,1073.333333,356,366,0.981100,80.025376,0.793961,False,
16101,1073.333333,358,359,0.667675,15.624786,0.961010,True,
16101,1073.333333,358,362,3.809222,176.527759,0.525138,False,
16101,1073.333333,358,363,3.591332,171.334620,0.679663,False,
16101,1073.333333,358,364,3.765448,173.246504,0.311028,False,
16101,1073.333333,358,365,1.264882,173.351771,0.844659,False,
16101,1073.333333,358,366,1.888262,166.932601,0.835860,False,
16101,1073.333333,359,362,3.772444,160.902973,0.999994,False,
16101,1073.333333,359,363,3.461437,155.709834,0.999235,False,
16101,1073.333333,359,364,3.955693,171.128710,0.859575,False,
16101,1073.333333,359,365,1.872849,157.726985,0.110915,False,
16101,1073.333333,359,366,2.481128,151.307815,0.398852,False,
16101,1073.333333,361,362,4.815464,89.620534,0.566088,False,
16101,1073.333333,361,364,4.924235,99.846271,0.153459,False,
16101,1073.333333,362,363,0.578462,5.193139,0.997586,True,
16101,1073.333333,362,364,1.311503,10.225737,0.900143,True,
16101,1073.333333,362,365,3.538381,3.175987,0.031066,False,
16101,1073.333333,362,366,3.511526,9.595157,0.085180,False,
16101,1073.333333,363,364,1.802548,15.418876,0.957512,True,
16101,1073.333333,363,365,3.516645,2.017151,0.085656,False,
16101,1073.333333,363,366,3.591725,4.402019,0.202321,False,
16101,1073.333333,364,365,3.070669,13.401725,0.295256,False,
16101,1073.333333,364,366,2.821579,19.820894,0.166540,False,
16101,1073.333333,365,366,0.624996,6.419170,0.999942,True,0.160503
16111,1074.000000,356,362,3.556561,88.510319,0.329297,False,
16111,1074.000000,356,363,3.810137,85.147143,0.440026,False,
16111,1074.000000,356,364,2.784699,97.894931,0.148633,False,
16111,1074.000000,356,365,1.330816,75.490280,0.997762,False,
16111,1074.000000,356,366,0.775130,88.520252,0.999958,False,
16111,1074.000000,361,362,4.316101,88.510319,0.638105,False,
16111,1074.000000,361,363,4.824001,85.147143,0.756375,False,
16111,1074.000000,361,364,4.191071,97.894931,0.211449,False,
16111,1074.000000,361,367,4.266371,92.150504,0.999026,False,
16111,1074.000000,362,363,0.704420,3.363176,0.999599,True,
16111,1074.000000,362,364,1.340820,9.384612,0.938744,True,
16111,1074.000000,362,365,3.573489,13.020039,0.156486,False,
16111,1074.000000,362,366,3.388400,0.009933,0.116975,False,
16111,1074.000000,362,367,3.777198,179.339177,0.120041,False,
16111,1074.000000,362,368,4.306249,175.518499,0.748827,False,
16111,1074.000000,363,364,1.987800,12.747788,0.978165,True,
16111,1074.000000,363,365,3.573891,9.656863,0.013495,False,
16111,1074.000000,363,366,3.501223,3.373109,0.285570,False,
16111,1074.000000,363,367,3.594945,177.297647,0.986445,False,
16111,1074.000000,363,368,4.013574,172.155323,0.729548,False,
16111,1074.000000,364,365,3.288701,22.404651,0.427665,False,
16111,1074.000000,364,366,2.908138,9.374679,0.192783,False,
16111,1074.000000,364,367,4.868058,169.954565,0.995661,False,
16111,1074.000000,365,366,0.576510,13.029972,0.969535,True,
16111,1074.000000,365,367,7.164592,167.640784,0.983495,False,2.291692
16111,1074.000000,367,368,0.806981,5.142325,0.981362,True,
16121,1074.666667,356,362,4.090722,83.464736,0.212989,False,
16121,1074.666667,356,363,4.315381,90.430396,0.462074,False,
16121,1074.666667,356,364,3.444487,97.179309,0.117849,False,
16121,1074.666667,356,365,1.629737,85.521080,0.953326,False,
16121,1074.666667,356,366,0.810900,92.210283,0.874442,False,
16121,1074.666667,356,369,3.030757,0.000000,0.000000,False,
16121,1074.666667,356,371,3.540446,0.000000,0.000000,False,
16121,1074.666667,361,362,3.945001,83.464736,0.769511,False,
16121,1074.666667,361,363,4.434906,90.430396,0.755875,False,
16121,1074.666667,361,364,3.556236,97.179309,0.271002,False,
16121,1074.666667,361,367,4.281351,92.237860,0.995674,False,
16121,1074.666667,362,363,0.645389,6.965660,0.999986,True,0.267699
16121,1074.666667,362,364,1.411487,13.714572,0.958831,True,
16121,1074.666667,362,365,3.512618,2.056344,0.170166,False,
16121,1074.666667,362,366,3.507792,8.745547,0.140710,False,
16121,1074.666667,362,367,2.741144,175.702596,0.985592,False,
16121,1074.666667,362,368,3.416818,172.168643,0.982090,False,
16121,1074.666667,363,364,2.029267,6.748913,0.992109,True,
16121,1074.666667,363,365,3.493173,4.909316,0.071560,False,
16121,1074.666667,363,366,3.650221,1.779887,0.369328,False,
16121,1074.666667,363,367,2.472518,177.331744,0.952682,False,
16121,1074.666667,363,368,3.032963,179.134303,0.971511,False,
16121,1074.666667,364,365,3.472077,11.658228,0.438492,False,
16121,1074.666667,364,366,3.108050,4.969026,0.145183,False,
16121,1074.666667,364,367,3.941347,170.582831,0.998997,False,
16121,1074.666667,364,368,4.703552,174.116784,0.999996,False,
16121,1074.666667,365,366,0.895433,6.689203,0.999455,True,
16121,1074.666667,365,369,4.175709,85.521080,0.583351,False,
16121,1074.666667,365,371,4.624003,85.521080,0.532464,False,
16121,1074.666667,366,369,3.708041,92.210283,0.518618,False,
16121,1074.666667,366,371,4.198556,92.210283,0.478723,False,
16121,1074.666667,367,368,0.863514,3.533953,0.974065,True,
16121,1074.666667,369,371,0.523060,0.000000,0.000000,False,
16131,1075.333333,356,362,4.627929,87.492684,0.256787,False,
16131,1075.333333,356,363,4.844973,90.517709,0.410986,False,
16131,1075.333333,356,364,4.162463,94.585593,0.046007,False,
16131,1075.333333,356,365,1.723473,96.509381,0.875739,False,
16131,1075.333333,356,366,1.277060,86.996884,0.530492,False,
16131,1075.333333,356,369,3.030757,0.000000,0.000000,False,
16131,1075.333333,356,371,3.540446,0.000000,0.000000,False,
16131,1075.333333,361,362,3.619506,87.492684,0.798387,False,
16131,1075.333333,361,363,4.063641,90.517709,0.821718,False,
16131,1075.333333,361,364,2.856655,94.585593,0.370520,False,
16131,1075.333333,361,367,4.371078,88.752051,0.959721,False,
16131,1075.333333,362,363,0.568592,3.025024,0.998827,True,
16131,1075.333333,362,364,1.545881,7.092909,0.990621,True,
16131,1075.333333,362,365,3.418739,9.016697,0.032844,False,
16131,1075.333333,362,366,3.432937,0.495800,0.141668,False,
16131,1075.333333,362,367,1.845306,176.244735,0.782712,False,
16131,1075.333333,362,368,2.637610,175.322782,0.971873,False,
16131,1075.333333,363,364,2.110710,4.067884,0.996749,True,
16131,1075.333333,363,365,3.479979,5.991673,0.218151,False,
16131,1075.333333,363,366,3.601331,3.520825,0.317686,False,
16131,1075.333333,363,367,1.435823,179.269759,0.431850,False,
16131,1075.333333,363,368,2.151083,178.347806,0.870499,False,
16131,1075.333333,364,365,3.520282,1.923788,0.352532,False,
16131,1075.333333,364,366,3.235008,7.588709,0.247576,False,
16131,1075.333333,364,367,3.278849,176.662356,0.972262,False,
16131,1075.333333,364,368,4.123741,177.584309,0.983409,False,
16131,1075.333333,365,366,0.673695,9.512497,0.994684,True,0.283283
16131,1075.333333,365,367,4.796969,174.738568,0.895982,False,
16131,1075.333333,365,369,4.571140,96.509381,0.640549,False,
16131,1075.333333,366,367,4.991733,175.748935,0.451559,False,
16131,1075.333333,366,369,4.282403,86.996884,0.381581,False,
16131,1075.333333,366,371,4.782385,86.996884,0.349981,False,
16131,1075.333333,367,368,0.874151,0.921953,0.991900,True,
16131,1075.333333,369,371,0.523060,0.000000,0.000000,False,
16141,1076.000000,356,365,2.169582,110.989293,0.707669,False,
16141,1076.000000,356,366,1.795772,109.535104,0.502595,False,
16141,1076.000000,356,369,3.030757,160.131671,0.751602,False,
16141,1076.000000,356,371,3.540446,160.131671,0.774778,False,
16141,1076.000000,356,372,2.612280,101.094220,0.364854,False,
16141,1076.000000,356,373,3.122891,98.551059,0.426373,False,
16141,1076.000000,361,362,3.271255,89.076785,0.857723,False,
16141,1076.000000,361,363,3.755190,92.312102,0.876892,False,
16141,1076.000000,361,364,2.072157,88.832369,0.621071,False,
16141,1076.000000,361,367,4.595549,91.438174,0.937907,False,
16141,1076.000000,362,363,0.587346,3.235317,0.996529,True,
16141,1076.000000,362,364,1.526710,0.244415,0.999489,True,
16141,1076.000000,362,365,3.375808,0.197748,0.040054,False,
16141,1076.000000,362,366,3.420320,1.256440,0.173318,False,
16141,1076.000000,362,367,1.490669,179.485041,0.999455,False,
16141,1076.000000,362,368,2.358155,175.217786,0.779437,False,
16141,1076.000000,363,364,2.109546,3.479733,0.999839,True,
16141,1076.000000,363,365,3.468619,3.433066,0.157983,False,
16141,1076.000000,363,366,3.624537,1.978877,0.353337,False,
16141,1076.000000,363,367,0.906324,176.249724,0.877202,False,
16141,1076.000000,363,368,1.771469,178.453104,0.976543,False,
16141,1076.000000,364,365,3.804572,0.046667,0.438601,False,
16141,1076.000000,364,366,3.560549,1.500856,0.264906,False,
16141,1076.000000,364,367,3.015681,179.729457,0.999919,False,
16141,1076.000000,364,368,3.879779,174.973371,0.943189,False,
16141,1076.000000,365,366,0.688119,1.454188,0.999975,True,
16141,1076.000000,365,367,3.682747,179.682790,0.429342,False,
16141,1076.000000,365,368,4.179599,175.020038,0.359098,False,
16141,1076.000000,365,372,3.754374,9.895073,0.047020,False,
16141,1076.000000,365,373,4.021439,12.438234,0.059654,False,
16141,1076.000000,366,367,3.989442,178.228601,0.417050,False,
16141,1076.000000,366,368,4.583582,176.474226,0.982930,False,
16141,1076.000000,366,369,4.824399,90.333225,0.391465,False,
16141,1076.000000,366,372,3.837500,8.440884,0.116039,False,
16141,1076.000000,366,373,4.189916,10.984046,0.203798,False,
16141,1076.000000,367,368,0.870359,5.297172,0.995252,True,
16141,1076.000000,369,371,0.523060,0.000000,0.000000,False,
16141,1076.000000,369,372,2.699406,98.774109,0.994601,False,
16141,1076.000000,369,373,3.188171,101.317271,0.998682,False,
16141,1076.000000,371,372,2.936323,98.774109,0.963829,False,
16141,1076.000000,371,373,3.367794,101.317271,0.995132,False,
16141,1076.000000,372,373,0.587087,2.543161,0.844849,True,
16151,1076.666667,356,365,2.730062,108.431002,0.640458,False,
16151,1076.666667,356,366,2.346543,107.518600,0.457256,False,
16151,1076.666667,356,369,2.966318,160.131671,0.767930,False,
16151,1076.666667,356,371,3.478633,160.131671,0.788545,False,
16151,1076.666667,356,372,2.159903,108.254618,0.625898,False,
16151,1076.666667,356,373,2.634627,109.191781,0.706298,False,
16151,1076.666667,356,374,1.807839,114.419993,0.226139,False,0.767509
16151,1076.666667,361,362,2.986820,89.984966,0.941752,False,
16151,1076.666667,361,363,3.449820,93.110928,0.941836,False,
16151,1076.666667,361,364,1.687033,84.101041,0.830659,False,
16151,1076.666667,361,367,4.771569,93.214654,0.903956,False,
16151,1076.666667,362,363,0.495291,3.125962,0.999754,False,
16151,1076.666667,362,364,1.516953,5.883925,0.995062,True,5.845856
16151,1076.666667,362,365,3.482795,1.452362,0.004534,False,
16151,1076.666667,362,366,3.614099,2.364764,0.206687,False,
16151,1076.666667,362,367,1.877707,176.800380,0.483039,False,
16151,1076.666667,362,368,2.618076,171.819108,0.335035,False,
16151,1076.666667,363,364,2.012244,9.009887,0.997212,True,6.160145
16151,1076.666667,363,365,3.537823,1.673600,0.171941,False,
16151,1076.666667,363,366,3.761183,0.761199,0.356444,False,
16151,1076.666667,363,367,1.570672,173.674418,0.321860,False,
16151,1076.666667,363,368,2.197682,168.693146,0.240706,False,
16151,1076.666667,364,365,3.741537,7.336287,0.448924,False,
16151,1076.666667,364,366,3.576555,8.248689,0.265947,False,
16151,1076.666667,364,367,3.133852,177.315695,0.999879,False,
16151,1076.666667,364,368,4.013401,177.703033,0.879093,False,
16151,1076.666667,365,366,0.705891,0.912402,0.998048,True,
16151,1076.666667,365,367,2.590763,175.348019,0.986129,False,
16151,1076.666667,365,368,3.289796,170.366746,0.886977,False,
16151,1076.666667,365,372,3.808790,0.176384,0.029577,False,
16151,1076.666667,365,373,3.992948,0.760779,0.105324,False,
16151,1076.666667,365,374,4.198694,5.988991,0.241463,False,6.355399
16151,1076.666667,366,367,3.067708,174.435617,0.999750,False,
16151,1076.666667,366,368,3.860210,169.454344,0.869862,False,
16151,1076.666667,366,372,3.804775,0.736018,0.147935,False,
16151,1076.666667,366,373,4.074424,1.673181,0.268276,False,
16151,1076.666667,366,374,3.994782,6.901393,0.085965,False,
16151,1076.666667,367,368,0.977615,4.981272,0.975326,True,2.873536
16151,1076.666667,369,371,0.523060,0.000000,0.000000,False,
16151,1076.666667,369,372,2.814872,91.613711,0.908916,False,
16151,1076.666667,369,373,3.219377,90.676548,0.944684,False,
16151,1076.666667,369,374,1.714006,85.448336,0.754965,False,
16151,1076.666667,371,372,3.134815,91.613711,0.842153,False,
16151,1076.666667,371,373,3.489426,90.676548,0.892510,False,
16151,1076.666667,371,374,2.109966,85.448336,0.625397,False,
16151,1076.666667,372,373,0.527076,0.937163,0.950504,True,
16151,1076.666667,372,374,1.167675,6.165375,0.974279,True,
16151,1076.666667,373,374,1.651143,5.228212,0.996412,True,
16161,1077.333333,356,365,3.250982,75.061317,0.525996,False,
16161,1077.333333,356,366,3.024367,72.493833,0.373112,False,
16161,1077.333333,356,367,4.858895,106.408177,0.541264,False,
16161,1077.333333,356,369,2.966318,164.844027,0.996482,False,
16161,1077.333333,356,371,3.478633,164.844027,0.998696,False,
16161,1077.333333,356,372,1.727811,71.673072,0.843151,False,
16161,1077.333333,356,373,2.370949,79.082016,0.896038,False,
16161,1077.333333,356,374,1.033713,78.594633,0.426127,False,0.297800
16161,1077.333333,356,375,2.685334,73.963754,0.144203,False,
16161,1077.333333,356,376,3.124198,73.897853,0.347355,False,
16161,1077.333333,356,377,3.442656,75.944193,0.517831,False,
16161,1077.333333,361,362,2.805817,92.275061,0.984058,False,
16161,1077.333333,361,363,3.322830,86.994370,0.997103,False,
16161,1077.333333,361,364,1.430062,84.574212,0.989369,False,
16161,1077.333333,361,365,4.792858,89.782710,0.592004,False,
16161,1077.333333,361,366,4.380731,92.350194,0.446246,False,
16161,1077.333333,362,363,0.518005,5.280691,0.997844,True,
16161,1077.333333,362,364,1.390700,7.700849,0.999986,True,
16161,1077.333333,362,365,3.484739,2.492351,0.004998,False,
16161,1077.333333,362,366,3.511386,0.075133,0.228782,False,
16161,1077.333333,362,367,2.841764,178.977143,0.235448,False,
16161,1077.333333,362,368,3.228371,159.252981,0.761556,False,
16161,1077.333333,363,364,1.908445,2.420158,0.999459,True,
16161,1077.333333,363,365,3.479588,2.788340,0.108466,False,
16161,1077.333333,363,366,3.609574,5.355824,0.322940,False,
16161,1077.333333,363,367,2.586136,175.742165,0.968385,False,
16161,1077.333333,363,368,2.873158,164.533672,0.868593,False,
16161,1077.333333,364,365,3.812553,5.208498,0.428224,False,
16161,1077.333333,364,366,3.570492,7.775982,0.240393,False,
16161,1077.333333,364,367,3.769594,173.322007,0.909756,False,
16161,1077.333333,364,368,4.320061,166.953830,0.512638,False,
16161,1077.333333,365,366,0.709661,2.567484,0.997537,True,
16161,1077.333333,365,367,1.721193,178.530506,0.633417,False,
16161,1077.333333,365,368,2.412488,161.745332,0.504325,False,
16161,1077.333333,365,372,3.624361,3.388245,0.012687,False,
16161,1077.333333,365,373,3.977778,4.020699,0.194270,False,
16161,1077.333333,365,374,3.967651,3.533317,0.232801,False,5.904224
16161,1077.333333,366,367,2.312931,178.902011,0.975000,False,
16161,1077.333333,366,368,3.046196,159.177848,0.399237,False,
16161,1077.333333,366,372,3.738851,0.820761,0.155876,False,
16161,1077.333333,366,373,4.182262,6.588183,0.333526,False,
16161,1077.333333,366,374,3.873236,6.100800,0.074300,False,
16161,1077.333333,367,368,0.765124,19.724162,0.963630,True,0.297644
16161,1077.333333,367,372,4.836505,178.081250,0.470584,False,
16161,1077.333333,368,373,5.263677,165.766031,0.986906,False,1.533226
16161,1077.333333,368,377,6.986136,162.628208,0.697961,False,2.290812
16161,1077.333333,369,371,0.523060,0.000000,0.000000,False,
16161,1077.333333,369,372,3.285982,93.170955,0.816066,False,
16161,1077.333333,369,373,3.588750,85.762011,0.836504,False,
16161,1077.333333,369,374,2.347035,86.249394,0.562950,False,
16161,1077.333333,369,375,1.719306,90.880273,0.995208,False,
16161,1077.333333,369,376,2.427110,90.946174,0.999879,False,
16161,1077.333333,369,377,3.016107,88.899834,0.999882,False,
16161,1077.333333,371,372,3.679255,93.170955,0.754800,False,
16161,1077.333333,371,373,3.921409,85.762011,0.772787,False,
16161,1077.333333,371,374,2.809669,86.249394,0.481949,False,
16161,1077.333333,371,375,1.913100,90.880273,0.933543,False,
16161,1077.333333,371,376,2.547901,90.946174,0.982105,False,
16161,1077.333333,371,377,3.124440,88.899834,0.983444,False,
16161,1077.333333,372,373,0.643709,7.408944,0.883616,True,
16161,1077.333333,372,374,1.143905,6.921561,0.983285,True,
16161,1077.333333,372,375,2.042057,2.290682,0.458517,False,
16161,1077.333333,372,376,2.047390,2.224781,0.110329,False,
16161,1077.333333,372,377,2.103571,4.271121,0.187163,False,
16161,1077.333333,373,374,1.697360,0.487382,0.999991,True,
16161,1077.333333,373,375,2.105702,5.118262,0.652121,False,
16161,1077.333333,373,376,1.877185,5.184163,0.346249,False,
16161,1077.333333,373,377,1.755256,3.137823,0.020037,False,
16161,1077.333333,374,375,1.675603,4.630879,0.193581,False,
16161,1077.333333,374,376,2.091603,4.696780,0.501023,False,
16161,1077.333333,374,377,2.435199,2.650441,0.681310,False,
16161,1077.333333,375,376,0.744032,0.065901,0.961885,True,
16161,1077.333333,375,377,1.323933,1.980439,0.988212,True,
16161,1077.333333,376,377,0.589142,2.046340,0.999756,True,
16171,1078.000000,356,365,3.852380,73.472339,0.510169,False,
16171,1078.000000,356,366,3.536193,71.000823,0.384531,False,
16171,1078.000000,356,367,4.468208,105.328932,0.556891,False,
16171,1078.000000,356,368,4.857820,89.350347,0.389788,False,
16171,1078.000000,356,369,2.959601,163.307985,0.999728,False,
16171,1078.000000,356,371,3.474957,163.307985,0.999990,False,
16171,1078.000000,356,372,1.544571,65.790673,0.936441,False,
16171,1078.000000,356,373,2.252108,75.684540,0.966604,False,
16171,1078.000000,356,374,0.582724,72.523791,0.967488,False,
16171,1078.000000,356,375,2.300749,74.849402,0.228415,False,
16171,1078.000000,356,376,2.780054,75.777987,0.456482,False,
16171,1078.000000,356,377,3.145260,74.582595,0.580701,False,
16171,1078.000000,356,378,2.740432,163.307985,0.749527,False,
16171,1078.000000,361,362,2.772252,86.995889,0.991806,False,
16171,1078.000000,361,363,3.377052,86.080413,0.991255,False,
16171,1078.000000,361,364,1.613925,83.365067,0.852613,False,
16171,1078.000000,361,365,4.306259,89.835646,0.662329,False,
16171,1078.000000,361,366,3.902078,92.307162,0.499584,False,
16171,1078.000000,361,378,4.239794,0.000000,0.000000,False,
16171,1078.000000,362,363,0.605865,0.915476,0.997477,True,
16171,1078.000000,362,364,1.382090,3.630822,0.967364,True,
16171,1078.000000,362,365,3.444954,2.839757,0.049755,False,
16171,1078.000000,362,366,3.573965,5.311273,0.184277,False,
16171,1078.000000,362,367,3.904609,178.358972,0.874861,False,
16171,1078.000000,362,368,4.113355,165.662443,0.889383,False,
16171,1078.000000,363,364,1.961289,2.715346,0.989804,True,
16171,1078.000000,363,365,3.490297,3.755233,0.114903,False,
16171,1078.000000,363,366,3.742743,6.226749,0.327526,False,
16171,1078.000000,363,367,3.727978,177.443496,0.543179,False,
16171,1078.000000,363,368,3.863240,166.577919,0.712639,False,
16171,1078.000000,364,365,4.148920,6.470579,0.396093,False,
16171,1078.000000,364,366,4.025693,8.942095,0.205849,False,
16171,1078.000000,364,367,4.932899,174.728150,0.770617,False,
16171,1078.000000,365,366,0.761720,2.471516,0.997770,True,
16171,1078.000000,365,367,1.385790,178.801271,0.943431,False,
16171,1078.000000,365,368,1.914215,162.822686,0.078374,False,
16171,1078.000000,365,372,3.688632,7.681666,0.087389,False,
16171,1078.000000,365,373,3.983975,2.212201,0.168612,False,
16171,1078.000000,365,374,3.740481,0.948548,0.287060,False,
16171,1078.000000,365,378,2.948341,89.835646,0.939163,False,
16171,1078.000000,366,367,2.136131,176.329755,0.394943,False,
16171,1078.000000,366,368,2.668303,160.351170,0.070584,False,
16171,1078.000000,366,372,3.683851,5.210150,0.095896,False,
16171,1078.000000,366,373,4.102246,4.683717,0.329662,False,
16171,1078.000000,366,374,3.537618,1.522968,0.106492,False,4.193398
16171,1078.000000,366,378,2.221633,92.307162,0.922341,False,
16171,1078.000000,367,368,0.534144,15.978585,0.977728,True,
16171,1078.000000,367,372,3.801210,171.119605,0.987231,False,
16171,1078.000000,367,373,3.843093,178.986528,0.043755,False,
16171,1078.000000,367,374,4.183452,177.852723,0.647170,False,
16171,1078.000000,367,378,4.227053,91.363083,0.975879,False,
16171,1078.000000,368,372,4.056587,155.141019,0.862680,False,
16171,1078.000000,368,373,4.008383,165.034887,1.000000,False,
16171,1078.000000,368,374,4.530544,161.874138,0.974821,False,
16171,1078.000000,368,377,5.843875,163.932942,0.633279,False,1.950395
16171,1078.000000,368,378,4.755550,107.341668,0.886216,False,
16171,1078.000000,369,371,0.523060,0.000000,0.000000,False,
16171,1078.000000,369,372,3.585903,97.517313,0.772465,False,
16171,1078.000000,369,373,3.918385,87.623445,0.771302,False,
16171,1078.000000,369,374,3.099311,90.784194,0.492883,False,
16171,1078.000000,369,375,1.821817,88.458583,0.923863,False,
16171,1078.000000,369,376,2.465632,87.529998,0.971977,False,
16171,1078.000000,369,377,3.063620,88.725390,0.983835,False,
16171,1078.000000,371,372,4.022238,97.517313,0.722037,False,
16171,1078.000000,371,373,4.301237,87.623445,0.713195,False,
16171,1078.000000,371,374,3.591400,90.784194,0.445960,False,
16171,1078.000000,371,375,2.120500,88.458583,0.818704,False,
16171,1078.000000,371,376,2.677764,87.529998,0.911600,False,
16171,1078.000000,371,377,3.250212,88.725390,0.944391,False,
16171,1078.000000,372,373,0.720903,9.893867,0.920855,True,
16171,1078.000000,372,374,0.962635,6.733118,0.986760,True,
16171,1078.000000,372,375,2.105322,9.058729,0.413795,False,
16171,1078.000000,372,376,2.144478,9.987314,0.068787,False,
16171,1078.000000,372,377,2.215170,8.791923,0.198326,False,
16171,1078.000000,372,378,3.792040,97.517313,0.608111,False,
16171,1078.000000,373,374,1.669813,3.160749,0.979730,True,
16171,1078.000000,373,375,2.227531,0.835138,0.610503,False,
16171,1078.000000,373,376,2.017416,0.093447,0.309051,False,
16171,1078.000000,373,377,1.887536,1.101944,0.018218,False,
16171,1078.000000,373,378,4.458367,87.623445,0.779139,False,
16171,1078.000000,374,375,2.076346,2.325611,0.101539,False,
16171,1078.000000,374,376,2.426352,3.254196,0.388353,False,
16171,1078.000000,374,377,2.712106,2.058804,0.565064,False,
16171,1078.000000,374,378,3.106601,90.784194,0.542952,False,
16171,1078.000000,375,376,0.739275,0.928585,0.979035,True,
16171,1078.000000,375,377,1.335200,0.266807,0.994663,True,
16171,1078.000000,376,377,0.606290,1.195392,0.999120,True,0.262156
16181,1078.666667,356,365,4.431418,174.403643,0.351272,False,
16181,1078.666667,356,366,4.169711,171.093774,0.252053,False,
16181,1078.666667,356,367,4.037667,9.514215,0.758627,False,
16181,1078.666667,356,368,4.368936,1.305568,0.678501,False,
16181,1078.666667,356,369,2.961612,97.328893,0.171837,False,
16181,1078.666667,356,371,3.478083,97.328893,0.146380,False,
16181,1078.666667,356,372,1.593108,167.791659,0.986715,False,
16181,1078.666667,356,373,2.329379,174.135963,0.992897,False,
16181,1078.666667,356,374,0.952011,166.272695,0.670989,False,
16181,1078.666667,356,375,1.932788,175.654033,0.479743,False,
16181,1078.666667,356,376,2.470002,176.539243,0.688455,False,
16181,1078.666667,356,377,2.872312,179.278000,0.822065,False,
16181,1078.666667,356,378,2.711083,46.066036,0.920170,False,
16181,1078.666667,361,362,2.956518,84.242483,0.928728,False,
16181,1078.666667,361,363,3.507969,85.399789,0.941574,False,
16181,1078.666667,361,364,2.132435,81.955349,0.646839,False,
16181,1078.666667,361,365,3.839768,88.267464,0.756209,False,
16181,1078.666667,361,366,3.351149,91.577334,0.594516,False,
16181,1078.666667,361,378,4.239794,143.394929,0.812641,False,
16181,1078.666667,362,363,0.553885,1.157307,0.964596,True,
16181,1078.666667,362,364,1.386131,2.287133,0.947580,True,
16181,1078.666667,362,365,3.414330,4.024981,0.057432,False,
16181,1078.666667,362,366,3.540060,7.334851,0.190070,False,
16181,1078.666667,363,364,1.863353,3.444440,0.987188,True,
16181,1078.666667,363,365,3.556396,2.867675,0.103637,False,
16181,1078.666667,363,366,3.789393,6.177544,0.325843,False,
16181,1078.666667,363,367,4.983514,173.214467,0.985077,False,
16181,1078.666667,364,365,4.201343,6.312115,0.378374,False,
16181,1078.666667,364,366,4.083374,9.621984,0.178100,False,
16181,1078.666667,365,366,0.761678,3.309869,0.998588,True,
16181,1078.666667,365,367,1.951437,176.082142,0.974310,False,
16181,1078.666667,365,368,2.235511,173.098076,0.572283,False,
16181,1078.666667,365,372,3.694560,6.611984,0.055950,False,
16181,1078.666667,365,373,3.934308,0.267680,0.197810,False,
16181,1078.666667,365,374,3.510614,8.130948,0.361486,False,
16181,1078.666667,365,378,3.206529,128.337607,0.943738,False,
16181,1078.666667,366,367,2.516176,179.392011,0.867494,False,
16181,1078.666667,366,368,2.854058,169.788206,0.584785,False,
16181,1078.666667,366,372,3.710731,3.302115,0.120457,False,
16181,1078.666667,366,373,4.095343,3.042189,0.348953,False,
16181,1078.666667,366,374,3.311097,4.821079,0.177452,False,
16181,1078.666667,366,378,2.557402,125.027738,0.914500,False,
16181,1078.666667,367,368,0.410441,10.819782,0.992757,False,
16181,1078.666667,367,372,2.711419,177.305874,0.967388,False,
16181,1078.666667,367,373,2.560053,176.349822,0.119606,False,
16181,1078.666667,367,374,3.117700,175.786910,0.922444,False,
16181,1078.666667,367,375,4.928216,174.831752,0.671114,False,
16181,1078.666667,367,376,4.805642,173.946542,0.621507,False,
16181,1078.666667,367,377,4.674061,171.207785,0.734389,False,
16181,1078.666667,367,378,4.112376,55.580251,0.977035,False,
16181,1078.666667,368,372,2.975481,166.486091,0.986266,False,
16181,1078.666667,368,373,2.725319,172.830395,0.623069,False,
16181,1078.666667,368,374,3.465883,164.967127,0.984414,False,
16181,1078.666667,368,376,4.968952,175.233675,0.593455,False,
16181,1078.666667,368,377,4.793430,177.972432,0.999996,False,
16181,1078.666667,368,378,4.522763,44.760469,0.921535,False,
16181,1078.666667,369,371,0.523060,0.000000,0.000000,False,
16181,1078.666667,369,372,4.048059,94.879448,0.662305,False,
16181,1078.666667,369,373,4.427670,88.535145,0.703476,False,
16181,1078.666667,369,374,3.879572,96.398413,0.467747,False,
16181,1078.666667,369,375,2.049943,87.017074,0.816203,False,
16181,1078.666667,369,376,2.640182,86.131865,0.908476,False,
16181,1078.666667,369,377,3.178055,83.393108,0.915443,False,
16181,1078.666667,371,372,4.511692,94.879448,0.618807,False,
16181,1078.666667,371,373,4.846303,88.535145,0.653778,False,
16181,1078.666667,371,374,4.388649,96.398413,0.441818,False,
16181,1078.666667,371,375,2.417561,87.017074,0.708572,False,
16181,1078.666667,371,376,2.923833,86.131865,0.831212,False,
16181,1078.666667,371,377,3.427982,83.393108,0.850683,False,
16181,1078.666667,372,373,0.802179,6.344304,0.966809,True,
16181,1078.666667,372,374,1.055384,1.518964,0.901098,True,
16181,1078.666667,372,375,2.259308,7.862374,0.328628,False,
16181,1078.666667,372,376,2.311528,8.747584,0.002562,False,
16181,1078.666667,372,377,2.396832,11.486341,0.262882,False,
16181,1078.666667,372,378,3.348228,121.725623,0.540241,False,
16181,1078.666667,373,374,1.854457,7.863268,0.939940,True,
16181,1078.666667,373,375,2.453396,1.518071,0.566593,False,
16181,1078.666667,373,376,2.247770,2.403280,0.283011,False,
16181,1078.666667,373,377,2.136185,5.142037,0.010750,False,
16181,1078.666667,373,378,4.091405,128.069927,0.717302,False,
16181,1078.666667,374,375,2.533366,9.381339,0.066463,False,
16181,1078.666667,374,376,2.868404,10.266548,0.317926,False,
16181,1078.666667,374,377,3.124438,13.005305,0.491529,False,
16181,1078.666667,374,378,2.366090,120.206659,0.462497,False,
16181,1078.666667,375,376,0.751479,0.885209,0.988773,True,
16181,1078.666667,375,377,1.314395,3.623966,0.999333,True,
16181,1078.666667,375,378,4.643086,129.587997,0.122361,False,
16181,1078.666667,376,377,0.569657,2.738757,0.996270,True,
16191,1079.333333,356,366,4.925250,179.180554,0.166672,False,
16191,1079.333333,356,367,3.792343,4.293741,0.829127,False,
16191,1079.333333,356,368,4.211184,8.647446,0.861417,False,
16191,1079.333333,356,369,2.857908,91.228602,0.295455,False,
16191,1079.333333,356,371,3.372743,91.228602,0.266898,False,
16191,1079.333333,356,372,1.839440,176.464481,0.816142,False,
16191,1079.333333,356,373,2.474859,175.651963,0.938087,False,
16191,1079.333333,356,374,1.751523,173.573368,0.332229,False,
16191,1079.333333,356,375,1.462514,179.055625,0.576037,False,
16191,1079.333333,356,376,2.066505,179.004904,0.762027,False,
16191,1079.333333,356,377,2.568856,177.298423,0.907680,False,
16191,1079.333333,356,378,2.773694,41.478445,0.845181,False,
16191,1079.333333,361,362,3.143150,90.355413,0.916224,False,
16191,1079.333333,361,363,3.753471,85.368001,0.890121,False,
16191,1079.333333,361,364,2.779103,79.455161,0.448976,False,
16191,1079.333333,361,365,3.472045,87.548515,0.853198,False,
16191,1079.333333,361,366,2.846697,89.590844,0.724207,False,
16191,1079.333333,361,378,4.438526,132.707046,0.645873,False,
16191,1079.333333,362,363,0.616871,4.987412,0.956757,True,
16191,1079.333333,362,364,1.514517,10.900252,0.847652,True,
16191,1079.333333,362,365,3.213239,2.806897,0.023275,False,
16191,1079.333333,362,366,3.357687,0.764569,0.244226,False,
16191,1079.333333,363,364,1.949066,5.912840,0.964536,True,
16191,1079.333333,363,365,3.421754,2.180514,0.111975,False,
16191,1079.333333,363,366,3.696772,4.222843,0.348793,False,
16191,1079.333333,364,365,4.319337,8.093355,0.392474,False,
16191,1079.333333,364,366,4.206660,10.135683,0.186690,False,
16191,1079.333333,365,366,0.835680,2.042329,0.997278,True,
16191,1079.333333,365,367,2.986530,174.483376,0.881134,False,
16191,1079.333333,365,368,2.962941,170.129671,0.860437,False,
16191,1079.333333,365,372,3.757351,4.758402,0.060174,False,
16191,1079.333333,365,373,3.918124,5.570920,0.141011,False,
16191,1079.333333,365,374,3.435662,7.649515,0.401435,False,
16191,1079.333333,365,378,3.961147,139.744438,0.891297,False,
16191,1079.333333,366,367,3.420456,176.525705,0.791215,False,
16191,1079.333333,366,368,3.486212,172.172000,0.867464,False,
16191,1079.333333,366,372,3.756117,2.716073,0.145087,False,
16191,1079.333333,366,373,4.085686,3.528591,0.324791,False,
16191,1079.333333,366,374,3.178129,5.607186,0.183800,False,
16191,1079.333333,366,378,3.324092,137.702110,0.818632,False,
16191,1079.333333,367,368,0.418979,4.353705,0.868210,False,
16191,1079.333333,367,372,1.955464,179.241778,0.730203,False,
16191,1079.333333,367,373,1.464610,179.945704,0.595484,False,
16191,1079.333333,367,374,2.713106,177.867109,0.999676,False,
16191,1079.333333,367,375,4.090228,176.650634,0.752746,False,
16191,1079.333333,367,376,3.873737,176.701355,0.632205,False,
16191,1079.333333,367,377,3.607986,173.004682,0.888718,False,
16191,1079.333333,367,378,4.455841,45.772186,0.993555,False,
16191,1079.333333,368,372,2.374430,174.888073,0.677125,False,
16191,1079.333333,368,373,1.859512,175.700591,0.533618,False,
16191,1079.333333,368,374,3.102378,177.779186,0.977553,False,
16191,1079.333333,368,375,4.480197,172.296929,0.830199,False,
16191,1079.333333,368,376,4.232000,172.347650,0.862816,False,
16191,1079.333333,368,377,3.929022,168.650977,0.667964,False,
16191,1079.333333,368,378,4.798324,50.125891,0.989375,False,
16191,1079.333333,369,371,0.523060,0.000000,0.000000,False,
16191,1079.333333,369,372,4.511985,92.306917,0.553205,False,
16191,1079.333333,369,373,4.887927,93.119435,0.686653,False,
16191,1079.333333,369,374,4.604772,95.198030,0.368045,False,
16191,1079.333333,369,375,2.313156,89.715773,0.751697,False,
16191,1079.333333,369,376,2.836653,89.766494,0.872356,False,
16191,1079.333333,369,377,3.453403,86.069821,0.877595,False,
16191,1079.333333,371,372,4.994597,92.306917,0.517321,False,
16191,1079.333333,371,375,2.726145,89.715773,0.661428,False,
16191,1079.333333,371,376,3.174981,89.766494,0.799812,False,
16191,1079.333333,371,377,3.757344,86.069821,0.814913,False,
16191,1079.333333,372,373,0.824802,0.812518,0.980020,True,
16191,1079.333333,372,374,1.184339,2.891113,0.845614,True,
16191,1079.333333,372,375,2.414042,2.591144,0.267245,False,
16191,1079.333333,372,376,2.483262,2.540423,0.034252,False,
16191,1079.333333,372,377,2.539577,6.237096,0.321881,False,
16191,1079.333333,372,378,3.101008,134.986036,0.729264,False,
16191,1079.333333,373,374,1.980892,2.078595,0.909683,True,
16191,1079.333333,373,375,2.625674,3.403662,0.563183,False,
16191,1079.333333,373,376,2.449792,3.352941,0.306105,False,
16191,1079.333333,373,377,2.286976,7.049614,0.010627,False,
16191,1079.333333,373,378,3.903352,134.173518,0.779237,False,
16191,1079.333333,374,375,2.934743,5.482257,0.095978,False,
16191,1079.333333,374,376,3.261866,5.431536,0.308523,False,
16191,1079.333333,374,377,3.495287,9.128209,0.500362,False,
16191,1079.333333,374,378,1.922545,132.094923,0.781916,False,
16191,1079.333333,375,376,0.747143,0.050721,0.983063,True,
16191,1079.333333,375,377,1.392610,3.645952,0.999906,True,
16191,1079.333333,375,378,4.232593,137.577180,0.144005,False,
16191,1079.333333,376,377,0.660272,3.696673,0.990194,True,
16191,1079.333333,376,378,4.771704,137.526459,0.262827,False,
16201,1080.000000,356,367,3.553716,31.287213,0.867159,False,
16201,1080.000000,356,368,4.087266,22.337406,0.931106,False,
16201,1080.000000,356,369,2.729052,60.312558,0.746819,False,
16201,1080.000000,356,371,3.243627,60.312558,0.725478,False,
16201,1080.000000,356,372,2.407667,151.732604,0.611179,False,
16201,1080.000000,356,373,2.910985,154.892044,0.804809,False,
16201,1080.000000,356,374,2.702879,151.528990,0.142432,False,
16201,1080.000000,356,375,1.037112,144.217843,0.910681,False,
16201,1080.000000,356,376,1.752409,149.139252,0.938856,False,
16201,1080.000000,356,377,2.319698,153.441743,0.960134,False,
16201,1080.000000,356,378,2.783452,39.651850,0.530237,False,
16201,1080.000000,361,362,3.443821,92.332073,0.845590,False,
16201,1080.000000,361,363,4.005308,90.379237,0.870773,False,
16201,1080.000000,361,364,3.596258,75.540349,0.299005,False,
16201,1080.000000,361,365,3.153584,89.074724,0.920601,False,
16201,1080.000000,361,366,2.373922,86.349510,0.903742,False,
16201,1080.000000,361,374,4.562810,91.216432,0.324945,False,
16201,1080.000000,361,378,4.543181,99.964408,0.128360,False,
16201,1080.000000,362,363,0.640827,1.952836,0.999457,True,
16201,1080.000000,362,364,1.444130,16.791724,0.739159,True,
16201,1080.000000,362,365,3.233963,3.257348,0.002359,False,
16201,1080.000000,362,366,3.197422,5.982563,0.227276,False,
16201,1080.000000,363,364,1.900886,14.838888,0.903173,True,
16201,1080.000000,363,365,3.323693,1.304513,0.172665,False,
16201,1080.000000,363,366,3.440134,4.029728,0.378819,False,
16201,1080.000000,364,365,4.443246,13.534376,0.366230,False,
16201,1080.000000,364,366,4.209065,10.809161,0.213953,False,
16201,1080.000000,365,366,0.816579,2.725215,0.993143,True,2.808275
16201,1080.000000,365,367,4.107351,179.325505,0.283193,False,
16201,1080.000000,365,368,4.053395,171.724688,0.983920,False,
16201,1080.000000,365,372,3.794452,2.345321,0.060570,False,
16201,1080.000000,365,373,3.865925,5.504761,0.105557,False,
16201,1080.000000,365,374,3.277306,2.141707,0.403560,False,
16201,1080.000000,365,378,4.490737,170.960868,0.715746,False,
16201,1080.000000,366,367,4.551034,177.949281,0.720590,False,
16201,1080.000000,366,368,4.578281,168.999474,0.967007,False,
16201,1080.000000,366,372,3.959995,5.070536,0.169116,False,
16201,1080.000000,366,373,4.178285,8.229976,0.310011,False,
16201,1080.000000,366,374,3.172033,4.866922,0.142541,False,
16201,1080.000000,366,378,4.084466,173.686082,0.539430,False,
16201,1080.000000,367,368,0.533744,8.949807,0.900618,True,
16201,1080.000000,367,372,1.574112,176.980183,0.847674,False,
16201,1080.000000,367,373,0.817508,173.820743,0.887873,False,
16201,1080.000000,367,374,2.803695,177.183797,0.903181,False,
16201,1080.000000,367,375,3.234214,175.505056,0.997944,False,
16201,1080.000000,367,376,2.911248,179.573535,0.427530,False,
16201,1080.000000,367,377,2.553799,175.271044,0.562009,False,
16201,1080.000000,367,378,4.486231,8.364637,0.997145,False,
16201,1080.000000,368,372,2.046281,174.070010,0.248112,False,
16201,1080.000000,368,373,1.300524,177.229450,0.954980,False,
16201,1080.000000,368,374,3.192115,173.866396,0.997838,False,
16201,1080.000000,368,375,3.744498,166.555249,0.949390,False,
16201,1080.000000,368,376,3.379894,171.476658,0.970711,False,
16201,1080.000000,368,377,2.970328,175.779149,0.873839,False,
16201,1080.000000,368,378,4.924549,17.314444,0.991019,False,
16201,1080.000000,369,371,0.523060,0.000000,0.000000,False,
16201,1080.000000,369,375,2.659996,83.905285,0.568947,False,
16201,1080.000000,369,376,3.099290,88.826694,0.784856,False,
16201,1080.000000,369,377,3.680221,93.129185,0.872551,False,
16201,1080.000000,371,375,3.109943,83.905285,0.490321,False,
16201,1080.000000,371,376,3.485761,88.826694,0.713988,False,
16201,1080.000000,371,377,4.034614,93.129185,0.819491,False,
16201,1080.000000,372,373,0.756615,3.159440,0.994248,True,
16201,1080.000000,372,374,1.344803,0.203614,0.799146,True,
16201,1080.000000,372,375,2.539653,7.514761,0.211960,False,
16201,1080.000000,372,376,2.607392,2.593352,0.036562,False,
16201,1080.000000,372,377,2.613278,1.709139,0.247657,False,
16201,1080.000000,372,378,2.920138,168.615546,0.960201,False,
16201,1080.000000,373,374,2.023553,3.363054,0.892458,True,
16201,1080.000000,373,375,2.788118,10.674201,0.497157,False,
16201,1080.000000,373,376,2.645993,5.752792,0.282861,False,
16201,1080.000000,373,377,2.465255,1.450301,0.073813,False,
16201,1080.000000,373,378,3.671745,165.456106,0.951516,False,
16201,1080.000000,374,375,3.278094,7.311146,0.170676,False,
16201,1080.000000,374,376,3.595160,2.389737,0.328637,False,
16201,1080.000000,374,377,3.767102,1.912753,0.457426,False,
16201,1080.000000,374,378,1.797496,168.819160,0.997568,False,
16201,1080.000000,375,376,0.748228,4.921409,0.991695,True,1.808661
16201,1080.000000,375,377,1.371862,9.223900,0.999982,True,3.702337
16201,1080.000000,375,378,3.738295,176.130307,0.657751,False,
16201,1080.000000,376,377,0.644762,4.302491,0.990534,True,0.567329
16201,1080.000000,376,378,4.323545,171.208898,0.643670,False,
16201,1080.000000,377,378,4.719814,166.906407,0.651219,False,
16211,1080.666667,356,367,3.222863,39.110399,0.889762,False,
16211,1080.666667,356,368,3.774031,45.268252,0.936761,False,
16211,1080.666667,356,369,2.801445,127.991173,0.313562,False,
16211,1080.666667,356,371,3.314263,127.991173,0.345475,False,
16211,1080.666667,356,372,2.787573,139.674980,0.621447,False,
16211,1080.666667,356,373,3.279169,136.786575,0.776103,False,
16211,1080.666667,356,374,3.402322,143.466198,0.151077,False,
16211,1080.666667,356,375,0.915686,148.910662,0.995961,False,
16211,1080.666667,356,376,1.581236,143.013189,0.953242,False,
16211,1080.666667,356,377,2.141271,139.884912,0.966887,False,
16211,1080.666667,356,378,2.608562,30.046511,0.798656,False,
16211,1080.666667,361,362,3.831435,89.935477,0.734802,False,
16211,1080.666667,361,363,4.321725,88.027451,0.779660,False,
16211,1080.666667,361,365,2.972448,87.548515,0.984969,False,
16211,1080.666667,361,366,2.247328,87.638755,0.959155,False,
16211,1080.666667,361,374,3.851521,88.542629,0.430348,False,
16211,1080.666667,361,378,4.776254,97.944662,0.086052,False,
16211,1080.666667,361,379,4.838707,99.987081,0.999976,False,
16211,1080.666667,362,363,0.642398,1.908026,0.999979,True,
16211,1080.666667,362,365,3.234930,2.386962,0.048171,False,
16211,1080.666667,362,366,3.390721,2.296722,0.182722,False,
16211,1080.666667,362,379,3.974191,170.077442,0.982207,False,
16211,1080.666667,363,365,3.274695,0.478936,0.131946,False,
16211,1080.666667,363,366,3.570869,0.388696,0.337844,False,
16211,1080.666667,363,379,3.696615,171.985468,0.836480,False,
16211,1080.666667,365,366,0.780346,0.090240,0.988446,True,
16211,1080.666667,365,372,3.848361,4.785331,0.072859,False,
16211,1080.666667,365,373,3.773092,7.673737,0.089452,False,
16211,1080.666667,365,374,3.173710,0.994114,0.390130,False,
16211,1080.666667,365,379,1.871010,172.464404,0.807868,False,
16211,1080.666667,366,372,3.783401,4.695091,0.130528,False,
16211,1080.666667,366,373,3.858753,7.583497,0.289044,False,
16211,1080.666667,366,374,2.849037,0.903874,0.164111,False,
16211,1080.666667,366,378,4.692885,174.416583,0.506351,False,
16211,1080.666667,366,379,2.636100,172.374164,0.714955,False,
16211,1080.666667,367,368,0.552501,6.157853,0.972172,True,
16211,1080.666667,367,372,2.017573,178.785379,0.706701,False,
16211,1080.666667,367,373,1.571840,175.896974,0.330954,False,
16211,1080.666667,367,374,3.432725,177.423404,0.839606,False,
16211,1080.666667,367,375,2.448495,171.978939,0.507636,False,
16211,1080.666667,367,376,2.076116,177.876413,0.999221,False,
16211,1080.666667,367,377,1.618898,178.995310,0.323956,False,
16211,1080.666667,367,378,4.573935,9.063888,0.984303,False,
16211,1080.666667,367,379,4.841323,11.106306,0.012706,False,
16211,1080.666667,368,372,2.379618,175.056768,0.912369,False,
16211,1080.666667,368,373,1.806466,177.945173,0.811663,False,
16211,1080.666667,368,374,3.761663,171.265551,0.990101,False,
16211,1080.666667,368,375,2.987019,165.821086,0.810352,False,
16211,1080.666667,368,376,2.574806,171.718560,0.997567,False,
16211,1080.666667,368,377,2.070409,174.846837,0.982006,False,
16211,1080.666667,368,379,4.642195,17.264159,0.043867,False,
16211,1080.666667,369,371,0.523060,0.000000,0.000000,False,
16211,1080.666667,369,375,3.155742,83.098164,0.486967,False,
16211,1080.666667,369,376,3.431450,88.995638,0.716479,False,
16211,1080.666667,369,377,3.953554,92.123915,0.801867,False,
16211,1080.666667,369,378,4.804339,97.944662,0.251381,False,
16211,1080.666667,371,375,3.623292,83.098164,0.425262,False,
16211,1080.666667,371,376,3.849889,88.995638,0.653627,False,
16211,1080.666667,371,377,4.345992,92.123915,0.749273,False,
16211,1080.666667,372,373,0.736605,2.888405,0.998466,True,
16211,1080.666667,372,374,1.419209,3.791217,0.735236,True,
16211,1080.666667,372,375,2.555586,9.235682,0.146034,False,
16211,1080.666667,372,376,2.722352,3.338208,0.054006,False,
16211,1080.666667,372,377,2.699591,0.209932,0.246723,False,
16211,1080.666667,372,378,2.881171,169.721491,0.999801,False,
16211,1080.666667,372,379,4.193102,167.679072,0.311982,False,
16211,1080.666667,373,374,1.978310,6.679623,0.884944,True,
16211,1080.666667,373,375,2.862871,12.124088,0.417375,False,
16211,1080.666667,373,376,2.858699,6.226614,0.236250,False,
16211,1080.666667,373,377,2.679011,3.098337,0.055199,False,
16211,1080.666667,373,378,3.617644,166.833086,0.997743,False,
16211,1080.666667,373,379,3.786413,164.790667,0.856819,False,
16211,1080.666667,374,375,3.522666,5.444465,0.229670,False,
16211,1080.666667,374,376,3.875844,0.453009,0.339621,False,
16211,1080.666667,374,377,3.983605,3.581286,0.456434,False,
16211,1080.666667,374,378,2.208385,173.512709,0.830293,False,
16211,1080.666667,374,379,4.144892,171.470290,0.824067,False,
16211,1080.666667,375,376,0.674079,5.897474,0.972980,True,0.671906
16211,1080.666667,375,377,1.225881,9.025751,0.999850,True,3.085679
16211,1080.666667,375,378,3.277314,178.957174,0.805076,False,
16211,1080.666667,376,377,0.594256,3.128277,0.978731,True,
16211,1080.666667,376,378,3.897479,173.059700,0.744276,False,
16211,1080.666667,377,378,4.297534,169.931423,0.759445,False,
16221,1081.333333,356,367,3.334913,39.199275,0.912965,False,
16221,1081.333333,356,368,3.945117,44.937380,0.951722,False,
16221,1081.333333,356,369,2.538794,132.750402,0.432690,False,
16221,1081.333333,356,371,3.055569,132.750402,0.458671,False,
16221,1081.333333,356,372,3.668069,138.632489,0.478182,False,
16221,1081.333333,356,373,4.149376,137.696928,0.597751,False,
16221,1081.333333,356,374,4.485737,133.411937,0.258190,False,
16221,1081.333333,356,375,1.290990,135.019311,0.932118,False,
16221,1081.333333,356,376,1.801148,134.081115,0.996810,False,
16221,1081.333333,356,377,2.394586,133.130935,0.998651,False,
16221,1081.333333,356,378,2.544072,12.302231,0.899853,False,
16221,1081.333333,361,362,4.334910,88.484220,0.634067,False,
16221,1081.333333,361,363,4.774362,84.950190,0.674297,False,
16221,1081.333333,361,365,2.939820,94.571478,0.997883,False,
16221,1081.333333,361,366,2.141673,89.244486,0.994216,False,
16221,1081.333333,361,372,4.611471,88.617109,0.586790,False,
16221,1081.333333,361,373,4.889891,89.552669,0.677868,False,
16221,1081.333333,361,374,3.116757,93.837660,0.459787,False,
16221,1081.333333,361,378,4.941853,120.448171,0.460594,False,
16221,1081.333333,361,379,4.907781,94.898622,0.967176,False,
16221,1081.333333,362,363,0.682649,3.534031,0.999866,True,
16221,1081.333333,362,365,3.236640,6.087258,0.003184,False,
16221,1081.333333,362,366,3.155868,0.760266,0.204353,False,
16221,1081.333333,363,365,3.237364,9.621288,0.180015,False,
16221,1081.333333,363,366,3.328560,4.294297,0.373672,False,
16221,1081.333333,365,366,0.822817,5.326992,0.974789,True,
16221,1081.333333,365,372,3.855197,5.954369,0.113188,False,
16221,1081.333333,365,373,3.680350,5.018809,0.058281,False,
16221,1081.333333,365,374,3.015305,0.733818,0.503354,False,
16221,1081.333333,365,379,2.386105,170.529900,0.870302,False,
16221,1081.333333,366,372,4.029263,0.627378,0.137944,False,
16221,1081.333333,366,373,3.993156,0.308183,0.299265,False,
16221,1081.333333,366,374,2.913808,4.593174,0.205871,False,
16221,1081.333333,366,379,3.102490,175.856892,0.066819,False,
16221,1081.333333,367,368,0.611444,5.738105,0.976835,True,
16221,1081.333333,367,372,2.917306,177.831764,0.472619,False,
16221,1081.333333,367,373,2.764305,176.896203,0.212020,False,
16221,1081.333333,367,374,4.420491,172.611212,0.375731,False,
16221,1081.333333,367,375,2.107392,174.218586,0.191270,False,
16221,1081.333333,367,376,1.534449,173.280390,0.027599,False,
16221,1081.333333,367,377,0.944124,172.330210,0.136617,False,
16221,1081.333333,367,378,4.695472,26.897043,0.998585,False,
16221,1081.333333,367,379,4.574988,1.347495,0.003856,False,7.057205
16221,1081.333333,368,372,3.201365,176.430131,0.913797,False,
16221,1081.333333,368,373,2.920830,177.365692,0.702267,False,
16221,1081.333333,368,374,4.710855,178.349317,0.593667,False,
16221,1081.333333,368,375,2.717257,179.956691,0.993672,False,
16221,1081.333333,368,376,2.144074,179.018495,0.939925,False,
16221,1081.333333,368,377,1.551653,178.068316,0.877520,False,
16221,1081.333333,368,379,4.441492,7.085600,0.084176,False,
16221,1081.333333,369,371,0.523060,0.000000,0.000000,False,
16221,1081.333333,369,375,3.593702,92.230287,0.551859,False,
16221,1081.333333,369,376,3.809545,93.168483,0.694224,False,
16221,1081.333333,369,377,4.298253,94.118662,0.762614,False,
16221,1081.333333,369,378,4.641371,120.448171,0.607650,False,
16221,1081.333333,371,375,4.077381,92.230287,0.507748,False,
16221,1081.333333,371,376,4.255768,93.168483,0.643874,False,
16221,1081.333333,371,377,4.720271,94.118662,0.716468,False,
16221,1081.333333,372,373,0.694554,0.935561,0.962612,True,
16221,1081.333333,372,374,1.510917,5.220552,0.641177,False,
16221,1081.333333,372,375,2.709062,3.613178,0.168549,False,
16221,1081.333333,372,376,2.865247,4.551374,0.051910,False,
16221,1081.333333,372,377,2.838085,5.501554,0.250313,False,
16221,1081.333333,372,378,3.092152,150.934720,0.994417,False,
16221,1081.333333,372,379,2.942032,176.484269,0.135520,False,
16221,1081.333333,373,374,1.925084,4.284991,0.851141,True,
16221,1081.333333,373,375,3.061191,2.677617,0.376732,False,
16221,1081.333333,373,376,3.077376,3.615813,0.178932,False,
16221,1081.333333,373,377,2.913976,4.565993,0.003939,False,
16221,1081.333333,373,378,3.782766,149.999160,0.996772,False,
16221,1081.333333,373,379,2.382836,175.548709,0.419922,False,
16221,1081.333333,374,375,3.844494,1.607374,0.087757,False,
16221,1081.333333,374,376,4.162255,0.669178,0.222061,False,
16221,1081.333333,374,377,4.248342,0.281002,0.350121,False,
16221,1081.333333,374,378,2.944142,145.714169,0.836549,False,
16221,1081.333333,374,379,3.175308,171.263718,0.908117,False,
16221,1081.333333,375,376,0.651672,0.938196,0.942954,True,
16221,1081.333333,375,377,1.206327,1.888376,0.994219,True,
16221,1081.333333,375,378,2.873017,147.321542,0.486753,False,
16221,1081.333333,376,377,0.593899,0.950180,0.989095,True,
16221,1081.333333,376,378,3.505211,146.383346,0.480687,False,
16221,1081.333333,377,378,3.969203,145.433167,0.553459,False,
16231,1082.000000,356,367,3.033965,162.252821,0.998012,False,
16231,1082.000000,356,368,3.675213,161.602061,0.998222,False,
16231,1082.000000,356,369,2.655926,67.149270,0.078025,False,
16231,1082.000000,356,371,3.170912,67.149270,0.109432,False,
16231,1082.000000,356,372,4.223810,23.766599,0.304328,False,
16231,1082.000000,356,373,4.663079,18.387691,0.352783,False,
16231,1082.000000,356,375,1.488915,25.002706,0.608507,False,
16231,1082.000000,356,376,1.827007,25.007682,0.848832,False,
16231,1082.000000,356,377,2.391701,25.978695,0.885622,False,
16231,1082.000000,356,378,2.434277,157.826273,0.958248,False,
16231,1082.000000,361,365,2.907020,93.878633,0.975392,False,
16231,1082.000000,361,366,2.332958,92.377593,0.936515,False,
16231,1082.000000,361,372,4.060039,90.915868,0.640329,False,
16231,1082.000000,361,373,4.449757,85.536961,0.803406,False,
16231,1082.000000,361,374,2.242450,84.945721,0.710260,False,
16231,1082.000000,365,366,0.641200,1.501040,0.984749,True,0.719778
16231,1082.000000,365,372,3.910212,2.962764,0.076653,False,
16231,1082.000000,365,373,3.794360,8.341672,0.155021,False,
16231,1082.000000,365,374,2.874480,8.932912,0.452766,False,
16231,1082.000000,365,379,3.728276,176.445715,0.956434,False,
16231,1082.000000,366,372,4.015780,1.461725,0.096408,False,
16231,1082.000000,366,373,4.013990,6.840632,0.319628,False,
16231,1082.000000,366,374,2.712948,7.431872,0.230624,False,
16231,1082.000000,366,379,4.141670,177.946755,0.781550,False,
16231,1082.000000,367,368,0.641257,0.650760,0.985209,True,
16231,1082.000000,367,369,4.753125,95.103551,0.757147,False,
16231,1082.000000,367,372,3.991352,173.980580,0.018524,False,
16231,1082.000000,367,373,3.933225,179.359488,0.231326,False,
16231,1082.000000,367,375,2.224320,172.744473,0.888103,False,
16231,1082.000000,367,376,1.548168,172.739497,0.809133,False,
16231,1082.000000,367,377,1.144360,171.768484,0.948473,False,
16231,1082.000000,367,378,4.938090,39.920906,0.999719,False,
16231,1082.000000,367,379,4.383968,5.427900,0.070974,False,
16231,1082.000000,368,372,4.225561,174.631341,0.003790,False,
16231,1082.000000,368,373,4.058518,179.989752,0.428734,False,
16231,1082.000000,368,375,2.806006,173.395233,0.960171,False,
16231,1082.000000,368,376,2.132862,173.390257,0.922148,False,
16231,1082.000000,368,377,1.651617,172.419244,0.966187,False,
16231,1082.000000,368,379,4.305862,4.777139,0.072194,False,
16231,1082.000000,369,371,0.523060,0.000000,0.000000,False,
16231,1082.000000,369,375,4.070697,92.151976,0.478993,False,
16231,1082.000000,369,376,4.180746,92.156952,0.614339,False,
16231,1082.000000,369,377,4.636992,93.127965,0.688564,False,
16231,1082.000000,369,378,4.366183,135.024458,0.830191,False,
16231,1082.000000,371,375,4.568126,92.151976,0.445741,False,
16231,1082.000000,371,376,4.647536,92.156952,0.571228,False,
16231,1082.000000,371,378,4.865186,135.024458,0.810747,False,
16231,1082.000000,372,373,0.725827,5.378908,0.969336,True,
16231,1082.000000,372,374,1.817804,5.970148,0.689799,False,
16231,1082.000000,372,375,2.871198,1.236107,0.209871,False,
16231,1082.000000,372,376,3.073850,1.241084,0.006007,False,
16231,1082.000000,372,377,3.006532,2.212096,0.187231,False,
16231,1082.000000,372,378,3.861466,134.059674,0.989136,False,
16231,1082.000000,372,379,2.087567,179.408480,0.886990,False,
16231,1082.000000,373,374,2.259798,0.591240,0.886970,True,
16231,1082.000000,373,375,3.226489,6.615015,0.357634,False,
16231,1082.000000,373,376,3.286861,6.619991,0.158743,False,
16231,1082.000000,373,377,3.090918,7.591004,0.004692,False,
16231,1082.000000,373,378,4.542971,139.438582,0.981948,False,
16231,1082.000000,373,379,1.368092,175.212612,0.935099,False,
16231,1082.000000,374,375,4.238497,7.206255,0.196276,False,
16231,1082.000000,374,376,4.622106,7.211231,0.316958,False,
16231,1082.000000,374,377,4.682676,8.182244,0.425827,False,
16231,1082.000000,374,378,4.062576,140.029822,0.703149,False,
16231,1082.000000,374,379,3.255755,174.621373,0.578590,False,
16231,1082.000000,375,376,0.676400,0.004976,0.914047,True,
16231,1082.000000,375,377,1.195616,0.975989,0.990196,True,
16231,1082.000000,375,378,2.730611,132.823567,0.585259,False,
16231,1082.000000,375,379,4.297422,178.172372,0.534310,False,
16231,1082.000000,376,377,0.579067,0.971013,0.980883,True,
16231,1082.000000,376,378,3.401453,132.818591,0.583461,False,
16231,1082.000000,376,379,4.185888,178.167396,0.388591,False,
16231,1082.000000,377,378,3.917750,131.847578,0.621429,False,
16231,1082.000000,377,379,3.834445,177.196383,0.246038,False,
16241,1082.666667,356,367,3.032165,162.281380,0.983078,False,
16241,1082.666667,356,368,3.624888,159.174548,0.978768,False,
16241,1082.666667,356,369,2.840899,68.730253,0.061846,False,
16241,1082.666667,356,371,3.356732,68.730253,0.089823,False,
16241,1082.666667,356,372,4.674425,22.118635,0.266932,False,
16241,1082.666667,356,375,1.681930,19.440285,0.494733,False,
16241,1082.666667,356,376,2.002603,24.438230,0.779627,False,
16241,1082.666667,356,377,2.532018,18.551010,0.788932,False,
16241,1082.666667,356,378,2.373230,159.573420,0.062433,False,
16241,1082.666667,361,365,3.194572,87.286109,0.867613,False,
16241,1082.666667,361,366,2.578672,94.726819,0.851575,False,
16241,1082.666667,361,372,3.521968,90.848887,0.725971,False,
16241,1082.666667,361,373,4.068004,87.783511,0.855038,False,
16241,1082.666667,361,374,2.069480,71.659672,0.971421,False,
16241,1082.666667,365,366,0.770130,7.440710,0.993376,True,
16241,1082.666667,365,372,3.847672,3.562779,0.050349,False,
16241,1082.666667,365,373,3.738657,0.497403,0.189441,False,
16241,1082.666667,365,374,2.777188,15.626437,0.200519,False,
16241,1082.666667,365,379,4.942380,177.148835,0.051970,False,
16241,1082.666667,366,372,3.945987,3.877932,0.082062,False,
16241,1082.666667,366,373,3.994052,6.943308,0.308655,False,
16241,1082.666667,366,374,2.646861,23.067147,0.013334,False,
16241,1082.666667,367,368,0.605531,3.106832,0.995631,True,
16241,1082.666667,367,369,4.441428,93.551127,0.835626,False,
16241,1082.666667,367,371,4.775332,93.551127,0.784457,False,
16241,1082.666667,367,375,2.765970,178.278336,0.963789,False,
16241,1082.666667,367,376,2.225367,173.280390,0.864382,False,
16241,1082.666667,367,377,2.024780,179.167610,0.980792,False,
16241,1082.666667,367,379,4.211287,3.688401,0.086831,False,
16241,1082.666667,368,369,4.991271,90.444296,0.890014,False,
16241,1082.666667,368,375,3.214615,178.614833,0.657227,False,
16241,1082.666667,368,376,2.625614,176.387222,0.994707,False,
16241,1082.666667,368,377,2.313415,177.725559,0.245957,False,
16241,1082.666667,368,379,4.150623,0.581569,0.033814,False,
16241,1082.666667,369,371,0.523060,0.000000,0.000000,False,
16241,1082.666667,369,375,4.475506,88.170537,0.378868,False,
16241,1082.666667,369,376,4.631218,93.168483,0.575046,False,
16241,1082.666667,369,378,4.280876,90.843168,0.250444,False,
16241,1082.666667,371,375,4.978676,88.170537,0.350688,False,
16241,1082.666667,371,378,4.772841,90.843168,0.212207,False,
16241,1082.666667,372,373,0.814056,3.065376,0.982630,True,
16241,1082.666667,372,374,1.534671,19.189215,0.678603,False,
16241,1082.666667,372,375,3.107060,2.678350,0.143396,False,
16241,1082.666667,372,376,3.231690,2.319596,0.017026,False,
16241,1082.666667,372,377,3.194636,3.567624,0.238574,False,
16241,1082.666667,372,378,4.459166,178.307945,0.754787,False,
16241,1082.666667,372,379,2.178877,179.288386,0.989061,False,
16241,1082.666667,373,374,1.999747,16.123840,0.914401,True,
16241,1082.666667,373,375,3.453699,0.387026,0.332607,False,
16241,1082.666667,373,376,3.429816,5.384971,0.189440,False,
16241,1082.666667,373,377,3.254137,0.502248,0.018465,False,
16241,1082.666667,373,379,1.535783,177.646238,0.098710,False,
16241,1082.666667,374,375,4.373773,16.510865,0.288880,False,
16241,1082.666667,374,376,4.622088,21.508811,0.380709,False,
16241,1082.666667,374,377,4.666087,15.621591,0.525955,False,
16241,1082.666667,374,378,4.940503,162.502839,0.143094,False,
16241,1082.666667,374,379,3.535253,161.522398,0.787243,False,
16241,1082.666667,375,376,0.641759,4.997946,0.967371,True,0.370536
16241,1082.666667,375,377,1.186700,0.889274,0.999978,True,
16241,1082.666667,375,378,2.838973,179.013705,0.999933,False,
16241,1082.666667,375,379,3.401027,178.033264,0.804874,False,
16241,1082.666667,376,377,0.575199,5.887220,0.980179,True,
16241,1082.666667,376,378,3.468286,175.988350,0.989515,False,
16241,1082.666667,376,379,3.095016,176.968791,0.471273,False,
16241,1082.666667,377,378,4.025652,178.124430,0.999546,False,
16241,1082.666667,377,379,2.687382,177.143990,0.623660,False,
16251,1083.333333,356,367,3.057697,45.786421,0.991701,False,
16251,1083.333333,356,368,3.726870,57.317605,0.965718,False,
16251,1083.333333,356,369,2.885129,145.201201,0.596161,False,
16251,1083.333333,356,371,3.399664,145.201201,0.619999,False,
16251,1083.333333,356,375,2.181274,121.591785,0.535681,False,
16251,1083.333333,356,376,2.260935,118.647455,0.775685,False,
16251,1083.333333,356,377,2.838682,126.300591,0.778307,False,
16251,1083.333333,356,378,2.181431,85.187336,0.593871,False,3.425170
16251,1083.333333,356,379,4.534524,56.782610,0.735435,False,
16251,1083.333333,356,380,3.791950,134.017570,0.478750,False,
16251,1083.333333,356,381,2.908310,171.029357,0.508210,False,
16251,1083.333333,361,365,3.534323,166.366354,0.827767,False,
16251,1083.333333,361,366,3.065351,160.355574,0.608754,False,
16251,1083.333333,361,372,3.131290,162.549119,0.856140,False,
16251,1083.333333,361,373,3.745567,161.835220,0.928111,False,
16251,1083.333333,361,374,1.970337,153.957680,0.994381,False,
16251,1083.333333,365,366,0.834569,6.010780,0.971574,True,1.660915
16251,1083.333333,365,372,3.803515,3.817235,0.078063,False,
16251,1083.333333,365,373,3.687041,4.531134,0.138811,False,
16251,1083.333333,365,374,2.416122,12.408674,0.301694,False,
16251,1083.333333,366,372,4.037962,2.193545,0.178101,False,
16251,1083.333333,366,373,4.079331,1.479646,0.372425,False,
16251,1083.333333,366,374,2.447325,6.397894,0.082947,False,
16251,1083.333333,367,368,0.697405,11.531184,0.999570,True,
16251,1083.333333,367,369,4.151815,99.414780,0.834884,False,
16251,1083.333333,367,371,4.446317,99.414780,0.775350,False,
16251,1083.333333,367,375,3.593053,167.378206,0.658424,False,
16251,1083.333333,367,376,3.108826,164.433876,0.898625,False,
16251,1083.333333,367,377,3.009440,172.087012,0.782819,False,
16251,1083.333333,367,379,4.073677,10.996189,0.075744,False,
16251,1083.333333,367,380,2.802088,179.803991,0.272449,False,
16251,1083.333333,368,369,4.788894,87.883596,0.949870,False,
16251,1083.333333,368,375,4.030966,178.909390,0.126768,False,
16251,1083.333333,368,376,3.499392,175.965060,0.988200,False,
16251,1083.333333,368,377,3.272238,176.381804,0.999516,False,
16251,1083.333333,368,379,4.064941,0.534995,0.008206,False,9.261067
16251,1083.333333,368,380,3.185605,168.664825,0.943791,False,
16251,1083.333333,369,371,0.523060,0.000000,0.000000,False,
16251,1083.333333,369,378,4.104593,60.013865,0.310993,False,
16251,1083.333333,369,380,2.527776,80.781229,0.990092,False,
16251,1083.333333,369,381,4.255531,25.828155,0.999662,False,
16251,1083.333333,371,378,4.601724,60.013865,0.346336,False,
16251,1083.333333,371,380,2.491350,80.781229,0.997728,False,
16251,1083.333333,371,381,4.708630,25.828155,0.996440,False,
16251,1083.333333,372,373,0.797169,0.713899,0.977512,True,
16251,1083.333333,372,374,1.684301,8.591439,0.480399,False,
16251,1083.333333,372,375,3.168654,3.890178,0.169266,False,
16251,1083.333333,372,376,3.383198,6.834508,0.023066,False,
16251,1083.333333,372,377,3.317032,0.818628,0.237779,False,
16251,1083.333333,372,378,4.967228,149.330701,0.468504,False,
16251,1083.333333,372,379,2.912328,177.735427,0.457657,False,
16251,1083.333333,373,374,2.008856,7.877540,0.786320,True,
16251,1083.333333,373,375,3.519607,4.604077,0.368911,False,
16251,1083.333333,373,376,3.610144,7.548407,0.232734,False,
16251,1083.333333,373,377,3.390157,0.104729,0.009652,False,
16251,1083.333333,373,379,2.576089,177.021528,0.813546,False,
16251,1083.333333,374,375,4.683796,12.481617,0.115565,False,
16251,1083.333333,374,376,4.982937,15.425947,0.203743,False,
16251,1083.333333,374,377,4.982470,7.772811,0.382054,False,
16251,1083.333333,374,379,4.530575,169.143988,0.988437,False,
16251,1083.333333,375,376,0.590818,2.944330,0.868652,True,
16251,1083.333333,375,377,1.211726,4.708806,0.994964,True,
16251,1083.333333,375,378,2.779764,153.220879,0.912624,False,
16251,1083.333333,375,379,2.680541,178.374395,0.886091,False,
16251,1083.333333,375,381,3.696694,67.378858,0.963231,False,
16251,1083.333333,376,377,0.687987,7.653136,0.984453,True,
16251,1083.333333,376,378,3.257565,156.165209,0.968039,False,
16251,1083.333333,376,379,2.321472,175.430065,0.699895,False,
16251,1083.333333,376,381,4.177805,70.323188,0.989885,False,
16251,1083.333333,377,378,3.943768,148.512073,0.907988,False,
16251,1083.333333,377,379,1.695845,176.916799,0.889612,False,
16251,1083.333333,377,381,4.864100,62.670052,0.962866,False,
16251,1083.333333,378,381,0.920335,85.842021,0.777251,False,
16261,1084.000000,356,367,3.260341,52.573379,0.959742,False,
16261,1084.000000,356,368,4.005559,58.644479,0.961395,False,
16261,1084.000000,356,369,2.770366,149.777424,0.684298,False,
16261,1084.000000,356,371,3.287705,149.777424,0.702713,False,
16261,1084.000000,356,375,2.741727,116.002689,0.506563,False,
16261,1084.000000,356,376,2.798980,118.995653,0.640765,False,
16261,1084.000000,356,377,3.380373,121.806607,0.708352,False,
16261,1084.000000,356,378,1.979637,70.109018,0.859633,False,
16261,1084.000000,356,379,4.270599,65.469222,0.857253,False,
16261,1084.000000,356,380,3.361645,130.851636,0.595241,False,
16261,1084.000000,356,381,2.783305,175.605579,0.896617,False,
16261,1084.000000,361,365,3.988993,157.096097,0.743966,False,
16261,1084.000000,361,366,3.696473,141.138973,0.384173,False,
16261,1084.000000,361,372,2.744481,154.193181,0.933139,False,
16261,1084.000000,361,373,3.490077,153.386408,0.972996,False,
16261,1084.000000,361,374,2.127577,142.566081,0.867327,False,
16261,1084.000000,361,375,4.708904,155.253223,0.401989,False,
16261,1084.000000,365,366,0.634817,15.957124,0.983723,True,0.069882
16261,1084.000000,365,372,3.820352,2.902916,0.122792,False,
16261,1084.000000,365,373,3.724104,3.709690,0.103506,False,
16261,1084.000000,365,374,2.315827,14.530016,0.295945,False,
16261,1084.000000,366,372,3.974896,13.054208,0.171859,False,
16261,1084.000000,366,373,4.006425,12.247435,0.378800,False,
16261,1084.000000,366,374,2.329894,1.427108,0.110238,False,8.698424
16261,1084.000000,367,368,0.821467,6.071100,0.996967,True,
16261,1084.000000,367,369,3.851877,97.204045,0.910412,False,
16261,1084.000000,367,371,4.097197,97.204045,0.856230,False,
16261,1084.000000,367,375,4.504831,168.576068,0.973145,False,
16261,1084.000000,367,376,4.075975,171.569032,0.954885,False,
16261,1084.000000,367,377,4.085188,174.379986,0.961827,False,
16261,1084.000000,367,379,3.909491,12.895843,0.180854,False,
16261,1084.000000,367,380,1.820204,176.574985,0.982152,False,
16261,1084.000000,368,369,4.643195,91.132945,0.964194,False,
16261,1084.000000,368,371,4.860120,91.132945,0.932817,False,
16261,1084.000000,368,375,4.909548,174.647168,0.284956,False,
16261,1084.000000,368,376,4.414136,177.640132,0.170205,False,
16261,1084.000000,368,377,4.289226,179.548915,0.416420,False,
16261,1084.000000,368,379,3.849303,6.824743,0.018424,False,
16261,1084.000000,368,380,2.436213,170.503885,0.137560,False,
16261,1084.000000,369,371,0.523060,0.000000,0.000000,False,
16261,1084.000000,369,378,3.901097,79.668405,0.029459,False,8.118156
16261,1084.000000,369,380,2.507885,79.370940,0.996066,False,
16261,1084.000000,369,381,4.257725,25.828155,0.999147,False,
16261,1084.000000,371,378,4.397969,79.668405,0.009996,False,9.316928
16261,1084.000000,371,380,2.577943,79.370940,0.957397,False,
16261,1084.000000,371,381,4.714573,25.828155,0.995184,False,
16261,1084.000000,372,373,0.833022,0.806774,0.990914,True,
16261,1084.000000,372,374,1.719960,11.627100,0.381072,False,
16261,1084.000000,372,375,3.364330,1.060042,0.223281,False,
16261,1084.000000,372,376,3.549511,1.932922,0.031940,False,
16261,1084.000000,372,377,3.442000,4.743876,0.196203,False,
16261,1084.000000,372,379,4.104257,177.468047,0.048014,False,
16261,1084.000000,373,374,2.025493,10.820326,0.728170,True,
16261,1084.000000,373,375,3.729372,1.866816,0.415907,False,
16261,1084.000000,373,376,3.784296,1.126149,0.240265,False,
16261,1084.000000,373,377,3.514832,3.937102,0.033984,False,
16261,1084.000000,373,379,3.903624,176.661273,0.281793,False,
16261,1084.000000,374,375,4.941407,12.687142,0.062299,False,
16261,1084.000000,375,376,0.616192,2.992964,0.909779,True,
16261,1084.000000,375,377,1.279848,5.803918,0.998515,True,
16261,1084.000000,375,378,2.933184,173.888293,0.890397,False,
16261,1084.000000,375,379,2.613794,178.528089,0.970307,False,
16261,1084.000000,375,381,3.699369,68.391732,0.940998,False,
16261,1084.000000,376,377,0.731480,2.810954,0.965873,True,
16261,1084.000000,376,378,3.359660,170.895328,0.920105,False,
16261,1084.000000,376,379,2.031737,175.535125,0.958013,False,
16261,1084.000000,376,381,4.173756,65.398768,0.957053,False,
16261,1084.000000,377,378,4.088243,168.084375,0.899627,False,
16261,1084.000000,377,379,1.337716,172.724171,0.847719,False,
16261,1084.000000,377,381,4.905231,62.587814,0.942630,False,
16261,1084.000000,378,381,0.887294,105.496561,0.885697,False,
16271,1084.666667,356,367,3.515659,58.647863,0.880119,False,
16271,1084.666667,356,368,4.150403,48.223587,0.858640,False,
16271,1084.666667,356,369,2.805509,40.578673,0.917679,False,
16271,1084.666667,356,371,3.322108,40.578673,0.906683,False,
16271,1084.666667,356,375,3.221021,126.208630,0.200260,False,
16271,1084.666667,356,376,3.252905,128.071486,0.414842,False,
16271,1084.666667,356,377,3.783054,127.964911,0.543571,False,
16271,1084.666667,356,378,1.906566,78.689360,0.995520,False,
16271,1084.666667,356,379,3.957509,37.516470,0.984190,False,
16271,1084.666667,356,380,2.966125,120.654471,0.744101,False,
16271,1084.666667,356,381,2.804952,131.982276,0.774152,False,
16271,1084.666667,361,372,2.521638,6.510343,0.994587,False,
16271,1084.666667,361,373,3.311563,10.995463,0.994709,False,
16271,1084.666667,361,374,2.552034,9.224545,0.678980,False,
16271,1084.666667,361,375,4.222416,1.291001,0.547991,False,
16271,1084.666667,361,376,4.708681,3.153858,0.596491,False,
16271,1084.666667,367,368,0.822879,10.424276,0.980501,True,
16271,1084.666667,367,369,3.702012,99.226537,0.948893,False,
16271,1084.666667,367,371,3.883277,99.226537,0.900193,False,
16271,1084.666667,367,379,3.709113,21.131393,0.272378,False,
16271,1084.666667,367,380,1.078265,179.302334,0.992578,False,
16271,1084.666667,368,369,4.524464,88.802260,0.991212,False,
16271,1084.666667,368,371,4.696914,88.802260,0.971374,False,
16271,1084.666667,368,379,3.514066,10.707117,0.133805,False,
16271,1084.666667,368,380,1.896781,168.878058,0.106689,False,
16271,1084.666667,369,371,0.523060,0.000000,0.000000,False,
16271,1084.666667,369,378,3.778487,119.268033,0.659577,False,
16271,1084.666667,369,380,2.631513,80.075797,0.957706,False,
16271,1084.666667,369,381,4.257725,172.560949,0.961157,False,
16271,1084.666667,371,378,4.275511,119.268033,0.628565,False,
16271,1084.666667,371,380,2.805612,80.075797,0.889909,False,
16271,1084.666667,371,381,4.714573,172.560949,0.975289,False,
16271,1084.666667,372,373,0.817817,4.485120,0.989063,True,1.729248
16271,1084.666667,372,374,1.681750,15.734888,0.343401,False,
16271,1084.666667,372,375,3.487246,5.219342,0.111448,False,
16271,1084.666667,372,376,3.666202,3.356485,0.041390,False,
16271,1084.666667,372,377,3.597480,3.463061,0.243958,False,
16271,1084.666667,373,374,1.884483,20.220008,0.689116,False,
16271,1084.666667,373,375,3.838454,9.704462,0.350063,False,
16271,1084.666667,373,376,3.890843,7.841606,0.209432,False,
16271,1084.666667,373,377,3.663531,7.948181,0.022868,False,
16271,1084.666667,375,376,0.625865,1.862857,0.960268,True,0.663055
16271,1084.666667,375,377,1.316408,1.756281,0.999632,True,
16271,1084.666667,375,378,3.285861,155.102010,0.933287,False,
16271,1084.666667,375,379,3.123286,163.725100,0.282562,False,
16271,1084.666667,375,381,3.930862,101.809094,0.878871,False,
16271,1084.666667,376,377,0.744855,0.106575,0.964083,True,
16271,1084.666667,376,378,3.651432,153.239154,0.987078,False,
16271,1084.666667,376,379,2.509752,165.587956,0.296831,False,
16271,1084.666667,376,381,4.375872,99.946238,0.936768,False,
16271,1084.666667,377,378,4.366989,153.345729,0.995556,False,
16271,1084.666667,377,379,2.054270,165.481381,0.069533,False,
16271,1084.666667,378,380,4.796285,160.656169,0.596704,False,
16271,1084.666667,378,381,0.933421,53.292916,0.926603,False,
16271,1084.666667,379,380,4.318898,158.170941,0.966885,False,
16281,1085.333333,356,367,3.776736,122.877059,0.809042,False,
16281,1085.333333,356,368,4.528751,125.645979,0.875409,False,
16281,1085.333333,356,369,2.759708,139.401077,0.917063,False,
16281,1085.333333,356,371,3.276413,139.401077,0.905951,False,
16281,1085.333333,356,375,3.855707,48.920462,0.293379,False,
16281,1085.333333,356,376,3.812810,52.010065,0.387967,False,
16281,1085.333333,356,377,4.289365,48.208208,0.564190,False,
16281,1085.333333,356,378,2.023410,97.811155,0.962126,False,
16281,1085.333333,356,379,3.964665,137.730038,0.996245,False,
16281,1085.333333,356,380,2.575684,57.548298,0.808232,False,
16281,1085.333333,356,381,2.875968,139.401077,0.253227,False,
16281,1085.333333,361,372,2.573502,3.197534,0.992774,False,
16281,1085.333333,361,373,3.299545,0.523564,0.996176,False,
16281,1085.333333,361,374,3.130134,20.725865,0.566972,False,
16281,1085.333333,361,375,3.865738,2.844800,0.534214,False,
16281,1085.333333,361,376,4.370719,5.934403,0.629542,False,
16281,1085.333333,361,377,4.719704,2.132546,0.692625,False,
16281,1085.333333,367,368,1.036222,2.768920,0.984377,True,
16281,1085.333333,367,369,3.489543,97.721865,0.991882,False,
16281,1085.333333,367,371,3.590446,97.721865,0.963066,False,
16281,1085.333333,367,379,3.652379,14.852979,0.341313,False,
16281,1085.333333,367,380,1.204786,179.574643,0.536804,False,
16281,1085.333333,368,369,4.523603,94.952944,0.995394,False,
16281,1085.333333,368,371,4.624610,94.952944,0.978387,False,
16281,1085.333333,368,379,3.382506,12.084059,0.084015,False,
16281,1085.333333,368,380,2.012452,176.805723,0.009867,False,
16281,1085.333333,369,371,0.523060,0.000000,0.000000,False,
16281,1085.333333,369,378,3.481916,122.787768,0.779225,False,
16281,1085.333333,369,380,2.831655,81.852778,0.897201,False,
16281,1085.333333,369,381,4.280666,0.000000,0.000000,False,
16281,1085.333333,371,378,3.959548,122.787768,0.741966,False,
16281,1085.333333,371,380,3.092416,81.852778,0.819198,False,
16281,1085.333333,371,381,4.733028,0.000000,0.000000,False,
16281,1085.333333,372,373,0.729364,3.721098,0.979465,True,1.181869
16281,1085.333333,372,374,1.703932,17.528331,0.256207,False,
16281,1085.333333,372,375,3.594216,0.352735,0.126217,False,
16281,1085.333333,372,376,3.809065,2.736869,0.044751,False,
16281,1085.333333,372,377,3.736580,1.064989,0.205837,False,
16281,1085.333333,373,374,1.758052,21.249429,0.606576,False,
16281,1085.333333,373,375,3.910729,3.368364,0.330987,False,
16281,1085.333333,373,376,4.026041,6.457967,0.168953,False,
16281,1085.333333,373,377,3.821469,2.656110,0.021333,False,
16281,1085.333333,375,376,0.586010,3.089603,0.919320,True,
16281,1085.333333,375,377,1.245166,0.712254,0.996866,True,
16281,1085.333333,375,378,4.240559,146.731617,0.966530,False,
16281,1085.333333,375,379,4.085674,173.349500,0.222754,False,
16281,1085.333333,375,381,4.378455,90.480615,0.832603,False,
16281,1085.333333,376,377,0.725682,3.801857,0.972741,True,1.348929
16281,1085.333333,376,378,4.473922,149.821221,0.988525,False,
16281,1085.333333,376,379,3.547499,170.259897,0.141803,False,
16281,1085.333333,376,381,4.712860,87.391012,0.860298,False,
16281,1085.333333,377,379,3.270040,174.061754,0.114225,False,
16281,1085.333333,378,380,4.501065,155.359454,0.602062,False,
16281,1085.333333,378,381,0.898079,122.787768,0.989265,False,
16281,1085.333333,379,380,3.239164,164.721664,0.990775,False,
16291,1086.000000,356,367,4.219294,177.863632,0.623665,False,
16291,1086.000000,356,368,4.754406,159.651560,0.916623,False,
16291,1086.000000,356,369,2.816145,93.280352,0.341261,False,
16291,1086.000000,356,371,3.333374,93.280352,0.317260,False,
16291,1086.000000,356,375,4.351061,1.769777,0.303023,False,
16291,1086.000000,356,376,4.266430,5.889334,0.336370,False,
16291,1086.000000,356,377,4.682833,4.864224,0.459909,False,
16291,1086.000000,356,378,2.004295,174.024354,0.987386,False,
16291,1086.000000,356,379,3.855607,178.344149,0.999854,False,
16291,1086.000000,356,380,2.341078,10.525644,0.898201,True,
16291,1086.000000,356,381,2.779344,85.841302,0.855254,False,
16291,1086.000000,361,372,2.691338,8.088806,0.946226,False,
16291,1086.000000,361,373,3.415558,4.056861,0.933642,False,
16291,1086.000000,361,375,3.398730,10.711174,0.540236,False,
16291,1086.000000,361,376,4.035485,3.052063,0.701619,False,
16291,1086.000000,361,377,4.397252,4.077173,0.780586,False,
16291,1086.000000,367,368,0.878407,18.212072,0.967849,True,0.731461
16291,1086.000000,367,369,3.543095,88.856015,0.984521,False,
16291,1086.000000,367,371,3.567031,88.856015,0.999578,False,
16291,1086.000000,367,379,3.488853,0.480516,0.356770,False,
16291,1086.000000,367,380,2.105068,171.610724,0.999881,False,
16291,1086.000000,368,369,4.395306,107.068087,0.980923,False,
16291,1086.000000,368,371,4.439833,107.068087,0.951202,False,
16291,1086.000000,368,379,3.199831,18.692588,0.015954,False,
16291,1086.000000,368,380,2.463188,170.177204,0.203926,False,
16291,1086.000000,369,371,0.523060,0.000000,0.000000,False,
16291,1086.000000,369,378,3.336264,92.695294,0.388053,False,
16291,1086.000000,369,380,3.116649,82.754708,0.824778,False,
16291,1086.000000,369,381,4.257725,7.439051,0.961157,False,
16291,1086.000000,371,378,3.807929,92.695294,0.328836,False,
16291,1086.000000,371,380,3.440304,82.754708,0.747467,False,
16291,1086.000000,371,381,4.714573,7.439051,0.975289,False,
16291,1086.000000,372,373,0.729048,4.031945,0.974827,True,
16291,1086.000000,372,375,3.706581,2.622368,0.192997,False,
16291,1086.000000,372,376,3.969223,5.036743,0.036529,False,
16291,1086.000000,372,377,3.902617,4.011633,0.197357,False,
16291,1086.000000,372,382,2.757394,171.504601,0.718947,False,
16291,1086.000000,372,383,3.296577,173.712549,0.467518,False,
16291,1086.000000,373,375,4.023310,6.654313,0.317791,False,
16291,1086.000000,373,376,4.168727,1.004798,0.096071,False,
16291,1086.000000,373,377,3.984546,0.020312,0.054638,False,
16291,1086.000000,373,382,2.253054,175.536546,0.438532,False,
16291,1086.000000,373,383,2.732690,169.680604,0.183626,False,
16291,1086.000000,375,376,0.711894,7.659111,0.902798,True,
16291,1086.000000,375,377,1.310637,6.634001,0.990250,True,
16291,1086.000000,375,378,4.794517,172.254577,0.720111,False,
16291,1086.000000,375,381,4.600973,87.611079,0.763468,False,
16291,1086.000000,376,377,0.670320,1.025110,0.965960,True,3.503782
16291,1086.000000,376,379,4.516140,175.766517,0.260109,False,
16291,1086.000000,376,381,4.939159,79.951968,0.760968,False,
16291,1086.000000,377,379,4.367117,176.791628,0.162783,False,
16291,1086.000000,377,382,6.093479,175.516234,0.226234,False,2.546989
16291,1086.000000,378,380,4.276860,175.450002,0.970211,False,
16291,1086.000000,378,381,0.947022,100.134345,0.430297,False,
16291,1086.000000,379,380,2.302720,171.130207,0.993665,False,
16291,1086.000000,380,382,11.469618,178.822346,0.061608,False,4.862659
16291,1086.000000,382,383,0.608112,14.782850,0.937296,True,
16301,1086.666667,356,369,2.797315,8.314979,0.905358,False,
16301,1086.666667,356,371,3.314374,8.314979,0.916070,False,
16301,1086.666667,356,375,4.917120,78.245722,0.115362,False,
16301,1086.666667,356,376,4.817634,79.177819,0.279947,False,
16301,1086.666667,356,378,1.942442,110.506624,0.999467,False,
16301,1086.666667,356,379,3.992035,92.660145,0.958797,False,
16301,1086.666667,356,380,2.138739,77.329752,0.972158,False,
16301,1086.666667,356,381,2.789128,8.314979,0.565502,False,
16301,1086.666667,361,372,2.987324,131.164483,0.780568,False,
16301,1086.666667,361,373,3.819077,127.103300,0.778340,False,
16301,1086.666667,361,375,2.978903,125.328032,0.821894,False,
16301,1086.666667,361,376,3.669674,126.260128,0.859340,False,
16301,1086.666667,361,377,4.101972,125.443673,0.929140,False,
16301,1086.666667,361,382,4.958212,55.189347,0.892309,False,
16301,1086.666667,369,371,0.523060,0.000000,0.000000,False,
16301,1086.666667,369,378,3.136420,102.191645,0.545366,False,
16301,1086.666667,369,380,3.460096,85.644731,0.772824,False,
16301,1086.666667,369,381,4.257725,0.000000,0.000000,False,
16301,1086.666667,371,378,3.605839,102.191645,0.486607,False,
16301,1086.666667,371,380,3.832240,85.644731,0.704911,False,
16301,1086.666667,371,381,4.714573,0.000000,0.000000,False,
16301,1086.666667,372,373,0.857016,4.061182,0.951681,True,
16301,1086.666667,372,375,3.903873,5.836451,0.118206,False,
16301,1086.666667,372,376,4.171711,4.904354,0.046800,False,
16301,1086.666667,372,377,4.097094,5.720809,0.222346,False,
16301,1086.666667,372,382,1.970996,173.646171,0.903066,False,
16301,1086.666667,372,383,2.578079,177.331627,0.858133,False,
16301,1086.666667,373,375,4.338100,1.775268,0.256832,False,
16301,1086.666667,373,376,4.474300,0.843172,0.099823,False,
16301,1086.666667,373,377,4.265046,1.659627,0.061304,False,
16301,1086.666667,373,382,1.175333,177.707353,0.690748,False,
16301,1086.666667,373,383,1.736663,173.270444,0.710232,False,
16301,1086.666667,375,376,0.746064,0.932097,0.939510,True,
16301,1086.666667,375,377,1.380654,0.115641,0.999559,True,
16301,1086.666667,375,381,4.980539,86.560701,0.646742,False,
16301,1086.666667,376,377,0.708996,0.816455,0.957677,True,
16301,1086.666667,377,382,5.170617,179.366980,0.101766,False,2.010104
16301,1086.666667,378,380,4.061154,172.163624,0.974745,False,
16301,1086.666667,378,381,1.133526,102.191645,0.680351,False,
16301,1086.666667,379,380,1.905856,169.989898,0.861517,False,
16301,1086.666667,380,381,4.918142,85.644731,0.947686,False,
16301,1086.666667,380,382,10.564251,179.601409,0.006527,False,4.310388
16301,1086.666667,382,383,0.676938,9.022202,0.998429,True,
16311,1087.333333,356,369,2.824294,40.592174,0.916597,False,
16311,1087.333333,356,371,3.341071,40.592174,0.905762,False,
16311,1087.333333,356,378,2.054825,91.766713,0.801282,False,
16311,1087.333333,356,380,2.036639,127.268546,1.000000,False,
16311,1087.333333,356,381,2.795237,40.592174,0.259663,False,
16311,1087.333333,361,372,3.382371,146.186334,0.589513,False,
16311,1087.333333,361,373,4.174308,146.131459,0.669906,False,
16311,1087.333333,361,375,2.425771,132.428958,0.983904,False,
16311,1087.333333,361,376,3.113535,143.343011,0.924191,False,
16311,1087.333333,361,377,3.610262,142.381370,0.974394,False,
16311,1087.333333,361,382,4.700457,32.591378,0.943048,False,
16311,1087.333333,369,371,0.523060,0.000000,0.000000,False,
16311,1087.333333,369,378,3.030498,132.358886,0.915210,False,
16311,1087.333333,369,380,3.825186,86.676372,0.707223,False,
16311,1087.333333,369,381,4.257725,0.000000,0.000000,False,
16311,1087.333333,371,378,3.488327,132.358886,0.881113,False,
16311,1087.333333,371,380,4.233975,86.676372,0.647619,False,
16311,1087.333333,371,381,4.714573,0.000000,0.000000,False,
16311,1087.333333,372,373,0.867267,0.054875,0.955092,True,
16311,1087.333333,372,375,3.962044,13.757376,0.039777,False,
16311,1087.333333,372,376,4.255194,2.843323,0.031758,False,
16311,1087.333333,372,377,4.190056,3.804965,0.200944,False,
16311,1087.333333,372,382,1.642418,178.777712,0.999578,False,
16311,1087.333333,372,383,2.337365,176.244056,0.989616,False,
16311,1087.333333,373,375,4.406381,13.702501,0.219060,False,
16311,1087.333333,373,376,4.580512,2.788448,0.150142,False,
16311,1087.333333,373,377,4.386608,3.750089,0.004631,False,
16311,1087.333333,373,382,0.854861,178.722837,0.960990,False,
16311,1087.333333,373,383,1.538484,176.298932,0.954390,False,
16311,1087.333333,375,376,0.698766,10.914053,0.936005,True,0.352366
16311,1087.333333,375,377,1.308143,9.952411,0.999943,True,3.867106
16311,1087.333333,375,382,4.500172,165.020336,0.343082,False,
16311,1087.333333,375,383,4.847152,169.998568,0.256366,False,
16311,1087.333333,376,377,0.689919,0.961641,0.970780,True,
16311,1087.333333,376,382,4.543474,175.934389,0.155834,False,
16311,1087.333333,376,383,4.796583,179.087380,0.479207,False,
16311,1087.333333,377,382,4.226862,174.972747,0.038819,False,
16311,1087.333333,377,383,4.393036,179.950979,0.304097,False,
16311,1087.333333,378,380,4.090517,140.964741,0.952406,False,
16311,1087.333333,378,381,1.227504,132.358886,0.904776,False,
16311,1087.333333,380,381,4.752181,86.676372,0.973015,False,
16311,1087.333333,382,383,0.695723,4.978232,0.999384,True,1.293711
16321,1088.000000,356,369,2.786743,74.896401,0.558404,False,
16321,1088.000000,356,371,3.303159,52.796248,0.798068,False,
16321,1088.000000,356,378,2.227031,87.844611,0.745020,False,
16321,1088.000000,356,380,2.120558,141.375717,0.960226,False,
16321,1088.000000,356,381,2.814775,52.796248,0.446813,False,
16321,1088.000000,361,375,2.214202,101.874694,0.945454,False,
16321,1088.000000,361,376,2.735725,93.092974,0.894188,False,
16321,1088.000000,361,377,3.341901,96.576977,0.963674,False,
16321,1088.000000,361,382,4.573148,96.092975,0.936285,False,
16321,1088.000000,369,371,0.523060,127.692649,0.505144,False,
16321,1088.000000,369,378,2.972036,12.948210,0.977384,False,
16321,1088.000000,369,380,4.260309,143.727882,0.673651,False,
16321,1088.000000,369,381,4.257725,127.692649,0.875915,False,
16321,1088.000000,371,378,3.411881,140.640859,0.959282,False,
16321,1088.000000,371,380,4.695835,88.579469,0.612198,False,
16321,1088.000000,371,381,4.714573,0.000000,0.000000,False,
16321,1088.000000,375,376,0.523679,8.781720,0.957516,True,
16321,1088.000000,375,377,1.200384,5.297718,0.997509,True,
16321,1088.000000,375,382,3.780294,162.032331,0.782475,False,
16321,1088.000000,375,383,4.109616,172.993684,0.074934,False,
16321,1088.000000,376,377,0.725746,3.484002,0.972287,True,
16321,1088.000000,376,382,3.709883,170.814051,0.347313,False,
16321,1088.000000,376,383,3.969114,178.224596,0.628029,False,
16321,1088.000000,377,382,3.330953,167.330049,0.535960,False,
16321,1088.000000,377,383,3.497856,178.291402,0.278442,False,
16321,1088.000000,378,380,4.325343,130.779673,0.983424,False,
16321,1088.000000,378,381,1.316832,140.640859,0.896516,False,
16321,1088.000000,380,381,4.660511,88.579469,0.989620,False,
16321,1088.000000,382,383,0.607814,10.961353,0.991167,True,0.033319
16331,1088.666667,356,369,2.812770,124.117462,0.354153,False,
16331,1088.666667,356,371,3.300113,149.651741,0.901638,False,
16331,1088.666667,356,378,2.403069,112.687250,0.770758,False,
16331,1088.666667,356,380,2.273180,112.501901,0.889316,False,
16331,1088.666667,356,381,2.856183,20.298132,0.102307,False,
16331,1088.666667,361,375,2.137970,38.763880,0.962013,False,
16331,1088.666667,361,376,2.641549,39.644621,0.958449,False,
16331,1088.666667,361,377,3.329038,40.275309,0.987696,False,
16331,1088.666667,361,382,4.435685,147.019770,0.947666,False,
16331,1088.666667,361,383,4.946171,134.746045,0.855505,False,
16331,1088.666667,369,371,0.497766,25.534279,0.832372,False,
16331,1088.666667,369,378,2.960558,11.430213,0.966012,False,
16331,1088.666667,369,380,4.716527,123.380637,0.671865,False,
16331,1088.666667,369,381,4.272069,144.415594,0.976406,False,
16331,1088.666667,371,378,3.374268,36.964492,0.942694,False,
16331,1088.666667,371,381,4.714573,169.949873,0.984341,False,
16331,1088.666667,375,376,0.507885,0.880741,0.934940,True,
16331,1088.666667,375,377,1.215703,1.511429,0.999180,True,
16331,1088.666667,375,382,2.915474,174.216350,0.238115,False,
16331,1088.666667,375,383,3.352406,173.509926,0.948564,False,
16331,1088.666667,376,377,0.772772,0.630688,0.953855,True,
16331,1088.666667,376,382,2.751041,173.335609,0.035905,False,
16331,1088.666667,376,383,3.139125,174.390666,0.856522,False,
16331,1088.666667,377,382,2.200083,172.704921,0.089146,False,
16331,1088.666667,377,383,2.515686,175.021355,0.692905,False,
16331,1088.666667,378,380,4.570351,134.810850,0.997925,False,
16331,1088.666667,378,381,1.394292,132.985381,0.762924,False,
16331,1088.666667,380,381,4.586047,92.203769,0.996401,False,
16331,1088.666667,382,383,0.519476,12.273725,0.985607,True,
16341,1089.333333,356,369,2.822041,178.571726,0.867199,False,
16341,1089.333333,356,371,3.308897,178.299318,0.879305,False,
16341,1089.333333,356,378,2.526801,148.308388,0.577485,False,
16341,1089.333333,356,380,2.549463,85.709157,0.812343,False,
16341,1089.333333,356,381,2.856183,8.349445,0.566688,False,
16341,1089.333333,356,384,3.715226,77.290267,0.429569,False,
16341,1089.333333,361,375,2.057984,94.150019,0.999871,False,
16341,1089.333333,361,376,2.565971,88.813441,0.999995,False,
16341,1089.333333,361,377,3.292460,86.993985,0.993923,False,
16341,1089.333333,361,382,4.310882,85.752814,0.977440,False,
16341,1089.333333,361,383,4.719684,96.525362,0.924935,False,
16341,1089.333333,369,371,0.497863,0.272408,0.963412,False,
16341,1089.333333,369,378,2.876417,30.263338,0.998454,False,
16341,1089.333333,369,381,4.267604,170.222281,0.974053,False,
16341,1089.333333,369,384,2.341046,104.138006,0.953913,False,
16341,1089.333333,371,378,3.275689,29.990930,0.988335,False,
16341,1089.333333,371,381,4.711162,169.949873,0.985054,False,
16341,1089.333333,371,384,2.266980,104.410414,0.995892,False,
16341,1089.333333,375,376,0.535620,5.336578,0.946467,True,
16341,1089.333333,375,377,1.234482,7.156034,0.998605,True,
16341,1089.333333,375,382,2.354792,179.902832,0.912624,False,
16341,1089.333333,375,383,2.747980,169.324620,0.984657,False,
16341,1089.333333,376,377,0.758779,1.819456,0.938785,True,
16341,1089.333333,376,382,2.015500,174.566254,0.616619,False,
16341,1089.333333,376,383,2.382164,174.661198,0.920162,False,
16341,1089.333333,377,382,1.333769,172.746798,0.340314,False,
16341,1089.333333,377,383,1.665507,176.480653,0.814379,False,
16341,1089.333333,378,380,4.876169,125.982454,0.999513,False,
16341,1089.333333,378,381,1.546342,139.958943,0.787104,False,
16341,1089.333333,378,384,4.967476,134.401344,0.671428,False,
16341,1089.333333,380,381,4.563436,94.058603,0.999995,False,
16341,1089.333333,382,383,0.411750,10.772548,0.983469,False,
16351,1090.000000,356,369,2.840285,29.272983,0.811973,False,
16351,1090.000000,356,371,3.326037,50.198703,0.855044,False,
16351,1090.000000,356,378,2.709745,69.134183,0.292906,False,
16351,1090.000000,356,380,2.904651,16.444124,0.731944,False,
16351,1090.000000,356,381,2.871974,111.362550,0.677950,False,
16351,1090.000000,356,384,3.082782,24.329489,0.460439,False,
16351,1090.000000,361,375,2.105371,92.320007,0.964784,False,
16351,1090.000000,361,376,2.650402,83.225912,0.943557,False,
16351,1090.000000,361,377,3.452120,83.571885,0.943533,False,
16351,1090.000000,361,382,4.264535,85.853851,0.994010,False,
16351,1090.000000,361,383,4.625686,89.291905,0.984970,False,
16351,1090.000000,369,371,0.497961,20.925720,0.909992,False,
16351,1090.000000,369,378,2.906489,39.861200,0.743205,False,
16351,1090.000000,369,381,4.263222,140.635533,0.469984,False,
16351,1090.000000,369,384,2.271323,53.602472,0.999703,False,
16351,1090.000000,371,378,3.290985,18.935480,0.840945,False,
16351,1090.000000,371,381,4.707829,161.561253,0.786152,False,
16351,1090.000000,371,384,2.350535,74.528192,0.982020,False,
16351,1090.000000,375,376,0.582727,9.094095,0.997921,True,
16351,1090.000000,375,377,1.364416,8.748122,0.990946,True,
16351,1090.000000,375,382,2.191266,178.173858,0.993707,False,
16351,1090.000000,375,383,2.548280,178.388088,0.999754,False,
16351,1090.000000,376,377,0.801931,0.345973,0.935603,True,
16351,1090.000000,376,382,1.619045,169.079764,0.689660,False,
16351,1090.000000,376,383,1.978743,172.517818,0.813626,False,
16351,1090.000000,377,382,0.829454,169.425736,0.811672,False,
16351,1090.000000,377,383,1.184139,172.863790,0.877602,False,
16351,1090.000000,378,381,1.613175,179.503267,0.997308,False,
16351,1090.000000,378,384,4.690610,93.463672,0.757976,False,
16351,1090.000000,380,381,4.594377,94.918426,0.993195,False,
16351,1090.000000,382,383,0.361605,3.438054,0.981801,False,
16361,1090.666667,356,369,2.850420,39.300851,0.968210,False,
16361,1090.666667,356,371,3.356009,18.858566,0.990324,False,
16361,1090.666667,356,378,2.811720,7.774844,0.368901,False,
16361,1090.666667,356,380,3.319039,66.557746,0.668581,False,
16361,1090.666667,356,381,2.811165,159.696710,0.087526,False,
16361,1090.666667,356,384,2.566184,75.385274,0.579528,False,
16361,1090.666667,361,375,2.422371,90.685928,0.834075,False,
16361,1090.666667,361,376,2.929177,82.312500,0.863639,False,
16361,1090.666667,361,377,3.694145,88.105847,0.913441,False,
16361,1090.666667,361,382,4.212017,95.558389,0.985882,False,
16361,1090.666667,361,383,4.569867,89.104139,0.997332,False,
16361,1090.666667,369,371,0.517959,20.442285,0.687868,False,
16361,1090.666667,369,378,3.001572,47.075694,0.532277,False,
16361,1090.666667,369,381,4.220877,120.395860,0.136965,False,
16361,1090.666667,369,384,2.369799,36.084423,0.951872,False,
16361,1090.666667,371,378,3.394782,26.633409,0.674532,False,
16361,1090.666667,371,381,4.685249,140.838144,0.519086,False,
16361,1090.666667,371,384,2.580134,56.526708,0.875161,False,
16361,1090.666667,375,376,0.738770,8.373428,0.963848,True,
16361,1090.666667,375,377,1.418269,2.580081,0.999493,True,
16361,1090.666667,375,382,2.439671,173.755684,0.724797,False,
16361,1090.666667,375,383,2.720916,179.790067,0.935844,False,
16361,1090.666667,376,377,0.765433,5.793347,0.906920,True,
16361,1090.666667,376,382,1.709203,177.870889,0.995835,False,
16361,1090.666667,376,383,1.982749,171.416639,0.830376,False,
16361,1090.666667,377,382,1.340886,176.335764,0.437215,False,
16361,1090.666667,377,383,1.499590,177.209987,0.863532,False,
16361,1090.666667,378,381,1.568020,167.471554,0.998264,False,
16361,1090.666667,378,384,4.552270,83.160117,0.898611,False,
16361,1090.666667,380,381,4.699912,93.138965,0.962987,False,
16361,1090.666667,380,382,4.609125,171.302647,0.826426,False,
16361,1090.666667,380,383,4.819929,177.756896,0.571113,False,
16361,1090.666667,380,384,4.904148,8.827528,0.072970,False,
16361,1090.666667,382,383,0.365977,6.454249,0.945434,False,
16371,1091.333333,356,369,2.814453,128.022161,0.336170,False,
16371,1091.333333,356,371,3.321021,128.022161,0.369233,False,
16371,1091.333333,356,378,2.853207,22.290768,0.461916,False,
16371,1091.333333,356,380,3.820412,141.581493,0.525675,False,
16371,1091.333333,356,381,2.789128,128.022161,0.978509,False,
16371,1091.333333,356,384,2.003577,144.047204,0.793274,False,
16371,1091.333333,361,375,2.769245,79.879958,0.585958,False,
16371,1091.333333,361,376,3.189289,85.499971,0.813253,False,
16371,1091.333333,361,377,3.963038,91.445928,0.872120,False,
16371,1091.333333,361,380,4.574008,90.396346,0.621902,False,
16371,1091.333333,361,382,4.105557,102.038399,0.986220,False,
16371,1091.333333,361,383,4.562116,93.550766,0.999231,False,
16371,1091.333333,369,371,0.517959,0.000000,0.000000,False,
16371,1091.333333,369,378,3.043116,150.312929,0.984572,False,
16371,1091.333333,369,381,4.220877,0.000000,0.000000,False,
16371,1091.333333,369,384,2.823038,87.930634,0.847538,False,
16371,1091.333333,371,378,3.428698,150.312929,0.997636,False,
16371,1091.333333,371,381,4.685249,0.000000,0.000000,False,
16371,1091.333333,371,384,3.150643,87.930634,0.768636,False,
16371,1091.333333,375,376,0.789886,5.620012,0.973114,True,1.326319
16371,1091.333333,375,377,1.418147,11.565970,0.990483,True,
16371,1091.333333,375,382,2.979806,178.081642,0.588553,False,
16371,1091.333333,375,383,3.273015,173.430724,0.300521,False,
16371,1091.333333,376,377,0.774045,5.945957,0.860352,True,
16371,1091.333333,376,382,2.283656,172.461630,0.038334,False,
16371,1091.333333,376,383,2.532080,179.050737,0.999147,False,
16371,1091.333333,377,382,2.312885,166.515673,0.306315,False,
16371,1091.333333,377,383,2.422358,175.003306,0.007724,False,
16371,1091.333333,378,381,1.594185,150.312929,0.747569,False,
16371,1091.333333,378,384,4.488690,121.756436,0.972855,False,
16371,1091.333333,380,381,4.895530,90.396346,0.909393,False,
16371,1091.333333,380,382,3.599445,167.565255,0.905683,False,
16371,1091.333333,380,383,3.849939,176.052888,0.961789,False,
16371,1091.333333,380,384,4.570461,2.465711,0.064024,False,6.838251
16371,1091.333333,381,384,4.763438,87.930634,0.871058,False,
16371,1091.333333,382,383,0.465654,8.487633,0.956360,False,
16381,1092.000000,356,369,2.823117,40.592174,0.928056,False,
16381,1092.000000,356,371,3.329069,152.468748,0.561616,False,
16381,1092.000000,356,378,2.895256,63.581567,0.996386,False,
16381,1092.000000,356,380,4.336010,130.201313,0.420821,False,
16381,1092.000000,356,381,2.804952,40.592174,0.253613,False,
16381,1092.000000,356,384,1.550767,129.562879,0.951975,False,
16381,1092.000000,356,385,3.878322,112.259160,0.485434,False,
16381,1092.000000,361,375,3.247542,67.361243,0.338000,False,
16381,1092.000000,361,376,3.573068,84.108621,0.713076,False,
16381,1092.000000,361,380,4.129515,89.609140,0.700694,False,
16381,1092.000000,361,382,4.051732,104.056866,0.996270,False,
16381,1092.000000,361,383,4.535669,91.585539,0.992522,False,
16381,1092.000000,369,371,0.517959,111.876575,0.456516,False,
16381,1092.000000,369,378,3.020763,104.173741,0.816434,False,
16381,1092.000000,369,381,4.220877,0.000000,0.000000,False,
16381,1092.000000,369,384,3.199239,88.970705,0.727621,False,
16381,1092.000000,369,385,1.938342,71.666986,0.950947,False,
16381,1092.000000,371,378,3.401951,143.949684,0.076555,False,
16381,1092.000000,371,381,4.685249,111.876575,0.040296,False,
16381,1092.000000,371,384,3.598551,22.905870,0.689015,False,
16381,1092.000000,371,385,1.728946,40.209588,0.991505,False,
16381,1092.000000,375,376,0.625005,16.747378,0.999452,True,0.061995
16381,1092.000000,375,382,3.538308,171.418109,0.868832,False,
16381,1092.000000,375,383,3.838221,158.946782,0.893722,False,
16381,1092.000000,376,382,3.115725,171.834513,0.084978,False,
16381,1092.000000,376,383,3.365256,175.694160,0.753140,False,
16381,1092.000000,378,381,1.640969,104.173741,0.034180,False,
16381,1092.000000,378,384,4.333292,166.855554,0.999676,False,
16381,1092.000000,378,385,4.928325,175.840727,0.900340,False,
16381,1092.000000,380,382,2.583575,166.333994,0.931409,False,
16381,1092.000000,380,383,2.798393,178.805321,0.617963,False,
16381,1092.000000,380,384,4.433386,0.638435,0.090338,False,9.665731
16381,1092.000000,381,384,4.349759,88.970705,0.922919,False,
16381,1092.000000,382,383,0.485436,12.471327,0.997814,False,
16381,1092.000000,382,385,10.316669,175.723852,0.240944,False,3.371617
16381,1092.000000,384,385,3.398329,17.303719,0.074567,False,
16391,1092.666667,356,369,2.804550,47.356459,0.758132,False,
16391,1092.666667,356,371,3.168679,171.930250,0.523081,False,
16391,1092.666667,356,378,2.895229,0.193427,0.997421,False,
16391,1092.666667,356,380,4.897691,173.715712,0.341832,False,
16391,1092.666667,356,381,2.814775,86.720926,0.870047,False,
16391,1092.666667,356,384,1.587815,174.238018,0.976985,False,
16391,1092.666667,356,385,3.244871,163.502379,0.487525,False,
16391,1092.666667,361,380,3.727390,86.994786,0.804233,False,
16391,1092.666667,361,382,4.025473,105.409104,0.999894,False,
16391,1092.666667,361,383,4.642545,90.684586,0.979627,False,
16391,1092.666667,369,371,0.364132,140.713290,0.374413,False,
16391,1092.666667,369,378,3.004342,47.163032,0.328590,False,
16391,1092.666667,369,381,4.220877,39.364467,0.471196,False,
16391,1092.666667,369,384,3.828153,126.881558,0.600821,False,
16391,1092.666667,369,385,1.846887,116.145920,0.999964,False,
16391,1092.666667,371,378,3.205009,172.123677,0.351343,False,
16391,1092.666667,371,381,4.501481,101.348824,0.141316,False,
16391,1092.666667,371,384,4.168848,13.831732,0.602830,False,
16391,1092.666667,371,385,1.906432,24.567371,0.992186,False,
16391,1092.666667,378,381,1.660827,86.527499,0.267157,False,
16391,1092.666667,378,384,4.482267,174.044591,0.981741,False,
16391,1092.666667,378,385,4.646133,163.308952,0.924140,False,
16391,1092.666667,380,382,1.587786,167.596110,0.961778,False,
16391,1092.666667,380,383,2.159740,177.679372,0.671042,False,
16391,1092.666667,380,384,4.250938,0.522306,0.036617,False,9.937028
16391,1092.666667,381,384,4.204107,87.517092,0.981814,False,
16391,1092.666667,382,383,0.685981,14.724517,0.937603,True,
16391,1092.666667,382,385,9.101447,177.809444,0.095585,False,2.982261
16391,1092.666667,384,385,3.461417,10.735639,0.068343,False,
16401,1093.333333,356,369,2.813916,143.609600,0.364753,False,
16401,1093.333333,356,371,3.187461,172.368558,0.752438,False,
16401,1093.333333,356,378,2.896759,169.227368,0.971753,False,
16401,1093.333333,356,381,2.814775,104.245133,0.760384,False,
16401,1093.333333,356,384,1.822215,8.974120,0.887863,True,
16401,1093.333333,356,385,2.688401,20.683199,0.434384,False,
16401,1093.333333,361,380,3.427029,86.994860,0.882660,False,
16401,1093.333333,361,382,4.060587,95.928733,0.957178,False,
16401,1093.333333,361,383,4.719913,93.179670,0.964264,False,
16401,1093.333333,369,371,0.374180,28.758958,0.645646,False,
16401,1093.333333,369,378,3.014059,47.163032,0.333914,False,
16401,1093.333333,369,381,4.244227,39.364467,0.468604,False,
16401,1093.333333,369,384,4.390312,134.635480,0.613853,False,
16401,1093.333333,369,385,1.850466,122.926401,0.976723,False,
16401,1093.333333,371,378,3.238506,18.404074,0.293828,False,
16401,1093.333333,371,381,4.546746,68.123425,0.035898,False,
16401,1093.333333,371,384,4.746649,163.394439,0.572315,False,
16401,1093.333333,371,385,2.007861,151.685359,0.897836,False,
16401,1093.333333,378,381,1.680703,86.527499,0.263998,False,
16401,1093.333333,378,384,4.610538,178.201487,0.976933,False,
16401,1093.333333,378,385,4.370311,170.089433,0.926344,False,
16401,1093.333333,380,382,0.831717,177.076408,0.992097,False,
16401,1093.333333,380,383,1.561417,179.825470,0.978067,False,
16401,1093.333333,380,384,4.134159,8.276154,0.138300,False,
16401,1093.333333,381,384,4.056292,95.271013,0.988332,False,
16401,1093.333333,382,383,0.733699,2.749062,0.984935,True,
16401,1093.333333,382,384,4.487102,168.800254,0.613287,False,
16401,1093.333333,383,384,4.808237,171.549316,0.703001,False,
16401,1093.333333,384,385,3.556336,11.709080,0.160347,False,
16411,1094.000000,356,369,2.898948,93.279074,0.351588,False,
16411,1094.000000,356,371,3.396640,171.930250,0.506911,False,
16411,1094.000000,356,384,2.221991,0.573967,0.701863,True,
16411,1094.000000,356,385,2.256499,4.760052,0.481570,False,
16411,1094.000000,356,386,4.195395,82.657161,0.520790,False,
16411,1094.000000,361,380,3.164662,91.333960,0.920271,False,
16411,1094.000000,361,382,4.286922,88.067792,0.862807,False,
16411,1094.000000,361,383,4.895636,93.179641,0.936393,False,
16411,1094.000000,369,371,0.503613,78.651176,0.327685,False,
16411,1094.000000,369,385,2.051389,88.519022,0.917790,False,
16411,1094.000000,369,386,4.065365,175.936235,0.085001,False,6.069144
16411,1094.000000,371,385,2.342080,167.170198,0.809703,False,
16411,1094.000000,371,386,4.170437,105.412589,0.097782,False,
16411,1094.000000,380,382,1.202776,179.401753,0.698124,False,
16411,1094.000000,380,383,1.736555,175.486399,0.629769,False,
16411,1094.000000,380,384,3.962977,2.519080,0.188829,False,
16411,1094.000000,382,383,0.715702,5.111848,0.993642,True,1.063683
16411,1094.000000,382,384,3.353221,178.079167,0.514223,False,
16411,1094.000000,383,384,3.764328,172.967319,0.759537,False,
16411,1094.000000,384,385,3.708372,5.334019,0.138102,False,
16411,1094.000000,384,386,4.730325,82.083194,0.034035,False,
16411,1094.000000,385,386,2.274766,87.417213,0.781288,False,
16421,1094.666667,356,369,2.851202,139.013924,0.882450,False,
16421,1094.666667,356,371,3.347913,128.963122,0.992010,False,
16421,1094.666667,356,384,2.891000,178.558839,0.518621,False,
16421,1094.666667,356,385,1.723456,176.232369,0.583405,False,
16421,1094.666667,356,386,3.953408,98.512398,0.701275,False,
16421,1094.666667,361,380,2.969381,92.228592,0.971129,False,
16421,1094.666667,361,382,4.513413,93.714874,0.870145,False,
16421,1094.666667,361,384,4.927394,91.839191,0.453692,False,
16421,1094.666667,369,371,0.503613,10.050802,0.566811,False,
16421,1094.666667,369,385,2.279322,37.218445,0.790992,False,
16421,1094.666667,369,386,3.831626,122.473678,0.296873,False,5.322172
16421,1094.666667,371,385,2.645808,47.269248,0.695981,False,
16421,1094.666667,371,386,3.940990,132.524481,0.370867,False,5.825155
16421,1094.666667,380,382,2.068289,174.056534,0.047146,False,
16421,1094.666667,380,383,2.418978,173.976394,0.057811,False,
16421,1094.666667,380,384,3.759471,0.389401,0.176503,False,6.828863
16421,1094.666667,382,383,0.645361,0.080140,0.998787,True,
16421,1094.666667,382,384,2.314328,174.445935,0.724955,False,
16421,1094.666667,383,384,2.745923,174.365795,0.870881,False,
16421,1094.666667,384,385,3.952902,2.326469,0.124496,False,
16421,1094.666667,385,386,2.309051,85.255233,0.622369,False,
16431,1095.333333,356,369,2.759522,108.495025,0.595424,False,
16431,1095.333333,356,371,3.276238,33.928496,0.586299,False,
16431,1095.333333,356,382,4.773740,102.817031,0.532552,False,
16431,1095.333333,356,384,3.613105,81.011562,0.364815,False,
16431,1095.333333,356,385,1.308588,78.878578,0.836991,False,
16431,1095.333333,356,386,3.803027,167.346477,0.618103,False,
16431,1095.333333,361,380,2.894817,45.295632,0.996886,False,
16431,1095.333333,361,382,4.742450,139.646939,0.755606,False,
16431,1095.333333,361,384,4.208433,44.181654,0.613181,False,
16431,1095.333333,369,371,0.523074,74.566529,0.062913,False,
16431,1095.333333,369,385,2.624486,29.616447,0.710801,False,
16431,1095.333333,369,386,3.577311,58.851452,0.388058,False,
16431,1095.333333,371,385,3.054958,44.950082,0.526914,False,
16431,1095.333333,371,386,3.684808,133.417981,0.652488,False,5.814914
16431,1095.333333,380,382,3.064798,175.057429,0.092627,False,
16431,1095.333333,380,383,3.374581,178.739359,0.261534,False,
16431,1095.333333,380,384,3.550413,1.113978,0.155377,False,5.039679
16431,1095.333333,382,383,0.704677,3.681930,0.999200,True,
16431,1095.333333,382,384,1.486213,176.171407,0.954984,False,
16431,1095.333333,382,385,4.978126,178.304391,0.391548,False,
16431,1095.333333,383,384,2.139616,179.853337,0.971591,False,
16431,1095.333333,384,385,4.132070,2.132984,0.056645,False,
16431,1095.333333,385,386,2.507237,88.467899,0.533797,False,
16441,1096.000000,356,369,2.758533,178.807334,0.947852,False,
16441,1096.000000,356,371,3.228387,82.842397,0.775690,False,
16441,1096.000000,356,382,4.362230,52.706010,0.596431,False,
16441,1096.000000,356,383,4.754684,50.368370,0.723888,False,
16441,1096.000000,356,384,4.408613,128.998918,0.284913,False,
16441,1096.000000,356,385,1.044287,127.260624,0.996160,False,
16441,1096.000000,356,386,3.701640,121.424302,0.925728,False,
16441,1096.000000,356,387,9.713508,49.001898,0.072776,False,4.889389
16441,1096.000000,361,380,2.828645,93.124306,0.993753,False,
16441,1096.000000,361,384,3.590167,88.399995,0.657585,False,
16441,1096.000000,361,387,3.082118,89.600822,0.453050,False,
16441,1096.000000,369,371,0.540111,98.350269,0.214159,False,
16441,1096.000000,369,385,3.134941,53.932042,0.663094,False,
16441,1096.000000,369,386,3.589242,57.383032,0.027244,False,
16441,1096.000000,371,385,3.498290,44.418226,0.456974,False,
16441,1096.000000,371,386,3.515388,155.733301,0.028278,False,
16441,1096.000000,380,382,4.085539,173.570760,0.268543,False,
16441,1096.000000,380,383,4.387147,175.908400,0.054517,False,
16441,1096.000000,380,384,3.277211,4.724311,0.159544,False,3.695548
16441,1096.000000,380,387,2.689616,177.274872,0.659399,False,
16441,1096.000000,382,383,0.714413,2.337640,0.992318,True,
16441,1096.000000,382,384,1.514540,178.295072,0.857802,False,
16441,1096.000000,382,385,3.955548,179.966634,0.374084,False,
16441,1096.000000,383,384,2.195630,179.367288,0.931889,False,
16441,1096.000000,383,385,4.210965,177.628994,0.395052,False,
16441,1096.000000,384,385,4.359179,1.738295,0.049182,False,
16441,1096.000000,385,386,2.917470,111.315074,0.408736,False,
16441,1096.000000,386,387,12.493930,72.422403,0.319631,False,6.453264
16451,1096.666667,356,369,2.694136,173.983538,0.933053,False,
16451,1096.666667,356,371,3.201706,171.685021,0.916480,False,
16451,1096.666667,356,382,3.984078,74.448693,0.549678,False,
16451,1096.666667,356,383,4.450955,66.779230,0.554848,False,
16451,1096.666667,356,385,1.228716,104.681524,0.858261,False,
16451,1096.666667,356,386,3.650323,27.030193,0.985755,False,
16451,1096.666667,356,387,8.968359,77.987623,0.028216,False,4.295077
16451,1096.666667,361,380,3.077797,92.061632,0.944996,False,
16451,1096.666667,361,384,2.937019,94.178599,0.795923,False,
16451,1096.666667,361,387,2.574845,82.013959,0.505158,False,
16451,1096.666667,369,371,0.580011,2.298517,0.988348,True,
16451,1096.666667,369,385,3.687548,81.334937,0.360841,False,
16451,1096.666667,369,386,3.436775,146.953345,0.819520,False,
16451,1096.666667,369,387,11.568330,95.995916,0.163240,False,5.565370
16451,1096.666667,371,385,4.118322,83.633455,0.372021,False,
16451,1096.666667,371,386,3.346912,144.654828,0.474493,False,
16451,1096.666667,380,384,2.968089,2.116968,0.167751,False,3.398850
16451,1096.666667,380,387,1.602160,174.075590,0.974355,False,
16451,1096.666667,382,383,0.748632,7.669463,0.998761,True,0.909653
16451,1096.666667,382,384,2.545537,172.653628,0.342955,False,
16451,1096.666667,382,385,2.873526,179.130217,0.499431,False,
16451,1096.666667,383,384,3.065600,164.984165,0.392913,False,
16451,1096.666667,383,385,3.267258,171.460754,0.871042,False,
16451,1096.666667,384,385,4.604153,6.476589,0.022571,False,
16451,1096.666667,384,387,3.920432,176.192558,0.314028,False,
16451,1096.666667,385,386,3.501658,131.711717,0.236956,False,
16451,1096.666667,386,387,11.792665,50.957430,0.390556,False,6.626739
16461,1097.333333,356,369,2.685398,20.489995,0.988925,False,
16461,1097.333333,356,371,3.213126,8.326469,0.919356,False,
16461,1097.333333,356,382,3.573851,104.744430,0.686350,False,
16461,1097.333333,356,383,3.982249,99.536926,0.818790,False,
16461,1097.333333,356,385,1.692198,74.226832,0.601554,False,
16461,1097.333333,356,386,3.674718,147.771860,0.996099,False,
16461,1097.333333,356,387,8.150433,101.259493,0.028018,False,3.795387
16461,1097.333333,361,380,3.233042,93.124306,0.887161,False,
16461,1097.333333,361,384,2.537248,87.734358,0.929595,False,
16461,1097.333333,361,387,1.775077,92.933024,0.705249,False,
16461,1097.333333,369,371,0.537278,12.163526,0.992112,True,
16461,1097.333333,369,385,4.243474,94.716826,0.233879,False,
16461,1097.333333,369,386,3.113750,127.281865,0.957345,False,
16461,1097.333333,369,387,10.778781,80.769498,0.160658,False,5.268222
16461,1097.333333,371,385,4.742457,82.553300,0.309709,False,
16461,1097.333333,371,386,3.158798,139.445391,0.585358,False,
16461,1097.333333,380,384,2.713490,5.389948,0.174286,False,
16461,1097.333333,380,387,1.536412,173.942670,0.658682,False,
16461,1097.333333,382,383,0.582930,5.207504,0.999044,True,
16461,1097.333333,382,384,3.700524,175.847681,0.241064,False,
16461,1097.333333,382,385,1.882839,178.971261,0.621744,False,
16461,1097.333333,383,384,3.981864,178.944815,0.502634,False,
16461,1097.333333,383,385,2.317655,173.763757,0.587386,False,
16461,1097.333333,384,385,4.748529,5.181058,0.030363,False,
16461,1097.333333,384,387,2.437368,179.332618,0.933984,False,
16461,1097.333333,385,386,4.170288,138.001308,0.183420,False,
16461,1097.333333,386,387,11.142185,46.512367,0.348405,False,6.233463
16471,1098.000000,356,369,2.691629,158.207131,0.996486,False,
16471,1098.000000,356,371,3.217229,40.598923,0.908467,False,
16471,1098.000000,356,382,3.209355,53.116148,0.768899,False,
16471,1098.000000,356,383,3.859890,51.554314,0.868114,False,
16471,1098.000000,356,385,2.212229,124.875161,0.458221,False,
16471,1098.000000,356,386,3.634761,125.500158,0.947900,False,
16471,1098.000000,356,387,7.372971,50.514268,0.050878,False,3.661721
16471,1098.000000,361,380,3.753574,176.373489,0.812522,False,
16471,1098.000000,361,384,2.446901,176.532959,0.998309,False,
16471,1098.000000,361,387,1.501761,4.424377,0.934307,True,
16471,1098.000000,369,371,0.537278,161.193945,0.970951,False,
16471,1098.000000,369,385,4.857256,76.917708,0.417730,False,
16471,1098.000000,369,386,3.034666,32.706974,0.189824,False,
16471,1098.000000,371,386,3.066573,166.099081,0.181011,False,7.504034
16471,1098.000000,380,384,2.721480,7.093552,0.169325,False,
16471,1098.000000,380,387,2.439882,171.949112,0.393758,False,
16471,1098.000000,382,383,0.835341,1.561835,0.998556,True,
16471,1098.000000,382,384,4.874013,176.440784,0.148180,False,
16471,1098.000000,382,385,1.321058,177.991309,0.965623,False,
16471,1098.000000,382,386,4.869065,72.384009,0.260160,False,
16471,1098.000000,383,385,2.147292,176.429474,0.958315,False,
16471,1098.000000,383,386,4.917096,73.945844,0.052390,False,
16471,1098.000000,384,385,4.863622,5.567907,0.002614,False,
16471,1098.000000,384,387,1.227379,179.042664,0.686415,False,
16471,1098.000000,385,386,4.836731,109.624682,0.070916,False,
16471,1098.000000,386,387,10.419433,74.985890,0.360808,False,5.409727
16481,1098.666667,356,369,2.674537,120.041565,0.999790,False,
16481,1098.666667,356,371,3.201706,69.354591,0.630074,False,
16481,1098.666667,356,382,2.973810,5.753082,0.838854,False,
16481,1098.666667,356,383,3.449146,21.775463,0.747019,False,
16481,1098.666667,356,385,2.836911,172.027258,0.392790,False,
16481,1098.666667,356,386,3.531978,94.695435,0.836235,False,
16481,1098.666667,356,387,6.665930,8.176059,0.023203,False,3.352993
16481,1098.666667,361,380,4.038099,68.310101,0.649800,False,
16481,1098.666667,361,384,2.406321,64.070761,0.954766,False,
16481,1098.666667,361,385,4.918826,56.859553,0.593180,False,
16481,1098.666667,361,387,1.305545,123.343765,0.981029,False,
16481,1098.666667,369,371,0.580382,50.686974,0.965813,False,
16481,1098.666667,369,386,2.957564,25.346130,0.006730,False,
16481,1098.666667,371,386,2.865751,25.340844,0.013731,False,6.811367
16481,1098.666667,380,384,2.460275,4.239341,0.191950,False,2.932182
16481,1098.666667,380,387,3.582860,168.346134,0.313180,False,
16481,1098.666667,380,388,1.469776,161.739446,0.136601,False,
16481,1098.666667,380,389,2.041571,176.237495,0.836705,False,
16481,1098.666667,382,383,0.616456,16.022381,0.999444,True,0.049997
16481,1098.666667,382,385,1.579416,177.780340,0.871837,False,
16481,1098.666667,382,386,4.447971,88.942353,0.305896,False,
16481,1098.666667,383,385,2.149464,166.197279,0.556229,False,
16481,1098.666667,383,386,4.430925,72.919972,0.379604,False,
16481,1098.666667,384,387,1.363839,172.585475,0.995009,False,
16481,1098.666667,384,388,3.049943,165.978786,0.900692,False,
16481,1098.666667,384,389,3.539666,179.523164,0.677266,False,
16481,1098.666667,385,387,4.249955,179.796683,0.339251,False,
16481,1098.666667,386,387,9.688987,86.519376,0.483453,False,4.849294
16481,1098.666667,387,388,4.384281,6.606688,0.528392,False,
16481,1098.666667,387,389,4.892288,7.891361,0.665958,False,
16481,1098.666667,388,389,0.588627,14.498049,0.923085,True,
16491,1099.333333,356,369,2.656307,112.045737,0.288732,False,
16491,1099.333333,356,371,3.252227,8.326469,0.902892,False,
16491,1099.333333,356,382,2.715928,96.374652,0.957188,False,
16491,1099.333333,356,383,3.219404,100.926745,0.959736,False,
16491,1099.333333,356,385,3.476509,83.388588,0.378533,False,
16491,1099.333333,356,386,3.391812,166.664923,0.765203,False,
16491,1099.333333,356,387,5.920486,97.959101,0.093336,False,2.795406
16491,1099.333333,361,384,2.656376,118.035824,0.899880,False,
16491,1099.333333,361,385,4.338002,120.156290,0.434533,False,
16491,1099.333333,361,387,1.544691,58.496021,0.774098,False,
16491,1099.333333,361,388,4.665054,52.017717,0.740280,False,
16491,1099.333333,369,371,0.629591,120.372206,0.508473,False,
16491,1099.333333,369,382,4.936459,151.579611,0.709619,False,
16491,1099.333333,369,386,2.778308,54.619185,0.050784,False,7.047594
16491,1099.333333,371,386,2.760865,174.991391,0.169611,False,6.322297
16491,1099.333333,382,383,0.568311,4.552093,0.991358,True,
16491,1099.333333,382,385,2.462502,179.763239,0.452606,False,
16491,1099.333333,382,386,3.980406,96.960426,0.112926,False,
16491,1099.333333,383,385,2.834850,175.684667,0.481676,False,
16491,1099.333333,383,386,4.045349,92.408332,0.043984,False,
16491,1099.333333,384,387,2.687557,176.531845,0.999887,False,
16491,1099.333333,384,388,2.008836,170.053541,0.999309,False,
16491,1099.333333,384,389,2.718564,174.715551,0.979798,False,
16491,1099.333333,385,387,2.905198,178.652311,0.760416,False,
16491,1099.333333,386,387,8.919484,95.375976,0.351053,False,4.256651
16491,1099.333333,387,388,4.511129,6.478303,0.575367,False,
16491,1099.333333,388,389,0.732441,4.662009,0.935026,True,
16501,1100.000000,356,369,2.675830,106.919436,0.855991,False,
16501,1100.000000,356,371,3.225129,56.232462,0.367796,False,
16501,1100.000000,356,382,2.604444,167.049524,0.987961,False,
16501,1100.000000,356,383,3.098298,170.506313,0.990112,False,
16501,1100.000000,356,385,4.137846,13.753826,0.349241,False,
16501,1100.000000,356,386,3.328024,101.321283,0.677582,False,
16501,1100.000000,356,387,5.141570,166.919751,0.138280,False,2.465800
16501,1100.000000,361,384,3.206313,113.895326,0.824275,False,
16501,1100.000000,361,385,3.660713,114.536008,0.472738,False,
16501,1100.000000,361,387,2.194405,64.790414,0.644972,False,
16501,1100.000000,361,388,4.468981,53.186381,0.774985,False,
16501,1100.000000,369,371,0.619961,50.686974,0.958409,False,0.159962
16501,1100.000000,369,382,4.689648,60.130088,0.860542,False,
16501,1100.000000,369,386,2.687725,151.759281,0.567276,False,4.371480
16501,1100.000000,371,386,2.572814,157.553745,0.228808,False,4.706497
16501,1100.000000,382,383,0.547761,3.456789,0.961460,True,
16501,1100.000000,382,385,3.589816,179.196650,0.281432,False,
16501,1100.000000,382,386,3.595276,91.629193,0.009012,False,
16501,1100.000000,383,385,3.936513,175.739861,0.292156,False,
16501,1100.000000,383,386,3.630380,88.172404,0.112323,False,
16501,1100.000000,384,387,4.066129,178.685740,0.912218,False,
16501,1100.000000,384,388,1.759094,167.081707,0.517973,False,
16501,1100.000000,384,389,2.395945,165.372353,0.507257,False,
16501,1100.000000,385,387,1.466824,179.326423,0.713388,False,
16501,1100.000000,386,387,8.117691,91.758966,0.269878,False,3.979063
16501,1100.000000,387,388,4.522860,11.604033,0.558690,False,
16501,1100.000000,388,389,0.717025,1.709353,0.850500,True,1.488510
16511,1100.666667,356,369,2.756105,135.775098,0.951941,False,
16511,1100.666667,356,371,3.281834,106.938259,0.541590,False,
16511,1100.666667,356,382,2.544073,160.210352,0.990627,False,
16511,1100.666667,356,383,3.053616,159.202062,0.995513,False,
16511,1100.666667,356,385,4.734374,16.805376,0.277655,False,
16511,1100.666667,356,386,3.335339,91.956018,0.938611,False,
16511,1100.666667,356,387,4.317674,166.293858,0.127295,False,
16511,1100.666667,361,384,3.769304,93.156151,0.639710,False,
16511,1100.666667,361,385,3.150096,90.132883,0.709481,False,
16511,1100.666667,361,387,2.837614,86.767883,0.433471,False,
16511,1100.666667,361,388,4.090556,97.909621,0.888417,False,
16511,1100.666667,361,389,4.760137,97.542202,0.897547,False,
16511,1100.666667,369,371,0.537278,28.836839,0.914433,False,
16511,1100.666667,369,382,4.369585,64.014550,0.836329,False,
16511,1100.666667,369,383,4.689089,65.022840,0.875812,False,
16511,1100.666667,369,386,2.396208,132.268885,0.771746,False,3.359131
16511,1100.666667,371,382,4.758970,92.851389,0.686924,False,
16511,1100.666667,371,386,2.424826,161.105724,0.249242,False,
16511,1100.666667,382,383,0.536887,1.008290,0.971175,True,
16511,1100.666667,382,385,4.625653,177.015728,0.197777,False,
16511,1100.666667,382,386,3.266163,68.254334,0.070554,False,
16511,1100.666667,382,387,4.701760,6.083506,0.447001,False,
16511,1100.666667,383,385,4.942914,176.007438,0.252151,False,
16511,1100.666667,383,386,3.319584,67.246044,0.083689,False,
16511,1100.666667,384,388,2.316541,168.934229,0.137678,False,
16511,1100.666667,384,389,2.718001,169.301647,0.311664,False,
16511,1100.666667,385,387,0.908564,176.900766,0.958878,False,
16511,1100.666667,385,388,3.923602,171.957496,0.922097,False,
16511,1100.666667,385,389,4.370874,172.324915,0.980548,False,
16511,1100.666667,387,388,4.577250,11.141738,0.517465,False,
16511,1100.666667,388,389,0.672375,0.367419,0.930409,True,
16521,1101.333333,356,369,2.766417,37.962527,0.974303,False,
16521,1101.333333,356,371,3.293019,119.687442,0.708623,False,
16521,1101.333333,356,382,2.536103,147.461061,0.998336,False,
16521,1101.333333,356,383,3.066985,150.032888,0.991078,False,
16521,1101.333333,356,386,3.356039,83.179144,0.992286,False,
16521,1101.333333,356,387,3.557627,155.006139,0.199090,False,
16521,1101.333333,361,385,2.690414,92.444432,0.807156,False,
16521,1101.333333,361,387,3.552395,85.306419,0.332961,False,
16521,1101.333333,361,388,3.923727,94.470507,0.965223,False,
16521,1101.333333,361,389,4.625207,89.578066,0.979225,False,
16521,1101.333333,369,371,0.537278,157.649969,0.954304,False,
16521,1101.333333,369,382,4.056366,109.498534,0.679714,False,
16521,1101.333333,369,383,4.411165,112.070361,0.782087,False,
16521,1101.333333,369,386,2.199392,45.216616,0.365657,False,
16521,1101.333333,371,382,4.417357,92.851497,0.734453,False,
16521,1101.333333,371,383,4.732674,90.279670,0.821889,False,
16521,1101.333333,371,386,2.202259,157.133415,0.350441,False,
16521,1101.333333,382,383,0.536520,2.571827,0.964311,True,
16521,1101.333333,382,386,2.989069,64.281918,0.057435,False,
16521,1101.333333,382,387,4.377301,7.545078,0.438295,False,
16521,1101.333333,383,386,3.096537,66.853745,0.274694,False,
16521,1101.333333,383,387,4.770464,4.973251,0.495209,False,
16521,1101.333333,385,387,1.915467,177.750851,0.997186,False,
16521,1101.333333,385,388,2.748597,173.085061,0.946733,False,
16521,1101.333333,385,389,3.361287,177.977502,0.805098,False,
16521,1101.333333,387,388,4.639753,9.164089,0.525756,False,
16521,1101.333333,388,389,0.709569,4.892442,0.926028,True,
16531,1102.000000,356,369,2.775986,18.289360,0.983318,False,
16531,1102.000000,356,371,3.312000,139.360609,0.903970,False,
16531,1102.000000,356,382,2.634369,130.149507,0.987222,False,
16531,1102.000000,356,383,3.222562,132.567328,0.975582,False,
16531,1102.000000,356,386,3.370199,50.802841,0.821979,False,
16531,1102.000000,356,387,2.832366,135.293016,0.194544,False,
16531,1102.000000,361,385,2.305943,90.257378,0.942978,False,
16531,1102.000000,361,387,4.234310,85.346375,0.275663,False,
16531,1102.000000,361,388,3.763808,99.950953,0.978513,False,
16531,1102.000000,361,389,4.532674,96.093027,0.983444,False,
16531,1102.000000,369,371,0.599910,157.649969,0.854672,False,
16531,1102.000000,369,382,3.937154,111.860147,0.788125,False,
16531,1102.000000,369,383,4.352452,114.277967,0.871575,False,
16531,1102.000000,369,386,2.250222,32.513481,0.135304,False,
16531,1102.000000,371,382,4.168846,90.489884,0.809065,False,
16531,1102.000000,371,383,4.524948,88.072064,0.887938,False,
16531,1102.000000,371,386,2.091576,169.836550,0.152438,False,8.324804
16531,1102.000000,382,383,0.589037,2.417820,0.932346,True,
16531,1102.000000,382,386,2.704669,79.346666,0.324528,False,
16531,1102.000000,382,387,4.088824,5.143509,0.449051,False,
16531,1102.000000,383,386,2.850289,81.764486,0.549228,False,
16531,1102.000000,383,387,4.555395,2.725688,0.509064,False,
16531,1102.000000,385,387,3.276602,175.603754,0.978698,False,
16531,1102.000000,385,388,1.814595,169.791669,0.990229,False,
16531,1102.000000,385,389,2.587823,173.649594,0.996332,False,
16531,1102.000000,386,387,5.972212,84.490174,0.134244,False,2.900058
16531,1102.000000,387,388,4.676805,14.604577,0.457482,False,
16531,1102.000000,388,389,0.788083,3.857925,0.914413,True,
16541,1102.666667,356,369,2.805861,171.730990,0.896408,False,
16541,1102.666667,356,371,3.351598,171.730990,0.929427,False,
16541,1102.666667,356,382,2.909084,78.016546,0.967132,False,
16541,1102.666667,356,383,3.485161,85.958878,0.934777,False,
16541,1102.666667,356,386,3.442256,35.300506,0.907734,False,
16541,1102.666667,356,387,2.045447,86.314846,0.333691,False,
16541,1102.666667,356,390,4.515515,80.242960,0.703310,False,
16541,1102.666667,361,385,2.230991,87.795441,0.999699,False,
16541,1102.666667,361,388,3.676553,98.270995,0.999790,False,
16541,1102.666667,361,389,4.398607,102.112286,0.988250,False,
16541,1102.666667,369,371,0.599910,0.000000,0.000000,False,
16541,1102.666667,369,382,3.737429,93.714443,0.904030,False,
16541,1102.666667,369,383,4.198614,85.772112,0.977198,False,
16541,1102.666667,369,386,2.210200,152.968504,0.228214,False,
16541,1102.666667,369,387,4.850825,85.416143,0.395786,False,
16541,1102.666667,371,382,3.912994,93.714443,0.829918,False,
16541,1102.666667,371,383,4.318686,85.772112,0.938650,False,
16541,1102.666667,371,386,2.053946,152.968504,0.481996,False,
16541,1102.666667,382,383,0.580701,7.942332,0.947460,True,
16541,1102.666667,382,386,2.322081,113.317053,0.459893,False,
16541,1102.666667,382,387,3.746377,8.298300,0.488157,False,
16541,1102.666667,382,390,4.066144,2.226413,0.217134,False,
16541,1102.666667,383,386,2.548223,121.259384,0.743947,False,
16541,1102.666667,383,387,4.203364,0.355968,0.522536,False,
16541,1102.666667,383,390,4.140411,5.715918,0.147010,False,
16541,1102.666667,385,387,4.770497,173.211585,0.762642,False,
16541,1102.666667,385,388,1.479400,173.933564,0.693960,False,
16541,1102.666667,385,389,2.171993,170.092273,0.606093,False,
16541,1102.666667,385,390,4.643450,179.283471,0.553000,False,
16541,1102.666667,386,387,5.156266,121.615352,0.069487,False,2.234052
16541,1102.666667,386,388,9.541007,108.760501,0.040374,False,6.211486
16541,1102.666667,387,388,4.775328,12.854851,0.419597,False,
16541,1102.666667,387,390,3.062708,6.071886,0.981839,False,
16541,1102.666667,388,389,0.769134,3.841291,0.904492,True,1.551491
16541,1102.666667,388,390,3.708895,6.782965,0.334236,False,
16541,1102.666667,389,390,3.799044,10.624256,0.175514,False,
16551,1103.333333,356,369,2.714125,71.884407,0.029520,False,6.688600
16551,1103.333333,356,371,3.260609,111.304583,0.141623,False,8.250396
16551,1103.333333,356,382,3.081169,22.008635,0.881754,False,
16551,1103.333333,356,383,3.753478,28.921093,0.862374,False,
16551,1103.333333,356,386,3.353085,108.572188,0.755918,False,
16551,1103.333333,356,387,1.436334,27.462552,0.562114,False,
16551,1103.333333,356,390,4.331960,19.613339,0.788119,False,
16551,1103.333333,361,385,2.318977,89.208288,0.958362,False,
16551,1103.333333,361,388,3.741079,98.272482,0.990120,False,
16551,1103.333333,361,389,4.347323,98.156661,0.998464,False,
16551,1103.333333,369,371,0.599910,39.420176,0.664622,False,
16551,1103.333333,369,382,3.547949,49.875772,0.974595,False,
16551,1103.333333,369,383,4.169784,42.963314,0.999683,False,
16551,1103.333333,369,386,2.187321,179.543405,0.248286,False,
16551,1103.333333,369,387,4.121043,44.421855,0.496330,False,
16551,1103.333333,371,382,3.660040,89.295948,0.916046,False,
16551,1103.333333,371,383,4.225690,82.383490,0.982537,False,
16551,1103.333333,371,386,2.034969,140.123229,0.670922,False,
16551,1103.333333,371,387,4.641614,83.842031,0.424801,False,
16551,1103.333333,382,383,0.699956,6.912457,0.944988,True,
16551,1103.333333,382,386,1.932381,130.580824,0.665405,False,
16551,1103.333333,382,387,3.409657,5.453917,0.472731,False,
16551,1103.333333,382,390,4.084736,2.395297,0.260660,False,
16551,1103.333333,383,386,2.339229,137.493281,0.900463,False,
16551,1103.333333,383,387,3.952012,1.458540,0.538114,False,
16551,1103.333333,383,390,4.135208,9.307754,0.155273,False,
16551,1103.333333,385,388,2.163419,172.519229,0.068700,False,
16551,1103.333333,385,389,2.516577,172.635051,0.199631,False,
16551,1103.333333,386,387,4.340670,136.034740,0.025653,False,2.008115
16551,1103.333333,386,388,8.928389,121.604289,0.000199,False,5.575792
16551,1103.333333,387,388,4.913429,14.430452,0.395882,False,
16551,1103.333333,387,390,3.107679,7.849213,0.958510,False,
16551,1103.333333,388,389,0.700943,0.115821,0.909221,True,
16551,1103.333333,388,390,3.577442,6.581238,0.358251,False,
16551,1103.333333,389,390,3.656409,6.465417,0.173462,False,
16561,1104.000000,356,369,2.540455,26.024598,0.072664,False,4.841592
16561,1104.000000,356,371,3.078632,112.673155,0.173565,False,6.307328
16561,1104.000000,356,382,3.313375,28.282904,0.845671,False,
16561,1104.000000,356,383,3.984258,24.545549,0.892250,False,
16561,1104.000000,356,386,3.223180,112.673155,0.738287,False,
16561,1104.000000,356,387,1.189322,26.654608,0.783717,False,
16561,1104.000000,356,390,4.258152,7.345890,0.696735,False,
16561,1104.000000,361,385,2.605917,87.035000,0.835913,False,
16561,1104.000000,361,388,3.842209,99.523579,0.962812,False,
16561,1104.000000,361,389,4.477189,96.047206,0.970774,False,
16561,1104.000000,369,371,0.580382,86.648558,0.066910,False,
16561,1104.000000,369,382,3.505759,2.258306,0.998479,False,
16561,1104.000000,369,383,4.137089,1.479049,0.999096,False,
16561,1104.000000,369,386,2.163514,86.648558,0.958364,False,
16561,1104.000000,369,387,3.574900,0.630010,0.534038,False,
16561,1104.000000,371,382,3.568720,84.390251,0.976434,False,
16561,1104.000000,371,383,4.148981,88.127607,0.983247,False,
16561,1104.000000,371,386,2.034969,0.000000,0.000000,False,
16561,1104.000000,371,387,4.061437,86.018548,0.462184,False,
16561,1104.000000,382,383,0.695006,3.737355,0.927198,True,1.854788
16561,1104.000000,382,386,1.703513,84.390251,0.853017,False,
16561,1104.000000,382,387,3.158718,1.628296,0.492465,False,
16561,1104.000000,382,390,4.057391,20.937014,0.162968,False,
16561,1104.000000,383,386,2.175182,88.127607,0.939945,False,
16561,1104.000000,383,387,3.733278,2.109059,0.607598,False,
16561,1104.000000,383,390,4.159504,17.199658,0.033413,False,
16561,1104.000000,385,388,3.196481,173.441421,0.060160,False,
16561,1104.000000,385,389,3.452168,176.917794,0.409472,False,
16561,1104.000000,386,387,3.666057,86.018548,0.042804,False,1.722588
16561,1104.000000,386,388,8.333993,99.523579,0.005749,False,5.329883
16561,1104.000000,387,388,4.903968,13.505031,0.321450,False,
16561,1104.000000,387,390,3.088120,19.308717,0.878461,False,
16561,1104.000000,388,389,0.740498,3.476373,0.960545,True,
16561,1104.000000,388,390,3.440335,5.803686,0.498603,False,8.789802
16561,1104.000000,389,390,3.399478,9.280059,0.261988,False,4.742294
16571,1104.666667,356,369,2.384425,12.080026,0.450266,False,
16571,1104.666667,356,371,2.916049,132.420722,0.505944,False,
16571,1104.666667,356,382,3.550099,40.167561,0.905314,False,
16571,1104.666667,356,383,4.172321,41.910955,0.924655,False,
16571,1104.666667,356,386,3.116953,132.420722,0.937536,False,
16571,1104.666667,356,387,1.007332,39.243339,0.959290,False,
16571,1104.666667,356,390,3.978894,34.768477,0.729906,False,
16571,1104.666667,361,385,3.065271,89.532184,0.746040,False,
16571,1104.666667,361,388,4.046477,95.123236,0.884873,False,
16571,1104.666667,361,389,4.671481,99.692712,0.948679,False,
16571,1104.666667,369,371,0.579866,144.500748,0.895872,False,
16571,1104.666667,369,382,3.509445,52.247587,0.994334,False,
16571,1104.666667,369,383,4.131866,53.990981,0.999605,False,
16571,1104.666667,369,386,2.181551,144.500748,0.749412,False,
16571,1104.666667,369,387,2.931960,51.323365,0.514343,False,
16571,1104.666667,371,382,3.482953,92.253162,0.972307,False,
16571,1104.666667,371,383,4.067106,90.509767,0.991975,False,
16571,1104.666667,371,386,2.034969,0.000000,0.000000,False,
16571,1104.666667,371,387,3.369647,93.177383,0.428085,False,
16571,1104.666667,382,383,0.654904,1.743395,0.958703,True,
16571,1104.666667,382,386,1.507054,92.253162,0.900992,False,
16571,1104.666667,382,387,2.909448,0.924221,0.658791,False,
16571,1104.666667,382,390,3.970540,5.399084,0.113511,False,
16571,1104.666667,383,386,2.044611,90.509767,0.979100,False,
16571,1104.666667,383,387,3.473613,2.667616,0.726593,False,
16571,1104.666667,383,390,4.098277,7.142478,0.033310,False,
16571,1104.666667,385,388,4.359280,175.344580,0.010993,False,
16571,1104.666667,385,389,4.598695,170.775103,0.211527,False,
16571,1104.666667,385,391,2.228932,158.225327,0.985449,False,
16571,1104.666667,386,387,2.911429,93.177383,0.200352,False,1.431035
16571,1104.666667,386,388,7.767281,95.123236,0.072546,False,5.283902
16571,1104.666667,386,390,4.986133,97.652245,0.309622,False,
16571,1104.666667,387,390,3.047552,4.474862,0.801216,False,
16571,1104.666667,388,389,0.721779,4.569477,0.992398,True,0.990942
16571,1104.666667,388,390,3.299729,2.529009,0.377673,False,
16571,1104.666667,389,390,3.172552,2.040467,0.211655,False,
16581,1105.333333,356,369,2.265045,71.755560,0.733214,False,
16581,1105.333333,356,371,2.781363,147.657658,0.749467,False,
16581,1105.333333,356,382,3.909097,51.179926,0.925097,False,
16581,1105.333333,356,383,4.511922,58.438602,0.935364,False,
16581,1105.333333,356,386,3.105553,147.657658,0.999664,False,
16581,1105.333333,356,387,1.222110,52.058001,0.984406,False,
16581,1105.333333,356,390,4.121470,64.478372,0.833726,False,
16581,1105.333333,361,385,3.587145,93.156151,0.672195,False,
16581,1105.333333,361,388,4.367767,93.981867,0.814844,False,
16581,1105.333333,361,389,4.843442,96.152829,0.882274,False,
16581,1105.333333,361,391,4.778641,105.346736,0.609896,False,
16581,1105.333333,369,371,0.560054,140.586782,0.632798,False,
16581,1105.333333,369,382,3.488644,122.935486,0.999865,False,
16581,1105.333333,369,383,4.187011,130.194161,0.993480,False,
16581,1105.333333,369,386,2.194088,140.586782,0.455156,False,
16581,1105.333333,369,387,2.339792,123.813561,0.620155,False,
16581,1105.333333,371,382,3.357566,96.477732,0.988018,False,
16581,1105.333333,371,383,4.045091,89.219056,0.999984,False,
16581,1105.333333,371,386,2.034969,0.000000,0.000000,False,
16581,1105.333333,371,387,2.692420,95.599657,0.488613,False,
16581,1105.333333,371,391,13.347094,105.346736,0.013137,False,9.446250
16581,1105.333333,382,383,0.698795,7.258676,0.995029,True,
16581,1105.333333,382,386,1.322612,96.477732,0.987433,False,
16581,1105.333333,382,387,2.752942,0.878075,0.734322,False,
16581,1105.333333,382,390,4.149060,13.298445,0.215436,False,
16581,1105.333333,383,386,2.012151,89.219056,0.999297,False,
16581,1105.333333,383,387,3.320067,6.380601,0.790274,False,
16581,1105.333333,383,390,4.155280,6.039770,0.126054,False,
16581,1105.333333,385,391,1.554403,161.497113,0.828640,False,
16581,1105.333333,386,387,2.186014,95.599657,0.320351,False,
16581,1105.333333,386,390,4.686393,83.179286,0.585132,False,
16581,1105.333333,387,390,3.396004,12.420371,0.802344,False,
16581,1105.333333,388,389,0.631454,2.170962,0.986554,True,0.861780
16581,1105.333333,388,390,3.166901,10.802581,0.322028,False,
16581,1105.333333,389,390,3.066561,12.973543,0.146564,False,
16591,1106.000000,361,388,4.729659,92.811978,0.735283,False,
16591,1106.000000,361,391,4.442018,101.530290,0.719819,False,
16591,1106.000000,361,392,5.288218,156.684692,0.107226,False,5.107448
16591,1106.000000,369,371,0.599981,5.066649,0.961920,True,
16591,1106.000000,369,386,2.205326,5.066649,0.144001,False,8.520005
16591,1106.000000,369,387,1.820769,90.664583,0.875434,False,
16591,1106.000000,369,391,12.320395,96.463640,0.262227,False,9.342747
16591,1106.000000,371,386,2.034969,0.000000,0.000000,False,
16591,1106.000000,371,387,2.095508,95.731232,0.624548,False,
16591,1106.000000,386,387,1.526868,95.731232,0.462682,False,
16591,1106.000000,386,390,4.324381,96.723598,0.418636,False,
16591,1106.000000,387,390,3.624896,0.992366,0.708284,False,
16591,1106.000000,388,389,0.686170,0.906982,0.992077,True,
16591,1106.000000,388,390,3.005434,3.911621,0.431882,False,
16591,1106.000000,388,392,1.500742,110.503330,0.316310,False,
16591,1106.000000,389,390,2.888531,4.818602,0.205552,False,4.435729
16591,1106.000000,389,392,0.934104,111.410312,0.010636,False,
16591,1106.000000,390,392,3.578473,106.591710,0.815797,False,
16601,1106.666667,361,391,4.081129,110.085749,0.671557,False,
16601,1106.666667,361,392,4.894279,174.476574,0.413819,False,
16601,1106.666667,361,393,2.936014,91.234142,0.481226,False,
16601,1106.666667,361,394,2.452586,89.737932,0.400105,False,
16601,1106.666667,369,371,0.537278,104.855769,0.538479,False,
16601,1106.666667,369,386,2.038334,39.413218,0.446447,False,
16601,1106.666667,369,387,1.404261,55.064250,0.950351,False,
16601,1106.666667,371,386,2.034969,144.268987,0.551493,False,
16601,1106.666667,371,387,1.662570,49.791519,0.771669,False,
16601,1106.666667,371,391,12.348485,34.183237,0.108467,False,9.572622
16601,1106.666667,386,387,1.022522,94.477467,0.673504,False,
16601,1106.666667,386,390,3.923757,95.740378,0.467827,False,
16601,1106.666667,387,390,3.727537,1.262910,0.691768,False,
16601,1106.666667,388,389,0.650006,3.413665,0.997803,True,0.555093
16601,1106.666667,388,390,2.778861,7.087673,0.386337,False,4.582310
16601,1106.666667,388,392,1.813976,96.870721,0.056393,False,
16601,1106.666667,389,390,2.653816,3.674007,0.194985,False,4.193194
16601,1106.666667,389,392,1.546120,93.457056,0.431640,False,
16601,1106.666667,390,392,4.151779,89.783048,0.769649,False,
16601,1106.666667,391,392,4.388652,75.437677,0.859305,False,
16601,1106.666667,391,393,2.239105,18.851608,0.991264,True,
16601,1106.666667,391,394,2.665051,20.347818,0.999940,False,
16601,1106.666667,392,393,5.706003,94.289284,0.858476,False,2.437075
16601,1106.666667,393,394,0.575658,1.496210,0.859040,True,
16611,1107.333333,361,391,3.659730,102.598419,0.820165,False,
16611,1107.333333,361,392,4.590114,174.000857,0.634772,False,
16611,1107.333333,361,393,2.321912,83.327484,0.711877,False,
16611,1107.333333,361,394,1.804528,86.756523,0.586708,False,
16611,1107.333333,369,371,0.626517,157.649969,0.914089,False,
16611,1107.333333,369,386,2.181551,157.649969,0.161772,False,
16611,1107.333333,369,387,1.523486,104.756668,0.997020,False,
16611,1107.333333,369,390,4.918779,112.781871,0.771336,False,
16611,1107.333333,369,395,2.892497,77.338884,0.966302,False,
16611,1107.333333,371,386,2.112350,0.000000,0.000000,False,
16611,1107.333333,371,387,1.438944,97.593362,0.971607,False,
16611,1107.333333,371,395,2.751735,80.311085,0.996824,False,
16611,1107.333333,386,387,0.677534,97.593362,0.994497,False,
16611,1107.333333,386,390,3.608070,89.568159,0.609150,False,
16611,1107.333333,386,394,11.441650,86.756523,0.045866,False,6.090609
16611,1107.333333,386,395,0.737846,80.311085,0.931812,False,
16611,1107.333333,387,390,4.039495,8.025203,0.645548,False,
16611,1107.333333,387,395,1.369168,177.904447,0.946186,False,
16611,1107.333333,388,389,0.613742,0.790664,0.998776,True,
16611,1107.333333,388,390,2.620165,0.099755,0.366920,False,
16611,1107.333333,388,392,2.084622,84.332942,0.303244,False,
16611,1107.333333,388,395,5.716794,169.978999,0.984980,False,1.804931
16611,1107.333333,389,390,2.495902,0.690909,0.131767,False,5.553207
16611,1107.333333,389,392,1.992615,85.123607,0.584524,False,
16611,1107.333333,389,393,6.805002,5.549767,0.295055,False,9.825629
16611,1107.333333,390,392,4.484605,84.432698,0.727409,False,
16611,1107.333333,390,395,3.604767,169.879244,0.063879,False,
16611,1107.333333,391,392,3.941058,71.402438,0.734015,False,
16611,1107.333333,391,393,1.979487,19.270935,0.981045,True,
16611,1107.333333,391,394,2.415164,15.841896,0.999980,True,
16611,1107.333333,392,393,4.948460,90.673373,0.737421,False,2.033965
16611,1107.333333,392,394,4.953251,87.244334,0.849628,False,2.237890
16611,1107.333333,393,394,0.560473,3.429039,0.895041,True,
16621,1108.000000,361,391,3.484398,94.670541,0.946502,False,
16621,1108.000000,361,392,4.319051,168.976751,0.417900,False,
16621,1108.000000,361,393,1.925603,81.996805,0.919970,False,
16621,1108.000000,361,394,1.317898,86.753993,0.832314,False,
16621,1108.000000,369,371,0.599910,50.805442,0.996909,False,
16621,1108.000000,369,386,2.187321,15.074428,0.026665,False,8.872160
16621,1108.000000,369,387,1.711922,87.604263,0.831103,False,
16621,1108.000000,369,390,4.737708,75.607740,0.960706,False,
16621,1108.000000,369,395,2.874513,102.701484,0.999351,False,
16621,1108.000000,371,386,2.034969,35.731013,0.551493,False,
16621,1108.000000,371,387,1.320716,138.409705,0.975073,False,
16621,1108.000000,371,390,4.934284,126.413182,0.894720,False,
16621,1108.000000,371,395,2.776446,51.896042,0.981826,False,
16621,1108.000000,386,387,1.002397,102.678692,0.663271,False,
16621,1108.000000,386,388,4.877762,87.802474,0.278064,False,
16621,1108.000000,386,390,3.308199,90.682168,0.649710,False,
16621,1108.000000,386,391,10.785655,94.670541,0.033104,False,8.747661
16621,1108.000000,386,394,10.709932,86.753993,0.045395,False,5.587759
16621,1108.000000,386,395,0.754168,87.627056,0.956558,False,
16621,1108.000000,387,390,4.290753,11.996523,0.592154,False,
16621,1108.000000,387,395,1.727211,169.694253,0.829418,False,
16621,1108.000000,388,389,0.671617,3.605711,0.995907,True,
16621,1108.000000,388,390,2.458969,2.879695,0.392215,False,
16621,1108.000000,388,392,2.613494,103.220776,0.459226,False,
16621,1108.000000,388,395,4.565956,175.429529,0.365213,False,1.335814
16621,1108.000000,389,390,2.376514,6.485406,0.089995,False,5.255416
16621,1108.000000,389,392,2.544952,106.826487,0.637942,False,
16621,1108.000000,389,395,4.781587,171.823819,0.427598,False,
16621,1108.000000,390,392,4.920226,100.341081,0.805852,False,
16621,1108.000000,390,393,8.784946,8.685363,0.219652,False,8.410125
16621,1108.000000,390,395,2.717891,178.309224,0.456460,False,
16621,1108.000000,391,392,3.376443,96.352709,0.700194,False,
16621,1108.000000,391,393,1.735259,12.673735,0.990348,True,
16621,1108.000000,391,394,2.325605,7.916548,0.999733,True,
16621,1108.000000,391,395,10.537107,177.702403,0.102394,False,3.499639
16621,1108.000000,392,393,3.976342,109.026444,0.705742,False,1.416632
16621,1108.000000,392,394,4.122282,104.269257,0.862547,False,
16621,1108.000000,393,394,0.628915,4.757188,0.973988,True,
16631,1108.666667,361,391,3.339799,102.598419,0.937623,False,
16631,1108.666667,361,392,3.976803,169.778486,0.452006,False,
16631,1108.666667,361,393,1.690389,95.966648,0.968532,False,
16631,1108.666667,361,394,1.058987,93.092740,0.995808,False,
16631,1108.666667,369,371,0.537278,22.350031,0.954304,False,
16631,1108.666667,369,386,2.038334,22.350031,0.164235,False,8.019983
16631,1108.666667,369,388,4.923684,65.404931,0.759885,False,
16631,1108.666667,369,390,4.452382,68.517360,0.976515,False,
16631,1108.666667,369,393,9.774002,73.616617,0.142347,False,4.989034
16631,1108.666667,369,394,9.490389,70.742710,0.129286,False,4.850274
16631,1108.666667,369,395,2.720438,114.754959,0.970294,False,
16631,1108.666667,371,386,2.034969,0.000000,0.000000,False,
16631,1108.666667,371,390,4.713346,90.867391,0.884084,False,
16631,1108.666667,371,393,10.310071,95.966648,0.047782,False,5.184730
16631,1108.666667,371,394,10.027648,93.092740,0.040555,False,4.933343
16631,1108.666667,371,395,2.910268,92.404928,0.949090,False,
16631,1108.666667,386,388,4.352651,87.754962,0.322815,False,
16631,1108.666667,386,389,4.644493,86.930072,0.462703,False,
16631,1108.666667,386,390,2.988859,90.867391,0.714339,False,
16631,1108.666667,386,395,1.174107,92.404928,0.619317,False,
16631,1108.666667,388,389,0.685005,0.824890,0.999434,True,
16631,1108.666667,388,390,2.305635,3.112429,0.384366,False,
16631,1108.666667,388,392,3.299784,102.466552,0.528824,False,
16631,1108.666667,388,395,3.267410,179.840110,0.227644,False,
16631,1108.666667,389,390,2.180908,3.937319,0.082111,False,2.165157
16631,1108.666667,389,392,3.359964,103.291442,0.635662,False,
16631,1108.666667,389,395,3.501087,179.335000,0.068704,False,
16631,1108.666667,390,395,1.847426,176.727681,0.863614,False,
16631,1108.666667,391,392,2.851919,87.623095,0.733770,False,
16631,1108.666667,391,393,1.649664,6.631771,0.964659,True,
16631,1108.666667,391,394,2.288175,9.505679,0.957978,True,
16631,1108.666667,391,395,9.373433,164.996652,0.409116,False,3.217781
16631,1108.666667,392,393,3.042270,94.254866,0.853628,False,
16631,1108.666667,392,394,3.227041,97.128774,0.921983,False,
16631,1108.666667,393,394,0.648245,2.873908,0.918603,True,0.612093
16641,1109.333333,361,391,3.203244,99.440367,0.982946,False,
16641,1109.333333,361,392,3.754302,172.164826,0.740205,False,
16641,1109.333333,361,393,1.582213,97.739606,0.978237,False,
16641,1109.333333,361,394,1.231955,92.394684,0.812423,False,
16641,1109.333333,369,371,0.537278,0.000000,0.000000,False,
16641,1109.333333,369,386,2.038334,0.000000,0.000000,False,
16641,1109.333333,369,388,4.450800,91.137715,0.707194,False,
16641,1109.333333,369,389,4.935653,86.933664,0.821539,False,
16641,1109.333333,369,390,4.339452,78.271982,0.996086,False,
16641,1109.333333,369,393,8.973357,97.739606,0.013840,False,4.226769
16641,1109.333333,369,394,8.686300,92.394684,0.051789,False,4.272923
16641,1109.333333,369,395,2.886867,93.940910,0.945477,False,
16641,1109.333333,371,386,2.034969,0.000000,0.000000,False,
16641,1109.333333,371,388,4.868035,91.137715,0.653943,False,
16641,1109.333333,371,390,4.565991,78.271982,0.980460,False,
16641,1109.333333,371,393,9.509650,97.739606,0.010322,False,4.494794
16641,1109.333333,371,394,9.223565,92.394684,0.051382,False,4.564992
16641,1109.333333,371,395,3.174072,93.940910,0.886122,False,
16641,1109.333333,386,388,3.743875,91.137715,0.307710,False,
16641,1109.333333,386,389,3.972133,86.933664,0.527451,False,
16641,1109.333333,386,390,2.760175,78.271982,0.894695,False,
16641,1109.333333,386,395,1.717275,93.940910,0.453347,False,
16641,1109.333333,388,389,0.691387,4.204051,0.994994,True,
16641,1109.333333,388,390,2.059072,12.865733,0.395181,False,
16641,1109.333333,388,392,3.945495,81.027111,0.531300,False,
16641,1109.333333,388,395,2.034155,174.921375,0.857208,False,
16641,1109.333333,389,390,1.791122,8.661682,0.031124,False,2.620580
16641,1109.333333,389,392,4.142661,85.231162,0.601118,False,
16641,1109.333333,389,395,2.270024,179.125425,0.850120,False,
16641,1109.333333,390,395,1.501385,172.212893,0.975213,False,
16641,1109.333333,391,392,2.494528,72.724459,0.547231,False,
16641,1109.333333,391,393,1.814624,1.700761,0.886674,True,
16641,1109.333333,391,394,2.379869,7.045683,0.906589,True,
16641,1109.333333,391,395,8.355759,166.618722,0.380884,False,2.986364
16641,1109.333333,392,393,2.334224,74.425220,0.885391,False,
16641,1109.333333,392,394,2.523305,79.770142,0.944865,False,
16641,1109.333333,393,394,0.566425,5.344922,0.878082,True,
16651,1110.000000,361,391,3.199120,96.081065,0.999902,False,
16651,1110.000000,361,392,3.584025,174.105850,0.762137,False,
16651,1110.000000,361,393,1.969965,93.093636,0.775482,False,
16651,1110.000000,361,394,1.806349,92.114161,0.580431,False,
16651,1110.000000,369,371,0.537278,164.925572,0.984466,False,
16651,1110.000000,369,386,2.038334,164.925572,0.037990,False,
16651,1110.000000,369,388,4.060494,105.405005,0.709341,False,
16651,1110.000000,369,389,4.687466,112.290900,0.856812,False,
16651,1110.000000,369,390,4.393835,115.084246,0.986478,False,
16651,1110.000000,369,395,3.173173,73.252290,0.878826,False,
16651,1110.000000,371,386,2.034969,0.000000,0.000000,False,
16651,1110.000000,371,388,4.443286,89.669423,0.735748,False,
16651,1110.000000,371,390,4.566061,79.990182,0.992652,False,
16651,1110.000000,371,394,8.480418,92.114161,0.067230,False,4.059237
16651,1110.000000,371,395,3.545773,91.673282,0.760541,False,
16651,1110.000000,386,388,3.189604,89.669423,0.387298,False,
16651,1110.000000,386,389,3.543200,82.783529,0.662400,False,
16651,1110.000000,386,390,2.648501,79.990182,0.950017,False,
16651,1110.000000,386,395,2.375407,91.673282,0.278624,False,
16651,1110.000000,388,389,0.776889,6.885894,0.995589,True,
16651,1110.000000,388,390,2.030221,9.679241,0.480968,False,
16651,1110.000000,388,392,4.503335,84.436427,0.559631,False,
16651,1110.000000,388,395,0.899217,178.657295,0.772712,False,
16651,1110.000000,389,390,1.710532,2.793346,0.053302,False,2.633234
16651,1110.000000,389,392,4.718100,91.322321,0.582652,False,
16651,1110.000000,389,395,1.534636,174.456811,0.576978,False,
16651,1110.000000,390,395,2.030549,171.663464,0.942070,False,
16651,1110.000000,391,392,2.264608,78.024785,0.408904,False,
16651,1110.000000,391,393,2.011090,2.987429,0.820918,True,
16651,1110.000000,391,394,2.505940,3.966903,0.845521,False,
16651,1110.000000,391,395,7.282404,172.245654,0.213294,False,2.583847
16651,1110.000000,392,393,1.615585,81.012214,0.909827,False,
16651,1110.000000,392,394,1.866986,81.991688,0.978436,False,
16651,1110.000000,393,394,0.500001,0.979474,0.912071,True,
16661,1110.666667,361,391,3.190185,90.855561,0.993029,False,
16661,1110.666667,361,392,3.402722,173.087716,0.467378,False,
16661,1110.666667,361,393,2.507816,84.496409,0.590707,False,
16661,1110.666667,361,394,2.556483,83.520628,0.371950,False,
16661,1110.666667,369,371,0.579866,147.660218,0.749422,False,
16661,1110.666667,369,386,2.181551,147.660218,0.330507,False,
16661,1110.666667,369,388,3.868044,124.373381,0.827542,False,
16661,1110.666667,369,389,4.548342,127.483988,0.916148,False,
16661,1110.666667,369,390,4.459436,124.135955,0.983928,False,
16661,1110.666667,369,395,3.724148,58.353740,0.778165,False,
16661,1110.666667,371,386,2.034969,0.000000,0.000000,False,
16661,1110.666667,371,388,4.109397,87.966401,0.814960,False,
16661,1110.666667,371,389,4.719539,84.855793,0.909648,False,
16661,1110.666667,371,390,4.450405,88.203827,0.984306,False,
16661,1110.666667,371,394,7.595993,93.976101,0.035876,False,3.725938
16661,1110.666667,371,395,4.070373,89.306478,0.645154,False,
16661,1110.666667,386,388,2.712858,87.966401,0.484376,False,
16661,1110.666667,386,389,3.060357,84.855793,0.738713,False,
16661,1110.666667,386,390,2.468445,88.203827,0.950257,False,
16661,1110.666667,386,395,3.063168,89.306478,0.193837,False,
16661,1110.666667,388,389,0.853076,3.110608,0.968090,True,
16661,1110.666667,388,390,1.917448,0.237426,0.541263,False,
16661,1110.666667,388,395,0.833138,177.272879,0.798419,False,
16661,1110.666667,389,390,1.437721,3.348034,0.113772,False,3.840510
16661,1110.666667,389,395,1.616217,174.162271,0.977488,False,
16661,1110.666667,390,395,2.739371,177.510305,0.674235,False,
16661,1110.666667,391,392,2.006284,96.056723,0.513360,False,
16661,1110.666667,391,393,2.258959,6.359151,0.681115,False,
16661,1110.666667,391,394,2.840850,7.334933,0.709579,False,
16661,1110.666667,391,395,6.258398,169.382488,0.210193,False,2.243103
16661,1110.666667,392,393,1.017401,102.415874,0.998855,False,
16661,1110.666667,392,394,1.438993,103.391656,0.925426,False,
16661,1110.666667,392,395,4.421976,73.325765,0.223795,False,
16661,1110.666667,393,394,0.586487,0.975781,0.801985,True,
16661,1110.666667,393,395,4.980369,175.741639,0.704226,False,
16661,1110.666667,394,395,4.849065,176.717421,0.812992,False,
16671,1111.333333,361,391,3.118277,81.684028,0.923556,False,
16671,1111.333333,361,392,3.034015,174.090288,0.530476,False,
16671,1111.333333,361,393,3.153436,87.145683,0.468876,False,
16671,1111.333333,361,394,3.112701,84.918613,0.295816,False,
16671,1111.333333,361,396,4.642090,86.480472,0.978895,False,
16671,1111.333333,369,371,0.601679,15.074428,0.938053,True,0.027337
16671,1111.333333,369,386,2.151414,108.285195,0.115714,False,8.573639
16671,1111.333333,369,388,3.649833,77.440949,0.943854,False,
16671,1111.333333,369,389,4.409211,75.742179,0.976433,False,
16671,1111.333333,369,390,4.448059,68.922868,0.955078,False,
16671,1111.333333,369,393,6.553696,82.526727,0.147735,False,2.990101
16671,1111.333333,369,394,6.378171,80.299658,0.135395,False,3.432674
16671,1111.333333,369,395,4.147924,111.349962,0.656408,False,
16671,1111.333333,371,386,2.034969,93.210767,0.999863,False,
16671,1111.333333,371,388,3.883561,92.515377,0.821851,False,
16671,1111.333333,371,389,4.589263,90.816607,0.890613,False,
16671,1111.333333,371,390,4.423804,83.997296,0.999908,False,
16671,1111.333333,371,393,7.133149,97.601156,0.037649,False,3.271205
16671,1111.333333,371,394,6.966412,95.374086,0.017947,False,3.645747
16671,1111.333333,371,395,4.587722,96.275533,0.662377,False,
16671,1111.333333,386,388,2.351242,174.273855,0.493408,False,
16671,1111.333333,386,389,2.852269,175.972626,0.719630,False,
16671,1111.333333,386,390,2.400513,177.208063,0.996887,False,
16671,1111.333333,386,395,3.718882,3.064766,0.270534,False,
16671,1111.333333,388,389,0.831899,1.698771,0.999786,True,
16671,1111.333333,388,390,1.903246,8.518081,0.571087,False,
16671,1111.333333,388,395,1.796481,171.209089,0.318968,False,
16671,1111.333333,389,390,1.531509,6.819311,0.148086,False,
16671,1111.333333,389,395,2.263686,172.907860,0.198720,False,
16671,1111.333333,390,395,3.669465,179.727170,0.372834,False,
16671,1111.333333,391,392,1.696172,104.225683,0.348092,False,
16671,1111.333333,391,393,2.626966,5.461654,0.576804,False,
16671,1111.333333,391,394,3.003576,3.234585,0.666423,False,
16671,1111.333333,391,396,1.528153,4.796444,0.993595,True,
16671,1111.333333,392,393,0.951360,98.764029,0.355841,False,
16671,1111.333333,392,394,1.367484,100.991098,0.462574,False,
16671,1111.333333,392,395,3.943482,67.359282,0.278716,False,
16671,1111.333333,392,396,2.705604,99.429239,0.573306,False,
16671,1111.333333,393,394,0.445287,2.227069,0.936880,False,
16671,1111.333333,393,395,3.581756,166.123311,0.981108,False,
16671,1111.333333,393,396,3.629020,0.665210,0.825096,False,
16671,1111.333333,394,395,3.683274,168.350380,0.933661,False,
16671,1111.333333,394,396,4.063792,1.561859,0.849493,False,
16681,1112.000000,361,391,3.257989,74.234883,0.794644,False,
16681,1112.000000,361,392,2.812810,175.961072,0.846856,False,
16681,1112.000000,361,393,3.825692,91.397818,0.314468,False,
16681,1112.000000,361,394,3.832540,93.881106,0.248773,False,
16681,1112.000000,361,396,4.802313,89.117395,0.906813,False,
16681,1112.000000,369,371,0.537278,32.339782,0.887995,False,
16681,1112.000000,369,386,2.032959,162.779808,0.807171,False,4.823450
16681,1112.000000,369,388,3.280716,63.710970,0.957075,False,
16681,1112.000000,369,389,4.107348,60.086106,0.987404,False,
16681,1112.000000,369,390,4.389413,51.063627,0.947492,False,
16681,1112.000000,369,393,5.826008,59.058037,0.212736,False,2.784210
16681,1112.000000,369,394,5.659313,61.541325,0.107830,False,2.741106
16681,1112.000000,369,395,4.606937,126.906983,0.546620,False,
16681,1112.000000,371,386,2.034738,164.880410,0.307945,False,
16681,1112.000000,371,388,3.501703,96.050752,0.870777,False,
16681,1112.000000,371,389,4.282020,92.425888,0.940452,False,
16681,1112.000000,371,390,4.432159,83.403409,0.998110,False,
16681,1112.000000,371,394,6.196457,93.881106,0.040125,False,2.940893
16681,1112.000000,386,388,1.749793,99.068838,0.509817,False,
16681,1112.000000,386,389,2.369666,102.693702,0.791790,False,
16681,1112.000000,386,390,2.397458,111.716181,0.983419,False,
16681,1112.000000,386,395,4.351736,70.313209,0.271226,False,
16681,1112.000000,388,389,0.877867,3.624864,0.998777,True,
16681,1112.000000,388,390,1.672945,12.647343,0.751875,True,
16681,1112.000000,388,395,3.113423,169.382046,0.768854,False,
16681,1112.000000,389,390,1.100286,9.022479,0.308439,False,0.544265
16681,1112.000000,389,395,3.511360,173.006910,0.888196,False,
16681,1112.000000,390,395,4.602407,177.970611,0.361876,False,
16681,1112.000000,390,396,7.734221,5.713987,0.034532,False,6.865949
16681,1112.000000,391,392,1.737943,101.726189,0.219152,False,
16681,1112.000000,391,393,3.117251,17.162935,0.655803,False,
16681,1112.000000,391,394,3.466797,19.646223,0.690833,False,
16681,1112.000000,391,395,4.330432,168.802085,0.069028,False,
16681,1112.000000,391,396,1.553449,14.882512,0.825568,True,
16681,1112.000000,392,393,1.492514,84.563254,0.017225,False,
16681,1112.000000,392,394,1.778626,82.079965,0.121186,False,
16681,1112.000000,392,395,3.352749,89.471726,0.222134,False,
16681,1112.000000,392,396,2.743486,86.843677,0.866967,False,
16681,1112.000000,393,394,0.428021,2.483288,0.955063,False,
16681,1112.000000,393,395,2.335892,174.034980,0.996514,False,
16681,1112.000000,393,396,3.688020,2.280423,0.884285,False,
16681,1112.000000,394,395,2.535422,171.551692,0.802828,False,
16681,1112.000000,394,396,4.106416,4.763711,0.884916,False,
16681,1112.000000,395,396,3.994320,176.315403,0.991206,False,
16691,1112.666667,361,391,3.470922,70.639058,0.710280,False,
16691,1112.666667,361,392,2.693098,174.245937,0.915643,False,
16691,1112.666667,361,393,4.693786,87.408705,0.212106,False,
16691,1112.666667,361,394,4.592278,90.328180,0.159336,False,
16691,1112.666667,369,371,0.537278,134.778291,0.763125,False,
16691,1112.666667,369,386,1.900920,33.062374,0.267239,False,
16691,1112.666667,369,393,4.984039,137.813004,0.206931,False,
16691,1112.666667,369,394,4.895763,134.893529,0.049355,False,
16691,1112.666667,371,386,1.904167,167.840665,0.269879,False,7.876881
16691,1112.666667,386,393,5.325536,104.750630,0.184366,False,2.233688
16691,1112.666667,391,392,2.004078,103.606879,0.523918,False,
16691,1112.666667,391,393,3.611044,16.769647,0.638815,False,
16691,1112.666667,391,394,3.899720,19.689122,0.695753,False,
16691,1112.666667,391,395,3.251804,165.176159,0.076832,False,
16691,1112.666667,391,396,1.799699,20.543515,0.692763,False,
16691,1112.666667,392,393,2.195749,86.837232,0.270044,False,
16691,1112.666667,392,394,2.278369,83.917757,0.122954,False,
16691,1112.666667,392,395,2.648156,91.216962,0.003742,False,
16691,1112.666667,392,396,3.186167,83.063364,0.947683,False,
16691,1112.666667,393,394,0.496207,2.919475,0.999803,False,
16691,1112.666667,393,395,1.364958,178.054194,0.955610,False,
16691,1112.666667,393,396,3.785518,3.773867,0.876674,False,
16691,1112.666667,394,395,1.858905,175.134719,0.031601,False,
16691,1112.666667,394,396,4.224353,0.854392,0.890953,False,
16691,1112.666667,395,396,2.797129,174.280327,0.969560,False,
16701,1113.333333,361,391,3.717442,100.243179,0.781597,False,
16701,1113.333333,361,392,2.542466,13.942151,0.849264,False,
16701,1113.333333,361,395,4.651086,89.828189,0.418642,False,
16701,1113.333333,369,371,0.641932,164.925572,0.938753,False,
16701,1113.333333,369,386,2.003045,24.774823,0.119450,False,
16701,1113.333333,369,393,4.164792,105.975260,0.207735,False,
16701,1113.333333,369,394,4.063568,104.793130,0.080023,False,
16701,1113.333333,371,386,1.885655,140.150749,0.693154,False,
16701,1113.333333,371,393,4.766018,89.099169,0.257710,False,
16701,1113.333333,371,394,4.686013,90.281298,0.135647,False,
16701,1113.333333,386,393,4.549405,130.750082,0.172135,False,2.387210
16701,1113.333333,386,394,4.669842,129.567953,0.291646,False,
16701,1113.333333,391,392,2.304008,114.185330,0.381885,False,
16701,1113.333333,391,393,4.051165,13.701574,0.583697,False,
16701,1113.333333,391,394,4.312129,14.883704,0.647828,False,
16701,1113.333333,391,395,2.304118,169.928631,0.315129,False,
16701,1113.333333,391,396,1.941445,20.261395,0.563146,False,
16701,1113.333333,392,393,2.973488,100.483756,0.595543,False,
16701,1113.333333,392,394,2.967996,99.301626,0.420920,False,
16701,1113.333333,392,395,2.166048,75.886039,0.201197,False,
16701,1113.333333,392,396,3.520964,93.923935,0.940712,False,
16701,1113.333333,393,394,0.497522,1.182130,0.999333,False,
16701,1113.333333,393,395,1.821780,176.369794,0.971559,False,
16701,1113.333333,393,396,3.692354,6.559820,0.835394,False,
16701,1113.333333,394,395,2.180676,175.187665,0.596017,False,
16701,1113.333333,394,396,4.119578,5.377691,0.865650,False,
16701,1113.333333,395,396,2.009285,169.809974,0.692761,False,
16711,1114.000000,361,391,3.958819,111.226337,0.745326,False,
16711,1114.000000,361,392,2.268947,1.716673,0.981249,True,
16711,1114.000000,361,395,4.014744,93.326408,0.498671,False,
16711,1114.000000,369,371,0.579866,170.110275,0.945464,False,
16711,1114.000000,369,393,3.663770,102.320955,0.347993,False,
16711,1114.000000,369,394,3.364960,102.408013,0.227594,False,
16711,1114.000000,371,393,4.177724,87.568770,0.325463,False,
16711,1114.000000,371,394,3.908235,87.481712,0.213369,False,
16711,1114.000000,391,392,2.803679,112.943010,0.817668,False,
16711,1114.000000,391,393,4.344816,23.154333,0.629084,False,
16711,1114.000000,391,394,4.746184,23.067276,0.686206,False,
16711,1114.000000,391,395,1.352809,155.447255,0.363112,False,
16711,1114.000000,391,396,2.231286,21.757704,0.288252,False,
16711,1114.000000,392,393,3.789926,89.788677,0.617298,False,
16711,1114.000000,392,394,3.877729,89.875735,0.470986,False,
16711,1114.000000,392,395,2.159442,91.609735,0.588867,False,
16711,1114.000000,392,396,4.287227,91.185307,0.999850,False,
16711,1114.000000,393,394,0.547446,0.087058,0.971239,True,
16711,1114.000000,393,395,3.027790,178.601588,0.241842,False,
16711,1114.000000,393,396,3.639092,1.396630,0.886937,False,
16711,1114.000000,394,395,3.404735,178.514530,0.032041,False,
16711,1114.000000,394,396,4.171610,1.309572,0.901657,False,
16711,1114.000000,395,396,2.127803,177.204958,0.983478,False,
16721,1114.666667,361,391,4.470330,112.613942,0.735151,False,
16721,1114.666667,361,392,2.399008,7.694623,0.999887,True,
16721,1114.666667,361,395,3.575288,91.198149,0.584077,False,
16721,1114.666667,369,371,0.659963,15.074428,0.904897,True,1.244755
16721,1114.666667,369,393,2.967331,74.094615,0.546086,False,
16721,1114.666667,369,394,2.695812,72.394988,0.436162,False,
16721,1114.666667,369,398,2.728960,111.250047,0.999979,False,
16721,1114.666667,369,399,1.638238,104.173034,0.999373,False,
16721,1114.666667,369,400,2.051859,107.487536,0.987740,False,
16721,1114.666667,371,393,3.518676,89.169043,0.357959,False,
16721,1114.666667,371,394,3.292212,87.469417,0.261929,False,
16721,1114.666667,371,398,2.694575,96.175619,0.990375,False,
16721,1114.666667,371,399,1.532250,89.098606,0.970976,False,
16721,1114.666667,371,400,1.866787,122.561965,0.809770,False,
16721,1114.666667,391,392,3.299048,104.919319,0.969174,False,
16721,1114.666667,391,393,4.765720,26.142212,0.626542,False,
16721,1114.666667,391,395,1.152251,156.187909,0.967376,False,
16721,1114.666667,391,396,2.399338,28.003482,0.219463,False,
16721,1114.666667,392,393,4.367342,78.777108,0.538899,False,
16721,1114.666667,392,394,4.373330,80.476734,0.397220,False,
16721,1114.666667,392,395,2.148456,98.892771,0.902812,False,
16721,1114.666667,392,396,4.783137,76.915838,0.993249,False,
16721,1114.666667,393,394,0.498964,1.699627,0.988178,False,
16721,1114.666667,393,395,4.307068,177.669879,0.504148,False,
16721,1114.666667,393,396,3.739961,1.861270,0.854051,False,
16721,1114.666667,393,398,2.993750,174.655338,0.644999,False,
16721,1114.666667,393,399,2.973775,178.267649,0.023249,False,0.814458
16721,1114.666667,393,400,3.259713,33.392922,0.291352,False,1.952672
16721,1114.666667,394,395,4.548584,179.369506,0.498853,False,
16721,1114.666667,394,396,4.210279,3.560896,0.883003,False,
16721,1114.666667,394,398,3.178647,176.354965,0.991196,False,
16721,1114.666667,394,399,2.971303,176.568022,0.066566,False,
16721,1114.666667,394,400,3.306308,35.092548,0.403959,False,1.967725
16721,1114.666667,395,396,3.006860,175.808609,0.429634,False,
16721,1114.666667,396,398,4.926069,172.794068,0.947114,False,
16721,1114.666667,398,399,1.163097,7.077013,0.976135,True,
16721,1114.666667,398,400,0.928627,141.262417,0.938558,False,
16721,1114.666667,399,400,0.437679,148.339429,0.723645,False,
16731,1115.333333,361,391,4.750642,88.725112,0.857345,False,
16731,1115.333333,361,392,2.310196,16.329069,0.961917,True,
16731,1115.333333,361,395,3.029509,93.054818,0.828491,False,
16731,1115.333333,369,371,0.537278,23.588741,0.878392,False,
16731,1115.333333,369,393,2.422865,118.788298,0.451500,False,
16731,1115.333333,369,394,1.991256,116.765328,0.337333,False,0.806175
16731,1115.333333,369,398,2.622837,68.802224,0.945250,False,
16731,1115.333333,369,399,1.491723,57.360346,0.903389,False,
16731,1115.333333,369,400,1.819498,144.452044,0.998395,False,
16731,1115.333333,371,393,2.922667,95.199557,0.329948,False,
16731,1115.333333,371,394,2.513903,93.176587,0.236592,False,1.236079
16731,1115.333333,371,398,2.877251,92.390965,0.900797,False,
16731,1115.333333,371,399,1.732318,80.949087,0.777548,False,
16731,1115.333333,371,400,1.777668,120.863303,0.865590,False,
16731,1115.333333,391,392,3.686476,105.054181,0.749698,False,
16731,1115.333333,391,395,1.750470,178.220070,0.724116,False,
16731,1115.333333,391,396,2.674377,6.144263,0.284410,False,
16731,1115.333333,392,395,2.511968,76.725749,0.999879,False,
16731,1115.333333,393,394,0.544313,2.022970,0.848329,True,
16731,1115.333333,393,396,3.651842,2.139633,0.805596,False,
16731,1115.333333,393,398,1.860360,172.409477,0.379397,False,
16731,1115.333333,393,399,1.819828,176.148645,0.046759,False,0.485792
16731,1115.333333,393,400,2.744711,25.663746,0.358112,False,1.824485
16731,1115.333333,394,396,4.194789,0.116663,0.821356,False,
16731,1115.333333,394,398,2.090667,174.432447,0.987246,False,
16731,1115.333333,394,399,1.724572,174.125675,0.291142,False,
16731,1115.333333,394,400,2.647440,27.686716,0.501215,False,
16731,1115.333333,395,396,4.268637,175.635667,0.200295,False,
16731,1115.333333,396,398,3.697912,174.549111,0.944074,False,
16731,1115.333333,396,399,4.673786,174.009011,0.820787,False,
16731,1115.333333,398,399,1.147042,11.441878,0.882462,True,
16731,1115.333333,398,400,1.576895,146.745732,0.608828,False,
16731,1115.333333,399,400,0.930937,158.187609,0.348757,False,
16741,1116.000000,361,391,4.924363,90.663783,0.790454,False,
16741,1116.000000,361,392,2.226504,172.927407,0.995608,False,
16741,1116.000000,361,395,2.734465,91.141811,0.957083,False,
16741,1116.000000,369,371,0.684045,170.301847,0.993864,False,
16741,1116.000000,369,393,1.753513,75.684039,0.571372,False,
16741,1116.000000,369,394,1.208971,83.591162,0.593813,False,
16741,1116.000000,369,398,2.917042,101.508552,0.882427,False,
16741,1116.000000,369,399,1.841138,110.583451,0.842915,False,
16741,1116.000000,369,400,1.944295,14.523910,0.368012,False,
16741,1116.000000,371,393,2.297329,94.617808,0.404288,False,
16741,1116.000000,371,394,1.801128,86.710684,0.406449,False,
16741,1116.000000,371,398,3.253539,88.189601,0.765817,False,
16741,1116.000000,371,399,2.165018,79.114702,0.631765,False,
16741,1116.000000,371,400,1.746060,175.174243,0.032054,False,
16741,1116.000000,391,392,4.011364,96.408809,0.797536,False,
16741,1116.000000,391,395,2.624379,178.194406,0.433820,False,
16741,1116.000000,391,396,3.038215,3.706273,0.225393,False,
16741,1116.000000,391,398,4.935685,178.853385,0.155644,False,
16741,1116.000000,392,395,3.080251,81.785597,0.986827,False,
16741,1116.000000,393,394,0.567652,7.907123,0.801077,True,
16741,1116.000000,393,396,3.753488,7.660297,0.857389,False,
16741,1116.000000,393,398,1.461555,177.192591,0.468813,False,
16741,1116.000000,393,399,0.846255,173.732510,0.105537,False,
16741,1116.000000,393,400,2.208112,90.207949,0.425529,False,
16741,1116.000000,394,396,4.318560,0.246826,0.884008,False,
16741,1116.000000,394,398,1.947767,174.900286,0.040092,False,
16741,1116.000000,394,399,1.065372,165.825386,0.122325,False,
16741,1116.000000,394,400,2.092870,98.115073,0.531158,False,
16741,1116.000000,396,398,2.603001,175.147112,0.847703,False,
16741,1116.000000,396,399,3.677442,166.072212,0.953358,False,
16741,1116.000000,396,400,4.769051,97.868246,0.539419,False,
16741,1116.000000,398,399,1.091448,9.074899,0.755694,True,
16741,1116.000000,398,400,2.255067,86.984642,0.385937,False,
16741,1116.000000,399,400,1.483144,96.059541,0.179871,False,
16751,1116.666667,361,392,2.253075,78.694709,0.768847,False,
16751,1116.666667,361,395,2.589032,176.798348,0.999983,False,
16751,1116.666667,369,371,0.532672,36.750584,0.158037,False,
16751,1116.666667,369,393,1.400151,6.737019,0.822761,True,
16751,1116.666667,369,394,0.989092,4.162099,0.810468,True,
16751,1116.666667,369,398,3.302141,178.812192,0.745293,False,
16751,1116.666667,369,399,2.239323,174.353198,0.658513,False,
16751,1116.666667,369,400,1.763091,168.055379,0.996122,False,
16751,1116.666667,371,393,1.802055,43.487603,0.648216,False,
16751,1116.666667,371,394,1.399648,40.912683,0.575985,False,
16751,1116.666667,371,398,3.682171,144.437224,0.718189,False,
16751,1116.666667,371,399,2.636395,148.896218,0.602625,False,
16751,1116.666667,371,400,1.702167,131.304795,0.371325,False,
16751,1116.666667,391,392,4.335684,88.543151,0.960505,False,
16751,1116.666667,391,395,3.575597,173.353210,0.404559,False,
16751,1116.666667,391,396,3.412262,6.487144,0.187780,False,
16751,1116.666667,391,398,4.127924,170.798040,0.096289,False,
16751,1116.666667,391,399,4.995162,166.339045,0.125369,False,
16751,1116.666667,392,395,3.700896,98.103639,0.917142,False,
16751,1116.666667,393,394,0.411435,2.574920,0.800067,False,
16751,1116.666667,393,396,3.768668,5.210011,0.891598,False,
16751,1116.666667,393,398,1.901993,172.075173,0.754980,False,
16751,1116.666667,393,399,0.840572,167.616179,0.467133,False,
16751,1116.666667,393,400,1.555368,174.792399,0.294629,False,0.620240
16751,1116.666667,394,396,4.172990,2.635091,0.872568,False,
16751,1116.666667,394,398,2.313244,174.650093,0.999957,False,
16751,1116.666667,394,399,1.251817,170.191099,0.786050,False,
16751,1116.666667,394,400,1.473495,172.217478,0.577068,False,
16751,1116.666667,396,398,1.916957,177.285184,0.938297,False,
16751,1116.666667,396,399,2.957222,172.826190,0.221319,False,
16751,1116.666667,396,400,4.267522,169.582388,0.616962,False,
16751,1116.666667,398,399,1.065109,4.458994,0.757896,True,2.506358
16751,1116.666667,398,400,2.789309,13.132429,0.301837,False,
16751,1116.666667,399,400,2.017241,17.591423,0.076427,False,
16761,1117.333333,361,392,2.145860,39.217429,0.591237,False,
16761,1117.333333,361,395,2.827917,152.810037,0.935828,False,
16761,1117.333333,369,371,0.513030,2.901012,0.587068,False,
16761,1117.333333,369,393,1.316381,43.511428,0.956079,False,
16761,1117.333333,369,394,0.764060,34.569193,0.999533,False,
16761,1117.333333,369,396,4.920666,36.092992,0.826973,False,
16761,1117.333333,369,398,3.857278,146.643899,0.730182,False,
16761,1117.333333,369,399,2.949146,147.880292,0.641283,False,
16761,1117.333333,369,400,1.800663,163.219817,0.827836,False,
16761,1117.333333,371,393,1.560410,46.412440,0.816902,False,
16761,1117.333333,371,394,0.892636,37.470205,0.799690,False,
16761,1117.333333,371,398,4.262567,143.742887,0.675017,False,
16761,1117.333333,371,399,3.378620,144.979280,0.571189,False,
16761,1117.333333,371,400,1.794943,160.318805,0.565800,False,
16761,1117.333333,391,392,4.560280,66.889297,0.999636,False,
16761,1117.333333,391,395,4.614243,179.518096,0.312439,False,
16761,1117.333333,391,396,3.784203,0.511506,0.219764,False,
16761,1117.333333,391,398,3.276499,176.751602,0.201616,False,
16761,1117.333333,391,399,4.054702,175.515209,0.318465,False,
16761,1117.333333,392,395,4.398347,113.592607,0.740800,False,
16761,1117.333333,393,394,0.678176,8.942235,0.762954,True,
16761,1117.333333,393,396,3.636725,7.418436,0.878095,False,
16761,1117.333333,393,398,2.811029,169.844673,0.909941,False,
16761,1117.333333,393,399,2.022185,168.608279,0.642190,False,
16761,1117.333333,393,400,0.883998,153.268755,0.442435,False,0.209862
16761,1117.333333,394,396,4.304714,1.523799,0.821748,False,
16761,1117.333333,394,398,3.458703,178.786908,0.708851,False,
16761,1117.333333,394,399,2.623878,177.550515,0.176580,False,
16761,1117.333333,394,400,1.041977,162.210990,0.970692,False,
16761,1117.333333,396,398,1.850582,177.263109,0.324737,False,
16761,1117.333333,396,399,2.542049,176.026716,0.837436,False,
16761,1117.333333,396,400,3.691813,160.687191,0.711096,False,
16761,1117.333333,398,399,0.942699,1.236393,0.785930,True,
16761,1117.333333,398,400,3.303439,16.575918,0.174219,False,
16761,1117.333333,399,400,2.669184,15.339525,0.078079,False,
16771,1118.000000,361,392,2.189782,169.690399,0.999995,False,
16771,1118.000000,361,395,3.221383,79.931770,0.863096,False,
16771,1118.000000,369,371,0.513479,1.489396,0.861115,True,
16771,1118.000000,369,393,1.387996,64.055633,0.999528,False,
16771,1118.000000,369,394,1.015043,63.177839,0.929451,False,
16771,1118.000000,369,396,4.774119,65.586382,0.877484,False,
16771,1118.000000,369,398,4.542960,117.411345,0.752023,False,
16771,1118.000000,369,399,3.718764,117.850295,0.664883,False,
16771,1118.000000,369,400,1.887707,66.429292,0.495746,False,
16771,1118.000000,371,393,1.442558,62.566237,0.928543,False,
16771,1118.000000,371,394,0.891122,61.688444,0.990349,False,
16771,1118.000000,371,398,4.972186,118.900741,0.700627,False,
16771,1118.000000,371,399,4.174013,119.339691,0.607356,False,
16771,1118.000000,371,400,1.916352,67.918688,0.264445,False,
16771,1118.000000,391,392,4.580061,98.981645,0.985075,False,
16771,1118.000000,391,396,4.204065,11.230745,0.182940,False,
16771,1118.000000,391,398,2.421737,171.766982,0.404107,False,
16771,1118.000000,391,399,3.181197,172.205932,0.555048,False,
16771,1118.000000,392,395,4.981124,89.758629,0.616624,False,
16771,1118.000000,392,399,4.922988,88.812423,0.550334,False,
16771,1118.000000,393,394,0.622852,0.877793,0.827221,True,
16771,1118.000000,393,396,3.611309,1.530750,0.869114,False,
16771,1118.000000,393,398,4.017391,178.533023,0.072959,False,
16771,1118.000000,393,399,3.376944,178.094072,0.061306,False,
16771,1118.000000,393,400,0.499738,130.484925,0.990041,False,
16771,1118.000000,394,396,4.233258,2.408543,0.861007,False,
16771,1118.000000,394,398,4.543728,179.410816,0.269669,False,
16771,1118.000000,394,399,3.843286,178.971866,0.162408,False,
16771,1118.000000,394,400,1.046418,129.607131,0.958206,False,
16771,1118.000000,396,398,2.511082,177.002273,0.991224,False,
16771,1118.000000,396,399,2.864425,176.563323,0.991407,False,
16771,1118.000000,396,400,3.240619,132.015674,0.815520,False,
16771,1118.000000,398,399,0.919905,0.438950,0.873661,True,
16771,1118.000000,398,400,3.938275,50.982053,0.239909,False,
16771,1118.000000,399,400,3.393289,51.421003,0.030511,False,
16781,1118.666667,361,392,2.144952,144.918701,0.707568,False,
16781,1118.666667,361,395,3.756102,124.578526,0.841822,False,
16781,1118.666667,369,371,0.510124,0.283692,0.981768,True,
16781,1118.666667,369,393,1.724355,80.076604,0.968758,False,
16781,1118.666667,369,394,1.590454,78.972863,0.785416,False,
16781,1118.666667,369,396,4.810818,77.647479,0.881257,False,
16781,1118.666667,369,399,4.426270,98.800520,0.671936,False,
16781,1118.666667,369,400,2.001762,0.329021,0.285585,False,
16781,1118.666667,371,393,1.564839,79.792912,0.999827,False,
16781,1118.666667,371,394,1.244068,78.689171,0.911346,False,
16781,1118.666667,371,396,4.957183,77.363787,0.844041,False,
16781,1118.666667,371,399,4.883452,99.084212,0.614021,False,
16781,1118.666667,371,400,2.016002,0.045329,0.039092,False,
16781,1118.666667,391,392,4.617035,86.914457,0.915990,False,
16781,1118.666667,391,396,4.719397,5.637620,0.201666,False,
16781,1118.666667,391,398,1.708400,178.400524,0.625883,False,
16781,1118.666667,391,399,2.509992,177.914381,0.690365,False,
16781,1118.666667,392,398,4.548719,94.685018,0.685561,False,
16781,1118.666667,392,399,4.320815,90.999923,0.588197,False,
16781,1118.666667,393,394,0.686253,1.103740,0.760984,True,
16781,1118.666667,393,396,3.668841,2.429125,0.850043,False,
16781,1118.666667,393,399,4.714644,178.877124,0.284232,False,
16781,1118.666667,393,400,0.725642,79.747582,0.585022,False,
16781,1118.666667,394,396,4.347506,1.325384,0.831416,False,
16781,1118.666667,394,400,1.405343,78.643842,0.649046,False,
16781,1118.666667,396,398,3.681490,172.762904,0.498069,False,
16781,1118.666667,396,399,3.806501,176.447999,0.313523,False,
16781,1118.666667,396,400,2.999054,77.318458,0.853096,False,
16781,1118.666667,398,399,0.875072,3.685095,0.908660,True,1.946852
16781,1118.666667,398,400,4.610180,95.444446,0.331097,False,
16781,1118.666667,399,400,4.116282,99.129541,0.103761,False,
16791,1119.333333,391,398,1.163544,174.770611,0.893249,False,
16791,1119.333333,391,399,1.968222,172.645725,0.877697,False,
16791,1119.333333,396,398,4.844309,170.013812,0.330735,False,
16791,1119.333333,396,399,4.838333,172.138698,0.092887,False,
16791,1119.333333,398,399,0.804942,2.124885,0.914594,True,2.125256
16801,1120.000000,361,398,4.931588,42.216482,0.616224,False,
16801,1120.000000,361,399,4.712139,42.770087,0.496643,False,
16801,1120.000000,398,399,0.789057,0.553605,0.925542,True,
16801,1120.000000,398,401,1.035249,119.732535,0.305785,False,
16801,1120.000000,399,401,1.643620,120.286140,0.683744,False,
16811,1120.666667,361,398,4.485736,21.836440,0.817179,False,
16811,1120.666667,361,399,4.192132,23.380810,0.697698,False,
16811,1120.666667,398,399,0.756838,1.544369,0.928143,True,
16811,1120.666667,398,401,1.566322,125.300260,0.403296,False,
16811,1120.666667,399,401,1.715495,123.755891,0.043106,False,
16821,1121.333333,398,399,0.808971,2.081166,0.925306,True,
16821,1121.333333,398,401,2.550453,129.123765,0.688666,False,
16821,1121.333333,399,401,2.400910,127.042599,0.450046,False,
16831,1122.000000,398,399,0.806645,6.683853,0.931400,True,
16841,1122.666667,398,399,1.029762,6.194395,0.887017,True,
16851,1123.333333,398,399,1.051398,1.076615,0.845436,True,
16861,1124.000000,398,399,0.970492,3.180304,0.927330,True,
16871,1124.666667,398,399,1.049245,2.549905,0.946694,True,
16881,1125.333333,398,399,1.004065,2.435916,0.964243,True,
17261,1150.666667,402,403,0.820460,3.313935,0.977434,True,
17261,1150.666667,402,404,6.924530,174.194078,0.917107,False,2.314122
17261,1150.666667,404,405,0.565342,9.395163,0.896971,True,
17271,1151.333333,402,403,0.844548,3.840232,0.991300,True,
17271,1151.333333,402,404,5.831117,178.466750,0.129006,False,1.970559
17271,1151.333333,404,405,0.652784,6.739015,0.933968,True,0.261066
17281,1152.000000,402,403,0.884281,7.306472,0.995530,True,1.847440
17281,1152.000000,402,404,4.755121,164.524489,0.862668,False,1.680462
17281,1152.000000,402,405,4.671653,165.274822,0.983207,False,
17281,1152.000000,404,405,0.403311,0.750333,0.970555,False,
17291,1152.666667,402,403,0.719765,14.473347,0.992951,True,0.368411
17291,1152.666667,402,404,3.717616,155.641458,0.972481,False,1.285493
17291,1152.666667,402,405,3.701439,172.947525,0.487639,False,
17291,1152.666667,403,404,4.013372,170.114805,0.926630,False,
17291,1152.666667,403,405,4.100305,172.579128,0.998365,False,
17291,1152.666667,404,405,0.636117,17.306067,0.982948,True,
17301,1153.333333,402,403,0.623662,3.068735,0.986733,True,0.340277
17301,1153.333333,402,404,2.711534,179.182748,0.683388,False,
17301,1153.333333,402,405,2.743065,173.726715,0.408621,False,
17301,1153.333333,403,404,3.007168,176.114013,0.997188,False,
17301,1153.333333,403,405,3.166288,176.795450,0.027131,False,
17301,1153.333333,404,405,0.735385,7.090537,0.954772,True,1.108396
17311,1154.000000,402,403,0.664187,3.095681,0.985471,True,
17311,1154.000000,402,404,1.695077,173.640745,0.662859,False,
17311,1154.000000,402,405,1.753215,177.218284,0.951133,False,
17311,1154.000000,403,404,2.143539,176.736425,0.846905,False,
17311,1154.000000,403,405,2.314376,179.686036,0.799274,False,
17311,1154.000000,404,405,0.530532,3.577539,0.860577,True,
17321,1154.666667,402,403,0.755954,3.520726,0.905382,True,
17321,1154.666667,402,404,0.841935,176.760037,0.998211,False,
17321,1154.666667,402,405,1.347214,167.866122,0.324848,False,
17321,1154.666667,403,404,1.596538,173.239311,0.731146,False,
17321,1154.666667,403,405,2.067533,171.386848,0.986547,False,
17321,1154.666667,404,405,0.705639,15.373841,0.837379,True,
17571,1171.333333,408,409,4.079576,176.976906,0.072397,False,
17581,1172.000000,408,409,2.769386,176.556631,0.086826,False,
17591,1172.666667,408,409,1.718365,178.170825,0.534440,False,
17591,1172.666667,408,410,2.885269,1.874696,0.921905,False,
17591,1172.666667,409,410,2.707876,176.296129,0.662396,False,
17591,1172.666667,410,411,3.707753,0.481350,0.037627,False,
17601,1173.333333,408,409,1.152870,172.358367,0.722500,False,
17601,1173.333333,408,410,2.929155,1.257820,0.901384,False,
17601,1173.333333,409,410,1.872958,171.100547,0.958184,False,
17601,1173.333333,409,411,4.985076,171.017771,0.781257,False,
17601,1173.333333,410,411,3.647174,0.082776,0.030150,False,9.444456
17611,1174.000000,408,409,1.794275,174.701430,0.887484,False,
17611,1174.000000,408,410,3.050521,17.554345,0.809400,False,
17611,1174.000000,409,410,1.626837,157.147085,0.851145,False,
17611,1174.000000,409,411,3.822883,173.519891,0.749154,False,
17611,1174.000000,410,411,3.448820,16.372806,0.143491,False,
17621,1174.666667,408,409,2.956325,177.509032,0.572690,False,
17621,1174.666667,408,410,2.877524,21.041937,0.769592,False,
17621,1174.666667,408,412,2.928362,171.950182,0.998551,False,
17621,1174.666667,409,410,1.840141,156.467096,0.261764,False,
17621,1174.666667,409,411,2.736392,173.550256,0.830108,False,
17621,1174.666667,410,411,3.388389,17.083160,0.085398,False,
17621,1174.666667,410,412,4.135502,150.908246,0.969514,False,
17631,1175.333333,408,409,4.296461,179.396801,0.280592,False,
17631,1175.333333,408,410,2.938652,6.079873,0.783988,False,
17631,1175.333333,408,412,1.895429,169.616255,0.869623,False,
17631,1175.333333,409,410,2.826152,173.316928,0.354211,False,
17631,1175.333333,409,411,1.954660,175.352841,0.968641,False,
17631,1175.333333,410,411,3.294741,2.035913,0.030335,False,
17631,1175.333333,410,412,3.179156,163.536382,0.885234,False,
17641,1176.000000,408,410,3.024595,8.779839,0.758837,False,
17641,1176.000000,408,412,1.278586,175.072669,0.356883,False,
17641,1176.000000,409,410,3.883036,176.579829,0.306482,False,
17641,1176.000000,409,411,1.736251,179.797457,0.976109,False,
17641,1176.000000,410,411,3.197770,3.622714,0.032047,False,
17641,1176.000000,410,412,2.259032,166.292830,0.927549,False,
17651,1176.666667,408,410,2.986871,11.607764,0.754596,False,
17651,1176.666667,408,412,1.614498,178.677529,0.400112,False,
17651,1176.666667,409,411,2.348337,178.856769,0.693819,False,
17651,1176.666667,410,411,3.228175,2.635803,0.056209,False,
17651,1176.666667,410,412,1.372422,169.714707,0.984052,False,
17651,1176.666667,411,412,4.358302,172.350510,0.817848,False,
17661,1177.333333,409,411,3.356862,179.170014,0.562888,False,
17661,1177.333333,410,411,3.108411,1.137233,0.054750,False,9.080275
17661,1177.333333,410,412,1.088531,166.863570,0.803533,False,
17661,1177.333333,411,412,3.353379,168.000803,0.996851,False,
17671,1178.000000,409,411,4.474476,178.777206,0.423000,False,
17671,1178.000000,410,411,2.997549,13.911701,0.031605,False,
17671,1178.000000,410,412,1.553317,159.035968,0.224662,False,
17671,1178.000000,411,412,2.450164,172.947669,0.870602,False,
17681,1178.666667,410,411,3.004603,28.362752,0.076033,False,
17681,1178.666667,410,412,2.233491,157.747350,0.123992,False,
17681,1178.666667,411,412,1.771881,173.889898,0.787711,False,
17691,1179.333333,410,411,2.930102,28.779212,0.352793,False,
17691,1179.333333,410,412,2.961986,167.679334,0.202660,False,
17691,1179.333333,411,412,1.625891,163.541454,0.966899,False,
17761,1184.000000,412,413,3.896576,179.151333,0.411061,False,
17771,1184.666667,412,413,2.626281,178.560468,0.093482,False,
17771,1184.666667,412,414,4.492500,163.306418,0.956688,False,
17771,1184.666667,413,414,2.801225,15.254050,0.702160,False,
17781,1185.333333,412,413,1.500728,172.670251,0.740782,False,
17781,1185.333333,412,414,3.384923,171.956677,0.950690,False,
17781,1185.333333,413,414,2.724052,15.373072,0.689661,False,
17791,1186.000000,412,413,0.797726,171.917817,0.031641,False,
17791,1186.000000,412,414,2.242967,177.819513,0.129960,False,
17791,1186.000000,413,414,2.595520,10.262670,0.716864,False,
17801,1186.666667,412,413,1.286310,175.642162,0.858881,False,
17801,1186.666667,412,414,1.263306,171.800682,0.135869,False,
17801,1186.666667,413,414,2.476247,12.557156,0.743489,True,
17801,1186.666667,413,415,7.904152,168.721910,0.943089,False,2.417337
17801,1186.666667,414,415,9.668779,178.720934,0.073169,False,2.974815
17811,1187.333333,412,413,2.381915,170.366797,0.944385,False,
17811,1187.333333,412,414,1.261537,174.190164,0.936223,False,
17811,1187.333333,413,414,2.293692,15.443039,0.737721,True,
17811,1187.333333,413,415,6.690339,167.847101,0.951544,False,2.051522
17821,1188.000000,412,413,3.567653,170.213273,0.964696,False,
17821,1188.000000,412,414,2.230925,177.244498,0.912661,False,
17821,1188.000000,413,414,2.147727,12.542230,0.744153,True,
17821,1188.000000,413,415,5.517466,170.372884,0.967376,False,1.703404
17831,1188.666667,412,413,4.751908,173.777088,0.980025,False,
17831,1188.666667,412,414,3.386303,172.100331,0.969007,False,
17831,1188.666667,413,414,2.033223,14.122581,0.708866,True,
17831,1188.666667,413,415,4.328382,173.465495,0.815193,False,1.368546
17841,1189.333333,413,414,1.850204,11.623515,0.696045,False,3.907072
17841,1189.333333,413,415,3.225211,179.401565,0.132038,False,
17841,1189.333333,414,415,4.821631,167.778050,0.382230,False,
17851,1190.000000,413,414,1.741583,15.174750,0.696624,False,
17851,1190.000000,413,415,2.073366,175.476943,0.973857,False,
17851,1190.000000,414,415,3.689293,169.348306,0.631564,False,
17861,1190.666667,413,414,1.591412,19.037723,0.585318,False,
17861,1190.666667,413,415,0.957949,174.909283,0.980015,False,
17861,1190.666667,414,415,2.548491,166.052994,0.725022,False,
17871,1191.333333,413,414,1.509259,10.087185,0.498731,False,
17871,1191.333333,413,415,0.913165,176.299615,0.986716,False,
17871,1191.333333,414,415,1.760138,166.212430,0.084820,False,
17881,1192.000000,413,414,1.430561,10.855231,0.441551,False,
17881,1192.000000,413,415,1.907820,179.965944,0.435883,False,
17881,1192.000000,413,416,3.261405,174.131524,0.677464,False,
17881,1192.000000,414,415,1.640265,169.110713,0.028092,False,
17881,1192.000000,414,416,4.686217,175.013245,0.198455,False,
17881,1192.000000,415,416,4.709955,5.902532,0.074505,False,
17891,1192.666667,413,414,1.565474,15.535552,0.243905,False,
17891,1192.666667,413,415,3.082837,178.886605,0.035832,False,
17891,1192.666667,413,416,2.237532,171.518379,0.899981,False,
17891,1192.666667,414,415,2.052485,165.577843,0.156436,False,
17891,1192.666667,414,416,3.774271,172.946069,0.908070,False,
17891,1192.666667,415,416,4.816003,7.368226,0.010313,False,
17901,1193.333333,413,414,1.707625,11.088891,0.192158,False,
17901,1193.333333,413,415,4.290568,175.099020,0.992395,False,
17901,1193.333333,413,416,1.336221,171.431589,0.972731,False,
17901,1193.333333,414,415,2.875656,173.812088,0.238830,False,
17901,1193.333333,414,416,2.829196,177.479520,0.675797,False,
17901,1193.333333,415,416,4.898518,3.667431,0.049378,False,
17911,1194.000000,413,414,1.819114,15.377330,0.129878,False,
17911,1194.000000,413,416,1.228459,169.855535,0.386485,False,
17911,1194.000000,414,415,3.849578,176.458461,0.112252,False,
17911,1194.000000,414,416,1.973907,174.767135,0.952361,False,
17911,1194.000000,415,416,4.987107,1.691326,0.070876,False,
17921,1194.666667,413,414,1.908939,16.529296,0.019348,False,
17921,1194.666667,413,416,1.927872,166.845998,0.353856,False,
17921,1194.666667,413,417,2.118525,174.719865,0.090556,False,
17921,1194.666667,414,415,4.805287,175.428565,0.867610,False,
17921,1194.666667,414,416,1.287301,176.624706,0.522811,False,
17921,1194.666667,414,417,0.950855,158.190569,0.280190,False,
17921,1194.666667,416,417,2.205733,18.434138,0.995865,True,3.880496
17931,1195.333333,413,414,1.879669,15.479827,0.007992,False,
17931,1195.333333,413,416,2.939165,166.281863,0.773629,False,
17931,1195.333333,413,417,3.086188,176.753675,0.139192,False,
17931,1195.333333,414,416,1.376459,178.238310,0.961457,False,
17931,1195.333333,414,417,1.421406,161.273848,0.296466,False,
17931,1195.333333,414,418,4.550836,17.726781,0.098636,False,
17931,1195.333333,415,418,2.938150,167.350821,0.548039,False,
17931,1195.333333,416,417,2.040569,16.964462,0.998676,True,3.816341
17931,1195.333333,416,418,4.334909,160.511529,0.999731,False,
17931,1195.333333,417,418,3.268427,143.547067,0.999925,False,1.154690
17941,1196.000000,413,414,1.881116,20.261135,0.051765,False,
17941,1196.000000,413,416,4.053780,161.377016,0.714227,False,
17941,1196.000000,413,417,4.080981,172.808597,0.080314,False,
17941,1196.000000,414,416,2.238846,178.361850,0.749600,False,
17941,1196.000000,414,417,2.324875,152.547462,0.587087,False,
17941,1196.000000,414,418,4.656849,10.503496,0.094738,False,
17941,1196.000000,415,418,3.396282,172.988435,0.292850,False,
17941,1196.000000,415,419,3.668814,178.778545,0.827586,False,
17941,1196.000000,416,417,1.887457,25.814387,0.999649,False,2.795175
17941,1196.000000,416,418,3.435734,167.858354,0.971630,False,
17941,1196.000000,417,418,2.345618,142.043966,0.945375,False,0.867222
17951,1196.666667,413,414,2.028624,19.040251,0.156345,False,
17951,1196.666667,414,416,3.277834,178.135009,0.650769,False,
17951,1196.666667,414,417,3.298482,157.255724,0.639395,False,
17951,1196.666667,414,418,4.730761,11.039210,0.286925,False,
17951,1196.666667,415,418,4.287253,166.391687,0.999582,False,
17951,1196.666667,415,419,2.782319,177.244238,0.400780,False,
17951,1196.666667,416,417,1.582359,20.879284,0.996950,False,
17951,1196.666667,416,418,2.592711,170.825781,0.333370,False,
17951,1196.666667,417,418,1.456052,168.294935,0.351753,False,
17961,1197.333333,414,416,4.425089,179.465436,0.297701,False,
17961,1197.333333,414,417,4.357378,173.315892,0.419174,False,
17961,1197.333333,414,418,4.853359,18.329073,0.447309,False,
17961,1197.333333,415,419,2.156720,176.624910,0.988048,False,
17961,1197.333333,416,417,1.523988,6.149543,0.997540,True,
17961,1197.333333,416,418,2.454036,162.205491,0.313856,False,
17961,1197.333333,417,418,0.960209,168.355035,0.010039,False,
17971,1198.000000,415,419,2.312417,174.068714,0.634948,False,
17971,1198.000000,416,417,1.471792,9.701357,0.999119,True,4.152723
17971,1198.000000,416,418,2.588296,174.950124,0.930242,False,
17971,1198.000000,416,419,4.807213,177.407676,0.255224,False,
17971,1198.000000,417,418,1.217464,175.348519,0.122829,False,
17971,1198.000000,417,419,4.253448,167.706319,0.436189,False,
17971,1198.000000,418,419,4.780902,7.642200,0.044596,False,
17981,1198.666667,416,417,1.343420,6.735726,0.996751,True,
17981,1198.666667,416,418,3.040358,174.888506,0.530166,False,
17981,1198.666667,416,419,3.703827,174.970265,0.016722,False,
17981,1198.666667,417,418,2.064116,168.152780,0.493902,False,
17981,1198.666667,417,419,3.107526,168.234539,0.447364,False,
17981,1198.666667,418,419,4.695899,0.081758,0.136853,False,
17991,1199.333333,416,417,1.345380,2.798837,0.999314,True,
17991,1199.333333,416,418,3.651468,172.111055,0.436397,False,
17991,1199.333333,416,419,2.788435,177.555740,0.588778,False,
17991,1199.333333,417,418,2.874797,169.312217,0.071639,False,
17991,1199.333333,417,419,1.958076,174.756903,0.021804,False,
17991,1199.333333,418,419,4.417890,5.444686,0.159221,False,5.492103
18001,1200.000000,416,417,1.290814,6.818647,0.999603,True,5.524051
18001,1200.000000,416,419,2.175443,178.243432,0.891686,False,
18001,1200.000000,417,419,0.999635,171.424785,0.411032,False,
18011,1200.666667,416,417,1.220381,0.085934,0.998064,True,
18011,1200.666667,416,419,2.111702,174.658508,0.997086,False,
18011,1200.666667,416,420,3.899283,178.162773,0.380854,False,
18011,1200.666667,417,419,0.992493,174.744442,0.954055,False,
18011,1200.666667,417,420,3.358868,178.248708,0.148531,False,
18011,1200.666667,419,420,3.780933,3.504266,0.046983,False,
18021,1201.333333,416,417,1.293557,5.754365,0.999792,True,
18021,1201.333333,416,419,2.742434,177.870700,0.838989,False,
18021,1201.333333,416,420,3.091733,178.345353,0.894530,False,
18021,1201.333333,417,419,1.963814,176.374934,0.163396,False,
18021,1201.333333,417,420,2.287278,172.590988,0.961350,False,
18021,1201.333333,419,420,3.859584,3.783947,0.090630,False,
18031,1202.000000,416,417,1.330095,4.858167,0.999960,True,
18031,1202.000000,416,419,3.679848,176.189227,0.754094,False,
18031,1202.000000,416,420,2.521827,179.347229,0.979271,False,
18031,1202.000000,417,419,3.135785,178.952606,0.182318,False,
18031,1202.000000,417,420,1.351415,174.489062,0.997965,False,
18031,1202.000000,419,420,3.926255,4.463544,0.100486,False,
18041,1202.666667,416,417,1.386836,7.449957,0.999995,True,
18041,1202.666667,416,419,4.784633,178.096456,0.486718,False,
18041,1202.666667,416,420,2.465414,177.141744,0.995558,False,
18041,1202.666667,417,419,4.352808,174.453587,0.283671,False,
18041,1202.666667,417,420,1.101278,175.408300,0.408616,False,
18041,1202.666667,419,420,4.008979,0.954712,0.113543,False,
18051,1203.333333,416,417,1.477411,8.452920,0.988289,True,
18051,1203.333333,416,420,2.830820,179.375221,0.900336,False,
18051,1203.333333,417,420,1.821457,172.171859,0.712988,False,
18051,1203.333333,419,420,4.093488,2.511814,0.097460,False,
18061,1204.000000,416,417,1.568295,8.974591,0.989842,True,
18061,1204.000000,416,420,3.589994,178.430340,0.899388,False,
18061,1204.000000,417,420,2.881984,172.595069,0.637400,False,
18061,1204.000000,419,420,4.150202,0.287002,0.061898,False,
