frame,ped_id,x,y,vx,vy,time_s,speed,direction_deg,ax,ay,acceleration,nearest_distance,ttc
1,1,1.398378,-5.743303,-0.327083,-1.680286,0.000000,1.711825,258.984615,,,,1.474509,
11,1,1.267545,-6.415418,-0.327083,-1.680286,0.666667,1.711825,258.984615,0.000000,0.000000,0.000000,1.429470,
1,2,0.517796,-7.003832,0.097997,-1.629874,0.000000,1.632817,273.440779,,,,1.537647,
11,2,0.556995,-7.655782,0.097997,-1.629874,0.666667,1.632817,273.440779,0.000000,0.000000,0.000000,1.429470,
1,3,2.259814,-4.546597,-0.901111,1.187025,0.000000,1.490312,127.203356,,,,1.474509,4.118927
11,3,1.899369,-4.071787,-0.962617,1.397556,0.666667,1.696996,124.558525,-0.092260,0.315797,0.328998,2.427304,3.238058
21,3,1.489720,-3.428552,-0.992635,1.409540,1.333333,1.723986,125.154204,-0.045027,0.017976,0.048482,2.721858,2.744964
31,3,1.105262,-2.944155,-0.843085,1.276250,2.000000,1.529577,123.448566,0.224325,-0.199936,0.300493,3.054706,2.696165
41,3,0.815252,-2.407553,-0.875788,1.237731,2.666667,1.516239,125.282299,-0.049055,-0.057779,0.075794,2.801611,2.315033
51,3,0.404631,-1.953971,-0.837333,1.164035,3.333333,1.433912,125.728847,0.057683,-0.110544,0.124689,2.206033,2.026010
61,3,0.145386,-1.476325,-0.667745,1.300764,4.000000,1.462146,117.173631,0.254381,0.205094,0.326762,1.748419,1.725759
71,3,-0.129565,-0.913360,-0.639615,1.429355,4.666667,1.565938,114.107791,0.042196,0.192887,0.197448,1.327500,1.347784
81,3,-0.366306,-0.332841,-0.544892,1.447273,5.333333,1.546449,110.631155,0.142083,0.026877,0.144603,1.161172,
91,3,-0.565479,0.244458,-0.525912,1.398883,6.000000,1.494475,110.603812,0.028471,-0.072585,0.077969,1.227643,
101,3,-0.787035,0.786265,-0.486599,1.269975,6.666667,1.360006,110.964637,0.058969,-0.193361,0.202153,0.810876,
111,3,-0.954758,1.260439,-0.534231,1.333175,7.333333,1.436231,111.837000,-0.071448,0.094800,0.118709,0.713183,
121,3,-1.214420,1.852805,-0.668729,1.180111,8.000000,1.356415,119.538768,-0.201747,-0.229596,0.305641,0.725474,
131,3,-1.489741,2.204527,-0.688304,0.879305,8.666667,1.116665,128.053198,-0.029363,-0.451209,0.452163,0.914268,
1,4,2.740179,-2.423851,0.053061,1.815625,0.000000,1.816400,88.326036,,,,2.176420,
11,4,2.761404,-1.697601,-0.017160,1.774955,0.666667,1.775038,90.553896,-0.105331,-0.061005,0.121721,2.525840,
21,4,2.726452,-1.003886,-0.044979,1.678875,1.333333,1.679477,91.534648,-0.041729,-0.144121,0.150040,2.721858,
31,4,2.725421,-0.354501,-0.017135,1.772451,2.000000,1.772534,90.553896,0.041765,0.140364,0.146446,3.054706,
41,4,2.712743,0.414074,-0.135072,1.691759,2.666667,1.697142,94.564865,-0.176904,-0.121038,0.214349,3.400302,
51,4,2.617363,0.998906,-0.158912,1.670942,3.333333,1.678482,95.432670,-0.035760,-0.031225,0.047474,3.689942,
61,4,2.585614,1.750828,-0.116577,1.615975,4.000000,1.620175,94.126186,0.063502,-0.082450,0.104070,4.045890,
71,4,2.524102,2.291687,-0.153780,1.352147,4.666667,1.360863,96.488400,-0.055805,-0.395743,0.399658,4.161042,
1,5,-1.585502,0.927584,0.000000,0.000000,0.000000,0.000000,0.000000,,,,0.413466,4.118927
11,5,-1.585502,0.927584,0.000000,0.000000,0.666667,0.000000,0.000000,0.000000,0.000000,0.000000,0.413466,3.238058
21,5,-1.585502,0.927584,0.000000,0.000000,1.333333,0.000000,0.000000,0.000000,0.000000,0.000000,0.413466,2.744964
31,5,-1.585502,0.927584,0.000000,0.000000,2.000000,0.000000,0.000000,0.000000,0.000000,0.000000,0.413466,2.696165
41,5,-1.585502,0.927584,0.000000,0.000000,2.666667,0.000000,0.000000,0.000000,0.000000,0.000000,0.413466,2.315033
51,5,-1.585502,0.927584,0.000000,0.000000,3.333333,0.000000,0.000000,0.000000,0.000000,0.000000,0.413466,2.026010
61,5,-1.585502,0.927584,0.000000,0.000000,4.000000,0.000000,0.000000,0.000000,0.000000,0.000000,0.413466,1.725759
71,5,-1.585502,0.927584,0.000000,0.000000,4.666667,0.000000,0.000000,0.000000,0.000000,0.000000,0.413466,1.347784
81,5,-1.585502,0.927584,0.000000,0.000000,5.333333,0.000000,0.000000,0.000000,0.000000,0.000000,0.413466,
91,5,-1.585502,0.927584,0.000000,0.000000,6.000000,0.000000,0.000000,0.000000,0.000000,0.000000,0.413466,
101,5,-1.585502,0.927584,0.000000,0.000000,6.666667,0.000000,0.000000,0.000000,0.000000,0.000000,0.413466,
111,5,-1.585502,0.927584,0.000000,0.000000,7.333333,0.000000,0.000000,0.000000,0.000000,0.000000,0.404496,
121,5,-1.585502,0.927584,0.000000,0.000000,8.000000,0.000000,0.000000,0.000000,0.000000,0.000000,0.404496,
131,5,-1.585502,0.927584,0.000000,0.000000,8.666667,0.000000,0.000000,0.000000,0.000000,0.000000,0.404496,
141,5,-1.585502,0.927584,0.000000,0.000000,9.333333,0.000000,0.000000,0.000000,0.000000,0.000000,0.404496,
151,5,-1.585502,0.927584,0.000000,0.000000,10.000000,0.000000,0.000000,0.000000,0.000000,0.000000,0.404496,
161,5,-1.585502,0.927584,0.000000,0.000000,10.666667,0.000000,0.000000,0.000000,0.000000,0.000000,0.404496,
171,5,-1.585502,0.927584,0.000000,0.000000,11.333333,0.000000,0.000000,0.000000,0.000000,0.000000,0.404496,
181,5,-1.585502,0.927584,0.000000,0.000000,12.000000,0.000000,0.000000,0.000000,0.000000,0.000000,0.404496,
191,5,-1.585502,0.927584,0.000000,0.000000,12.666667,0.000000,0.000000,0.000000,0.000000,0.000000,0.404496,
201,5,-1.585502,0.927584,0.000000,0.000000,13.333333,0.000000,0.000000,0.000000,0.000000,0.000000,0.404496,
211,5,-1.585502,0.927584,0.000000,0.000000,14.000000,0.000000,0.000000,0.000000,0.000000,0.000000,0.404496,
221,5,-1.585502,0.927584,0.000000,0.000000,14.666667,0.000000,0.000000,0.000000,0.000000,0.000000,0.404496,
231,5,-1.585502,0.927584,-0.024580,0.003723,15.333333,0.024861,171.386596,-0.036870,0.005585,0.037291,0.404496,
241,5,-1.605166,0.930562,-0.024580,0.003723,16.000000,0.024861,171.386596,0.000000,0.000000,0.000000,0.404583,
251,5,-1.605166,0.930562,0.000000,0.000000,16.666667,0.000000,0.000000,0.036870,-0.005585,0.037291,0.404583,
1,6,-1.721150,1.318164,0.000000,0.000000,0.000000,0.000000,0.000000,,,,0.413466,4.435434
11,6,-1.721150,1.318164,0.000000,0.000000,0.666667,0.000000,0.000000,0.000000,0.000000,0.000000,0.413466,3.475208
21,6,-1.721150,1.318164,0.000000,0.000000,1.333333,0.000000,0.000000,0.000000,0.000000,0.000000,0.413466,2.981151
31,6,-1.721150,1.318164,0.000000,0.000000,2.000000,0.000000,0.000000,0.000000,0.000000,0.000000,0.413466,2.951372
41,6,-1.721150,1.318164,0.000000,0.000000,2.666667,0.000000,0.000000,0.000000,0.000000,0.000000,0.413466,2.580043
51,6,-1.721150,1.318164,0.000000,0.000000,3.333333,0.000000,0.000000,0.000000,0.000000,0.000000,0.413466,2.320152
61,6,-1.721150,1.318164,0.000000,0.000000,4.000000,0.000000,0.000000,0.000000,0.000000,0.000000,0.413466,1.968142
71,6,-1.721150,1.318164,0.000000,0.000000,4.666667,0.000000,0.000000,0.000000,0.000000,0.000000,0.413466,1.550585
81,6,-1.721150,1.318164,0.000000,0.000000,5.333333,0.000000,0.000000,0.000000,0.000000,0.000000,0.413466,
91,6,-1.721150,1.318164,0.000000,0.000000,6.000000,0.000000,0.000000,0.000000,0.000000,0.000000,0.413466,
101,6,-1.721150,1.318164,0.024632,-0.003822,6.666667,0.024927,351.180375,0.036948,-0.005733,0.037390,0.413466,
111,6,-1.701444,1.315107,0.024632,-0.003822,7.333333,0.024927,351.180375,0.000000,0.000000,0.000000,0.404496,
121,6,-1.701444,1.315107,0.000000,0.000000,8.000000,0.000000,0.000000,-0.036948,0.005733,0.037390,0.404496,
131,6,-1.701444,1.315107,0.000000,0.000000,8.666667,0.000000,0.000000,0.000000,0.000000,0.000000,0.404496,
141,6,-1.701444,1.315107,0.000000,0.000000,9.333333,0.000000,0.000000,0.000000,0.000000,0.000000,0.404496,
151,6,-1.701444,1.315107,0.000000,0.000000,10.000000,0.000000,0.000000,0.000000,0.000000,0.000000,0.404496,
161,6,-1.701444,1.315107,0.000000,0.000000,10.666667,0.000000,0.000000,0.000000,0.000000,0.000000,0.404496,
171,6,-1.701444,1.315107,0.000000,0.000000,11.333333,0.000000,0.000000,0.000000,0.000000,0.000000,0.404496,
181,6,-1.701444,1.315107,0.000000,0.000000,12.000000,0.000000,0.000000,0.000000,0.000000,0.000000,0.404496,
191,6,-1.701444,1.315107,0.000000,0.000000,12.666667,0.000000,0.000000,0.000000,0.000000,0.000000,0.404496,
201,6,-1.701444,1.315107,0.000000,0.000000,13.333333,0.000000,0.000000,0.000000,0.000000,0.000000,0.404496,
211,6,-1.701444,1.315107,0.000000,0.000000,14.000000,0.000000,0.000000,0.000000,0.000000,0.000000,0.404496,
221,6,-1.701444,1.315107,0.000000,0.000000,14.666667,0.000000,0.000000,0.000000,0.000000,0.000000,0.404496,
231,6,-1.701444,1.315107,-0.024632,0.003822,15.333333,0.024927,171.180375,-0.036948,0.005733,0.037390,0.404496,
241,6,-1.721150,1.318164,-0.024632,0.003822,16.000000,0.024927,171.180375,0.000000,0.000000,0.000000,0.404583,
251,6,-1.721150,1.318164,0.000000,0.000000,16.666667,0.000000,0.000000,0.036948,-0.005733,0.037390,0.404583,
1,7,-2.444824,2.278786,0.031010,0.511833,0.000000,0.512772,86.532913,,,,1.202705,
11,7,-2.432421,2.483519,0.024804,0.409407,0.666667,0.410158,86.532913,-0.009308,-0.153638,0.153920,1.365268,
21,7,-2.424981,2.606312,0.077782,0.451895,1.333333,0.458540,80.233763,0.079466,0.063731,0.101865,1.467890,
31,7,-2.370195,2.845035,0.010499,1.005331,2.000000,1.005386,89.401671,-0.100924,0.830154,0.836267,1.659094,
41,7,-2.416582,3.410577,-0.053512,1.196424,2.666667,1.197620,92.560950,-0.096017,0.286639,0.302293,2.204952,
51,7,-2.413005,3.802174,0.008942,0.978993,3.333333,0.979034,89.476666,0.093682,-0.326146,0.339334,2.578559,
1,8,-1.447687,-0.755848,0.000000,0.000000,0.000000,0.000000,0.000000,,,,1.689063,
11,8,-1.447687,-0.755848,0.000000,0.000000,0.666667,0.000000,0.000000,0.000000,0.000000,0.000000,1.689063,
21,8,-1.447687,-0.755848,0.000000,0.000000,1.333333,0.000000,0.000000,0.000000,0.000000,0.000000,1.689063,
31,8,-1.447687,-0.755848,0.000000,0.000000,2.000000,0.000000,0.000000,0.000000,0.000000,0.000000,1.689063,
41,8,-1.447687,-0.755848,0.000000,0.000000,2.666667,0.000000,0.000000,0.000000,0.000000,0.000000,1.689063,
51,8,-1.447687,-0.755848,0.000000,0.000000,3.333333,0.000000,0.000000,0.000000,0.000000,0.000000,1.689063,
61,8,-1.447687,-0.755848,0.000000,0.000000,4.000000,0.000000,0.000000,0.000000,0.000000,0.000000,1.689063,
71,8,-1.447687,-0.755848,0.000000,0.000000,4.666667,0.000000,0.000000,0.000000,0.000000,0.000000,1.327500,
81,8,-1.447687,-0.755848,0.000000,0.000000,5.333333,0.000000,0.000000,0.000000,0.000000,0.000000,1.161172,
91,8,-1.447687,-0.755848,0.000000,0.000000,6.000000,0.000000,0.000000,0.000000,0.000000,0.000000,1.333756,
101,8,-1.447687,-0.755848,0.000000,0.000000,6.666667,0.000000,0.000000,0.000000,0.000000,0.000000,1.677669,
111,8,-1.447687,-0.755848,0.000000,0.000000,7.333333,0.000000,0.000000,0.000000,0.000000,0.000000,1.689063,
121,8,-1.447687,-0.755848,0.000000,0.000000,8.000000,0.000000,0.000000,0.000000,0.000000,0.000000,1.689063,
131,8,-1.447687,-0.755848,0.000000,0.000000,8.666667,0.000000,0.000000,0.000000,0.000000,0.000000,1.689063,
141,8,-1.447687,-0.755848,0.000000,0.000000,9.333333,0.000000,0.000000,0.000000,0.000000,0.000000,1.689063,
151,8,-1.447687,-0.755848,0.000000,0.000000,10.000000,0.000000,0.000000,0.000000,0.000000,0.000000,1.689063,
161,8,-1.447687,-0.755848,0.000000,0.000000,10.666667,0.000000,0.000000,0.000000,0.000000,0.000000,1.689063,
171,8,-1.447687,-0.755848,-0.090644,0.140717,11.333333,0.167385,122.787768,-0.135966,0.211076,0.251077,1.689063,
181,8,-1.520202,-0.643274,0.000000,0.000000,12.000000,0.000000,0.000000,0.135966,-0.211076,0.251077,1.572214,
191,8,-1.447687,-0.755848,0.090644,-0.140717,12.666667,0.167385,302.787768,0.135966,-0.211076,0.251077,1.689063,
201,8,-1.447687,-0.755848,-0.139794,0.147397,13.333333,0.203146,133.483471,-0.345656,0.432172,0.553399,1.689063,
211,8,-1.559522,-0.637930,-0.087621,0.191698,14.000000,0.210773,114.564065,0.078260,0.066451,0.102666,1.565729,
221,8,-1.517784,-0.602490,0.139794,-0.147397,14.666667,0.203146,313.483471,0.341122,-0.508642,0.612439,1.531571,
231,8,-1.447687,-0.755848,0.087621,-0.191698,15.333333,0.210773,294.564065,-0.078260,-0.066451,0.102666,1.689063,
241,8,-1.447687,-0.755848,0.000000,0.000000,16.000000,0.000000,0.000000,-0.131431,0.287547,0.316160,1.693747,
251,8,-1.447687,-0.755848,0.000000,0.000000,16.666667,0.000000,0.000000,0.000000,0.000000,0.000000,1.693747,
1,9,1.164455,-8.604599,0.053473,-1.567786,0.000000,1.568698,271.953447,,,,1.726448,
11,9,1.185844,-9.231714,0.053473,-1.567786,0.666667,1.568698,271.953447,0.000000,0.000000,0.000000,1.444898,
1,10,-0.105799,-9.902063,0.002913,0.051075,0.000000,0.051158,86.736229,,,,1.815752,
11,10,-0.104634,-9.881633,0.002913,0.051075,0.666667,0.051158,86.736229,0.000000,0.000000,0.000000,1.444898,
141,11,0.396057,2.898910,-0.158370,-1.931815,9.333333,1.938295,265.313389,,,,0.867626,
151,11,0.332709,2.126184,-0.068237,-2.023739,10.000000,2.024889,268.068806,0.135198,-0.137886,0.193109,1.121427,
161,11,0.341467,1.279919,0.095630,-2.077213,10.666667,2.079413,272.635889,0.245800,-0.080211,0.258557,1.467216,
171,11,0.409213,0.464413,0.095670,-2.078255,11.333333,2.080456,272.635693,0.000061,-0.001562,0.001564,1.743984,
181,11,0.418004,-0.382685,0.117835,-2.106130,12.000000,2.109424,273.202276,0.033247,-0.041813,0.053420,1.955645,
191,11,0.503481,-1.220490,0.142895,-2.084907,12.666667,2.089798,273.920804,0.037591,0.031834,0.049259,2.005729,
201,11,0.532320,-2.050611,0.095689,-2.078430,13.333333,2.080631,272.635997,-0.070809,0.009716,0.071472,2.365764,
211,11,0.580033,-2.883234,0.090035,-2.179351,14.000000,2.181210,272.365711,-0.008481,-0.151382,0.151619,2.559970,
221,11,0.604348,-3.794091,0.225614,-2.293853,14.666667,2.304921,275.617300,0.203367,-0.171753,0.266190,2.893339,
231,11,0.760523,-4.718317,0.127279,-2.360736,15.333333,2.364165,273.086101,-0.147502,-0.100325,0.178388,3.059525,
241,11,0.706171,-5.682680,-0.076105,-2.190632,16.000000,2.191953,268.010284,-0.305075,0.255157,0.397713,1.958321,
251,11,0.699639,-6.470822,0.048695,-2.077259,16.666667,2.077829,271.342867,0.187199,0.170060,0.252911,0.978893,
261,11,0.745127,-7.344487,0.135850,-2.210942,17.333333,2.215112,273.516083,0.130733,-0.200525,0.239377,1.911106,
271,11,0.808319,-8.239576,0.112319,-2.209715,18.000000,2.212568,272.909823,-0.035296,0.001841,0.035344,3.419527,
281,11,0.834982,-9.112259,0.066656,-2.181709,18.666667,2.182727,271.749981,-0.068494,0.042009,0.080351,3.606691,
141,12,1.260744,2.827546,0.203823,-0.532804,9.333333,0.570459,290.934263,,,,0.867626,
151,12,1.342273,2.614425,0.128820,-0.619026,10.000000,0.632288,281.755559,-0.112504,-0.129334,0.171419,0.973044,
161,12,1.363800,2.332326,-0.000740,-0.845307,10.666667,0.845308,269.949827,-0.194341,-0.339422,0.391121,0.966671,
171,12,1.341681,1.938179,0.031714,-1.099456,11.333333,1.099913,271.652230,0.048681,-0.381223,0.384318,0.853176,
181,12,1.389171,1.452761,0.068319,-1.280079,12.000000,1.281901,273.055008,0.054907,-0.270935,0.276443,0.810608,
191,12,1.396336,0.914116,-0.058447,-1.460067,12.666667,1.461236,267.707660,-0.190148,-0.269982,0.330222,0.760178,1.173982
201,12,1.342414,0.284707,-0.019047,-1.591544,13.333333,1.591658,269.314345,0.059100,-0.197216,0.205881,0.701596,2.595462
211,12,1.381098,-0.359120,-0.042320,-1.590584,14.000000,1.591147,268.475925,-0.034909,0.001441,0.034939,0.729484,
221,12,1.308558,-0.987760,-0.117424,-1.681671,14.666667,1.685766,266.005770,-0.112656,-0.136631,0.177086,0.648556,0.481525
231,12,1.287159,-1.704457,-0.008460,-1.823391,15.333333,1.823411,269.734157,0.163445,-0.212580,0.268150,0.647101,
241,12,1.301790,-2.446473,-0.034518,-1.872533,16.000000,1.872851,268.943935,-0.039087,-0.073712,0.083434,0.651654,0.695722
251,12,1.259545,-3.202483,-0.083819,-1.919087,16.666667,1.920916,267.499096,-0.073952,-0.069831,0.101712,0.577644,
261,12,1.234734,-3.981742,-0.037386,-1.926846,17.333333,1.927209,268.888459,0.069651,-0.011639,0.070617,0.653028,
271,12,1.229636,-4.743960,0.009152,-1.933590,18.000000,1.933612,270.271186,0.069806,-0.010116,0.070535,0.651115,
281,12,1.242055,-5.528614,0.109255,-1.817927,18.666667,1.821207,273.439262,0.150155,0.173494,0.229449,0.665799,
291,12,1.317040,-6.198301,0.011956,-1.886699,19.333333,1.886737,270.363079,-0.145948,-0.103158,0.178725,0.657193,1.466285
301,12,1.251620,-7.037973,-0.018223,-2.010467,20.000000,2.010549,269.480669,-0.045269,-0.185651,0.191091,0.638650,
311,12,1.302462,-7.806675,0.058606,-1.892416,20.666667,1.893323,271.773813,0.115244,0.177077,0.211275,0.646787,0.608482
321,12,1.298505,-8.551906,-0.009892,-1.863077,21.333333,1.863103,269.695804,-0.102746,0.044008,0.111774,0.579658,
141,13,0.996076,3.791194,-0.280682,-0.796259,9.333333,0.844281,250.582427,,,,0.999333,
151,13,0.883803,3.472691,-0.310095,-0.892153,10.000000,0.944508,250.833546,-0.044120,-0.143841,0.150456,0.973044,
161,13,0.747999,3.077472,-0.184364,-1.166645,10.666667,1.181122,261.019861,0.188597,-0.411737,0.452875,0.966671,
171,13,0.736312,2.539375,-0.010027,-1.424112,11.333333,1.424147,269.596604,0.261506,-0.386201,0.466408,0.853176,
181,13,0.739978,1.938182,0.032601,-1.507189,12.000000,1.507542,271.239132,0.063942,-0.124615,0.140063,0.810608,
191,13,0.762393,1.333624,0.054635,-1.536425,12.666667,1.537396,272.036570,0.033051,-0.043854,0.054914,0.760178,1.173982
201,13,0.783686,0.709042,0.002145,-1.629440,13.333333,1.629442,270.075431,-0.078735,-0.139523,0.160206,0.701596,2.595462
211,13,0.764109,0.030072,-0.050384,-1.723358,14.000000,1.724095,268.325384,-0.078794,-0.140877,0.161415,0.729484,
221,13,0.743379,-0.669644,-0.053270,-1.775332,14.666667,1.776131,268.281329,-0.004329,-0.077961,0.078081,0.648556,0.481525
231,13,0.721493,-1.390194,-0.061823,-1.927491,15.333333,1.928482,268.162911,-0.012830,-0.228238,0.228598,0.647101,
241,13,0.693921,-2.211637,0.005821,-1.988204,16.000000,1.988213,270.167746,0.101466,-0.091070,0.136341,0.651654,0.695722
251,13,0.726150,-2.980758,-0.004992,-1.762578,16.666667,1.762585,269.837716,-0.016220,0.338440,0.338828,0.577644,
261,13,0.689927,-3.621700,-0.052028,-1.758880,17.333333,1.759649,268.305660,-0.070554,0.005547,0.070772,0.653028,
271,13,0.684527,-4.387861,-0.014924,-1.941497,18.000000,1.941555,269.559580,0.055656,-0.273926,0.279523,0.651115,
281,13,0.677987,-5.174897,0.032186,-1.947467,18.666667,1.947733,270.946852,0.070665,-0.008954,0.071231,0.665799,
291,13,0.710276,-5.945835,0.060012,-1.875398,19.333333,1.876357,271.832813,0.041739,0.108104,0.115882,0.657193,1.466285
301,13,0.725997,-6.675215,0.084996,-1.852433,20.000000,1.854382,272.627095,0.037477,0.034447,0.050903,0.638650,
311,13,0.778273,-7.427781,0.076530,-2.004469,20.666667,2.005929,272.186465,-0.012700,-0.228054,0.228407,0.646787,0.608482
321,13,0.787221,-8.278790,0.022369,-2.127523,21.333333,2.127640,270.602404,-0.081240,-0.184581,0.201668,0.579658,
171,14,3.998158,-2.345655,-0.008826,1.507856,11.333333,1.507882,90.335356,,,,0.873920,
181,14,3.994628,-1.742512,-0.108114,1.302424,12.000000,1.306904,94.745243,-0.148933,-0.308148,0.342252,0.856415,2.520218
191,14,3.911667,-1.303716,-0.117014,1.133468,12.666667,1.139492,95.894075,-0.013350,-0.253435,0.253786,0.784488,
201,14,3.901017,-0.835738,-0.025344,1.193836,13.333333,1.194105,91.216161,0.137505,0.090553,0.164643,0.821244,
211,14,3.891392,-0.348647,-0.113279,1.206759,14.000000,1.212064,95.362686,-0.131903,0.019385,0.133320,0.803521,1.303114
221,14,3.810393,0.129669,-0.113262,1.206756,14.666667,1.212060,95.361884,0.000026,-0.000005,0.000026,0.696181,0.722724
231,14,3.800782,0.616758,-0.024024,1.217488,15.333333,1.217724,91.130428,0.133858,0.016097,0.134822,0.696365,2.268078
241,14,3.791174,1.103659,-0.029133,1.120860,16.000000,1.121239,91.488895,-0.007664,-0.144941,0.145143,0.661185,2.005972
251,14,3.777475,1.513447,-0.092589,1.179845,16.666667,1.183472,94.487105,-0.095183,0.088477,0.129954,0.664669,2.969053
261,14,3.717103,2.047535,-0.090019,1.227871,17.333333,1.231167,94.193005,0.003855,0.072039,0.072143,0.643440,0.771505
271,14,3.705460,2.495744,-0.027821,1.144356,18.000000,1.144694,91.392663,0.093297,-0.125273,0.156197,0.608041,0.092097
281,14,3.694847,2.963020,-0.026534,1.168191,18.666667,1.168493,91.301194,0.001930,0.035753,0.035805,0.573453,
171,15,3.128862,-2.255881,0.023407,1.272311,11.333333,1.272526,88.946045,,,,0.873920,
181,15,3.138224,-1.746957,-0.000247,1.250515,12.000000,1.250515,90.011299,-0.035480,-0.032694,0.048246,0.856415,2.520218
191,15,3.128664,-1.255469,-0.068587,1.234792,12.666667,1.236695,93.179251,-0.102511,-0.023585,0.105189,0.784488,3.983541
201,15,3.083355,-0.759123,-0.046226,1.231271,13.333333,1.232139,92.150044,0.033542,-0.005281,0.033955,0.821244,3.317690
211,15,3.091684,-0.270452,0.040527,1.169295,14.000000,1.169997,88.014969,0.130129,-0.092964,0.159924,0.803521,1.303114
221,15,3.115776,0.176313,0.018182,1.171783,14.666667,1.171924,89.111048,-0.033518,0.003732,0.033725,0.696181,0.722724
231,15,3.106229,0.666974,0.022072,1.243438,15.333333,1.243633,88.983040,0.005836,0.107482,0.107640,0.696365,2.268078
241,15,3.133434,1.171063,0.019463,1.194308,16.000000,1.194466,89.066360,-0.003914,-0.073695,0.073798,0.661185,2.005972
251,15,3.121800,1.622421,-0.073705,1.135852,16.666667,1.138241,93.712709,-0.139752,-0.087684,0.164983,0.664669,2.969053
261,15,3.074470,2.079744,-0.030380,1.103717,17.333333,1.104135,91.576699,0.064987,-0.048202,0.080912,0.643440,0.771505
271,15,3.097495,2.505394,0.058841,1.087741,18.000000,1.089332,86.903603,0.133833,-0.023964,0.135961,0.608041,0.092097
281,15,3.121543,2.949938,0.060119,1.111358,18.666667,1.112983,86.903603,0.001916,0.035425,0.035477,0.573453,9.611805
171,16,3.563995,-5.854475,-0.345910,1.896502,11.333333,1.927790,100.336774,,,,3.535579,
181,16,3.425630,-5.095874,-0.280678,1.867043,12.000000,1.888023,98.549427,0.097848,-0.044188,0.107363,3.361228,
191,16,3.339452,-4.360841,-0.233944,1.914128,12.666667,1.928372,96.968121,0.070101,0.070627,0.099510,3.110216,3.983541
201,16,3.238475,-3.564572,-0.252591,1.991839,13.333333,2.007791,97.227259,-0.027969,0.116566,0.119874,2.808112,3.317690
211,16,3.137379,-2.767370,-0.139718,2.004156,14.000000,2.009020,93.987883,0.169308,0.018476,0.170313,2.497336,2.450984
221,16,3.126700,-1.961247,-0.184618,2.011677,14.666667,2.020131,95.243516,-0.067349,0.011282,0.068287,2.062358,2.008838
231,16,2.989685,-1.158028,-0.337586,2.107404,15.333333,2.134271,99.100921,-0.229453,0.143589,0.270678,1.788066,
241,16,2.856631,-0.275324,-0.323669,1.961686,16.000000,1.988209,99.369122,0.020876,-0.218576,0.219571,1.472636,
251,16,2.730750,0.411321,-0.311002,1.791252,16.666667,1.818050,99.849646,0.019001,-0.255651,0.256356,1.272667,
261,16,2.607830,1.157677,-0.330164,1.871266,17.333333,1.900170,100.006222,-0.028744,0.120021,0.123415,1.033422,
271,16,2.466619,1.908334,-0.446809,1.845749,18.000000,1.899060,103.608072,-0.174967,-0.038276,0.179105,0.868612,
281,16,2.250383,2.634277,-0.540590,1.814857,18.666667,1.893659,106.587165,-0.140671,-0.046338,0.148107,0.926586,
231,17,1.430237,-8.197370,0.337218,1.886993,15.333333,1.916887,79.867820,,,,2.387357,
241,17,1.565124,-7.442573,0.294533,1.961955,16.000000,1.983940,81.462401,-0.064028,0.112444,0.129396,1.958321,4.740987
251,17,1.665863,-6.627806,0.390946,2.046630,16.666667,2.083634,79.185662,0.144621,0.127012,0.192477,0.978893,2.755536
261,17,1.877881,-5.805269,0.342578,2.018864,17.333333,2.047723,80.369287,-0.072552,-0.041649,0.083657,1.838428,2.981271
271,17,1.939925,-5.012715,0.160377,2.078150,18.000000,2.084329,85.587069,-0.273303,0.088929,0.287407,0.759434,7.168155
281,17,2.006182,-4.142749,0.118337,2.152807,18.666667,2.156057,86.853681,-0.063059,0.111986,0.128520,1.582565,
291,17,2.034596,-3.290469,-0.044785,2.118317,19.333333,2.118791,91.211145,-0.244683,-0.051735,0.250093,1.453502,
301,17,1.970355,-2.448095,-0.112083,2.149586,20.000000,2.152506,92.984793,-0.100947,0.046903,0.111311,1.388997,
311,17,1.944929,-1.570800,-0.068989,2.094218,20.666667,2.095354,91.886802,0.064640,-0.083052,0.105243,1.346402,
321,17,1.915163,-0.772721,-0.048777,2.040658,21.333333,2.041241,91.369257,0.030319,-0.080339,0.085870,1.345337,
331,17,1.905908,0.061726,0.163791,2.130183,22.000000,2.136471,85.603134,0.318853,0.134288,0.345977,1.395964,
341,17,2.046196,0.931426,0.085783,1.966759,22.666667,1.968628,87.502557,-0.117013,-0.245137,0.271633,1.397009,
351,17,1.974534,1.635133,-0.179157,1.759269,23.333333,1.768367,95.814726,-0.397409,-0.311235,0.504778,1.470213,
231,18,3.286625,-6.696272,0.007351,1.820746,15.333333,1.820761,89.768690,,,,2.387357,
241,18,3.289565,-5.967974,-0.062255,1.777288,16.000000,1.778378,92.006136,-0.104408,-0.065187,0.123087,2.268951,4.740987
251,18,3.236821,-5.274441,-0.042512,1.725011,16.666667,1.725534,91.411749,0.029614,-0.078416,0.083822,2.073525,2.755536
261,18,3.255555,-4.587965,0.004790,1.768813,17.333333,1.768820,89.844843,0.070953,0.065704,0.096703,1.838428,2.981271
271,18,3.240653,-3.859391,0.027066,1.764381,18.000000,1.764589,89.121135,0.033414,-0.006648,0.034069,1.738404,8.540207
281,18,3.277208,-3.176460,0.023165,1.689870,18.666667,1.690029,89.214643,-0.005852,-0.111766,0.111919,1.596628,9.611805
291,18,3.259185,-2.507494,-0.088349,1.702196,19.333333,1.704487,92.971145,-0.167270,0.018488,0.168289,1.453502,
301,18,3.206529,-1.814703,-0.043725,1.695647,20.000000,1.696210,91.477131,0.066936,-0.009824,0.067653,1.388997,
311,18,3.224205,-1.150977,0.023187,1.685827,20.666667,1.685987,89.211984,0.100368,-0.014729,0.101443,1.346402,
321,18,3.225079,-0.466041,0.089914,1.673893,21.333333,1.676306,86.925275,0.100090,-0.017902,0.101679,1.345337,
331,18,3.296136,0.188137,0.272645,1.740292,22.000000,1.761520,81.096064,0.274096,0.099599,0.291631,1.395964,
341,18,3.443195,0.926192,0.177034,1.629844,22.666667,1.639431,83.800819,-0.143416,-0.165672,0.219124,1.397009,
351,18,3.437764,1.492013,-0.013579,1.414550,23.333333,1.414615,90.549993,-0.285920,-0.322941,0.431325,1.470213,
321,19,0.364292,1.678611,0.204205,1.071754,21.333333,1.091034,79.212540,,,,2.900729,
331,19,0.445974,2.107313,0.275931,1.083332,22.000000,1.117921,75.710280,0.107589,0.017368,0.108982,2.513132,
341,19,0.585037,2.545277,0.206367,1.117833,22.666667,1.136723,79.540194,-0.104346,0.051752,0.116474,2.177040,
351,19,0.611068,3.001580,0.065077,1.140756,23.333333,1.142611,86.734957,-0.211935,0.034384,0.214706,1.930341,
411,20,1.552855,2.379482,-0.177500,-1.509359,27.333333,1.519760,263.292857,,,,,
421,20,1.481855,1.775738,-0.132852,-1.543000,28.000000,1.548708,265.078994,0.066972,-0.050461,0.083855,,
431,20,1.446574,1.145082,-0.159078,-1.591967,28.666667,1.599896,264.293653,-0.039339,-0.073452,0.083323,7.457400,
441,20,1.354593,0.502164,-0.205667,-1.588054,29.333333,1.601316,262.620750,-0.069885,0.005870,0.070131,6.070978,
451,20,1.282040,-0.125361,-0.182978,-1.595374,30.000000,1.605833,263.457171,0.034034,-0.010980,0.035761,4.733352,
461,20,1.208211,-0.774135,-0.206681,-1.595882,30.666667,1.609210,262.620751,-0.035555,-0.000763,0.035563,3.424161,
471,20,1.116695,-1.402067,-0.137166,-1.608468,31.333333,1.614306,265.125743,0.104272,-0.018879,0.105967,2.263446,
481,20,1.098478,-2.060909,-0.092250,-1.642535,32.000000,1.645124,266.785475,0.067375,-0.051101,0.084562,1.345941,
491,20,1.042895,-2.716095,-0.022278,-1.652558,32.666667,1.652708,269.227664,0.104958,-0.015034,0.106029,1.520247,
501,20,1.080656,-3.382955,0.011764,-1.884676,33.333333,1.884713,270.357638,0.051063,-0.348177,0.351902,2.080247,
511,20,1.052307,-4.223836,-0.051298,-1.753510,34.000000,1.754260,268.324319,-0.094593,0.196749,0.218307,1.059514,
521,20,1.039617,-4.785763,0.029997,-1.562072,34.666667,1.562360,271.100143,0.121943,0.287157,0.311976,1.614949,
531,20,1.076304,-5.473494,0.090321,-1.744429,35.333333,1.746766,272.963934,0.090485,-0.273535,0.288113,2.774379,
541,20,1.111874,-6.181306,0.249416,-1.832063,36.000000,1.848963,277.752539,0.238642,-0.131452,0.272451,1.700464,
551,20,1.275837,-6.939144,0.319199,-1.835844,36.666667,1.863387,279.863424,0.104675,-0.005671,0.104828,1.255734,
561,20,1.367233,-7.649982,0.277576,-1.728875,37.333333,1.751016,279.121165,-0.062434,0.160454,0.172172,2.006781,
571,20,1.497898,-8.322244,0.301812,-1.702854,38.000000,1.729394,280.050680,0.036355,0.039031,0.053340,3.185860,
581,20,1.608683,-9.012265,0.205977,-1.745586,38.666667,1.757697,276.729713,-0.143753,-0.064098,0.157396,4.426814,
591,20,1.662679,-9.718713,0.134992,-1.766120,39.333333,1.771272,274.370854,-0.106478,-0.030801,0.110843,5.739850,
431,21,2.588854,-6.224314,-0.077059,1.939935,28.666667,1.941465,92.274723,,,,7.457400,
441,21,2.558031,-5.448340,-0.078385,1.915033,29.333333,1.916637,92.343899,-0.001990,-0.037353,0.037406,6.070978,
451,21,2.526146,-4.692288,-0.150446,1.847975,30.000000,1.854089,94.654261,-0.108091,-0.100586,0.147653,4.733352,
461,21,2.437674,-3.969960,-0.106387,1.818316,30.666667,1.821426,93.348487,0.066088,-0.044489,0.079667,3.424161,
471,21,2.441036,-3.237635,-0.082382,1.841039,31.333333,1.842881,92.562135,0.036008,0.034084,0.049581,2.263446,
481,21,2.371768,-2.497129,-0.201341,1.756471,32.000000,1.767973,96.539163,-0.178438,-0.126851,0.218933,1.345941,
491,21,2.279963,-1.832458,-0.155948,1.751536,32.666667,1.758465,95.087907,0.068090,-0.007403,0.068491,1.520247,
501,21,2.247010,-1.095900,-0.130608,1.798717,33.333333,1.803453,94.153055,0.038010,0.070771,0.080333,2.567295,
511,21,2.175477,-0.393484,0.038075,1.945989,34.000000,1.946361,88.879089,0.253025,0.220907,0.335889,3.200044,
521,21,2.277470,0.460891,0.083666,1.938264,34.666667,1.940069,87.528345,0.068386,-0.011586,0.069360,2.335395,
531,21,2.242410,1.157127,-0.111730,1.719870,35.333333,1.723496,93.716965,-0.293094,-0.327591,0.439568,1.680609,
541,21,2.188086,1.836787,-0.044869,1.683620,36.000000,1.684218,91.526589,0.100292,-0.054375,0.114084,1.490534,
551,21,2.206514,2.504023,0.046071,1.668091,36.666667,1.668727,88.417953,0.136410,-0.023294,0.138384,1.872286,
471,23,2.232018,-7.409669,-0.128398,1.853361,31.333333,1.857803,93.963041,,,,4.177266,
481,23,2.180659,-6.668324,-0.127055,1.878321,32.000000,1.882613,93.869753,0.002015,0.037440,0.037494,4.175571,
491,23,2.130374,-5.907012,-0.011393,1.892626,32.666667,1.892660,90.344897,0.173493,0.021457,0.174815,3.371136,
501,23,2.171545,-5.154223,-0.030139,1.968503,33.333333,1.968734,90.877164,-0.028119,0.113817,0.117239,1.743138,2.798518
511,23,2.106263,-4.332209,-0.075833,1.971194,34.000000,1.972652,92.203115,-0.068541,0.004035,0.068660,1.059514,2.406718
521,23,2.110878,-3.577269,-0.215928,1.938219,34.666667,1.950210,96.356831,-0.210142,-0.049461,0.215884,1.440621,2.085936
531,23,1.933521,-2.781634,-0.330484,1.952585,35.333333,1.980356,99.606544,-0.171835,0.021549,0.173181,1.473259,1.635949
541,23,1.846491,-2.015200,-0.081275,1.873800,36.000000,1.875562,92.483600,0.373815,-0.118178,0.392051,1.493264,
551,23,1.868502,-1.282594,0.010507,1.861418,36.666667,1.861448,89.676592,0.137672,-0.018573,0.138919,1.496462,
561,23,1.854896,-0.526066,0.100689,1.821046,37.333333,1.823828,86.835222,0.135274,-0.060558,0.148210,1.460844,
571,23,1.949053,0.174243,0.192111,1.804523,38.000000,1.814721,83.923127,0.137133,-0.024784,0.139354,1.224820,
581,23,2.008585,0.917553,0.104408,1.888300,38.666667,1.891184,86.835222,-0.131555,0.125664,0.181929,1.299559,
591,23,2.032580,1.684883,0.308827,1.849302,39.333333,1.874912,80.519302,0.306628,-0.058496,0.312158,1.667752,
601,23,2.255647,2.396995,0.557668,1.780280,40.000000,1.865581,72.606980,0.373262,-0.103533,0.387354,1.742897,
501,24,0.284499,2.616867,0.432119,-0.776661,33.333333,0.888780,299.090737,,,,0.947145,2.798518
511,24,0.457347,2.306202,0.390112,-0.668310,34.000000,0.773838,300.273335,-0.063012,0.162527,0.174314,0.918808,2.406718
521,24,0.596588,2.082219,0.324214,-0.555375,34.666667,0.643083,300.275299,-0.098847,0.169403,0.196132,0.896560,2.085936
531,24,0.716718,1.861903,0.153861,-0.626620,35.333333,0.645234,283.795524,-0.255529,-0.106869,0.276977,0.817062,0.853883
541,24,0.719677,1.580923,0.055685,-0.685169,36.000000,0.687428,274.646325,-0.147264,-0.087823,0.171463,0.692185,0.385942
551,24,0.761266,1.313768,0.145128,-0.774287,36.666667,0.787771,280.616023,0.134165,-0.133678,0.189393,0.624173,0.208253
561,24,0.835779,0.961493,0.070640,-0.837571,37.333333,0.840544,274.820871,-0.111732,-0.094925,0.146611,0.601504,0.061702
571,24,0.817778,0.643711,0.025211,-0.805216,38.000000,0.805611,271.793295,-0.068144,0.048532,0.083660,0.601151,
581,24,0.855948,0.317320,0.235545,-0.836238,38.666667,0.868778,285.731036,0.315501,-0.046532,0.318914,0.606839,
591,24,1.006213,-0.025279,0.282037,-0.842079,39.333333,0.888055,288.517240,0.069739,-0.008762,0.070287,0.790540,
601,24,1.081578,-0.356343,0.160848,-0.898380,40.000000,0.912666,280.150788,-0.181785,-0.084452,0.200444,0.863801,
611,24,1.134891,-0.743983,0.181130,-0.950241,40.666667,0.967350,280.791942,0.030423,-0.077792,0.083529,0.892146,
621,24,1.226481,-1.116536,0.204216,-0.952468,41.333333,0.974115,282.101415,0.034630,-0.003341,0.034790,1.010375,
631,24,1.298264,-1.505957,0.135758,-0.917535,42.000000,0.927524,278.416421,-0.102686,0.052400,0.115284,0.989222,
641,24,1.335088,-1.850563,0.160174,-0.894787,42.666667,0.909010,280.148901,0.036623,0.034122,0.050056,0.998216,
651,24,1.426403,-2.221787,0.206378,-0.899806,43.333333,0.923170,282.917832,0.069306,-0.007529,0.069714,1.030096,
661,24,1.500190,-2.570408,0.089143,-0.909902,44.000000,0.914259,275.595398,-0.175852,-0.015144,0.176503,1.006019,6.175606
671,24,1.497718,-2.949708,0.061821,-0.981115,44.666667,0.983061,273.605514,-0.040982,-0.106819,0.114411,0.965017,2.528240
681,24,1.549647,-3.355300,0.193538,-1.120430,45.333333,1.137022,279.800285,0.197574,-0.208972,0.287585,0.890542,
691,24,1.652548,-3.846052,0.143163,-1.189290,46.000000,1.197876,276.864053,-0.075562,-0.103290,0.127978,0.981898,
701,24,1.664178,-4.306732,0.029079,-1.151874,46.666667,1.152241,271.446146,-0.171125,0.056124,0.180094,0.935979,
711,24,1.675811,-4.767552,0.052159,-1.154373,47.333333,1.155551,272.587087,0.034619,-0.003749,0.034822,0.904082,
721,24,1.705905,-5.230230,-0.036042,-1.071755,48.000000,1.072361,268.073953,-0.132301,0.123927,0.181277,0.991090,
731,24,1.646978,-5.624956,-0.147442,-0.987647,48.666667,0.998592,261.509252,-0.167100,0.126162,0.209379,0.875708,1.651817
741,24,1.587951,-6.020348,0.012886,-1.027327,49.333333,1.027408,270.718642,0.240492,-0.059520,0.247748,0.843286,
751,24,1.657287,-6.446817,0.131208,-0.987342,50.000000,0.996022,277.569680,0.177482,0.059978,0.187343,0.868045,
761,24,1.692918,-6.810221,0.065977,-0.906682,50.666667,0.909079,274.161930,-0.097846,0.120990,0.155603,0.881929,5.005695
771,24,1.710068,-7.172163,0.140642,-0.811538,51.333333,0.823635,279.831855,0.111997,0.142715,0.181414,0.901316,
781,24,1.805431,-7.459452,0.216567,-0.691159,52.000000,0.724294,287.397837,0.113889,0.180569,0.213485,0.842305,
791,24,1.883322,-7.725090,0.056550,-0.654708,52.666667,0.657146,274.936624,-0.240026,0.054676,0.246175,0.823436,1.200586
801,24,1.850671,-7.983219,-0.081628,-0.645322,53.333333,0.650464,262.790809,-0.207267,0.014079,0.207745,0.678545,0.217060
501,25,-0.652188,2.757224,0.550604,-0.550032,33.333333,0.778267,315.029815,,,,0.947145,
511,25,-0.431947,2.537212,0.476294,-0.561895,34.000000,0.736602,310.286509,-0.111465,-0.017796,0.112876,0.918808,
521,25,-0.271153,2.307708,0.449041,-0.580779,34.666667,0.734127,307.710084,-0.040881,-0.028326,0.049735,0.896560,2.333025
531,25,-0.072714,2.072588,0.421059,-0.625011,35.333333,0.753611,303.967448,-0.041973,-0.066347,0.078509,0.817062,0.853883
541,25,0.065694,1.807699,0.293874,-0.728676,36.000000,0.785704,291.964185,-0.190777,-0.155497,0.246120,0.692185,0.385942
551,25,0.162385,1.489648,0.266632,-0.773251,36.666667,0.817930,289.025186,-0.040864,-0.066863,0.078362,0.624173,0.208253
561,25,0.279000,1.189098,0.122879,-0.775034,37.333333,0.784715,279.009073,-0.215629,-0.002675,0.215646,0.601504,0.061702
571,25,0.260689,0.869620,0.026662,-0.784709,38.000000,0.785161,271.945981,-0.144326,-0.014511,0.145054,0.601151,
581,25,0.300329,0.561332,0.002989,-0.781572,38.666667,0.781578,270.219152,-0.035509,0.004705,0.035819,0.606839,
591,25,0.263080,0.244363,-0.045782,-0.799702,39.333333,0.801011,266.723482,-0.073157,-0.027195,0.078048,0.790540,
601,25,0.263704,-0.078430,0.047495,-0.838813,40.000000,0.840156,273.240711,0.139915,-0.058667,0.151717,0.863801,
611,25,0.301076,-0.426688,-0.005602,-0.932624,40.666667,0.932641,269.655851,-0.079645,-0.140717,0.161693,0.892146,
621,25,0.259223,-0.824529,0.062584,-0.992187,41.333333,0.994158,273.609257,0.102279,-0.089344,0.135806,1.010375,
631,25,0.351143,-1.220437,0.135077,-0.976895,42.000000,0.986189,277.872446,0.108739,0.022937,0.111132,0.989222,
641,25,0.367284,-1.606045,0.087648,-0.969982,42.666667,0.973934,275.163247,-0.071143,0.010369,0.071895,0.998216,
651,25,0.421262,-1.996423,0.183541,-0.956290,43.333333,0.973744,280.864668,0.143839,0.020538,0.145298,1.030096,
661,25,0.514116,-2.371077,0.158406,-0.977754,44.000000,0.990503,279.202538,-0.037702,-0.032196,0.049579,1.006019,6.175606
671,25,0.547987,-2.778626,0.203855,-1.007019,44.666667,1.027445,281.443979,0.068174,-0.043897,0.081084,0.965017,2.528240
681,25,0.677201,-3.176692,0.205197,-0.981250,45.333333,1.002475,281.811380,0.002013,0.038654,0.038706,0.890542,
691,25,0.712144,-3.563626,0.159243,-0.949588,46.000000,0.962847,279.519750,-0.068931,0.047493,0.083708,0.981898,
701,25,0.804595,-3.936362,0.230958,-0.931160,46.666667,0.959375,283.930079,0.107572,0.027641,0.111067,0.935979,
711,25,0.896911,-4.308554,0.088639,-0.941066,47.333333,0.945232,275.380832,-0.213478,-0.014859,0.213994,0.904082,
721,25,0.875506,-4.689215,0.062308,-0.988146,48.000000,0.990109,273.608022,-0.039497,-0.070620,0.080915,0.991090,3.436091
731,25,0.946757,-5.099071,0.060929,-1.013638,48.666667,1.015468,273.439890,-0.002068,-0.038238,0.038294,0.875708,1.651817
741,25,0.924250,-5.500126,0.037477,-1.011124,49.333333,1.011818,272.122682,-0.035179,0.003772,0.035380,0.843286,2.091895
751,25,0.976738,-5.907970,0.087164,-0.965304,50.000000,0.969231,275.159628,0.074530,0.068730,0.101383,0.868045,2.164605
761,25,0.993981,-6.272369,-0.005152,-0.932487,50.666667,0.932501,269.683426,-0.138474,0.049226,0.146963,0.881929,1.879824
771,25,0.972617,-6.653959,0.111913,-0.941421,51.333333,0.948050,276.779346,0.175599,-0.013401,0.176109,0.901316,1.258912
781,25,1.083512,-7.025505,0.208320,-0.897969,52.000000,0.921817,283.061007,0.144610,0.065177,0.158619,0.842305,3.756201
791,25,1.139272,-7.372335,0.187418,-0.844792,52.666667,0.865331,282.508524,-0.031353,0.079767,0.085708,0.823436,1.200586
801,25,1.233446,-7.701339,0.235433,-0.822509,53.333333,0.855541,285.973126,0.072024,0.033423,0.079401,0.678545,0.217060
501,26,3.517236,-4.046232,-0.199102,1.295306,33.333333,1.310519,98.738551,,,,1.743138,
511,26,3.437595,-3.528109,-0.108953,1.309816,34.000000,1.314339,94.755015,0.135223,0.021764,0.136964,1.555320,
521,26,3.430074,-2.998379,-0.067150,1.256569,34.666667,1.258362,93.058948,0.062703,-0.079869,0.101542,1.440621,
531,26,3.383875,-2.522854,-0.112918,1.237665,35.333333,1.242805,95.212949,-0.068652,-0.028357,0.074278,1.473259,
541,26,3.339739,-2.008247,-0.043601,1.277781,36.000000,1.278525,91.954293,0.103977,0.060174,0.120134,1.493264,
551,26,3.348994,-1.500629,-0.135283,1.241642,36.666667,1.248991,96.218132,-0.137524,-0.054208,0.147822,1.496462,
561,26,3.231513,-1.014933,-0.206009,1.178281,37.333333,1.196155,99.917294,-0.106089,-0.095042,0.142436,1.460844,8.752092
571,26,3.184187,-0.558004,-0.047500,1.205440,38.000000,1.206376,92.256572,0.237764,0.040739,0.241228,1.435877,
581,26,3.193512,-0.050581,-0.044886,1.254106,38.666667,1.254909,92.049814,0.003921,0.072999,0.073105,1.530143,
591,26,3.148278,0.445281,-0.001599,1.222143,39.333333,1.222144,90.074976,0.064930,-0.047945,0.080714,1.667752,
601,26,3.192233,0.927133,0.087547,1.207376,40.000000,1.210546,85.852754,0.133719,-0.022150,0.135541,1.742897,
611,26,3.218315,1.411181,-0.025174,1.200327,40.666667,1.200591,91.201489,-0.169082,-0.010573,0.169412,2.827880,
621,26,3.172093,1.887394,-0.115555,1.190533,41.333333,1.196128,95.543856,-0.135571,-0.014691,0.136365,2.360545,
531,27,2.387533,-7.918460,0.088773,1.635929,35.333333,1.638335,86.893923,,,,2.774379,
541,27,2.423042,-7.264088,0.132803,1.606352,36.000000,1.611833,85.273895,0.066045,-0.044364,0.079563,1.700464,
551,27,2.493776,-6.633378,0.020426,1.638093,36.666667,1.638220,89.285588,-0.168565,0.047611,0.175160,1.255734,
561,27,2.439383,-5.953614,-0.067809,1.693321,37.333333,1.694678,92.293176,-0.132352,0.082842,0.156141,2.006781,8.752092
571,27,2.439529,-5.278721,-0.003661,1.612602,38.000000,1.612606,90.130060,0.096222,-0.121079,0.154657,3.185860,
581,27,2.436455,-4.663532,-0.119968,1.574164,38.666667,1.578729,94.358139,-0.174462,-0.057657,0.183742,4.426814,
591,27,2.343554,-4.019390,-0.003655,1.610224,39.333333,1.610228,90.130060,0.174470,0.054090,0.182662,4.212054,
601,27,2.433531,-3.375353,0.148641,1.468739,40.000000,1.476241,84.221157,0.228444,-0.212228,0.311813,3.307900,
611,27,2.462467,-2.844399,0.004295,1.335010,40.666667,1.335017,89.815661,-0.216519,-0.200593,0.295157,2.484795,
621,27,2.436967,-2.307345,0.223778,1.182012,41.333333,1.203009,79.279653,0.329225,-0.229497,0.401320,1.698029,
631,27,2.641490,-1.898789,0.527280,0.918339,42.000000,1.058948,60.136998,0.455252,-0.395510,0.603061,1.399490,
641,27,2.858791,-1.572674,0.523480,0.889349,42.666667,1.031976,59.518511,-0.005699,-0.043484,0.043856,1.548836,
651,27,3.060273,-1.187310,0.503707,0.963410,43.333333,1.087143,62.397736,-0.029659,0.111091,0.114982,1.933824,
591,28,0.743207,3.658075,0.095367,-0.816675,39.333333,0.822224,276.660534,,,,2.357110,
601,28,0.781354,3.331405,0.165440,-0.828876,40.000000,0.845225,281.287676,0.105110,-0.018301,0.106691,1.745469,
611,28,0.875560,2.994974,0.185893,-0.881791,40.666667,0.901172,281.904367,0.030678,-0.079372,0.085094,2.827880,
621,28,0.930068,2.625973,0.114310,-0.893517,41.333333,0.900800,277.290421,-0.107373,-0.017590,0.108805,2.360545,
631,28,0.967008,2.280160,0.185477,-0.879820,42.000000,0.899158,281.904367,0.106750,0.020547,0.108709,3.554359,
641,28,1.078450,1.922117,0.186786,-0.854462,42.666667,0.874639,282.330910,0.001963,0.038037,0.038087,3.599123,
651,28,1.116437,1.596591,0.021002,-0.876756,43.333333,0.877008,271.372227,-0.248675,-0.033442,0.250914,3.395380,
661,28,1.095252,1.220712,0.042869,-0.905031,44.000000,0.906045,272.711924,0.032800,-0.042411,0.053615,3.638498,
671,28,1.150732,0.872566,0.138649,-0.870043,44.666667,0.881022,279.054443,0.143670,0.052481,0.152955,3.700609,
681,28,1.206171,0.524677,0.067503,-0.883838,45.333333,0.886412,274.367469,-0.106719,-0.020692,0.108707,3.738976,
691,28,1.204734,0.165496,0.021030,-0.876740,46.000000,0.876993,271.374073,-0.069709,0.010646,0.070517,3.761515,
701,28,1.222995,-0.176715,0.158891,-0.921412,46.666667,0.935012,279.784011,0.206791,-0.067008,0.217377,3.782856,
711,28,1.331847,-0.571634,0.151947,-1.044900,47.333333,1.055890,278.273808,-0.010416,-0.185232,0.185525,3.762146,
721,28,1.344552,-1.012636,-0.036427,-1.068687,48.000000,1.069307,268.047764,-0.282561,-0.035680,0.284805,3.706379,
731,28,1.302705,-1.426583,-0.063795,-1.140788,48.666667,1.142571,266.799232,-0.041052,-0.108152,0.115681,3.689697,
741,28,1.293516,-1.925266,-0.139238,-1.233063,49.333333,1.240900,263.557421,-0.113164,-0.138412,0.178785,3.593881,
751,28,1.191314,-2.413034,-0.209207,-1.226490,50.000000,1.244204,260.319984,-0.104954,0.009860,0.105416,3.501517,
761,28,1.126150,-2.906458,-0.073929,-1.319934,50.666667,1.322002,266.794236,0.202918,-0.140166,0.246621,3.368505,7.496211
771,28,1.132171,-3.468981,-0.053549,-1.374371,51.333333,1.375414,267.768748,0.030570,-0.081657,0.087191,3.188973,
781,28,1.083311,-4.005955,-0.069912,-1.248207,52.000000,1.250163,266.794236,-0.024544,0.189247,0.190832,3.019551,
791,28,1.076242,-4.467546,0.001483,-1.231646,52.666667,1.231647,270.069010,0.107093,0.024841,0.109936,2.905472,
801,28,1.084498,-4.991272,-0.045279,-1.228177,53.333333,1.229011,267.888641,-0.070144,0.005203,0.070336,2.714157,4.922207
811,28,1.040019,-5.450088,-0.111198,-1.147040,54.000000,1.152418,264.462842,-0.098879,0.121705,0.156809,3.126776,
721,29,-1.049678,-5.714098,0.451482,-0.655049,48.000000,0.795566,304.575968,,,,1.833353,3.436091
731,29,-0.869085,-5.976118,0.447772,-0.705012,48.666667,0.835190,302.420714,-0.005566,-0.074946,0.075152,1.611942,3.164508
741,29,-0.691460,-6.278108,0.523114,-0.631975,49.333333,0.820390,309.616098,0.113013,0.109556,0.157399,1.390223,2.091895
751,29,-0.450593,-6.481697,0.470372,-0.676746,50.000000,0.824157,304.801187,-0.079114,-0.067157,0.103774,1.346127,2.164605
761,29,-0.315163,-6.819505,0.413049,-0.797861,50.666667,0.898438,297.370429,-0.085983,-0.181672,0.200992,1.209891,1.879824
771,29,-0.120154,-7.119986,0.514857,-0.675383,51.333333,0.849247,307.318942,0.152711,0.183716,0.238898,1.187993,1.258912
781,29,0.096723,-7.359811,0.333320,-0.889910,52.000000,0.950285,290.533642,-0.272306,-0.321791,0.421545,1.041879,3.756201
791,29,0.146502,-7.831914,0.253535,-1.009665,52.666667,1.041011,284.095966,-0.119677,-0.179632,0.215848,1.093987,
801,29,0.299551,-8.167543,0.382622,-0.839073,53.333333,0.922195,294.513260,0.193631,0.255888,0.320892,1.043795,4.602710
721,30,-1.293631,-7.531148,0.000000,0.000000,48.000000,0.000000,0.000000,,,,1.833353,
731,30,-1.293631,-7.531148,0.000000,0.000000,48.666667,0.000000,0.000000,0.000000,0.000000,0.000000,1.611942,
741,30,-1.293631,-7.531148,0.000000,0.000000,49.333333,0.000000,0.000000,0.000000,0.000000,0.000000,1.390223,
751,30,-1.293631,-7.531148,0.000000,0.000000,50.000000,0.000000,0.000000,0.000000,0.000000,0.000000,1.346127,
761,30,-1.293631,-7.531148,0.000000,0.000000,50.666667,0.000000,0.000000,0.000000,0.000000,0.000000,1.209891,
771,30,-1.293631,-7.531148,0.000000,0.000000,51.333333,0.000000,0.000000,0.000000,0.000000,0.000000,1.243424,
781,30,-1.293631,-7.531148,0.000000,0.000000,52.000000,0.000000,0.000000,0.000000,0.000000,0.000000,1.400871,
791,30,-1.293631,-7.531148,0.000000,0.000000,52.666667,0.000000,0.000000,0.000000,0.000000,0.000000,1.471204,
801,30,-1.293631,-7.531148,0.000000,0.000000,53.333333,0.000000,0.000000,0.000000,0.000000,0.000000,1.715583,
811,30,-1.293631,-7.531148,0.000000,0.000000,54.000000,0.000000,0.000000,0.000000,0.000000,0.000000,3.126776,
871,31,3.301099,-2.395081,-0.042433,1.719405,58.000000,1.719929,91.413698,,,,6.117876,
881,31,3.284126,-1.707319,-0.000500,1.664276,58.666667,1.664276,90.017209,0.062899,-0.082694,0.103897,4.769264,
891,31,3.300699,-1.063660,0.040109,1.584000,59.333333,1.584507,88.549506,0.060913,-0.120415,0.134945,3.548096,
901,31,3.316213,-0.440120,0.041363,1.606434,60.000000,1.606966,88.525053,0.001881,0.033651,0.033704,2.430587,
911,31,3.333789,0.221487,0.066118,1.649523,60.666667,1.650847,87.704637,0.037132,0.064633,0.074540,1.542070,
921,31,3.369107,0.879499,0.042567,1.626973,61.333333,1.627529,88.501287,-0.035326,-0.033825,0.048909,1.401609,
931,31,3.367843,1.523065,0.082917,1.544830,62.000000,1.547053,86.927675,0.060524,-0.123215,0.137277,2.254095,
941,31,3.435440,2.115362,0.101149,1.466912,62.666667,1.470395,86.055498,0.027348,-0.116877,0.120034,3.311004,
951,31,3.448762,2.696594,0.033304,1.453080,63.333333,1.453462,88.687041,-0.101767,-0.020747,0.103861,4.503236,
871,32,2.213326,3.625314,-0.142340,-1.746547,58.000000,1.752338,265.340794,,,,6.117876,
881,32,2.156390,2.926695,-0.068799,-1.662282,58.666667,1.663705,267.629990,0.110313,0.126397,0.167765,4.769264,
891,32,2.158287,2.295488,-0.087702,-1.588019,59.333333,1.590439,266.838922,-0.028355,0.111394,0.114947,3.548096,
901,32,2.086228,1.656280,-0.154813,-1.554428,60.000000,1.562119,264.312389,-0.100667,0.050386,0.112572,2.430587,
911,32,2.034436,1.051946,-0.040943,-1.575152,60.666667,1.575684,268.511059,0.170806,-0.031086,0.173612,1.542070,
921,32,2.053474,0.396158,-0.000773,-1.682294,61.333333,1.682294,269.973680,0.060255,-0.160712,0.171637,1.401609,
931,32,2.033818,-0.293889,0.070441,-1.643565,62.000000,1.645074,272.454135,0.106821,0.058093,0.121596,2.254095,
941,32,2.109827,-0.918694,0.161748,-1.656700,62.666667,1.664578,275.576276,0.136960,-0.019703,0.138370,3.311004,
951,32,2.163217,-1.619250,0.042250,-1.739853,63.333333,1.740366,271.391088,-0.179247,-0.124729,0.218373,4.503236,
961,32,2.143627,-2.310576,0.133418,-1.750654,64.000000,1.755730,274.358110,0.136752,-0.016201,0.137708,4.475124,
971,32,2.269951,-3.019773,0.156290,-1.753982,64.666667,1.760932,275.091926,0.034307,-0.004993,0.034669,3.606215,
981,32,2.268659,-3.713762,-0.003230,-1.734975,65.333333,1.734978,269.893325,-0.239280,0.028512,0.240973,2.684563,
951,33,0.767366,-7.285342,-0.397794,1.345549,63.333333,1.403118,106.469636,,,,2.088147,
961,33,0.608248,-6.747123,-0.254960,1.360884,64.000000,1.384561,100.611289,0.214251,0.023003,0.215482,2.057383,2.733794
971,33,0.563398,-6.196635,-0.209638,1.334298,64.666667,1.350667,98.929024,0.067983,-0.039878,0.078816,2.276426,2.347434
981,33,0.440537,-5.679684,-0.423344,1.355088,65.333333,1.419677,107.349360,-0.320559,0.031184,0.322072,2.517877,1.902982
991,33,0.224722,-5.112565,-0.539537,1.417798,66.000000,1.516988,110.834125,-0.174290,0.094065,0.198054,5.034286,1.591558
951,34,-1.310862,-7.488635,0.000000,0.000000,63.333333,0.000000,0.000000,,,,2.088147,
961,34,-1.310862,-7.488635,0.000000,0.000000,64.000000,0.000000,0.000000,0.000000,0.000000,0.000000,2.057383,
971,34,-1.310862,-7.488635,0.000000,0.000000,64.666667,0.000000,0.000000,0.000000,0.000000,0.000000,2.276426,5.222125
981,34,-1.310862,-7.488635,0.000000,0.000000,65.333333,0.000000,0.000000,0.000000,0.000000,0.000000,2.517877,4.658129
961,35,0.546505,1.869846,-0.185041,-1.576825,64.000000,1.587645,263.306913,,,,4.475124,2.733794
971,35,0.472488,1.239117,-0.257560,-1.592848,64.666667,1.613537,260.814914,-0.108777,-0.024034,0.111401,4.622663,2.347434
981,35,0.340457,0.595568,-0.260981,-1.646933,65.333333,1.667483,260.995522,-0.005131,-0.081128,0.081290,4.721048,1.902982
991,35,0.263704,-0.078430,-0.191883,-1.684996,66.000000,1.695886,263.503276,0.103646,-0.057094,0.118331,5.034286,1.591558
1001,36,0.171225,-0.691270,-0.368876,-1.416839,66.666667,1.464070,255.406926,,,,3.957841,4.104904
1011,36,0.023675,-1.258005,-0.229213,-1.487793,67.333333,1.505346,261.241728,0.209494,-0.106430,0.234979,3.027746,3.763930
1021,36,-0.012145,-1.881504,-0.286707,-1.638056,68.000000,1.662957,260.072134,-0.086242,-0.225395,0.241330,2.085215,3.048647
1031,36,-0.205691,-2.568450,-0.498824,-1.541537,68.666667,1.620235,252.068988,-0.318175,0.144778,0.349566,1.071750,2.675775
1041,36,-0.411205,-3.114733,-0.567801,-1.440061,69.333333,1.547958,248.481193,-0.103465,0.152214,0.184049,0.663527,
1051,36,-0.659932,-3.720499,-0.766705,-1.453159,70.000000,1.643018,242.183299,-0.298356,-0.019646,0.299002,1.083060,
1061,36,-1.024569,-4.277260,-0.733048,-1.234439,70.666667,1.435688,239.296834,0.050485,0.328080,0.331941,1.719713,
1071,36,-1.246371,-4.708050,-0.904340,-1.099695,71.333333,1.423783,230.567642,-0.256937,0.202116,0.326906,2.227181,
1081,36,-1.748041,-5.157016,-1.184363,-1.108939,72.000000,1.622486,223.116288,-0.420034,-0.013866,0.420263,2.147733,
1091,36,-2.193861,-5.595201,-1.085236,-0.946617,72.666667,1.440076,221.097167,0.148691,0.243483,0.285295,1.915558,
1101,36,-2.616229,-5.914309,-0.890918,-0.945799,73.333333,1.299334,226.711490,0.291477,0.001227,0.291479,1.716589,
1111,36,-2.906595,-6.351840,-0.839773,-0.825720,74.000000,1.177723,224.516541,0.076716,0.180119,0.195776,1.091501,
1121,36,-3.288048,-6.574885,-0.953631,-0.557613,74.666667,1.104693,210.315948,-0.170787,0.402160,0.436922,1.403347,
1001,37,0.021407,-4.646274,-0.668551,0.931393,66.666667,1.146496,125.670634,,,,3.025276,
1011,37,-0.246013,-4.273716,-0.718488,0.938777,67.333333,1.182170,127.428439,-0.074905,0.011075,0.075720,2.709094,2.436226
1021,37,-0.553383,-3.895253,-0.693410,1.017355,68.000000,1.231190,124.277614,0.037616,0.117868,0.123724,2.085215,2.300792
1031,37,-0.800741,-3.459832,-0.651633,0.966337,68.666667,1.165518,123.993124,0.062665,-0.076528,0.098911,1.071750,2.060020
1041,37,-1.074690,-3.122183,-0.565701,0.806732,69.333333,0.985309,125.039096,0.128899,-0.239406,0.271901,0.663527,1.486927
1051,37,-1.253302,-2.814446,-0.379682,0.659793,70.000000,0.761239,119.918509,0.279029,-0.220408,0.355580,1.083060,1.992454
1061,37,-1.378435,-2.594349,-0.422205,0.383428,70.666667,0.570328,137.755621,-0.063785,-0.414547,0.419426,1.386637,
1071,37,-1.591066,-2.507704,-0.367413,0.068635,71.333333,0.373768,169.418716,0.082189,-0.472190,0.479289,1.199807,1.546737
1081,37,-1.672365,-2.539440,-0.203248,-0.079342,72.000000,0.218185,201.324137,0.246247,-0.221965,0.331521,1.050456,1.318344
1001,38,-1.399516,-7.317092,0.003024,0.051514,66.666667,0.051603,86.640709,,,,3.025276,4.104904
1011,38,-1.398307,-7.296487,0.003024,0.051513,67.333333,0.051601,86.640709,-0.000000,-0.000002,0.000002,3.234953,3.763930
1021,38,-1.397097,-7.275882,0.001512,0.025756,68.000000,0.025800,86.640709,-0.002268,-0.038635,0.038702,3.484323,3.048647
1031,38,-1.397097,-7.275882,0.000000,0.000000,68.666667,0.000000,0.000000,-0.002268,-0.038634,0.038700,3.862367,2.675775
1041,38,-1.397097,-7.275882,0.000000,0.000000,69.333333,0.000000,0.000000,0.000000,0.000000,0.000000,4.166193,
1051,38,-1.397097,-7.275882,0.000000,0.000000,70.000000,0.000000,0.000000,0.000000,0.000000,0.000000,3.631001,
1061,38,-1.397097,-7.275882,0.000000,0.000000,70.666667,0.000000,0.000000,0.000000,0.000000,0.000000,3.021674,
1071,38,-1.397097,-7.275882,0.000000,0.000000,71.333333,0.000000,0.000000,0.000000,0.000000,0.000000,2.572252,
1081,38,-1.397097,-7.275882,0.046157,-0.054926,72.000000,0.071745,310.041778,0.069236,-0.082390,0.107618,1.514764,
1091,38,-1.360172,-7.319823,0.090774,-0.135556,72.666667,0.163142,303.807929,0.066925,-0.120944,0.138226,1.086904,
1101,38,-1.324478,-7.384327,0.066160,-0.133793,73.333333,0.149258,296.312214,-0.036920,0.002643,0.037015,0.761142,
1111,38,-1.307243,-7.426858,0.021544,-0.053164,74.000000,0.057364,292.059171,-0.066925,0.120944,0.138226,0.836333,
1121,38,-1.307243,-7.426858,0.000000,0.000000,74.666667,0.000000,0.000000,-0.032315,0.079746,0.086045,1.098743,
1131,38,-1.307243,-7.426858,0.000000,0.000000,75.333333,0.000000,0.000000,0.000000,0.000000,0.000000,1.502042,
1141,38,-1.307243,-7.426858,0.000000,0.000000,76.000000,0.000000,0.000000,0.000000,0.000000,0.000000,1.839675,
1151,38,-1.307243,-7.426858,0.000000,0.000000,76.666667,0.000000,0.000000,0.000000,0.000000,0.000000,2.148826,
1161,38,-1.307243,-7.426858,0.000000,0.000000,77.333333,0.000000,0.000000,0.000000,0.000000,0.000000,2.605537,
1171,38,-1.307243,-7.426858,0.000000,0.000000,78.000000,0.000000,0.000000,0.000000,0.000000,0.000000,2.679535,
1181,38,-1.307243,-7.426858,0.000000,0.000000,78.666667,0.000000,0.000000,0.000000,0.000000,0.000000,5.016470,
1191,38,-1.307243,-7.426858,0.000000,0.000000,79.333333,0.000000,0.000000,0.000000,0.000000,0.000000,5.344209,
1201,38,-1.307243,-7.426858,-0.082776,-0.149504,80.000000,0.170890,241.027857,-0.124164,-0.224256,0.256335,5.513585,
1211,38,-1.373464,-7.546461,-0.158105,-0.170325,80.666667,0.232395,227.130809,-0.112993,-0.031231,0.117229,3.881303,
1221,38,-1.433727,-7.563118,0.082776,0.149504,81.333333,0.170890,61.027857,0.361322,0.479743,0.600588,3.524316,
1231,38,-1.307243,-7.426858,0.158105,0.170325,82.000000,0.232395,47.130809,0.112993,0.031231,0.117229,3.031278,
1241,38,-1.307243,-7.426858,0.000000,0.000000,82.666667,0.000000,0.000000,-0.237157,-0.255487,0.348593,2.849189,
1251,38,-1.307243,-7.426858,0.000000,0.000000,83.333333,0.000000,0.000000,0.000000,0.000000,0.000000,2.510629,
1261,38,-1.307243,-7.426858,-0.023052,0.027423,84.000000,0.035825,130.051553,-0.034578,0.041134,0.053737,2.346969,
1271,38,-1.325685,-7.404920,-0.044603,0.080600,84.666667,0.092118,118.959614,-0.032326,0.079766,0.086068,2.136087,
1281,38,-1.342926,-7.362378,-0.044618,0.080623,85.333333,0.092146,118.960991,-0.000023,0.000034,0.000041,1.947014,
1291,38,-1.361380,-7.340422,-0.020047,0.078940,86.000000,0.081446,104.249205,0.036857,-0.002524,0.036943,2.048555,
1301,38,-1.358963,-7.299226,0.001510,0.025748,86.666667,0.025792,86.643328,0.032336,-0.079788,0.086092,2.179275,
1311,38,-1.360172,-7.319823,0.043107,-0.106376,87.333333,0.114778,292.059171,0.062395,-0.198186,0.207776,2.550701,
1321,38,-1.324478,-7.384327,0.089205,-0.161206,88.000000,0.184242,298.958238,0.069147,-0.082246,0.107451,6.075461,
1331,38,-1.288808,-7.448789,0.067624,-0.107981,88.666667,0.127409,302.057366,-0.032370,0.079838,0.086151,5.603650,
1341,38,-1.270379,-7.470711,0.023036,-0.027404,89.333333,0.035800,310.051553,-0.066882,0.120866,0.138137,5.082800,
1351,38,-1.270379,-7.470711,0.000000,0.000000,90.000000,0.000000,0.000000,-0.034555,0.041105,0.053700,4.538056,
1361,38,-1.270379,-7.470711,0.000000,0.000000,90.666667,0.000000,0.000000,0.000000,0.000000,0.000000,4.186187,
1371,38,-1.270379,-7.470711,-0.058146,-0.151132,91.333333,0.161931,248.956438,-0.087219,-0.226698,0.242897,3.683519,
1381,38,-1.316895,-7.591617,-0.027558,-0.049806,92.000000,0.056922,241.044290,0.045882,0.151988,0.158762,3.430262,
1391,38,-1.292425,-7.510556,0.058146,0.151132,92.666667,0.161931,68.956438,0.128556,0.301407,0.327678,,
1401,38,-1.270379,-7.470711,0.027558,0.049806,93.333333,0.056922,61.044290,-0.045882,-0.151988,0.158762,,
1411,38,-1.270379,-7.470711,0.000000,0.000000,94.000000,0.000000,0.000000,-0.041337,-0.074710,0.085383,,
1421,38,-1.270379,-7.470711,0.000000,0.000000,94.666667,0.000000,0.000000,0.000000,0.000000,0.000000,,
1431,38,-1.270379,-7.470711,0.000000,0.000000,95.333333,0.000000,0.000000,0.000000,0.000000,0.000000,,
1441,38,-1.270379,-7.470711,0.000000,0.000000,96.000000,0.000000,0.000000,0.000000,0.000000,0.000000,,
1451,38,-1.270379,-7.470711,0.000000,0.000000,96.666667,0.000000,0.000000,0.000000,0.000000,0.000000,,
1461,38,-1.270379,-7.470711,0.000000,0.000000,97.333333,0.000000,0.000000,0.000000,0.000000,0.000000,,
1471,38,-1.270379,-7.470711,0.000000,0.000000,98.000000,0.000000,0.000000,0.000000,0.000000,0.000000,,
1481,38,-1.270379,-7.470711,0.000000,0.000000,98.666667,0.000000,0.000000,0.000000,0.000000,0.000000,6.634755,
1491,38,-1.270379,-7.470711,-0.024543,0.001668,99.333333,0.024600,176.111760,-0.036815,0.002502,0.036900,7.204168,
1501,38,-1.290013,-7.469377,-0.144383,0.061539,100.000000,0.156950,156.915399,-0.179759,0.089806,0.200943,7.808486,
1511,38,-1.385885,-7.421481,-0.236871,0.171413,100.666667,0.292388,144.108441,-0.138733,0.164812,0.215429,8.484845,
1521,38,-1.479511,-7.332246,-0.161779,0.192316,101.333333,0.251312,130.071113,0.112638,0.031354,0.116921,9.046467,
1531,38,-1.515308,-7.267628,-0.044747,0.080773,102.000000,0.092340,118.985794,0.175548,-0.167314,0.242510,9.450438,
1541,38,-1.515308,-7.267628,0.000000,0.000000,102.666667,0.000000,0.000000,0.067121,-0.121160,0.138509,9.313569,
1551,38,-1.515308,-7.267628,0.000000,0.000000,103.333333,0.000000,0.000000,0.000000,0.000000,0.000000,9.200761,
1561,38,-1.515308,-7.267628,0.000000,0.000000,104.000000,0.000000,0.000000,0.000000,0.000000,0.000000,9.027267,
1571,38,-1.515308,-7.267628,0.000000,0.000000,104.666667,0.000000,0.000000,0.000000,0.000000,0.000000,8.755560,
1581,38,-1.515308,-7.267628,0.000000,0.000000,105.333333,0.000000,0.000000,0.000000,0.000000,0.000000,8.583320,
1591,38,-1.515308,-7.267628,0.000000,0.000000,106.000000,0.000000,0.000000,0.000000,0.000000,0.000000,8.433565,
1601,38,-1.515308,-7.267628,0.000000,0.000000,106.666667,0.000000,0.000000,0.000000,0.000000,0.000000,8.343846,
1611,38,-1.515308,-7.267628,0.000000,0.000000,107.333333,0.000000,0.000000,0.000000,0.000000,0.000000,8.246330,
1621,38,-1.515308,-7.267628,0.000000,0.000000,108.000000,0.000000,0.000000,0.000000,0.000000,0.000000,8.088112,
1631,38,-1.515308,-7.267628,0.000000,0.000000,108.666667,0.000000,0.000000,0.000000,0.000000,0.000000,,
1641,38,-1.515308,-7.267628,0.000000,0.000000,109.333333,0.000000,0.000000,0.000000,0.000000,0.000000,,
1651,38,-1.515308,-7.267628,0.000000,0.000000,110.000000,0.000000,0.000000,0.000000,0.000000,0.000000,,
1661,38,-1.515308,-7.267628,0.000000,0.000000,110.666667,0.000000,0.000000,0.000000,0.000000,0.000000,,
1671,38,-1.515308,-7.267628,0.000000,0.000000,111.333333,0.000000,0.000000,0.000000,0.000000,0.000000,6.204246,
1681,38,-1.515308,-7.267628,0.000000,0.000000,112.000000,0.000000,0.000000,0.000000,0.000000,0.000000,6.562596,
1691,38,-1.515308,-7.267628,0.000000,0.000000,112.666667,0.000000,0.000000,0.000000,0.000000,0.000000,6.920022,
1701,38,-1.515308,-7.267628,0.000000,0.000000,113.333333,0.000000,0.000000,0.000000,0.000000,0.000000,7.347985,
1711,38,-1.515308,-7.267628,0.000000,0.000000,114.000000,0.000000,0.000000,0.000000,0.000000,0.000000,7.787608,
1721,38,-1.515308,-7.267628,0.000000,0.000000,114.666667,0.000000,0.000000,0.000000,0.000000,0.000000,8.158941,
1731,38,-1.515308,-7.267628,0.000000,0.000000,115.333333,0.000000,0.000000,0.000000,0.000000,0.000000,8.551436,
1741,38,-1.515308,-7.267628,0.000000,0.000000,116.000000,0.000000,0.000000,0.000000,0.000000,0.000000,9.056855,
1751,38,-1.515308,-7.267628,0.000000,0.000000,116.666667,0.000000,0.000000,0.000000,0.000000,0.000000,9.580860,
1761,38,-1.515308,-7.267628,0.000000,0.000000,117.333333,0.000000,0.000000,0.000000,0.000000,0.000000,,
1771,38,-1.515308,-7.267628,0.000000,0.000000,118.000000,0.000000,0.000000,0.000000,0.000000,0.000000,,
1781,38,-1.515308,-7.267628,0.000000,0.000000,118.666667,0.000000,0.000000,0.000000,0.000000,0.000000,,
1791,38,-1.515308,-7.267628,0.000000,0.000000,119.333333,0.000000,0.000000,0.000000,0.000000,0.000000,5.081180,
1801,38,-1.515308,-7.267628,0.000000,0.000000,120.000000,0.000000,0.000000,0.000000,0.000000,0.000000,5.691928,
1811,38,-1.515308,-7.267628,0.000000,0.000000,120.666667,0.000000,0.000000,0.000000,0.000000,0.000000,6.358347,
1821,38,-1.515308,-7.267628,0.000000,0.000000,121.333333,0.000000,0.000000,0.000000,0.000000,0.000000,7.089967,
1831,38,-1.515308,-7.267628,0.000000,0.000000,122.000000,0.000000,0.000000,0.000000,0.000000,0.000000,7.873325,
1841,38,-1.515308,-7.267628,0.000000,0.000000,122.666667,0.000000,0.000000,0.000000,0.000000,0.000000,8.648317,
1851,38,-1.515308,-7.267628,0.000000,0.000000,123.333333,0.000000,0.000000,0.000000,0.000000,0.000000,4.822725,
1861,38,-1.515308,-7.267628,0.000000,0.000000,124.000000,0.000000,0.000000,0.000000,0.000000,0.000000,5.123924,
1871,38,-1.515308,-7.267628,0.000000,0.000000,124.666667,0.000000,0.000000,0.000000,0.000000,0.000000,5.432487,
1881,38,-1.515308,-7.267628,0.000000,0.000000,125.333333,0.000000,0.000000,0.000000,0.000000,0.000000,5.804767,
1891,38,-1.515308,-7.267628,0.000000,0.000000,126.000000,0.000000,0.000000,0.000000,0.000000,0.000000,6.324407,
1901,38,-1.515308,-7.267628,0.000000,0.000000,126.666667,0.000000,0.000000,0.000000,0.000000,0.000000,6.796920,
1911,38,-1.515308,-7.267628,0.000000,0.000000,127.333333,0.000000,0.000000,0.000000,0.000000,0.000000,7.314618,9.859989
1921,38,-1.515308,-7.267628,0.000000,0.000000,128.000000,0.000000,0.000000,0.000000,0.000000,0.000000,7.867016,
1931,38,-1.515308,-7.267628,0.000000,0.000000,128.666667,0.000000,0.000000,0.000000,0.000000,0.000000,8.389430,
1941,38,-1.515308,-7.267628,0.000000,0.000000,129.333333,0.000000,0.000000,0.000000,0.000000,0.000000,8.055945,
1951,38,-1.515308,-7.267628,0.000000,0.000000,130.000000,0.000000,0.000000,0.000000,0.000000,0.000000,7.780507,
1961,38,-1.515308,-7.267628,0.000000,0.000000,130.666667,0.000000,0.000000,0.000000,0.000000,0.000000,7.514508,9.048030
1971,38,-1.515308,-7.267628,0.000000,0.000000,131.333333,0.000000,0.000000,0.000000,0.000000,0.000000,7.211535,
1981,38,-1.515308,-7.267628,0.000000,0.000000,132.000000,0.000000,0.000000,0.000000,0.000000,0.000000,6.976562,
1991,38,-1.515308,-7.267628,0.000000,0.000000,132.666667,0.000000,0.000000,0.000000,0.000000,0.000000,6.754911,
1011,39,-2.736630,-3.207876,0.075484,0.409035,67.333333,0.415942,79.544243,,,,2.709094,2.436226
1021,39,-2.706437,-3.044262,-0.014318,0.601516,68.000000,0.601686,91.363559,-0.134702,0.288721,0.318598,2.315130,2.300792
1031,39,-2.748085,-2.726664,0.017129,0.701850,68.666667,0.702059,88.601984,0.047170,0.150501,0.157720,2.080789,2.060020
1041,39,-2.692734,-2.482782,0.160292,0.554611,69.333333,0.577310,73.879822,0.214745,-0.220858,0.308048,1.739799,1.486927
1051,39,-2.619851,-2.282975,0.059589,0.565897,70.000000,0.569026,83.988881,-0.151054,0.016929,0.152000,1.466260,1.992454
1061,39,-2.645063,-2.030065,-0.051967,0.396708,70.666667,0.400097,97.463046,-0.167335,-0.253783,0.303985,1.386637,
1071,39,-2.661425,-1.965609,0.076942,0.016726,71.333333,0.078739,12.264765,0.193363,-0.569972,0.601879,1.199807,1.546737
1081,39,-2.583510,-2.016684,0.194789,-0.127688,72.000000,0.232910,326.754321,0.176771,-0.216622,0.279594,1.050456,1.318344
1051,40,-1.603955,0.950916,0.000000,0.000000,70.000000,0.000000,0.000000,,,,0.376211,
1061,40,-1.603955,0.950916,0.000000,0.000000,70.666667,0.000000,0.000000,0.000000,0.000000,0.000000,0.376211,
1071,40,-1.603955,0.950916,0.000000,0.000000,71.333333,0.000000,0.000000,0.000000,0.000000,0.000000,0.376211,
1051,41,-1.742079,1.300854,0.000000,0.000000,70.000000,0.000000,0.000000,,,,0.376211,5.836039
1061,41,-1.742079,1.300854,0.000000,0.000000,70.666667,0.000000,0.000000,0.000000,0.000000,0.000000,0.376211,
1071,41,-1.742079,1.300854,0.000000,0.000000,71.333333,0.000000,0.000000,0.000000,0.000000,0.000000,0.376211,
1081,41,-1.742079,1.300854,0.000000,0.000000,72.000000,0.000000,0.000000,0.000000,0.000000,0.000000,3.422582,7.132048
1091,41,-1.742079,1.300854,0.000000,0.000000,72.666667,0.000000,0.000000,0.000000,0.000000,0.000000,6.910838,6.889563
1101,41,-1.742079,1.300854,0.000000,0.000000,73.333333,0.000000,0.000000,0.000000,0.000000,0.000000,7.267924,
1081,42,-2.170988,-8.578035,-0.019498,1.358022,72.000000,1.358162,90.822593,,,,1.514764,3.807866
1091,42,-2.178787,-8.034826,0.127193,1.295775,72.666667,1.302002,84.393828,0.220037,-0.093371,0.239028,1.086904,6.889563
1101,42,-2.069233,-7.541416,0.203465,1.314904,73.333333,1.330552,81.203950,0.114408,0.028693,0.117952,0.761142,
1111,42,-2.016015,-6.982904,0.227718,1.309823,74.000000,1.329471,80.137483,0.036379,-0.007620,0.037169,0.836333,
1121,42,-1.887059,-6.493557,0.423889,1.264862,74.666667,1.334000,71.472605,0.294257,-0.067443,0.301887,1.098743,
1131,42,-1.676903,-5.971014,0.388831,1.108296,75.333333,1.174526,70.667270,-0.052588,-0.234848,0.240664,1.502042,
1141,42,-1.575994,-5.606920,0.248938,0.857758,76.000000,0.893151,73.816214,-0.209838,-0.375808,0.430423,1.839675,
1151,42,-1.477753,-5.284808,0.280425,0.981525,76.666667,1.020799,74.055175,0.047230,0.185651,0.191564,2.148826,
1161,42,-1.351654,-4.821700,-0.234754,0.641775,77.333333,0.683363,110.091919,-0.772768,-0.509625,0.925683,2.289703,2.714154
1171,42,-1.665556,-4.771388,-0.784753,0.125780,78.000000,0.794769,170.894135,-0.824999,-0.773994,1.131234,2.213931,
1141,43,-1.693320,-2.557631,0.000000,0.000000,76.000000,0.000000,0.000000,,,,0.791447,
1151,43,-1.693320,-2.557631,0.000000,0.000000,76.666667,0.000000,0.000000,0.000000,0.000000,0.000000,0.791447,
1161,43,-1.693320,-2.557631,0.000000,0.000000,77.333333,0.000000,0.000000,0.000000,0.000000,0.000000,0.791447,2.714154
1171,43,-1.693320,-2.557631,0.000000,0.000000,78.000000,0.000000,0.000000,0.000000,0.000000,0.000000,0.791447,
1141,44,-2.391711,-2.185292,0.000000,0.000000,76.000000,0.000000,0.000000,,,,0.791447,
1151,44,-2.391711,-2.185292,0.000000,0.000000,76.666667,0.000000,0.000000,0.000000,0.000000,0.000000,0.791447,
1161,44,-2.391711,-2.185292,0.000000,0.000000,77.333333,0.000000,0.000000,0.000000,0.000000,0.000000,0.791447,3.274215
1171,44,-2.391711,-2.185292,0.000000,0.000000,78.000000,0.000000,0.000000,0.000000,0.000000,0.000000,0.791447,
1141,45,1.278348,1.809312,0.091153,-1.708009,76.000000,1.710440,273.054854,,,,5.282140,
1151,45,1.314809,1.126108,0.092539,-1.683346,76.666667,1.685888,273.146568,0.002079,0.036994,0.037053,2.970693,
1161,45,1.352379,0.462635,0.068005,-1.704806,77.333333,1.706162,272.284343,-0.036800,-0.032190,0.048893,3.030439,
1171,45,1.369214,-0.237737,0.085635,-1.807192,78.000000,1.809220,272.712968,0.026444,-0.153578,0.155838,3.222126,
1181,45,1.420887,-0.983119,0.081513,-1.882093,78.666667,1.883857,272.479903,-0.006184,-0.112352,0.112522,3.584641,
1191,45,1.434424,-1.743411,0.069092,-2.105373,79.333333,2.106507,271.879600,-0.018631,-0.334920,0.335438,2.242091,
1201,45,1.476161,-2.667417,0.195750,-1.920806,80.000000,1.930754,275.818933,0.189986,0.276851,0.335770,1.068489,
1211,45,1.591023,-3.280056,0.274567,-1.753632,80.666667,1.774996,278.898591,0.118226,0.250761,0.277234,1.206697,
1221,45,1.695815,-4.070322,0.088116,-2.182542,81.333333,2.184320,272.311956,-0.279677,-0.643366,0.701526,2.467339,
1231,45,1.661516,-5.026090,0.180213,-2.189519,82.000000,2.196923,274.705252,0.138146,-0.010465,0.138542,2.175210,
1241,45,1.839985,-5.821937,0.399668,-1.983250,82.666667,2.023120,281.393734,0.329182,0.309403,0.451764,2.259638,
1251,45,1.981250,-6.612690,0.306998,-1.971656,83.333333,1.995413,278.850215,-0.139004,0.017392,0.140088,2.315469,
1261,45,2.085584,-7.399262,0.378998,-1.897887,84.000000,1.935359,281.293109,0.108000,0.110653,0.154622,2.371222,
1271,45,2.284449,-8.130999,0.497163,-1.829344,84.666667,1.895698,285.204106,0.177247,0.102814,0.204908,2.491658,
1151,46,-1.646943,0.895796,0.000000,0.000000,76.666667,0.000000,0.000000,,,,0.389256,
1161,46,-1.646943,0.895796,0.000000,0.000000,77.333333,0.000000,0.000000,0.000000,0.000000,0.000000,0.389256,
1171,46,-1.646943,0.895796,0.000000,0.000000,78.000000,0.000000,0.000000,0.000000,0.000000,0.000000,0.389256,
1181,46,-1.646943,0.895796,0.000000,0.000000,78.666667,0.000000,0.000000,0.000000,0.000000,0.000000,0.389256,
1191,46,-1.646943,0.895796,0.000000,0.000000,79.333333,0.000000,0.000000,0.000000,0.000000,0.000000,0.389256,
1201,46,-1.646943,0.895796,0.000000,0.000000,80.000000,0.000000,0.000000,0.000000,0.000000,0.000000,0.389256,
1211,46,-1.646943,0.895796,0.000000,0.000000,80.666667,0.000000,0.000000,0.000000,0.000000,0.000000,0.389256,
1221,46,-1.646943,0.895796,0.000000,0.000000,81.333333,0.000000,0.000000,0.000000,0.000000,0.000000,0.389256,
1231,46,-1.646943,0.895796,0.000000,0.000000,82.000000,0.000000,0.000000,0.000000,0.000000,0.000000,0.389256,
1241,46,-1.646943,0.895796,0.000000,0.000000,82.666667,0.000000,0.000000,0.000000,0.000000,0.000000,0.389256,
1251,46,-1.646943,0.895796,0.000000,0.000000,83.333333,0.000000,0.000000,0.000000,0.000000,0.000000,0.389256,
1261,46,-1.646943,0.895796,0.000000,0.000000,84.000000,0.000000,0.000000,0.000000,0.000000,0.000000,0.389256,
1271,46,-1.646943,0.895796,0.000000,0.000000,84.666667,0.000000,0.000000,0.000000,0.000000,0.000000,0.389256,
1281,46,-1.646943,0.895796,0.000000,0.000000,85.333333,0.000000,0.000000,0.000000,0.000000,0.000000,0.389256,
1291,46,-1.646943,0.895796,0.000000,0.000000,86.000000,0.000000,0.000000,0.000000,0.000000,0.000000,0.389256,
1301,46,-1.646943,0.895796,0.000000,0.000000,86.666667,0.000000,0.000000,0.000000,0.000000,0.000000,0.389256,
1311,46,-1.646943,0.895796,0.000000,0.000000,87.333333,0.000000,0.000000,0.000000,0.000000,0.000000,0.389256,
1321,46,-1.646943,0.895796,0.000000,0.000000,88.000000,0.000000,0.000000,0.000000,0.000000,0.000000,0.389256,
1331,46,-1.646943,0.895796,0.000000,0.000000,88.666667,0.000000,0.000000,0.000000,0.000000,0.000000,0.389256,
1341,46,-1.646943,0.895796,0.000000,0.000000,89.333333,0.000000,0.000000,0.000000,0.000000,0.000000,0.389256,
1351,46,-1.646943,0.895796,0.000000,0.000000,90.000000,0.000000,0.000000,0.000000,0.000000,0.000000,0.389256,
1361,46,-1.646943,0.895796,0.000000,0.000000,90.666667,0.000000,0.000000,0.000000,0.000000,0.000000,0.389256,
1371,46,-1.646943,0.895796,0.000000,0.000000,91.333333,0.000000,0.000000,0.000000,0.000000,0.000000,0.389256,
1381,46,-1.646943,0.895796,0.000000,0.000000,92.000000,0.000000,0.000000,0.000000,0.000000,0.000000,0.389256,
1151,47,-1.723580,1.277434,0.000000,0.000000,76.666667,0.000000,0.000000,,,,0.389256,
1161,47,-1.723580,1.277434,0.000000,0.000000,77.333333,0.000000,0.000000,0.000000,0.000000,0.000000,0.389256,
1171,47,-1.723580,1.277434,0.000000,0.000000,78.000000,0.000000,0.000000,0.000000,0.000000,0.000000,0.389256,
1181,47,-1.723580,1.277434,0.000000,0.000000,78.666667,0.000000,0.000000,0.000000,0.000000,0.000000,0.389256,
1191,47,-1.723580,1.277434,0.000000,0.000000,79.333333,0.000000,0.000000,0.000000,0.000000,0.000000,0.389256,
1201,47,-1.723580,1.277434,0.000000,0.000000,80.000000,0.000000,0.000000,0.000000,0.000000,0.000000,0.389256,
1211,47,-1.723580,1.277434,0.000000,0.000000,80.666667,0.000000,0.000000,0.000000,0.000000,0.000000,0.389256,
1221,47,-1.723580,1.277434,0.000000,0.000000,81.333333,0.000000,0.000000,0.000000,0.000000,0.000000,0.389256,
1231,47,-1.723580,1.277434,0.000000,0.000000,82.000000,0.000000,0.000000,0.000000,0.000000,0.000000,0.389256,
1241,47,-1.723580,1.277434,0.000000,0.000000,82.666667,0.000000,0.000000,0.000000,0.000000,0.000000,0.389256,
1251,47,-1.723580,1.277434,0.000000,0.000000,83.333333,0.000000,0.000000,0.000000,0.000000,0.000000,0.389256,
1261,47,-1.723580,1.277434,0.000000,0.000000,84.000000,0.000000,0.000000,0.000000,0.000000,0.000000,0.389256,
1271,47,-1.723580,1.277434,0.000000,0.000000,84.666667,0.000000,0.000000,0.000000,0.000000,0.000000,0.389256,
1281,47,-1.723580,1.277434,0.000000,0.000000,85.333333,0.000000,0.000000,0.000000,0.000000,0.000000,0.389256,
1291,47,-1.723580,1.277434,0.000000,0.000000,86.000000,0.000000,0.000000,0.000000,0.000000,0.000000,0.389256,
1301,47,-1.723580,1.277434,0.000000,0.000000,86.666667,0.000000,0.000000,0.000000,0.000000,0.000000,0.389256,
1311,47,-1.723580,1.277434,0.000000,0.000000,87.333333,0.000000,0.000000,0.000000,0.000000,0.000000,0.389256,
1321,47,-1.723580,1.277434,0.000000,0.000000,88.000000,0.000000,0.000000,0.000000,0.000000,0.000000,0.389256,
1331,47,-1.723580,1.277434,0.000000,0.000000,88.666667,0.000000,0.000000,0.000000,0.000000,0.000000,0.389256,
1341,47,-1.723580,1.277434,0.000000,0.000000,89.333333,0.000000,0.000000,0.000000,0.000000,0.000000,0.389256,
1351,47,-1.723580,1.277434,0.000000,0.000000,90.000000,0.000000,0.000000,0.000000,0.000000,0.000000,0.389256,
1361,47,-1.723580,1.277434,0.000000,0.000000,90.666667,0.000000,0.000000,0.000000,0.000000,0.000000,0.389256,
1371,47,-1.723580,1.277434,0.000000,0.000000,91.333333,0.000000,0.000000,0.000000,0.000000,0.000000,0.389256,
1381,47,-1.723580,1.277434,0.000000,0.000000,92.000000,0.000000,0.000000,0.000000,0.000000,0.000000,0.389256,
1161,48,2.925673,-5.699285,-0.453345,1.672439,77.333333,1.732793,105.166610,,,,4.366427,
1171,48,2.744335,-5.030310,-0.339562,1.687881,78.000000,1.721698,101.374725,0.170675,0.023163,0.172240,4.417486,
1181,48,2.654024,-4.348981,-0.273867,1.660062,78.666667,1.682501,99.367924,0.098542,-0.041728,0.107013,3.584641,
1191,48,2.525242,-3.702260,-0.231498,1.607793,79.333333,1.624374,98.193417,0.063553,-0.078404,0.100927,2.242091,
1201,48,2.468826,-3.062746,-0.161084,1.651037,80.000000,1.658877,95.572461,0.105620,0.064866,0.123949,1.068489,
1211,48,2.396374,-2.381430,-0.225313,1.734376,80.666667,1.748950,97.401861,-0.096343,0.125008,0.157826,1.206697,
1221,48,2.288575,-1.675245,-0.159919,1.677425,81.333333,1.685030,95.445900,0.098091,-0.085427,0.130076,2.467339,
1231,48,2.268439,-1.039490,-0.119947,1.574399,82.000000,1.578962,94.356731,0.059958,-0.154538,0.165762,4.032534,
1241,48,2.192617,-0.415726,-0.075757,1.543004,82.666667,1.544863,92.810800,0.066286,-0.047093,0.081311,3.645244,
1251,48,2.207833,0.194913,-0.077129,1.519080,83.333333,1.521037,92.906618,-0.002058,-0.035886,0.035945,2.536068,
1261,48,2.130914,0.799538,-0.150835,1.431403,84.000000,1.439328,96.015377,-0.110559,-0.131516,0.171813,1.516229,
1271,48,2.087165,1.340035,-0.130845,1.379707,84.666667,1.385898,95.417457,0.029985,-0.077543,0.083138,1.066361,
1281,48,2.026238,1.903304,-0.223635,1.371496,85.333333,1.389609,99.261098,-0.139185,-0.012318,0.139729,1.565854,
1291,48,1.908257,2.437232,-0.294951,1.334819,86.000000,1.367018,102.460240,-0.106973,-0.055015,0.120291,2.569807,
1211,49,-1.067942,-3.677201,0.624613,-1.039465,80.666667,1.212695,301.001610,,,,2.688460,
1221,49,-0.818096,-4.092987,0.767946,-1.051329,81.333333,1.301935,306.146365,0.215000,-0.017796,0.215735,2.514013,
1231,49,-0.453585,-4.518265,0.797138,-0.896236,82.000000,1.199445,311.650807,0.043787,0.232640,0.236725,2.175210,
1241,49,-0.180386,-4.809976,0.641487,-1.003316,82.666667,1.190861,302.593481,-0.233477,-0.160620,0.283391,2.259638,
1251,49,0.059605,-5.320918,0.674201,-1.205015,83.333333,1.380800,299.226846,0.049072,-0.302548,0.306502,2.315469,
1261,49,0.358975,-5.773988,0.594710,-1.294390,84.000000,1.424474,294.676517,-0.119236,-0.134063,0.179416,2.346969,
1271,49,0.535373,-6.356430,0.250104,-1.465092,84.666667,1.486286,279.687507,-0.516910,-0.256053,0.576852,2.136087,
1281,49,0.559058,-6.946062,0.177289,-1.482328,85.333333,1.492892,276.820271,-0.109223,-0.025853,0.112241,1.947014,
1291,49,0.677204,-7.542292,0.131511,-1.453705,86.000000,1.459642,275.169258,-0.068666,0.042934,0.080984,2.048555,
1301,49,0.664267,-8.109026,0.131339,-1.452159,86.666667,1.458086,275.168010,-0.000258,0.002320,0.002334,2.179275,
1311,49,0.782276,-8.704019,0.295021,-1.487483,87.333333,1.516457,281.218227,0.245523,-0.052986,0.251175,2.550701,
1241,51,0.932690,3.004857,0.201383,-1.432121,82.666667,1.446211,278.004356,,,,3.168558,
1251,51,1.013243,2.432008,0.130061,-1.444607,83.333333,1.450450,275.144599,-0.106982,-0.018728,0.108609,2.536068,
1261,51,1.036739,1.849171,0.012156,-1.449829,84.000000,1.449880,270.480380,-0.176858,-0.007833,0.177031,1.516229,
1271,51,1.022967,1.272145,0.079247,-1.510622,84.666667,1.512700,273.002969,0.100636,-0.091190,0.135806,1.066361,
1281,51,1.100136,0.640674,0.075097,-1.585776,85.333333,1.587553,272.711301,-0.006225,-0.112730,0.112902,1.565854,
1291,51,1.083045,0.003525,0.031320,-1.529071,86.000000,1.529392,271.173436,-0.065665,0.085057,0.107455,2.569807,
1301,51,1.125192,-0.582583,0.102573,-1.514791,86.666667,1.518260,273.873818,0.106879,0.021420,0.109004,3.141710,
1311,51,1.165103,-1.208309,0.075116,-1.586129,87.333333,1.587907,272.711383,-0.041185,-0.107007,0.114659,3.512102,
1321,51,1.185285,-1.851487,0.191300,-1.600209,88.000000,1.611603,276.817178,0.174276,-0.021119,0.175551,3.945767,
1331,51,1.318143,-2.488475,0.440608,-1.728226,88.666667,1.783508,284.302748,0.373962,-0.192027,0.420383,4.499448,
1341,51,1.537771,-3.234068,0.252140,-1.754166,89.333333,1.772194,278.179554,-0.282701,-0.038909,0.285366,5.082800,
1351,51,1.519855,-3.891808,0.102211,-1.510030,90.000000,1.513485,273.872339,-0.224894,0.366204,0.429747,4.538056,
1361,51,1.619540,-4.442092,0.098140,-1.585449,90.666667,1.588484,273.542105,-0.006107,-0.113129,0.113294,4.186187,
1371,51,1.598367,-5.160168,0.019157,-1.752514,91.333333,1.752619,270.626290,-0.118474,-0.250597,0.277191,3.683519,
1381,51,1.634866,-5.844103,0.091247,-1.709839,92.000000,1.712272,273.054741,0.108135,0.064013,0.125662,3.430262,
1481,52,2.171732,-1.798688,-0.359117,1.831688,98.666667,1.866560,101.092610,,,,0.838115,
1491,52,2.028085,-1.066013,-0.292153,1.799157,99.333333,1.822723,99.223381,0.100446,-0.048796,0.111671,0.876123,4.371565
1501,52,1.938010,-0.359362,-0.062345,1.792473,100.000000,1.793557,91.992034,0.344713,-0.010027,0.344858,0.787426,0.754057
1511,52,1.978209,0.367965,-0.017928,1.761321,100.666667,1.761413,90.583190,0.066625,-0.046727,0.081377,0.677299,0.488331
1521,52,1.923667,1.049695,0.047850,1.698878,101.333333,1.699552,88.386654,0.098668,-0.093665,0.136045,0.660933,0.546538
1531,52,2.016489,1.727068,-0.066370,1.717825,102.000000,1.719107,92.212596,-0.171331,0.028420,0.173672,0.587531,3.355531
1541,52,1.870571,2.423955,-0.250591,1.723604,102.666667,1.741725,98.272162,-0.276332,0.008669,0.276468,0.678234,
1551,52,1.816016,3.105952,-0.136386,1.704991,103.333333,1.710437,94.573483,0.171308,-0.027920,0.173568,0.733461,
1481,53,3.009792,-1.789055,-0.263961,1.803299,98.666667,1.822516,98.327643,,,,0.838115,
1491,53,2.904207,-1.067736,-0.355464,1.793194,99.333333,1.828086,101.212358,-0.137254,-0.015158,0.138088,0.876123,4.371565
1501,53,2.725421,-0.354501,-0.310889,1.789467,100.000000,1.816272,99.855789,0.066862,-0.005589,0.067095,0.787426,0.754057
1511,53,2.655495,0.363838,-0.176196,1.772028,100.666667,1.780766,95.678368,0.202040,-0.026160,0.203726,0.677299,0.488331
1521,53,2.584464,1.063121,-0.064802,1.729980,101.333333,1.731194,92.145188,0.167092,-0.063071,0.178599,0.660933,0.546538
1531,53,2.603654,1.747822,-0.044894,1.677744,102.000000,1.678344,91.532772,0.029862,-0.078355,0.083853,0.587531,1.288097
1541,53,2.548549,2.405316,-0.070086,1.631846,102.666667,1.633351,92.459288,-0.037789,-0.068846,0.078535,0.678234,2.533052
1551,53,2.547585,3.053300,-0.002409,1.619958,103.333333,1.619960,90.085208,0.101516,-0.017833,0.103070,0.733461,
1481,54,3.805048,-1.308602,-0.429248,1.958902,98.666667,2.005380,102.359701,,,,0.929122,
1491,54,3.633348,-0.525041,-0.252783,1.934547,99.333333,1.950993,97.444531,0.264698,-0.036531,0.267207,0.908936,
1501,54,3.602821,0.239036,-0.039845,1.758176,100.000000,1.758628,91.298255,0.319407,-0.264556,0.414742,1.059301,
1511,54,3.601472,0.881500,-0.160730,1.583014,100.666667,1.591153,95.797610,-0.181327,-0.262743,0.319239,1.078353,
1521,54,3.474237,1.505447,-0.270142,1.626102,101.333333,1.648389,99.432320,-0.164118,0.064632,0.176386,0.993655,1.710719
1531,54,3.385359,2.182382,-0.313808,1.660941,102.000000,1.690325,100.699007,-0.065499,0.052258,0.083792,0.894374,1.288097
1541,54,3.223191,2.834200,-0.223854,1.670942,102.666667,1.685871,97.630413,0.134931,0.015002,0.135763,0.799427,2.533052
1551,54,3.206275,3.519136,-0.042288,1.712339,103.333333,1.712862,91.414701,0.272349,0.062096,0.279338,0.806769,
1491,55,-0.576325,2.723947,0.618068,-0.206912,99.333333,0.651783,341.490928,,,,4.598559,
1501,55,-0.329097,2.641182,0.491542,-0.286136,100.000000,0.568759,329.795478,-0.189790,-0.118836,0.223925,3.760723,
1511,55,-0.183091,2.495038,0.357287,-0.489762,100.666667,0.606235,306.111196,-0.201381,-0.305439,0.365852,3.032434,
1521,55,-0.043267,2.249373,0.280731,-0.551673,101.333333,0.618993,296.970255,-0.114835,-0.092865,0.147686,2.303922,
1531,55,0.041493,2.053700,0.309444,-0.454444,102.000000,0.549795,304.252081,0.043070,0.145843,0.152070,2.001824,
1541,55,0.204288,1.885817,0.407776,-0.394146,102.666667,0.567126,315.973706,0.147498,0.090446,0.173021,1.751026,
1551,55,0.367714,1.738383,0.285855,-0.423657,103.333333,0.511076,304.008841,-0.182880,-0.044266,0.188162,1.991940,
1561,55,0.432972,1.546892,0.132390,-0.599186,104.000000,0.613637,282.459306,-0.230198,-0.263293,0.349735,9.027267,
1571,55,0.473626,1.259035,0.108707,-0.594982,104.666667,0.604831,280.354066,-0.035525,0.006306,0.036080,8.755560,
1581,55,0.519938,1.070906,0.140679,-0.448895,105.333333,0.470423,287.400380,0.047958,0.219130,0.224316,8.583320,
1591,55,0.586168,0.899918,0.169723,-0.352603,106.000000,0.391325,295.703489,0.043567,0.144438,0.150865,8.433565,
1601,55,0.655716,0.788824,0.079864,-0.263238,106.666667,0.275087,286.877359,-0.134788,0.134047,0.190096,8.343846,
1611,55,0.650060,0.689328,-0.041888,-0.319876,107.333333,0.322607,262.539604,-0.182628,-0.084957,0.201422,8.246330,
1621,55,0.622206,0.532923,-0.069635,-0.391013,108.000000,0.397165,259.902131,-0.041621,-0.106705,0.114535,8.088112,
1671,56,1.506971,0.558650,0.666439,0.295213,111.333333,0.728898,23.891938,,,,4.059000,
1681,56,1.773547,0.676735,0.624307,0.399588,112.000000,0.741235,32.621287,-0.063199,0.156562,0.168836,3.483677,
1691,56,2.006417,0.878320,0.687522,0.362458,112.666667,0.777214,27.797973,0.094823,-0.055694,0.109969,3.005991,
1701,56,2.323565,0.966702,0.837928,0.261713,113.333333,0.877847,17.345330,0.225608,-0.151118,0.271543,2.503082,
1711,56,2.676759,1.087690,0.791501,0.340069,114.000000,0.861465,23.250827,-0.069639,0.117535,0.136616,1.979588,
1721,56,2.956766,1.238757,0.680855,0.476925,114.666667,0.831277,35.010422,-0.165969,0.205283,0.263983,1.571391,
1731,56,3.221443,1.469230,0.696269,0.422466,115.333333,0.814412,31.247582,0.023120,-0.081688,0.084897,1.394906,
1741,56,3.513781,1.576730,0.843465,0.345463,116.000000,0.911470,22.272817,0.220794,-0.115505,0.249182,1.181984,
1751,56,3.896215,1.745600,0.956087,0.422176,116.666667,1.045148,23.824673,0.168933,0.115070,0.204400,1.373874,
1671,57,3.134302,-3.159855,-0.189803,1.496258,111.333333,1.508248,97.229450,,,,4.059000,
1681,57,3.058381,-2.561352,-0.236056,1.478277,112.000000,1.497005,99.072587,-0.069380,-0.026972,0.074438,3.483677,
1691,57,2.945457,-1.977234,-0.105602,1.388663,112.666667,1.392673,94.348735,0.195681,-0.134421,0.237403,3.005991,
1701,57,2.973899,-1.450421,-0.015949,1.377439,113.333333,1.377531,90.663363,0.134480,-0.016836,0.135530,2.503082,
1711,57,2.932698,-0.875282,-0.262933,1.412138,114.000000,1.436408,100.547401,-0.370477,0.052049,0.374115,1.979588,
1721,57,2.763553,-0.320711,-0.313380,1.322674,114.666667,1.359291,103.329277,-0.075671,-0.134197,0.154062,1.571391,
1731,57,2.681994,0.182856,-0.152262,1.374431,115.333333,1.382839,96.321552,0.241678,0.077636,0.253841,1.394906,
1741,57,2.641743,0.778834,-0.144423,1.521740,116.000000,1.528578,95.421493,0.011759,0.220964,0.221277,1.181984,
1751,57,2.566456,1.400248,-0.188219,1.553536,116.666667,1.564897,96.908029,-0.065695,0.047695,0.081183,1.373874,
1791,58,2.432310,-4.068456,0.029854,2.224573,119.333333,2.224774,89.231124,,,,5.081180,
1801,58,2.444252,-3.178627,0.007160,2.225938,120.000000,2.225949,89.815697,-0.034041,0.002046,0.034103,5.691928,
1811,58,2.438038,-2.287706,0.029796,2.220206,120.666667,2.220406,89.231124,0.033953,-0.008597,0.035025,6.358347,
1821,58,2.468088,-1.402462,0.142903,2.201555,121.333333,2.206188,86.286135,0.169661,-0.027978,0.171953,7.089967,
1831,58,2.552361,-0.526462,0.120119,2.200654,122.000000,2.203929,86.875694,-0.034176,-0.001352,0.034202,7.873325,
1841,58,2.564184,0.358061,0.119735,2.195317,122.666667,2.198580,86.878130,-0.000577,-0.008005,0.008026,3.485198,
1851,58,2.648149,1.229791,0.139485,2.139182,123.333333,2.143725,86.269318,0.029626,-0.084202,0.089262,2.192204,
1861,58,2.675772,2.069407,0.100744,2.263087,124.000000,2.265328,87.451083,-0.058111,0.185857,0.194730,1.224559,
1871,58,2.728744,3.040261,0.132430,2.427135,124.666667,2.430746,86.876912,0.047528,0.246072,0.250620,1.261789,
1841,59,1.759262,3.749035,-0.073681,-1.321682,122.666667,1.323734,266.809200,,,,0.775601,
1851,59,1.729790,3.220363,-0.089854,-1.195875,123.333333,1.199246,265.703081,-0.024260,0.188710,0.190263,0.821797,2.933964
1861,59,1.687379,2.792336,-0.061502,-1.103229,124.000000,1.104942,266.809200,0.042527,0.138969,0.145330,0.708726,0.646274
1871,59,1.680588,2.337780,-0.049270,-0.883459,124.666667,0.884832,266.807956,0.018349,0.329655,0.330165,0.686571,0.863084
1881,59,1.647963,2.085568,0.192567,-0.701044,125.333333,0.727011,285.359556,0.362756,0.273623,0.454380,0.636487,2.086665
1891,59,1.834642,1.776945,0.531611,-0.830301,126.000000,0.985906,302.629919,0.508566,-0.193886,0.544271,0.763520,1.495284
1901,59,2.073252,1.421327,0.159732,-0.867248,126.666667,0.881836,280.435956,-0.557818,-0.055420,0.560564,1.008177,1.152996
1911,59,1.962428,1.083146,-0.343495,-0.786786,127.333333,0.858499,246.414870,-0.754841,0.120694,0.764429,0.927092,9.859989
1921,59,1.798456,0.791899,-0.183641,-0.813617,128.000000,0.834085,257.280921,0.239781,-0.040248,0.243135,0.878559,
1931,59,1.815515,0.432252,-0.093743,-0.854134,128.666667,0.859263,263.736755,0.134848,-0.060775,0.147911,0.945630,
1941,59,1.723462,0.108592,-0.384958,-0.663245,129.333333,0.766868,239.868450,-0.436823,0.286333,0.522303,0.866737,0.597237
1951,59,1.507549,-0.098344,-0.403422,-0.563217,130.000000,0.692793,234.386663,-0.027696,0.150043,0.152578,0.582508,
1961,59,1.400725,-0.341982,-0.178819,-0.697130,130.666667,0.719699,255.613392,0.336904,-0.200871,0.392242,0.543282,
1971,59,1.364493,-0.656049,-0.199732,-0.645784,131.333333,0.675966,252.813894,-0.031370,0.077019,0.083162,0.569507,
1981,59,1.240939,-0.858609,-0.331218,-0.479121,132.000000,0.582463,235.343777,-0.197229,0.249994,0.318428,0.402040,
1991,59,1.099519,-1.039346,-0.353550,-0.451841,132.666667,0.573723,231.958071,-0.033498,0.040920,0.052882,0.399706,
1841,60,1.026977,4.004605,-0.220772,-1.404527,122.666667,1.421772,261.066984,,,,0.775601,
1851,60,0.938668,3.442794,-0.024637,-1.266150,123.333333,1.266390,268.885250,0.294202,0.207565,0.360053,0.821797,2.933964
1861,60,1.007267,2.991685,0.127673,-1.069873,124.000000,1.077464,276.805197,0.228466,0.294416,0.372663,0.708726,0.646274
1871,60,1.040806,2.586896,0.012603,-1.024816,124.666667,1.024894,270.704550,-0.172606,0.067585,0.185366,0.686571,0.863084
1881,60,1.017349,2.171832,0.041476,-0.929837,125.333333,0.930762,272.554011,0.043310,0.142468,0.148906,0.636487,
1891,60,1.073987,1.843026,0.075938,-0.736218,126.000000,0.740124,275.888990,0.051693,0.290429,0.294994,0.763520,
1901,60,1.078099,1.582858,-0.014393,-0.671520,126.666667,0.671675,268.772107,-0.135497,0.097046,0.166665,1.008177,2.763804
1911,60,1.062472,1.305810,-0.128135,-0.603910,127.333333,0.617354,258.020917,-0.170612,0.101416,0.198478,0.927092,
1921,60,0.975592,1.099730,-0.100668,-0.533818,128.000000,0.543227,259.320526,0.041200,0.105138,0.112923,0.878559,
1931,60,0.981938,0.878756,0.008869,-0.676444,128.666667,0.676502,270.751201,0.164306,-0.213939,0.269752,0.945630,
1941,60,0.982687,0.558575,0.073241,-0.786184,129.333333,0.789588,275.322310,0.096557,-0.164611,0.190840,0.866737,0.597237
1951,60,1.040531,0.249809,-0.068190,-0.790719,130.000000,0.793653,265.071125,-0.212146,-0.006802,0.212255,0.582508,
1961,60,0.928135,-0.074000,-0.208320,-0.770831,130.666667,0.798485,254.876867,-0.210195,0.029831,0.212302,0.543282,9.048030
1971,60,0.873875,-0.366856,0.010268,-0.652743,131.333333,0.652824,270.901219,0.327882,0.177132,0.372670,0.569507,
1981,60,0.936349,-0.596194,-0.074965,-0.491084,132.000000,0.496773,261.320669,-0.127850,0.242489,0.274128,0.402040,
1991,60,0.813903,-0.759724,-0.306117,-0.408823,132.666667,0.510729,233.175011,-0.346728,0.123391,0.368029,0.399706,
1851,61,2.859980,-5.238952,-0.087487,1.736601,123.333333,1.738803,92.884021,,,,1.658847,
1861,61,2.824985,-4.544312,-0.179014,1.721767,124.000000,1.731048,95.935788,-0.137291,-0.022251,0.139083,1.583322,
1871,61,2.716769,-3.861539,-0.249464,1.681027,124.666667,1.699436,98.441088,-0.105675,-0.061110,0.122072,1.483230,2.341362
1881,61,2.625414,-3.199491,-0.046364,1.658497,125.333333,1.659145,91.601298,0.304651,-0.033795,0.306520,1.428601,2.086665
1891,61,2.679678,-2.534741,-0.001156,1.653267,126.000000,1.653267,90.040063,0.067811,-0.007845,0.068264,1.379459,1.495284
1901,61,2.624489,-1.876877,-0.005193,1.577698,126.666667,1.577707,90.188588,-0.006055,-0.113352,0.113514,1.320233,1.152996
1911,61,2.675523,-1.272582,0.194996,1.499819,127.333333,1.512442,82.592352,0.300284,-0.116819,0.322206,1.273605,
1921,61,2.780486,-0.677022,0.020002,1.620880,128.000000,1.621003,89.293003,-0.262491,0.181591,0.319182,1.257815,
1931,61,2.691525,0.024121,-0.136324,1.666616,128.666667,1.672182,94.676218,-0.234489,0.068605,0.244319,0.966418,
1941,61,2.671426,0.656271,-0.091327,1.660447,129.333333,1.662957,93.148191,0.067496,-0.009254,0.068127,1.094801,
1951,61,2.618463,1.352479,-0.363804,1.681611,130.000000,1.720514,102.207394,-0.408715,0.031746,0.409946,0.706632,
1961,61,2.380383,2.001560,-0.344023,1.631101,130.666667,1.666986,101.909975,0.029671,-0.075765,0.081367,1.337142,
1971,61,2.343244,2.657360,-0.092847,1.639500,131.333333,1.642127,93.241278,0.376765,0.012598,0.376975,1.320077,
1851,62,3.235339,-3.623130,-0.008272,1.522309,123.333333,1.522331,90.311344,,,,1.658847,
1861,62,3.232030,-3.014207,-0.034502,1.451507,124.000000,1.451917,91.361659,-0.039345,-0.106203,0.113257,1.583322,
1871,62,3.207737,-2.461925,-0.037102,1.402049,124.666667,1.402540,91.515858,-0.003900,-0.074187,0.074290,1.483230,
1881,62,3.202348,-1.892568,0.100575,1.456463,125.333333,1.459932,86.049751,0.206516,0.081622,0.222061,1.428601,
1891,62,3.288197,-1.296754,0.143760,1.424377,126.000000,1.431613,84.236753,0.064777,-0.048130,0.080700,1.379459,
1901,62,3.317356,-0.753066,0.074150,1.382581,126.666667,1.384568,86.930072,-0.104415,-0.062693,0.121790,1.320233,
1911,62,3.347518,-0.190689,0.187550,1.412163,127.333333,1.424563,82.434804,0.170099,0.044372,0.175792,1.273605,
1921,62,3.467396,0.376664,0.186049,1.385506,128.000000,1.397941,82.351928,-0.002251,-0.039986,0.040049,1.257815,
1931,62,3.496357,0.917716,0.072356,1.351772,128.666667,1.353707,86.936057,-0.170540,-0.050600,0.177888,1.202608,
1941,62,3.525281,1.458082,0.182647,1.331196,129.333333,1.343668,82.187523,0.165436,-0.030864,0.168290,1.171310,
1951,62,3.642474,1.982673,0.134510,1.264554,130.000000,1.271688,83.928317,-0.072205,-0.099963,0.123313,1.202391,
1961,62,3.632889,2.469725,-0.022673,1.241415,130.666667,1.241622,91.046341,-0.235775,-0.034709,0.238316,1.337142,
1971,62,3.624335,2.975805,-0.021384,1.265198,131.333333,1.265379,90.968286,0.001935,0.035675,0.035727,1.320077,
1901,63,1.178645,3.697782,0.069741,-1.256174,126.666667,1.258108,273.177741,,,,2.117313,2.763804
1911,63,1.206542,3.195313,0.207300,-1.304967,127.333333,1.321330,279.026264,0.206337,-0.073191,0.218934,1.894987,
1921,63,1.344485,2.653809,0.318643,-1.397589,128.000000,1.433454,282.843608,0.167015,-0.138933,0.217248,1.597261,
1931,63,1.461456,2.077241,0.458678,-1.368022,128.666667,1.442868,288.535554,0.210052,0.044352,0.214683,1.290854,
1941,63,1.711427,1.559391,0.667847,-1.323419,129.333333,1.482382,296.777236,0.313754,0.066904,0.320808,1.238021,
1951,63,1.995734,1.018506,0.640709,-1.338229,130.000000,1.483700,295.583881,-0.040707,-0.022216,0.046374,0.706632,
1961,63,2.223995,0.488808,0.585430,-1.447091,130.666667,1.561025,292.026133,-0.082918,-0.163292,0.183138,1.169609,
1971,63,2.464078,-0.139166,0.435662,-1.642173,131.333333,1.698980,284.858081,-0.224652,-0.292623,0.368914,1.215012,
1981,63,2.572524,-0.824930,0.181967,-1.676705,132.000000,1.686551,276.193865,-0.380543,-0.051799,0.384052,1.332011,
1991,63,2.609652,-1.480530,0.092819,-1.639000,132.666667,1.641626,273.241286,-0.133722,0.056559,0.145191,1.573260,
2001,64,1.014829,-1.208236,-0.083121,-0.640603,133.333333,0.645973,262.606967,,,,0.456711,
2011,64,0.981581,-1.464478,-0.194549,-0.526197,134.000000,0.561010,249.709311,-0.167142,0.171610,0.239555,0.456442,
2021,64,0.859190,-1.629194,-0.421091,-0.347419,134.666667,0.545909,219.524154,-0.339813,0.268167,0.432881,0.443857,
2031,64,0.644708,-1.742413,-0.373642,-0.329563,135.333333,0.498217,221.413229,0.071173,0.026783,0.076045,0.373579,
2041,64,0.560276,-1.892845,-0.265655,-0.495830,136.000000,0.562513,241.818567,0.161981,-0.249400,0.297386,0.360156,
2051,64,0.432184,-2.139077,-0.530053,-0.515261,136.666667,0.739223,224.189267,-0.396597,-0.029146,0.397667,0.640912,
2061,64,0.136233,-2.305054,-0.739877,-0.414941,137.333333,0.848289,209.284796,-0.314735,0.150480,0.348859,0.877856,
2001,65,0.693385,-0.883801,-0.083778,-0.642204,133.333333,0.647645,262.567481,,,,0.456711,
2011,65,0.659873,-1.140682,-0.197325,-0.552084,134.000000,0.586288,250.332129,-0.170321,0.135180,0.217446,0.456442,
2021,65,0.535524,-1.325468,-0.087592,-0.290261,134.666667,0.303189,253.207684,0.164600,0.392735,0.425833,0.443857,
2031,65,0.589799,-1.372891,-0.062817,-0.268897,135.333333,0.276137,256.850863,0.037162,0.032045,0.049071,0.373579,
2041,65,0.485270,-1.540585,-0.127815,-0.159587,136.000000,0.204462,231.308434,-0.097496,0.163965,0.190762,0.360156,
2051,65,0.487547,-1.500560,0.002846,0.050031,136.666667,0.050112,86.743854,0.195992,0.314428,0.370510,0.640912,
2061,65,0.487547,-1.500560,0.000000,0.000000,137.333333,0.000000,0.000000,-0.004270,-0.075047,0.075168,0.877856,
2001,66,2.620193,-2.290634,-0.143876,-1.809353,133.333333,1.815065,265.453527,,,,1.936176,
2011,66,2.562643,-3.014375,-0.028130,-1.774478,134.000000,1.774701,269.091784,0.173619,0.052313,0.181329,2.214032,
2021,66,2.597689,-3.710216,-0.006918,-1.804227,134.666667,1.804240,269.780305,0.031818,-0.044624,0.054806,2.711648,
2031,66,2.557108,-4.457757,-0.165601,-1.790069,135.333333,1.797713,264.714570,-0.238024,0.021236,0.238969,3.321199,
2041,66,2.465208,-5.142272,-0.139103,-1.721601,136.000000,1.727212,265.380604,0.039746,0.102702,0.110125,3.766636,
2051,66,2.445825,-5.835037,-0.186440,-1.746767,136.666667,1.756689,263.907635,-0.071005,-0.037749,0.080416,4.208904,
2061,66,2.316056,-6.539685,-0.324423,-1.761619,137.333333,1.791244,259.565225,-0.206974,-0.022279,0.208170,4.762744,
2101,67,3.141411,-7.059692,0.197078,2.005647,140.000000,2.015307,84.388037,,,,,
2111,67,3.220243,-6.257433,0.083826,1.988849,140.666667,1.990615,87.586527,-0.169878,-0.025198,0.171737,,
2121,67,3.208472,-5.468613,-0.072830,2.000314,141.333333,2.001640,92.085166,-0.234983,0.017198,0.235612,,
2131,67,3.161979,-4.657182,-0.139931,2.006576,142.000000,2.011449,93.989121,-0.100651,0.009392,0.101089,2.575662,
2141,67,3.096528,-3.863353,-0.232247,1.968422,142.666667,1.982076,96.729025,-0.138475,-0.057231,0.149836,2.514900,
2151,67,2.976181,-3.082444,-0.237657,1.872126,143.333333,1.887151,97.234716,-0.008114,-0.144444,0.144672,2.580792,
2161,67,2.906402,-2.365652,-0.263172,1.828805,144.000000,1.847643,98.188858,-0.038272,-0.064982,0.075415,2.527113,
2171,67,2.765644,-1.619401,-0.189167,1.943181,144.666667,1.952367,95.560165,0.111008,0.171565,0.204346,2.525013,
2181,67,2.755069,-0.811107,-0.212048,1.949138,145.333333,1.960638,96.208822,-0.034322,0.008935,0.035466,2.630433,
2191,67,2.596005,-0.060091,-0.285055,1.862266,146.000000,1.883956,98.702646,-0.109510,-0.130308,0.170214,2.687462,
2201,67,2.527025,0.678706,-0.241734,1.834176,146.666667,1.850037,97.507979,0.064982,-0.042135,0.077446,2.725981,
2211,67,2.402618,1.407250,-0.215219,1.905027,147.333333,1.917146,96.445613,0.039772,0.106276,0.113475,2.892157,
2221,67,2.354850,2.202728,-0.119422,1.988693,148.000000,1.992275,93.436501,0.143696,0.125498,0.190784,3.062315,
2131,68,3.042196,-7.230058,-0.156233,2.136299,142.000000,2.142004,94.182740,,,,1.900868,
2141,68,2.979703,-6.375538,-0.098041,1.958563,142.666667,1.961016,92.865695,0.087288,-0.266603,0.280529,2.001867,
2151,68,2.963763,-5.663207,-0.035879,1.853959,143.333333,1.854306,91.108695,0.093242,-0.156907,0.182521,1.915292,
2161,68,2.950999,-4.892371,-0.055691,1.904334,144.000000,1.905148,91.675115,-0.029718,0.075563,0.081197,1.912456,
2171,68,2.919210,-4.139740,0.121215,1.833987,144.666667,1.837989,86.218594,0.265360,-0.105520,0.285571,1.882324,
2181,68,3.047972,-3.425181,0.209543,1.796739,145.333333,1.808917,83.347971,0.132492,-0.055872,0.143791,1.906803,
2191,68,3.086845,-2.702349,0.097101,1.805560,146.000000,1.808169,86.921674,-0.168664,0.013232,0.169182,1.954819,
2201,68,3.125652,-1.980733,0.225511,1.687140,146.666667,1.702145,82.386698,0.192616,-0.177631,0.262018,2.005726,
2211,68,3.267254,-1.352637,0.265771,1.604184,147.333333,1.626051,80.593059,0.060389,-0.124433,0.138313,2.022295,
2221,68,3.338269,-0.697386,0.249050,1.723073,148.000000,1.740979,81.775523,-0.025081,0.178334,0.180089,1.924437,
2231,68,3.466494,0.025822,0.320563,1.808019,148.666667,1.836217,79.945919,0.107269,0.127419,0.166560,1.961350,
2131,69,3.066803,-9.130767,-0.079612,1.885311,142.000000,1.886991,92.418034,,,,1.900868,
2141,69,3.034958,-8.376642,-0.166962,1.940639,142.666667,1.947808,94.917321,-0.131025,0.082993,0.155098,2.001867,
2151,69,2.933233,-7.578255,-0.413879,1.984814,143.333333,2.027507,101.778682,-0.370374,0.066263,0.376255,1.915292,
2161,69,2.703855,-6.788791,-0.505118,1.996315,144.000000,2.059228,104.199269,-0.136860,0.017252,0.137943,1.912456,
2171,69,2.529138,-5.981203,-0.551276,2.032440,144.666667,2.105876,105.175703,-0.069237,0.054186,0.087920,1.882324,
2181,69,2.262834,-5.162839,-0.532659,1.987071,145.333333,2.057226,105.006058,0.027925,-0.068053,0.073559,1.906803,
2191,69,2.103010,-4.391546,-0.443195,1.985094,146.000000,2.033966,102.585546,0.134196,-0.002966,0.134229,1.954819,
2201,69,1.908278,-3.574764,-0.349566,2.028731,146.666667,2.058627,99.776504,0.140444,0.065456,0.154948,2.005726,
2211,69,1.823358,-2.768561,-0.027251,2.017683,147.333333,2.017867,90.773798,0.483472,-0.016572,0.483756,2.022295,
2221,69,1.886477,-1.960618,0.088895,2.026881,148.000000,2.028829,87.488739,0.174219,0.013797,0.174764,1.924437,
2231,69,1.894473,-1.147057,0.133046,1.991709,148.666667,1.996147,86.178323,0.066227,-0.052758,0.084672,1.961350,
2241,69,1.992914,-0.367251,0.246100,1.949514,149.333333,1.964986,82.805231,0.169581,-0.063291,0.181007,,
2301,70,2.854486,0.686677,0.205861,-1.208329,153.333333,1.225740,279.668543,,,,,
2311,70,2.936831,0.203346,0.385805,-1.209483,154.000000,1.269525,287.691835,0.269917,-0.001730,0.269922,,
2321,70,3.163130,-0.280909,0.541054,-1.229205,154.666667,1.343014,293.757465,0.232874,-0.029584,0.234745,,
2331,70,3.369674,-0.780019,0.515391,-1.245435,155.333333,1.347863,292.480949,-0.038495,-0.024344,0.045547,,
2341,70,3.575443,-1.277257,0.569306,-1.442844,156.000000,1.551099,291.532792,0.080872,-0.296114,0.306959,,
2351,70,3.825119,-1.934294,0.624189,-1.642594,156.666667,1.757193,290.806883,0.082325,-0.299625,0.310729,,
2771,71,2.665271,3.208480,0.010471,-1.471985,184.666667,1.472023,270.407585,,,,0.746823,
2781,71,2.669460,2.619686,0.031655,-1.500557,185.333333,1.500891,271.208486,0.031775,-0.042857,0.053351,0.835083,
2791,71,2.690595,2.008034,-0.038550,-1.538994,186.000000,1.539477,268.565119,-0.105306,-0.057655,0.120056,0.892865,
2801,71,2.638620,1.388491,-0.082281,-1.508603,186.666667,1.510845,266.878130,-0.065596,0.045586,0.079881,0.891246,
2811,71,2.624770,0.801152,-0.013412,-1.496868,187.333333,1.496928,269.486659,0.103304,0.017603,0.104793,0.932036,
2821,71,2.627891,0.190996,-0.036007,-1.494965,188.000000,1.495399,268.620270,-0.033893,0.002853,0.034013,0.881207,2.412558
2831,71,2.595965,-0.394820,-0.012103,-1.474910,188.666667,1.474959,269.529842,0.035856,0.030084,0.046804,0.838425,
2841,71,2.618208,-0.988931,-0.057359,-1.470546,189.333333,1.471664,267.766295,-0.067884,0.006546,0.068199,0.873255,2.082601
2851,71,2.550077,-1.571257,-0.218516,-1.500741,190.000000,1.516566,261.715648,-0.241735,-0.045293,0.245942,0.795165,1.691112
2861,71,2.443395,-2.189524,-0.264414,-1.498779,190.666667,1.521924,259.994855,-0.068847,0.002943,0.068910,0.791157,3.625259
2871,71,2.338546,-2.770280,-0.330911,-1.446251,191.333333,1.483625,257.112221,-0.099746,0.078793,0.127112,0.765894,1.780562
2881,71,2.178667,-3.346525,-0.265969,-1.507596,192.000000,1.530878,259.994855,0.097412,-0.092018,0.134002,0.708994,2.821027
2891,71,2.125771,-3.976357,-0.155250,-1.573753,192.666667,1.581392,264.366018,0.166079,-0.099235,0.193468,0.802206,2.467049
2901,71,2.054466,-4.605527,-0.132608,-1.578964,193.333333,1.584522,265.199321,0.033963,-0.007816,0.034851,0.781977,2.101252
2911,71,2.019684,-5.239528,0.051834,-1.573309,194.000000,1.574163,271.886990,0.276664,0.008481,0.276794,0.838183,
2921,71,2.095934,-5.864175,0.164968,-1.608725,194.666667,1.617161,275.854978,0.169701,-0.053124,0.177821,1.021159,
2931,71,2.151659,-6.526508,0.253450,-1.663898,195.333333,1.683090,278.660891,0.132723,-0.082758,0.156411,1.170517,
2941,71,2.298694,-7.195293,0.300227,-1.640726,196.000000,1.667968,280.369511,0.070166,0.034758,0.078303,1.139077,
2951,71,2.391840,-7.839089,0.163125,-1.629261,196.666667,1.637407,275.717501,-0.205654,0.017196,0.206372,1.209993,
2961,71,2.429193,-8.498702,0.116137,-1.650245,197.333333,1.654327,274.025597,-0.070481,-0.031476,0.077190,1.234570,
2971,71,2.484750,-9.159285,0.026441,-1.621018,198.000000,1.621234,270.934503,-0.134544,0.043841,0.141506,1.019089,
2981,71,2.450347,-9.795516,-0.086009,-1.590578,198.666667,1.592902,266.904811,-0.168675,0.045659,0.174746,1.060561,1.910364
2771,72,1.943176,3.399069,-0.221371,-1.491472,184.666667,1.507810,261.557547,,,,0.746823,
2781,72,1.854628,2.802481,-0.151522,-1.480554,185.333333,1.488287,264.156618,0.104773,0.016376,0.106045,0.835083,
2791,72,1.821959,2.214626,-0.079002,-1.421565,186.000000,1.423759,266.819138,0.108781,0.088484,0.140223,0.892865,
2801,72,1.791427,1.665229,-0.100704,-1.395317,186.666667,1.398946,265.871967,-0.032553,0.039372,0.051087,0.891246,
2811,72,1.741396,1.098373,0.011262,-1.463963,187.333333,1.464007,270.440773,0.167949,-0.102970,0.197002,0.932036,
2821,72,1.800437,0.494058,0.077390,-1.524960,188.000000,1.526923,272.905213,0.099192,-0.091496,0.134946,0.881207,2.412558
2831,72,1.803308,-0.121596,-0.014415,-1.511799,188.666667,1.511868,269.453696,-0.137708,0.019742,0.139116,0.838425,
2841,72,1.788905,-0.715381,-0.014417,-1.512952,189.333333,1.513021,269.454043,-0.000003,-0.001730,0.001730,0.873255,2.560902
2851,72,1.791775,-1.331957,-0.133599,-1.573873,190.000000,1.579533,265.148036,-0.178774,-0.091380,0.200774,0.795165,1.955765
2861,72,1.682025,-1.974479,-0.250325,-1.586741,190.666667,1.606366,261.034874,-0.175089,-0.019303,0.176150,0.791157,3.658459
2871,72,1.591514,-2.601350,-0.248334,-1.541774,191.333333,1.561646,260.849930,0.002986,0.067451,0.067517,0.765894,1.780562
2881,72,1.483358,-3.207898,-0.318608,-1.538531,192.000000,1.571174,258.300228,-0.105411,0.004865,0.105523,0.708994,
2891,72,1.336628,-3.832175,-0.252507,-1.600290,192.666667,1.620088,261.033324,0.099152,-0.092638,0.135694,0.802206,2.529810
2901,72,1.281352,-4.488130,-0.183533,-1.612105,193.333333,1.622519,263.505019,0.103461,-0.017724,0.104968,0.781977,1.959879
2911,72,1.189801,-5.121860,-0.255350,-1.634478,194.000000,1.654304,261.120624,-0.107725,-0.033559,0.112831,0.838183,1.618693
2921,72,1.077073,-5.795712,-0.260234,-1.714236,194.666667,1.733876,261.367982,-0.007326,-0.119637,0.119861,1.021159,1.149286
2931,72,0.981614,-6.493248,-0.331580,-1.714292,195.333333,1.746065,259.052967,-0.107020,-0.000084,0.107020,1.170517,0.786405
2941,72,0.811808,-7.167146,-0.282496,-1.672401,196.000000,1.696093,260.412302,0.073626,0.062836,0.096795,1.080094,0.437925
2951,72,0.755617,-7.831169,-0.081212,-1.867887,196.666667,1.869652,267.510470,0.301927,-0.293228,0.420883,0.576855,
2961,72,0.746839,-8.661456,-0.082819,-1.896279,197.333333,1.898086,267.499218,-0.002411,-0.042588,0.042656,0.717986,
2971,72,0.689362,-9.348192,0.144937,-1.629585,198.000000,1.636018,275.082561,0.341634,0.400040,0.526066,0.790539,
2981,72,0.862788,-9.965124,0.433565,-1.542329,198.666667,1.602110,285.701253,0.432943,0.130885,0.452295,0.899562,1.910364
2771,73,3.654458,0.873062,-0.057827,1.418758,184.666667,1.419936,92.334036,,,,2.536270,
2781,73,3.631327,1.440565,-0.055249,1.466744,185.333333,1.467784,92.157177,0.003868,0.071978,0.072082,1.521681,
2791,73,3.610259,2.046457,-0.053949,1.490471,186.000000,1.491447,92.072987,0.001949,0.035591,0.035644,0.920467,
2801,73,3.588168,2.632942,-0.055229,1.466212,186.666667,1.467252,92.157177,-0.001919,-0.036388,0.036438,1.565344,
2841,75,2.295557,-6.916264,0.059335,1.090022,189.333333,1.091636,86.884213,,,,0.967650,2.082601
2851,75,2.319291,-6.480256,0.082075,1.087528,190.000000,1.090620,85.684106,0.034110,-0.003741,0.034315,0.908152,1.691112
2861,75,2.361217,-6.046242,0.335724,1.137848,190.666667,1.186342,73.561188,0.380474,0.075480,0.387889,0.902900,
2871,75,2.587871,-5.569977,0.427087,1.151261,191.333333,1.227927,69.646493,0.137044,0.020119,0.138513,0.887204,
2881,75,2.702887,-5.125234,0.175682,1.146076,192.000000,1.159463,81.284993,-0.377108,-0.007776,0.377188,0.856417,
2891,75,2.728416,-4.653116,0.132741,1.197073,192.666667,1.204410,83.672449,-0.064411,0.076495,0.100001,0.906192,
2901,75,2.809079,-4.167575,0.173652,1.116963,193.333333,1.130381,81.163071,0.061367,-0.120166,0.134928,0.872492,3.169151
2911,75,2.867338,-3.759546,-0.033129,1.064211,194.000000,1.064727,91.783063,-0.310172,-0.079127,0.320106,0.834265,
2921,75,2.782576,-3.316206,-0.211904,1.108349,194.666667,1.128425,100.823716,-0.268163,0.066208,0.276215,0.913301,
2841,76,2.872802,-7.692882,-0.260212,1.058693,189.333333,1.090202,103.808765,,,,0.626288,1.349218
2851,76,2.768718,-7.269405,-0.054421,1.093158,190.000000,1.094511,92.850017,0.308686,0.051697,0.312985,0.617681,0.078870
2861,76,2.829266,-6.818355,0.194936,1.098294,190.666667,1.115460,79.935407,0.374035,0.007705,0.374115,0.902900,
2871,76,2.924666,-6.390769,0.172123,1.098044,191.333333,1.111453,81.091159,-0.034220,-0.000375,0.034222,0.887204,
2881,76,2.966964,-5.939920,0.283709,1.085368,192.000000,1.121835,75.350999,0.167379,-0.019014,0.168455,0.856417,
2891,76,3.151633,-5.522474,0.368809,1.000989,192.666667,1.066770,69.773965,0.127650,-0.126570,0.179762,0.916528,
2901,76,3.262011,-5.139129,0.182365,1.310162,193.333333,1.322793,82.075777,-0.279666,0.463760,0.541559,0.790594,1.713762
2911,76,3.297525,-4.474345,0.166064,1.431577,194.000000,1.441176,83.383223,-0.024451,0.182122,0.183756,0.800310,
2921,76,3.394862,-3.993868,0.243342,1.201193,194.666667,1.225593,78.547804,0.115917,-0.345576,0.364499,0.733666,0.979973
2841,77,3.444329,-7.436769,-0.260034,1.003680,189.333333,1.036817,104.524863,,,,0.626288,1.349218
2851,77,3.340316,-7.035297,-0.260034,1.003680,190.000000,1.036817,104.524863,0.000000,0.000000,0.000000,0.617681,0.078870
2841,78,3.589308,-6.386524,0.101246,1.070462,189.333333,1.075240,84.596946,,,,1.060204,
2851,78,3.629806,-5.958339,0.148023,1.114382,190.000000,1.124170,82.433694,0.070166,0.065880,0.096247,1.115188,
2861,78,3.707727,-5.495018,0.175070,1.207821,190.666667,1.220443,81.752607,0.040569,0.140159,0.145912,1.454969,
2871,78,3.769862,-4.992082,0.108497,1.212090,191.333333,1.216936,84.884933,-0.099858,0.006403,0.100063,1.280722,
2881,78,3.794525,-4.525347,0.136709,1.328860,192.000000,1.335873,84.126267,0.042317,0.175155,0.180194,1.245607,
2891,78,3.879229,-3.928994,0.096388,1.404794,192.666667,1.408097,86.074867,-0.060480,0.113902,0.128963,1.359678,
2901,78,3.871635,-3.401511,-0.022819,1.245767,193.333333,1.245976,91.049373,-0.178811,-0.238541,0.298119,1.309916,
2911,78,3.860974,-2.932381,-0.022809,1.245200,194.000000,1.245409,91.049422,0.000014,-0.000851,0.000851,1.292871,
2921,78,3.853388,-2.405351,-0.018966,1.317573,194.666667,1.317710,90.824675,0.005766,0.108561,0.108714,1.405807,
2841,79,1.226424,-8.164492,0.000000,0.000000,189.333333,0.000000,0.000000,,,,1.190182,4.699184
2851,79,1.226424,-8.164492,0.000000,0.000000,190.000000,0.000000,0.000000,0.000000,0.000000,0.000000,1.190182,3.960694
2861,79,1.226424,-8.164492,0.000000,0.000000,190.666667,0.000000,0.000000,0.000000,0.000000,0.000000,1.190182,3.625259
2871,79,1.226424,-8.164492,0.000000,0.000000,191.333333,0.000000,0.000000,0.000000,0.000000,0.000000,1.190182,3.315056
2881,79,1.226424,-8.164492,0.000000,0.000000,192.000000,0.000000,0.000000,0.000000,0.000000,0.000000,1.190182,2.821027
2891,79,1.226424,-8.164492,0.000000,0.000000,192.666667,0.000000,0.000000,0.000000,0.000000,0.000000,1.190182,2.467049
2901,79,1.226424,-8.164492,0.000000,0.000000,193.333333,0.000000,0.000000,0.000000,0.000000,0.000000,1.190182,1.959879
2911,79,1.226424,-8.164492,0.000000,0.000000,194.000000,0.000000,0.000000,0.000000,0.000000,0.000000,1.190182,1.618693
2921,79,1.226424,-8.164492,0.000000,0.000000,194.666667,0.000000,0.000000,0.000000,0.000000,0.000000,1.190182,1.149286
2931,79,1.226424,-8.164492,0.000000,0.000000,195.333333,0.000000,0.000000,0.000000,0.000000,0.000000,1.190182,0.786405
2941,79,1.226424,-8.164492,0.000000,0.000000,196.000000,0.000000,0.000000,0.000000,0.000000,0.000000,1.080094,0.437925
2951,79,1.226424,-8.164492,0.024727,0.023651,196.666667,0.034217,43.725872,0.037090,0.035476,0.051325,0.576855,
2961,79,1.246205,-8.145571,0.001396,0.025116,197.333333,0.025155,86.817897,-0.034996,0.002198,0.035065,0.717986,
2971,79,1.227541,-8.144399,-0.023330,0.001465,198.000000,0.023376,176.406624,-0.037090,-0.035476,0.051325,1.209589,
2981,79,1.227541,-8.144399,0.000000,0.000000,198.666667,0.000000,0.000000,0.034996,-0.002198,0.035065,1.214518,
2841,80,1.479628,-9.327428,0.000000,0.000000,189.333333,0.000000,0.000000,,,,1.190182,5.326618
2851,80,1.479628,-9.327428,0.000000,0.000000,190.000000,0.000000,0.000000,0.000000,0.000000,0.000000,1.190182,4.759127
2861,80,1.479628,-9.327428,0.000000,0.000000,190.666667,0.000000,0.000000,0.000000,0.000000,0.000000,1.190182,4.383981
2871,80,1.479628,-9.327428,0.000000,0.000000,191.333333,0.000000,0.000000,0.000000,0.000000,0.000000,1.190182,
2881,80,1.479628,-9.327428,0.000000,0.000000,192.000000,0.000000,0.000000,0.000000,0.000000,0.000000,1.190182,3.608750
2891,80,1.479628,-9.327428,0.000000,0.000000,192.666667,0.000000,0.000000,0.000000,0.000000,0.000000,1.190182,3.035497
2901,80,1.479628,-9.327428,0.000000,0.000000,193.333333,0.000000,0.000000,0.000000,0.000000,0.000000,1.190182,2.638237
2911,80,1.479628,-9.327428,0.000000,0.000000,194.000000,0.000000,0.000000,0.000000,0.000000,0.000000,1.190182,
2921,80,1.479628,-9.327428,0.000000,0.000000,194.666667,0.000000,0.000000,0.000000,0.000000,0.000000,1.190182,
2931,80,1.479628,-9.327428,0.000000,0.000000,195.333333,0.000000,0.000000,0.000000,0.000000,0.000000,1.190182,
2941,80,1.479628,-9.327428,0.000000,0.000000,196.000000,0.000000,0.000000,0.000000,0.000000,0.000000,1.190182,
2951,80,1.479628,-9.327428,0.000000,0.000000,196.666667,0.000000,0.000000,0.000000,0.000000,0.000000,1.190182,
2961,80,1.479628,-9.327428,0.000000,0.000000,197.333333,0.000000,0.000000,0.000000,0.000000,0.000000,0.990201,
2971,80,1.479628,-9.327428,0.023226,-0.001180,198.000000,0.023256,357.092092,0.034839,-0.001770,0.034884,0.790539,
2981,80,1.498209,-9.328372,0.046452,-0.002360,198.666667,0.046512,357.092092,0.034839,-0.001770,0.034884,0.899562,
2871,81,3.844404,-6.270633,0.183569,0.962192,191.333333,0.979546,79.198789,,,,0.927550,
2881,81,3.917832,-5.885756,0.259518,1.149275,192.000000,1.178212,77.275429,0.113924,0.280625,0.302868,0.952409,
2891,81,4.052018,-5.351213,0.148009,1.133326,192.666667,1.142950,82.559461,-0.167264,-0.023924,0.168966,0.916528,
2901,81,4.036238,-4.979095,0.057257,1.090821,193.333333,1.092323,86.995295,-0.136127,-0.063757,0.150318,0.790594,1.713762
2911,81,4.097824,-4.478556,0.112550,1.303290,194.000000,1.308141,85.064258,0.082940,0.318704,0.329319,0.800310,
2921,81,4.126279,-3.936463,0.071136,1.355232,194.666667,1.357098,86.995295,-0.062121,0.077913,0.099646,0.733666,0.979973
2901,82,3.096488,-9.587805,0.086869,1.628623,193.333333,1.630938,86.946802,,,,1.637691,
2911,82,3.131235,-8.936356,0.060440,1.554919,194.000000,1.556094,87.774007,-0.039643,-0.110556,0.117448,1.697275,
2921,82,3.144840,-8.343870,0.235371,1.466750,194.666667,1.485516,80.883395,0.262396,-0.132254,0.293842,1.926784,
2931,82,3.319532,-7.762956,0.365095,1.380580,195.333333,1.428039,75.187182,0.194586,-0.129256,0.233604,1.700803,
2941,82,3.436916,-7.239406,0.272084,1.333068,196.000000,1.360551,78.464149,-0.139516,-0.071268,0.156665,1.139077,
2951,82,3.537200,-6.696502,0.250709,1.357261,196.666667,1.380222,79.534471,-0.032063,0.036291,0.048426,1.617824,
3101,83,1.660245,2.638579,0.193557,-1.519380,206.666667,1.531659,277.259925,,,,,
3111,83,1.737668,2.030827,0.080111,-1.475560,207.333333,1.477733,273.107639,-0.170169,0.065730,0.182423,3.337488,
3121,83,1.724333,1.458131,-0.036088,-1.481622,208.000000,1.482062,268.604735,-0.174298,-0.009093,0.174535,2.479333,
3131,83,1.708798,0.845529,0.077386,-1.524870,208.666667,1.526832,272.905217,0.170210,-0.064871,0.182153,1.935773,
3141,83,1.786242,0.238235,0.054451,-1.522440,209.333333,1.523414,272.048354,-0.034402,0.003644,0.034594,1.856609,
3151,83,1.752359,-0.372423,-0.082031,-1.478388,210.000000,1.480662,266.824095,-0.204723,0.066078,0.215123,,
3161,83,1.720617,-0.944475,-0.010374,-1.440159,210.666667,1.440196,269.587272,0.107485,0.057344,0.121825,,
3171,83,1.744059,-1.524550,-0.059215,-1.485370,211.333333,1.486550,267.717102,-0.073260,-0.067817,0.099831,6.740572,4.165483
3181,83,1.673245,-2.132772,-0.106649,-1.505666,212.000000,1.509438,265.948406,-0.071152,-0.030444,0.077391,6.128738,3.662946
3191,83,1.658740,-2.729083,0.008467,-1.521516,212.666667,1.521540,270.318840,0.172674,-0.023775,0.174303,5.533056,3.376283
3201,83,1.680019,-3.349985,-0.109747,-1.560180,213.333333,1.564035,265.976306,-0.177321,-0.057995,0.186564,4.916273,2.765789
3211,83,1.570943,-3.977227,-0.249932,-1.572766,214.000000,1.592501,260.970503,-0.210278,-0.018880,0.211123,4.281891,2.364361
3221,83,1.480074,-4.608197,-0.297164,-1.573039,214.666667,1.600862,259.302269,-0.070849,-0.000410,0.070850,3.221309,1.995368
3231,83,1.333211,-5.235658,-0.527131,-1.482366,215.333333,1.573301,250.424554,-0.344950,0.136011,0.370796,2.371162,
3241,83,1.058369,-5.794090,-0.526245,-1.438915,216.000000,1.532127,249.911342,0.001328,0.065175,0.065189,2.150205,
3251,83,0.912215,-6.386790,-0.410329,-1.430613,216.666667,1.488296,253.996022,0.173874,0.012453,0.174319,1.883721,
3261,83,0.730106,-6.938580,-0.527275,-1.377609,217.333333,1.475068,249.055827,-0.175419,0.079506,0.192595,1.395820,
3271,83,0.490395,-7.488878,-0.341078,-1.421404,218.000000,1.461754,256.506513,0.279296,-0.065692,0.286917,1.052002,
3281,83,0.457243,-8.075704,-0.103804,-1.416013,218.666667,1.419812,265.807312,0.355911,0.008087,0.356003,0.783200,
3291,83,0.407352,-8.621688,-0.173824,-1.389022,219.333333,1.399856,262.867027,-0.105030,0.040486,0.112563,0.897535,
3301,83,0.318184,-9.186921,-0.222919,-1.413084,220.000000,1.430559,261.035274,-0.073643,-0.036093,0.082012,1.093060,
3111,84,3.401062,-0.862605,0.163911,1.391972,207.333333,1.401590,83.284076,,,,3.337488,
3121,84,3.466626,-0.305816,0.185869,1.387167,208.000000,1.399564,82.368277,0.032937,-0.007208,0.033716,2.479333,
3131,84,3.549757,0.247128,0.098381,1.422319,208.666667,1.425718,86.043176,-0.131232,0.052729,0.141429,1.935773,
3141,84,3.545331,0.832039,-0.011065,1.462278,209.333333,1.462320,90.433534,-0.164169,0.059938,0.174768,1.856609,
3171,85,1.221955,-8.244872,0.000000,0.000000,211.333333,0.000000,0.000000,,,,1.055022,4.165483
3181,85,1.221955,-8.244872,0.000000,0.000000,212.000000,0.000000,0.000000,0.000000,0.000000,0.000000,1.055022,3.662946
3191,85,1.221955,-8.244872,0.000000,0.000000,212.666667,0.000000,0.000000,0.000000,0.000000,0.000000,1.055022,3.376283
3201,85,1.221955,-8.244872,0.000000,0.000000,213.333333,0.000000,0.000000,0.000000,0.000000,0.000000,1.055022,2.765789
3211,85,1.221955,-8.244872,0.000000,0.000000,214.000000,0.000000,0.000000,0.000000,0.000000,0.000000,1.055022,2.364361
3221,85,1.221955,-8.244872,0.000000,0.000000,214.666667,0.000000,0.000000,0.000000,0.000000,0.000000,1.055022,1.995368
3231,85,1.221955,-8.244872,0.000000,0.000000,215.333333,0.000000,0.000000,0.000000,0.000000,0.000000,1.055022,
3241,85,1.221955,-8.244872,0.000000,0.000000,216.000000,0.000000,0.000000,0.000000,0.000000,0.000000,1.055022,
3251,85,1.221955,-8.244872,0.000000,0.000000,216.666667,0.000000,0.000000,0.000000,0.000000,0.000000,1.055022,
3261,85,1.221955,-8.244872,0.000000,0.000000,217.333333,0.000000,0.000000,0.000000,0.000000,0.000000,1.055022,
3271,85,1.221955,-8.244872,0.000000,0.000000,218.000000,0.000000,0.000000,0.000000,0.000000,0.000000,1.035446,
3281,85,1.221955,-8.244872,0.000000,0.000000,218.666667,0.000000,0.000000,0.000000,0.000000,0.000000,0.783200,
3291,85,1.221955,-8.244872,0.000000,0.000000,219.333333,0.000000,0.000000,0.000000,0.000000,0.000000,0.897535,
3301,85,1.221955,-8.244872,0.000000,0.000000,220.000000,0.000000,0.000000,0.000000,0.000000,0.000000,1.035446,
3171,86,1.407457,-9.283457,0.000000,0.000000,211.333333,0.000000,0.000000,,,,1.055022,4.821081
3181,86,1.407457,-9.283457,0.000000,0.000000,212.000000,0.000000,0.000000,0.000000,0.000000,0.000000,1.055022,4.373634
3191,86,1.407457,-9.283457,0.000000,0.000000,212.666667,0.000000,0.000000,0.000000,0.000000,0.000000,1.055022,3.960710
3201,86,1.407457,-9.283457,0.000000,0.000000,213.333333,0.000000,0.000000,0.000000,0.000000,0.000000,1.055022,3.424235
3211,86,1.407457,-9.283457,0.000000,0.000000,214.000000,0.000000,0.000000,0.000000,0.000000,0.000000,1.055022,
3221,86,1.407457,-9.283457,0.000000,0.000000,214.666667,0.000000,0.000000,0.000000,0.000000,0.000000,1.055022,
3231,86,1.407457,-9.283457,0.000000,0.000000,215.333333,0.000000,0.000000,0.000000,0.000000,0.000000,1.055022,
3241,86,1.407457,-9.283457,0.000000,0.000000,216.000000,0.000000,0.000000,0.000000,0.000000,0.000000,1.055022,
3251,86,1.407457,-9.283457,0.000000,0.000000,216.666667,0.000000,0.000000,0.000000,0.000000,0.000000,1.055022,
3261,86,1.407457,-9.283457,0.001389,0.025118,217.333333,0.025157,86.833988,0.002084,0.037677,0.037735,1.055022,
3271,86,1.408568,-9.263363,0.001389,0.025118,218.000000,0.025157,86.833988,0.000000,0.000000,0.000000,1.035446,
3281,86,1.408568,-9.263363,0.000000,0.000000,218.666667,0.000000,0.000000,-0.002084,-0.037677,0.037735,1.035446,
3291,86,1.408568,-9.263363,0.000000,0.000000,219.333333,0.000000,0.000000,0.000000,0.000000,0.000000,1.035446,
3301,86,1.408568,-9.263363,0.000000,0.000000,220.000000,0.000000,0.000000,0.000000,0.000000,0.000000,1.035446,
3201,87,3.359770,-8.692554,-0.079433,1.878897,213.333333,1.880576,92.420805,,,,2.039778,
3211,87,3.327997,-7.940995,-0.015048,1.824656,214.000000,1.824719,90.472517,0.096577,-0.081361,0.126280,2.127852,
3221,87,3.347731,-7.232829,-0.018933,1.750223,214.666667,1.750326,90.619783,-0.005828,-0.111650,0.111801,2.354391,
3231,87,3.312850,-6.540816,-0.173971,1.786838,215.333333,1.795287,95.560948,-0.232557,0.054921,0.238954,2.371162,
3241,87,3.208554,-5.803358,-0.260740,1.843644,216.000000,1.861991,98.049753,-0.130153,0.085210,0.155565,2.150205,
3411,89,1.835457,-0.543164,0.118039,-1.207847,227.333333,1.213601,275.581625,,,,0.571898,
3421,89,1.882672,-1.026303,0.070818,-1.226214,228.000000,1.228257,273.305335,-0.070833,-0.027550,0.076002,0.579389,
3431,89,1.892111,-1.524135,0.161021,-1.262205,228.666667,1.272434,277.270039,0.135306,-0.053987,0.145678,0.588131,
3441,89,2.011490,-2.036067,0.275335,-1.275860,229.333333,1.305231,282.177875,0.171470,-0.020482,0.172689,0.571583,
3451,89,2.112379,-2.544823,0.225183,-1.342226,230.000000,1.360984,279.523726,-0.075228,-0.099549,0.124777,0.571699,
3461,89,2.191636,-3.109847,0.246274,-1.367589,230.666667,1.389586,280.208365,0.031637,-0.038044,0.049480,0.597126,
3471,89,2.309398,-3.638894,0.271423,-1.319027,231.333333,1.346663,281.627747,0.037723,0.072843,0.082031,0.597176,
3481,89,2.408774,-4.165069,0.201547,-1.334614,232.000000,1.349747,278.587664,-0.104813,-0.023381,0.107390,0.597447,
3491,89,2.470636,-4.706585,0.205280,-1.259040,232.666667,1.275666,279.260290,0.005599,0.113360,0.113499,0.614317,
3501,89,2.572998,-5.172301,0.147879,-1.054589,233.333333,1.064907,277.982211,-0.086101,0.306677,0.318534,0.664773,
3511,89,2.588939,-5.550256,0.137014,-1.250521,234.000000,1.258004,276.252684,-0.016298,-0.293898,0.294349,0.673967,
3521,89,2.682609,-6.172718,0.287137,-1.410861,234.666667,1.439783,281.503658,0.225185,-0.240510,0.329474,0.676329,
3531,89,2.818649,-6.678945,0.134207,-1.298488,235.333333,1.305405,275.900917,-0.229395,0.168560,0.284666,0.822565,
3541,89,2.789975,-7.211508,0.112768,-1.270512,236.000000,1.275507,275.072177,-0.032157,0.041963,0.052868,0.730225,
3551,89,2.908863,-7.695355,0.135396,-1.272494,236.666667,1.279677,276.073549,0.033942,-0.002972,0.034072,0.906890,
3561,89,2.898291,-8.229503,-0.027766,-1.360658,237.333333,1.360941,268.830948,-0.244744,-0.132247,0.278188,0.946928,1.288748
3571,89,2.886650,-8.783881,-0.056998,-1.484407,238.000000,1.485501,267.801064,-0.043847,-0.185623,0.190731,0.689271,0.376510
3581,89,2.852693,-9.417028,-0.084892,-1.582867,238.666667,1.585142,266.930072,-0.041841,-0.147691,0.153503,0.763601,
3411,90,1.286973,-0.705132,0.116234,-1.264340,227.333333,1.269672,275.252592,,,,0.571898,
3421,90,1.333467,-1.210868,0.068461,-1.282936,228.000000,1.284762,273.054580,-0.071659,-0.027894,0.076897,0.579389,5.834512
3431,90,1.341742,-1.731481,0.184226,-1.297036,228.666667,1.310054,278.084020,0.173648,-0.021149,0.174931,0.588131,
3441,90,1.480848,-2.248497,0.301205,-1.285607,229.333333,1.320420,283.186013,0.175468,0.017144,0.176304,0.571583,
3451,90,1.582706,-2.759966,0.202840,-1.371671,230.000000,1.386588,278.411839,-0.147547,-0.129096,0.196051,0.571699,
3461,90,1.643120,-3.345834,0.224212,-1.397243,230.666667,1.415118,279.116378,0.032057,-0.038357,0.049989,0.597126,
3471,90,1.762076,-3.877760,0.274140,-1.326258,231.333333,1.354294,281.678654,0.074892,0.106477,0.130177,0.597176,
3481,90,1.862432,-4.406840,0.180484,-1.339895,232.000000,1.351996,277.671574,-0.140483,-0.020456,0.141965,0.597447,
3491,90,1.906463,-4.949677,0.135736,-1.309375,232.666667,1.316392,275.918411,-0.067122,0.045781,0.081248,0.614317,
3501,90,1.971021,-5.454340,0.205798,-1.289929,233.333333,1.306243,279.064677,0.105092,0.029169,0.109065,0.664773,
3511,90,2.071101,-5.981620,0.136957,-1.283225,234.000000,1.290513,276.092024,-0.103262,0.010056,0.103750,0.673967,
3521,90,2.080586,-6.480920,-0.001913,-1.296464,234.666667,1.296465,269.915467,-0.208304,-0.019858,0.209248,0.676329,
3531,90,2.069571,-7.018791,0.086993,-1.353212,235.333333,1.356005,273.678256,0.133358,-0.085122,0.158209,0.822565,
3541,90,2.150180,-7.563489,0.061412,-1.402049,236.000000,1.403393,272.508062,-0.038370,-0.073256,0.082696,0.730225,
3551,90,2.118701,-8.140430,-0.078751,-1.443318,236.666667,1.445465,266.876912,-0.210245,-0.061904,0.219169,0.878284,0.587647
3561,90,2.087179,-8.718144,0.229634,-1.261472,237.333333,1.282202,280.316945,0.462576,0.272769,0.537010,0.764796,1.288748
3571,90,2.302408,-9.149608,0.070974,-1.228881,238.000000,1.230928,273.305426,-0.237990,0.048887,0.242959,0.689271,0.376510
3581,90,2.143958,-9.701248,-0.396124,-1.379102,238.666667,1.434865,253.974188,-0.700646,-0.225332,0.735988,0.763601,
3411,91,1.979311,-3.960755,0.298403,-1.274801,227.333333,1.309260,283.174487,,,,3.328425,
3421,91,2.098673,-4.470675,0.296772,-1.298328,228.000000,1.331814,282.875488,-0.002446,-0.035290,0.035375,3.348415,
3431,91,2.216729,-4.999417,0.225169,-1.339178,228.666667,1.357976,279.544426,-0.107405,-0.061276,0.123655,3.351056,
3441,91,2.278808,-5.542018,0.157840,-1.306589,229.333333,1.316088,276.888118,-0.100994,0.048884,0.112203,2.858172,
3451,91,2.343001,-6.044688,0.161767,-1.231470,230.000000,1.242050,277.483583,0.005891,0.112678,0.112832,2.425056,
3461,91,2.408222,-6.527194,0.164329,-1.181048,230.666667,1.192425,277.921206,0.003843,0.075634,0.075731,2.043510,
3471,91,2.474465,-6.989526,0.145514,-1.104243,231.333333,1.113789,277.506998,-0.028224,0.115207,0.118614,1.730977,
3481,91,2.524633,-7.410588,0.022488,-1.269283,232.000000,1.269482,271.015026,-0.184538,-0.247560,0.308772,1.508435,
3491,91,2.492455,-8.004953,-0.201003,-1.180839,232.666667,1.197824,260.339698,-0.335236,0.132666,0.360533,1.270088,
3501,91,2.363831,-8.355260,-0.154262,-1.160982,233.333333,1.171186,262.431315,0.070110,0.029785,0.076175,1.129520,
3511,91,2.369045,-8.933739,-0.212748,-1.385492,234.000000,1.401731,261.270166,-0.087729,-0.336764,0.348003,0.994319,
3521,91,2.193632,-9.463653,-0.144142,-1.390656,234.666667,1.398106,264.082421,0.102910,-0.007746,0.103201,0.824012,
3531,91,2.253732,-10.046263,0.150251,-1.456525,235.333333,1.464255,275.889638,0.441589,-0.098804,0.452507,1.191481,
3411,92,1.275706,-8.288502,-0.041056,0.103312,227.333333,0.111171,111.672837,,,,0.924668,
3421,92,1.259283,-8.247177,-0.041062,0.103327,228.000000,0.111188,111.672836,-0.000009,0.000022,0.000024,0.968014,
3431,92,1.242856,-8.205840,-0.020534,0.051671,228.666667,0.055602,111.672837,0.030792,-0.077484,0.083379,1.011471,
3441,92,1.242856,-8.205840,0.000000,0.000000,229.333333,0.000000,0.000000,0.030801,-0.077507,0.083403,1.011471,
3451,92,1.242856,-8.205840,0.000000,0.000000,230.000000,0.000000,0.000000,0.000000,0.000000,0.000000,1.011471,
3461,92,1.242856,-8.205840,0.000000,0.000000,230.666667,0.000000,0.000000,0.000000,0.000000,0.000000,1.011471,
3471,92,1.242856,-8.205840,0.000000,0.000000,231.333333,0.000000,0.000000,0.000000,0.000000,0.000000,1.011471,
3481,92,1.242856,-8.205840,-0.001396,-0.025115,232.000000,0.025153,266.819138,-0.002094,-0.037672,0.037730,1.011471,
3491,92,1.241739,-8.225932,-0.001396,-0.025115,232.666667,0.025153,266.819138,0.000000,0.000000,0.000000,0.991858,
3501,92,1.241739,-8.225932,0.000000,0.000000,233.333333,0.000000,0.000000,0.002094,0.037672,0.037730,0.991858,
3511,92,1.241739,-8.225932,0.001396,0.025115,234.000000,0.025153,86.819138,0.002094,0.037672,0.037730,0.991858,
3521,92,1.242856,-8.205840,0.001396,0.025115,234.666667,0.025153,86.819138,0.000000,0.000000,0.000000,1.011471,
3531,92,1.242856,-8.205840,0.000000,0.000000,235.333333,0.000000,0.000000,-0.002094,-0.037672,0.037730,1.011471,
3541,92,1.242856,-8.205840,0.000000,0.000000,236.000000,0.000000,0.000000,0.000000,0.000000,0.000000,0.996173,
3551,92,1.242856,-8.205840,0.000000,0.000000,236.666667,0.000000,0.000000,0.000000,0.000000,0.000000,0.878284,
3561,92,1.242856,-8.205840,0.000000,0.000000,237.333333,0.000000,0.000000,0.000000,0.000000,0.000000,0.962040,
3571,92,1.242856,-8.205840,0.000000,0.000000,238.000000,0.000000,0.000000,0.000000,0.000000,0.000000,0.948542,
3581,92,1.242856,-8.205840,0.000000,0.000000,238.666667,0.000000,0.000000,0.000000,0.000000,0.000000,0.944732,
3411,93,1.411903,-9.203085,0.000000,0.000000,227.333333,0.000000,0.000000,,,,0.924668,
3421,93,1.411903,-9.203085,0.000000,0.000000,228.000000,0.000000,0.000000,0.000000,0.000000,0.000000,0.968014,5.834512
3431,93,1.411903,-9.203085,0.000000,0.000000,228.666667,0.000000,0.000000,0.000000,0.000000,0.000000,1.011471,
3441,93,1.411903,-9.203085,0.000000,0.000000,229.333333,0.000000,0.000000,0.000000,0.000000,0.000000,1.011471,
3451,93,1.411903,-9.203085,0.000000,0.000000,230.000000,0.000000,0.000000,0.000000,0.000000,0.000000,1.011471,
3461,93,1.411903,-9.203085,0.000000,0.000000,230.666667,0.000000,0.000000,0.000000,0.000000,0.000000,1.011471,
3471,93,1.411903,-9.203085,0.000000,0.000000,231.333333,0.000000,0.000000,0.000000,0.000000,0.000000,1.011471,
3481,93,1.411903,-9.203085,0.000000,0.000000,232.000000,0.000000,0.000000,0.000000,0.000000,0.000000,1.011471,
3491,93,1.411903,-9.203085,0.000000,0.000000,232.666667,0.000000,0.000000,0.000000,0.000000,0.000000,0.991858,
3501,93,1.411903,-9.203085,0.000000,0.000000,233.333333,0.000000,0.000000,0.000000,0.000000,0.000000,0.991858,
3511,93,1.411903,-9.203085,0.000000,0.000000,234.000000,0.000000,0.000000,0.000000,0.000000,0.000000,0.991858,
3521,93,1.411903,-9.203085,0.000000,0.000000,234.666667,0.000000,0.000000,0.000000,0.000000,0.000000,0.824012,
3531,93,1.411903,-9.203085,0.024645,0.023898,235.333333,0.034329,44.119018,0.036967,0.035848,0.051494,1.011471,
3541,93,1.431619,-9.183966,0.073903,0.071665,236.000000,0.102944,44.119018,0.073887,0.071649,0.102922,0.996173,
3551,93,1.471025,-9.145753,0.026022,0.048990,236.666667,0.055472,62.024268,-0.071822,-0.034012,0.079469,0.967211,0.587647
3561,93,1.452436,-9.144774,-0.092999,0.004897,237.333333,0.093128,176.985605,-0.178531,-0.066139,0.190388,0.764796,
3571,93,1.396626,-9.141835,-0.093035,0.004899,238.000000,0.093164,176.985605,-0.000053,0.000003,0.000053,0.905815,
3581,93,1.378008,-9.140855,-0.046544,0.002451,238.666667,0.046609,176.985605,0.069736,-0.003672,0.069833,0.944732,
3481,94,2.468496,-10.135460,0.563944,0.324091,232.000000,0.650437,29.885430,,,,1.409153,
3491,94,2.694073,-10.005824,0.590425,0.421259,232.666667,0.725301,35.507267,0.039722,0.145752,0.151068,1.027310,
3501,94,2.940836,-9.798453,0.731192,0.585491,233.333333,0.936719,38.685482,0.211150,0.246348,0.324456,0.892835,
3511,94,3.279027,-9.537431,0.638147,0.586889,234.000000,0.866989,42.604042,-0.139568,0.002097,0.139584,0.846534,
3521,94,3.451353,-9.328942,0.505632,0.688257,234.666667,0.854026,53.696935,-0.198772,0.152052,0.250260,1.154094,
3531,94,3.683532,-8.986825,0.580447,0.855291,235.333333,1.033655,55.837032,0.112223,0.250551,0.274536,1.314337,
3491,95,3.711298,-10.149420,0.212929,1.515021,232.666667,1.529911,81.999735,,,,1.027310,
3501,95,3.796469,-9.543411,0.085123,1.618517,233.333333,1.620754,86.989421,-0.191710,0.155245,0.246686,0.892835,
3511,95,3.779396,-8.854606,-0.002279,1.645406,234.000000,1.645407,90.079375,-0.131103,0.040332,0.137167,0.846534,
3521,95,3.794646,-8.227087,-0.055539,1.476389,234.666667,1.477433,92.154339,-0.079889,-0.253526,0.265815,1.154094,
3531,95,3.734965,-7.673495,0.010828,1.470359,235.333333,1.470399,89.578066,0.099550,-0.009045,0.099961,1.314337,
3541,95,3.803308,-7.050800,0.170859,1.556738,236.000000,1.566086,83.736587,0.240047,0.129568,0.272783,1.025998,
4001,96,1.978782,3.708249,-0.040641,-0.732437,266.666667,0.733564,266.824095,,,,0.878665,
4011,96,1.962526,3.415274,0.002296,-0.789758,267.333333,0.789761,270.166535,0.064404,-0.085980,0.107427,0.875949,
4021,96,1.980619,3.076443,-0.138953,-0.839428,268.000000,0.850851,260.600869,-0.211873,-0.074505,0.224591,0.840009,
4031,96,1.851363,2.743732,-0.186068,-0.856719,268.666667,0.876692,257.746443,-0.070672,-0.025937,0.075281,0.780522,
4041,96,1.831764,2.391068,0.019694,-0.893586,269.333333,0.893803,271.262541,0.308642,-0.055300,0.313557,0.782439,
4051,96,1.867118,2.028863,-0.050422,-0.907299,270.000000,0.908699,266.819138,-0.105174,-0.020569,0.107166,0.834848,
4061,96,1.791427,1.665229,-0.074664,-0.928416,270.666667,0.931414,265.402115,-0.036363,-0.031676,0.048225,0.869062,
4071,96,1.807387,1.286130,0.085739,-0.954980,271.333333,0.958821,275.130303,0.240604,-0.039846,0.243881,0.923062,
4081,96,1.860018,0.901245,0.033093,-1.070826,272.000000,1.071338,271.770093,-0.078969,-0.173770,0.190872,1.089321,
4091,96,1.833861,0.429469,0.004736,-1.165591,272.666667,1.165601,270.232816,-0.042534,-0.142148,0.148375,1.064797,7.217386
4101,96,1.863807,-0.031228,0.093688,-1.228780,273.333333,1.232346,274.360081,0.133428,-0.094782,0.163666,1.027134,
4111,96,1.908812,-0.553555,-0.018194,-1.163642,274.000000,1.163784,269.104210,-0.167824,0.097706,0.194194,1.010355,6.222324
4121,96,1.849252,-0.962142,0.002047,-1.216242,274.666667,1.216244,270.096420,0.030362,-0.078900,0.084540,1.098628,5.647768
4131,96,1.910449,-1.526548,0.091025,-1.278589,275.333333,1.281825,274.072097,0.133467,-0.093521,0.162971,1.036552,
4141,96,1.922071,-1.985013,-0.064054,-1.159832,276.000000,1.161599,266.838922,-0.232618,0.178136,0.292991,0.998701,2.628807
4151,96,1.859206,-2.454414,0.047904,-1.223469,276.666667,1.224407,272.242208,0.167937,-0.095456,0.193170,0.895434,1.852183
4161,96,1.960394,-2.963789,0.162578,-1.237544,277.333333,1.248177,277.484193,0.172012,-0.021112,0.173303,0.871391,
4171,96,1.989268,-3.444449,0.002085,-1.219023,278.000000,1.219025,270.097988,-0.240740,0.027781,0.242338,0.914557,
4181,96,1.962062,-3.939007,0.116595,-1.230997,278.666667,1.236506,275.410669,0.171765,-0.017960,0.172701,0.849796,4.055484
4191,96,2.082544,-4.429246,0.208189,-1.240312,279.333333,1.257663,279.528402,0.137392,-0.013973,0.138100,0.863172,
4201,96,2.128613,-4.931257,0.095009,-1.203197,280.000000,1.206942,274.514924,-0.169770,0.055674,0.178666,0.850765,
4211,96,2.158551,-5.391804,0.302864,-1.171198,280.666667,1.209724,284.498688,0.311782,0.047997,0.315455,0.852362,
4221,96,2.370904,-5.868216,0.369652,-1.200364,281.333333,1.255992,287.116187,0.100182,-0.043749,0.109318,0.878628,2.389987
4231,96,2.454273,-6.352095,0.188281,-1.157795,282.000000,1.173004,279.236607,-0.272056,0.063854,0.279449,0.759216,1.144054
4241,96,2.521529,-6.794452,0.303961,-1.115345,282.666667,1.156022,285.244398,0.173520,0.063675,0.184834,0.761556,
4251,96,2.697441,-7.244371,0.214534,-1.082828,283.333333,1.103875,281.206514,-0.134141,0.048776,0.142733,0.802764,
4261,96,2.693156,-7.660714,-0.010713,-1.040857,284.000000,1.040912,269.410306,-0.337870,0.062956,0.343685,0.729221,
4001,97,1.228419,3.251077,0.089127,-0.911073,266.666667,0.915422,275.587289,,,,0.878665,
4011,97,1.264070,2.886648,0.136787,-0.894289,267.333333,0.904690,278.696368,0.071490,0.025176,0.075793,0.875949,
4021,97,1.337849,2.535646,0.089086,-0.910652,268.000000,0.914999,275.587289,-0.071552,-0.024545,0.075645,0.840009,
4031,97,1.335339,2.158126,-0.028045,-0.915561,268.666667,0.915991,268.245491,-0.175697,-0.007364,0.175851,0.780522,
4041,97,1.315413,1.803197,-0.029439,-0.940780,269.333333,0.941241,268.207683,-0.002091,-0.037828,0.037886,0.782439,
4051,97,1.311788,1.405502,-0.103208,-1.004678,270.000000,1.009966,264.134725,-0.110654,-0.095847,0.146393,0.834848,
4061,97,1.232846,0.999454,-0.194778,-0.966693,270.666667,0.986120,258.608058,-0.137355,0.056978,0.148704,0.869062,
4071,97,1.155965,0.632148,-0.222677,-1.039696,271.333333,1.063274,257.911320,-0.041848,-0.109505,0.117228,0.923062,
4081,97,1.054705,0.167698,-0.157325,-1.126356,272.000000,1.137290,262.048605,0.098028,-0.129990,0.162809,1.089321,
4091,97,1.030105,-0.268936,-0.032600,-0.996023,272.666667,0.996556,268.125394,0.187088,0.195499,0.270595,1.064797,
4101,97,1.028625,-0.629120,0.014033,-1.003240,273.333333,1.003339,270.801396,0.069949,-0.010826,0.070782,1.027134,7.111920
4111,97,1.041332,-1.071529,-0.026103,-1.299139,274.000000,1.299402,268.848926,-0.060205,-0.443849,0.447913,1.010355,5.976179
4121,97,1.007743,-1.668432,0.020592,-1.305573,274.666667,1.305736,270.903598,0.070042,-0.009651,0.070704,1.098628,4.748047
4131,97,1.057805,-2.115988,0.125125,-1.118606,275.333333,1.125582,276.382464,0.156800,0.280451,0.321309,1.036552,5.081388
4141,97,1.107843,-2.563317,0.146961,-1.145632,276.000000,1.155020,277.309945,0.032754,-0.040539,0.052118,0.998701,2.628807
4151,97,1.175374,-3.032493,0.171541,-1.122635,276.666667,1.135665,278.687725,0.036870,0.034496,0.050492,0.895434,1.852183
4161,97,1.245076,-3.461425,0.184906,-1.298466,277.333333,1.311566,278.104635,0.020048,-0.263747,0.264508,0.871391,3.486882
4171,97,1.323299,-4.071266,0.113694,-1.315308,278.000000,1.320212,274.940333,-0.106818,-0.025262,0.109764,0.914557,2.814511
4181,97,1.336031,-4.513671,0.145120,-1.167095,278.666667,1.176083,277.087961,0.047139,0.222319,0.227261,0.849796,2.848097
4191,97,1.439396,-5.004943,0.145129,-1.166887,279.333333,1.175877,277.089620,0.000013,0.000312,0.000313,0.863172,2.461857
4201,97,1.452134,-5.447180,0.075449,-1.159625,280.000000,1.162077,273.722596,-0.104520,0.010893,0.105086,0.850765,1.990692
4211,97,1.499755,-5.932643,0.282293,-1.201558,280.666667,1.234274,283.221261,0.310267,-0.062900,0.316578,0.852362,
4221,97,1.677969,-6.408427,0.470589,-1.139577,281.333333,1.232919,292.438202,0.282443,0.092972,0.297352,0.878628,2.389987
4231,97,1.876226,-6.844305,0.354355,-1.127562,282.000000,1.181932,287.446175,-0.174351,0.018022,0.175280,0.759216,1.144054
4241,97,1.961453,-7.310477,0.390753,-1.276435,282.666667,1.334906,287.020830,0.054597,-0.223309,0.229887,0.761556,
4251,97,2.188828,-7.865453,0.461409,-1.228665,283.333333,1.312447,290.583029,0.105985,0.071656,0.127935,0.802764,
4261,97,2.330580,-8.293409,0.354381,-1.069891,284.000000,1.127055,288.326460,-0.160543,0.238161,0.287219,0.729221,
4001,98,3.515704,1.945997,0.039427,-0.930529,266.666667,0.931364,272.426201,,,,2.338303,2.393604
4011,98,3.531474,1.573786,0.147308,-0.996719,267.333333,1.007546,278.407074,0.161822,-0.099285,0.189852,2.419231,
4021,98,3.633550,1.148622,0.234229,-1.034465,268.000000,1.060651,282.758069,0.130381,-0.056620,0.142144,2.539425,
4031,98,3.718857,0.746213,0.223362,-0.812714,268.666667,0.842850,285.367432,-0.016300,0.332626,0.333025,2.734523,
4041,98,3.812240,0.498450,0.133606,-0.409420,269.333333,0.430668,288.073117,-0.134633,0.604942,0.619743,2.739395,
4051,98,3.825742,0.418678,0.013042,-0.171949,270.000000,0.172443,274.337509,-0.180846,0.356207,0.399485,2.477873,
4061,98,3.822673,0.360892,-0.005115,-0.096312,270.666667,0.096448,266.959885,-0.027236,0.113455,0.116678,1.930485,
4071,98,3.821650,0.341628,-0.007674,-0.144494,271.333333,0.144698,266.959885,-0.003838,-0.072273,0.072375,1.484311,
4081,98,3.816534,0.245296,-0.006395,-0.120415,272.000000,0.120584,266.959885,0.001918,0.036120,0.036170,1.019933,
4091,98,3.816534,0.245296,0.000000,0.000000,272.666667,0.000000,0.000000,0.009593,0.180622,0.180877,0.708521,
4101,98,3.816534,0.245296,0.000000,0.000000,273.333333,0.000000,0.000000,0.000000,0.000000,0.000000,0.793024,
4111,98,3.816534,0.245296,0.000000,0.000000,274.000000,0.000000,0.000000,0.000000,0.000000,0.000000,1.037238,
4121,98,3.816534,0.245296,0.002558,0.048169,274.666667,0.048237,86.959885,0.003837,0.072254,0.072356,1.412049,
4131,98,3.818581,0.283831,0.005117,0.096338,275.333333,0.096474,86.959885,0.003837,0.072254,0.072356,1.870859,
4001,99,3.535282,-4.714322,0.085395,1.607270,266.666667,1.609537,86.958698,,,,4.101410,2.393604
4011,99,3.569440,-4.071414,-0.148234,1.412218,267.333333,1.419977,95.992139,-0.350444,-0.292578,0.456523,4.170853,
4021,99,3.416695,-3.584547,-0.154585,1.290025,268.000000,1.299254,96.833208,-0.009525,-0.183290,0.183537,4.069795,
4031,99,3.445772,-3.039394,-0.018792,1.324379,268.666667,1.324512,90.812911,0.203690,0.051531,0.210107,3.795444,
4041,99,3.401661,-2.525044,-0.177060,1.294655,269.333333,1.306706,97.787579,-0.237402,-0.044586,0.241553,3.051245,
4051,99,3.304125,-2.003670,-0.154858,1.292436,270.000000,1.301680,96.832552,0.033302,-0.003328,0.033468,2.477873,
4061,99,3.277775,-1.491096,-0.113057,1.239015,270.666667,1.244162,95.213671,0.062702,-0.080132,0.101748,1.930485,
4071,99,3.213679,-1.012459,-0.181317,1.224560,271.333333,1.237911,98.422443,-0.102390,-0.021682,0.104661,1.484311,
4081,99,3.132721,-0.511448,-0.106596,1.361261,272.000000,1.365428,94.477527,0.112082,0.205051,0.233684,1.019933,
4091,99,3.128402,0.076550,-0.038349,1.376022,272.666667,1.376556,91.596401,0.102371,0.022141,0.104738,0.708521,
4101,99,3.102041,0.589369,0.066642,1.236290,273.333333,1.238085,86.914457,0.157487,-0.209597,0.262170,0.793024,
4111,99,3.181716,1.065582,0.153162,1.172378,274.000000,1.182340,82.556907,0.129780,-0.095869,0.161349,1.037238,
4121,99,3.224571,1.527271,0.044239,1.237233,274.666667,1.238023,87.952203,-0.163385,0.097283,0.190154,1.412049,
4131,99,3.217106,2.055368,-0.018661,1.320242,275.333333,1.320374,90.809803,-0.094350,0.124514,0.156223,1.870859,
4001,100,3.192416,-8.801375,-0.684941,1.525567,266.666667,1.672273,114.178888,,,,1.861186,
4011,100,2.918439,-8.191149,-0.709324,1.530985,267.333333,1.687322,114.858846,-0.036573,0.008128,0.037466,1.654173,
4021,100,2.624957,-7.576587,-0.710215,1.588392,268.000000,1.739941,114.090753,-0.001337,0.086111,0.086121,1.482959,
4031,100,2.350268,-6.920435,-0.712698,1.621535,268.666667,1.771246,113.726482,-0.003725,0.049714,0.049853,1.633595,
4041,100,2.054799,-6.279359,-0.743414,1.557285,269.333333,1.725631,115.518792,-0.046074,-0.096375,0.106822,2.067101,
4051,100,1.755537,-5.674607,-0.701104,1.561491,270.000000,1.711667,114.179916,0.063464,0.006310,0.063777,2.647994,
4061,100,1.493915,-5.030166,-0.683050,1.542358,270.666667,1.686839,113.886666,0.027082,-0.028700,0.039461,3.286543,
4071,100,1.209097,-4.440721,-0.690482,1.474957,271.333333,1.628577,115.086035,-0.011149,-0.101102,0.101714,3.876815,
4081,100,0.941530,-3.850201,-0.692658,1.507561,272.000000,1.659070,114.676694,-0.003263,0.048906,0.049014,3.993568,
4091,100,0.654971,-3.234672,-0.722543,1.467524,272.666667,1.635756,116.213565,-0.044828,-0.060054,0.074941,2.989367,
4101,100,0.363495,-2.676181,-0.729194,1.425105,273.333333,1.600828,117.097807,-0.009977,-0.063629,0.064406,2.152407,
4111,100,0.071616,-2.094588,-0.759950,1.385320,274.000000,1.580074,118.747995,-0.046133,-0.059677,0.075430,1.409610,
4121,100,-0.244465,-1.567925,-0.843679,1.276390,274.666667,1.530021,123.464231,-0.125594,-0.163395,0.206087,1.256234,
4131,100,-0.603327,-1.073476,-0.830322,1.179628,275.333333,1.442552,125.141102,0.020036,-0.145142,0.146519,1.961171,
4141,100,-0.908722,-0.624222,-0.850933,0.933369,276.000000,1.263038,132.354798,-0.030917,-0.369390,0.370681,2.797610,
4151,100,-1.284074,-0.326781,-0.834283,0.885208,276.666667,1.216397,133.303603,0.024975,-0.072240,0.076436,3.656469,
4161,100,-1.576148,0.083944,-0.729116,1.080660,277.333333,1.303624,124.007350,0.157751,0.293177,0.332924,4.530888,
4171,100,-1.867367,0.537746,-0.728046,1.134505,278.000000,1.348018,122.689494,0.001605,0.080769,0.080784,5.543601,
4001,101,1.264863,-8.146743,0.000000,0.000000,266.666667,0.000000,0.000000,,,,1.060107,
4011,101,1.264863,-8.146743,-0.021926,0.026575,267.333333,0.034452,129.525302,-0.032889,0.039862,0.051678,1.060107,
4021,101,1.247322,-8.125483,-0.021926,0.026575,268.000000,0.034452,129.525302,0.000000,0.000000,0.000000,1.083176,
4031,101,1.247322,-8.125483,0.087660,-0.106245,268.666667,0.137740,309.525302,0.164379,-0.199229,0.258288,1.063354,3.706145
4041,101,1.317450,-8.210479,0.151938,-0.210919,269.333333,0.259946,305.767459,0.096416,-0.157012,0.184252,0.972322,2.008943
4051,101,1.368872,-8.294218,0.062887,-0.129761,270.000000,0.144196,295.856723,-0.133576,0.121738,0.180728,0.886857,2.338356
4061,101,1.367760,-8.314287,-0.001390,-0.025086,270.666667,0.025124,266.827808,-0.096416,0.157012,0.184252,0.866799,
4071,101,1.367760,-8.314287,0.000000,0.000000,271.333333,0.000000,0.000000,0.002085,0.037629,0.037687,0.866799,
4081,101,1.367760,-8.314287,0.000000,0.000000,272.000000,0.000000,0.000000,0.000000,0.000000,0.000000,0.866799,
4091,101,1.367760,-8.314287,0.000000,0.000000,272.666667,0.000000,0.000000,0.000000,0.000000,0.000000,0.866799,7.217386
4101,101,1.367760,-8.314287,0.000000,0.000000,273.333333,0.000000,0.000000,0.000000,0.000000,0.000000,0.866799,7.111920
4111,101,1.367760,-8.314287,0.023266,-0.001423,274.000000,0.023309,356.501059,0.034898,-0.002134,0.034964,0.866799,6.222324
4121,101,1.386372,-8.315425,0.023266,-0.001423,274.666667,0.023309,356.501059,0.000000,0.000000,0.000000,0.865688,4.748047
4131,101,1.386372,-8.315425,0.000000,0.000000,275.333333,0.000000,0.000000,-0.034898,0.002134,0.034964,0.865688,5.081388
4141,101,1.386372,-8.315425,0.000000,0.000000,276.000000,0.000000,0.000000,0.000000,0.000000,0.000000,0.865688,4.632294
4151,101,1.386372,-8.315425,0.000000,0.000000,276.666667,0.000000,0.000000,0.000000,0.000000,0.000000,0.865688,4.527682
4161,101,1.386372,-8.315425,0.000000,0.000000,277.333333,0.000000,0.000000,0.000000,0.000000,0.000000,0.865688,3.486882
4171,101,1.386372,-8.315425,0.000000,0.000000,278.000000,0.000000,0.000000,0.000000,0.000000,0.000000,0.865688,2.814511
4181,101,1.386372,-8.315425,0.000000,0.000000,278.666667,0.000000,0.000000,0.000000,0.000000,0.000000,0.865688,2.848097
4191,101,1.386372,-8.315425,0.000000,0.000000,279.333333,0.000000,0.000000,0.000000,0.000000,0.000000,0.865688,2.461857
4201,101,1.386372,-8.315425,0.000000,0.000000,280.000000,0.000000,0.000000,0.000000,0.000000,0.000000,0.865688,1.990692
4211,101,1.386372,-8.315425,0.000000,0.000000,280.666667,0.000000,0.000000,0.000000,0.000000,0.000000,0.865688,
4221,101,1.386372,-8.315425,0.000000,0.000000,281.333333,0.000000,0.000000,0.000000,0.000000,0.000000,0.865688,
4231,101,1.386372,-8.315425,0.000000,0.000000,282.000000,0.000000,0.000000,0.000000,0.000000,0.000000,0.865688,
4241,101,1.386372,-8.315425,0.000000,0.000000,282.666667,0.000000,0.000000,0.000000,0.000000,0.000000,0.865688,
4251,101,1.386372,-8.315425,0.000000,0.000000,283.333333,0.000000,0.000000,0.000000,0.000000,0.000000,0.865688,
4261,101,1.386372,-8.315425,0.000000,0.000000,284.000000,0.000000,0.000000,0.000000,0.000000,0.000000,0.867978,
4001,102,1.374671,-9.201147,0.000000,0.000000,266.666667,0.000000,0.000000,,,,1.060107,
4011,102,1.374671,-9.201147,0.000000,0.000000,267.333333,0.000000,0.000000,0.000000,0.000000,0.000000,1.060107,
4021,102,1.374671,-9.201147,0.001391,0.025123,268.000000,0.025162,86.831517,0.002086,0.037685,0.037742,1.083176,
4031,102,1.375783,-9.181049,0.001391,0.025123,268.666667,0.025162,86.831517,0.000000,0.000000,0.000000,1.063354,3.706145
4041,102,1.375783,-9.181049,0.000000,0.000000,269.333333,0.000000,0.000000,-0.002086,-0.037685,0.037742,0.972322,2.008943
4051,102,1.375783,-9.181049,0.000000,0.000000,270.000000,0.000000,0.000000,0.000000,0.000000,0.000000,0.886857,2.338356
4061,102,1.375783,-9.181049,0.000000,0.000000,270.666667,0.000000,0.000000,0.000000,0.000000,0.000000,0.866799,
4071,102,1.375783,-9.181049,0.000000,0.000000,271.333333,0.000000,0.000000,0.000000,0.000000,0.000000,0.866799,
4081,102,1.375783,-9.181049,0.000000,0.000000,272.000000,0.000000,0.000000,0.000000,0.000000,0.000000,0.866799,
4091,102,1.375783,-9.181049,0.000000,0.000000,272.666667,0.000000,0.000000,0.000000,0.000000,0.000000,0.866799,7.955227
4101,102,1.375783,-9.181049,0.000000,0.000000,273.333333,0.000000,0.000000,0.000000,0.000000,0.000000,0.866799,7.974133
4111,102,1.375783,-9.181049,0.000000,0.000000,274.000000,0.000000,0.000000,0.000000,0.000000,0.000000,0.866799,5.976179
4121,102,1.375783,-9.181049,0.000000,0.000000,274.666667,0.000000,0.000000,0.000000,0.000000,0.000000,0.865688,5.339389
4131,102,1.375783,-9.181049,0.000000,0.000000,275.333333,0.000000,0.000000,0.000000,0.000000,0.000000,0.865688,5.937262
4141,102,1.375783,-9.181049,0.000000,0.000000,276.000000,0.000000,0.000000,0.000000,0.000000,0.000000,0.865688,5.567798
4151,102,1.375783,-9.181049,0.000000,0.000000,276.666667,0.000000,0.000000,0.000000,0.000000,0.000000,0.865688,
4161,102,1.375783,-9.181049,0.000000,0.000000,277.333333,0.000000,0.000000,0.000000,0.000000,0.000000,0.865688,
4171,102,1.375783,-9.181049,0.000000,0.000000,278.000000,0.000000,0.000000,0.000000,0.000000,0.000000,0.865688,3.512653
4181,102,1.375783,-9.181049,0.000000,0.000000,278.666667,0.000000,0.000000,0.000000,0.000000,0.000000,0.865688,3.713956
4191,102,1.375783,-9.181049,0.000000,0.000000,279.333333,0.000000,0.000000,0.000000,0.000000,0.000000,0.865688,3.382429
4201,102,1.375783,-9.181049,0.000000,0.000000,280.000000,0.000000,0.000000,0.000000,0.000000,0.000000,0.865688,2.764549
4211,102,1.375783,-9.181049,0.000000,0.000000,280.666667,0.000000,0.000000,0.000000,0.000000,0.000000,0.865688,
4221,102,1.375783,-9.181049,0.000000,0.000000,281.333333,0.000000,0.000000,0.000000,0.000000,0.000000,0.865688,
4231,102,1.375783,-9.181049,0.000000,0.000000,282.000000,0.000000,0.000000,0.000000,0.000000,0.000000,0.865688,
4241,102,1.375783,-9.181049,0.000000,0.000000,282.666667,0.000000,0.000000,0.000000,0.000000,0.000000,0.865688,
4251,102,1.375783,-9.181049,0.046538,-0.002431,283.333333,0.046602,357.009265,0.069808,-0.003647,0.069903,0.865688,
4261,102,1.413014,-9.182994,0.093077,-0.004863,284.000000,0.093204,357.009265,0.069808,-0.003647,0.069903,0.867978,
4241,103,3.894554,-8.351106,-0.537062,1.605409,282.666667,1.692859,108.496771,,,,2.075661,
4251,103,3.679729,-7.708943,-0.267679,1.661593,283.333333,1.683016,99.151588,0.404074,0.084276,0.412769,1.086607,
4261,103,3.680411,-7.021832,0.001704,1.717777,284.000000,1.717778,89.943160,0.404074,0.084276,0.412769,1.175943,
4431,104,1.336296,-9.219315,0.000000,0.000000,295.333333,0.000000,0.000000,,,,0.945765,
4441,104,1.336296,-9.219315,0.000000,0.000000,296.000000,0.000000,0.000000,0.000000,0.000000,0.000000,0.945765,
4451,104,1.336296,-9.219315,0.000000,0.000000,296.666667,0.000000,0.000000,0.000000,0.000000,0.000000,0.945765,
4461,104,1.336296,-9.219315,0.000000,0.000000,297.333333,0.000000,0.000000,0.000000,0.000000,0.000000,0.945765,
4471,104,1.336296,-9.219315,0.001392,0.025134,298.000000,0.025172,86.829045,0.002089,0.037701,0.037758,0.945765,
4481,104,1.337410,-9.199208,0.001392,0.025134,298.666667,0.025172,86.829045,0.000000,0.000000,0.000000,0.925631,
4491,104,1.337410,-9.199208,0.000000,0.000000,299.333333,0.000000,0.000000,-0.002089,-0.037701,0.037758,0.925631,
4501,104,1.337410,-9.199208,-0.001392,-0.025134,300.000000,0.025172,266.829045,-0.002089,-0.037701,0.037758,0.925631,
4511,104,1.336296,-9.219315,-0.001392,-0.025134,300.666667,0.025172,266.829045,0.000000,0.000000,0.000000,0.945765,
4521,104,1.336296,-9.219315,0.000000,0.000000,301.333333,0.000000,0.000000,0.002089,0.037701,0.037758,0.945765,
4531,104,1.336296,-9.219315,0.000000,0.000000,302.000000,0.000000,0.000000,0.000000,0.000000,0.000000,0.945765,
4541,104,1.336296,-9.219315,0.000000,0.000000,302.666667,0.000000,0.000000,0.000000,0.000000,0.000000,0.945765,
4551,104,1.336296,-9.219315,0.000000,0.000000,303.333333,0.000000,0.000000,0.000000,0.000000,0.000000,0.945765,
4561,104,1.336296,-9.219315,0.000000,0.000000,304.000000,0.000000,0.000000,0.000000,0.000000,0.000000,0.945765,
4571,104,1.336296,-9.219315,0.000000,0.000000,304.666667,0.000000,0.000000,0.000000,0.000000,0.000000,0.945765,
4581,104,1.336296,-9.219315,0.001392,0.025134,305.333333,0.025172,86.829045,0.002089,0.037701,0.037758,0.945765,
4591,104,1.337410,-9.199208,-0.021909,0.026346,306.000000,0.034265,129.745798,-0.034952,0.001819,0.034999,0.925631,
4601,104,1.318769,-9.198238,-0.045217,0.027568,306.666667,0.052958,148.630465,-0.034963,0.001832,0.035011,0.925506,
4611,104,1.301236,-9.177154,-0.043840,0.052719,307.333333,0.068566,129.745798,0.002067,0.037727,0.037784,0.905617,
4621,104,1.283698,-9.156063,-0.045250,0.027588,308.000000,0.052996,148.630466,-0.002115,-0.037698,0.037757,0.886123,
4631,104,1.265036,-9.155084,-0.100349,-0.120940,308.666667,0.157151,230.315864,-0.082649,-0.222791,0.237627,0.887163,
4641,104,1.203418,-9.252814,-0.169140,-0.092166,309.333333,0.192621,208.586323,-0.103186,0.043161,0.111849,0.992737,
4651,104,1.129725,-9.228817,-0.115518,0.031205,310.000000,0.119659,164.883268,0.080433,0.185057,0.201781,0.984435,
4661,104,1.111004,-9.227850,-0.046811,0.002417,310.666667,0.046874,177.044760,0.103060,-0.043183,0.111742,0.988238,
4671,104,1.092275,-9.226883,0.026204,0.049166,311.333333,0.055713,61.943786,0.109523,0.070124,0.130049,0.992382,7.301445
4681,104,1.131967,-9.188517,0.148715,0.143749,312.000000,0.206833,44.027290,0.183766,0.141874,0.232160,0.944838,2.239619
4691,104,1.211247,-9.111884,0.300598,-0.066037,312.666667,0.307767,347.609774,0.227826,-0.314679,0.388494,0.852640,
4701,104,1.372445,-9.241347,0.245262,-0.214466,313.333333,0.325806,318.832366,-0.083004,-0.222644,0.237613,0.967200,2.114558
4711,104,1.407457,-9.283457,0.038206,-0.153122,314.000000,0.157817,284.010095,-0.310584,0.092016,0.323928,1.010002,
4721,104,1.403010,-9.363845,-0.047937,-0.022745,314.666667,0.053060,205.383273,-0.129216,0.195566,0.234399,1.090195,
4731,104,1.369107,-9.301653,-0.043770,0.052609,315.333333,0.068437,129.760259,0.006251,0.113032,0.113204,1.027503,
4741,104,1.367994,-9.321758,-0.072676,-0.046725,316.000000,0.086401,212.738087,-0.043358,-0.149002,0.155182,1.047609,
4751,104,1.310966,-9.339034,0.045160,-0.027486,316.666667,0.052867,328.673640,0.176754,0.028859,0.179095,1.066518,
4761,104,1.404122,-9.343746,0.116445,-0.005891,317.333333,0.116594,357.103927,0.106927,0.032393,0.111726,0.994477,
4771,104,1.404122,-9.343746,0.027428,0.074170,318.000000,0.079079,69.705488,-0.133525,0.120092,0.179586,0.970060,
4781,104,1.426065,-9.284410,0.004169,0.075362,318.666667,0.075477,86.833987,-0.034890,0.001787,0.034936,0.971874,
4791,104,1.407457,-9.283457,0.000000,0.000000,319.333333,0.000000,0.000000,-0.006253,-0.113042,0.113215,1.010002,
4801,104,1.426065,-9.284410,0.001389,0.025118,320.000000,0.025157,86.833988,0.002084,0.037677,0.037735,1.011815,
4811,104,1.408568,-9.263363,0.001389,0.025113,320.666667,0.025152,86.835222,-0.000001,-0.000007,0.000007,0.989965,
4821,104,1.427176,-9.264319,0.002779,0.050233,321.333333,0.050310,86.833987,0.002085,0.037679,0.037737,0.991819,7.871361
4831,104,1.410791,-9.223176,0.023250,-0.001195,322.000000,0.023281,357.056592,0.030707,-0.077142,0.083030,0.949903,
4841,104,1.445776,-9.265276,0.021869,-0.026317,322.666667,0.034217,309.726534,-0.002072,-0.037682,0.037739,0.994019,
4851,104,1.428287,-9.244230,-0.024639,-0.023918,323.333333,0.034339,224.149537,-0.069762,0.003598,0.069854,0.974267,
4861,104,1.426065,-9.284410,-0.024648,-0.023916,324.000000,0.034344,224.137332,-0.000013,0.000002,0.000013,1.016844,
4871,104,1.408568,-9.263363,-0.067024,0.053829,324.666667,0.085964,141.231104,-0.063565,0.116618,0.132817,0.994400,2.575643
4881,104,1.372445,-9.241347,-0.068439,0.028722,325.333333,0.074221,157.233583,-0.002122,-0.037661,0.037721,0.890278,
4891,104,1.353817,-9.240385,-0.116514,0.006015,326.000000,0.116669,177.044760,-0.072113,-0.034060,0.079752,0.967384,
4901,104,1.279234,-9.236535,0.043781,-0.052648,326.666667,0.068473,309.745799,0.240442,-0.087995,0.256038,0.966227,7.236863
4911,104,1.388842,-9.282504,0.093229,-0.004813,327.333333,0.093353,357.044760,0.074172,0.071753,0.103199,0.926958,
4921,104,1.353817,-9.240385,-0.045172,0.027517,328.000000,0.052894,148.652047,-0.207602,0.048495,0.213191,0.967384,
4931,104,1.352704,-9.260490,-0.065726,0.079039,328.666667,0.102796,129.745799,-0.030831,0.077283,0.083206,0.987487,
4941,104,1.301236,-9.177154,-0.064335,0.104170,329.333333,0.122435,121.699042,0.002088,0.037697,0.037755,0.905538,3.591350
4951,104,1.301236,-9.177154,0.000000,0.000000,330.000000,0.000000,0.000000,0.096502,-0.156256,0.183653,0.905538,
4961,104,1.301236,-9.177154,0.000000,0.000000,330.666667,0.000000,0.000000,0.000000,0.000000,0.000000,0.905538,
4971,104,1.301236,-9.177154,0.000000,0.000000,331.333333,0.000000,0.000000,0.000000,0.000000,0.000000,0.885742,
4981,104,1.301236,-9.177154,0.000000,0.000000,332.000000,0.000000,0.000000,0.000000,0.000000,0.000000,0.886442,
4991,104,1.301236,-9.177154,0.000000,0.000000,332.666667,0.000000,0.000000,0.000000,0.000000,0.000000,0.955581,
5001,104,1.301236,-9.177154,0.041040,-0.102973,333.333333,0.110850,291.729806,0.061560,-0.154459,0.166274,0.925745,
5011,104,1.334068,-9.259532,0.082080,-0.205945,334.000000,0.221699,291.729806,0.061560,-0.154459,0.166274,1.060440,
4431,105,1.369984,-8.274150,0.000000,0.000000,295.333333,0.000000,0.000000,,,,0.945765,
4441,105,1.369984,-8.274150,0.000000,0.000000,296.000000,0.000000,0.000000,0.000000,0.000000,0.000000,0.945765,
4451,105,1.369984,-8.274150,0.000000,0.000000,296.666667,0.000000,0.000000,0.000000,0.000000,0.000000,0.945765,
4461,105,1.369984,-8.274150,0.000000,0.000000,297.333333,0.000000,0.000000,0.000000,0.000000,0.000000,0.945765,
4471,105,1.369984,-8.274150,0.000000,0.000000,298.000000,0.000000,0.000000,0.000000,0.000000,0.000000,0.945765,
4481,105,1.369984,-8.274150,0.000000,0.000000,298.666667,0.000000,0.000000,0.000000,0.000000,0.000000,0.925631,
4491,105,1.369984,-8.274150,0.000000,0.000000,299.333333,0.000000,0.000000,0.000000,0.000000,0.000000,0.925631,
4501,105,1.369984,-8.274150,0.000000,0.000000,300.000000,0.000000,0.000000,0.000000,0.000000,0.000000,0.925631,
4511,105,1.369984,-8.274150,0.000000,0.000000,300.666667,0.000000,0.000000,0.000000,0.000000,0.000000,0.945765,
4521,105,1.369984,-8.274150,0.000000,0.000000,301.333333,0.000000,0.000000,0.000000,0.000000,0.000000,0.945765,
4531,105,1.369984,-8.274150,0.000000,0.000000,302.000000,0.000000,0.000000,0.000000,0.000000,0.000000,0.945765,
4541,105,1.369984,-8.274150,0.000000,0.000000,302.666667,0.000000,0.000000,0.000000,0.000000,0.000000,0.945765,
4551,105,1.369984,-8.274150,0.000000,0.000000,303.333333,0.000000,0.000000,0.000000,0.000000,0.000000,0.945765,
4561,105,1.369984,-8.274150,0.000000,0.000000,304.000000,0.000000,0.000000,0.000000,0.000000,0.000000,0.945765,
4571,105,1.369984,-8.274150,0.000000,0.000000,304.666667,0.000000,0.000000,0.000000,0.000000,0.000000,0.945765,
4581,105,1.369984,-8.274150,0.000000,0.000000,305.333333,0.000000,0.000000,0.000000,0.000000,0.000000,0.945765,
4591,105,1.369984,-8.274150,0.000000,0.000000,306.000000,0.000000,0.000000,0.000000,0.000000,0.000000,0.925631,
4601,105,1.369984,-8.274150,0.000000,0.000000,306.666667,0.000000,0.000000,0.000000,0.000000,0.000000,0.925506,
4611,105,1.369984,-8.274150,0.000000,0.000000,307.333333,0.000000,0.000000,0.000000,0.000000,0.000000,0.905617,
4621,105,1.369984,-8.274150,0.000000,0.000000,308.000000,0.000000,0.000000,0.000000,0.000000,0.000000,0.886123,
4631,105,1.369984,-8.274150,0.000000,0.000000,308.666667,0.000000,0.000000,0.000000,0.000000,0.000000,0.887163,
4641,105,1.369984,-8.274150,0.000000,0.000000,309.333333,0.000000,0.000000,0.000000,0.000000,0.000000,0.992737,
4651,105,1.369984,-8.274150,0.000000,0.000000,310.000000,0.000000,0.000000,0.000000,0.000000,0.000000,0.984435,
4661,105,1.369984,-8.274150,0.000000,0.000000,310.666667,0.000000,0.000000,0.000000,0.000000,0.000000,0.988238,
4671,105,1.369984,-8.274150,0.000000,0.000000,311.333333,0.000000,0.000000,0.000000,0.000000,0.000000,0.992382,7.301445
4681,105,1.369984,-8.274150,0.000000,0.000000,312.000000,0.000000,0.000000,0.000000,0.000000,0.000000,0.944838,2.239619
4691,105,1.369984,-8.274150,0.000000,0.000000,312.666667,0.000000,0.000000,0.000000,0.000000,0.000000,0.852640,
4701,105,1.369984,-8.274150,0.000000,0.000000,313.333333,0.000000,0.000000,0.000000,0.000000,0.000000,0.967200,
4711,105,1.369984,-8.274150,0.000000,0.000000,314.000000,0.000000,0.000000,0.000000,0.000000,0.000000,1.010002,
4721,105,1.369984,-8.274150,0.000000,0.000000,314.666667,0.000000,0.000000,0.000000,0.000000,0.000000,1.090195,
4731,105,1.369984,-8.274150,0.000000,0.000000,315.333333,0.000000,0.000000,0.000000,0.000000,0.000000,1.027503,
4741,105,1.369984,-8.274150,0.000000,0.000000,316.000000,0.000000,0.000000,0.000000,0.000000,0.000000,1.047609,
4751,105,1.369984,-8.274150,-0.052123,-0.097518,316.666667,0.110574,241.875996,-0.078184,-0.146278,0.165861,1.066518,
4761,105,1.328286,-8.352165,-0.006952,-0.125436,317.333333,0.125628,266.827809,0.067756,-0.041876,0.079652,0.994477,
4771,105,1.364422,-8.374499,0.049342,0.047348,318.000000,0.068384,43.818432,0.084441,0.259175,0.272584,0.970060,
4781,105,1.367760,-8.314287,0.006952,0.125436,318.666667,0.125628,86.827809,-0.063585,0.117132,0.133278,0.971874,
4791,105,1.369984,-8.274150,0.002781,0.050171,319.333333,0.050248,86.827808,-0.006257,-0.112897,0.113071,1.010002,
4801,105,1.369984,-8.274150,0.000000,0.000000,320.000000,0.000000,0.000000,-0.004171,-0.075256,0.075372,1.011815,
4811,105,1.369984,-8.274150,0.000000,0.000000,320.666667,0.000000,0.000000,0.000000,0.000000,0.000000,0.989965,
4821,105,1.369984,-8.274150,0.000000,0.000000,321.333333,0.000000,0.000000,0.000000,0.000000,0.000000,0.991819,7.871361
4831,105,1.369984,-8.274150,0.000000,0.000000,322.000000,0.000000,0.000000,0.000000,0.000000,0.000000,0.949903,
4841,105,1.369984,-8.274150,-0.023273,0.001433,322.666667,0.023317,176.477447,-0.034909,0.002149,0.034975,0.994019,
4851,105,1.351366,-8.273004,-0.046555,0.002866,323.333333,0.046643,176.477447,-0.034923,0.002150,0.034989,0.974267,
4861,105,1.332740,-8.271858,-0.023282,0.001433,324.000000,0.023326,176.477447,0.034909,-0.002149,0.034975,1.016844,
4871,105,1.332740,-8.271858,-0.005568,-0.100384,324.666667,0.100539,266.825333,0.026571,-0.152726,0.155020,0.994400,2.575643
4881,105,1.328286,-8.352165,0.023282,-0.001433,325.333333,0.023326,356.477447,0.043274,0.148427,0.154606,0.890278,
4891,105,1.351366,-8.273004,0.028850,0.098951,326.000000,0.103071,73.745722,0.008352,0.150576,0.150808,0.967384,
4901,105,1.351366,-8.273004,0.040979,-0.103192,326.666667,0.111031,291.658648,0.018194,-0.303214,0.303760,0.966227,7.236863
4911,105,1.384149,-8.355558,0.000000,0.000000,327.333333,0.000000,0.000000,-0.061468,0.154788,0.166546,0.926958,
4921,105,1.351366,-8.273004,-0.040979,0.103192,328.000000,0.111031,111.658648,-0.061468,0.154788,0.166546,0.967384,
4931,105,1.351366,-8.273004,0.000000,0.000000,328.666667,0.000000,0.000000,0.061468,-0.154788,0.166546,0.987487,
4941,105,1.351366,-8.273004,0.000000,0.000000,329.333333,0.000000,0.000000,0.000000,0.000000,0.000000,0.905538,3.591350
4951,105,1.351366,-8.273004,0.000000,0.000000,330.000000,0.000000,0.000000,0.000000,0.000000,0.000000,0.905538,
4961,105,1.351366,-8.273004,-0.024674,-0.023661,330.666667,0.034185,223.799941,-0.037010,-0.035492,0.051278,0.905538,
4971,105,1.331627,-8.291933,-0.047965,-0.022232,331.333333,0.052867,204.868042,-0.034937,0.002143,0.035003,0.885742,
4981,105,1.312993,-8.290790,-0.135693,0.083947,332.000000,0.159561,148.256739,-0.131592,0.159269,0.206599,0.886442,
4991,105,1.223072,-8.224775,-0.185254,0.036589,332.666667,0.188833,168.827590,-0.074342,-0.071038,0.102826,0.955581,
5001,105,1.164790,-8.261519,-0.116803,0.007238,333.333333,0.117027,176.453837,0.102677,-0.044025,0.111718,0.925745,
5011,105,1.129630,-8.218985,-0.087900,0.106336,334.000000,0.137963,129.577820,0.043355,0.148647,0.154840,1.060440,
4431,106,2.593783,-9.503475,0.066797,0.394743,295.333333,0.400354,80.395620,,,,0.688847,
4441,106,2.620502,-9.345578,0.024083,0.446598,296.000000,0.447246,86.913253,-0.064070,0.077782,0.100772,0.686906,
4451,106,2.613050,-9.146197,-0.129502,0.554350,296.666667,0.569275,103.149104,-0.230378,0.161628,0.281421,0.686924,
4461,106,2.516900,-8.902098,-0.176328,0.532343,297.333333,0.560786,108.326460,-0.070239,-0.033010,0.077610,0.761074,
4471,106,2.471987,-8.720322,-0.037344,0.574569,298.000000,0.575781,93.718706,0.208476,0.063339,0.217886,0.781215,8.186522
4481,106,2.487025,-8.442443,0.054943,0.593897,298.666667,0.596433,84.714435,0.138431,0.028992,0.141434,0.743383,1.609037
4491,106,2.515942,-8.245205,-0.038690,0.549822,299.333333,0.551181,94.025179,-0.140450,-0.066113,0.155233,0.705228,0.681553
4501,106,2.456073,-8.002585,-0.218101,0.611458,300.000000,0.649191,109.630828,-0.269116,0.092454,0.284555,0.622807,
4511,106,2.341461,-7.756039,-0.198200,0.560994,300.666667,0.594977,109.458408,0.029851,-0.075696,0.081369,0.798115,
4521,106,2.297513,-7.553790,-0.060206,0.576932,301.333333,0.580065,95.957572,0.206991,0.023908,0.208367,0.816750,1.941911
4531,106,2.293296,-7.294493,-0.014590,0.573790,302.000000,0.573975,91.456543,0.068425,-0.004714,0.068587,0.708824,0.609720
4541,106,2.285841,-7.094759,-0.148921,0.633863,302.666667,0.651122,103.221402,-0.201497,0.090110,0.220728,0.673890,1.818889
4551,106,2.174159,-6.787403,-0.305116,0.721325,303.333333,0.783202,112.928052,-0.234292,0.131193,0.268523,0.675305,
4561,106,2.041748,-6.517699,-0.077783,0.678988,304.000000,0.683428,96.535173,0.340999,-0.063506,0.346862,0.748507,
4571,106,2.111933,-6.244213,0.147034,0.585947,304.666667,0.604113,75.913432,0.337225,-0.139561,0.364963,0.675912,0.786117
4581,106,2.159375,-6.048941,-0.010502,0.648560,305.333333,0.648645,90.927675,-0.236303,0.093919,0.254283,0.660814,3.388688
4591,106,2.103531,-5.725365,-0.166653,0.736986,306.000000,0.755594,102.741859,-0.234227,0.132640,0.269176,0.646540,
4601,106,2.026053,-5.459352,-0.083255,0.580377,306.666667,0.586318,98.163404,0.125096,-0.234913,0.266145,0.669185,
4611,106,2.036927,-5.261063,0.099912,0.563332,307.333333,0.572123,79.942655,0.274751,-0.025568,0.275938,0.675826,1.167812
4621,106,2.105983,-5.008687,0.099874,0.562930,308.000000,0.571721,79.939365,-0.000057,-0.000603,0.000606,0.605763,0.066969
4631,106,2.116827,-4.810720,-0.104760,0.607545,308.666667,0.616511,99.783410,-0.306951,0.066923,0.314162,0.603938,
4641,106,2.022175,-4.522651,-0.173462,0.614617,309.333333,0.638626,105.760557,-0.103053,0.010608,0.103598,0.696850,
4651,106,1.978057,-4.319026,0.004273,0.497215,310.000000,0.497233,89.507659,0.266602,-0.176103,0.319513,0.721845,2.399587
4661,106,2.025593,-4.124879,0.093175,0.438080,310.666667,0.447879,77.992752,0.133353,-0.088702,0.160160,0.623567,0.165138
4671,106,2.052597,-3.968562,-0.087368,0.506933,311.333333,0.514407,99.778604,-0.270814,0.103280,0.289839,0.605131,
4681,106,1.955699,-3.719333,-0.266794,0.601418,312.000000,0.657938,113.922449,-0.269139,0.141726,0.304174,0.624666,
4691,106,1.839162,-3.487428,-0.132014,0.537365,312.666667,0.553343,103.802456,0.202170,-0.096079,0.223839,0.644527,
4701,106,1.850088,-3.289441,0.098884,0.536343,313.333333,0.545382,79.553885,0.346346,-0.001533,0.346350,0.644492,1.873054
4711,106,1.918269,-3.058354,0.119048,0.483851,314.000000,0.498282,76.177392,0.030246,-0.078738,0.084347,0.625503,1.060869
4721,106,1.945326,-2.902360,-0.040202,0.527029,314.666667,0.528560,94.362148,-0.238875,0.064766,0.247500,0.625247,
4731,106,1.886107,-2.636731,-0.150847,0.614957,315.333333,0.633188,103.782317,-0.165967,0.131893,0.211992,0.628357,
4741,106,1.824648,-2.410394,-0.014532,0.573641,316.000000,0.573825,91.451134,0.204473,-0.061975,0.213658,0.627078,1.112786
4751,106,1.874481,-2.177818,0.170319,0.575226,316.666667,0.599911,73.506478,0.277276,0.002378,0.277286,0.608327,0.338558
4761,106,1.960903,-1.950213,0.120261,0.506365,317.333333,0.520450,76.639827,-0.075087,-0.103292,0.127700,0.607395,6.603152
4771,106,1.970690,-1.772726,-0.108922,0.535615,318.000000,0.546578,101.494891,-0.343775,0.043875,0.346564,0.607385,
4781,106,1.873766,-1.521721,-0.177717,0.544833,318.666667,0.573085,108.065653,-0.103193,0.013827,0.104115,0.627012,
4791,106,1.828516,-1.336860,0.002959,0.471436,319.333333,0.471446,89.640323,0.271015,-0.110095,0.292524,0.627713,1.115810
4801,106,1.876133,-1.144572,0.120330,0.505050,320.000000,0.519186,76.598911,0.176056,0.050420,0.183133,0.607080,0.272451
4811,106,1.924780,-0.932821,0.034044,0.615714,320.666667,0.616655,86.835222,-0.129429,0.165997,0.210492,0.606577,
4821,106,1.903368,-0.652001,-0.123685,0.687337,321.333333,0.698377,100.201073,-0.236593,0.107435,0.259843,0.678755,
4831,106,1.825832,-0.382951,-0.177826,0.546563,322.000000,0.574764,108.022498,-0.081212,-0.211161,0.226240,0.769161,
4841,106,1.761107,-0.214750,-0.068608,0.431891,322.666667,0.437307,99.026327,0.163827,-0.172008,0.237542,0.799415,
4851,106,1.770946,-0.037438,0.071853,0.460970,323.333333,0.466536,81.140429,0.210692,0.043618,0.215159,0.739192,1.315299
4861,106,1.818590,0.154026,0.028676,0.516804,324.000000,0.517599,86.824095,-0.064765,0.083751,0.105871,0.715766,
4871,106,1.793886,0.376005,-0.064497,0.505827,324.666667,0.509922,97.266464,-0.139759,-0.016465,0.140726,0.734592,
4881,106,1.766992,0.558687,-0.047016,0.404045,325.333333,0.406771,96.637251,0.026222,-0.152672,0.154908,0.776138,
4891,106,1.756274,0.699241,0.069083,0.410807,326.000000,0.416575,80.454204,0.174148,0.010143,0.174444,0.724460,0.635775
4901,106,1.822258,0.887333,0.187719,0.466227,326.666667,0.502600,68.068557,0.177954,0.083130,0.196414,0.611114,0.039689
4911,106,1.906449,1.072223,0.138987,0.423726,327.333333,0.445938,71.839930,-0.073099,-0.063753,0.096994,0.500318,
4921,106,1.933448,1.226313,-0.040110,0.526236,328.000000,0.527762,94.358697,-0.268645,0.153766,0.309539,0.443347,
4931,106,1.874361,1.493212,-0.106047,0.586399,328.666667,0.595911,100.250848,-0.098906,0.090245,0.133890,0.459219,
4941,106,1.848610,1.695433,0.005674,0.518676,329.333333,0.518708,89.373240,0.167582,-0.101584,0.195967,0.459490,
4951,106,1.878901,1.908153,0.074334,0.507073,330.000000,0.512492,81.660149,0.102990,-0.017405,0.104451,0.459225,
4961,106,1.908077,2.101091,0.025828,0.465479,330.666667,0.466195,86.824095,-0.072759,-0.062391,0.095847,0.458970,
4971,106,1.899563,2.280536,-0.108763,0.537918,331.333333,0.548804,101.430663,-0.201886,0.108659,0.229271,0.459073,
4981,106,1.821067,2.531426,-0.133043,0.517572,332.000000,0.534398,104.415865,-0.036419,-0.030520,0.047517,0.644664,
4991,106,1.793129,2.694594,-0.041483,0.501913,332.666667,0.503624,94.724738,0.137340,-0.023488,0.139334,0.680354,
5001,106,1.787881,2.932956,-0.040131,0.526520,333.333333,0.528047,94.358580,0.002028,0.036911,0.036967,0.680527,
5011,106,1.761024,3.115810,-0.067141,0.457134,334.000000,0.462039,98.355506,-0.040516,-0.104079,0.111687,0.699325,
4431,107,3.282169,-9.478286,0.063063,0.342622,295.333333,0.348377,79.570805,,,,0.688847,
4441,107,3.307395,-9.341238,0.022248,0.418750,296.000000,0.419341,86.958698,-0.061222,0.114192,0.129568,0.686906,
4451,107,3.299968,-9.143286,-0.037009,0.569962,296.666667,0.571163,93.715108,-0.088886,0.226819,0.243613,0.686924,
4461,107,3.277788,-8.885268,-0.059385,0.571257,297.333333,0.574335,95.934836,-0.033564,0.001941,0.033620,0.761074,
4471,107,3.252460,-8.686281,-0.059396,0.571374,298.000000,0.574453,95.934706,-0.000016,0.000176,0.000177,0.781215,8.186522
4481,107,3.230271,-8.428168,-0.039640,0.520890,298.666667,0.522396,94.351832,0.029634,-0.075726,0.081318,0.743383,1.609037
4491,107,3.220749,-8.269569,-0.192684,0.605130,299.333333,0.635066,107.662374,-0.229566,0.126360,0.262044,0.705228,0.681553
4501,107,3.076124,-7.944065,-0.101628,0.623919,300.000000,0.632142,99.251430,0.136584,0.028185,0.139462,0.622807,
4511,107,3.139446,-7.770434,0.047443,0.466172,300.666667,0.468580,84.188928,0.223606,-0.236621,0.325560,0.798115,
4521,107,3.114079,-7.571127,-0.171778,0.580303,301.333333,0.605194,106.489519,-0.328832,0.171197,0.370727,0.816750,1.941911
4531,107,3.002024,-7.306191,-0.193013,0.606983,302.000000,0.636932,107.640035,-0.031853,0.040020,0.051149,0.708824,0.609720
4541,107,2.959668,-7.085540,-0.190746,0.657319,302.666667,0.684436,106.182053,0.003402,0.075504,0.075580,0.673890,1.818889
4551,107,2.849427,-6.780336,-0.212112,0.684335,303.333333,0.716454,107.221007,-0.032050,0.040524,0.051666,0.675305,
4561,107,2.789978,-6.538072,-0.082275,0.575690,304.000000,0.581539,98.133377,0.194756,-0.162968,0.253946,0.748507,
4571,107,2.783607,-6.319784,0.025217,0.467989,304.666667,0.468668,86.915661,0.161238,-0.161550,0.228246,0.675912,0.786117
4581,107,2.810152,-6.163681,-0.059752,0.574188,305.333333,0.577289,95.941054,-0.127454,0.159298,0.204011,0.660814,3.585041
4591,107,2.735805,-5.860434,-0.167360,0.682633,306.000000,0.702849,103.775411,-0.161411,0.162666,0.229159,0.646540,
4601,107,2.676264,-5.617575,-0.030529,0.695418,306.666667,0.696088,92.513710,0.205246,0.019179,0.206140,0.669185,2.476157
4611,107,2.711382,-5.304099,0.034609,0.640029,307.333333,0.640964,86.904810,0.097707,-0.083084,0.128257,0.675826,1.167812
4621,107,2.703951,-5.105552,0.005341,0.518736,308.000000,0.518763,89.410063,-0.043901,-0.181939,0.187161,0.605763,0.066969
4631,107,2.715655,-4.889110,-0.019905,0.471718,308.666667,0.472138,92.416318,-0.037870,-0.070527,0.080051,0.603938,1.505542
4641,107,2.688027,-4.728177,-0.039829,0.523040,309.333333,0.524554,94.354656,-0.029886,0.076982,0.082580,0.696850,1.242061
4651,107,2.683791,-4.470678,-0.055786,0.648408,310.000000,0.650803,94.917321,-0.023934,0.188052,0.189569,0.721845,0.640349
4661,107,2.643398,-4.209451,-0.039836,0.523127,310.666667,0.524642,94.354656,0.023924,-0.187921,0.189438,0.623567,0.165138
4671,107,2.651923,-4.052177,-0.086437,0.503648,311.333333,0.511011,99.738338,-0.069902,-0.029219,0.075762,0.573010,
4681,107,2.574249,-3.806533,-0.218326,0.592449,312.000000,0.631397,110.229560,-0.197833,0.133202,0.238497,0.624666,
4691,107,2.477262,-3.578218,-0.107849,0.531278,312.666667,0.542114,101.475071,0.165716,-0.091758,0.189423,0.644527,
4701,107,2.487970,-3.381511,0.074742,0.535559,313.333333,0.540749,82.055150,0.273887,0.006422,0.273962,0.644492,1.873054
4711,107,2.537056,-3.149770,0.094676,0.483466,314.000000,0.492649,78.920132,0.029901,-0.078138,0.083664,0.625503,1.060869
4721,107,2.563710,-2.994737,-0.041218,0.499106,314.666667,0.500805,94.720992,-0.203841,0.023459,0.205186,0.625247,3.656734
4731,107,2.504081,-2.750486,-0.149144,0.610921,315.333333,0.628863,103.719246,-0.161889,0.167723,0.233107,0.628357,2.936381
4741,107,2.444395,-2.506001,-0.035875,0.597373,316.000000,0.598449,93.436766,0.169903,-0.020322,0.171114,0.627078,1.112786
4751,107,2.475381,-2.272588,0.145320,0.574634,316.666667,0.592725,75.807936,0.271793,-0.034108,0.273925,0.608327,0.338558
4761,107,2.560651,-2.046293,0.118591,0.503379,317.333333,0.517160,76.743411,-0.040094,-0.106883,0.114156,0.607395,1.848747
4771,107,2.570254,-1.869885,-0.085114,0.529246,318.000000,0.536046,99.136113,-0.305557,0.038800,0.308011,0.607385,
4781,107,2.492560,-1.622897,-0.153040,0.538291,318.666667,0.559624,105.870840,-0.101890,0.013569,0.102789,0.627012,
4791,107,2.447822,-1.439251,-0.018556,0.496018,319.333333,0.496365,92.142394,0.201727,-0.063411,0.211458,0.627713,1.115810
4801,107,2.477716,-1.226083,0.097327,0.529571,320.000000,0.538441,79.586160,0.173824,0.050331,0.180964,0.607080,0.272451
4811,107,2.525683,-1.015594,0.130501,0.721448,320.666667,0.733156,79.746806,0.049761,0.287815,0.292085,0.606577,
4821,107,2.582116,-0.648924,0.051947,0.534868,321.333333,0.537384,84.452811,-0.117831,-0.279871,0.303664,0.678755,
4831,107,2.567241,-0.587700,-0.050464,0.327410,322.000000,0.331276,98.762074,-0.153616,-0.311187,0.347037,0.769161,
4841,107,2.541745,-0.386996,-0.085030,0.529586,322.666667,0.536368,99.121496,-0.051849,0.303264,0.307664,0.799415,
4851,107,2.499217,-0.164032,-0.045151,0.425329,323.333333,0.427719,96.059612,0.059818,-0.156385,0.167435,0.739192,1.315299
4861,107,2.505624,-0.046733,0.000075,0.418721,324.000000,0.418721,89.989673,0.067840,-0.009912,0.068560,0.715766,
4871,107,2.499277,0.170945,0.002743,0.467471,324.666667,0.467479,89.663849,0.004001,0.073124,0.073234,0.734592,
4881,107,2.507818,0.327244,-0.042494,0.474337,325.333333,0.476237,95.119185,-0.067854,0.010300,0.068632,0.776138,
4891,107,2.465282,0.550415,-0.106374,0.558103,326.000000,0.568150,100.791069,-0.095820,0.125649,0.158016,0.724460,0.635775
4901,107,2.422719,0.773726,-0.085121,0.530446,326.666667,0.537232,99.116606,0.031879,-0.041487,0.052320,0.611114,0.039689
4911,107,2.397185,0.974772,-0.058488,0.600340,327.333333,0.603182,95.564440,0.039950,0.104842,0.112195,0.500318,
4921,107,2.375929,1.253998,-0.079836,0.628591,328.000000,0.633641,97.238235,-0.032022,0.042377,0.053115,0.443347,
4931,107,2.333317,1.477645,-0.086558,0.506714,328.666667,0.514053,99.693882,-0.010084,-0.182816,0.183094,0.459219,
4941,107,2.306682,1.659369,0.004139,0.491813,329.333333,0.491831,89.517856,0.136046,-0.022351,0.137869,0.459490,
4951,107,2.336628,1.871095,0.073491,0.504704,330.000000,0.510027,81.715307,0.104028,0.019336,0.105810,0.459225,
4961,107,2.365475,2.063132,0.025457,0.463289,330.666667,0.463988,86.854908,-0.072051,-0.062123,0.095135,0.458970,
4971,107,2.356993,2.241726,0.117255,0.471644,331.333333,0.486001,76.038765,0.137698,0.012532,0.138267,0.459073,
4981,107,2.459279,2.440447,0.139868,0.467402,332.000000,0.487880,73.340401,0.033919,-0.006364,0.034511,0.644664,
4991,107,2.468887,2.615647,0.005423,0.514878,332.666667,0.514906,89.396581,-0.201668,0.071214,0.213872,0.680354,
5001,107,2.463617,2.852350,-0.017176,0.518768,333.333333,0.519052,91.896372,-0.033899,0.005835,0.034397,0.680527,
5011,107,2.455146,3.030661,-0.021178,0.445780,334.000000,0.446282,92.719984,-0.006003,-0.109482,0.109646,0.699325,
4491,108,3.787772,-3.645662,-0.001586,-1.708783,299.333333,1.708784,269.946823,,,,4.658545,
4501,108,3.787138,-4.329175,0.062058,-1.764568,300.000000,1.765659,272.014209,0.095466,-0.083678,0.126948,3.684151,
4511,108,3.837419,-5.057316,0.010223,-1.907721,300.666667,1.907748,270.307029,-0.077753,-0.214728,0.228372,2.801459,
4521,108,3.795316,-5.855351,0.037476,-1.812634,301.333333,1.813021,271.184403,0.040879,0.142630,0.148373,1.846069,
4531,108,3.867399,-6.507423,0.089352,-1.671744,302.000000,1.674130,273.059457,0.077815,0.211335,0.225206,1.177669,
4541,108,3.866798,-7.192747,-0.001504,-1.713308,302.666667,1.713309,269.949716,-0.136284,-0.062346,0.149867,0.913443,
4511,109,2.811156,2.222690,0.250638,-1.217463,300.666667,1.242994,281.632926,,,,7.351986,
4521,109,2.911411,1.735705,0.274115,-1.195915,301.333333,1.226928,282.909756,0.035216,0.032321,0.047800,7.642344,
4531,109,3.030448,1.265958,0.277612,-1.121239,302.000000,1.155096,283.906419,0.005245,0.112014,0.112136,7.818308,
4541,109,3.133501,0.838713,0.322879,-1.101703,302.666667,1.148042,286.334438,0.067901,0.029305,0.073955,7.926160,
4551,109,3.288752,0.384595,0.373192,-0.985267,303.333333,1.053577,290.745286,0.075468,0.174654,0.190261,7.178387,
4561,109,3.432054,0.050499,0.312243,-0.851820,304.000000,0.907245,290.130908,-0.091423,0.200171,0.220060,6.619784,
4571,109,3.538546,-0.296861,0.266230,-0.868400,304.666667,0.908294,287.044245,-0.069019,-0.024871,0.073364,2.842062,
4571,110,2.546419,2.366407,-0.263428,-1.478733,304.666667,1.502014,259.899045,,,,2.842062,
4581,110,2.441048,1.774914,-0.036103,-1.492800,305.333333,1.493236,268.614601,0.340988,-0.021100,0.341640,7.828924,3.388688
4591,110,2.517537,1.172167,0.122068,-1.520146,306.000000,1.525039,274.591002,0.237256,-0.041019,0.240775,6.909946,
4601,110,2.538702,0.558797,0.051588,-1.558068,306.666667,1.558922,271.896384,-0.105720,-0.056884,0.120052,6.039945,2.476157
4611,110,2.558807,-0.074287,0.165777,-1.550053,307.333333,1.558892,276.104522,0.171283,0.012023,0.171704,5.212965,2.120051
4621,110,2.671323,-0.681245,0.076867,-1.513168,308.000000,1.515119,272.908056,-0.133364,0.055327,0.144385,4.364215,1.886454
4631,110,2.620301,-1.284822,0.188059,-1.550938,308.666667,1.562298,276.913634,0.166787,-0.056656,0.176147,3.561663,1.505542
4641,110,2.821770,-1.921995,0.320636,-1.617109,309.333333,1.648590,281.214998,0.198866,-0.099256,0.222260,2.720802,1.242061
4651,110,2.876810,-2.578509,0.295893,-1.634632,310.000000,1.661197,280.260281,-0.037115,-0.026284,0.045480,1.901989,0.640349
4661,110,3.058484,-3.229701,0.407527,-1.645074,310.666667,1.694800,283.913522,0.167451,-0.015663,0.168182,1.064052,
4671,110,3.202831,-3.894568,0.134610,-1.686502,311.333333,1.691866,274.563454,-0.409375,-0.062142,0.414065,0.573010,
4681,110,3.166172,-4.578903,0.088462,-1.704586,312.000000,1.706880,272.970798,-0.069222,-0.027125,0.074346,0.973103,
4691,110,3.273601,-5.258237,-0.132775,-1.637399,312.666667,1.642773,265.364072,-0.331857,0.100780,0.346822,1.859199,1.049816
4701,110,3.059952,-5.888822,-0.313152,-1.647958,313.333333,1.677447,259.240685,-0.270565,-0.015839,0.271028,2.327700,2.114558
4711,110,3.023080,-6.576603,-0.317552,-1.704352,314.000000,1.733683,259.445756,-0.006600,-0.084592,0.084849,1.218522,
4721,110,2.805910,-7.252304,-0.408432,-1.702758,314.666667,1.751057,256.511572,-0.136320,0.002392,0.136341,0.960700,
4731,110,2.696334,-7.938810,-0.227660,-1.696827,315.333333,1.712031,262.358369,0.271158,0.008896,0.271304,1.368085,
4741,110,2.623782,-8.609766,-0.383723,-1.618992,316.000000,1.663845,256.666159,-0.234095,0.116752,0.261594,1.297940,
4751,110,2.389355,-9.234003,-0.293241,-1.628345,316.666667,1.654538,259.791278,0.135723,-0.014029,0.136446,1.083492,
4761,110,2.389189,-9.912442,-0.000415,-1.696096,317.333333,1.696096,269.985973,0.439239,-0.101626,0.450843,1.137440,
4691,112,3.715732,-8.713362,-0.011233,1.474526,312.666667,1.474569,90.436471,,,,2.386513,1.049816
4701,112,3.711239,-8.123551,0.008341,1.423614,313.333333,1.423638,89.664299,0.029361,-0.076369,0.081819,2.327700,
4711,112,3.722405,-7.574471,0.029191,1.396504,314.000000,1.396809,88.802525,0.031275,-0.040665,0.051301,1.218522,
4721,112,3.734592,-7.006348,-0.208183,1.537485,314.666667,1.551515,97.711232,-0.356061,0.211472,0.414126,0.960700,3.656734
4731,112,3.555859,-6.344483,-0.379389,1.675556,315.333333,1.717971,102.758113,-0.256809,0.207107,0.329915,1.811260,2.936381
4741,112,3.431081,-5.665903,-0.187643,1.514060,316.000000,1.525643,97.064849,0.287619,-0.242244,0.376041,3.052549,3.110537
4751,112,3.405744,-5.133235,-0.186642,1.540587,316.666667,1.551852,96.907704,0.001502,0.039791,0.039819,3.008135,2.359302
4761,112,3.281767,-4.433433,0.047761,1.736091,317.333333,1.736748,88.424150,0.351604,0.293256,0.457848,2.493681,1.848747
4771,112,3.443953,-3.744362,0.133125,1.653057,318.000000,1.658409,85.395745,0.128046,-0.124551,0.178631,2.068094,
4781,112,3.388268,-3.110987,-0.071200,1.599826,318.666667,1.601410,92.548252,-0.306488,-0.079847,0.316718,1.736867,
4791,112,3.386994,-2.464501,0.111731,1.673894,319.333333,1.677619,86.181218,0.274396,0.111102,0.296035,1.390388,
4801,112,3.477653,-1.771872,0.063437,1.605246,320.000000,1.606499,87.736931,-0.072441,-0.102973,0.125901,1.139192,
4811,112,3.437743,-1.180304,0.032006,1.435718,320.666667,1.436075,88.722947,-0.047147,-0.254291,0.258625,0.926813,
4821,112,3.503257,-0.623297,0.119364,1.397688,321.333333,1.402776,85.118707,0.131038,-0.057045,0.142916,0.921497,
4831,112,3.533235,-0.062153,-0.016207,1.367357,322.000000,1.367453,90.679088,-0.203357,-0.045497,0.208385,1.099702,
4841,112,3.490291,0.470588,0.000744,1.266036,322.666667,1.266037,89.966328,0.025427,-0.151981,0.154094,1.278746,
4851,112,3.533830,0.950676,0.080221,1.082447,323.333333,1.085415,85.761509,0.119216,-0.275385,0.300082,1.520854,
4861,112,3.554468,1.336546,-0.167156,1.049683,324.000000,1.062909,99.048045,-0.371065,-0.049145,0.374306,1.735953,
4871,112,3.400105,1.790422,-0.181449,1.198102,324.666667,1.211764,98.611821,-0.021439,0.222628,0.223658,1.853159,
4881,112,3.409309,2.295027,0.064698,1.204934,325.333333,1.206670,86.926475,0.369221,0.010248,0.369363,2.164453,
4891,112,3.451864,2.754370,0.002134,1.288130,326.000000,1.288132,89.905100,-0.093847,0.124794,0.156144,2.414696,
4901,112,3.411016,3.325531,-0.102120,1.427904,326.666667,1.431551,94.090672,-0.156380,0.209661,0.261557,2.736501,
5241,113,2.592312,-4.144751,-0.090436,0.850471,349.333333,0.855266,96.069790,,,,1.010960,
5251,113,2.556137,-3.804562,-0.199816,0.937150,350.000000,0.958215,102.036206,-0.164071,0.130019,0.209342,1.048559,4.253754
5261,113,2.432458,-3.395031,-0.177202,0.935193,350.666667,0.951833,100.729322,0.033921,-0.002936,0.034048,0.920856,2.385841
5271,113,2.414375,-3.056408,-0.017144,0.942107,351.333333,0.942263,91.042530,0.240087,0.010371,0.240311,0.939777,
5281,113,2.418743,-2.641345,-0.019819,0.892846,352.000000,0.893066,91.271622,-0.004012,-0.073891,0.074000,1.051468,
5291,113,2.398520,-2.342131,-0.136063,0.857866,352.666667,0.868589,99.012433,-0.174367,-0.052470,0.182090,1.054268,
5301,113,2.309892,-1.955052,-0.085248,0.950411,353.333333,0.954227,95.125506,0.076223,0.138818,0.158367,0.910519,2.858183
5311,113,2.330321,-1.581802,0.076435,0.978679,354.000000,0.981659,85.534277,0.242525,0.042402,0.246203,0.950379,
5321,113,2.371040,-1.172109,0.008293,0.987255,354.666667,0.987290,89.518748,-0.102213,0.012864,0.103019,1.059643,
5331,113,2.336956,-0.791998,-0.240407,1.046876,355.333333,1.074125,102.933279,-0.373049,0.089431,0.383619,0.961767,0.941094
5341,113,2.178715,-0.334608,-0.098559,1.125463,356.000000,1.129770,95.004753,0.212771,0.117881,0.243243,0.739252,1.498131
5351,113,2.258108,0.108372,0.055254,1.004787,356.666667,1.006305,86.852454,0.230719,-0.181015,0.293254,0.853291,
5361,113,2.222918,0.469221,-0.219266,1.021644,357.333333,1.044909,102.113080,-0.411779,0.025287,0.412554,0.910723,
5371,113,2.082696,0.925688,-0.350555,1.141167,358.000000,1.193797,107.076428,-0.196934,0.179284,0.266319,0.762836,0.544645
5241,114,1.585023,-4.058679,-0.187110,0.819781,349.333333,0.840863,102.857189,,,,1.010960,
5251,114,1.510178,-3.730767,-0.090467,0.884417,350.000000,0.889032,95.840475,0.144965,0.096954,0.174399,1.048559,4.253754
5261,114,1.512649,-3.351146,-0.042859,0.904542,350.666667,0.905557,92.712734,0.071413,0.030187,0.077531,0.920856,2.385841
5271,114,1.475891,-3.007133,-0.179072,0.970590,351.333333,0.986971,100.453404,-0.204320,0.099072,0.227073,0.939777,
5281,114,1.369391,-2.574673,-0.154566,0.993160,352.000000,1.005116,98.845980,0.036760,0.033855,0.049974,1.051468,
5291,114,1.352239,-2.212605,0.053989,0.967693,352.666667,0.969197,86.806711,0.312831,-0.038201,0.315155,1.054268,
5301,114,1.412582,-1.800519,0.056773,1.016804,353.333333,1.018388,86.804220,0.004176,0.073667,0.073785,0.910519,2.858183
5311,114,1.397657,-1.399162,-0.106837,1.012788,354.000000,1.018408,96.021741,-0.245415,-0.006024,0.245489,0.950379,
5321,114,1.327113,-0.990289,-0.019676,0.900905,354.666667,0.901120,91.251162,0.130741,-0.167824,0.212740,1.059643,
5331,114,1.381917,-0.678438,0.141049,0.853202,355.333333,0.864782,80.612914,0.241088,-0.071555,0.251482,0.961767,0.941094
5341,114,1.439952,-0.307727,0.029393,0.943051,356.000000,0.943509,88.214761,-0.167484,0.134773,0.214976,0.739252,1.498131
5351,114,1.405431,0.076003,-0.158569,0.920527,356.666667,0.934084,99.773806,-0.281944,-0.033786,0.283961,0.853291,
5361,114,1.313097,0.428694,-0.090489,0.885613,357.333333,0.890224,95.834024,0.102121,-0.052371,0.114767,0.910723,
5371,114,1.333040,0.784493,0.049859,0.889497,358.000000,0.890894,86.791736,0.210522,0.005827,0.210603,0.762836,0.544645
5241,115,-0.427775,0.610126,-0.560643,-1.289691,349.333333,1.406280,246.504877,,,,1.552960,2.553879
5251,115,-0.652032,0.094250,-0.606154,-1.210311,350.000000,1.353616,243.397134,-0.068267,0.119070,0.137252,1.367542,
5261,115,-0.912698,-0.358123,-0.610766,-1.242409,350.666667,1.384419,243.821344,-0.006918,-0.048147,0.048641,1.332786,
5271,115,-1.140645,-0.899677,-0.540847,-1.258656,351.333333,1.369938,246.746696,0.104878,-0.024371,0.107673,1.585498,
5281,115,-1.345376,-1.365047,-0.617562,-1.256234,352.000000,1.399824,243.821344,-0.115073,0.003633,0.115130,1.726560,
5291,115,-1.634695,-1.904664,-0.577065,-1.370850,352.666667,1.487359,247.171131,0.060746,-0.171925,0.182341,1.304191,
5301,115,-1.807029,-2.461728,-0.332492,-1.406597,353.333333,1.445360,256.700504,0.366860,-0.053620,0.370757,0.864523,
5311,115,-1.900689,-3.029942,-0.084046,-1.412385,354.000000,1.414884,266.594555,0.372670,-0.008682,0.372771,0.654184,
5321,115,-1.874265,-3.591636,-0.306687,-1.366829,354.666667,1.400814,257.353529,-0.333961,0.068334,0.340881,0.795758,
5331,115,-2.146038,-4.123405,-0.535920,-1.425343,355.333333,1.522765,249.394046,-0.343851,-0.087771,0.354876,1.303135,
5341,115,-2.303002,-4.731911,0.114500,-1.439079,356.000000,1.443627,274.549124,0.975630,-0.020604,0.975847,1.975239,
5351,115,-2.054439,-5.274669,0.267561,-1.402321,356.666667,1.427618,280.802124,0.229592,0.055137,0.236120,2.345380,
5361,115,-2.088953,-5.853768,0.010278,-1.508239,357.333333,1.508274,270.390455,-0.385924,-0.158877,0.417348,2.895807,
5371,115,-2.046216,-6.481260,0.106842,-1.568731,358.000000,1.572365,273.896230,0.144845,-0.090738,0.170920,3.438675,
5241,116,-1.972467,0.450091,0.000000,0.000000,349.333333,0.000000,0.000000,,,,1.552960,
5251,116,-1.972467,0.450091,0.000000,0.000000,350.000000,0.000000,0.000000,0.000000,0.000000,0.000000,1.367542,
5261,116,-1.972467,0.450091,0.000000,0.000000,350.666667,0.000000,0.000000,0.000000,0.000000,0.000000,1.332786,
5271,116,-1.972467,0.450091,0.000000,0.000000,351.333333,0.000000,0.000000,0.000000,0.000000,0.000000,1.585498,
5281,116,-1.972467,0.450091,0.000000,0.000000,352.000000,0.000000,0.000000,0.000000,0.000000,0.000000,1.920409,
5291,116,-1.972467,0.450091,0.024768,-0.003620,352.666667,0.025031,351.685021,0.037152,-0.005430,0.037547,2.378858,
5301,116,-1.952652,0.447195,0.024768,-0.003620,353.333333,0.025031,351.685021,0.000000,0.000000,0.000000,2.912566,
5311,116,-1.952652,0.447195,0.000000,0.000000,354.000000,0.000000,0.000000,-0.037152,0.005430,0.037547,3.477526,
5321,116,-1.952652,0.447195,0.000000,0.000000,354.666667,0.000000,0.000000,0.000000,0.000000,0.000000,3.580952,
5331,116,-1.952652,0.447195,0.000000,0.000000,355.333333,0.000000,0.000000,0.000000,0.000000,0.000000,3.519432,
5341,116,-1.952652,0.447195,0.000000,0.000000,356.000000,0.000000,0.000000,0.000000,0.000000,0.000000,3.475582,
5351,116,-1.952652,0.447195,0.000000,0.000000,356.666667,0.000000,0.000000,0.000000,0.000000,0.000000,3.378536,
5361,116,-1.952652,0.447195,0.000000,0.000000,357.333333,0.000000,0.000000,0.000000,0.000000,0.000000,3.265801,
5371,116,-1.952652,0.447195,0.000000,0.000000,358.000000,0.000000,0.000000,0.000000,0.000000,0.000000,3.302960,
5241,117,-1.469952,-3.139859,0.000000,0.000000,349.333333,0.000000,0.000000,,,,3.190157,2.553879
5251,117,-1.469952,-3.139859,0.000000,0.000000,350.000000,0.000000,0.000000,0.000000,0.000000,0.000000,3.038149,
5261,117,-1.469952,-3.139859,0.000000,0.000000,350.666667,0.000000,0.000000,0.000000,0.000000,0.000000,2.837003,
5271,117,-1.469952,-3.139859,0.151800,0.060318,351.333333,0.163345,21.670303,0.227700,0.090476,0.245017,2.264256,
5281,117,-1.348512,-3.091605,0.295719,-0.007145,352.000000,0.295805,358.615948,0.215878,-0.101194,0.238419,1.726560,
5291,117,-1.233377,-3.145575,0.094980,-0.062017,352.666667,0.113435,326.857401,-0.301108,-0.082309,0.312155,1.304191,
5301,117,-1.272528,-3.141219,-0.021461,0.053787,353.333333,0.057911,111.752054,-0.174662,0.173707,0.246335,0.864523,
5311,117,-1.250546,-3.102545,0.073393,-0.008166,354.000000,0.073846,353.651337,0.142282,-0.092930,0.169941,0.654184,
5321,117,-1.213813,-3.147752,-0.051961,-0.045618,354.666667,0.069145,221.280961,-0.188032,-0.056179,0.196245,0.795758,
5331,117,-1.292115,-3.139040,0.004500,0.076567,355.333333,0.076699,86.636778,0.084691,0.183277,0.201899,1.303135,
5341,117,-1.210214,-3.086498,0.102377,0.065677,356.000000,0.121632,32.681001,0.146816,-0.016335,0.147722,1.975239,
5351,117,-1.210214,-3.086498,0.071802,-0.033707,356.666667,0.079320,334.852813,-0.045862,-0.149075,0.155970,2.345380,
5361,117,-1.152772,-3.113464,-0.198900,-0.029207,357.333333,0.201033,188.353704,-0.406054,0.006750,0.406110,2.895807,
5371,117,-1.369334,-3.109864,-0.541405,0.009000,358.000000,0.541480,179.047649,-0.513757,0.057310,0.516944,3.438675,
5681,118,2.407497,-0.505765,0.354413,1.476107,378.666667,1.518059,76.498879,,,,4.170237,
5691,118,2.549262,0.084678,0.221154,1.543208,379.333333,1.558974,81.844567,-0.199887,0.100650,0.223798,3.312927,
5701,118,2.584420,0.728801,0.244105,1.559137,380.000000,1.578130,81.101763,0.034426,0.023893,0.041905,2.323356,
5711,118,2.744546,1.331987,0.307184,1.471522,380.666667,1.503243,78.208703,0.094618,-0.131421,0.161939,1.688456,
5721,118,2.830167,1.906019,0.058177,1.484974,381.333333,1.486114,87.756474,-0.373510,0.020178,0.374055,1.630442,
5731,118,2.791087,2.519967,-0.097700,1.534869,382.000000,1.537976,93.642173,-0.233815,0.074842,0.245501,2.217675,
5681,119,1.290966,3.696967,-0.170239,-1.360925,378.666667,1.371532,262.869857,,,,0.835877,1.281962
5691,119,1.222870,3.152597,-0.051640,-1.333108,379.333333,1.334108,267.781681,0.177899,0.041726,0.182727,0.762194,
5701,119,1.249654,2.630480,0.019215,-1.322205,380.000000,1.322345,270.832590,0.106282,0.016354,0.107533,0.858736,
5711,119,1.238242,2.094832,-0.025766,-1.290323,380.666667,1.290580,268.856035,-0.067471,0.047824,0.082702,0.804164,4.068420
5721,119,1.229042,1.598222,-0.032736,-1.415027,381.333333,1.415406,268.674741,-0.010454,-0.187057,0.187349,0.792740,2.965322
5731,119,1.212054,0.962810,0.006736,-1.546871,382.000000,1.546886,270.249511,0.059208,-0.197766,0.206439,0.748554,1.159856
5741,119,1.234431,0.360725,0.112064,-1.338835,382.666667,1.343517,274.784640,0.157991,0.312055,0.349770,0.684016,
5751,119,1.301705,-0.108258,0.114841,-1.289250,383.333333,1.294355,275.090242,0.004166,0.074377,0.074494,0.755568,
5761,119,1.326304,-0.670675,0.107847,-1.412355,384.000000,1.416467,274.366603,-0.010492,-0.184658,0.184956,0.775340,
5771,119,1.387982,-1.238142,0.192135,-1.572815,384.666667,1.584507,276.964750,0.126433,-0.240690,0.271876,0.734574,
5781,119,1.480012,-1.928927,0.190634,-1.596525,385.333333,1.607866,276.809182,-0.002252,-0.035565,0.035637,0.701462,
5791,119,1.540489,-2.515362,0.336939,-1.462118,386.000000,1.500439,282.977010,0.219458,0.201610,0.298007,0.755344,
5801,119,1.749563,-3.098621,0.378562,-1.539479,386.666667,1.585340,283.815082,0.062435,-0.116041,0.131771,0.729816,
5811,119,1.843339,-3.746945,0.266773,-1.448876,387.333333,1.473231,280.432683,-0.167684,0.135904,0.215842,0.788921,
5821,119,1.962981,-4.257722,0.293398,-1.374742,388.000000,1.405702,282.047368,0.039938,0.111202,0.118156,0.761043,
5831,119,2.078057,-4.846738,0.373331,-1.578573,388.666667,1.622118,283.305905,0.119898,-0.305746,0.328415,0.710541,
5841,119,2.261646,-5.520580,0.383435,-1.377704,389.333333,1.430067,285.552669,0.015157,0.301303,0.301684,0.751571,
5851,119,2.384806,-5.948901,0.423604,-1.451186,390.000000,1.511748,286.272629,0.060253,-0.110223,0.125616,0.746717,
5861,119,2.600529,-6.681529,0.385465,-1.718131,390.666667,1.760840,282.644993,-0.057209,-0.400418,0.404485,0.760851,
5871,119,2.693178,-7.323407,0.346987,-1.561808,391.333333,1.599889,282.525951,-0.057717,0.234485,0.241484,0.763944,
5881,119,2.878118,-7.930975,0.349178,-1.509803,392.000000,1.549655,283.022063,0.003287,0.078008,0.078077,0.740844,
5891,119,2.972520,-8.531249,0.338921,-1.678412,392.666667,1.712289,281.416202,-0.015385,-0.252913,0.253381,0.717591,
5901,119,3.149255,-9.273705,0.441838,-1.856140,393.333333,1.908003,283.389584,0.154376,-0.266592,0.308064,0.910921,
5681,120,0.587075,3.246160,-0.023778,-1.247930,378.666667,1.248157,268.908422,,,,0.835877,1.281962
5691,120,0.577564,2.746988,-0.098612,-1.311082,379.333333,1.314785,265.698662,-0.112250,-0.094728,0.146879,0.762194,
5701,120,0.508186,2.197294,-0.007373,-1.377493,380.000000,1.377512,269.693316,0.136857,-0.099616,0.169273,0.858736,
5711,120,0.571665,1.644993,0.090962,-1.319503,380.666667,1.322635,273.943536,0.147503,0.086984,0.171241,0.804164,4.068420
5721,120,0.580955,1.141691,-0.004548,-1.329636,381.333333,1.329644,269.804026,-0.143265,-0.015200,0.144069,0.792740,2.965322
5731,120,0.568027,0.581284,0.085280,-1.418782,382.000000,1.421343,273.439790,0.134742,-0.133718,0.189831,0.748554,1.159856
5741,120,0.649179,0.006666,0.090983,-1.319682,382.666667,1.322814,273.943895,0.008554,0.148650,0.148896,0.684016,
5751,120,0.640813,-0.474461,-0.045868,-1.225027,383.333333,1.225885,267.855731,-0.205275,0.141983,0.249594,0.755568,
5761,120,0.612485,-0.973356,0.070292,-1.266366,384.000000,1.268315,273.177040,0.174239,-0.062009,0.184944,0.775340,
5771,120,0.697046,-1.487554,0.229103,-1.387539,384.666667,1.406326,279.375778,0.238217,-0.181760,0.299640,0.734574,
5781,120,0.795768,-2.083387,0.129428,-1.474708,385.333333,1.480377,275.015725,-0.149512,-0.130754,0.198621,0.701462,
5791,120,0.800589,-2.667320,0.315013,-1.519449,386.000000,1.551760,281.712676,0.278378,-0.067111,0.286353,0.755344,
5801,120,1.047778,-3.298946,0.337050,-1.545975,386.666667,1.582290,282.299060,0.033056,-0.039789,0.051728,0.729816,
5811,120,1.070229,-3.904100,0.244039,-1.506761,387.333333,1.526396,279.199890,-0.139517,0.058820,0.151409,0.788921,
5821,120,1.243010,-4.504355,0.431336,-1.498499,388.000000,1.559343,286.058209,0.280945,0.012393,0.281218,0.761043,2.044125
5831,120,1.415298,-5.102899,0.400075,-1.616806,388.666667,1.665569,283.898530,-0.046891,-0.177460,0.183551,0.710541,1.665814
5841,120,1.563069,-5.797800,0.382755,-1.486188,389.333333,1.534685,284.442174,-0.025981,0.195926,0.197641,0.751571,
5851,120,1.721501,-6.291850,0.387344,-1.382809,390.000000,1.436035,285.648281,0.006883,0.155069,0.155222,0.746717,
5861,120,1.872944,-6.904047,0.268773,-1.421017,390.666667,1.446211,280.710480,-0.177856,-0.057312,0.186862,0.760851,
5871,120,1.936520,-7.428663,0.355710,-1.498635,391.333333,1.540272,283.352389,0.130405,-0.116428,0.174817,0.763944,
5881,120,2.157512,-8.102955,0.419917,-1.575254,392.000000,1.630262,284.926295,0.096311,-0.114928,0.149947,0.740844,
5891,120,2.272453,-8.688866,0.101747,-1.503877,392.666667,1.507315,273.870516,-0.477255,0.107065,0.489117,0.717591,
5901,120,2.238909,-9.306057,-0.083860,-1.542977,393.333333,1.545254,266.889072,-0.278410,-0.058649,0.284520,0.795045,
5681,122,2.708042,-8.058685,0.194204,1.920557,378.666667,1.930351,84.225957,,,,7.558897,
5691,122,2.785723,-7.290462,0.103748,1.925407,379.333333,1.928200,86.915661,-0.135683,0.007275,0.135878,7.378930,
5701,122,2.791041,-6.518359,-0.029187,1.982496,380.000000,1.982711,90.843466,-0.199403,0.085633,0.217013,7.250106,
5711,122,2.762374,-5.704465,0.039787,1.998779,380.666667,1.999175,88.859636,0.103461,0.024425,0.106305,7.036475,
5721,122,2.822870,-4.919336,0.084880,1.992325,381.333333,1.994132,87.560489,0.067639,-0.009681,0.068328,6.462371,
5731,122,2.830277,-4.110606,0.087302,2.037452,382.000000,2.039321,87.546449,0.003634,0.067690,0.067788,5.208801,
5741,122,2.892712,-3.289375,0.063449,2.012904,382.666667,2.013904,88.194569,-0.035780,-0.036821,0.051342,3.987145,
5751,122,2.881037,-2.500282,-0.136324,2.084500,383.333333,2.088953,93.741765,-0.299660,0.107394,0.318323,2.866369,
5761,122,2.783653,-1.621774,-0.087325,2.150783,384.000000,2.152555,92.325027,0.073499,0.099423,0.123641,1.740246,
5771,122,2.811177,-0.779656,-0.050263,1.998576,384.666667,1.999208,91.440652,0.055593,-0.228310,0.234981,1.495223,
5781,122,2.743442,-0.022914,-0.100516,1.906138,385.333333,1.908787,93.018560,-0.075379,-0.138657,0.157821,2.286732,
5791,122,2.730764,0.745255,-0.079345,1.878545,386.000000,1.880220,92.418579,0.031757,-0.041389,0.052168,3.471077,
5801,122,2.679966,1.479923,-0.058135,1.849547,386.666667,1.850461,91.800334,0.031814,-0.043497,0.053890,4.672121,
5811,122,2.684256,2.224893,0.010723,1.862425,387.333333,1.862455,89.670105,0.103288,0.019316,0.105079,6.030753,
5821,123,1.345801,-8.373372,0.240915,0.136338,388.000000,0.276818,29.506345,,,,0.857842,2.044125
5831,123,1.442167,-8.318836,0.120457,0.068169,388.666667,0.138409,29.506343,-0.180686,-0.102254,0.207613,0.906287,1.665814
5841,123,1.442167,-8.318836,0.000000,0.000000,389.333333,0.000000,0.000000,-0.180686,-0.102254,0.207613,0.906287,
5851,123,1.442167,-8.318836,0.000000,0.000000,390.000000,0.000000,0.000000,0.000000,0.000000,0.000000,0.906287,
5861,123,1.442167,-8.318836,0.000000,0.000000,390.666667,0.000000,0.000000,0.000000,0.000000,0.000000,0.906287,
5871,123,1.442167,-8.318836,0.000000,0.000000,391.333333,0.000000,0.000000,0.000000,0.000000,0.000000,0.906287,
5881,123,1.442167,-8.318836,-0.093009,0.005687,392.000000,0.093183,176.501059,-0.139514,0.008530,0.139774,0.747210,
5891,123,1.367760,-8.314287,-0.021851,0.026493,392.666667,0.034341,129.515767,0.106737,0.031208,0.111206,0.914345,
5901,123,1.424686,-8.297642,0.142316,0.041611,393.333333,0.148275,16.298196,0.246251,0.022678,0.247293,0.927755,
5821,124,1.447996,-9.225105,0.000000,0.000000,388.000000,0.000000,0.000000,,,,0.857842,
5831,124,1.447996,-9.225105,0.000000,0.000000,388.666667,0.000000,0.000000,0.000000,0.000000,0.000000,0.906287,
5841,124,1.447996,-9.225105,0.000000,0.000000,389.333333,0.000000,0.000000,0.000000,0.000000,0.000000,0.906287,
5851,124,1.447996,-9.225105,0.000000,0.000000,390.000000,0.000000,0.000000,0.000000,0.000000,0.000000,0.906287,
5861,124,1.447996,-9.225105,0.000000,0.000000,390.666667,0.000000,0.000000,0.000000,0.000000,0.000000,0.906287,
5871,124,1.447996,-9.225105,0.000000,0.000000,391.333333,0.000000,0.000000,0.000000,0.000000,0.000000,0.906287,
5881,124,1.447996,-9.225105,0.000000,0.000000,392.000000,0.000000,0.000000,0.000000,0.000000,0.000000,0.906287,
5891,124,1.447996,-9.225105,0.000000,0.000000,392.666667,0.000000,0.000000,0.000000,0.000000,0.000000,0.914345,
5901,124,1.447996,-9.225105,0.000000,0.000000,393.333333,0.000000,0.000000,0.000000,0.000000,0.000000,0.795045,
6321,125,2.714557,-5.581438,-0.162139,1.202656,421.333333,1.213536,97.678174,,,,1.312013,
6331,125,2.649701,-5.100376,-0.050435,1.167188,422.000000,1.168277,92.474268,0.167555,-0.053202,0.175799,1.550501,
6341,125,2.674209,-4.647687,0.107710,1.150943,422.666667,1.155973,84.653583,0.237218,-0.024367,0.238467,1.760974,
6351,125,2.735870,-4.179621,0.087714,1.201056,423.333333,1.204255,85.823068,-0.029995,0.075169,0.080932,1.897398,
6361,125,2.744380,-3.686843,0.200015,1.186227,424.000000,1.202971,80.429105,0.168452,-0.022244,0.169915,2.093932,
6371,125,2.895882,-3.230640,0.516220,1.195420,424.666667,1.302118,66.643797,0.474306,0.013789,0.474507,2.203545,
6381,125,3.157356,-2.730507,0.540507,1.260573,425.333333,1.371566,66.791353,0.036432,0.097730,0.104300,2.764105,
6391,125,3.328288,-2.222181,0.427331,1.270815,426.000000,1.340739,71.413993,-0.169765,0.015363,0.170459,2.641741,
6321,126,3.795749,-4.838202,0.263517,1.633004,421.333333,1.654129,80.833223,,,,1.312013,
6331,126,3.901156,-4.185000,0.160883,1.788300,422.000000,1.795522,84.859261,-0.153951,0.232944,0.279220,1.550501,
6341,126,3.924456,-3.407562,0.073802,1.818637,422.666667,1.820134,87.676158,-0.130622,0.045505,0.138321,1.760974,
6351,126,3.960198,-2.730091,0.177000,1.681031,423.333333,1.690324,83.989332,0.154797,-0.206408,0.258005,1.897398,
6361,126,4.066056,-2.062737,0.027169,1.770960,424.000000,1.771169,89.121087,-0.224747,0.134893,0.262121,2.093932,
6371,126,3.981933,-1.313322,-0.210308,1.873535,424.666667,1.885302,96.404758,-0.356215,0.153862,0.388024,2.203545,
6321,127,2.653224,-1.348381,-0.574720,0.324167,421.333333,0.659839,150.575118,,,,3.672085,
6331,127,2.423336,-1.218714,-0.479635,0.410651,422.000000,0.631414,139.430757,0.142627,0.129725,0.192799,3.314032,
6341,127,2.269515,-1.019861,-0.336818,0.540643,422.666667,0.636978,121.922659,0.214227,0.194989,0.289679,2.905158,
6351,127,2.153881,-0.786200,-0.251844,0.430880,423.333333,0.499082,120.305789,0.127460,-0.164645,0.208216,2.653581,
6361,127,2.068040,-0.675157,-0.329248,0.294052,424.000000,0.441441,138.231898,-0.116105,-0.205242,0.235807,2.432580,
6371,127,1.890483,-0.550958,-0.464945,0.363644,424.666667,0.590263,141.970185,-0.203545,0.104389,0.228753,2.226064,
6381,127,1.696084,-0.384241,-0.395997,0.379576,425.333333,0.548536,136.212973,0.103421,0.023897,0.106146,2.764105,
6391,127,1.573686,-0.247298,-0.276353,0.462899,426.000000,0.539116,120.837385,0.179467,0.124985,0.218700,2.641741,
6401,127,1.475002,-0.013922,-0.207554,0.453544,426.666667,0.498779,114.590132,0.103198,-0.014033,0.104148,,
6411,127,1.407642,0.115537,-0.214854,0.330757,427.333333,0.394414,123.007126,-0.010950,-0.184181,0.184506,,
6421,127,1.303119,0.250683,-0.303877,0.419460,428.000000,0.517965,125.921360,-0.133534,0.133055,0.188507,,
6431,127,1.164541,0.451105,-0.282590,0.391960,428.666667,0.483208,125.790406,0.031930,-0.041251,0.052165,,
6441,127,1.077046,0.564251,-0.218736,0.282864,429.333333,0.357572,127.714446,0.095782,-0.163643,0.189613,,
6681,128,1.863996,0.305925,-0.003672,-1.735335,445.333333,1.735339,269.878774,,,,,
6691,128,1.862528,-0.388209,0.132428,-1.779404,446.000000,1.784325,274.256259,0.204149,-0.066103,0.214585,,
6701,128,1.969939,-1.117598,0.176900,-1.810473,446.666667,1.819094,275.580611,0.066708,-0.046603,0.081374,,
6711,128,2.004047,-1.836587,0.043592,-1.718049,447.333333,1.718602,271.453445,-0.199962,0.138635,0.243320,1.966607,
6721,128,2.004812,-2.492037,0.156555,-1.756318,448.000000,1.763282,275.093774,0.169445,-0.057403,0.178904,1.539427,
6731,128,2.129291,-3.241641,0.218356,-1.887387,448.666667,1.899976,276.599343,0.092702,-0.196604,0.217363,0.963968,
6741,128,2.179497,-4.001947,0.212638,-1.983687,449.333333,1.995051,276.118373,-0.008577,-0.144450,0.144704,1.404018,
6751,128,2.299402,-4.828591,0.299763,-2.066610,450.000000,2.088237,278.253214,0.130686,-0.124384,0.180417,2.786810,
6711,129,3.687578,-2.853086,-0.364832,0.679253,447.333333,0.771030,118.240608,,,,1.927005,
6721,129,3.541644,-2.581385,-0.249117,0.763379,448.000000,0.802999,108.073282,0.173573,0.126189,0.214596,1.500293,
6731,129,3.488284,-2.242383,-0.185667,0.707847,448.666667,0.731792,104.697459,0.095175,-0.083298,0.126479,1.160007,
6741,129,3.393111,-2.015107,-0.306284,0.553105,449.333333,0.632246,118.975648,-0.180926,-0.232113,0.294297,0.977742,
6751,129,3.243257,-1.799898,-0.264789,0.499662,450.000000,0.565487,117.920712,0.062243,-0.080164,0.101491,0.898446,
6761,129,3.181280,-1.615377,-0.156336,0.437218,450.666667,0.464328,109.675553,0.162679,-0.093667,0.187718,1.207276,
6771,129,3.118188,-1.450124,-0.099906,0.233903,451.333333,0.254346,113.128501,0.084646,-0.304971,0.316500,1.667945,
6781,129,3.101355,-1.428254,-0.042081,0.054675,452.000000,0.068995,127.584025,0.086737,-0.268842,0.282488,2.199967,
6711,130,3.567677,-4.776357,-0.665195,1.785019,447.333333,1.904935,110.438114,,,,1.927005,
6721,130,3.301599,-4.062349,-0.598272,1.806037,448.000000,1.902551,108.328079,0.100384,0.031527,0.105219,1.500293,
6731,130,3.089060,-3.331527,-0.765468,1.710780,448.666667,1.874222,114.105570,-0.250795,-0.142886,0.288643,0.963968,
6741,130,2.689225,-2.693725,-0.888455,1.610787,449.333333,1.839562,118.879618,-0.184480,-0.149989,0.237759,0.977742,
6751,130,2.378296,-2.042897,-0.873716,1.594689,450.000000,1.818354,118.717953,0.022108,-0.024147,0.032739,0.898446,
6761,130,1.990252,-1.417974,-0.998134,1.546582,450.666667,1.840703,122.837414,-0.186627,-0.072160,0.200092,1.207276,
6771,130,1.579789,-0.805632,-0.864843,1.562906,451.333333,1.786233,118.958205,0.199936,0.024486,0.201430,1.667945,
6781,130,1.298377,-0.167649,-0.683406,1.570716,452.000000,1.712948,113.513483,0.272156,0.011714,0.272408,1.063939,
6791,130,1.033064,0.450941,-0.407681,1.509892,452.666667,1.563962,105.109936,0.413588,-0.091235,0.423531,0.960403,
6801,130,0.972232,1.040264,-0.058784,1.458554,453.333333,1.459738,92.307925,0.523346,-0.077007,0.528981,1.871891,
6811,130,0.986037,1.617784,0.034512,1.443798,454.000000,1.444211,88.630688,0.139943,-0.022133,0.141683,2.666151,
6711,131,0.285236,1.631046,-0.246710,-0.967794,447.333333,0.998744,255.698760,,,,3.870244,
6721,131,0.186552,1.243929,-0.316896,-0.933032,448.000000,0.985379,251.240416,-0.105279,0.052143,0.117484,4.154938,
6731,131,0.031719,0.884621,-0.363915,-0.903456,448.666667,0.973995,248.060244,-0.070530,0.044364,0.083322,4.628806,
6741,131,-0.104580,0.521164,-0.289101,-0.841724,449.333333,0.889988,251.044288,0.112221,0.092598,0.145492,4.259209,
6751,131,-0.199562,0.211242,-0.192737,-0.832841,450.000000,0.854852,256.969900,0.144546,0.013324,0.145159,3.424397,
6761,131,-0.258770,-0.145109,-0.122714,-0.869759,450.666667,0.878373,261.969176,0.105035,-0.055377,0.118739,2.584238,
6771,131,-0.297733,-0.484566,-0.048047,-0.830468,451.333333,0.831857,266.688815,0.112000,0.058936,0.126560,1.904776,
6781,131,-0.297208,-0.809484,0.070282,-0.872349,452.000000,0.875176,274.606192,0.177494,-0.062822,0.188284,1.084475,
6791,131,-0.241507,-1.182445,0.092788,-0.900726,452.666667,0.905493,275.881576,0.033759,-0.042566,0.054328,1.109659,
6801,131,-0.222977,-1.530065,-0.025536,-0.860061,453.333333,0.860440,268.299324,-0.177487,0.060998,0.187676,1.402957,
6811,131,-0.261936,-1.870494,-0.194954,-0.865156,454.000000,0.886849,257.301067,-0.254127,-0.007642,0.254242,1.809756,
6821,131,-0.378941,-2.222189,-0.414966,-0.891597,454.666667,0.983434,245.041833,-0.330018,-0.039662,0.332392,2.092664,
6831,131,-0.593909,-2.583772,-0.572396,-0.646456,455.333333,0.863448,228.477147,-0.236145,0.367711,0.437008,2.393612,
6841,131,-0.836858,-2.739354,-0.537316,-0.423745,456.000000,0.684302,218.260475,0.052619,0.334066,0.338185,2.579290,
6851,131,-1.023762,-2.922768,-0.497150,-0.533305,456.666667,0.729091,227.009478,0.060249,-0.164340,0.175036,2.890713,
6861,131,-1.234578,-3.165999,-0.473086,-0.512449,457.333333,0.697434,227.287227,0.036096,0.031284,0.047767,3.364316,
6871,131,-1.402231,-3.332727,-0.419132,-0.416822,458.000000,0.591111,224.841672,0.080931,0.143441,0.164697,4.463082,
6761,132,1.829390,2.015414,-0.133109,-1.562874,450.666667,1.568532,265.131907,,,,3.004708,
6771,132,1.776146,1.390265,0.071844,-1.620870,451.333333,1.622461,272.537946,0.307430,-0.086994,0.319501,2.204658,
6781,132,1.886865,0.718718,0.187815,-1.614907,452.000000,1.625792,276.633755,0.173957,0.008944,0.174186,1.063939,
6791,132,1.926398,0.098339,0.073228,-1.596827,452.666667,1.598506,272.625659,-0.171881,0.027119,0.174007,0.960403,
6801,132,1.945448,-0.558744,0.163322,-1.633844,453.333333,1.641987,275.708424,0.135141,-0.055525,0.146103,1.493847,
6811,132,2.057056,-1.208736,0.140491,-1.630746,454.000000,1.636787,274.923937,-0.034247,0.004647,0.034561,1.142113,
6821,132,2.057840,-1.863341,0.207366,-1.662099,454.666667,1.674985,277.111564,0.100313,-0.047030,0.110791,1.170897,
6831,132,2.222949,-2.538416,0.279823,-1.595926,455.333333,1.620271,279.944931,0.108686,0.099261,0.147191,1.403404,
6841,132,2.281699,-3.140081,0.164201,-1.604799,456.000000,1.613178,275.842117,-0.173433,-0.013310,0.173943,1.703933,
6851,132,2.354310,-3.822255,0.388214,-1.676317,456.666667,1.720682,283.039112,0.336018,-0.107276,0.352727,1.442366,
6861,132,2.592270,-4.481134,0.479559,-1.657618,457.333333,1.725594,286.135490,0.137018,0.028049,0.139860,1.285920,
6871,132,2.737957,-5.148349,0.486885,-1.899138,458.000000,1.960557,284.379302,0.010988,-0.362281,0.362447,1.174171,
6881,132,2.981777,-6.000445,0.554275,-1.875166,458.666667,1.955369,286.467007,0.101086,0.035959,0.107291,1.008999,
6891,132,3.181377,-6.648482,0.356335,-1.754851,459.333333,1.790664,281.478261,-0.296910,0.180472,0.347456,1.138036,
6901,132,3.266846,-7.404326,0.326409,-1.871368,460.000000,1.899621,279.894147,-0.044889,-0.174775,0.180448,1.097013,
6911,132,3.442505,-8.145576,0.191083,-1.885835,460.666667,1.895491,275.785779,-0.202989,-0.021701,0.204145,1.239672,
6921,132,3.419712,-8.912994,0.053208,-1.949855,461.333333,1.950580,271.563099,-0.206813,-0.096029,0.228020,1.265271,
6931,132,3.485071,-9.705460,0.163397,-1.981165,462.000000,1.987891,274.714800,0.165283,-0.046965,0.171827,1.398453,
6781,133,-1.348119,-1.077201,0.073013,0.400855,452.000000,0.407450,79.677118,,,,1.084475,
6791,133,-1.318914,-0.916859,0.004092,0.486967,452.666667,0.486984,89.518558,-0.103382,0.129167,0.165445,1.109659,
6801,133,-1.344845,-0.687627,-0.089332,0.576531,453.333333,0.583411,98.807760,-0.140136,0.134347,0.194132,1.402957,
6811,133,-1.390379,-0.455633,-0.026405,0.388383,454.000000,0.389280,93.889351,0.094390,-0.282223,0.297589,1.809756,
6821,133,-1.365969,-0.376921,0.210667,0.227050,454.666667,0.309730,47.143437,0.355608,-0.241999,0.430141,2.092664,
6831,133,-1.221845,-0.273993,0.359767,0.256931,455.333333,0.442092,35.532880,0.223649,0.044821,0.228096,2.393612,
6841,133,-1.078156,-0.171376,0.214380,0.302271,456.000000,0.370576,54.654511,-0.218080,0.068010,0.228439,2.579290,
6851,133,-1.050341,-0.032177,0.026832,0.456234,456.666667,0.457023,86.634155,-0.281322,0.230945,0.363975,2.890713,
6861,133,-1.056690,0.193611,-0.015872,0.564470,457.333333,0.564693,91.610673,-0.064057,0.162353,0.174533,3.364316,
6781,134,-1.926729,0.546483,0.267963,1.144288,452.000000,1.175244,76.820302,,,,1.723699,
6791,134,-1.819544,1.004198,0.289196,1.088018,452.666667,1.125797,75.114936,0.031850,-0.084404,0.090213,1.985218,
6801,134,-1.695373,1.416898,0.188586,1.075363,453.333333,1.091774,80.053231,-0.150915,-0.018982,0.152104,2.133517,
6811,134,-1.668676,1.864489,0.211018,1.043329,454.000000,1.064454,78.565901,0.033649,-0.048052,0.058662,2.336753,
6821,134,-1.526558,2.251561,0.355294,0.967679,454.666667,1.030843,69.838750,0.216413,-0.113474,0.244359,2.633383,
6791,136,3.138157,-1.413589,0.042050,-0.054660,452.666667,0.068963,307.571031,,,,1.937598,
6801,136,3.154977,-1.435453,0.042043,-0.054651,453.333333,0.068951,307.571030,-0.000010,0.000013,0.000017,1.493847,
6811,136,3.171791,-1.457310,0.018403,-0.075971,454.000000,0.078168,283.616587,-0.035460,-0.031980,0.047751,1.142113,
6821,136,3.169699,-1.496230,0.018397,-0.075955,454.666667,0.078152,283.615369,-0.000008,0.000024,0.000025,1.170897,
6831,136,3.186509,-1.518074,0.043324,-0.030283,455.333333,0.052859,325.047430,0.037391,0.068509,0.078049,1.403404,
6841,136,3.204358,-1.520456,0.021006,-0.027296,456.000000,0.034443,307.579693,-0.033478,0.004479,0.033776,1.863997,
6851,136,3.203313,-1.539911,-0.024926,-0.045671,456.666667,0.052030,241.375205,-0.068897,-0.027561,0.074206,2.435138,
6861,136,3.184417,-1.556993,-0.023620,-0.021352,457.333333,0.031840,222.112768,0.001959,0.036478,0.036531,2.983495,
6871,136,3.184417,-1.556993,0.000000,0.000000,458.000000,0.000000,0.000000,0.035430,0.032027,0.047760,3.619001,2.792982
6881,136,3.184417,-1.556993,0.001307,0.024324,458.666667,0.024360,86.924075,0.001961,0.036487,0.036539,3.156663,
6891,136,3.185463,-1.537533,-0.019706,0.051626,459.333333,0.055259,110.892088,-0.031520,0.040953,0.051678,2.413596,
6901,136,3.168652,-1.515692,-0.042033,0.054613,460.000000,0.068915,127.584025,-0.033491,0.004479,0.033789,1.811124,
6911,136,3.151836,-1.493843,-0.021020,0.027311,460.666667,0.034463,127.584025,0.031520,-0.040953,0.051678,1.392413,
6921,136,3.151836,-1.493843,0.022328,-0.002984,461.333333,0.022526,352.387654,0.065022,-0.045442,0.079327,1.053922,4.732870
6931,136,3.169699,-1.496230,0.043340,-0.030289,462.000000,0.052875,325.051365,0.031519,-0.040958,0.051681,1.246784,4.385058
6941,136,3.186509,-1.518074,0.018398,-0.075953,462.666667,0.078150,283.616587,-0.037413,-0.068496,0.078047,1.060798,3.899607
6951,136,3.184417,-1.556993,0.017086,-0.100260,463.333333,0.101705,279.671446,-0.001968,-0.036460,0.036513,0.946698,
6961,136,3.200178,-1.598282,0.042007,-0.054570,464.000000,0.068866,307.588358,0.037381,0.068534,0.078066,1.043149,
6971,136,3.218023,-1.600649,0.044605,-0.005916,464.666667,0.044995,352.445397,0.003897,0.072982,0.073086,1.419929,3.196240
6981,136,3.235861,-1.603015,0.044588,-0.005913,465.333333,0.044978,352.445397,-0.000025,0.000003,0.000025,2.074686,2.614669
6991,136,3.253693,-1.605379,0.020986,-0.027266,466.000000,0.034407,307.584025,-0.035404,-0.032029,0.047742,2.709790,2.183366
7001,136,3.252650,-1.624827,-0.069508,-0.039776,466.666667,0.080084,209.780525,-0.135740,-0.018765,0.137031,2.771999,1.883189
7011,136,3.198087,-1.637200,-0.202227,0.002253,467.333333,0.202239,179.361607,-0.199079,0.063044,0.208822,2.385598,1.426844
7021,136,3.090869,-1.623025,-0.268047,0.035439,468.000000,0.270379,172.468500,-0.098730,0.049778,0.110569,1.926850,1.061678
6801,137,3.265633,-3.057401,-0.512485,-1.168918,453.333333,1.276327,246.326041,,,,1.625718,
6811,137,3.060639,-3.524968,-0.534926,-1.144850,454.000000,1.263656,244.955859,-0.033661,0.036102,0.049360,2.070643,
6821,137,2.837692,-3.973281,-0.601425,-1.069877,454.666667,1.227334,240.657747,-0.099748,0.112459,0.150322,2.249448,
6831,137,2.579499,-4.380870,-0.536344,-1.082500,455.333333,1.208086,243.643085,0.097622,-0.018935,0.099441,1.876636,
6841,137,2.408617,-4.839281,-0.425387,-1.098937,456.000000,1.178396,248.839116,0.166435,-0.024655,0.168252,1.703933,2.679417
6851,137,2.239189,-5.260019,-0.400173,-1.031222,456.666667,1.106146,248.790902,0.037820,0.101572,0.108385,1.442366,2.458595
6861,137,2.088478,-5.664259,-0.196714,-1.077581,457.333333,1.095389,259.654471,0.305188,-0.069537,0.313010,1.285920,1.947278
6871,137,2.081818,-6.122084,0.054744,-1.100789,458.000000,1.102150,272.847041,0.377187,-0.034813,0.378790,1.174171,
6881,137,2.132273,-6.544891,0.030509,-1.124320,458.666667,1.124734,271.554378,-0.036352,-0.035296,0.050668,1.008999,
6891,137,2.106225,-7.021540,0.050686,-1.175459,459.333333,1.176551,272.469095,0.030266,-0.076708,0.082463,1.138036,
6901,137,2.172822,-7.485258,0.144922,-1.132465,460.000000,1.141700,277.292530,0.141353,0.064491,0.155370,1.038301,
6911,137,2.222163,-7.927512,0.069505,-1.251772,460.666667,1.253701,273.178081,-0.113126,-0.178962,0.211719,0.811216,
6921,137,2.228426,-8.486676,0.139332,-1.230395,461.333333,1.238259,276.460765,0.104742,0.032066,0.109540,0.847709,
6931,137,2.333629,-8.911828,0.263008,-1.062881,462.000000,1.094938,283.898530,0.185513,0.251271,0.312334,1.108472,
6841,138,1.404977,-8.316563,0.046496,-0.002843,456.000000,0.046582,356.501059,,,,1.012521,2.679417
6851,138,1.423576,-8.317700,0.046487,-0.002842,456.666667,0.046574,356.501059,-0.000013,0.000001,0.000013,0.990274,2.458595
6861,138,1.442167,-8.318836,0.023239,-0.001421,457.333333,0.023282,356.501059,-0.034872,0.002132,0.034937,0.970023,1.947278
6871,138,1.442167,-8.318836,0.000000,0.000000,458.000000,0.000000,0.000000,-0.034858,0.002131,0.034924,0.972074,5.901275
6881,138,1.442167,-8.318836,0.051993,0.097382,458.666667,0.110393,61.902100,0.077989,0.146074,0.165589,0.992096,4.719482
6891,138,1.483761,-8.240931,0.050608,0.072329,459.333333,0.088275,55.019920,-0.002078,-0.037581,0.037638,1.059157,
6901,138,1.482653,-8.260974,-0.001385,-0.025054,460.000000,0.025092,266.835222,-0.077989,-0.146074,0.165589,1.038301,6.490092
6911,138,1.482653,-8.260974,-0.094317,-0.019334,460.666667,0.096278,191.584802,-0.139398,0.008579,0.139661,0.811216,5.929702
6921,138,1.407199,-8.276441,-0.120351,-0.068064,461.333333,0.138265,209.490183,-0.039051,-0.073095,0.082872,0.656891,5.497284
6931,138,1.386372,-8.315425,-0.050690,-0.072394,462.000000,0.088377,235.000512,0.104491,-0.006495,0.104693,0.934239,
6941,138,1.366647,-8.334357,0.000000,0.000000,462.666667,0.000000,0.000000,0.076035,0.108591,0.132565,0.965925,4.840794
6951,138,1.386372,-8.315425,0.069773,-0.004252,463.333333,0.069902,356.512866,0.104659,-0.006378,0.104853,0.986096,
6961,138,1.422465,-8.337758,0.023257,-0.001422,464.000000,0.023300,356.501059,-0.069774,0.004245,0.069903,0.967236,
6971,138,1.404977,-8.316563,-0.046506,0.002834,464.666667,0.046592,176.512866,-0.104644,0.006384,0.104839,0.986518,
6981,138,1.385260,-8.335491,-0.072579,-0.045917,465.333333,0.085885,212.319490,-0.039110,-0.073127,0.082928,0.917221,
6991,138,1.346914,-8.353296,-0.026047,-0.048760,466.000000,0.055281,241.889054,0.069798,-0.004264,0.069928,0.783265,7.547965
7001,138,1.364422,-8.374499,0.072579,0.045917,466.666667,0.085885,32.319490,0.147940,0.142016,0.205073,0.925721,
7011,138,1.404977,-8.316563,0.045138,-0.027897,467.333333,0.053063,328.282405,-0.041162,-0.110722,0.118125,0.986518,
7021,138,1.400533,-8.396816,0.095709,0.044431,468.000000,0.105519,24.902182,0.075856,0.108492,0.132381,0.906204,
7031,138,1.481545,-8.281018,0.004167,0.075240,468.666667,0.075355,86.830281,-0.137313,0.046213,0.144881,0.970299,
7041,138,1.403866,-8.336625,-0.166897,-0.065255,469.333333,0.179201,201.355066,-0.256595,-0.210743,0.332045,0.845184,
7051,138,1.348027,-8.333222,0.097098,0.069509,470.000000,0.119413,35.597470,0.395992,0.202146,0.444604,0.966208,
7061,138,1.481545,-8.281018,0.166897,0.065255,470.666667,0.179201,21.355066,0.104699,-0.006380,0.104893,1.031613,
7071,138,1.481545,-8.281018,0.000000,0.000000,471.333333,0.000000,0.000000,-0.250345,-0.097883,0.268801,1.031613,4.587877
7081,138,1.481545,-8.281018,0.000000,0.000000,472.000000,0.000000,0.000000,0.000000,0.000000,0.000000,1.031613,3.573843
7091,138,1.481545,-8.281018,-0.118966,-0.043009,472.666667,0.126501,199.876176,-0.178448,-0.064514,0.189752,1.031613,
7101,138,1.386372,-8.315425,0.000000,0.000000,473.333333,0.000000,0.000000,0.178448,0.064514,0.189752,0.986096,
7111,138,1.481545,-8.281018,-0.071216,-0.020827,474.000000,0.074199,196.301836,-0.106823,-0.031241,0.111298,1.031613,
7121,138,1.329400,-8.332087,0.000000,0.000000,474.666667,0.000000,0.000000,0.106823,0.031241,0.111298,0.966851,
7131,138,1.481545,-8.281018,0.190181,0.063836,475.333333,0.200609,18.554887,0.285272,0.095755,0.300914,1.031613,
7141,138,1.481545,-8.281018,0.000000,0.000000,476.000000,0.000000,0.000000,-0.285272,-0.095755,0.300914,1.031613,
7151,138,1.481545,-8.281018,0.000000,0.000000,476.666667,0.000000,0.000000,0.000000,0.000000,0.000000,1.031613,
7161,138,1.481545,-8.281018,0.000000,0.000000,477.333333,0.000000,0.000000,0.000000,0.000000,0.000000,1.031613,
7171,138,1.481545,-8.281018,0.000000,0.000000,478.000000,0.000000,0.000000,0.000000,0.000000,0.000000,1.031613,
7181,138,1.481545,-8.281018,0.000000,0.000000,478.666667,0.000000,0.000000,0.000000,0.000000,0.000000,1.031613,
7191,138,1.481545,-8.281018,0.000000,0.000000,479.333333,0.000000,0.000000,0.000000,0.000000,0.000000,1.031613,
7201,138,1.481545,-8.281018,0.000000,0.000000,480.000000,0.000000,0.000000,0.000000,0.000000,0.000000,1.031613,
7211,138,1.481545,-8.281018,0.000000,0.000000,480.666667,0.000000,0.000000,0.000000,0.000000,0.000000,1.031613,
7221,138,1.481545,-8.281018,0.000000,0.000000,481.333333,0.000000,0.000000,0.000000,0.000000,0.000000,1.031613,
7231,138,1.481545,-8.281018,-0.023220,0.001429,482.000000,0.023264,176.477447,-0.034829,0.002144,0.034895,1.031613,
7241,138,1.462969,-8.279874,-0.135280,0.083832,482.666667,0.159149,148.213999,-0.168091,0.123603,0.208644,1.029876,
7251,138,1.373320,-8.213952,-0.201017,0.163487,483.333333,0.259106,140.878466,-0.098604,0.119484,0.154917,1.086514,5.707086
7261,138,1.302156,-8.149085,-0.067053,0.054530,484.000000,0.086427,140.880835,0.200945,-0.163436,0.259018,1.149770,
7271,138,1.319678,-8.170328,0.067076,-0.054553,484.666667,0.086460,320.878465,0.201194,-0.163625,0.259330,1.128492,
7281,138,1.355816,-8.192727,0.021895,-0.026546,485.333333,0.034411,309.515767,-0.067772,0.042011,0.079736,1.106896,
7291,138,1.337194,-8.191565,-0.046566,0.002905,486.000000,0.046657,176.430229,-0.102692,0.044177,0.111791,1.107497,
7301,138,1.318564,-8.190403,-0.046584,0.002906,486.666667,0.046674,176.430229,-0.000027,0.000002,0.000027,1.108412,
7311,138,1.299926,-8.189240,-0.023296,0.001453,487.333333,0.023342,176.430229,0.034931,-0.002179,0.034999,1.109641,
7321,138,1.299926,-8.189240,0.000000,0.000000,488.000000,0.000000,0.000000,0.034945,-0.002180,0.035013,1.109641,
7331,138,1.299926,-8.189240,0.000000,0.000000,488.666667,0.000000,0.000000,0.000000,0.000000,0.000000,1.109641,
7341,138,1.299926,-8.189240,0.000000,0.000000,489.333333,0.000000,0.000000,0.000000,0.000000,0.000000,1.109641,
7351,138,1.299926,-8.189240,0.000000,0.000000,490.000000,0.000000,0.000000,0.000000,0.000000,0.000000,1.109641,
7361,138,1.299926,-8.189240,-0.023305,0.001454,490.666667,0.023351,176.430229,-0.034958,0.002181,0.035026,1.109641,
7371,138,1.281282,-8.188077,-0.046611,0.002908,491.333333,0.046701,176.430229,-0.034958,0.002181,0.035026,1.091110,
6841,139,1.237430,-9.315125,0.096139,0.045566,456.000000,0.106391,25.359053,,,,1.012521,
6851,139,1.275886,-9.296899,0.072787,0.046742,456.666667,0.086503,32.707301,-0.035029,0.001763,0.035073,0.990274,7.698138
6861,139,1.295660,-9.277732,0.001395,0.025153,457.333333,0.025191,86.825333,-0.107088,-0.032383,0.111877,0.970023,2.779055
6871,139,1.277002,-9.276777,-0.024717,-0.023958,458.000000,0.034423,224.106802,-0.039169,-0.073667,0.083433,0.972074,6.537629
6881,139,1.275886,-9.296899,-0.023331,0.001195,458.666667,0.023362,177.068425,0.002079,0.037730,0.037787,0.992096,
6891,139,1.258337,-9.275821,-0.115350,0.031131,459.333333,0.119477,164.896529,-0.138029,0.044905,0.145149,0.661783,7.582306
6901,139,1.183606,-9.271994,-0.046689,0.002391,460.000000,0.046750,177.068425,0.102992,-0.043111,0.111650,0.683200,7.071400
6911,139,1.220986,-9.273908,0.092018,-0.029941,460.666667,0.096767,341.975882,0.208061,-0.048499,0.213639,1.039389,5.066301
6921,139,1.257221,-9.295947,0.091948,-0.029928,461.333333,0.096696,341.970522,-0.000105,0.000020,0.000107,1.030478,
6931,139,1.294545,-9.297850,0.069969,-0.003569,462.000000,0.070060,357.080258,-0.032969,0.039539,0.051481,0.986708,4.169708
6941,139,1.313196,-9.298802,0.023314,-0.001189,462.666667,0.023344,357.080258,-0.069983,0.003569,0.070074,0.965925,5.304080
6951,139,1.313196,-9.298802,0.000000,0.000000,463.333333,0.000000,0.000000,-0.034971,0.001784,0.035017,0.986096,
6961,139,1.313196,-9.298802,0.000000,0.000000,464.000000,0.000000,0.000000,0.000000,0.000000,0.000000,0.967236,
6971,139,1.313196,-9.298802,0.000000,0.000000,464.666667,0.000000,0.000000,0.000000,0.000000,0.000000,0.896534,
6981,139,1.313196,-9.298802,0.000000,0.000000,465.333333,0.000000,0.000000,0.000000,0.000000,0.000000,0.966003,
6991,139,1.313196,-9.298802,0.000000,0.000000,466.000000,0.000000,0.000000,0.000000,0.000000,0.000000,0.946106,7.547965
7001,139,1.313196,-9.298802,0.000000,0.000000,466.666667,0.000000,0.000000,0.000000,0.000000,0.000000,0.925721,
7011,139,1.313196,-9.298802,0.000000,0.000000,467.333333,0.000000,0.000000,0.000000,0.000000,0.000000,0.986518,
7021,139,1.313196,-9.298802,0.000000,0.000000,468.000000,0.000000,0.000000,0.000000,0.000000,0.000000,0.830874,7.044932
7031,139,1.313196,-9.298802,0.000000,0.000000,468.666667,0.000000,0.000000,0.000000,0.000000,0.000000,0.991980,
7041,139,1.313196,-9.298802,0.000000,0.000000,469.333333,0.000000,0.000000,0.000000,0.000000,0.000000,0.966440,
7051,139,1.313196,-9.298802,0.000000,0.000000,470.000000,0.000000,0.000000,0.000000,0.000000,0.000000,0.966208,
7061,139,1.313196,-9.298802,0.000000,0.000000,470.666667,0.000000,0.000000,0.000000,0.000000,0.000000,1.031613,
7071,139,1.313196,-9.298802,0.000000,0.000000,471.333333,0.000000,0.000000,0.000000,0.000000,0.000000,1.031613,5.413612
7081,139,1.313196,-9.298802,0.000000,0.000000,472.000000,0.000000,0.000000,0.000000,0.000000,0.000000,1.031613,4.345153
7091,139,1.313196,-9.298802,0.000000,0.000000,472.666667,0.000000,0.000000,0.000000,0.000000,0.000000,1.031613,
7101,139,1.313196,-9.298802,0.000000,0.000000,473.333333,0.000000,0.000000,0.000000,0.000000,0.000000,0.986096,
7111,139,1.313196,-9.298802,0.000000,0.000000,474.000000,0.000000,0.000000,0.000000,0.000000,0.000000,1.031613,
7121,139,1.313196,-9.298802,0.000000,0.000000,474.666667,0.000000,0.000000,0.000000,0.000000,0.000000,0.966851,
7131,139,1.313196,-9.298802,0.000000,0.000000,475.333333,0.000000,0.000000,0.000000,0.000000,0.000000,1.031613,
7141,139,1.313196,-9.298802,0.000000,0.000000,476.000000,0.000000,0.000000,0.000000,0.000000,0.000000,1.031613,
7151,139,1.313196,-9.298802,0.000000,0.000000,476.666667,0.000000,0.000000,0.000000,0.000000,0.000000,1.031613,
7161,139,1.313196,-9.298802,0.000000,0.000000,477.333333,0.000000,0.000000,0.000000,0.000000,0.000000,1.031613,
7171,139,1.313196,-9.298802,0.000000,0.000000,478.000000,0.000000,0.000000,0.000000,0.000000,0.000000,1.031613,
7181,139,1.313196,-9.298802,0.000000,0.000000,478.666667,0.000000,0.000000,0.000000,0.000000,0.000000,1.031613,
7191,139,1.313196,-9.298802,0.000000,0.000000,479.333333,0.000000,0.000000,0.000000,0.000000,0.000000,1.031613,
7201,139,1.313196,-9.298802,0.000000,0.000000,480.000000,0.000000,0.000000,0.000000,0.000000,0.000000,1.031613,
7211,139,1.313196,-9.298802,0.000000,0.000000,480.666667,0.000000,0.000000,0.000000,0.000000,0.000000,1.031613,
7221,139,1.313196,-9.298802,0.000000,0.000000,481.333333,0.000000,0.000000,0.000000,0.000000,0.000000,1.031613,
7231,139,1.313196,-9.298802,0.000000,0.000000,482.000000,0.000000,0.000000,0.000000,0.000000,0.000000,1.031613,
7241,139,1.313196,-9.298802,0.000000,0.000000,482.666667,0.000000,0.000000,0.000000,0.000000,0.000000,1.029876,
7251,139,1.313196,-9.298802,0.000000,0.000000,483.333333,0.000000,0.000000,0.000000,0.000000,0.000000,1.086514,
7261,139,1.313196,-9.298802,0.000000,0.000000,484.000000,0.000000,0.000000,0.000000,0.000000,0.000000,1.149770,
7271,139,1.313196,-9.298802,0.000000,0.000000,484.666667,0.000000,0.000000,0.000000,0.000000,0.000000,1.128492,
7281,139,1.313196,-9.298802,0.000000,0.000000,485.333333,0.000000,0.000000,0.000000,0.000000,0.000000,1.106896,
7291,139,1.313196,-9.298802,0.000000,0.000000,486.000000,0.000000,0.000000,0.000000,0.000000,0.000000,1.107497,
7301,139,1.313196,-9.298802,0.000000,0.000000,486.666667,0.000000,0.000000,0.000000,0.000000,0.000000,1.108412,
7311,139,1.313196,-9.298802,0.000000,0.000000,487.333333,0.000000,0.000000,0.000000,0.000000,0.000000,1.109641,
7321,139,1.313196,-9.298802,0.000000,0.000000,488.000000,0.000000,0.000000,0.000000,0.000000,0.000000,1.109641,
7331,139,1.313196,-9.298802,0.000000,0.000000,488.666667,0.000000,0.000000,0.000000,0.000000,0.000000,1.109641,
7341,139,1.313196,-9.298802,0.000000,0.000000,489.333333,0.000000,0.000000,0.000000,0.000000,0.000000,1.109641,
7351,139,1.313196,-9.298802,0.000000,0.000000,490.000000,0.000000,0.000000,0.000000,0.000000,0.000000,1.109641,
7361,139,1.313196,-9.298802,0.001393,0.025143,490.666667,0.025182,86.827808,0.002090,0.037715,0.037773,1.109641,
7371,139,1.314311,-9.278687,0.002787,0.050287,491.333333,0.050364,86.827808,0.002090,0.037715,0.037773,1.091110,
6871,140,1.995137,2.007325,-0.137927,-1.658267,458.000000,1.663993,265.245345,,,,1.394357,5.901275
6881,140,1.939966,1.344018,-0.031807,-1.824787,458.666667,1.825064,269.001393,0.159179,-0.249779,0.296189,1.480945,4.719482
6891,140,1.969691,0.547496,0.155047,-1.780583,459.333333,1.787321,274.976579,0.280282,0.066305,0.288018,1.619187,
6901,140,2.064004,-0.080449,0.027467,-1.589243,460.000000,1.589480,270.990148,-0.191371,0.287011,0.344961,1.627580,
6911,140,1.991665,-0.723898,0.046282,-1.665523,460.666667,1.666166,271.591734,0.028222,-0.114420,0.117849,1.392413,5.066301
6921,140,2.101030,-1.412867,0.070519,-1.645995,461.333333,1.647505,272.453204,0.036356,0.029292,0.046688,1.053922,2.091130
6931,140,2.048080,-2.040694,0.022135,-1.688806,462.000000,1.688951,270.750916,-0.072576,-0.064216,0.096907,1.246784,1.688001
6941,140,2.118737,-2.763911,0.249035,-1.741182,462.666667,1.758901,278.139612,0.340351,-0.078564,0.349301,1.640806,
6951,140,2.247308,-3.433640,0.246157,-1.788844,463.333333,1.805701,277.835068,-0.004318,-0.071493,0.071624,1.844176,
6961,140,2.315663,-4.194987,0.268439,-1.788375,464.000000,1.808409,278.536487,0.033423,0.000704,0.033431,2.041071,
6971,140,2.462059,-4.864339,0.249582,-1.710535,464.666667,1.728647,278.301386,-0.028285,0.116759,0.120136,1.203517,1.420550
6981,140,2.515328,-5.563415,0.206468,-1.654419,465.333333,1.667253,277.113604,-0.064672,0.084174,0.106149,1.362070,9.287068
6991,140,2.627233,-6.187875,0.365880,-1.640874,466.000000,1.681170,282.570119,0.239119,0.020319,0.239981,1.310035,
7001,140,2.808033,-6.876114,0.338773,-1.710171,466.666667,1.743403,281.204848,-0.040660,-0.103947,0.111616,0.924198,
7011,140,2.898252,-7.556012,0.269089,-1.726321,467.333333,1.747167,278.859647,-0.104527,-0.024224,0.107297,1.280696,
7021,140,3.023304,-8.257170,0.247646,-1.698260,468.000000,1.716221,278.296576,-0.032165,0.042091,0.052974,1.614855,
7031,140,3.096368,-8.914620,-0.071285,-1.754506,468.666667,1.755954,267.673360,-0.478397,-0.084369,0.485779,0.872436,
7041,140,2.966276,-9.660775,-0.325232,-1.865387,469.333333,1.893527,260.109848,-0.380920,-0.166321,0.415647,1.692246,
6871,141,2.613371,3.257132,0.097859,-1.537140,458.000000,1.540252,273.642691,,,,1.394357,2.792982
6881,141,2.652515,2.642276,-0.037302,-1.514142,458.666667,1.514601,268.588744,-0.202742,0.034497,0.205656,1.480945,
6891,141,2.583529,2.045818,-0.215183,-1.436627,459.333333,1.452653,261.481385,-0.266820,0.116272,0.291054,1.619187,7.582306
6901,141,2.480369,1.492974,-0.192988,-1.443617,460.000000,1.456460,262.385646,0.033292,-0.010485,0.034904,1.627580,6.490092
6911,141,2.429139,0.890924,-0.217604,-1.468296,460.666667,1.484333,261.570029,-0.036924,-0.037017,0.052285,1.673032,3.252998
6921,141,2.306285,0.318337,-0.179223,-1.600621,461.333333,1.610623,263.611138,0.057571,-0.198488,0.206668,1.743330,2.660377
6931,141,2.285760,-0.389572,-0.068708,-1.669624,462.000000,1.671037,267.643497,0.165773,-0.103504,0.195432,1.416347,2.254526
6941,141,2.251319,-1.017362,-0.059354,-1.499892,462.666667,1.501066,267.733857,0.014031,0.254597,0.254983,1.060798,1.967646
6951,141,2.238277,-1.589486,0.082506,-1.420693,463.333333,1.423087,273.323688,0.212790,0.118799,0.243706,0.946698,
6961,141,2.317324,-2.153916,0.194837,-1.459542,464.000000,1.472489,277.603558,0.168496,-0.058274,0.178288,1.043149,
6971,141,2.394147,-2.757120,0.135874,-1.698999,464.666667,1.704423,274.572385,-0.088444,-0.359185,0.369914,1.419929,2.049922
6981,141,2.426023,-3.513115,0.174428,-1.825805,465.333333,1.834118,275.457177,0.057831,-0.190210,0.198807,1.675702,9.287068
6991,141,2.533689,-4.217764,0.202416,-1.729154,466.000000,1.740962,276.676711,0.041983,0.144976,0.150933,1.222645,
7001,141,2.587956,-4.896439,0.114349,-1.669721,466.666667,1.673632,273.917729,-0.132101,0.089150,0.159368,1.742529,
7011,141,2.625168,-5.553541,0.183466,-1.650345,467.333333,1.660512,276.343415,0.103675,0.029064,0.107671,1.355696,
7021,141,2.734729,-6.216715,0.180774,-1.699061,468.000000,1.708650,276.073209,-0.004038,-0.073073,0.073184,1.026344,0.901922
7031,141,2.769787,-6.912790,0.266677,-1.777438,468.666667,1.797332,278.532688,0.128854,-0.117566,0.174428,1.713948,
7041,141,2.948070,-7.638666,0.332782,-1.805158,469.333333,1.835576,280.445234,0.099158,-0.041580,0.107523,0.853908,
7051,141,3.036013,-8.356916,0.219857,-1.795627,470.000000,1.809036,276.980554,-0.169388,0.014297,0.169990,1.308782,
6891,142,0.597110,-9.302920,0.006832,0.964666,459.333333,0.964690,89.594210,,,,0.527882,
6901,142,0.599842,-8.917054,-0.011117,1.066990,460.000000,1.067048,90.596919,-0.026923,0.153486,0.155829,0.533331,1.704648
6911,142,0.588216,-8.449328,0.305330,1.223613,460.666667,1.261132,75.989043,0.474669,0.234934,0.529627,0.515636,3.252998
6921,142,0.844106,-7.938164,0.518007,1.232111,461.333333,1.336573,67.197021,0.319016,0.012746,0.319271,0.550511,2.091130
6931,142,1.002622,-7.463640,0.490265,1.202158,462.000000,1.298285,67.813326,-0.041612,-0.044929,0.061239,0.567854,1.688001
6941,142,1.236318,-6.976437,0.396818,1.229601,462.666667,1.292046,72.114045,-0.140172,0.041165,0.146091,0.789947,1.967646
6951,142,1.320076,-6.479959,0.046388,1.253617,463.333333,1.254475,87.880833,-0.525644,0.036023,0.526877,0.778450,1.317425
6961,142,1.273429,-5.973544,0.013640,1.505452,464.000000,1.505514,89.480888,-0.049122,0.377753,0.380934,0.677577,0.620622
6971,142,1.330988,-5.275597,0.127113,1.444021,464.666667,1.449605,84.969401,0.170209,-0.092147,0.193551,0.676988,
6981,142,1.375119,-4.818327,-0.023502,1.256233,465.333333,1.256452,91.071798,-0.225922,-0.281683,0.361090,0.715439,1.043112
6991,142,1.312186,-4.270611,-0.012412,1.454199,466.000000,1.454252,90.489025,0.016635,0.296949,0.297415,0.586079,
7001,142,1.365189,-3.654968,0.010855,1.451614,466.666667,1.451655,89.571538,0.034901,-0.003876,0.035116,0.600545,0.008040
7011,142,1.320871,-3.109319,-0.155908,1.394758,467.333333,1.403445,96.378135,-0.250146,-0.085285,0.264284,0.533123,
7021,142,1.240463,-2.539162,0.031263,1.396807,468.000000,1.397157,88.717817,0.280757,0.003073,0.280774,0.399336,
7031,142,1.345881,-1.991874,0.275262,1.165123,468.666667,1.197197,76.707498,0.365999,-0.347525,0.504707,0.491310,8.597995
7041,142,1.460673,-1.607063,0.111372,1.158785,469.333333,1.164125,84.510116,-0.245836,-0.009507,0.246020,0.659776,
7051,142,1.434979,-1.064846,-0.060085,1.429670,470.000000,1.430932,92.406561,-0.257185,0.406327,0.480881,0.639255,
7061,142,1.412605,-0.463327,0.022780,1.242934,470.666667,1.243143,88.950019,0.124298,-0.280104,0.306444,0.735375,
7071,142,1.453203,-0.070499,-0.050746,1.178652,471.333333,1.179744,92.465300,-0.110289,-0.096423,0.146496,0.714808,0.598166
7081,142,1.372008,0.479595,-0.091454,1.283736,472.000000,1.286989,94.074884,-0.061062,0.157625,0.169039,0.572591,
7091,142,1.380040,0.956490,0.047337,1.262021,472.666667,1.262909,87.851917,0.208186,-0.032572,0.210718,0.575906,9.233551
7101,142,1.409877,1.489212,0.036622,1.486446,473.333333,1.486897,88.588663,-0.016072,0.336637,0.337020,0.629241,0.800940
7111,142,1.409338,2.145646,0.022776,1.238906,474.000000,1.239116,88.946797,-0.020769,-0.371309,0.371890,0.548363,
7121,142,1.428098,2.480337,0.094735,1.274530,474.666667,1.278046,85.749067,0.107938,0.053435,0.120441,0.613549,
7131,142,1.485126,3.165270,0.104287,1.445175,475.333333,1.448933,85.872560,0.014329,0.255968,0.256369,0.719618,
7141,142,1.511528,3.636477,0.066006,1.178017,476.000000,1.179864,86.792986,-0.057422,-0.400738,0.404831,0.678833,0.900775
6891,143,0.090451,-9.154741,0.010082,1.020353,459.333333,1.020403,89.433883,,,,0.527882,1.605274
6901,143,0.094484,-8.746600,0.014417,1.096312,460.000000,1.096407,89.246589,0.006502,0.113938,0.114123,0.533331,1.122402
6911,143,0.101985,-8.277691,0.285059,1.230707,460.666667,1.263289,76.959017,0.405963,0.201593,0.453261,0.515636,
6921,143,0.322531,-7.762034,0.452426,1.242094,461.333333,1.321925,69.986117,0.251051,0.017080,0.251632,0.550511,2.660377
6931,143,0.463925,-7.284016,0.218155,1.329993,462.000000,1.347766,80.684879,-0.351406,0.131849,0.375327,0.567854,
6941,143,0.497055,-6.698039,0.145117,1.306889,462.666667,1.314921,83.663818,-0.109557,-0.034657,0.114908,0.789947,
6951,143,0.580019,-6.238505,0.160013,1.151636,463.333333,1.162699,82.089714,0.022344,-0.232879,0.233949,0.778450,1.317425
6961,143,0.625066,-5.776731,0.096060,1.281429,464.000000,1.285025,85.712945,-0.095930,0.194691,0.217042,0.677577,0.620622
6971,143,0.656867,-5.213362,0.050230,1.309378,464.666667,1.310341,87.803115,-0.068745,0.041922,0.080519,0.676988,
6981,143,0.665250,-4.729228,0.097209,1.302952,465.333333,1.306574,85.733265,0.070468,-0.009638,0.071124,0.715439,1.043112
6991,143,0.734634,-4.171000,0.124899,1.374198,466.000000,1.379863,84.806747,0.041535,0.106869,0.114657,0.586079,
7001,143,0.765169,-3.629870,0.070643,1.251944,466.666667,1.253935,86.770402,-0.081383,-0.183382,0.200629,0.600545,0.008040
7011,143,0.791149,-3.169445,0.116037,1.219824,467.333333,1.225330,84.566045,0.068090,-0.048180,0.083412,0.533123,
7021,143,0.857998,-2.654011,0.098131,1.320965,468.000000,1.324604,85.751471,-0.026859,0.151711,0.154071,0.399336,
7031,143,0.869653,-2.112673,-0.070227,1.265161,468.666667,1.267108,93.177127,-0.252536,-0.083706,0.266047,0.491310,7.555345
7041,143,0.801816,-1.641882,-0.092228,1.292666,469.333333,1.295952,94.080996,-0.033002,0.041257,0.052833,0.659776,
7051,143,0.795871,-1.078541,-0.139241,1.299846,470.000000,1.307283,96.114264,-0.070518,0.010771,0.071336,0.639255,
7061,143,0.690424,-0.602005,-0.071616,1.239880,470.666667,1.241947,93.305777,0.101437,-0.089949,0.135574,0.735375,7.816435
7071,143,0.738577,-0.086637,0.142305,1.259031,471.333333,1.267048,83.551388,0.320882,0.028726,0.322165,0.714808,0.598166
7081,143,0.804268,0.405219,0.091066,1.189678,472.000000,1.193158,85.622738,-0.076858,-0.104030,0.129342,0.572591,
7091,143,0.811430,0.865105,-0.023289,1.256028,472.666667,1.256243,91.062245,-0.171532,0.099525,0.198314,0.575906,
7101,143,0.785636,1.410041,0.081496,1.438076,473.333333,1.440384,86.756523,0.157177,0.273074,0.315077,0.629241,0.800940
7111,143,0.876627,2.015567,0.045517,1.218315,474.000000,1.219165,87.860402,-0.053968,-0.329642,0.334030,0.548363,8.545863
7121,143,0.822050,2.384694,-0.078451,1.112948,474.666667,1.115710,94.032088,-0.185952,-0.158050,0.244045,0.613549,6.282028
7131,143,0.813866,2.905925,0.092121,1.207599,475.333333,1.211107,85.637682,0.255858,0.141976,0.292610,0.719618,
7141,143,0.895746,3.350773,0.204702,1.112119,476.000000,1.130801,79.570582,0.168872,-0.143220,0.221427,0.678833,0.900775
6891,144,0.006369,-6.925231,0.000000,0.000000,459.333333,0.000000,0.000000,,,,1.978321,1.605274
6901,144,0.006369,-6.925231,0.000000,0.000000,460.000000,0.000000,0.000000,0.000000,0.000000,0.000000,1.823499,1.122402
6911,144,0.006369,-6.925231,-0.209716,0.117705,460.666667,0.240490,150.696324,-0.314574,0.176557,0.360734,1.355836,
6921,144,-0.161404,-6.831067,-0.311579,0.023173,461.333333,0.312440,175.746658,-0.152795,-0.141798,0.208454,1.049234,
6931,144,-0.242895,-6.906693,-0.165217,0.063542,462.000000,0.177015,158.963205,0.219544,0.060555,0.227742,0.801229,
6941,144,-0.293577,-6.780233,-0.018191,0.103560,462.666667,0.105145,99.962504,0.220539,0.060026,0.228562,0.794893,
6951,144,-0.257447,-6.823845,0.046623,-0.029075,463.333333,0.054946,328.051995,0.097220,-0.198952,0.221435,1.021750,
6961,144,-0.256279,-6.803493,0.018191,-0.103560,464.000000,0.105145,279.962504,-0.042649,-0.111728,0.119591,1.353148,
6971,144,-0.242895,-6.906693,-0.097671,-0.018205,464.666667,0.099354,190.558385,-0.173793,0.128032,0.215862,1.917535,
6981,144,-0.334416,-6.818057,0.000000,0.000000,465.333333,0.000000,0.000000,0.146507,0.027308,0.149031,2.293446,
6991,144,-0.242895,-6.906693,0.114402,-0.110795,466.000000,0.159258,315.917592,0.171602,-0.166192,0.238888,2.149454,
7001,144,-0.242895,-6.906693,0.000000,0.000000,466.666667,0.000000,0.000000,-0.171602,0.166192,0.238888,2.176677,
7011,144,-0.242895,-6.906693,0.000000,0.000000,467.333333,0.000000,0.000000,0.000000,0.000000,0.000000,2.042169,
7021,144,-0.242895,-6.906693,0.000000,0.000000,468.000000,0.000000,0.000000,0.000000,0.000000,0.000000,2.037120,
7031,144,-0.242895,-6.906693,0.000000,0.000000,468.666667,0.000000,0.000000,0.000000,0.000000,0.000000,2.205099,5.465160
7041,144,-0.242895,-6.906693,0.000000,0.000000,469.333333,0.000000,0.000000,0.000000,0.000000,0.000000,2.180946,5.012451
7051,144,-0.242895,-6.906693,0.000000,0.000000,470.000000,0.000000,0.000000,0.000000,0.000000,0.000000,2.136824,4.344135
7061,144,-0.242895,-6.906693,0.000000,0.000000,470.666667,0.000000,0.000000,0.000000,0.000000,0.000000,2.205099,4.416426
7071,144,-0.242895,-6.906693,0.000000,0.000000,471.333333,0.000000,0.000000,0.000000,0.000000,0.000000,2.205099,
7081,144,-0.242895,-6.906693,0.000000,0.000000,472.000000,0.000000,0.000000,0.000000,0.000000,0.000000,2.205099,
7091,144,-0.242895,-6.906693,-0.021112,0.052676,472.666667,0.056749,111.839956,-0.031667,0.079014,0.085124,2.205099,
7101,144,-0.259784,-6.864552,0.000000,0.000000,473.333333,0.000000,0.000000,0.031667,-0.079014,0.085124,2.194279,
7111,144,-0.242895,-6.906693,0.026950,0.049077,474.000000,0.055990,61.226777,0.040426,0.073615,0.083985,2.205099,
7121,144,-0.238224,-6.825291,0.000000,0.000000,474.666667,0.000000,0.000000,-0.040426,-0.073615,0.083985,2.174369,
7131,144,-0.242895,-6.906693,-0.005839,-0.101753,475.333333,0.101920,266.715809,-0.008758,-0.152630,0.152881,2.205099,
7141,144,-0.242895,-6.906693,0.000000,0.000000,476.000000,0.000000,0.000000,0.008758,0.152630,0.152881,2.205099,
7151,144,-0.242895,-6.906693,0.000000,0.000000,476.666667,0.000000,0.000000,0.000000,0.000000,0.000000,2.205099,
7161,144,-0.242895,-6.906693,0.000000,0.000000,477.333333,0.000000,0.000000,0.000000,0.000000,0.000000,2.205099,
7171,144,-0.242895,-6.906693,0.000000,0.000000,478.000000,0.000000,0.000000,0.000000,0.000000,0.000000,2.205099,
7181,144,-0.242895,-6.906693,0.000000,0.000000,478.666667,0.000000,0.000000,0.000000,0.000000,0.000000,2.205099,
7191,144,-0.242895,-6.906693,0.000000,0.000000,479.333333,0.000000,0.000000,0.000000,0.000000,0.000000,2.205099,
7201,144,-0.242895,-6.906693,0.000000,0.000000,480.000000,0.000000,0.000000,0.000000,0.000000,0.000000,2.205099,
7211,144,-0.242895,-6.906693,0.000000,0.000000,480.666667,0.000000,0.000000,0.000000,0.000000,0.000000,2.205099,
7221,144,-0.242895,-6.906693,0.000000,0.000000,481.333333,0.000000,0.000000,0.000000,0.000000,0.000000,2.205099,
7231,144,-0.242895,-6.906693,0.000000,0.000000,482.000000,0.000000,0.000000,0.000000,0.000000,0.000000,2.205099,
7241,144,-0.242895,-6.906693,0.000000,0.000000,482.666667,0.000000,0.000000,0.000000,0.000000,0.000000,2.189885,
7251,144,-0.242895,-6.906693,0.000000,0.000000,483.333333,0.000000,0.000000,0.000000,0.000000,0.000000,2.078720,5.707086
7261,144,-0.242895,-6.906693,0.000000,0.000000,484.000000,0.000000,0.000000,0.000000,0.000000,0.000000,1.982604,
6971,145,2.467886,2.930165,0.108704,-1.345123,464.666667,1.349508,274.620240,,,,4.592491,3.196240
6981,145,2.511368,2.392116,0.176354,-1.356285,465.333333,1.367703,277.408464,0.101475,-0.016743,0.102847,4.060290,2.614669
6991,145,2.608970,1.845136,0.198810,-1.359196,466.000000,1.373659,278.321676,0.033684,-0.004366,0.033966,3.510232,2.183366
7001,145,2.670416,1.304758,0.087359,-1.315581,466.666667,1.318479,273.799046,-0.167177,0.065422,0.179523,2.986883,1.883189
7011,145,2.678857,0.792671,0.019779,-1.304871,467.333333,1.305021,270.868421,-0.101369,0.016065,0.102635,2.484728,1.426844
7021,145,2.686240,0.260861,-0.205937,-1.272507,468.000000,1.289063,260.807212,-0.338574,0.048547,0.342037,1.926850,1.061678
7031,145,2.514108,-0.225334,-0.427209,-1.144537,468.666667,1.221668,249.531426,-0.331909,0.191955,0.383419,1.471230,1.795871
7041,145,2.344472,-0.654768,-0.451796,-1.146372,469.333333,1.232188,248.490121,-0.036880,-0.002753,0.036983,1.190328,1.329194
7051,145,2.152671,-1.142432,-0.525058,-1.191334,470.000000,1.301907,246.215427,-0.109892,-0.067443,0.128938,0.721873,0.913748
7061,145,1.924426,-1.607835,-0.384089,-1.115650,470.666667,1.179915,251.002733,0.211453,0.113527,0.240001,0.949292,0.555615
7071,145,1.845399,-2.034951,-0.091078,-1.231180,471.333333,1.234544,265.769203,0.439518,-0.173295,0.472448,0.708869,0.215263
7081,145,1.851564,-2.592779,-0.033265,-1.439158,472.000000,1.439543,268.675875,0.086718,-0.311968,0.323796,0.659636,0.655623
7091,145,1.818787,-3.186278,0.198910,-1.415685,472.666667,1.429591,277.997936,0.348262,0.035210,0.350038,0.929148,0.274034
7101,145,2.010692,-3.725327,0.359346,-1.432414,473.333333,1.476800,284.082995,0.240654,-0.025093,0.241959,0.638662,
7111,145,2.106263,-4.332209,0.347411,-1.626077,474.000000,1.662775,282.059925,-0.017902,-0.290494,0.291045,1.505369,
7121,145,2.288621,-5.026188,0.441892,-1.557531,474.666667,1.619004,285.839336,0.141721,0.102818,0.175090,2.233127,
7131,145,2.459777,-5.578234,0.305933,-1.516662,475.333333,1.547209,281.404361,-0.203939,0.061305,0.212954,2.697992,
7141,145,2.533367,-6.239517,0.139904,-1.624401,476.000000,1.630415,274.922524,-0.249044,-0.161609,0.296884,2.296531,
7151,145,2.571700,-6.877755,0.071821,-1.618705,476.666667,1.620298,272.540508,-0.102124,0.008544,0.102481,1.776959,
7161,145,2.590824,-7.534482,-0.020252,-1.637829,477.333333,1.637954,269.291563,-0.138109,-0.028685,0.141057,1.337092,
7171,145,2.555498,-8.188018,-0.042940,-1.637643,478.000000,1.638205,268.497999,-0.034033,0.000279,0.034034,1.077973,
7181,145,2.556471,-8.844596,-0.040340,-1.590140,478.666667,1.590652,268.546775,0.003900,0.071254,0.071361,1.213708,
7191,145,2.523226,-9.460130,-0.083113,-1.538835,479.333333,1.541078,266.908431,-0.064159,0.076957,0.100194,1.220737,
6971,146,2.206642,-9.224457,0.021970,1.247373,464.666667,1.247567,88.990962,,,,0.896534,1.420550
6981,146,2.215430,-8.725508,-0.132840,1.356487,465.333333,1.362976,95.593127,-0.232215,0.163671,0.284099,0.917221,
6991,146,2.100370,-8.139268,-0.285169,1.516631,466.000000,1.543208,100.648879,-0.228493,0.240215,0.331530,0.783265,
7001,146,1.987295,-7.512204,-0.376390,1.551028,466.666667,1.596045,103.640367,-0.136832,0.051597,0.146236,1.038374,
7011,146,1.799258,-6.898445,-0.395999,1.630810,467.333333,1.678201,103.648603,-0.029414,0.119673,0.123235,1.280696,
7021,146,1.670495,-6.207555,-0.324965,1.678984,468.000000,1.710143,100.954072,0.106551,0.072260,0.128743,1.064273,
7031,146,1.539286,-5.555258,-0.164751,1.641615,468.666667,1.649861,95.730960,0.240321,-0.056054,0.246772,1.832219,1.795871
7041,146,1.538695,-4.894264,-0.025994,1.629371,469.333333,1.629578,90.914002,0.208135,-0.018366,0.208943,2.183277,1.329194
7051,146,1.518490,-4.251761,-0.096807,1.611058,470.000000,1.613964,93.438725,-0.106219,-0.027469,0.109713,2.287301,0.913748
7061,146,1.461249,-3.605417,-0.122725,1.563829,470.666667,1.568637,94.487229,-0.038877,-0.070843,0.080810,1.942727,0.555615
7071,146,1.420310,-3.000698,-0.311365,1.537387,471.333333,1.568600,101.449163,-0.282959,-0.039663,0.285725,1.055162,0.215263
7081,146,1.212157,-2.375508,-0.264949,1.532928,472.000000,1.555656,99.806029,0.069624,-0.006689,0.069944,0.675313,
7091,146,1.208351,-1.774356,0.060198,1.493047,472.666667,1.494260,87.691135,0.487721,-0.059822,0.491376,1.410559,9.233551
7101,146,1.260316,-1.181070,0.129798,1.481900,473.333333,1.487574,84.994317,0.104399,-0.016720,0.105729,1.832707,
7111,146,1.312189,-0.588836,0.177248,1.497205,474.000000,1.507660,83.248399,0.071176,0.022957,0.074787,2.334661,4.557605
7121,146,1.402115,0.016694,0.230035,1.610525,474.666667,1.626870,81.871288,0.079180,0.169980,0.187517,2.253633,
7131,146,1.496217,0.699584,0.246981,1.504316,475.333333,1.524456,80.676272,0.025419,-0.159314,0.161329,2.135201,
7141,146,1.599699,1.220147,0.239477,1.377095,476.000000,1.397762,80.134919,-0.011256,-0.190832,0.191164,2.208201,4.807566
7151,146,1.687798,1.801260,0.220248,1.452784,476.666667,1.469384,81.379379,-0.028844,0.113533,0.117140,2.066972,
6981,147,3.729253,-6.770601,-0.018039,-0.341786,465.333333,0.342261,266.978820,,,,1.711990,8.658274
6991,147,3.722038,-6.907315,-0.001288,-0.024410,466.000000,0.024444,266.978820,0.025126,0.476064,0.476726,1.310035,6.115387
7001,147,3.728223,-6.790129,-0.079790,0.594817,466.666667,0.600144,97.640165,-0.117752,0.928840,0.936274,0.924198,3.998373
7011,147,3.658206,-6.431462,-0.175042,0.896668,467.333333,0.913593,101.046024,-0.142878,0.452776,0.474785,1.355696,3.070891
7021,148,2.095451,-9.578853,0.321318,1.682792,468.000000,1.713194,79.189868,,,,0.830874,0.901922
7031,148,2.223978,-8.905736,0.127403,1.916537,468.666667,1.920767,86.196808,-0.290872,0.350617,0.455565,0.872436,3.155919
7041,148,2.197373,-8.045623,-0.080046,1.901425,469.333333,1.903109,92.410622,-0.311175,-0.022668,0.311999,0.845184,2.549553
7051,148,2.159941,-7.384596,-0.111046,1.753649,470.000000,1.757161,93.623283,-0.046499,-0.221664,0.226489,1.248638,2.212627
7061,148,2.108537,-6.642704,-0.267492,1.841982,470.666667,1.861304,98.262702,-0.234669,0.132500,0.269492,1.754193,1.541008
7071,148,1.945947,-5.911010,-0.363681,1.777551,471.333333,1.814374,101.562952,-0.144284,-0.096647,0.173662,2.404665,1.100181
7081,148,1.817592,-5.220663,-0.412139,1.761585,472.000000,1.809155,103.168013,-0.072686,-0.023949,0.076530,2.628104,0.655623
7091,148,1.616237,-4.501742,-0.552003,1.780411,472.666667,1.864020,107.225653,-0.209796,0.028238,0.211688,1.330966,0.274034
7101,148,1.375990,-3.796334,-0.437521,1.773397,473.333333,1.826571,103.858873,0.171723,-0.010521,0.172045,0.638662,
7111,148,1.266220,-3.083024,-0.314237,1.914668,474.000000,1.940283,99.320352,0.184925,0.211907,0.281250,1.169690,
7121,148,1.124600,-2.264600,-0.181753,1.775057,474.666667,1.784337,95.846289,0.198727,-0.209417,0.288700,1.111761,6.282028
7131,148,1.120818,-1.662979,0.138474,1.633509,475.333333,1.639367,85.154558,0.480340,-0.212322,0.525174,1.497286,
7141,148,1.235379,-0.957793,0.194590,1.798255,476.000000,1.808753,83.824029,0.084174,0.247120,0.261062,2.208201,4.807566
7151,148,1.276490,-0.224375,0.102776,1.833545,476.666667,1.836424,86.791735,-0.137720,0.052936,0.147543,2.066972,
7021,149,3.735064,-5.987125,0.233310,1.055725,468.000000,1.081198,77.538186,,,,1.026344,
7031,149,3.828388,-5.564835,-0.016372,1.371945,468.666667,1.372043,90.683689,-0.374523,0.474330,0.604365,1.713948,
7041,149,3.721966,-4.889569,-0.032061,1.493693,469.333333,1.494037,91.229605,-0.023533,0.182622,0.184132,2.183277,
7051,149,3.802739,-4.369881,0.205535,1.370431,470.000000,1.385758,81.470430,0.356394,-0.184893,0.401500,2.287301,
7061,149,3.886395,-3.793224,-0.009974,1.489771,470.666667,1.489804,90.383579,-0.323264,0.179010,0.369518,2.034972,
7071,149,3.794760,-3.178064,-0.125297,1.404153,471.333333,1.409732,95.099159,-0.172984,-0.128427,0.215446,1.567854,
7081,149,3.786157,-2.669901,-0.088970,1.254357,472.000000,1.257508,94.057106,0.054490,-0.224695,0.231208,1.325422,
7091,149,3.723585,-2.174579,0.020019,1.215385,472.666667,1.215550,89.056366,0.163482,-0.058457,0.173619,1.332714,
7101,149,3.802172,-1.697593,0.005733,1.363402,473.333333,1.363414,89.759097,-0.021429,0.222026,0.223058,1.599802,
7111,149,3.728171,-1.083857,-0.252656,1.520425,474.000000,1.541274,99.434885,-0.387583,0.235534,0.453538,2.096430,4.557605
7121,149,3.600048,-0.481254,-0.260641,1.377127,474.666667,1.401575,100.717264,-0.011977,-0.214946,0.215280,2.253633,
7131,149,3.519658,0.017845,-0.200973,1.247746,475.333333,1.263828,99.149995,0.089501,-0.194072,0.213715,2.135201,
7031,150,2.964422,-1.625953,-0.192705,-0.220356,468.666667,0.292732,228.829754,,,,1.471230,3.155919
7041,150,2.887340,-1.714096,-0.180961,-0.418922,469.333333,0.456336,246.637255,0.017617,-0.297850,0.298370,1.190328,2.549553
7051,150,2.819654,-1.961091,-0.209128,-0.514473,470.000000,0.555353,247.878719,-0.042252,-0.143325,0.149423,1.055969,2.212627
7061,150,2.720038,-2.125674,-0.385036,-0.395016,470.666667,0.551625,225.733023,-0.263862,0.179185,0.318951,0.949292,1.818427
7071,150,2.511625,-2.277104,-0.292525,-0.358227,471.333333,0.462490,230.765248,0.138767,0.055184,0.149337,0.708869,0.341894
7081,150,2.486018,-2.412255,-0.105380,-0.258790,472.000000,0.279423,247.843634,0.280716,0.149156,0.317882,0.659636,
7091,150,2.427321,-2.484136,-0.033370,-0.193611,472.666667,0.196465,260.220848,0.108016,0.097768,0.145691,0.929148,
7101,150,2.459322,-2.567144,-0.081525,-0.237455,473.333333,0.251060,251.051324,-0.072232,-0.065767,0.097687,1.242037,
7111,150,2.362101,-2.674100,-0.451280,-0.292553,474.000000,0.537811,212.954246,-0.554634,-0.082646,0.560757,1.169690,
7121,150,2.098298,-2.801186,-0.569553,-0.329363,474.666667,0.657929,210.040041,-0.177410,-0.055215,0.185803,1.111761,
7131,150,1.906459,-2.937590,-0.555231,-0.432883,475.333333,0.704038,217.941558,0.021483,-0.155280,0.156759,1.497286,
7141,150,1.654113,-3.147492,-0.628449,-0.451623,476.000000,0.773893,215.702201,-0.109826,-0.028110,0.113366,2.229377,
7151,150,1.403700,-3.298889,-0.627719,-0.379510,476.666667,0.733525,211.156534,0.001094,0.108170,0.108175,3.077144,
7161,150,1.151937,-3.451100,-0.562259,-0.414201,477.333333,0.698354,216.378108,0.098190,-0.052038,0.111127,3.726483,
7171,150,0.953892,-3.630250,-0.493352,-0.398746,478.000000,0.634346,218.946504,0.103361,0.023183,0.105929,3.488177,
7181,150,0.757256,-3.770097,-0.534148,-0.244940,478.666667,0.587631,204.634365,-0.061195,0.230710,0.238688,2.590333,
7191,150,0.526574,-3.826202,-0.576661,-0.115431,479.333333,0.588100,191.319355,-0.063769,0.194264,0.204462,2.354143,3.008152
7201,150,0.295928,-3.862442,-0.558490,-0.168998,480.000000,0.583499,196.835747,0.027256,-0.080351,0.084848,2.120739,2.746169
7211,150,0.079782,-3.961400,-0.592394,-0.293611,480.666667,0.661165,206.364603,-0.050857,-0.186919,0.193714,1.894907,
7221,150,-0.177988,-4.097331,-0.689960,-0.259732,481.333333,0.737229,200.628564,-0.146349,0.050819,0.154921,1.629480,1.723706
7231,150,-0.472187,-4.169186,-0.667993,-0.238399,482.000000,0.709259,199.640883,0.032952,0.032000,0.045933,1.335196,1.247976
7241,150,-0.712382,-4.288050,-0.439264,-0.442144,482.666667,0.623253,225.187220,0.343092,-0.305618,0.459473,1.105008,
7251,150,-0.823598,-4.522901,-0.499298,-0.592504,483.333333,0.774829,229.879484,-0.090050,-0.225540,0.242853,1.056472,
7261,150,-1.111820,-4.762053,-0.543497,-0.487514,484.000000,0.730109,221.891956,-0.066299,0.157485,0.170872,0.934987,
7271,150,-1.258396,-4.912913,-0.216748,-0.340018,484.666667,0.403227,237.484044,0.490123,0.221245,0.537745,0.950424,
7281,150,-1.285219,-5.034067,-0.088599,-0.249471,485.333333,0.264736,250.447694,0.192225,0.135821,0.235367,1.037946,3.816671
7291,150,-1.329275,-5.112489,0.029459,-0.337640,486.000000,0.338923,274.986344,0.177086,-0.132254,0.221022,1.086361,2.695139
7301,150,-1.261652,-5.304180,0.169056,-0.479226,486.666667,0.508171,289.431266,0.209396,-0.212379,0.298247,1.288475,2.002725
7181,152,-1.806990,-4.136801,0.000000,0.000000,478.666667,0.000000,0.000000,,,,2.590333,
7191,152,-1.806990,-4.136801,0.000000,0.000000,479.333333,0.000000,0.000000,0.000000,0.000000,0.000000,2.354143,3.008152
7201,152,-1.806990,-4.136801,0.000000,0.000000,480.000000,0.000000,0.000000,0.000000,0.000000,0.000000,2.120739,2.746169
7211,152,-1.806990,-4.136801,0.000000,0.000000,480.666667,0.000000,0.000000,0.000000,0.000000,0.000000,1.894907,
7221,152,-1.806990,-4.136801,0.000000,0.000000,481.333333,0.000000,0.000000,0.000000,0.000000,0.000000,1.629480,1.723706
7231,152,-1.806990,-4.136801,0.000000,0.000000,482.000000,0.000000,0.000000,0.000000,0.000000,0.000000,1.335196,1.247976
7241,152,-1.806990,-4.136801,0.000000,0.000000,482.666667,0.000000,0.000000,0.000000,0.000000,0.000000,1.105008,
7251,152,-1.806990,-4.136801,0.000000,0.000000,483.333333,0.000000,0.000000,0.000000,0.000000,0.000000,1.056472,
7261,152,-1.806990,-4.136801,0.000000,0.000000,484.000000,0.000000,0.000000,0.000000,0.000000,0.000000,0.934987,
7271,152,-1.806990,-4.136801,0.000000,0.000000,484.666667,0.000000,0.000000,0.000000,0.000000,0.000000,0.950424,
7281,152,-1.806990,-4.136801,0.000000,0.000000,485.333333,0.000000,0.000000,0.000000,0.000000,0.000000,1.037946,
7291,152,-1.806990,-4.136801,0.000000,0.000000,486.000000,0.000000,0.000000,0.000000,0.000000,0.000000,1.086361,
7301,152,-1.806990,-4.136801,0.000000,0.000000,486.666667,0.000000,0.000000,0.000000,0.000000,0.000000,1.288475,
7181,153,-1.932105,-9.612823,0.248088,0.821761,478.666667,0.858393,73.201051,,,,3.190073,
7191,153,-1.832870,-9.284118,0.145502,0.774165,479.333333,0.787719,79.355621,-0.153879,-0.071395,0.169635,2.860100,
7201,153,-1.815703,-8.993491,0.010419,0.598043,480.000000,0.598134,89.001948,-0.202625,-0.264182,0.332940,2.613131,7.123694
7211,153,-1.824535,-8.805684,-0.026676,0.391720,480.666667,0.392627,93.895856,-0.055642,-0.309484,0.314447,2.471386,
7221,153,-1.837044,-8.680115,-0.011039,0.234750,481.333333,0.235010,92.692273,0.023456,-0.235455,0.236620,2.384604,
7231,153,-1.833366,-8.617883,0.004598,0.077789,482.000000,0.077925,86.617053,0.023456,-0.235442,0.236607,2.336187,
7241,153,-1.833366,-8.617883,0.000000,0.000000,482.666667,0.000000,0.000000,-0.006897,-0.116684,0.116887,2.336187,
7251,153,-1.833366,-8.617883,0.000000,0.000000,483.333333,0.000000,0.000000,0.000000,0.000000,0.000000,2.336187,
7261,154,-1.833366,-8.617883,0.003065,0.051854,484.000000,0.051945,86.617053,,,,2.336187,
7271,154,-1.832140,-8.597142,0.026359,0.024527,484.666667,0.036006,42.938219,0.034941,-0.040991,0.053862,2.247991,
7281,154,-1.812278,-8.598261,0.048113,-0.028716,485.333333,0.056031,329.169008,0.032630,-0.079865,0.086274,2.236387,
7291,154,-1.793650,-8.620115,0.046564,-0.054623,486.000000,0.071777,310.446202,-0.002323,-0.038861,0.038930,2.157447,
7301,154,-1.775027,-8.641960,0.046556,-0.054614,486.666667,0.071764,310.446201,-0.000012,0.000014,0.000019,2.166175,
7271,155,-0.413853,-6.853030,0.000000,0.000000,484.666667,0.000000,0.000000,,,,2.115965,
7281,155,-0.413853,-6.853030,-0.287050,0.072769,485.333333,0.296130,165.774910,-0.430575,0.109153,0.444195,2.016905,3.816671
7291,155,-0.643492,-6.794815,-0.287050,0.072769,486.000000,0.296130,165.774910,0.000000,0.000000,0.000000,1.816733,2.695139
7301,155,-0.643492,-6.794815,0.000000,0.000000,486.666667,0.000000,0.000000,0.430575,-0.109153,0.444195,1.613727,2.002725
7481,156,1.423843,-9.324594,0.083266,1.505929,498.666667,1.508229,86.835222,,,,0.822052,0.896277
7491,156,1.457149,-8.722223,0.042318,1.608028,499.333333,1.608585,88.492511,-0.061422,0.153149,0.165007,0.719834,0.607329
7501,156,1.457697,-8.038172,-0.162735,1.695938,500.000000,1.703728,95.481063,-0.307579,0.131865,0.334654,0.660841,
7511,156,1.326962,-7.365472,-0.116152,1.692088,500.666667,1.696070,93.926848,0.069874,-0.005775,0.070113,0.715744,
7521,156,1.364776,-6.684501,0.195579,1.842927,501.333333,1.853276,83.942206,0.467596,0.226259,0.519460,0.693022,0.917343
7531,156,1.483425,-5.891130,0.101235,1.823068,502.000000,1.825876,86.821618,-0.141516,-0.029790,0.144617,0.628489,0.308242
7541,156,1.445764,-5.226047,-0.045002,1.707880,502.666667,1.708472,91.509385,-0.219357,-0.172782,0.279233,0.613168,
7551,156,1.447423,-4.524827,-0.087218,1.787141,503.333333,1.789268,92.794006,-0.063324,0.118892,0.134704,0.630994,
7561,156,1.375990,-3.796334,-0.136361,1.741858,504.000000,1.747187,94.476266,-0.073714,-0.067925,0.100238,0.758774,
7571,156,1.338334,-3.131340,-0.184315,1.723471,504.666667,1.733298,96.104235,-0.071930,-0.027581,0.077037,0.850894,
7581,156,1.228538,-2.417558,-0.184348,1.724056,505.333333,1.733884,96.103258,-0.000049,0.000879,0.000880,0.926202,
7591,156,1.190856,-1.752095,0.068495,1.641673,506.000000,1.643102,87.610858,0.379264,-0.123575,0.398888,0.800487,0.700038
7601,156,1.283334,-1.104219,0.161370,1.627389,506.666667,1.635370,84.337141,0.139312,-0.021427,0.140950,0.689269,0.298656
7611,156,1.319952,-0.450185,0.042368,1.591268,507.333333,1.591832,88.474829,-0.178502,-0.054181,0.186543,0.561227,3.226365
7621,156,1.317228,0.168795,0.016361,1.543347,508.000000,1.543434,89.392637,-0.039011,-0.071881,0.081785,0.558803,7.790589
7631,156,1.333040,0.784493,-0.122730,1.564536,508.666667,1.569342,94.485393,-0.208637,0.031783,0.211044,0.560207,
7641,156,1.219044,1.420424,-0.242905,1.509253,509.333333,1.528675,99.143006,-0.180262,-0.082924,0.198421,0.561116,
7651,156,1.138716,1.991895,-0.172079,1.524111,510.000000,1.533795,96.441669,0.106239,0.022288,0.108552,0.702471,
7661,156,1.081381,2.639713,-0.169441,1.574720,510.666667,1.583810,96.141448,0.003956,0.075913,0.076017,0.680982,3.407881
7671,156,1.003163,3.251672,-0.195545,1.529897,511.333333,1.542344,97.283804,-0.039155,-0.067235,0.077805,0.681333,
7481,157,2.242157,-9.246290,-0.187851,1.608590,498.666667,1.619521,96.660813,,,,0.822052,0.896277
7491,157,2.167017,-8.602854,-0.163652,1.632615,499.333333,1.640797,95.724170,0.036298,0.036038,0.051149,0.719834,0.607329
7501,157,2.111236,-7.940198,-0.162412,1.658608,500.000000,1.666541,95.592615,0.001860,0.038989,0.039034,0.660841,
7511,157,2.037088,-7.275967,-0.070735,1.652126,500.666667,1.653639,92.451600,0.137515,-0.009723,0.137859,0.715744,
7521,157,2.054648,-6.618497,0.092374,1.688385,501.333333,1.690910,86.868373,0.244664,0.054388,0.250637,0.693022,0.917343
7531,157,2.110987,-5.925260,0.004829,1.768981,502.000000,1.768987,89.843603,-0.131319,0.120894,0.178494,0.628489,0.308242
7541,157,2.058511,-5.203312,-0.040979,1.771077,502.666667,1.771551,91.325481,-0.068712,0.003144,0.068784,0.613168,5.190504
7551,157,2.078203,-4.508398,0.092199,1.681883,503.333333,1.684409,86.862260,0.199767,-0.133791,0.240431,0.630994,2.069451
7561,157,2.132270,-3.857806,0.137738,1.674241,504.000000,1.679898,85.296915,0.068310,-0.011463,0.069265,0.758774,2.112981
7571,157,2.188394,-3.169005,0.026200,1.734215,504.666667,1.734413,89.134466,-0.167308,0.089960,0.189960,0.850894,4.718086
7581,157,2.153229,-2.470434,-0.246525,1.791672,505.333333,1.808553,97.834411,-0.409087,0.086186,0.418067,0.926202,
7591,157,1.991174,-1.735667,-0.226396,1.740278,506.000000,1.754942,97.412101,0.030193,-0.077091,0.082793,0.800487,0.700038
7601,157,1.972112,-1.078211,-0.139249,1.656429,506.666667,1.662272,94.805305,0.130722,-0.125773,0.181403,0.689269,0.298656
7611,157,1.879775,-0.410523,-0.120401,1.579234,507.333333,1.583817,94.359816,0.028271,-0.115794,0.119195,0.561227,2.959024
7621,157,1.875791,0.185176,0.015664,1.534334,508.000000,1.534413,89.415080,0.204098,-0.067350,0.214924,0.558803,7.054759
7631,157,1.892307,0.816943,-0.120462,1.580031,508.666667,1.584616,94.359816,-0.204189,0.068546,0.215388,0.560207,
7641,157,1.779421,1.449200,-0.073199,1.596150,509.333333,1.597827,92.625725,0.070895,0.024178,0.074904,0.561116,
7651,157,1.833748,2.093863,-0.027352,1.589271,510.000000,1.589506,90.985997,0.068770,-0.010318,0.069540,0.702471,
7661,157,1.757540,2.720617,-0.191968,1.543047,510.666667,1.554943,97.091633,-0.246923,-0.069335,0.256473,0.680982,3.407881
7671,157,1.680173,3.328301,-0.193416,1.519210,511.333333,1.531472,97.255480,-0.002171,-0.035756,0.035822,0.681333,
7481,158,3.347345,-9.264306,0.225203,1.713740,498.666667,1.728474,82.513649,,,,1.105334,
7491,158,3.437426,-8.578810,0.162034,1.789450,499.333333,1.796771,84.826004,-0.094754,0.113565,0.147902,1.270636,
7501,158,3.476972,-7.832746,0.190246,1.905764,500.000000,1.915236,84.299235,0.042319,0.174471,0.179530,1.369957,
7511,158,3.589623,-7.054199,0.076397,1.862179,500.666667,1.863745,87.650726,-0.170774,-0.065378,0.182861,1.568294,
7521,158,3.538089,-6.343004,-0.177224,1.708927,501.333333,1.718092,95.920688,-0.380432,-0.229878,0.444491,1.508806,3.698694
7531,158,3.447844,-5.687058,-0.220530,1.738491,502.000000,1.752423,97.229449,-0.064959,0.044347,0.078653,1.357912,3.339394
7541,158,3.361665,-4.952211,-0.195850,1.786801,502.666667,1.797503,96.255181,0.037020,0.072465,0.081374,1.327126,5.190504
7551,158,3.291164,-4.257617,-0.224909,1.668819,503.333333,1.683906,97.675587,-0.043589,-0.176974,0.182263,1.238614,2.069451
7561,158,3.181738,-3.617156,-0.091008,1.654404,504.000000,1.656905,93.148640,0.200852,-0.021622,0.202012,1.076706,2.112981
7571,158,3.218357,-2.934093,-0.066095,1.701593,504.666667,1.702876,92.224426,0.037369,0.070783,0.080042,1.056412,1.634332
7581,158,3.128862,-2.255881,-0.160672,1.614484,505.333333,1.622459,95.683314,-0.141865,-0.130664,0.192870,0.998945,
7591,158,3.089820,-1.642507,-0.148995,1.834915,506.000000,1.840954,94.642234,0.017515,0.330646,0.331110,1.102588,
7601,158,3.009666,-0.787950,-0.350953,1.864999,506.666667,1.897732,100.657227,-0.302937,0.045126,0.306280,1.025480,
7611,158,2.809057,-0.150508,-0.253408,1.582680,507.333333,1.602838,99.096621,0.146317,-0.423479,0.448043,0.964973,2.959024
7621,158,2.806939,0.478194,0.015842,1.543294,508.000000,1.543375,89.411872,0.403876,-0.059079,0.408174,0.976164,
7631,158,2.821731,1.084127,0.152988,1.568148,508.666667,1.575593,84.427889,0.205718,0.037281,0.209069,0.967066,
7641,158,2.929329,1.732712,0.353934,1.530936,509.333333,1.571316,76.982605,0.301420,-0.055817,0.306544,1.184342,
7651,158,3.104878,2.308876,0.331953,1.553747,510.000000,1.588812,77.940237,-0.032971,0.034216,0.047517,1.289187,
7661,158,3.194892,2.975710,0.225035,1.667084,510.666667,1.682204,82.312288,-0.160378,0.170005,0.233715,1.459813,
7481,159,2.083774,-4.071316,-0.007409,1.541564,498.666667,1.541582,90.275379,,,,5.177397,
7491,159,2.080810,-3.454691,-0.078732,1.499802,499.333333,1.501867,93.004968,-0.106984,-0.062644,0.123975,5.148885,
7501,159,2.020789,-2.871475,-0.197285,1.439438,500.000000,1.452894,97.804152,-0.177830,-0.090546,0.199554,5.069530,
7511,159,1.922983,-2.303141,-0.128619,1.431627,500.666667,1.437393,95.133754,0.102998,-0.011716,0.103662,4.974136,
7521,159,1.917893,-1.726174,-0.104439,1.454427,501.333333,1.458172,94.107209,0.036271,0.034200,0.049852,4.892868,
7531,159,1.839432,-1.139599,-0.174640,1.439232,502.000000,1.449789,96.918573,-0.105302,-0.022792,0.107740,4.764849,
7541,159,1.778182,-0.574788,-0.105843,1.430323,502.666667,1.434234,94.232124,0.103195,-0.013363,0.104057,4.637005,
7551,159,1.754758,0.004659,-0.149153,1.487178,503.333333,1.494638,95.727185,-0.064965,0.085282,0.107208,4.524633,
7561,159,1.658859,0.614954,-0.149153,1.487416,504.000000,1.494876,95.726301,-0.000001,0.000357,0.000357,4.420348,
7571,159,1.635435,1.194592,-0.152062,1.439566,504.666667,1.447574,96.029814,-0.004363,-0.071775,0.071908,2.065266,
7581,159,1.537210,1.766606,-0.291928,1.438897,505.333333,1.468213,101.468697,-0.209800,-0.001002,0.209802,1.705906,
7591,159,1.401892,2.345710,-0.244683,1.457568,506.000000,1.477963,99.529445,0.070868,0.028005,0.076201,1.459645,
7601,159,1.341463,2.932660,-0.265584,1.513549,506.666667,1.536674,99.952426,-0.031351,0.083972,0.089634,1.522435,
7611,159,1.189425,3.556549,-0.380096,1.559722,507.333333,1.605368,103.695709,-0.171767,0.069259,0.185205,1.747442,
7521,160,2.275378,-9.647520,0.043513,1.645307,501.333333,1.645882,88.485073,,,,3.037055,
7531,160,2.292783,-8.989397,0.039439,1.569831,502.000000,1.570326,88.560872,-0.006111,-0.113213,0.113378,3.069526,
7541,160,2.306929,-8.391655,-0.022311,1.696817,502.666667,1.696964,90.753335,-0.092625,0.190479,0.211806,3.198006,
7551,160,2.274934,-7.631943,0.105103,1.934594,503.333333,1.937447,86.890285,0.191121,0.356665,0.404645,3.129735,
7561,160,2.391011,-6.843980,0.145303,1.829893,504.000000,1.835652,85.459953,0.060300,-0.157052,0.168230,2.997363,
7571,160,2.391176,-6.168029,0.027182,1.761202,504.666667,1.761411,89.115789,-0.177181,-0.103037,0.204963,3.005872,
7581,160,2.412757,-5.435018,-0.041041,1.766325,505.333333,1.766801,91.331028,-0.102333,0.007685,0.102622,2.975923,
7591,160,2.358344,-4.754969,-0.086504,1.769536,506.000000,1.771649,92.798671,-0.068195,0.004817,0.068364,3.041546,
7601,160,2.343554,-4.019390,0.053943,1.828070,506.666667,1.828866,88.309812,0.210669,0.087802,0.228234,2.964540,
7611,160,2.401498,-3.292513,-0.014207,1.834622,507.333333,1.834677,90.443683,-0.102224,0.009827,0.102696,2.928833,
7621,160,2.332188,-2.551692,-0.059655,1.837897,508.000000,1.838865,91.859058,-0.068171,0.004913,0.068348,2.132751,7.054759
7631,160,2.353774,-1.822196,0.024523,1.703042,508.666667,1.703219,89.175029,0.126266,-0.202282,0.238456,1.415007,
7641,160,2.351807,-1.189259,-0.028962,1.560506,509.333333,1.560775,91.063240,-0.080227,-0.213804,0.228360,1.517904,
7651,160,2.330605,-0.573790,0.017771,1.577273,510.000000,1.577374,89.354484,0.070099,0.025150,0.074474,2.713529,
7661,160,2.366023,0.072560,0.020474,1.625235,510.666667,1.625364,89.278248,0.004055,0.071942,0.072057,2.717068,
7671,160,2.346984,0.726398,-0.047598,1.634593,511.333333,1.635286,91.667917,-0.102107,0.014038,0.103068,2.685989,
7571,161,-0.096960,2.318927,0.047649,-0.007997,504.666667,0.048315,350.472516,,,,2.065266,
7581,161,-0.077901,2.315728,0.049084,0.016991,505.333333,0.051941,19.093739,0.002152,0.037482,0.037544,1.705906,
7591,161,-0.057693,2.332520,0.025259,0.020989,506.000000,0.032842,39.725168,-0.035737,0.005998,0.036237,1.459645,
7601,161,-0.057693,2.332520,0.000000,0.000000,506.666667,0.000000,0.000000,-0.037889,-0.031484,0.049263,1.522435,
7611,161,-0.057693,2.332520,0.000000,0.000000,507.333333,0.000000,0.000000,0.000000,0.000000,0.000000,1.747442,
7621,161,-0.057693,2.332520,0.000000,0.000000,508.000000,0.000000,0.000000,0.000000,0.000000,0.000000,2.563613,
7631,161,-0.057693,2.332520,0.071388,-0.011996,508.666667,0.072389,350.461132,0.107082,-0.017994,0.108584,2.080992,
7641,161,-0.000583,2.322923,0.071388,-0.011996,509.333333,0.072389,350.461132,0.000000,0.000000,0.000000,1.517233,
7651,161,-0.000583,2.322923,0.000000,0.000000,510.000000,0.000000,0.000000,-0.107082,0.017994,0.108584,1.186415,
7661,161,-0.000583,2.322923,0.000000,0.000000,510.666667,0.000000,0.000000,0.000000,0.000000,0.000000,1.127387,
7671,161,-0.000583,2.322923,0.000000,0.000000,511.333333,0.000000,0.000000,0.000000,0.000000,0.000000,1.367509,
7571,162,3.436349,2.465414,-0.111634,-1.245751,504.666667,1.250743,264.879314,,,,1.044439,1.634332
7581,162,3.391695,1.967114,0.180058,-1.221932,505.333333,1.235127,278.382489,0.437537,0.035729,0.438993,1.072513,
7591,162,3.580395,1.487869,0.342591,-1.102528,506.000000,1.154529,287.261678,0.243799,0.179105,0.302517,0.986254,
7601,162,3.665768,1.085091,0.122566,-1.040606,506.666667,1.047799,276.717518,-0.330037,0.092884,0.342859,1.162379,
7611,162,3.678447,0.655384,0.361635,-1.124717,507.333333,1.181426,287.824366,0.358604,-0.126167,0.380151,1.117804,
7621,162,3.955075,0.185318,0.350179,-1.340155,508.000000,1.385150,284.643801,-0.017184,-0.323157,0.323614,1.120930,
7631,162,3.958590,-0.416740,0.043463,-1.267780,508.666667,1.268524,271.963500,-0.460073,0.108564,0.472708,0.990492,
7641,162,3.989846,-0.828906,0.078140,-1.030415,509.333333,1.033373,274.336634,0.052015,0.356047,0.359827,1.088884,
7571,163,3.685289,1.451076,0.246796,-1.205371,504.666667,1.230377,281.571235,,,,1.044439,
7581,163,3.784007,0.968928,0.048603,-1.173656,505.333333,1.174662,272.371375,-0.297290,0.047572,0.301072,1.072513,
7591,163,3.724172,0.512151,-0.047164,-1.304280,506.000000,1.305133,267.929018,-0.143652,-0.195936,0.242954,0.986254,
7601,163,3.746276,-0.074497,0.113398,-1.207766,506.666667,1.213077,275.363804,0.240843,0.144772,0.281006,1.025480,
7611,163,3.814890,-0.454061,-0.077266,-1.034950,507.333333,1.037830,265.730383,-0.285996,0.259223,0.385993,1.050640,
7621,163,3.684463,-0.902457,-0.149736,-1.146851,508.000000,1.156584,262.561381,-0.108704,-0.167851,0.199977,1.120930,
7631,163,3.695101,-1.371542,0.024029,-1.221323,508.666667,1.221559,271.127106,0.260647,-0.111708,0.283576,0.990492,
7641,163,3.703686,-1.879515,0.021462,-1.269933,509.333333,1.270114,270.968220,-0.003850,-0.072915,0.073016,1.088884,
8051,164,2.185577,-7.925108,0.073110,1.341503,536.666667,1.343493,86.880565,,,,0.681697,
8061,164,2.214821,-7.388507,0.052931,1.392023,537.333333,1.393029,87.822388,-0.030267,0.075780,0.081601,0.664641,
8071,164,2.227922,-6.811490,0.013963,1.518072,538.000000,1.518137,89.473028,-0.058453,0.189075,0.197904,0.619837,0.282577
8081,164,2.225991,-6.174049,0.107839,1.557995,538.666667,1.561723,86.040483,0.140815,0.059884,0.153020,0.608536,0.062235
8091,164,2.314194,-5.565094,-0.010226,1.493012,539.333333,1.493047,90.392429,-0.177098,-0.097474,0.202151,0.511580,
8101,164,2.217810,-4.979639,-0.145703,1.529362,540.000000,1.536287,95.442153,-0.203215,0.054525,0.210403,0.593114,
8111,164,2.197632,-4.341604,-0.023568,1.666333,540.666667,1.666500,90.810328,0.183201,0.205456,0.275273,0.652978,
8121,164,2.198955,-3.646573,-0.092022,1.673561,541.333333,1.676089,93.147285,-0.102681,0.010841,0.103251,0.683721,
8131,164,2.124014,-3.002755,-0.100101,1.525025,542.000000,1.528306,93.755435,-0.012118,-0.222804,0.223134,0.756784,
8141,164,2.118875,-2.426553,0.081092,1.477550,542.666667,1.479773,86.858586,0.271790,-0.071212,0.280964,0.819424,
8151,164,2.188888,-1.820716,0.175032,1.514594,543.333333,1.524674,83.407919,0.140910,0.055566,0.151470,0.721737,0.503282
8051,165,2.788905,-8.242450,0.130135,1.577529,536.666667,1.582887,85.284168,,,,0.681697,
8061,165,2.840959,-7.611439,0.038511,1.558279,537.333333,1.558755,88.584296,-0.137437,-0.028874,0.140437,0.664641,
8071,165,2.819714,-6.995827,-0.053106,1.538806,538.000000,1.539722,91.976555,-0.137425,-0.029210,0.140495,0.619837,0.282577
8081,165,2.798475,-6.380394,-0.054418,1.513747,538.666667,1.514724,92.058859,-0.001968,-0.037589,0.037640,0.608536,0.062235
8091,165,2.776179,-5.784830,-0.033167,1.486595,539.333333,1.486964,91.278090,0.031877,-0.040728,0.051720,0.511580,
8101,165,2.771941,-5.191118,0.035825,1.503827,540.000000,1.504254,88.635311,0.103488,0.025849,0.106668,0.593114,
8111,165,2.804840,-4.581768,0.037145,1.527133,540.666667,1.527584,88.606649,0.001979,0.034958,0.035014,0.652978,
8121,165,2.801657,-3.969412,0.018538,1.601305,541.333333,1.601412,89.336743,-0.027911,0.111259,0.114706,0.683721,
8131,165,2.819670,-3.300724,0.134917,1.659828,542.000000,1.665302,85.353002,0.174569,0.087784,0.195398,0.756784,
8141,165,2.909591,-2.641550,0.088570,1.638585,542.666667,1.640977,86.906018,-0.069520,-0.031864,0.076475,0.819424,
8151,165,2.890526,-1.989855,-0.047663,1.629237,543.333333,1.629934,91.675687,-0.204349,-0.014023,0.204830,0.721737,0.503282
8051,166,2.525021,-5.048841,0.210718,1.365460,536.666667,1.381623,81.227316,,,,2.896228,
8061,166,2.609308,-4.502657,0.171941,1.491470,537.333333,1.501348,83.423789,-0.058165,0.189015,0.197762,2.912688,
8071,166,2.662574,-3.855665,0.224538,1.630068,538.000000,1.645460,82.157015,0.078894,0.207897,0.222364,2.987612,
8081,166,2.788938,-3.198603,0.171204,1.485072,538.666667,1.494908,83.423789,-0.080000,-0.217493,0.231740,2.725462,
8091,166,2.799537,-2.667607,0.030456,1.400253,539.333333,1.400584,88.753972,-0.211121,-0.127230,0.246494,1.894590,
8101,166,2.813303,-2.078400,0.237733,1.469740,540.000000,1.488843,80.811890,0.310915,0.104232,0.327921,1.748596,
8111,166,2.989723,-1.491815,0.282339,1.460774,540.666667,1.487809,79.060722,0.066909,-0.013450,0.068248,2.464263,
8121,166,3.039174,-0.909782,0.101170,1.457075,541.333333,1.460583,86.028114,-0.271754,-0.005547,0.271810,2.643044,
8131,166,3.070660,-0.326155,0.060253,1.534278,542.000000,1.535460,87.751097,-0.061377,0.115804,0.131063,2.169487,
8141,166,3.087376,0.317641,-0.069942,1.626371,542.666667,1.627875,92.462490,-0.195292,0.138140,0.239211,2.213640,
8151,166,3.014706,0.974943,-0.181677,1.643255,543.333333,1.653268,96.308950,-0.167602,0.025325,0.169505,2.915078,
8051,167,1.117981,0.957533,-0.004502,-1.747447,536.666667,1.747453,269.852376,,,,6.168978,
8061,167,1.116180,0.258554,-0.074395,-1.738301,537.333333,1.739892,267.549381,-0.104839,0.013719,0.105733,4.989846,
8071,167,1.058465,-0.433108,-0.046923,-1.668903,538.000000,1.669563,268.389500,0.041208,0.104097,0.111957,3.779823,
8081,167,1.078641,-1.076569,0.094260,-1.664633,538.666667,1.667300,273.240905,0.211774,0.006405,0.211870,2.725462,
8091,167,1.133872,-1.764814,0.042089,-1.758838,539.333333,1.759341,271.370825,-0.078256,-0.141307,0.161529,1.894590,
8101,167,1.112313,-2.483639,0.043510,-1.734049,540.000000,1.734595,271.437339,0.002132,0.037183,0.037244,1.748596,
8111,167,1.168680,-3.152054,0.069627,-1.688178,540.666667,1.689614,272.361762,0.039176,0.068806,0.079177,1.572823,
8121,167,1.168014,-3.834181,-0.027778,-1.753641,541.333333,1.753861,269.092492,-0.146108,-0.098194,0.176039,1.047873,
8131,167,1.146458,-4.554966,0.062687,-1.813870,542.000000,1.814953,271.979335,0.135697,-0.090344,0.163021,1.834387,
8141,167,1.218163,-5.285277,0.179265,-1.825777,542.666667,1.834557,275.607630,0.174867,-0.017861,0.175776,2.997263,
8091,168,0.903901,1.831099,0.144701,-0.773286,539.333333,0.786708,280.598851,,,,1.138931,
8101,168,0.961781,1.521784,0.088214,-0.938987,540.000000,0.943122,275.366941,-0.084730,-0.248551,0.262596,1.048470,
8111,168,0.974472,1.079909,-0.086432,-1.111842,540.666667,1.115196,265.554883,-0.261969,-0.259282,0.368585,1.007419,
8121,168,0.892635,0.632311,-0.016339,-1.123027,541.333333,1.123146,269.166470,0.105140,-0.016778,0.106471,1.069807,
8131,168,0.961401,0.181487,0.057923,-1.060148,542.000000,1.061729,273.127371,0.111393,0.094319,0.145961,1.403563,
8141,168,0.938974,-0.215808,-0.056067,-0.993237,542.666667,0.994818,266.769142,-0.170986,0.100367,0.198267,1.515573,
8091,169,-0.028284,1.176733,0.000000,0.000000,539.333333,0.000000,0.000000,,,,1.138931,
8101,169,-0.028284,1.176733,0.000000,0.000000,540.000000,0.000000,0.000000,0.000000,0.000000,0.000000,1.048470,
8111,169,-0.028284,1.176733,0.000000,0.000000,540.666667,0.000000,0.000000,0.000000,0.000000,0.000000,1.007419,
8121,169,-0.028284,1.176733,0.000000,0.000000,541.333333,0.000000,0.000000,0.000000,0.000000,0.000000,1.069807,
8131,169,-0.028284,1.176733,0.000000,0.000000,542.000000,0.000000,0.000000,0.000000,0.000000,0.000000,1.403563,
8141,169,-0.028284,1.176733,0.000000,0.000000,542.666667,0.000000,0.000000,0.000000,0.000000,0.000000,1.671794,
8151,169,-0.028284,1.176733,0.000000,0.000000,543.333333,0.000000,0.000000,0.000000,0.000000,0.000000,1.671794,
8091,170,-0.549951,-0.490163,0.000000,0.000000,539.333333,0.000000,0.000000,,,,1.746619,
8101,170,-0.549951,-0.490163,0.000000,0.000000,540.000000,0.000000,0.000000,0.000000,0.000000,0.000000,1.746619,
8111,170,-0.549951,-0.490163,-0.018218,0.104297,540.666667,0.105876,99.908068,-0.027327,0.156446,0.158814,1.746619,
8121,170,-0.564525,-0.406726,-0.018218,0.104297,541.333333,0.105876,99.908068,0.000000,0.000000,0.000000,1.671794,
8131,170,-0.564525,-0.406726,0.000000,0.000000,542.000000,0.000000,0.000000,0.027327,-0.156446,0.158814,1.635373,
8141,170,-0.564525,-0.406726,0.000000,0.000000,542.666667,0.000000,0.000000,0.000000,0.000000,0.000000,1.515573,
8151,170,-0.564525,-0.406726,0.000000,0.000000,543.333333,0.000000,0.000000,0.000000,0.000000,0.000000,1.671794,
9261,174,0.950956,1.663463,0.028924,-1.154221,617.333333,1.154584,271.435506,,,,0.745753,1.978445
9271,174,0.962526,1.201774,0.002788,-1.200409,618.000000,1.200413,270.133067,-0.039205,-0.069282,0.079605,0.714517,3.287968
9281,174,0.953187,0.703135,0.046672,-1.257448,618.666667,1.258314,272.125619,0.065825,-0.085558,0.107950,0.716101,1.726990
9291,174,0.999863,0.195816,0.046687,-1.258068,619.333333,1.258934,272.125291,0.000024,-0.000930,0.000930,0.660381,2.205556
9301,174,0.990537,-0.303319,-0.046683,-1.245107,620.000000,1.245982,267.852815,-0.140055,0.019442,0.141398,0.694235,
9311,174,0.962517,-0.800269,0.068641,-1.286547,620.666667,1.288377,273.053980,0.172985,-0.062160,0.183814,0.679795,0.692600
9321,174,1.045449,-1.332556,0.067279,-1.312213,621.333333,1.313937,272.935056,-0.002043,-0.038499,0.038553,0.601237,
9331,174,1.016340,-1.850040,-0.048049,-1.272417,622.000000,1.273324,267.837446,-0.172991,0.059693,0.183001,0.690864,
9341,174,1.007010,-2.350490,0.020592,-1.306942,622.666667,1.307104,270.902689,0.102961,-0.051787,0.115252,0.699923,
9351,174,1.032814,-2.895593,-0.075756,-1.347284,623.333333,1.349412,266.781714,-0.144523,-0.060512,0.156680,0.799326,
9361,174,0.946405,-3.428317,-0.075720,-1.348215,624.000000,1.350339,266.785476,0.000055,-0.001397,0.001398,0.928909,
9371,174,0.972238,-3.974165,0.063183,-1.389711,624.666667,1.391146,272.603148,0.208354,-0.062244,0.217453,0.896176,
9381,174,0.996952,-4.540086,-0.030446,-1.381079,625.333333,1.381414,268.737116,-0.140443,0.012949,0.141039,0.948591,
9391,174,0.947882,-5.079028,-0.005598,-1.358822,626.000000,1.358833,269.763977,0.037273,0.033385,0.050038,0.876126,1.775467
9401,174,0.992474,-5.627143,0.139066,-1.296824,626.666667,1.304259,276.120756,0.216995,0.092997,0.236083,0.817347,0.661968
9411,174,1.059134,-6.116487,0.002827,-1.210017,627.333333,1.210020,270.133859,-0.204358,0.130210,0.242316,0.605141,0.028737
9421,174,0.994735,-6.595157,-0.095019,-1.278377,628.000000,1.281903,265.749140,-0.146769,-0.102539,0.179040,0.669984,
9431,174,0.983119,-7.139188,-0.071749,-1.282007,628.666667,1.284014,266.796735,0.034906,-0.005447,0.035328,0.596787,
9441,174,0.937336,-7.620763,-0.211427,-1.249359,629.333333,1.267123,260.394939,-0.209517,0.048972,0.215165,0.564085,
9451,174,0.813977,-8.138676,-0.167443,-1.304910,630.000000,1.315609,262.687894,0.065976,-0.083326,0.106282,0.730267,
9461,174,0.803382,-8.664691,-0.026489,-1.315037,630.666667,1.315304,268.846036,0.211431,-0.015192,0.211976,0.736784,
9261,175,1.640292,1.948005,-0.022519,-1.236603,617.333333,1.236808,268.956748,,,,0.745753,1.978445
9271,175,1.631284,1.453364,-0.022527,-1.237082,618.000000,1.237287,268.956748,-0.000013,-0.000718,0.000718,0.714517,3.287968
9281,175,1.622270,0.958340,-0.023918,-1.262681,618.666667,1.262908,268.914841,-0.002085,-0.038399,0.038456,0.716101,1.726990
9291,175,1.612150,0.443219,0.022136,-1.270407,619.333333,1.270600,270.998244,0.069080,-0.011590,0.070046,0.660381,2.205556
9301,175,1.639979,-0.057986,-0.022582,-1.240008,620.000000,1.240214,268.956715,-0.067076,0.045599,0.081108,0.694235,
9311,175,1.594085,-0.548788,-0.070046,-1.258941,620.666667,1.260888,266.815415,-0.071197,-0.028399,0.076652,0.679795,0.692600
9321,175,1.583942,-1.065139,0.068253,-1.278734,621.333333,1.280554,273.055269,0.207448,-0.029690,0.209562,0.601237,
9331,175,1.648687,-1.571775,0.091331,-1.282177,622.000000,1.285425,274.074382,0.034618,-0.005164,0.035001,0.690864,
9341,175,1.657007,-2.090880,0.160315,-1.289909,622.666667,1.299833,277.084601,0.103475,-0.011599,0.104123,0.699923,
9351,175,1.776939,-2.603702,0.226571,-1.347133,623.333333,1.366054,279.547094,0.099385,-0.085836,0.131321,0.799326,
9361,175,1.838264,-3.168587,0.062749,-1.377022,624.000000,1.378451,272.609070,-0.245734,-0.044832,0.249790,0.928909,
9371,175,1.827138,-3.705320,0.085702,-1.379069,624.666667,1.381729,273.556052,0.034430,-0.003071,0.034566,0.896176,
9381,175,1.906825,-4.271842,-0.053608,-1.390976,625.333333,1.392009,267.792916,-0.208965,-0.017861,0.209727,0.948591,
9391,175,1.784251,-4.818101,-0.188846,-1.328693,626.000000,1.342046,261.910799,-0.202856,0.093425,0.223335,0.876126,1.775467
9401,175,1.755749,-5.334797,-0.232967,-1.278492,626.666667,1.299545,259.672880,-0.066182,0.075301,0.100251,0.817347,0.661968
9411,175,1.597878,-5.840894,-0.226298,-1.156174,627.333333,1.178112,258.925481,0.010002,0.183478,0.183750,0.605141,0.028737
9421,175,1.574710,-6.259735,-0.202609,-1.136742,628.000000,1.154657,259.893909,0.035534,0.029147,0.045959,0.669984,0.752574
9431,175,1.435790,-6.750288,-0.321831,-1.180076,628.666667,1.223175,254.745223,-0.178833,-0.065002,0.190280,0.596787,0.350199
9441,175,1.317245,-7.203797,-0.152736,-1.069730,629.333333,1.080579,261.874208,0.253642,0.165519,0.302872,0.471659,
9451,175,1.313601,-7.606072,-0.039378,-1.129946,630.000000,1.130632,268.004090,0.170038,-0.090324,0.192539,0.626209,
9461,175,1.285743,-8.107754,-0.069646,-1.254204,630.666667,1.256137,266.821617,-0.045403,-0.186387,0.191837,0.736784,
9281,176,-0.408516,-4.073627,-0.040612,0.973444,618.666667,0.974291,92.389000,,,,2.990152,
9291,176,-0.424761,-3.684249,-0.016540,0.970722,619.333333,0.970863,90.976165,0.036108,-0.004083,0.036338,2.616282,
9301,176,-0.421748,-3.297049,-0.073489,0.824062,620.000000,0.827332,95.096066,-0.085423,-0.219990,0.235993,2.293897,
9311,176,-0.483552,-3.025000,-0.154509,0.680124,620.666667,0.697454,102.799096,-0.121531,-0.215907,0.247761,2.009528,2.025824
9281,177,-1.317370,-1.224944,0.000000,0.000000,618.666667,0.000000,0.000000,,,,2.978744,
9291,177,-1.317370,-1.224944,0.003006,0.050928,619.333333,0.051017,86.622324,0.004509,0.076392,0.076525,2.616282,
9301,177,-1.314966,-1.184201,0.027473,0.047728,620.000000,0.055071,60.074565,0.036701,-0.004800,0.037014,2.293897,
9311,177,-1.295392,-1.186761,0.048925,-0.006398,620.666667,0.049342,352.549390,0.032178,-0.081190,0.087334,2.009528,2.025824
9321,177,-1.275826,-1.189320,0.047406,-0.031844,621.333333,0.057109,326.109173,-0.002279,-0.038169,0.038237,1.862070,
9331,177,-1.257467,-1.212237,0.045896,-0.057292,622.000000,0.073408,308.697969,-0.002265,-0.038171,0.038238,1.758548,
9321,178,-0.653773,-2.944415,-0.484406,0.055190,621.333333,0.487540,173.500100,,,,1.862070,
9331,178,-0.847536,-2.922338,-0.484406,0.055190,622.000000,0.487540,173.500100,0.000000,0.000000,0.000000,1.758548,
9371,179,0.533974,-7.390434,-0.166548,0.417681,624.666667,0.449662,111.739334,,,,1.755760,
9381,179,0.467355,-7.223361,-0.188935,0.444950,625.333333,0.483402,113.007110,-0.033581,0.040904,0.052923,1.635495,
9391,179,0.382826,-7.034473,-0.143096,0.416633,626.000000,0.440522,108.955491,0.068759,-0.042476,0.080821,1.504816,
9401,179,0.352878,-6.890054,-0.045404,0.460433,626.666667,0.462666,95.631879,0.146538,0.065699,0.160592,1.415637,
9411,179,0.346502,-6.666127,-0.069176,0.462433,627.333333,0.467578,98.507918,-0.035658,0.003000,0.035784,0.899971,
9421,179,0.297537,-6.520108,-0.241490,0.374738,628.000000,0.445810,122.798710,-0.258471,-0.131541,0.290018,0.701226,
9431,179,0.153310,-6.366336,-0.361067,0.384962,628.666667,0.527793,133.165417,-0.179364,0.015336,0.180019,1.133968,
9441,179,0.008683,-6.212139,-0.119994,0.416818,629.333333,0.433747,106.060042,0.361610,0.047784,0.364753,1.209328,7.458195
9451,179,0.057315,-6.032882,0.121579,0.448142,630.000000,0.464341,74.821322,0.362358,0.046986,0.365392,1.336349,1.516238
9371,180,-1.088788,-6.720107,0.000000,0.000000,624.666667,0.000000,0.000000,,,,1.755760,
9381,180,-1.088788,-6.720107,0.000000,0.000000,625.333333,0.000000,0.000000,0.000000,0.000000,0.000000,1.635495,
9391,180,-1.088788,-6.720107,0.000000,0.000000,626.000000,0.000000,0.000000,0.000000,0.000000,0.000000,1.504816,
9401,180,-1.088788,-6.720107,0.000000,0.000000,626.666667,0.000000,0.000000,0.000000,0.000000,0.000000,1.451648,
9411,180,-1.088788,-6.720107,0.000000,0.000000,627.333333,0.000000,0.000000,0.000000,0.000000,0.000000,1.436304,
9421,180,-1.088788,-6.720107,0.000000,0.000000,628.000000,0.000000,0.000000,0.000000,0.000000,0.000000,1.400676,
9431,180,-1.088788,-6.720107,0.000000,0.000000,628.666667,0.000000,0.000000,0.000000,0.000000,0.000000,1.291495,
9441,180,-1.088788,-6.720107,0.000000,0.000000,629.333333,0.000000,0.000000,0.000000,0.000000,0.000000,1.209328,
9451,180,-1.088788,-6.720107,0.000000,0.000000,630.000000,0.000000,0.000000,0.000000,0.000000,0.000000,1.336349,
9461,180,-1.088788,-6.720107,0.000000,0.000000,630.666667,0.000000,0.000000,0.000000,0.000000,0.000000,1.533150,
9471,180,-1.088788,-6.720107,0.000000,0.000000,631.333333,0.000000,0.000000,0.000000,0.000000,0.000000,1.421072,
9481,180,-1.088788,-6.720107,0.000000,0.000000,632.000000,0.000000,0.000000,0.000000,0.000000,0.000000,1.432405,
9491,180,-1.088788,-6.720107,0.000000,0.000000,632.666667,0.000000,0.000000,0.000000,0.000000,0.000000,1.569847,
9501,180,-1.088788,-6.720107,0.000000,0.000000,633.333333,0.000000,0.000000,0.000000,0.000000,0.000000,1.504809,5.325062
9511,180,-1.088788,-6.720107,0.000000,0.000000,634.000000,0.000000,0.000000,0.000000,0.000000,0.000000,1.420378,
9521,180,-1.088788,-6.720107,0.000000,0.000000,634.666667,0.000000,0.000000,0.000000,0.000000,0.000000,1.447914,
9531,180,-1.088788,-6.720107,-0.030438,-0.100784,635.333333,0.105280,253.195362,-0.045656,-0.151177,0.157920,1.447914,
9541,180,-1.113138,-6.800734,0.000000,0.000000,636.000000,0.000000,0.000000,0.045656,0.151177,0.157920,1.520977,
9551,180,-1.088788,-6.720107,0.030438,0.100784,636.666667,0.105280,73.195362,0.045656,0.151177,0.157920,1.447914,
9561,180,-1.088788,-6.720107,0.000000,0.000000,637.333333,0.000000,0.000000,-0.045656,-0.151177,0.157920,1.447914,
9571,180,-1.088788,-6.720107,0.000000,0.000000,638.000000,0.000000,0.000000,0.000000,0.000000,0.000000,1.447914,7.206981
9581,180,-1.088788,-6.720107,0.000000,0.000000,638.666667,0.000000,0.000000,0.000000,0.000000,0.000000,1.352345,3.203490
9591,180,-1.088788,-6.720107,0.000000,0.000000,639.333333,0.000000,0.000000,0.000000,0.000000,0.000000,1.464673,
9601,180,-1.088788,-6.720107,0.000000,0.000000,640.000000,0.000000,0.000000,0.000000,0.000000,0.000000,1.464673,
9611,180,-1.088788,-6.720107,0.000000,0.000000,640.666667,0.000000,0.000000,0.000000,0.000000,0.000000,1.295616,8.127495
9621,180,-1.088788,-6.720107,0.000000,0.000000,641.333333,0.000000,0.000000,0.000000,0.000000,0.000000,1.295616,1.489757
9631,180,-1.088788,-6.720107,0.000000,0.000000,642.000000,0.000000,0.000000,0.000000,0.000000,0.000000,0.915307,0.566767
9641,180,-1.088788,-6.720107,-0.022945,0.027503,642.666667,0.035818,129.837549,-0.034418,0.041255,0.053727,0.818731,
9651,180,-1.107144,-6.698104,-0.022945,0.027503,643.333333,0.035818,129.837549,0.000000,0.000000,0.000000,0.809243,
9661,180,-1.107144,-6.698104,0.000000,0.000000,644.000000,0.000000,0.000000,0.034418,-0.041255,0.053727,0.825160,5.388183
9671,180,-1.107144,-6.698104,0.000000,0.000000,644.666667,0.000000,0.000000,0.000000,0.000000,0.000000,0.829577,
9681,180,-1.107144,-6.698104,0.000000,0.000000,645.333333,0.000000,0.000000,0.000000,0.000000,0.000000,0.945177,
9691,180,-1.107144,-6.698104,0.000000,0.000000,646.000000,0.000000,0.000000,0.000000,0.000000,0.000000,1.079099,
9701,180,-1.107144,-6.698104,0.000000,0.000000,646.666667,0.000000,0.000000,0.000000,0.000000,0.000000,1.079099,
9711,180,-1.107144,-6.698104,0.000000,0.000000,647.333333,0.000000,0.000000,0.000000,0.000000,0.000000,1.079099,
9721,180,-1.107144,-6.698104,0.000000,0.000000,648.000000,0.000000,0.000000,0.000000,0.000000,0.000000,1.071196,
9731,180,-1.107144,-6.698104,0.000000,0.000000,648.666667,0.000000,0.000000,0.000000,0.000000,0.000000,1.071196,
9741,180,-1.107144,-6.698104,0.000000,0.000000,649.333333,0.000000,0.000000,0.000000,0.000000,0.000000,1.071196,
9751,180,-1.107144,-6.698104,0.000000,0.000000,650.000000,0.000000,0.000000,0.000000,0.000000,0.000000,1.071196,
9761,180,-1.107144,-6.698104,0.000000,0.000000,650.666667,0.000000,0.000000,0.000000,0.000000,0.000000,1.071196,
9771,180,-1.107144,-6.698104,0.000000,0.000000,651.333333,0.000000,0.000000,0.000000,0.000000,0.000000,1.071196,
9781,180,-1.107144,-6.698104,0.000000,0.000000,652.000000,0.000000,0.000000,0.000000,0.000000,0.000000,1.071196,
9791,180,-1.107144,-6.698104,0.000000,0.000000,652.666667,0.000000,0.000000,0.000000,0.000000,0.000000,1.071196,
9801,180,-1.107144,-6.698104,0.000000,0.000000,653.333333,0.000000,0.000000,0.000000,0.000000,0.000000,1.071196,
9811,180,-1.107144,-6.698104,0.000000,0.000000,654.000000,0.000000,0.000000,0.000000,0.000000,0.000000,1.071196,
9821,180,-1.107144,-6.698104,0.000000,0.000000,654.666667,0.000000,0.000000,0.000000,0.000000,0.000000,1.071196,
9831,180,-1.107144,-6.698104,0.000000,0.000000,655.333333,0.000000,0.000000,0.000000,0.000000,0.000000,1.071196,
9841,180,-1.107144,-6.698104,0.000000,0.000000,656.000000,0.000000,0.000000,0.000000,0.000000,0.000000,1.071196,
9851,180,-1.107144,-6.698104,0.000000,0.000000,656.666667,0.000000,0.000000,0.000000,0.000000,0.000000,1.071196,
9861,180,-1.107144,-6.698104,0.000000,0.000000,657.333333,0.000000,0.000000,0.000000,0.000000,0.000000,1.071196,
9871,180,-1.107144,-6.698104,0.000000,0.000000,658.000000,0.000000,0.000000,0.000000,0.000000,0.000000,1.071196,
9881,180,-1.107144,-6.698104,0.000000,0.000000,658.666667,0.000000,0.000000,0.000000,0.000000,0.000000,1.071196,
9891,180,-1.107144,-6.698104,0.000000,0.000000,659.333333,0.000000,0.000000,0.000000,0.000000,0.000000,1.071196,
9901,180,-1.107144,-6.698104,0.000000,0.000000,660.000000,0.000000,0.000000,0.000000,0.000000,0.000000,1.071196,
9911,180,-1.107144,-6.698104,0.000000,0.000000,660.666667,0.000000,0.000000,0.000000,0.000000,0.000000,1.071196,
9921,180,-1.107144,-6.698104,0.000000,0.000000,661.333333,0.000000,0.000000,0.000000,0.000000,0.000000,1.063605,
9931,180,-1.107144,-6.698104,0.000000,0.000000,662.000000,0.000000,0.000000,0.000000,0.000000,0.000000,1.063605,
9941,180,-1.107144,-6.698104,0.000000,0.000000,662.666667,0.000000,0.000000,0.000000,0.000000,0.000000,1.063605,
9951,180,-1.107144,-6.698104,0.000000,0.000000,663.333333,0.000000,0.000000,0.000000,0.000000,0.000000,1.063605,
9961,180,-1.107144,-6.698104,0.000000,0.000000,664.000000,0.000000,0.000000,0.000000,0.000000,0.000000,1.063605,
9971,180,-1.107144,-6.698104,0.000000,0.000000,664.666667,0.000000,0.000000,0.000000,0.000000,0.000000,1.063605,
9981,180,-1.107144,-6.698104,0.000000,0.000000,665.333333,0.000000,0.000000,0.000000,0.000000,0.000000,1.063605,
9991,180,-1.107144,-6.698104,0.000000,0.000000,666.000000,0.000000,0.000000,0.000000,0.000000,0.000000,1.063605,
9401,181,1.172077,-9.816996,0.092334,1.662127,626.666667,1.664690,86.820378,,,,0.755208,1.217504
9411,181,1.209010,-9.152145,0.294936,1.522995,627.333333,1.551290,79.040016,0.303903,-0.208699,0.368663,0.734164,0.716703
9421,181,1.408026,-8.598600,0.493602,1.330558,628.000000,1.419164,69.646494,0.297998,-0.288654,0.414878,0.601173,0.006355
9431,181,1.603892,-8.087699,0.160765,1.221596,628.666667,1.232129,82.502820,-0.499255,-0.163443,0.525327,0.586709,0.350199
9441,181,1.536638,-7.621323,-0.020851,1.306122,629.333333,1.306289,90.914591,-0.272424,0.126789,0.300483,0.471659,1.938583
9451,181,1.587211,-7.042801,0.263487,1.409019,630.000000,1.433443,79.407989,0.426507,0.154345,0.453576,0.626209,1.077635
9461,181,1.747428,-6.494108,0.267190,1.480360,630.666667,1.504279,79.768834,0.005554,0.107011,0.107155,0.679722,2.089674
9471,181,1.800963,-5.858513,0.182418,1.632851,631.333333,1.643009,83.625503,-0.127159,0.228737,0.261706,0.768684,1.498788
9481,181,1.893362,-5.187828,0.248164,1.573099,632.000000,1.592554,81.035187,0.098620,-0.089628,0.133263,0.688120,0.577867
9491,181,1.999494,-4.600033,0.215140,1.398052,632.666667,1.414509,81.251631,-0.049536,-0.262571,0.267203,0.643353,2.028251
9501,181,2.065474,-4.069386,0.152771,1.525281,633.333333,1.532912,84.280369,-0.093553,0.190843,0.212540,0.684068,1.465196
9511,181,2.121711,-3.379809,0.094821,1.727700,634.000000,1.730300,86.858586,-0.086925,0.303629,0.315826,0.689052,1.064635
9521,181,2.141331,-2.687226,-0.004727,1.588475,634.666667,1.588482,90.170485,-0.149322,-0.208838,0.256730,0.653430,0.773958
9531,181,2.117930,-2.109029,0.107850,1.547155,635.333333,1.550909,86.012447,0.168865,-0.061980,0.179880,0.722871,0.387275
9541,181,2.227611,-1.449502,0.115975,1.693079,636.000000,1.697046,86.081379,0.012188,0.218886,0.219225,0.625538,
9551,181,2.210710,-0.754566,-0.091836,1.670056,636.666667,1.672579,93.147518,-0.311717,-0.034535,0.313624,0.675323,0.392952
9561,181,2.154142,-0.113457,0.088826,1.617193,637.333333,1.619631,86.856135,0.270993,-0.079294,0.282356,0.636324,0.027134
9571,181,2.281771,0.539189,-0.024818,1.634528,638.000000,1.634717,90.869890,-0.170466,0.026003,0.172438,0.662162,
9581,181,2.134288,1.194165,-0.190765,1.535587,638.666667,1.547391,97.081539,-0.248920,-0.148412,0.289806,0.757805,
9591,181,2.129159,1.767658,-0.006073,1.555447,639.333333,1.555458,90.223704,0.277038,0.029790,0.278635,0.755746,1.708275
9601,181,2.129429,2.438522,-0.162857,1.631891,640.000000,1.639997,95.699058,-0.235176,0.114666,0.261641,0.679136,
9611,181,1.998873,3.073171,-0.326390,1.586621,640.666667,1.619844,101.624372,-0.245299,-0.067905,0.254524,0.791590,
9401,182,1.892060,-9.589043,0.082065,1.499359,626.666667,1.501603,86.867151,,,,0.755208,
9411,182,1.924886,-8.989299,0.123879,1.420739,627.333333,1.426129,85.016796,0.062721,-0.117931,0.133573,0.734164,0.716703
9421,182,1.991164,-8.452452,0.302984,1.331742,628.000000,1.365773,77.182822,0.268658,-0.133495,0.299997,0.601173,0.006355
9431,182,2.167274,-7.923906,0.223168,1.558344,628.666667,1.574243,81.850191,-0.119725,0.339904,0.360373,0.586709,
9441,182,2.169698,-7.205776,0.059730,1.516287,629.333333,1.517463,87.744162,-0.245157,-0.063086,0.253144,0.757261,2.739288
9451,182,2.215057,-6.710876,0.145569,1.407691,630.000000,1.415198,84.096049,0.128759,-0.162894,0.207637,0.710187,1.077635
9461,182,2.286153,-6.079624,0.228418,1.670989,630.666667,1.686529,82.216140,0.124273,0.394947,0.414038,0.679722,
9471,182,2.397791,-5.374085,0.223904,1.593061,631.333333,1.608719,81.999518,-0.006771,-0.116892,0.117088,0.768684,2.647988
9481,182,2.465276,-4.805175,0.147208,1.447768,632.000000,1.455233,84.194176,-0.115044,-0.217939,0.246440,0.688120,0.577867
9491,182,2.515558,-4.215870,0.105625,1.523630,632.666667,1.527287,86.034329,-0.062373,0.113793,0.129766,0.643353,
9501,182,2.549776,-3.586270,0.198471,1.559554,633.333333,1.572132,82.747429,0.139269,0.053885,0.149330,0.684068,
9511,182,2.674335,-2.968227,0.196896,1.532040,634.000000,1.544641,82.676577,-0.002364,-0.041270,0.041338,0.689052,
9521,182,2.707292,-2.360638,0.041243,1.597136,634.666667,1.597669,88.520763,-0.233478,0.097644,0.253074,0.653430,
9531,182,2.707329,-1.690518,0.133826,1.631600,635.333333,1.637079,85.311036,0.138873,0.051695,0.148183,0.722871,
9541,182,2.814353,-1.055359,0.129806,1.556238,636.000000,1.561642,85.231993,-0.006029,-0.113042,0.113203,0.706835,
9551,182,2.811174,-0.445527,-0.076719,1.509859,636.666667,1.511806,92.908828,-0.309788,-0.069569,0.317503,0.675323,
9561,182,2.752977,0.152528,0.044892,1.661875,637.333333,1.662482,88.452670,0.182416,0.228025,0.292012,0.655250,
9571,182,2.847087,0.883973,0.071408,1.730598,638.000000,1.732071,87.637187,0.039775,0.103084,0.110492,0.662162,
9581,182,2.810104,1.537007,-0.052835,1.527829,638.666667,1.528742,91.980607,-0.186365,-0.304154,0.356709,0.757805,
9591,182,2.804819,2.106236,-0.058108,1.430596,639.333333,1.431776,92.325947,-0.007909,-0.145849,0.146063,0.755746,1.708275
9601,182,2.763618,2.681484,-0.055447,1.478498,640.000000,1.479537,92.147716,0.003991,0.071853,0.071963,0.679136,
9611,182,2.760462,3.289035,-0.007891,1.518877,640.666667,1.518898,90.297660,0.071334,0.060569,0.093580,0.791590,
9411,183,-0.953375,-4.736065,1.116565,0.761933,627.333333,1.351761,34.309241,,,,1.988658,1.613885
9421,183,-0.506750,-4.431292,1.409045,0.930691,628.000000,1.688666,33.445225,0.438721,0.253137,0.506512,1.980988,1.191615
9431,183,0.173861,-3.991512,1.503801,0.733807,628.666667,1.673287,26.010889,0.142133,-0.295326,0.327749,1.913178,
9441,183,0.696291,-3.844247,1.320921,0.338737,629.333333,1.363663,14.383000,-0.274320,-0.592604,0.653017,1.535172,2.260640
9451,183,1.230598,-3.720523,1.355506,0.379388,630.000000,1.407598,15.636237,0.051877,0.060977,0.080059,1.073710,1.736608
9461,183,1.780696,-3.540736,1.380669,0.271947,630.666667,1.407197,11.142755,0.037745,-0.161163,0.165524,1.141962,
9471,183,2.335133,-3.502965,1.355641,0.096419,631.333333,1.359066,4.068254,-0.037542,-0.263292,0.265955,1.781873,
9481,183,2.865209,-3.463601,1.361043,0.068464,632.000000,1.362764,2.879704,0.008103,-0.041932,0.042707,1.399917,
9491,183,3.423967,-3.448194,1.291831,-0.121217,632.666667,1.297505,354.639422,-0.103818,-0.284522,0.302871,1.189342,
9501,183,3.898674,-3.560575,1.186765,-0.280952,633.333333,1.219568,346.681133,-0.157598,-0.239602,0.286786,1.349142,
9411,184,-1.059549,-2.528997,0.000000,0.000000,627.333333,0.000000,0.000000,,,,1.462441,
9421,184,-1.059549,-2.528997,0.000000,0.000000,628.000000,0.000000,0.000000,0.000000,0.000000,0.000000,1.502935,
9431,184,-1.059549,-2.528997,0.000000,0.000000,628.666667,0.000000,0.000000,0.000000,0.000000,0.000000,1.543423,
9441,184,-1.059549,-2.528997,0.000000,0.000000,629.333333,0.000000,0.000000,0.000000,0.000000,0.000000,1.543423,7.458195
9451,184,-1.059549,-2.528997,0.000000,0.000000,630.000000,0.000000,0.000000,0.000000,0.000000,0.000000,1.502973,
9461,184,-1.059549,-2.528997,0.000000,0.000000,630.666667,0.000000,0.000000,0.000000,0.000000,0.000000,1.463209,
9471,184,-1.059549,-2.528997,0.000000,0.000000,631.333333,0.000000,0.000000,0.000000,0.000000,0.000000,1.443670,
9481,184,-1.059549,-2.528997,0.000000,0.000000,632.000000,0.000000,0.000000,0.000000,0.000000,0.000000,1.463986,
9491,184,-1.059549,-2.528997,-0.170794,0.020091,632.666667,0.171972,173.290924,-0.256191,0.030137,0.257957,1.483511,
9501,184,-1.196184,-2.512924,-0.341588,0.040182,633.333333,0.343943,173.290923,-0.256191,0.030137,0.257957,1.273733,
9411,185,-0.876608,-1.078043,0.054431,0.094936,627.333333,0.109433,60.172423,,,,0.832695,
9421,185,-0.854836,-1.040069,0.030180,0.098142,628.000000,0.102678,72.906928,-0.036377,0.004810,0.036694,1.050744,
9431,185,-0.852464,-0.999529,0.002964,0.050674,628.666667,0.050761,86.652475,-0.040823,-0.071202,0.082075,1.494641,
9441,185,-0.852464,-0.999529,-0.027213,-0.047453,629.333333,0.054703,240.166681,-0.045266,-0.147192,0.153995,1.543423,9.941901
9451,185,-0.874235,-1.037492,-0.078710,-0.091716,630.000000,0.120860,229.363980,-0.077245,-0.066394,0.101858,1.502973,
9461,185,-0.915433,-1.072902,-0.077262,-0.066409,630.666667,0.101880,220.679815,0.002172,0.037961,0.038023,0.627957,0.060520
9471,185,-0.936045,-1.090619,-0.024280,0.003215,631.333333,0.024491,172.456948,0.079474,0.104435,0.131236,0.567874,
9481,185,-0.934856,-1.070330,0.027250,0.047501,632.000000,0.054762,60.158065,0.077294,0.066428,0.101917,0.664188,
9491,185,-0.914245,-1.052618,0.075776,0.041048,632.666667,0.086180,28.444170,0.072789,-0.009680,0.073430,0.861401,
9501,185,-0.874235,-1.037492,0.074261,0.015687,633.333333,0.075900,11.927719,-0.002272,-0.038041,0.038109,1.188840,
9511,185,-0.854836,-1.040069,0.048489,-0.006441,634.000000,0.048915,352.433846,-0.038658,-0.033191,0.050952,1.454318,
9521,185,-0.835444,-1.042645,0.004446,0.076010,634.666667,0.076140,86.652475,-0.066065,0.123676,0.140215,1.433253,
9531,185,-0.851279,-0.979261,-0.045524,0.057125,635.333333,0.073046,128.551885,-0.074954,-0.028327,0.080129,1.337930,
9541,185,-0.871863,-0.996945,-0.077223,-0.066343,636.000000,0.101807,220.666344,-0.047548,-0.185202,0.191208,1.311339,
9551,185,-0.913057,-1.032336,-0.047039,0.031815,636.666667,0.056788,145.927413,0.045275,0.147237,0.154041,1.518325,
9561,185,-0.909494,-0.971493,0.002969,0.050704,637.333333,0.050790,86.648558,0.075013,0.028333,0.080185,1.966367,
9571,185,-0.910682,-0.991773,0.019815,-0.079277,638.000000,0.081716,284.033082,0.025268,-0.194971,0.196602,2.555619,
9581,185,-0.893642,-1.034914,0.019815,-0.079276,638.666667,0.081715,284.033740,0.000001,0.000002,0.000002,2.315109,
9591,185,-0.894829,-1.055193,0.021293,-0.053911,639.333333,0.057964,291.552118,0.002216,0.038047,0.038111,2.282389,
9601,185,-0.876608,-1.078043,0.047028,-0.031774,640.000000,0.056756,325.955630,0.038603,0.033206,0.050920,2.405036,
9611,185,-0.857207,-1.080612,-0.042592,0.107838,640.666667,0.115945,111.552118,-0.134430,0.209418,0.248852,2.649105,
9621,185,-0.910682,-0.991773,-0.072782,0.009638,641.333333,0.073417,172.456948,-0.045285,-0.147301,0.154105,3.134755,
9631,185,-0.915433,-1.072902,-0.033190,-0.148920,642.000000,0.152574,257.435818,0.059388,-0.237836,0.245139,2.903095,
9641,185,-0.937234,-1.110909,-0.028737,-0.072871,642.666667,0.078333,248.478078,0.006679,0.114073,0.114268,2.872375,
9651,185,-0.938422,-1.131199,0.024281,-0.003205,643.333333,0.024492,352.480053,0.079527,0.104499,0.131319,2.862844,
9661,185,-0.917809,-1.113473,0.077268,0.066445,644.000000,0.101908,40.693280,0.079480,0.104475,0.131271,2.426024,
9671,185,-0.876608,-1.078043,0.034659,0.174237,644.666667,0.177651,78.749720,-0.063913,0.161688,0.173862,1.871231,
9681,185,-0.890081,-0.974083,-0.088181,0.165027,645.333333,0.187109,118.117594,-0.184260,-0.013816,0.184777,1.568959,
9691,185,-0.947153,-0.946022,-0.069853,0.060434,646.000000,0.092367,139.135180,0.027492,-0.156889,0.159280,1.482873,
9701,185,-0.945964,-0.925736,0.066888,-0.111116,646.666667,0.129695,301.046727,0.205113,-0.257324,0.329070,1.681176,
9711,185,-0.893642,-1.034914,0.063918,-0.161822,647.333333,0.173988,291.553675,-0.004455,-0.076059,0.076189,1.966971,
9721,185,-0.894829,-1.055193,-0.004452,-0.076050,648.000000,0.076180,266.649864,-0.102555,0.128658,0.164531,2.376117,
9731,185,-0.897204,-1.095754,-0.004452,-0.076053,648.666667,0.076184,266.649864,-0.000000,-0.000005,0.000005,2.269666,
9741,185,-0.898391,-1.116036,-0.025756,-0.022148,649.333333,0.033969,220.693280,-0.031956,0.080858,0.086943,2.237721,
9751,185,-0.917809,-1.113473,-0.072844,0.009616,650.000000,0.073476,172.480053,-0.070632,0.047646,0.085200,2.216042,
9761,185,-0.956666,-1.108343,-0.048572,0.006412,650.666667,0.048993,172.480053,0.036408,-0.004806,0.036724,2.542526,
9771,185,-0.956666,-1.108343,0.024291,-0.003207,651.333333,0.024501,352.480053,0.109294,-0.014428,0.110242,2.874802,
9781,185,-0.937234,-1.110909,0.024291,-0.003207,652.000000,0.024501,352.480053,0.000000,0.000000,0.000000,3.310048,
9791,185,-0.937234,-1.110909,0.000000,0.000000,652.666667,0.000000,0.000000,-0.036436,0.004810,0.036752,3.810478,
9801,185,-0.937234,-1.110909,0.000000,0.000000,653.333333,0.000000,0.000000,0.000000,0.000000,0.000000,4.390141,
9811,185,-0.937234,-1.110909,0.000000,0.000000,654.000000,0.000000,0.000000,0.000000,0.000000,0.000000,4.597346,
9821,185,-0.937234,-1.110909,0.000000,0.000000,654.666667,0.000000,0.000000,0.000000,0.000000,0.000000,4.597346,
9831,185,-0.937234,-1.110909,0.000000,0.000000,655.333333,0.000000,0.000000,0.000000,0.000000,0.000000,4.500868,
9841,185,-0.937234,-1.110909,0.000000,0.000000,656.000000,0.000000,0.000000,0.000000,0.000000,0.000000,4.447548,
9851,185,-0.937234,-1.110909,-0.042641,0.107894,656.666667,0.116015,111.564587,-0.063962,0.161842,0.174022,4.395442,9.131384
9861,185,-0.971347,-1.024593,0.024281,-0.003205,657.333333,0.024492,352.480053,0.100384,-0.166649,0.194548,4.392707,
9871,185,-0.917809,-1.113473,0.066923,-0.111100,658.000000,0.129699,301.063295,0.063962,-0.161842,0.174022,4.347695,
9881,185,-0.917809,-1.113473,0.000000,0.000000,658.666667,0.000000,0.000000,-0.100384,0.166649,0.194548,4.324327,7.494215
9891,185,-0.917809,-1.113473,0.000000,0.000000,659.333333,0.000000,0.000000,0.000000,0.000000,0.000000,4.205504,
9901,185,-0.917809,-1.113473,-0.024281,0.003205,660.000000,0.024492,172.480053,-0.036422,0.004808,0.036738,4.150783,
9911,185,-0.937234,-1.110909,-0.024281,0.003205,660.666667,0.024492,172.480053,0.000000,0.000000,0.000000,4.047585,
9921,185,-0.937234,-1.110909,0.000000,0.000000,661.333333,0.000000,0.000000,0.036422,-0.004808,0.036738,3.884446,
9931,185,-0.937234,-1.110909,0.000000,0.000000,662.000000,0.000000,0.000000,0.000000,0.000000,0.000000,3.802335,
9941,185,-0.937234,-1.110909,0.022796,-0.028564,662.666667,0.036545,308.592864,0.034194,-0.042846,0.054818,3.855965,
9951,185,-0.918997,-1.133760,0.045585,-0.057118,663.333333,0.073078,308.592865,0.034183,-0.042831,0.054799,3.894329,
9961,185,-0.900766,-1.156603,0.028725,0.072858,664.000000,0.078316,68.482703,-0.025290,0.194963,0.196597,3.963970,
9971,185,-0.896017,-1.075473,-0.018334,0.104626,664.666667,0.106220,99.939111,-0.070588,0.047652,0.085166,4.146277,4.115160
9981,185,-0.915433,-1.072902,-0.071352,0.035010,665.333333,0.079478,153.864678,-0.079528,-0.104424,0.131259,3.761096,
9991,185,-0.953098,-1.047466,-0.094164,0.063592,666.000000,0.113626,145.967729,-0.034218,0.042873,0.054854,3.458863,
9411,186,-0.085565,-0.817984,0.597507,-1.294495,627.333333,1.425739,294.776894,,,,0.832695,1.613885
9421,186,0.153438,-1.335782,0.624159,-1.219577,628.000000,1.370015,297.102629,0.039979,0.112377,0.119276,1.050744,1.191615
9431,186,0.413763,-1.793645,0.502290,-1.224730,628.666667,1.323729,292.299643,-0.182805,-0.007731,0.182968,1.494641,2.381937
9441,186,0.555270,-2.315566,0.184259,-1.359252,629.333333,1.371684,277.719889,-0.477047,-0.201782,0.517967,1.535172,1.938583
9451,186,0.561170,-2.881046,0.110451,-1.399417,630.000000,1.403769,274.512786,-0.110712,-0.060247,0.126043,1.073710,1.516238
9461,186,0.643630,-3.435099,0.085499,-1.422239,630.666667,1.424807,273.440258,-0.037427,-0.034234,0.050722,1.141962,
9471,186,0.629569,-4.018838,0.172450,-1.556154,631.333333,1.565680,276.323595,0.130425,-0.200872,0.239501,1.781873,
9481,186,0.781590,-4.680022,0.243054,-1.562889,632.000000,1.581675,278.839591,0.105906,-0.010102,0.106387,1.222253,
9491,186,0.824013,-5.269149,0.029924,-1.567127,632.666667,1.567412,271.093904,-0.319695,-0.006357,0.319759,0.840991,
9501,186,0.805529,-5.933724,-0.046208,-1.661438,633.333333,1.662080,268.406881,-0.114198,-0.141466,0.181807,0.843410,
9421,187,1.714274,2.609362,0.098919,-1.552197,628.000000,1.555346,273.646417,,,,4.242684,
9431,187,1.753842,1.988483,0.125934,-1.482183,628.666667,1.487524,274.856493,0.040524,0.105021,0.112568,3.964978,3.505030
9441,187,1.815022,1.423615,0.175802,-1.415320,629.333333,1.426196,277.080646,0.074802,0.100295,0.125118,3.603764,2.739288
9451,187,1.894483,0.856227,0.104312,-1.453155,630.000000,1.456894,274.105813,-0.107235,-0.056753,0.121327,3.354396,2.496517
9461,187,1.898471,0.261091,0.031514,-1.516197,630.666667,1.516524,271.190727,-0.109196,-0.094562,0.144450,3.041316,2.089674
9471,187,1.919695,-0.356730,-0.069707,-1.676912,631.333333,1.678361,267.619671,-0.151832,-0.241074,0.284902,2.584451,1.498788
9481,187,1.842706,-1.080439,-0.298175,-1.623682,632.000000,1.650833,259.594090,-0.342702,0.079846,0.351880,2.132837,
9491,187,1.681155,-1.655676,-0.293356,-1.529581,632.666667,1.557458,259.143158,0.007228,0.141151,0.141336,1.819972,
9501,187,1.608021,-2.304103,-0.229297,-1.617541,633.333333,1.633712,261.931717,0.096089,-0.131940,0.163222,1.590866,
9511,187,1.497718,-2.949708,-0.183464,-1.626642,634.000000,1.636956,263.564962,0.068748,-0.013652,0.070091,0.757862,
9521,187,1.461249,-3.605417,-0.069442,-1.667801,634.666667,1.669246,267.615756,0.171034,-0.061738,0.181835,1.093962,
9531,187,1.442164,-4.283949,-0.095541,-1.717843,635.333333,1.720497,266.816656,-0.039149,-0.075063,0.084658,1.132566,
9541,187,1.384816,-4.979691,-0.118876,-1.718177,636.000000,1.722284,266.042166,-0.035002,-0.000501,0.035006,1.174093,
9551,187,1.347063,-5.658491,-0.117732,-1.696445,636.666667,1.700526,266.030077,0.001716,0.032597,0.032642,0.714695,
9561,187,1.290630,-6.336848,-0.161750,-1.645690,637.333333,1.653620,264.386593,-0.066027,0.076134,0.100776,1.219428,
9571,187,1.217663,-6.975042,-0.052344,-1.782459,638.000000,1.783227,268.317934,0.164110,-0.205153,0.262716,1.452351,
9581,187,1.248755,-7.762815,0.064186,-1.792501,638.666667,1.793650,272.050781,0.174795,-0.015064,0.175443,0.965658,
9591,187,1.269012,-8.409043,0.010976,-1.487623,639.333333,1.487664,270.422741,-0.079815,0.457317,0.464230,1.194352,6.399059
9601,187,1.257536,-8.952913,0.164361,-1.672139,640.000000,1.680198,275.613795,0.230077,-0.276774,0.359916,1.677068,
9611,187,1.400501,-9.746755,0.357412,-1.984604,640.666667,2.016531,280.209094,0.289576,-0.468697,0.550937,1.879188,
9421,188,3.907151,-5.415725,0.038380,0.728909,628.000000,0.729919,86.985891,,,,2.480451,4.573493
9431,188,3.922504,-5.124161,0.103082,0.697834,628.666667,0.705407,81.597162,0.097053,-0.046612,0.107666,2.971200,
9441,188,3.989617,-4.857458,0.128817,0.767618,629.333333,0.778352,80.473711,0.038602,0.104676,0.111567,2.970978,2.260640
9451,188,4.025557,-4.510067,0.089850,0.868477,630.000000,0.873113,84.093355,-0.058451,0.151289,0.162187,2.849820,1.736608
9461,189,0.234634,-5.946088,-0.423059,0.137500,630.666667,0.444843,161.995079,,,,1.533150,
9471,189,0.065410,-5.891087,-0.299818,0.203524,631.333333,0.362371,145.830354,0.184862,0.099035,0.209718,1.421072,
9481,189,-0.005221,-5.783269,0.038301,0.251028,632.000000,0.253934,81.324832,0.507179,0.071257,0.512160,1.355073,
9491,189,0.096051,-5.690265,0.007241,0.126633,632.666667,0.126840,86.727311,-0.046591,-0.186593,0.192321,0.840991,
9501,189,0.000572,-5.681962,-0.172952,-0.086808,633.333333,0.193515,206.652813,-0.270290,-0.320161,0.418999,0.843410,5.325062
9511,189,-0.042311,-5.759711,-0.028244,-0.073913,634.000000,0.079126,249.086580,0.217062,0.019342,0.217922,1.153308,
9521,189,-0.022023,-5.741092,0.025359,0.023273,634.666667,0.034420,42.543916,0.080405,0.145779,0.166483,1.447914,3.222421
9531,189,-0.022023,-5.741092,0.000000,0.000000,635.333333,0.000000,0.000000,-0.038039,-0.034910,0.051630,1.447914,2.870621
9541,189,-0.022023,-5.741092,0.000000,0.000000,636.000000,0.000000,0.000000,0.000000,0.000000,0.000000,1.520977,2.319297
9551,189,-0.022023,-5.741092,0.000000,0.000000,636.666667,0.000000,0.000000,0.000000,0.000000,0.000000,1.371576,1.860880
9561,189,-0.022023,-5.741092,0.000000,0.000000,637.333333,0.000000,0.000000,0.000000,0.000000,0.000000,1.091979,1.508743
9571,189,-0.022023,-5.741092,-0.100050,-0.067798,638.000000,0.120858,214.123044,-0.150076,-0.101697,0.181287,1.096403,7.206981
9581,189,-0.102064,-5.795330,-0.200101,-0.135596,638.666667,0.241716,214.123044,-0.150076,-0.101697,0.181287,0.992879,3.203490
9461,190,-1.055913,-0.460861,1.006118,-0.342960,630.666667,1.062965,341.177078,,,,0.627957,0.060520
9471,190,-0.653466,-0.598045,0.963608,-0.590140,631.333333,1.129958,328.515554,-0.063766,-0.370770,0.376213,0.567874,2.374170
9481,190,-0.285027,-0.932973,0.669313,-0.979067,632.000000,1.185981,304.357419,-0.441442,-0.583390,0.731584,0.664188,
9491,190,-0.118016,-1.381298,0.266626,-1.227035,632.666667,1.255669,282.259400,-0.604030,-0.371952,0.709366,0.861401,5.937666
9501,190,-0.071726,-1.914600,0.469711,-1.425988,633.333333,1.501356,288.231544,0.304627,-0.298430,0.426449,1.188840,
9511,190,0.257753,-2.522089,0.809017,-1.311007,634.000000,1.540535,301.678556,0.508958,0.172472,0.537387,1.311629,1.899043
9521,190,0.575487,-2.963406,0.403130,-1.283918,634.666667,1.345719,287.431462,-0.608830,0.040634,0.610185,1.093962,
9531,190,0.580257,-3.549223,0.186732,-1.306523,635.333333,1.319800,278.133812,-0.324596,-0.033908,0.326362,1.132566,
9541,190,0.724873,-4.008625,0.332002,-1.244976,636.000000,1.288484,284.931766,0.217904,0.092320,0.236654,1.174093,
9551,190,0.845859,-4.545204,0.182161,-1.379338,636.666667,1.391315,277.523190,-0.224761,-0.201543,0.301889,1.220907,
9561,190,0.870602,-5.112095,0.260477,-1.233388,637.333333,1.260593,281.924972,0.117474,0.218925,0.248452,1.091979,
9571,190,1.054240,-5.531915,-0.019324,-1.183732,638.000000,1.183890,269.064748,-0.419702,0.074483,0.426260,1.096403,2.120543
9581,190,0.855143,-6.059081,-0.317567,-1.461582,638.666667,1.495684,257.741517,-0.447365,-0.416774,0.611421,0.992879,
9591,190,0.800187,-6.701180,0.053456,-1.569721,639.333333,1.570631,271.950440,0.556535,-0.162209,0.579692,1.307099,3.428587
9601,190,0.897908,-7.314858,0.101914,-1.549270,640.000000,1.552618,273.763599,0.072686,0.030677,0.078894,1.296382,
9611,190,0.881718,-7.940595,-0.014165,-1.516104,640.666667,1.516170,269.464700,-0.174118,0.049748,0.181086,1.596545,
9621,190,0.886576,-8.527741,0.176497,-1.476950,641.333333,1.487458,276.814595,0.285993,0.058731,0.291961,1.522358,6.469143
9631,190,1.022916,-9.122155,0.270282,-1.481201,642.000000,1.505659,280.341248,0.140677,-0.006377,0.140821,1.340865,4.108022
9641,190,1.102802,-9.712702,0.199715,-1.476366,642.666667,1.489813,277.703921,-0.105849,0.007252,0.106097,1.261305,
9461,192,2.075356,3.788833,0.058313,-1.439592,630.666667,1.440773,272.319578,,,,3.532174,3.328513
9471,192,2.098682,3.212996,0.145258,-1.528854,631.333333,1.535739,275.427452,0.130418,-0.133893,0.186913,3.574211,2.647988
9481,192,2.191563,2.565750,0.048890,-1.611095,632.000000,1.611836,271.738143,-0.144553,-0.123361,0.190035,2.035169,2.252629
9491,192,2.137793,1.924121,-0.115811,-1.682703,632.666667,1.686684,266.062857,-0.247051,-0.107413,0.269392,1.872809,2.028251
9501,192,2.098914,1.219587,-0.144290,-1.780342,633.333333,1.786180,265.366528,-0.042718,-0.146459,0.152562,1.814242,1.465196
9511,192,2.022361,0.499847,-0.272329,-1.591481,634.000000,1.614613,260.289767,-0.192059,0.283292,0.342259,1.672131,1.064635
9521,192,1.881051,-0.053597,-0.332299,-1.413998,634.666667,1.452519,256.775074,-0.089955,0.266225,0.281012,1.446274,0.773958
9531,192,1.756522,-0.631351,-0.315953,-1.520887,635.333333,1.553359,258.264169,0.024520,-0.160335,0.162199,1.262214,0.387275
9541,192,1.628289,-1.270307,-0.188074,-1.716727,636.000000,1.726998,263.747961,0.191818,-0.293759,0.350840,0.625538,
9551,192,1.606063,-2.004733,-0.138378,-1.652705,636.666667,1.658488,265.213888,0.074544,0.096032,0.121569,1.181970,2.551380
9561,192,1.517586,-2.592472,-0.177913,-1.526163,637.333333,1.536498,263.350750,-0.059302,0.189813,0.198861,1.065480,
9571,192,1.463733,-3.225663,-0.092549,-1.664033,638.000000,1.666604,266.816656,0.128046,-0.206805,0.243236,0.977574,3.590326
9581,192,1.443547,-3.923698,-0.047726,-1.696352,638.666667,1.697024,268.388450,0.067234,-0.048480,0.082890,0.692986,
9591,192,1.425552,-4.582745,0.002772,-1.627937,639.333333,1.627939,270.097546,0.075746,0.102623,0.127550,0.806269,
9601,192,1.445764,-5.226047,0.098283,-1.587589,640.000000,1.590628,273.542497,0.143267,0.060522,0.155526,0.907263,
9611,192,1.504179,-5.852816,0.188151,-1.645110,640.666667,1.655834,276.524556,0.134802,-0.086281,0.160050,0.827944,0.142639
9621,192,1.596285,-6.542135,0.158039,-1.767273,641.333333,1.774325,275.110089,-0.045168,-0.183244,0.188729,0.878185,6.469143
9631,192,1.630610,-7.266634,0.156523,-1.790881,642.000000,1.797708,274.994965,-0.002273,-0.035413,0.035486,1.262427,4.108022
9641,192,1.721504,-7.974840,0.277334,-1.697318,642.666667,1.719827,279.279851,0.181216,0.140344,0.229206,1.415361,
9651,192,1.852477,-8.624489,0.327432,-1.624122,643.333333,1.656799,281.398360,0.075148,0.109795,0.133049,1.658982,
9481,193,0.456993,3.630260,0.282744,-1.703945,632.000000,1.727245,279.421531,,,,2.035169,6.029566
9491,193,0.570091,2.948681,0.134565,-1.803037,632.666667,1.808052,274.268199,-0.222269,-0.148638,0.267389,1.872809,4.711470
9501,193,0.564645,2.187830,0.081818,-1.893269,633.333333,1.895036,272.474517,-0.079120,-0.135348,0.156777,1.814242,4.878839
9511,193,0.635546,1.434066,0.081858,-1.894426,634.000000,1.896194,272.474205,0.000060,-0.001736,0.001737,1.672131,2.344060
9521,193,0.630132,0.672289,-0.012126,-1.880486,634.666667,1.880525,269.630531,-0.140977,0.020911,0.142519,1.446274,3.222421
9531,193,0.625845,-0.070322,-0.057791,-1.850963,635.333333,1.851865,268.211680,-0.068497,0.044283,0.081565,1.262214,2.117967
9541,193,0.583899,-0.808482,-0.154966,-1.890912,636.000000,1.897252,265.314892,-0.145763,-0.059923,0.157600,1.141943,2.319297
9551,193,0.501871,-1.583052,-0.134443,-1.947525,636.666667,1.952160,266.050980,0.030785,-0.084919,0.090327,1.181970,1.860880
9561,193,0.476344,-2.366502,-0.018027,-1.990470,637.333333,1.990551,269.481110,0.174624,-0.064418,0.186127,1.065480,1.508743
9571,193,0.487450,-3.175428,0.097196,-2.055564,638.000000,2.057861,272.707184,0.172835,-0.097642,0.198509,0.977574,2.120543
9581,193,0.554101,-4.010953,0.176535,-1.912547,638.666667,1.920677,275.273653,0.119008,0.214526,0.245325,0.893716,
9591,193,0.628678,-4.705465,0.077900,-1.978682,639.333333,1.980215,272.254536,-0.147953,-0.099203,0.178132,0.806269,3.428587
9601,193,0.616421,-5.593899,0.001472,-2.073221,640.000000,2.073222,270.040690,-0.114641,-0.141808,0.182352,0.663612,
9611,193,0.629856,-6.364042,-0.174905,-1.834695,640.666667,1.843013,264.554353,-0.264565,0.357789,0.444980,0.910465,
9621,193,0.476497,-7.061655,-0.130421,-1.891145,641.333333,1.895637,266.054893,0.066725,-0.084675,0.107806,1.234434,
9631,193,0.525519,-7.876958,-0.015264,-1.954127,642.000000,1.954187,269.552477,0.172736,-0.094473,0.196883,1.262427,
9641,193,0.464286,-8.624957,-0.135230,-1.974688,642.666667,1.979313,266.082413,-0.179949,-0.030841,0.182573,1.261305,
9651,193,0.417335,-9.456708,-0.117379,-2.079379,643.333333,2.082689,266.769142,0.026776,-0.157037,0.159303,1.658982,
9501,194,1.727447,-8.878150,0.134101,1.597108,633.333333,1.602728,85.200429,,,,0.557432,2.864659
9511,194,1.781087,-8.239307,0.099969,1.397654,634.000000,1.401225,85.908796,-0.051197,-0.299181,0.303529,0.581321,1.899043
9521,194,1.807422,-7.760027,0.140330,1.292174,634.666667,1.299771,83.801991,0.060540,-0.158220,0.169407,0.561493,3.435276
9531,194,1.893351,-7.205568,0.195690,1.460845,635.333333,1.473894,82.370281,0.083040,0.253007,0.266286,0.565311,
9541,194,1.963974,-6.591350,0.106203,1.514933,636.000000,1.518651,85.989883,-0.134230,0.081132,0.156844,0.564785,
9551,194,1.978313,-5.993621,0.105946,1.512050,636.666667,1.515757,85.991958,-0.000386,-0.004325,0.004342,0.507734,
9561,194,2.048731,-5.381710,0.105864,1.510099,637.333333,1.513805,85.989884,-0.000123,-0.002927,0.002930,0.512625,
9571,194,2.063005,-4.785542,0.061249,1.536723,638.000000,1.537943,87.717575,-0.066923,0.039936,0.077933,0.530985,
9581,194,2.097730,-4.152332,0.129709,1.527435,638.666667,1.532932,85.146128,0.102690,-0.013932,0.103630,0.526072,
9591,194,2.166772,-3.563594,0.057040,1.458963,639.333333,1.460078,87.761087,-0.109003,-0.102708,0.149769,0.499428,
9601,194,2.143362,-2.985162,-0.038396,1.393871,640.000000,1.394400,91.577893,-0.143154,-0.097637,0.173281,0.509045,
9611,194,2.136055,-2.448497,-0.062568,1.371795,640.666667,1.373221,92.611452,-0.036257,-0.033115,0.049104,0.476705,
9621,194,2.093308,-1.887726,-0.198345,1.414329,641.333333,1.428169,97.983086,-0.203666,0.063801,0.213426,0.469087,
9631,194,1.977379,-1.317034,-0.222681,1.393756,642.000000,1.411433,99.077464,-0.036504,-0.030859,0.047800,0.497225,
9641,194,1.915163,-0.772721,-0.179886,1.339934,642.666667,1.351955,97.646225,0.064193,-0.080733,0.103143,0.538135,
9651,194,1.833470,-0.245087,-0.157056,1.337507,643.333333,1.346697,96.697243,0.034245,-0.003641,0.034438,0.561395,
9661,194,1.789519,0.297285,-0.104428,1.454463,644.000000,1.458207,94.106699,0.078941,0.175434,0.192377,0.577233,1.251877
9671,194,1.749928,0.918484,-0.137013,1.286435,644.666667,1.293710,96.079421,-0.048877,-0.252043,0.256739,0.626809,0.347376
9681,194,1.679908,1.326433,-0.024888,1.218618,645.333333,1.218872,91.169999,0.168187,-0.101724,0.196557,0.555849,0.561481
9691,194,1.730017,1.893379,0.121073,1.342613,646.000000,1.348061,84.847147,0.218942,0.185992,0.287278,0.497390,
9701,194,1.776767,2.400523,0.124951,1.413725,646.666667,1.419236,84.949096,0.005816,0.106668,0.106827,0.463109,
9711,194,1.829978,3.024359,0.133027,1.559590,647.333333,1.565253,85.124701,0.012114,0.218797,0.219132,0.442384,
9501,195,2.251900,-9.067039,0.175117,1.536616,633.333333,1.546562,83.498464,,,,0.557432,
9511,195,2.321946,-8.452393,0.125315,1.463542,634.000000,1.468898,85.106037,-0.074704,-0.109610,0.132646,0.581321,2.141743
9521,195,2.352151,-7.896205,0.142402,1.359896,634.666667,1.367331,84.022043,0.025631,-0.155470,0.157568,0.561493,
9531,195,2.435868,-7.364476,0.164964,1.355988,635.333333,1.365985,83.063727,0.033843,-0.005862,0.034347,0.565311,
9541,195,2.484122,-6.811415,0.037764,1.537331,636.000000,1.537795,88.592846,-0.190800,0.272015,0.332260,0.564785,
9551,195,2.466079,-6.134612,0.063028,1.582614,636.666667,1.583868,87.719383,0.037897,0.067924,0.077781,0.507734,
9561,195,2.534545,-5.545324,0.125691,1.476037,637.333333,1.481379,85.132748,0.093995,-0.159865,0.185451,0.512625,
9571,195,2.566632,-4.953782,0.057528,1.480170,638.000000,1.481288,87.774293,-0.102246,0.006200,0.102433,0.530985,
9581,195,2.580567,-4.361188,0.056107,1.453708,638.666667,1.454790,87.789713,-0.002130,-0.039694,0.039751,0.526072,
9591,195,2.611518,-3.790816,0.008169,1.408230,639.333333,1.408254,89.667627,-0.071907,-0.068216,0.099117,0.499428,
9601,195,2.587102,-3.234604,-0.084999,1.368613,640.000000,1.371250,93.553836,-0.139752,-0.059426,0.151862,0.509045,
9611,195,2.543518,-2.695925,-0.106300,1.395927,640.666667,1.399969,94.354685,-0.031952,0.040972,0.051958,0.476705,
9621,195,2.502062,-2.117862,-0.148984,1.451281,641.333333,1.458908,95.861274,-0.064026,0.083031,0.104850,0.469087,
9631,195,2.424331,-1.534901,-0.103669,1.445544,642.000000,1.449257,94.102027,0.067972,-0.008606,0.068515,0.497225,
9641,195,2.419126,-0.961426,-0.058355,1.439807,642.666667,1.440989,92.320896,0.067972,-0.008606,0.068515,0.538135,
9651,195,2.377648,-0.383055,-0.082358,1.418190,643.333333,1.420579,93.323585,-0.036005,-0.032425,0.048454,0.561395,
9661,195,2.353240,0.173126,-0.065040,1.317003,644.000000,1.318608,92.827236,0.025977,-0.151781,0.153988,0.577233,
9671,195,2.325616,0.670547,-0.147812,1.478117,644.666667,1.485489,95.710612,-0.124159,0.241671,0.271698,0.626809,0.347376
9681,195,2.234990,1.355619,-0.125102,1.474639,645.333333,1.479936,94.849107,0.034066,-0.005216,0.034462,0.555849,
9691,195,2.225534,1.850259,-0.002263,1.208047,646.000000,1.208049,90.107314,0.184259,-0.399889,0.440298,0.497390,2.746346
9701,195,2.233180,2.322056,0.024482,1.276573,646.666667,1.276808,88.901327,0.040117,0.102790,0.110341,0.463109,
9711,195,2.245120,2.871517,0.029849,1.373653,647.333333,1.373978,88.755159,0.008051,0.145620,0.145843,0.442384,
9501,196,2.060380,3.850751,-0.166902,-1.349537,633.333333,1.359819,262.949849,,,,2.236634,
9511,196,1.993620,3.310936,-0.010020,-1.427892,634.000000,1.427927,269.597928,0.235322,-0.117532,0.263040,2.316679,1.962289
9521,196,2.052364,2.708437,-0.043781,-1.621829,634.666667,1.622419,268.453681,-0.050641,-0.290905,0.295280,2.483676,1.499573
9531,196,1.958595,2.013473,-0.203692,-1.596334,635.333333,1.609277,262.728344,-0.239867,0.038242,0.242896,2.473545,1.229908
9541,196,1.889410,1.431370,-0.198809,-1.502390,636.000000,1.515487,262.461935,0.007325,0.140916,0.141107,2.592547,
9551,196,1.799548,0.811561,-0.312867,-1.463900,636.666667,1.496960,257.936148,-0.171087,0.057735,0.180566,1.613586,0.392952
9561,196,1.639116,0.260250,-0.290578,-1.471682,637.333333,1.500094,258.830832,0.033434,-0.011673,0.035413,0.636324,0.027134
9571,196,1.567085,-0.365784,-0.272786,-1.554211,638.000000,1.577968,260.045158,0.026687,-0.123793,0.126637,1.153149,2.783804
9581,196,1.420887,-0.983119,-0.292396,-1.480891,638.666667,1.509481,258.830832,-0.029415,0.109979,0.113845,2.291180,2.422682
9591,196,1.333168,-1.550497,-0.200501,-1.497642,639.333333,1.511003,262.374719,0.137843,-0.025126,0.140115,2.178865,
9601,196,1.260487,-2.181232,-0.228488,-1.573141,640.000000,1.589648,261.735962,-0.041981,-0.113250,0.120781,1.194057,
9611,196,1.150378,-2.809010,-0.134291,-1.562407,640.666667,1.568168,265.087425,0.141296,0.016102,0.142210,1.049538,
9621,196,1.153054,-3.431157,0.044934,-1.710465,641.333333,1.711055,271.504805,0.268837,-0.222088,0.348706,1.647361,
9631,196,1.186325,-4.177383,0.097122,-1.616038,642.000000,1.618954,273.439258,0.078282,0.141641,0.161834,1.224369,
9641,196,1.230751,-4.723988,0.268197,-1.481131,642.666667,1.505217,280.263673,0.256613,0.202360,0.326803,0.913316,
9651,196,1.400882,-5.362288,0.262536,-1.579748,643.333333,1.601415,279.435662,-0.008492,-0.147925,0.148169,1.404337,
9661,196,1.440780,-5.987786,0.144725,-1.592301,644.000000,1.598865,275.193361,-0.176717,-0.018830,0.177717,2.260503,
9671,196,1.516662,-6.636129,0.095582,-1.638547,644.666667,1.641333,273.338471,-0.073714,-0.069369,0.101221,2.624538,
9681,196,1.517245,-7.298624,-0.092773,-1.675904,645.333333,1.678470,266.831517,-0.282532,-0.056035,0.288035,2.692219,
9691,196,1.442444,-7.976852,-0.187004,-1.695570,646.000000,1.705851,263.706310,-0.141346,-0.029500,0.144392,2.852296,
9511,197,0.789287,-6.558813,-0.190479,-1.705411,634.000000,1.716015,263.627005,,,,1.153308,
9521,197,0.713096,-7.240977,-0.144910,-1.735729,634.666667,1.741768,265.227638,0.068353,-0.045477,0.082099,1.211183,
9531,197,0.673359,-7.947396,-0.136728,-1.587713,635.333333,1.593590,265.078040,0.012273,0.222024,0.222363,1.427827,
9541,197,0.603713,-8.511148,-0.251102,-1.508503,636.000000,1.529259,260.549316,-0.171561,0.118816,0.208688,2.352856,
9551,197,0.472477,-9.154198,-0.328090,-1.607626,636.666667,1.640763,258.465279,-0.115481,-0.148685,0.188263,1.652807,
9511,198,-1.328379,-2.415132,-0.429610,0.256826,634.000000,0.500524,149.128511,,,,1.105068,
9521,198,-1.500223,-2.312402,-0.274956,0.367342,634.666667,0.458847,126.814913,0.231981,0.165774,0.285125,1.274268,
9531,198,-1.548344,-2.121259,-0.274334,0.393823,635.333333,0.479954,124.860790,0.000933,0.039722,0.039733,1.337930,
9541,198,-1.719690,-1.997343,-0.428367,0.309788,636.000000,0.528646,144.126108,-0.231049,-0.126052,0.263197,1.311339,
9511,199,-1.413095,-3.516948,0.288276,-0.133846,634.000000,0.317833,335.094702,,,,1.105068,
9521,199,-1.297784,-3.570486,0.393118,-0.016530,634.666667,0.393465,357.592263,0.157262,0.175974,0.236005,1.274268,
9531,199,-1.098601,-3.530172,0.320641,0.017028,635.333333,0.321093,3.039839,-0.108715,0.050336,0.119803,1.478954,
9541,199,-1.041271,-3.556864,0.161624,-0.171229,636.000000,0.235460,313.347129,-0.238526,-0.282384,0.369643,1.700693,
9551,199,-0.969301,-3.667155,0.407027,-0.145998,636.666667,0.432419,340.267474,0.368105,0.037847,0.370046,2.016377,3.148944
9561,199,-0.715650,-3.673662,0.459230,-0.074376,637.333333,0.465214,350.800434,0.078305,0.107433,0.132942,1.769044,2.534762
9571,199,-0.601917,-3.726655,0.299308,-0.287067,638.000000,0.414720,316.195914,-0.239884,-0.319037,0.399160,1.220890,2.783804
9581,199,-0.476203,-3.903316,0.268743,-0.385485,638.666667,0.469917,304.882508,-0.045847,-0.147627,0.154583,1.035912,2.422682
9591,199,-0.386922,-4.035043,0.220097,-0.379715,639.333333,0.438892,300.098164,-0.072969,0.008655,0.073481,1.216926,3.050919
9601,199,-0.300126,-4.207088,0.108496,-0.215056,640.000000,0.240874,296.770996,-0.167402,0.246989,0.298374,1.514526,4.318638
9611,199,-0.300126,-4.207088,0.000000,0.000000,640.666667,0.000000,0.000000,-0.162744,0.322584,0.361312,1.656781,5.719753
9621,199,-0.300126,-4.207088,0.332450,-0.084607,641.333333,0.343047,345.721686,0.498676,-0.126910,0.514571,1.647361,
9631,199,-0.034165,-4.274773,0.332450,-0.084607,642.000000,0.343047,345.721686,0.000000,0.000000,0.000000,1.224369,
9641,199,-0.034165,-4.274773,0.000000,0.000000,642.666667,0.000000,0.000000,-0.498676,0.126910,0.514571,1.342314,4.450148
9651,199,-0.034165,-4.274773,0.000000,0.000000,643.333333,0.000000,0.000000,0.000000,0.000000,0.000000,1.800569,4.085977
9661,199,-0.034165,-4.274773,0.000000,0.000000,644.000000,0.000000,0.000000,0.000000,0.000000,0.000000,1.931008,3.583060
9671,199,-0.034165,-4.274773,-0.257522,0.127931,644.666667,0.287548,153.582844,-0.386283,0.191897,0.431322,2.019019,
9681,199,-0.240183,-4.172428,-0.194328,-0.031254,645.333333,0.196825,189.136598,0.094791,-0.238777,0.256904,1.972510,
9691,199,-0.189628,-4.299776,0.170597,0.033463,646.000000,0.173848,11.097744,0.547387,0.097075,0.555928,1.875923,1.980801
9701,199,-0.103705,-4.145658,-0.016691,0.128983,646.666667,0.130058,97.373276,-0.280931,0.143280,0.315360,2.047885,
9711,199,-0.202980,-4.196590,0.031875,-0.282974,647.333333,0.284763,276.426912,0.072849,-0.617935,0.622214,1.944362,
9721,199,-0.078205,-4.372037,0.081282,-0.262724,648.000000,0.275011,287.191176,0.074111,0.030374,0.080094,1.813188,
9731,199,-0.137954,-4.406769,-0.011606,-0.202327,648.666667,0.202660,266.717089,-0.139332,0.090595,0.166195,1.563202,
9741,199,-0.087490,-4.533899,0.266434,-0.382136,649.333333,0.465849,304.885064,0.417059,-0.269713,0.496672,1.324618,
9751,199,0.075193,-4.712478,0.334733,-0.438963,650.000000,0.552028,307.327454,0.102449,-0.085241,0.133273,0.949163,
9761,199,0.180297,-4.885070,0.262760,-0.431479,650.666667,0.505190,301.340365,-0.107959,0.011226,0.108541,0.951190,
9551,200,2.012170,-9.755127,-0.064252,1.355433,636.666667,1.356955,92.713973,,,,0.772625,2.551380
9561,200,1.986470,-9.212954,0.074906,1.372310,637.333333,1.374353,86.875694,0.208736,0.025316,0.210266,0.751434,2.167227
9571,200,2.072095,-8.657280,0.188194,1.339203,638.000000,1.352361,82.000778,0.169933,-0.049661,0.177041,0.716361,2.518115
9581,200,2.137025,-8.141592,0.073359,1.343970,638.666667,1.345971,86.875694,-0.172253,0.007151,0.172402,0.713730,
9591,200,2.130782,-7.582104,0.011351,1.471117,639.333333,1.471160,89.557937,-0.093012,0.190720,0.212192,0.714192,2.999741
9601,200,2.146105,-6.964699,-0.011527,1.472033,640.000000,1.472078,90.448636,-0.034316,0.001374,0.034343,0.680780,
9611,200,2.121561,-6.404477,-0.015598,1.396457,640.666667,1.396544,90.639931,-0.006107,-0.113364,0.113528,0.751247,0.142639
9621,200,2.133627,-5.847533,0.101392,1.434834,641.333333,1.438411,85.957926,0.175485,0.057565,0.184685,0.735974,0.689093
9631,200,2.202674,-5.256611,0.011339,1.466901,642.000000,1.466945,89.557122,-0.135080,0.048101,0.143389,0.591817,
9641,200,2.142698,-4.674013,-0.219993,1.439397,642.666667,1.456112,98.689683,-0.346999,-0.041255,0.349442,0.629095,
9651,200,2.026680,-4.105093,-0.240342,1.492634,643.333333,1.511860,99.147168,-0.030522,0.079855,0.085489,0.631160,
9661,200,1.950425,-3.479906,-0.239373,1.519584,644.000000,1.538322,98.951974,0.001453,0.040425,0.040451,0.734005,2.600173
9671,200,1.835181,-2.889426,-0.200447,1.391952,644.666667,1.406310,98.194493,0.058389,-0.191449,0.200155,0.841313,2.284152
9681,200,1.790068,-2.366344,-0.064081,1.351412,645.333333,1.352931,92.714823,0.204548,-0.060809,0.213395,0.734754,1.722232
9691,200,1.783916,-1.808296,-0.146542,1.536768,646.000000,1.543739,95.447109,-0.123691,0.278033,0.304306,0.776281,1.380739
9701,200,1.672834,-1.136930,-0.062699,1.375781,646.666667,1.377208,92.609365,0.125765,-0.241481,0.272268,0.959715,0.962331
9711,200,1.733757,-0.707671,0.249377,1.157376,647.333333,1.183938,77.840507,0.468115,-0.327606,0.571364,0.851125,1.252042
9721,200,1.872336,-0.211029,0.052210,1.358063,648.000000,1.359066,87.798386,-0.295751,0.301030,0.422004,0.770493,
9731,200,1.775525,0.378779,-0.084165,1.401111,648.666667,1.403636,93.437624,-0.204562,0.064572,0.214511,0.790626,
9741,200,1.805004,0.909860,-0.028999,1.145234,649.333333,1.145601,91.450487,0.082749,-0.383814,0.392633,0.739517,
9751,200,1.752326,1.294966,-0.158540,1.314561,650.000000,1.324087,96.876831,-0.194312,0.253990,0.319794,0.799943,
9761,200,1.678172,1.961509,-0.059865,1.422257,650.666667,1.423517,92.410246,0.148013,0.161544,0.219099,0.931578,
9771,200,1.704434,2.432772,0.095380,1.295932,651.333333,1.299437,85.790654,0.232867,-0.189488,0.300221,0.680625,0.396488
9781,200,1.754476,2.998254,0.125106,1.413705,652.000000,1.419230,84.942786,0.044589,0.176659,0.182199,0.753245,
9551,201,2.772928,-9.890023,-0.103787,1.446301,636.666667,1.450020,94.104536,,,,0.772625,
9561,201,2.731413,-9.311503,0.006671,1.390429,637.333333,1.390445,89.725095,0.165688,-0.083808,0.185678,0.751434,2.167227
9571,201,2.778265,-8.777680,0.139608,1.332062,638.000000,1.339357,84.016920,0.199404,-0.087550,0.217778,0.716361,2.518115
9581,201,2.843099,-8.245854,0.073062,1.359092,638.666667,1.361055,86.922875,-0.099819,0.040546,0.107740,0.713730,
9591,201,2.836714,-7.690406,-0.035867,1.439250,639.333333,1.439696,91.427538,-0.163392,0.120236,0.202864,0.714192,2.999741
9601,201,2.814406,-7.094454,0.033117,1.457772,640.000000,1.458149,88.698601,0.103476,0.027784,0.107141,0.680780,
9611,201,2.863208,-6.524188,0.051700,1.381111,640.666667,1.382079,87.856197,0.027875,-0.114992,0.118322,0.751247,
9621,201,2.855766,-5.989565,-0.104797,1.418313,641.333333,1.422180,94.225839,-0.234747,0.055803,0.241288,0.735974,0.689093
9631,201,2.779370,-5.389538,-0.124678,1.469471,642.000000,1.474750,94.849685,-0.029821,0.076736,0.082327,0.591817,
9641,201,2.756023,-4.813988,-0.172629,1.425949,642.666667,1.436361,96.902784,-0.071926,-0.065282,0.097135,0.629095,1.746160
9651,201,2.641267,-4.248779,-0.098183,1.541611,643.333333,1.544734,93.644163,0.111669,0.173493,0.206324,0.631160,
9661,201,2.677477,-3.580700,0.009438,1.431668,644.000000,1.431699,89.622277,0.161432,-0.164914,0.230775,0.734005,
9671,201,2.648817,-3.103444,-0.227366,1.261436,644.666667,1.281763,100.217501,-0.355207,-0.255349,0.437464,0.841313,
9681,201,2.495584,-2.571551,-0.126157,1.446853,645.333333,1.452343,94.983230,0.151814,0.278126,0.316862,0.734754,1.722232
9691,201,2.547892,-1.945961,0.125322,1.464667,646.000000,1.470019,85.109495,0.377217,0.026721,0.378163,0.776281,5.916768
9701,201,2.595842,-1.399817,0.028125,1.352386,646.666667,1.352678,88.808611,-0.145795,-0.168422,0.222761,0.959715,
9711,201,2.570392,-0.864053,0.051941,1.371802,647.333333,1.372785,87.831618,0.035724,0.029124,0.046091,0.851125,1.252042
9721,201,2.637395,-0.302376,0.075861,1.391983,648.000000,1.394049,86.880565,0.035879,0.030272,0.046944,0.770493,
9731,201,2.631081,0.249534,-0.131297,1.348323,648.666667,1.354701,95.561802,-0.310736,-0.065490,0.317562,0.865263,
9741,201,2.532357,0.776283,-0.104686,1.417710,649.333333,1.421570,94.223145,0.039916,0.104080,0.111472,0.739517,
9751,201,2.547332,1.383702,0.066571,1.218181,650.000000,1.219999,86.872035,0.256885,-0.299293,0.394419,0.799943,
9761,201,2.585614,1.750828,-0.205905,1.239203,650.666667,1.256193,99.434029,-0.408713,0.031532,0.409928,0.931578,
9771,201,2.382608,2.375064,-0.101988,1.466101,651.333333,1.469644,93.979323,0.155875,0.340347,0.374344,0.680625,0.396488
9781,201,2.504023,2.923709,0.303538,1.371612,652.000000,1.404797,77.521544,0.608289,-0.141733,0.624583,0.753245,
9591,202,-0.038831,-5.698903,0.000000,0.000000,639.333333,0.000000,0.000000,,,,1.196865,3.050919
9601,202,-0.038831,-5.698903,0.000000,0.000000,640.000000,0.000000,0.000000,0.000000,0.000000,0.000000,0.663612,4.318638
9591,203,0.951356,3.998815,0.258889,-1.243437,639.333333,1.270102,281.761191,,,,2.522951,4.054889
9601,203,1.054911,3.501440,-0.021933,-1.217745,640.000000,1.217942,268.968160,-0.421232,0.038539,0.422992,1.511417,7.250390
9611,203,0.933809,3.024619,-0.183592,-1.164484,640.666667,1.178868,261.040545,-0.242488,0.079890,0.255310,1.066170,5.719753
9621,203,0.908038,2.569852,0.004175,-1.173993,641.333333,1.174001,270.203760,0.281650,-0.014263,0.282011,3.999114,
9631,203,0.937150,2.085424,-0.090726,-1.184511,642.000000,1.187981,265.620075,-0.142351,-0.015777,0.143223,3.167496,
9641,203,0.835457,1.622243,-0.138864,-1.202734,642.666667,1.210724,263.413965,-0.072207,-0.027333,0.077208,2.627093,4.450148
9651,203,0.826058,1.123237,-0.115815,-1.208892,643.333333,1.214428,264.527624,0.034574,-0.009238,0.035787,1.699173,4.085977
9661,203,0.742805,0.655129,-0.331622,-1.253959,644.000000,1.297069,255.186704,-0.323710,-0.067600,0.330693,1.106192,3.583060
9671,203,0.560761,0.120070,-0.175949,-1.430313,644.666667,1.441094,262.987038,0.233509,-0.264531,0.352850,1.432335,
9681,203,0.602046,-0.489121,-0.033806,-1.428958,645.333333,1.429358,268.644742,0.213214,0.002032,0.213223,1.568959,
9691,203,0.533716,-1.023097,-0.007364,-1.382632,646.000000,1.382652,269.694851,0.039664,0.069489,0.080012,1.476326,1.980801
9701,203,0.596155,-1.595227,0.252909,-1.391532,646.666667,1.414329,280.300991,0.390409,-0.013350,0.390638,1.170160,
9711,203,0.736043,-2.136322,0.201533,-1.459543,647.333333,1.473391,277.861673,-0.077064,-0.102016,0.127852,1.742549,
9721,203,0.757382,-2.762862,0.272784,-1.440154,648.000000,1.465761,280.725490,0.106875,0.029083,0.110762,1.813188,
9731,203,0.954270,-3.288446,0.262019,-1.211712,648.666667,1.239718,282.201682,-0.016147,0.342664,0.343044,1.563202,9.830671
9741,203,0.966997,-3.732231,0.036971,-1.437128,649.333333,1.437603,271.473661,-0.337571,-0.338124,0.477789,1.324618,
9751,203,0.983847,-4.438148,0.190782,-1.628249,650.000000,1.639388,276.682887,0.230716,-0.286682,0.367990,0.949163,
9761,203,1.119623,-5.034830,0.107166,-1.444426,650.666667,1.448396,274.243172,-0.125424,0.275734,0.302920,0.951190,
9771,203,1.069580,-5.593689,-0.009686,-1.433095,651.333333,1.433128,269.612751,-0.175279,0.016996,0.176101,0.806330,
9781,203,1.111874,-6.181306,0.038432,-1.413350,652.000000,1.413873,271.557600,0.072177,0.029618,0.078017,0.922616,
9791,203,1.100326,-6.724369,-0.204090,-1.547706,652.666667,1.561104,262.487963,-0.363783,-0.201534,0.415877,1.296518,
9801,203,0.948602,-7.419471,-0.140872,-1.680412,653.333333,1.686306,265.208008,0.094828,-0.199059,0.220492,1.799535,
9811,203,0.987628,-8.068699,-0.036182,-1.488946,654.000000,1.489386,268.607981,0.157035,0.287198,0.327327,1.308884,
9821,203,0.919656,-8.610628,-0.059616,-1.488521,654.666667,1.489714,267.706497,-0.035152,0.000638,0.035158,1.388036,
9831,203,0.939935,-9.259515,0.006535,-1.569860,655.333333,1.569874,270.238511,0.099227,-0.122009,0.157265,1.970922,
9841,203,0.924884,-9.866516,-0.037627,-1.517503,656.000000,1.517969,268.579606,-0.066244,0.078536,0.102743,2.005618,
9611,204,-0.124711,-5.854556,0.000000,0.000000,640.666667,0.000000,0.000000,,,,0.910465,7.158904
9621,204,-0.124711,-5.854556,-0.424754,-0.245213,641.333333,0.490454,209.998060,-0.637131,-0.367819,0.735682,1.295616,1.489757
9631,204,-0.464515,-6.050727,-0.642253,-0.227196,642.000000,0.681254,199.481190,-0.326248,0.027025,0.327365,0.915307,0.566767
9641,204,-0.638514,-6.036314,-0.574249,0.176061,642.666667,0.600632,162.954834,0.102006,0.604886,0.613426,0.818731,
9651,204,-0.923914,-5.909878,-0.599197,0.204124,643.333333,0.633011,161.187927,-0.037421,0.042095,0.056324,0.809243,
9661,204,-1.117871,-5.873014,-0.415274,0.034828,644.000000,0.416732,175.206031,0.275884,-0.253945,0.374966,0.825160,
9671,204,-1.256133,-5.882016,-0.314020,0.103831,644.666667,0.330741,161.703403,0.151881,0.103506,0.183797,0.829577,
9681,204,-1.369087,-5.789949,-0.256563,0.254013,645.333333,0.361036,135.286135,0.086185,0.225272,0.241196,0.945177,
9691,204,-1.461384,-5.678806,-0.115371,0.138929,646.000000,0.180588,129.707285,0.211788,-0.172626,0.273228,1.079099,
9701,204,-1.461384,-5.678806,0.000000,0.000000,646.666667,0.000000,0.000000,0.173057,-0.208394,0.270881,1.079099,
9711,204,-1.461384,-5.678806,0.024603,-0.002109,647.333333,0.024693,355.100422,0.036904,-0.003164,0.037039,1.079099,
9721,204,-1.441702,-5.680493,0.024603,-0.002109,648.000000,0.024693,355.100422,0.000000,0.000000,0.000000,1.071196,
9731,204,-1.441702,-5.680493,0.000000,0.000000,648.666667,0.000000,0.000000,-0.036904,0.003164,0.037039,1.071196,
9741,204,-1.441702,-5.680493,0.000000,0.000000,649.333333,0.000000,0.000000,0.000000,0.000000,0.000000,1.071196,
9751,204,-1.441702,-5.680493,0.000000,0.000000,650.000000,0.000000,0.000000,0.000000,0.000000,0.000000,1.071196,
9761,204,-1.441702,-5.680493,0.000000,0.000000,650.666667,0.000000,0.000000,0.000000,0.000000,0.000000,1.071196,
9771,204,-1.441702,-5.680493,0.000000,0.000000,651.333333,0.000000,0.000000,0.000000,0.000000,0.000000,1.071196,
9781,204,-1.441702,-5.680493,0.000000,0.000000,652.000000,0.000000,0.000000,0.000000,0.000000,0.000000,1.071196,
9791,204,-1.441702,-5.680493,0.000000,0.000000,652.666667,0.000000,0.000000,0.000000,0.000000,0.000000,1.071196,
9801,204,-1.441702,-5.680493,0.000000,0.000000,653.333333,0.000000,0.000000,0.000000,0.000000,0.000000,1.071196,
9811,204,-1.441702,-5.680493,0.000000,0.000000,654.000000,0.000000,0.000000,0.000000,0.000000,0.000000,1.071196,
9821,204,-1.441702,-5.680493,0.000000,0.000000,654.666667,0.000000,0.000000,0.000000,0.000000,0.000000,1.071196,
9831,204,-1.441702,-5.680493,0.000000,0.000000,655.333333,0.000000,0.000000,0.000000,0.000000,0.000000,1.071196,
9841,204,-1.441702,-5.680493,0.000000,0.000000,656.000000,0.000000,0.000000,0.000000,0.000000,0.000000,1.071196,
9851,204,-1.441702,-5.680493,0.000000,0.000000,656.666667,0.000000,0.000000,0.000000,0.000000,0.000000,1.071196,
9861,204,-1.441702,-5.680493,0.000000,0.000000,657.333333,0.000000,0.000000,0.000000,0.000000,0.000000,1.071196,
9871,204,-1.441702,-5.680493,0.000000,0.000000,658.000000,0.000000,0.000000,0.000000,0.000000,0.000000,1.071196,
9881,204,-1.441702,-5.680493,0.000000,0.000000,658.666667,0.000000,0.000000,0.000000,0.000000,0.000000,1.071196,
9891,204,-1.441702,-5.680493,0.000000,0.000000,659.333333,0.000000,0.000000,0.000000,0.000000,0.000000,1.071196,
9901,204,-1.441702,-5.680493,0.000000,0.000000,660.000000,0.000000,0.000000,0.000000,0.000000,0.000000,1.071196,
9911,204,-1.441702,-5.680493,0.000000,0.000000,660.666667,0.000000,0.000000,0.000000,0.000000,0.000000,1.071196,
9631,205,3.494566,0.216560,-0.155964,-1.244526,642.000000,1.254260,262.856914,,,,2.052563,
9641,205,3.432180,-0.281250,-0.217609,-1.139269,642.666667,1.159865,259.186310,-0.092467,0.157885,0.182970,1.220212,1.746160
9651,205,3.320478,-0.694855,-0.109319,-1.205636,643.333333,1.210582,264.818983,0.162436,-0.099551,0.190515,0.993050,
9661,205,3.344725,-1.245759,0.091942,-1.210314,644.000000,1.213801,274.344137,0.301891,-0.007017,0.301972,1.730976,
9671,205,3.394032,-1.663106,0.071020,-1.183166,644.666667,1.185295,273.435099,-0.031382,0.040723,0.051412,1.621702,
9681,205,3.401541,-2.192292,0.030464,-1.104467,645.333333,1.104887,271.579942,-0.060835,0.118047,0.132801,0.982138,
9691,205,3.418403,-2.546680,0.057883,-1.010237,646.000000,1.011894,273.279277,0.041130,0.141346,0.147208,1.057663,
9701,205,3.447848,-3.000481,0.116711,-1.163822,646.666667,1.169659,275.726616,0.088241,-0.230378,0.246699,1.813295,
9711,205,3.511771,-3.477738,0.270476,-1.204681,647.333333,1.234671,282.654235,0.230647,-0.061288,0.238651,2.778047,
9721,205,3.664228,-3.964226,0.381143,-1.216219,648.000000,1.274543,287.400125,0.166001,-0.017308,0.166901,3.145319,
9661,206,1.261682,3.841484,-0.060971,-1.082212,644.000000,1.083929,266.775434,,,,3.228327,1.251877
9671,206,1.237293,3.408599,-0.137562,-1.193705,644.666667,1.201605,263.426268,-0.114887,-0.167239,0.202899,1.878438,0.878632
9681,206,1.151632,2.886520,-0.120016,-1.297920,645.333333,1.303457,264.717007,0.026319,-0.156323,0.158523,1.316028,0.561481
9691,206,1.141281,2.370263,-0.101241,-1.378527,646.000000,1.382239,265.799663,0.028163,-0.120910,0.124146,0.757647,1.380739
9701,206,1.070639,1.783699,-0.037058,-1.490103,646.666667,1.490563,268.575382,0.096274,-0.167364,0.193078,0.937597,0.962331
9711,206,1.111634,1.178181,0.034081,-1.478312,647.333333,1.478704,271.320674,0.106709,0.017686,0.108165,1.981007,
9721,206,1.097905,0.601050,0.028526,-1.577665,648.000000,1.577923,271.035858,-0.008333,-0.149030,0.149263,1.122148,
9731,206,1.134455,-0.083951,0.221456,-1.480841,648.666667,1.497309,278.505409,0.289395,0.145236,0.323795,0.790626,9.830671
9741,206,1.275069,-0.583623,0.198205,-1.476814,649.333333,1.490055,277.644069,-0.034876,0.006041,0.035396,1.584715,
9751,206,1.293019,-1.265402,0.235807,-1.629130,650.000000,1.646107,278.236018,0.056402,-0.228474,0.235333,2.216042,
9761,206,1.463715,-1.886927,0.333818,-1.540460,650.666667,1.576215,282.226969,0.147017,0.133005,0.198253,2.542526,
9771,206,1.560074,-2.497770,0.311260,-1.509314,651.333333,1.541075,281.652519,-0.033838,0.046720,0.057686,2.874802,
9781,206,1.712722,-3.094378,0.405482,-1.467446,652.000000,1.522437,285.446451,0.141334,0.062801,0.154659,2.675013,
9791,206,1.884460,-3.671727,0.374781,-1.585015,652.666667,1.628722,283.303393,-0.046052,-0.176354,0.182267,2.188688,1.988348
9801,206,2.012547,-4.362391,0.509245,-1.618965,653.333333,1.697168,287.460947,0.201696,-0.050925,0.208026,1.970633,1.510815
9811,206,2.291856,-4.966899,0.772446,-1.365745,654.000000,1.569054,299.491880,0.394801,0.379831,0.547850,2.115984,1.304281
9821,206,2.630504,-5.454986,0.972028,-1.350719,654.666667,1.664115,305.740208,0.299374,0.022539,0.300221,2.262976,
9831,206,3.069478,-6.047474,1.011598,-1.320977,655.333333,1.663824,307.444734,0.059356,0.044613,0.074252,1.893719,
9841,206,3.439782,-6.511768,1.235141,-1.522694,656.000000,1.960655,309.047402,0.335313,-0.302576,0.451649,1.040631,
9851,206,4.057591,-7.265630,1.544520,-1.884655,656.666667,2.436692,309.335455,0.464070,-0.542941,0.714245,1.245352,
9671,207,-0.448804,2.580586,0.713536,0.636153,644.666667,0.955942,41.718595,,,,0.574203,2.014109
9681,207,-0.163389,2.835047,0.641621,0.671665,645.333333,0.928877,46.310534,-0.107873,0.053268,0.120308,0.609901,1.693756
9691,207,0.064493,3.117918,0.569706,0.707177,646.000000,0.908110,51.144899,-0.107873,0.053268,0.120308,0.569552,2.746346
9671,208,-0.982121,2.793380,0.624932,0.654688,644.666667,0.905072,46.332111,,,,0.574203,2.809222
9681,208,-0.732148,3.055255,0.648718,0.673729,645.333333,0.935278,46.083448,0.035680,0.028561,0.045704,0.609901,1.693756
9691,208,-0.463146,3.332363,0.672505,0.692769,646.000000,0.965501,45.850348,0.035680,0.028561,0.045704,0.569552,3.114149
9731,211,3.715715,2.687842,-0.152691,-0.360807,648.666667,0.391786,247.062326,,,,1.815752,
9741,211,3.654638,2.543519,-0.284099,-0.313770,649.333333,0.423277,227.841122,-0.197112,0.070557,0.209360,1.445473,
9751,211,3.488436,2.436827,-0.352295,-0.327023,650.000000,0.480683,222.869414,-0.102295,-0.019880,0.104208,1.080845,
9761,211,3.372802,2.281901,-0.269837,-0.439932,650.666667,0.516093,238.476733,0.123688,-0.169365,0.209721,0.949581,
9771,211,3.272566,2.084881,-0.211563,-0.597357,651.333333,0.633714,250.497626,0.087411,-0.236137,0.251796,0.936072,
9781,211,3.203552,1.804016,-0.101917,-0.641267,652.000000,0.649316,260.969507,0.164469,-0.065866,0.177168,1.320247,
9791,211,3.191033,1.571867,0.056451,-0.619262,652.666667,0.621830,275.208615,0.237552,0.033008,0.239834,4.923400,
9801,211,3.248713,1.308606,0.082629,-0.550378,653.333333,0.556546,278.538157,0.039267,0.103327,0.110537,4.834894,
9811,211,3.257136,1.131565,-0.047019,-0.456173,654.000000,0.458590,264.115104,-0.194473,0.141306,0.240390,4.756199,
9821,211,3.211097,0.943667,-0.136160,-0.442286,654.666667,0.462770,252.888784,-0.133710,0.020831,0.135323,4.629247,
9831,211,3.148209,0.777736,-0.086453,-0.352837,655.333333,0.363274,256.232494,0.074560,0.134173,0.153498,4.500868,7.743298
9841,211,3.141935,0.661398,0.023697,-0.394759,656.000000,0.395470,273.435234,0.165224,-0.062883,0.176786,4.447548,
9851,211,3.167166,0.461929,0.069594,-0.377390,656.666667,0.383753,280.448516,0.068847,0.026054,0.073612,4.395442,
9861,211,3.197611,0.359486,0.014460,-0.148885,657.333333,0.149586,275.547297,-0.082702,0.342757,0.352593,4.392707,
9871,211,3.178734,0.342821,-0.047201,-0.041671,658.000000,0.062964,221.439624,-0.092492,0.160820,0.185521,4.347695,
9881,211,3.159850,0.326149,-0.181248,-0.021250,658.666667,0.182489,186.686966,-0.201070,0.030632,0.203390,4.324327,
9891,211,3.033736,0.325821,-0.315285,-0.000820,659.333333,0.315286,180.148969,-0.201055,0.030645,0.203378,4.205504,
9731,212,3.939112,0.885886,0.076941,0.617391,648.666667,0.622167,82.896272,,,,1.454610,
9741,212,3.969889,1.132842,0.243904,0.855301,649.333333,0.889398,74.083544,0.250445,0.356864,0.435976,1.445473,
9751,212,4.134236,1.570127,0.410868,1.093211,650.000000,1.167871,69.401965,0.250445,0.356864,0.435976,1.080845,
9771,213,0.373221,-5.187176,0.338803,-0.739882,651.333333,0.813764,294.603773,,,,0.806330,
9781,213,0.508743,-5.483128,0.381831,-0.388939,652.000000,0.545040,314.471593,0.064541,0.526413,0.530355,0.922616,
9791,213,0.678686,-5.498327,0.034453,-0.230845,652.666667,0.233401,278.488549,-0.521067,0.237142,0.572492,1.296518,
9801,213,0.536305,-5.667804,-0.317694,-0.579755,653.333333,0.661094,241.278192,-0.528220,-0.523366,0.743591,1.799535,
9811,213,0.424531,-5.962131,-0.019110,-0.758006,654.000000,0.758247,268.555850,0.447876,-0.267376,0.521615,1.699319,
9821,213,0.521017,-6.274208,0.186672,-0.901954,654.666667,0.921068,281.693067,0.308672,-0.215922,0.376697,1.682438,
9831,213,0.573869,-6.683694,0.090544,-0.919024,655.333333,0.923473,275.626749,-0.144191,-0.025606,0.146447,1.681074,
9841,213,0.593453,-7.009428,0.047537,-0.839565,656.000000,0.840910,273.240690,-0.064511,0.119189,0.135527,1.728858,
9851,213,0.611898,-7.355346,0.208372,-0.926293,656.666667,0.949440,282.677806,0.241252,-0.130091,0.274092,1.840400,
9861,213,0.760150,-7.750462,0.280368,-0.904989,657.333333,0.947423,287.213136,0.107994,0.031956,0.112623,1.902022,
9871,213,0.836193,-8.079337,0.090308,-0.916993,658.000000,0.921430,275.624492,-0.285091,-0.018007,0.285659,1.558822,
9881,213,0.832396,-8.484056,0.062488,-0.990718,658.666667,0.992687,273.609073,-0.041729,-0.110587,0.118199,1.615260,
9891,213,0.886183,-8.871912,0.155090,-1.020996,659.333333,1.032708,278.637215,0.138902,-0.045417,0.146139,1.835440,
9901,213,0.956468,-9.300854,0.175712,-1.072355,660.000000,1.086655,279.305568,0.030933,-0.077037,0.083016,2.332514,
9791,214,1.445223,-9.950407,0.818878,1.369636,652.666667,1.595764,59.125644,,,,3.244422,1.988348
9801,214,1.772774,-9.402553,0.698380,1.321121,653.333333,1.494354,62.137864,-0.180747,-0.072773,0.194847,2.147527,1.510815
9811,214,2.003926,-8.893510,0.627435,1.365821,654.000000,1.503045,65.326746,-0.106417,0.067051,0.125779,1.308884,1.304281
9821,214,2.274722,-8.309895,0.688187,1.279612,654.666667,1.452931,61.728225,0.091128,-0.129313,0.158197,1.388036,
9831,214,2.554476,-7.869820,0.507105,1.358260,655.333333,1.449837,69.526947,-0.271624,0.117972,0.296137,1.776749,
9841,214,2.680406,-7.223287,0.486595,1.451508,656.000000,1.530899,71.467087,-0.030764,0.139872,0.143215,1.040631,
9851,214,2.943752,-6.708614,0.610290,1.262010,656.666667,1.401828,64.192234,0.185543,-0.284248,0.339445,1.245352,
9861,214,3.168638,-6.213680,0.624916,1.179195,657.333333,1.334549,62.078576,0.021939,-0.124222,0.126144,2.446577,
9871,214,3.443686,-5.765258,0.855729,0.979298,658.000000,1.300498,48.852415,0.346219,-0.299846,0.458012,2.594564,
9881,214,3.853221,-5.430242,0.978020,0.886433,658.666667,1.319957,42.187757,0.183436,-0.139296,0.230331,2.843475,
9891,214,4.226101,-5.056111,0.932201,0.935326,659.333333,1.320543,45.095900,-0.068729,0.073339,0.100510,3.235736,
9821,215,2.856964,-10.013052,0.053084,0.990555,654.666667,0.991976,86.932467,,,,1.799930,
9831,215,2.878197,-9.616830,-0.018626,0.919430,655.333333,0.919619,91.160536,-0.107564,-0.106688,0.151500,1.776749,7.743298
9841,215,2.842063,-9.277508,-0.335399,0.936664,656.000000,0.994903,109.701325,-0.475160,0.025852,0.475862,2.005618,
9851,215,2.609878,-8.867499,-0.451852,0.894995,656.666667,1.002590,116.787640,-0.174680,-0.062504,0.185526,2.159133,9.131384
9861,215,2.480581,-8.561512,-0.269958,0.911918,657.333333,0.951037,106.490520,0.272841,0.025385,0.274019,1.902022,
9871,215,2.393912,-8.137964,-0.223564,0.935459,658.000000,0.961802,103.440907,0.069592,0.035311,0.078038,1.558822,
9881,215,2.301731,-7.813145,-0.390845,0.823925,658.666667,0.911927,115.378242,-0.250922,-0.167301,0.301582,1.615260,7.494215
9891,215,2.081236,-7.478824,-0.507741,0.809274,659.333333,0.955367,122.104305,-0.175345,-0.021976,0.176717,1.835440,
9901,215,1.895538,-7.165726,-0.295451,0.921165,660.000000,0.967386,107.782956,0.318435,0.167836,0.359958,2.332514,
9911,215,1.844874,-6.741893,-0.132174,0.960309,660.666667,0.969362,97.836761,0.244917,0.058716,0.251857,2.952343,
9921,215,1.789799,-6.397479,-0.227315,0.918991,661.333333,0.946687,103.893396,-0.142712,-0.061977,0.155589,2.912499,
9931,215,1.663023,-6.006700,-0.272375,0.948970,662.000000,0.987285,106.014618,-0.067590,0.044968,0.081182,2.855147,
9941,215,1.571899,-5.638303,-0.061839,0.981340,662.666667,0.983286,93.605703,0.315804,0.048555,0.319515,2.881050,
9951,215,1.613552,-5.221628,0.032013,0.997989,663.333333,0.998502,88.162720,0.140778,0.024974,0.142976,3.070317,
9961,215,1.597509,-4.839912,-0.254039,0.875646,664.000000,0.911752,106.178261,-0.429077,-0.183513,0.466674,3.134807,
9971,215,1.410321,-4.521111,-0.490685,0.825752,664.666667,0.960540,120.719964,-0.354969,-0.074842,0.362773,3.061091,4.115160
9981,215,1.204961,-4.179310,-0.323400,0.911045,665.333333,0.966743,109.543683,0.250927,0.127940,0.281662,3.026497,
9991,215,1.151601,-3.792274,-0.133401,0.967590,666.000000,0.976743,97.849863,0.284998,0.084817,0.297351,3.193008,
9901,216,2.931539,0.439435,-0.438438,0.263707,660.000000,0.511634,148.974392,,,,4.150783,
9911,216,2.756163,0.544918,-0.528243,0.302600,660.666667,0.608775,150.194115,-0.134708,0.058339,0.146798,4.047585,
9921,216,2.508944,0.681515,-0.527452,0.352593,661.333333,0.634450,146.237947,0.001187,0.074989,0.074999,3.884446,
9931,216,2.334202,0.826992,-0.359935,0.524783,662.000000,0.636357,124.445212,0.251276,0.258285,0.360348,3.802335,
9941,216,2.220997,1.101341,-0.330244,0.669471,662.666667,0.746493,116.256677,0.044537,0.217033,0.221555,3.855965,
9951,216,2.070007,1.362569,-0.399528,0.682271,663.333333,0.790643,120.352624,-0.103927,0.019200,0.105686,3.894329,
9961,216,1.901374,1.647158,-0.275145,0.861231,664.000000,0.904115,107.717569,0.186575,0.268441,0.326910,3.963970,
9971,216,1.849891,2.051554,-0.182786,0.872087,664.666667,0.891037,101.837615,0.138538,0.016284,0.139492,4.161527,
9981,216,1.755145,2.344828,-0.192481,0.701254,665.333333,0.727191,105.348608,-0.014542,-0.256250,0.256662,1.972968,
9991,216,1.695906,2.612557,-0.148097,0.669324,666.000000,0.685512,102.476449,0.066576,-0.047896,0.082015,1.818272,
9921,217,-1.422027,-5.682179,0.000000,0.000000,661.333333,0.000000,0.000000,,,,1.063605,
9931,217,-1.422027,-5.682179,0.000000,0.000000,662.000000,0.000000,0.000000,0.000000,0.000000,0.000000,1.063605,
9941,217,-1.422027,-5.682179,0.000000,0.000000,662.666667,0.000000,0.000000,0.000000,0.000000,0.000000,1.063605,
9951,217,-1.422027,-5.682179,0.000000,0.000000,663.333333,0.000000,0.000000,0.000000,0.000000,0.000000,1.063605,
9961,217,-1.422027,-5.682179,0.000000,0.000000,664.000000,0.000000,0.000000,0.000000,0.000000,0.000000,1.063605,
9971,217,-1.422027,-5.682179,0.000000,0.000000,664.666667,0.000000,0.000000,0.000000,0.000000,0.000000,1.063605,
9981,217,-1.422027,-5.682179,0.000000,0.000000,665.333333,0.000000,0.000000,0.000000,0.000000,0.000000,1.063605,
9991,217,-1.422027,-5.682179,0.000000,0.000000,666.000000,0.000000,0.000000,0.000000,0.000000,0.000000,1.063605,
9981,218,3.577562,3.100739,-0.175999,-1.619397,665.333333,1.628933,263.797336,,,,1.972968,
9991,218,3.507162,2.452980,-0.175999,-1.619397,666.000000,1.628933,263.797336,0.000000,0.000000,0.000000,1.818272,
10001,219,1.078418,-3.422869,-0.326274,0.890681,666.666667,0.948560,110.118802,,,,,
10011,219,0.947908,-3.066596,-0.347286,0.944436,667.333333,1.006263,110.189395,-0.031518,0.080632,0.086573,,
10021,219,0.800589,-2.667320,-0.133919,0.970736,668.000000,0.979929,97.854716,0.320051,0.039450,0.322473,4.347102,
10031,219,0.840773,-2.290008,0.032926,1.001446,668.666667,1.001987,88.116856,0.250268,0.046066,0.254472,3.567389,
10041,219,0.826930,-1.866163,-0.204576,0.981166,669.333333,1.002267,101.777595,-0.356254,-0.030420,0.357550,2.904136,
10051,219,0.677112,-1.505075,-0.375043,0.903922,670.000000,0.978638,112.533857,-0.255700,-0.115866,0.280727,1.712416,
10061,219,0.526896,-1.143025,-0.206498,0.958595,670.666667,0.980584,102.156753,0.252817,0.082009,0.265785,1.522194,
10071,219,0.511914,-0.738199,-0.090322,0.918782,671.333333,0.923211,95.614465,0.174265,-0.059719,0.184213,1.587973,2.351595
10081,219,0.454638,-0.407999,-0.262905,0.817887,672.000000,0.859103,107.819663,-0.258874,-0.151343,0.299868,1.675750,
10091,219,0.301590,-0.083889,-0.359415,0.807902,672.666667,0.884243,113.983073,-0.144766,-0.014978,0.145539,1.758657,
10101,219,0.167106,0.238322,-0.142272,0.852939,673.333333,0.864723,99.469902,0.325714,0.067555,0.332646,1.894128,
10111,219,0.187772,0.598462,0.033674,1.003554,674.000000,1.004119,88.078171,0.263920,0.225924,0.347412,1.911445,
10121,219,0.194045,1.041166,-0.133858,1.004217,674.666667,1.013099,97.592553,-0.251299,0.000994,0.251301,1.281671,
10131,219,0.080685,1.401835,-0.161878,0.933189,675.333333,0.947125,99.841019,-0.042029,-0.106542,0.114532,0.902164,
10141,219,0.064543,1.787717,0.149440,0.933025,676.000000,0.944916,80.900383,0.466977,-0.000247,0.466977,1.087250,
10151,219,0.200237,2.148255,0.263514,0.837313,676.666667,0.877800,72.530491,0.171111,-0.143568,0.223362,1.687004,7.449183
10161,219,0.275354,2.457567,0.069468,0.793002,677.333333,0.796039,84.993613,-0.291069,-0.066465,0.298561,2.110369,
10171,219,0.255811,2.782657,-0.050288,0.787856,678.000000,0.789459,93.652157,-0.179633,-0.007720,0.179799,2.698587,
10181,219,0.235124,3.087852,-0.051719,0.762987,678.666667,0.764737,93.877827,-0.002146,-0.037304,0.037365,3.238409,
10021,220,3.401501,0.815861,0.005785,-1.561306,668.000000,1.561316,270.212302,,,,4.347102,
10031,220,3.403815,0.191339,-0.081773,-1.524723,668.666667,1.526914,266.930072,-0.131338,0.054873,0.142340,3.567389,
10041,220,3.336082,-0.403917,-0.212768,-1.459264,669.333333,1.474693,261.704435,-0.196492,0.098190,0.219660,2.904136,
10051,220,3.233600,-0.976072,-0.122665,-1.450246,670.000000,1.455424,265.165285,0.135154,0.013526,0.135829,2.610647,
10061,220,3.237949,-1.564114,-0.125683,-1.502293,670.666667,1.507541,265.217713,-0.004527,-0.078071,0.078202,2.743561,
10071,220,3.133053,-2.177906,-0.128333,-1.552850,671.333333,1.558144,265.275621,-0.003974,-0.075836,0.075940,2.218398,
10081,220,3.135283,-2.806394,0.031866,-1.501076,672.000000,1.501414,271.216143,0.240298,0.077662,0.252536,1.153138,1.122812
10091,220,3.158546,-3.378767,0.125179,-1.438308,672.666667,1.443745,274.974032,0.139969,0.094151,0.168688,0.800822,0.832387
10101,220,3.235426,-3.957041,0.421153,-1.345856,673.333333,1.410211,287.376233,0.443961,0.138679,0.465116,1.490717,
10111,220,3.495468,-4.455451,0.392021,-1.462897,674.000000,1.514512,285.001416,-0.043698,-0.175562,0.180919,0.829370,
10121,220,3.549043,-5.127358,0.139086,-1.581906,674.666667,1.588009,275.024683,-0.379403,-0.178514,0.419301,1.170423,
10131,220,3.606737,-5.720976,0.028135,-1.572119,675.333333,1.572370,271.025251,-0.166427,0.014681,0.167073,2.278923,
10141,220,3.571550,-6.385053,-0.284498,-1.572753,676.000000,1.598278,259.746562,-0.468948,-0.000952,0.468949,2.190321,
10151,220,3.379139,-6.979179,-0.325603,-1.499837,676.666667,1.534773,257.751581,-0.061658,0.109375,0.125557,2.061531,
10161,220,3.311068,-7.584923,-0.344400,-1.406068,677.333333,1.447632,256.237020,-0.028196,0.140653,0.143452,2.617476,
10171,220,3.103619,-8.104033,-0.505322,-1.450571,678.000000,1.536069,250.793659,-0.241383,-0.066755,0.250444,3.260031,
10181,220,2.906810,-8.745380,-0.373455,-1.489249,678.666667,1.535361,255.922378,0.197801,-0.058017,0.206134,4.168909,
10191,220,2.804854,-9.295433,-0.254889,-1.375132,679.333333,1.398555,259.499046,0.177849,0.171177,0.246844,5.112010,
10041,221,3.843170,-5.957415,-0.089308,1.670878,669.333333,1.673263,93.059550,,,,5.082917,
10051,221,3.807447,-5.289064,0.102724,1.529335,670.000000,1.532782,86.157260,0.288049,-0.212314,0.357840,4.351000,
10061,221,3.925349,-4.733947,0.157323,1.302660,670.666667,1.312125,83.113690,0.081899,-0.340014,0.349738,3.243510,
10071,221,3.933305,-4.246936,-0.017729,1.343100,671.333333,1.343217,90.756258,-0.262578,0.060661,0.269494,2.218398,
10081,221,3.911166,-3.659467,-0.015172,1.390697,672.000000,1.390779,90.625058,0.003835,0.071394,0.071497,1.153138,
10091,221,3.921168,-3.134379,0.109037,1.228870,672.666667,1.233698,84.929455,0.186314,-0.242740,0.305999,0.800822,
10101,221,3.998396,-2.676371,0.093395,1.350862,673.333333,1.354087,86.045014,-0.023463,0.182989,0.184487,1.490717,
10111,221,3.995884,-2.053689,0.027407,1.357354,674.000000,1.357630,88.843288,-0.098983,0.009737,0.099461,2.453340,
10121,221,4.020321,-1.590488,0.068684,1.301873,674.666667,1.303684,86.980000,0.061916,-0.083220,0.103727,3.163448,
10131,221,4.050831,-1.012190,0.050526,1.375808,675.333333,1.376735,87.896766,-0.027237,0.110901,0.114197,3.150716,
10141,221,4.060742,-0.489842,0.024768,1.305319,676.000000,1.305554,88.912966,-0.038638,-0.105732,0.112571,2.584610,
10151,221,4.070645,0.032065,0.001603,1.283632,676.666667,1.283633,89.928445,-0.034747,-0.032531,0.047599,2.389510,
10161,221,4.062024,0.537064,-0.064047,1.293302,677.333333,1.294887,92.835101,-0.098475,0.014505,0.099538,2.174786,
10171,221,4.019407,1.066706,-0.238136,1.346312,678.000000,1.367210,100.030747,-0.261133,0.079515,0.272971,2.007320,
10181,221,3.871516,1.614113,-0.168552,1.407970,678.666667,1.418023,96.826545,0.104376,0.092487,0.139457,2.317556,
10191,221,3.884566,2.193082,-0.133868,1.234400,679.333333,1.241637,96.189436,0.052025,-0.260356,0.265503,2.625187,4.927279
10201,221,3.764421,2.601633,-0.300362,1.021376,680.000000,1.064625,106.387342,-0.249741,-0.319535,0.405553,2.344533,
10051,222,-0.948342,-0.966309,-0.112077,-0.240749,670.000000,0.265558,245.036412,,,,1.712416,
10061,222,-0.993173,-1.062608,-0.087802,-0.244068,670.666667,0.259381,250.214016,0.036411,-0.004979,0.036750,1.522194,
10071,222,-1.018584,-1.161563,-0.034743,-0.174468,671.333333,0.177893,258.737524,0.079589,0.104401,0.131278,1.587973,
10081,222,-1.020967,-1.202182,-0.051655,-0.044398,672.000000,0.068113,220.679815,-0.025367,0.195104,0.196746,1.675750,
10091,222,-1.059908,-1.197082,-0.095896,0.038163,672.666667,0.103211,158.299195,-0.066362,0.123842,0.140502,1.758657,
10101,222,-1.097684,-1.171652,-0.070097,0.060395,673.333333,0.092527,139.251761,0.038699,0.033348,0.051085,1.894128,
10111,222,-1.115985,-1.148766,-0.021382,0.054017,674.000000,0.058096,111.595838,0.073071,-0.009567,0.073695,2.180043,
10121,222,-1.114790,-1.128438,-0.021390,0.054031,674.666667,0.058111,111.597403,-0.000011,0.000020,0.000023,2.533817,
10131,222,-1.133097,-1.105541,-0.045775,0.057252,675.333333,0.073302,128.643064,-0.036578,0.004832,0.036895,2.785714,
10141,222,-1.151410,-1.082636,-0.022891,0.028631,676.000000,0.036657,128.643065,0.034325,-0.042932,0.054967,2.989108,
10151,222,-1.151410,-1.082636,0.000000,0.000000,676.666667,0.000000,0.000000,0.034337,-0.042947,0.054986,2.822920,
10161,222,-1.151410,-1.082636,0.000000,0.000000,677.333333,0.000000,0.000000,0.000000,0.000000,0.000000,2.594244,
10171,222,-1.151410,-1.082636,0.000000,0.000000,678.000000,0.000000,0.000000,0.000000,0.000000,0.000000,2.254847,
10181,222,-1.151410,-1.082636,0.000000,0.000000,678.666667,0.000000,0.000000,0.000000,0.000000,0.000000,2.271149,
10191,222,-1.151410,-1.082636,0.000000,0.000000,679.333333,0.000000,0.000000,0.000000,0.000000,0.000000,2.357449,
10201,222,-1.151410,-1.082636,-0.001495,-0.025417,680.000000,0.025461,266.632842,-0.002243,-0.038125,0.038191,2.404656,
10211,222,-1.152606,-1.102969,-0.082204,-0.142943,680.666667,0.164894,240.097635,-0.121063,-0.176289,0.213855,2.619238,
10221,222,-1.217173,-1.196990,-0.237954,-0.276643,681.333333,0.364902,229.299511,-0.233626,-0.200549,0.307898,2.793132,
10231,222,-1.342969,-1.324283,-0.157246,-0.159116,682.000000,0.223706,225.338762,0.121063,0.176289,0.213855,2.449434,
10241,222,-1.342969,-1.324283,-0.482221,-0.195357,682.666667,0.520290,202.053864,-0.487462,-0.054361,0.490484,2.165068,
10251,222,-1.728746,-1.480569,-0.525507,-0.086714,683.333333,0.532613,189.369938,-0.064929,0.162965,0.175424,2.405017,
10261,222,-1.763375,-1.393655,-0.086572,0.217287,684.000000,0.233898,111.723460,0.658402,0.456001,0.800894,2.517815,6.649633
10061,223,1.496658,4.035687,-0.147269,-0.964058,670.666667,0.975242,261.314651,,,,5.268729,
10071,223,1.437750,3.650064,0.195481,-1.076132,671.333333,1.093742,280.295588,0.514125,-0.168111,0.540912,1.054333,
10081,223,1.653043,3.174782,0.261980,-1.137676,672.000000,1.167450,282.967803,0.099749,-0.092316,0.135912,1.228787,5.593467
10091,223,1.647334,2.739924,-0.040016,-1.132683,672.666667,1.133389,267.976692,-0.452993,0.007489,0.453055,1.111028,
10101,223,1.621030,2.268636,0.005974,-1.141145,673.333333,1.141160,270.299967,0.068985,-0.012693,0.070143,1.106896,4.429266
10111,223,1.652114,1.827008,0.125028,-1.086842,674.000000,1.094010,276.562325,0.178580,0.081454,0.196279,1.138152,6.003060
10121,223,1.721053,1.399162,-0.034562,-1.036605,674.666667,1.037181,268.090384,-0.239384,0.075356,0.250965,1.041854,2.104220
10131,223,1.624464,0.997724,-0.062956,-1.131512,675.333333,1.133262,266.815415,-0.042591,-0.142361,0.148596,0.933998,1.603153
10141,223,1.670688,0.493952,0.070910,-1.227798,676.000000,1.229843,273.305386,0.200799,-0.144428,0.247345,0.975479,
10151,223,1.681193,0.015486,-0.091631,-1.229363,676.666667,1.232773,265.737311,-0.243812,-0.002348,0.243823,0.925356,2.473234
10161,223,1.597383,-0.489538,-0.067206,-1.208840,677.333333,1.210707,266.817897,0.036638,0.030784,0.047854,0.899125,2.078911
10171,223,1.627428,-0.951586,0.075110,-1.155076,678.000000,1.157515,273.720465,0.213473,0.080646,0.228199,0.910759,
10181,223,1.657471,-1.413598,0.026282,-1.198570,678.666667,1.198859,271.256164,-0.073242,-0.065242,0.098086,0.862316,
10191,223,1.648453,-1.910442,0.094006,-1.231927,679.333333,1.235509,274.363688,0.101587,-0.050035,0.113240,0.843884,
10201,223,1.732676,-2.399140,0.238872,-1.124822,680.000000,1.149906,281.989468,0.217299,0.160658,0.270240,0.819571,
10211,223,1.839551,-2.810300,0.194054,-1.093347,680.666667,1.110434,280.064390,-0.067228,0.047213,0.082150,0.847553,
10221,223,1.887919,-3.273818,0.122253,-1.133792,681.333333,1.140364,276.154244,-0.107701,-0.060667,0.123612,0.770843,
10231,223,1.937354,-3.717333,0.166658,-1.162772,682.000000,1.174654,278.156555,0.066607,-0.043470,0.079537,0.794427,
10241,223,2.021245,-4.204035,0.092433,-1.254226,682.666667,1.257627,274.214925,-0.111337,-0.137181,0.176677,0.876217,
10251,223,2.011300,-4.720714,-0.099141,-1.385022,683.333333,1.388566,265.905705,-0.287361,-0.196194,0.347949,0.783366,
10261,223,1.941932,-5.312053,-0.142420,-1.332862,684.000000,1.340450,263.900912,-0.064919,0.078239,0.101666,0.905949,
10271,223,1.897364,-5.787004,-0.114240,-1.238008,684.666667,1.243267,264.727841,0.042271,0.142282,0.148429,0.955199,
10281,223,1.850540,-6.302459,0.020940,-1.300270,685.333333,1.300439,270.922631,0.202770,-0.093394,0.223244,0.899777,
10291,223,1.914116,-6.827220,0.094043,-1.231820,686.000000,1.235405,274.365739,0.109654,0.102675,0.150220,0.991477,
10301,223,1.925774,-7.287915,-0.087279,-1.169102,686.666667,1.172356,265.730507,-0.271983,0.094077,0.287793,1.046967,
10311,223,1.844292,-7.762502,-0.111684,-1.193540,687.333333,1.198754,264.654192,-0.036607,-0.036657,0.051805,0.961422,
10321,223,1.836427,-8.242748,0.023685,-1.253644,688.000000,1.253868,271.082371,0.203054,-0.090156,0.222169,0.912231,
10331,223,1.863241,-8.765417,-0.090295,-1.223337,688.666667,1.226665,265.778632,-0.170970,0.045461,0.176911,1.025987,
10341,223,1.764191,-9.221417,-0.247623,-1.140000,689.333333,1.166583,257.744968,-0.235992,0.125006,0.267056,0.971934,
10071,224,0.505329,4.142211,0.131358,-1.025464,671.333333,1.033843,277.299630,,,,1.054333,2.351595
10081,224,0.557872,3.732025,0.276226,-0.976150,672.000000,1.014479,285.800167,0.217301,0.073972,0.229546,1.228787,
10091,224,0.726310,3.361291,0.227802,-0.991452,672.666667,1.017286,282.940015,-0.072636,-0.022953,0.076176,1.111028,5.594337
10101,224,0.740114,2.938863,0.009685,-1.076945,673.333333,1.076988,270.515243,-0.327175,-0.128239,0.351410,1.106896,
10111,224,0.734058,2.499735,0.246295,-1.066798,674.000000,1.094861,283.000245,0.354915,0.015219,0.355241,1.138152,
10121,224,0.937150,2.085424,0.269723,-1.070098,674.666667,1.103567,284.146992,0.035143,-0.004950,0.035490,1.041854,2.380076
10131,224,0.949836,1.643657,-0.046737,-1.242232,675.333333,1.243111,267.845345,-0.474691,-0.258201,0.540369,0.902164,3.309525
10141,224,0.899760,1.091639,0.120802,-1.193507,676.000000,1.199605,275.779578,0.251309,0.073088,0.261721,0.975479,2.990543
10151,224,1.046478,0.688851,0.222565,-1.059213,676.666667,1.082344,281.866523,0.152644,0.201440,0.252742,0.925356,2.863053
10161,224,1.077812,0.244268,-0.094673,-1.261715,677.333333,1.265262,265.708838,-0.475857,-0.303753,0.564541,0.899125,2.219579
10171,224,0.970739,-0.320521,0.023380,-1.253686,678.000000,1.253903,271.068392,0.177080,0.012045,0.177489,0.910759,1.818089
10181,224,1.096516,-0.758680,0.290868,-1.091143,678.666667,1.129247,284.926329,0.401231,0.243813,0.469501,0.862316,
10191,224,1.203434,-1.193436,0.041115,-1.357118,679.333333,1.357741,271.735271,-0.374630,-0.398962,0.547283,0.843884,1.074283
10201,224,1.129407,-1.844374,-0.004006,-1.325544,680.000000,1.325550,269.826843,-0.067681,0.047361,0.082606,0.819571,0.623999
10211,224,1.200229,-2.253871,0.363979,-1.020518,680.666667,1.083484,289.629337,0.551978,0.457539,0.716953,0.847553,2.385811
10221,224,1.420591,-2.660789,0.266798,-1.082598,681.333333,1.114988,283.844236,-0.145772,-0.093119,0.172976,0.729683,4.279628
10231,224,1.413667,-3.119949,-0.017315,-1.148295,682.000000,1.148425,269.136118,-0.426169,-0.098546,0.437414,0.794427,
10241,224,1.406739,-3.579425,0.189703,-1.195833,682.666667,1.210787,279.014120,0.310527,-0.071308,0.318610,0.876217,
10251,224,1.565430,-4.076616,0.000321,-1.251842,683.333333,1.251842,270.014692,-0.284074,-0.084012,0.296236,0.783366,
10261,224,1.406996,-4.580898,-0.421536,-1.285942,684.000000,1.353270,251.850665,-0.632786,-0.051150,0.634850,0.905949,1.807755
10271,224,1.228201,-5.105369,-0.043348,-1.199241,684.666667,1.200024,267.929873,0.567283,0.130051,0.581999,0.955199,
10281,224,1.372317,-5.540291,0.171451,-1.120101,685.333333,1.133147,278.702584,0.322199,0.118709,0.343372,0.899777,
10291,224,1.365362,-6.001450,-0.258717,-1.284978,686.000000,1.310764,258.616304,-0.645252,-0.247315,0.691024,0.991477,
10301,224,1.165344,-6.568273,-0.213538,-1.315540,686.666667,1.332758,260.780165,0.067767,-0.045843,0.081817,1.046967,
10311,224,1.194531,-7.053882,0.168995,-1.170300,687.333333,1.182438,278.216869,0.573799,0.217860,0.613766,0.800770,
10321,224,1.300540,-7.504513,-0.068523,-1.230130,688.000000,1.232037,266.811687,-0.356277,-0.089745,0.367406,0.912231,
10331,224,1.139712,-8.037986,-0.208461,-1.221447,688.666667,1.239108,260.314785,-0.209907,0.013025,0.210311,1.025987,
10341,224,1.133771,-8.481670,-0.014855,-1.109209,689.333333,1.109309,269.232720,0.290410,0.168356,0.335681,0.971934,
10081,225,3.922372,-6.472796,-0.778344,1.241207,672.000000,1.465064,122.091282,,,,2.813352,1.122812
10091,225,3.611035,-5.976314,-0.941042,1.185854,672.666667,1.513872,128.433963,-0.244046,-0.083028,0.257783,2.636664,0.832387
10101,225,3.169539,-5.524113,-0.922937,1.216430,673.333333,1.526930,127.188536,0.027157,0.045863,0.053300,1.568456,
10111,225,2.872685,-5.003170,-0.694954,1.375211,674.000000,1.540833,116.809459,0.341974,0.238172,0.416740,0.829370,
10121,225,2.613576,-4.423944,-0.623890,1.498310,674.666667,1.623014,112.606647,0.106595,0.184649,0.213209,1.170423,2.104220
10131,225,2.373573,-3.804521,-0.254365,1.611061,675.333333,1.631018,98.972173,0.554288,0.169126,0.579516,2.278923,1.603153
10141,225,2.410084,-3.135095,0.059144,1.503105,676.000000,1.504268,87.746698,0.470263,-0.161934,0.497363,3.118018,1.748678
10151,225,2.420888,-2.602037,0.032356,1.430223,676.666667,1.430589,88.704017,-0.040182,-0.109323,0.116473,2.720033,1.481059
10161,225,2.435968,-1.990917,0.308994,1.490688,677.333333,1.522376,78.289424,0.414957,0.090698,0.424753,1.719699,
10171,225,2.668083,-1.409487,0.376362,1.477919,678.000000,1.525088,75.712920,0.101052,-0.019154,0.102852,1.136942,
10181,225,2.737058,-0.808582,0.128604,1.531600,678.666667,1.536990,85.200301,-0.371637,0.080523,0.380260,1.237560,
10191,225,2.770966,-0.184206,0.019911,1.618837,679.333333,1.618960,89.295332,-0.163040,0.130855,0.209057,0.934942,4.927279
10201,225,2.752987,0.486488,-0.276942,1.590733,680.000000,1.614660,99.876029,-0.445278,-0.042157,0.447270,1.311801,
10211,225,2.549413,1.088380,-0.237098,1.486814,680.666667,1.505600,99.060501,0.059766,-0.155879,0.166943,2.218522,
10221,225,2.563308,1.675939,-0.124682,1.470995,681.333333,1.476269,94.844820,0.168624,-0.023728,0.170285,3.301060,
10231,225,2.449667,2.265175,-0.352352,1.486411,682.000000,1.527603,103.335758,-0.341506,0.023125,0.342288,4.331886,
10241,225,2.281426,2.865068,-0.420602,1.499731,682.666667,1.557594,105.666237,-0.102374,0.019980,0.104306,5.267917,
10081,226,1.634223,-9.898434,0.245725,1.094095,672.000000,1.121350,77.341893,,,,4.119541,5.593467
10091,226,1.732512,-9.460796,0.089292,1.201565,672.666667,1.204878,85.750002,-0.234649,0.161204,0.284688,3.958593,5.594337
10101,226,1.705656,-8.937182,-0.046773,1.257585,673.333333,1.258455,92.130017,-0.204097,0.084031,0.220719,3.713757,4.429266
10111,226,1.695094,-8.454727,-0.095782,1.210425,674.000000,1.214209,94.524447,-0.073513,-0.070740,0.102021,3.646912,
10121,226,1.629030,-7.968842,-0.255188,1.271706,674.666667,1.297057,101.346614,-0.239109,0.091921,0.256169,3.429355,
10131,226,1.490943,-7.437362,-0.229423,1.321395,675.333333,1.341164,99.849594,0.038648,0.074534,0.083958,2.724438,3.309525
10141,226,1.445492,-6.911725,-0.115034,1.289308,676.000000,1.294430,95.098513,0.171583,-0.048131,0.178206,2.190321,2.990543
10151,226,1.398916,-6.405916,-0.187626,1.245751,676.666667,1.259801,98.565075,-0.108887,-0.065336,0.126985,2.061531,2.473234
10161,226,1.295392,-5.915124,-0.164433,1.244472,677.333333,1.255288,97.526936,0.034789,-0.001919,0.034842,2.617476,2.078911
10171,226,1.267370,-5.410338,-0.119431,1.216467,678.000000,1.222316,95.607260,0.067503,-0.042007,0.079506,3.260031,1.818089
10181,226,1.199847,-4.941950,-0.192214,1.173804,678.666667,1.189437,99.299809,-0.109174,-0.063995,0.126548,3.557905,
10191,226,1.113599,-4.471295,-0.120928,1.192507,679.333333,1.198623,95.790380,0.106928,0.028055,0.110548,2.616111,1.074283
10201,226,1.103104,-3.987945,-0.192611,1.176232,680.000000,1.191898,99.299810,-0.107525,-0.024413,0.110261,1.708994,0.623999
10211,226,0.959510,-3.530309,-0.337372,1.117798,680.666667,1.167601,106.794774,-0.217141,-0.087652,0.234164,1.137052,
10221,226,0.833207,-3.093707,-0.264848,1.162073,681.333333,1.191872,102.838968,0.108786,0.066413,0.127456,0.729683,
10231,226,0.747632,-2.600651,-0.216896,1.183372,682.000000,1.203085,100.386274,0.071927,0.031949,0.078703,0.844556,
10241,226,0.659690,-2.147009,-0.102301,1.119752,682.666667,1.124415,95.220062,0.171894,-0.095430,0.196607,1.615518,
10251,226,0.665791,-1.704850,0.112029,1.142455,683.333333,1.147935,84.399505,0.321494,0.034055,0.323293,1.950374,
10261,226,0.749312,-1.233045,0.189364,1.256097,684.000000,1.270291,81.426882,0.116003,0.170463,0.206190,2.517815,
10271,226,0.817282,-0.699972,0.278185,1.165493,684.666667,1.198232,76.575571,0.133231,-0.135907,0.190318,3.376339,
10281,226,0.971860,-0.300651,0.398284,1.219466,685.333333,1.282859,71.912696,0.180149,0.080959,0.197504,4.123899,
10291,226,1.135909,0.275601,0.357368,1.346042,686.000000,1.392674,75.131232,-0.061373,0.189864,0.199537,5.038476,
10301,226,1.257755,0.776183,0.419699,1.231064,686.666667,1.300640,71.174538,0.093495,-0.172467,0.196180,6.032426,
10311,226,1.471668,1.260452,0.417061,1.202037,687.333333,1.272334,70.865196,-0.003957,-0.043540,0.043719,6.919195,
10321,226,1.591403,1.737813,0.299338,1.193403,688.000000,1.230371,75.919140,-0.176584,-0.012952,0.177058,7.853521,
10111,227,1.725855,3.814574,0.201389,-1.371763,674.000000,1.386467,278.351967,,,,1.646956,6.003060
10121,227,1.806411,3.265869,0.135354,-1.310048,674.666667,1.317022,275.898854,-0.099053,0.092573,0.135577,1.465968,3.210177
10131,227,1.834138,2.766535,0.299139,-1.262889,675.333333,1.297834,283.325989,0.245678,0.070739,0.255659,1.429282,
10141,227,2.045722,2.255558,0.323219,-1.241034,676.000000,1.282434,284.598007,0.036120,0.032782,0.048778,1.633382,1.748678
10151,227,2.092713,1.773708,-0.046221,-1.252176,676.666667,1.253028,267.886012,-0.554161,-0.016712,0.554413,1.507157,1.481059
10161,227,2.008745,1.253817,-0.070331,-1.273481,677.333333,1.275421,266.838922,-0.036164,-0.031958,0.048261,1.373254,
10171,227,2.036449,0.754923,-0.086625,-1.149518,678.000000,1.152777,265.690462,-0.024441,0.185944,0.187544,1.514040,
10181,227,1.939445,0.334203,-0.241453,-1.028527,678.666667,1.056488,256.788708,-0.232241,0.181487,0.294743,1.380189,
10191,227,1.843286,-0.067898,0.030388,-1.119424,679.333333,1.119837,271.554964,0.407761,-0.136346,0.429952,0.934942,
10201,227,1.963755,-0.561337,0.208138,-1.244522,680.000000,1.261807,279.494463,0.266625,-0.187647,0.326037,1.311801,
10211,227,2.009797,-1.063516,0.090873,-1.276837,680.666667,1.280067,274.070898,-0.175897,-0.048473,0.182454,1.439565,2.385811
10221,227,2.036453,-1.582807,0.230459,-1.244566,681.333333,1.265724,280.490737,0.209378,0.048407,0.214901,1.241504,4.279628
10231,227,2.194164,-2.059169,0.259943,-1.123456,682.000000,1.153136,283.027713,0.044226,0.181666,0.186972,1.316978,
10241,227,2.244408,-2.481571,-0.013811,-1.088892,682.666667,1.088980,269.273340,-0.410630,0.051845,0.413890,1.380931,
10251,227,2.183115,-2.930283,-0.080825,-1.056532,683.333333,1.059619,265.625381,-0.100521,0.048541,0.111628,1.302158,
10261,227,2.179748,-3.326797,-0.036658,-1.087799,684.000000,1.088417,268.069915,0.066251,-0.046902,0.081172,1.473063,
10271,227,2.153789,-3.800522,-0.180663,-1.197875,684.666667,1.211422,261.423321,-0.216008,-0.165114,0.271886,1.599793,
10281,227,2.035217,-4.285097,-0.245530,-1.118673,685.333333,1.145301,257.620814,-0.097301,0.118803,0.153563,1.419489,
10291,227,1.957365,-4.695461,-0.086845,-1.161820,686.000000,1.165061,265.725141,0.238028,-0.064720,0.246670,1.433902,
10301,227,1.965741,-5.214553,-0.088427,-1.188535,686.666667,1.191820,265.745059,-0.002372,-0.040073,0.040143,1.572639,
10311,227,1.886623,-5.646289,-0.269880,-1.124446,687.333333,1.156380,256.503622,-0.272181,0.096134,0.288659,1.568537,
10321,227,1.749837,-6.114110,-0.129255,-1.088370,688.000000,1.096018,263.227245,0.210938,0.054115,0.217769,1.358287,
10331,227,1.783219,-6.516985,0.031870,-1.103270,688.666667,1.103730,271.654609,0.241687,-0.022350,0.242719,1.375906,
10341,227,1.775333,-6.996726,-0.185547,-1.263411,689.333333,1.276963,261.645173,-0.326124,-0.240211,0.405041,1.519830,
10351,227,1.634782,-7.527714,-0.163876,-1.291648,690.000000,1.302002,262.769308,0.032506,-0.042356,0.053391,2.177946,
10361,227,1.644232,-8.030044,0.064378,-1.358868,690.666667,1.360393,272.712417,0.342381,-0.100831,0.356919,2.852594,
10371,227,1.686284,-8.614809,0.105131,-1.461910,691.333333,1.465686,274.113249,0.061130,-0.154563,0.166213,1.897907,
10261,230,0.915111,-9.703946,-0.441592,1.390484,684.000000,1.458920,107.618870,,,,1.858526,1.807755
10271,230,0.738474,-9.147752,-0.371305,1.388449,684.666667,1.437240,104.971916,0.105431,-0.003052,0.105475,2.129096,
10281,230,0.618067,-8.593186,-0.205200,1.406951,685.333333,1.421837,98.297930,0.249157,0.027753,0.250698,2.311859,
10291,230,0.574314,-8.022191,-0.226383,1.461160,686.000000,1.478593,98.807024,-0.031774,0.081312,0.087300,1.795278,
10301,230,0.436961,-7.424258,-0.205620,1.409833,686.666667,1.424749,98.297930,0.031144,-0.076990,0.083051,1.123945,
10311,230,0.409818,-6.894324,-0.039850,1.398633,687.333333,1.399201,91.632046,0.248655,-0.016799,0.249222,0.800770,
10321,230,0.405081,-6.305352,-0.081547,1.503420,688.000000,1.505630,93.104732,-0.062545,0.157181,0.169167,1.358287,
10331,230,0.344581,-5.691588,0.042679,1.592652,688.666667,1.593224,88.464997,0.186338,0.133848,0.229428,1.658602,
10341,230,0.439224,-5.031230,0.227747,1.497874,689.333333,1.515089,81.354584,0.277602,-0.142167,0.311889,2.309712,
10351,230,0.526778,-4.493289,0.154973,1.476168,690.000000,1.484281,84.006861,-0.109161,-0.032558,0.113913,2.785856,
10361,230,0.563202,-3.850295,0.272188,1.459937,690.666667,1.485094,79.439116,0.175823,-0.024347,0.177501,3.022329,
10371,230,0.744529,-3.325339,0.291091,1.378768,691.333333,1.409162,78.078557,0.028354,-0.121753,0.125011,2.997856,
10381,230,0.796075,-2.747280,0.125938,1.393988,692.000000,1.399666,84.837706,-0.247730,0.022830,0.248779,3.035388,
10391,230,0.845279,-2.210148,0.194490,1.357598,692.666667,1.371458,81.847259,0.102828,-0.054586,0.116418,3.071187,
10401,230,0.951667,-1.661202,0.126916,1.414168,693.333333,1.419851,84.871662,-0.101361,0.084855,0.132191,2.022602,
10411,230,0.946812,-1.078814,0.101793,1.389443,694.000000,1.393167,85.809918,-0.037685,-0.037087,0.052874,1.068830,
10421,230,1.033101,-0.549648,0.240128,1.342717,694.666667,1.364020,79.860549,0.207504,-0.070090,0.219021,1.624177,
10431,230,1.138915,-0.004641,0.197279,1.420664,695.333333,1.434296,82.094231,-0.064274,0.116920,0.133422,2.777799,
10441,230,1.190924,0.586883,0.266183,1.406118,696.000000,1.431091,79.280559,0.103356,-0.021819,0.105634,3.597691,
10451,230,1.351861,1.120253,0.332313,1.342128,696.666667,1.382657,76.093166,0.099195,-0.095984,0.138032,3.096199,
10461,230,1.456775,1.660586,0.192775,1.360651,697.333333,1.374239,81.936079,-0.209307,0.027784,0.211143,2.544423,
10471,230,1.506081,2.208774,0.259812,1.320618,698.000000,1.345932,78.870033,0.100556,-0.060050,0.117121,2.043777,
10481,230,1.664624,2.717080,0.282367,1.313465,698.666667,1.343474,77.867302,0.033832,-0.010728,0.035492,1.580647,
10491,230,1.731974,3.259546,0.122388,1.363321,699.333333,1.368803,84.870203,-0.239968,0.074783,0.251351,1.142600,
10501,230,1.762535,3.807736,0.076401,1.370475,700.000000,1.372603,86.809200,-0.068981,0.010732,0.069810,0.770725,
10261,231,2.759096,-9.471916,0.271149,0.830009,684.000000,0.873176,71.908699,,,,0.894874,0.514699
10271,231,2.867556,-9.139912,0.207183,0.906871,684.666667,0.930236,77.131106,-0.095949,0.115293,0.149996,0.665712,0.210759
10281,231,2.924842,-8.746419,0.103362,1.084405,685.333333,1.089320,84.555177,-0.155731,0.266301,0.308493,0.646206,
10291,231,2.950245,-8.272389,0.170596,1.078323,686.000000,1.091734,81.010013,0.100851,-0.009123,0.101263,0.765519,
10301,231,3.061319,-7.883761,0.210051,0.974979,686.666667,0.997349,77.841969,0.059181,-0.155015,0.165928,0.655452,0.253370
10311,231,3.118286,-7.492405,0.052645,0.984299,687.333333,0.985706,86.938448,-0.236108,0.013980,0.236521,0.589234,
10321,231,3.103436,-7.096322,0.027508,0.935689,688.000000,0.936093,88.316046,-0.037706,-0.072916,0.082088,0.643031,1.370486
10331,231,3.140293,-6.743854,0.071009,0.907027,688.666667,0.909802,85.523572,0.065251,-0.042993,0.078142,0.556606,
10341,231,3.160243,-6.370700,-0.056888,1.040327,689.333333,1.041881,93.130001,-0.191846,0.199950,0.277101,0.522975,
10351,231,3.094782,-5.911593,-0.125429,1.021476,690.000000,1.029148,97.000399,-0.102811,-0.028276,0.106628,0.618163,
10361,231,3.059900,-5.553519,0.003793,0.911321,690.666667,0.911329,89.761502,0.193833,-0.165233,0.254702,0.676721,
10371,231,3.097817,-5.182536,-0.015977,0.962464,691.333333,0.962597,90.951031,-0.029656,0.076714,0.082247,0.546031,
10381,231,3.047118,-4.783548,-0.151867,0.951078,692.000000,0.963127,99.072352,-0.203835,-0.017079,0.204550,0.618405,
10391,231,2.976323,-4.421673,0.048632,0.905717,692.666667,0.907022,86.926475,0.300749,-0.068041,0.308350,0.689091,
10401,231,3.086024,-4.058974,0.092253,0.876409,693.333333,0.881251,83.991062,0.065431,-0.043963,0.078828,0.608288,0.055793
10411,231,3.050125,-3.720546,-0.109557,0.897670,694.000000,0.904331,96.958314,-0.302714,0.031891,0.304390,0.568612,
10421,231,2.998378,-3.340838,0.023584,0.857795,694.666667,0.858119,88.425095,0.199712,-0.059812,0.208476,0.560766,
10431,231,3.068992,-3.034310,0.200031,0.787296,695.333333,0.812309,75.744318,0.264669,-0.105750,0.285014,0.525735,
10441,231,3.158403,-2.711002,0.093257,0.897128,696.000000,0.901962,84.065355,-0.160160,0.164748,0.229768,0.534991,
10451,231,3.143598,-2.316607,-0.039628,0.937193,696.666667,0.938031,92.421263,-0.199329,0.060098,0.208192,0.552899,
10461,231,3.126700,-1.961247,0.051024,0.949518,697.333333,0.950888,86.924075,0.135979,0.018488,0.137230,0.564478,
10471,231,3.184417,-1.556993,0.005074,0.930873,698.000000,0.930887,89.687712,-0.068925,-0.027968,0.074384,0.519680,
10481,231,3.130759,-1.216549,-0.199994,0.885150,698.666667,0.907462,102.731866,-0.307602,-0.068585,0.315156,0.560430,
10491,231,3.024422,-0.848873,-0.109291,0.897455,699.333333,0.904086,96.943227,0.136055,0.018459,0.137301,0.628739,
10501,231,3.043326,-0.498584,0.049864,0.923952,700.000000,0.925297,86.910843,0.238733,0.039745,0.242019,0.610833,0.139151
10511,231,3.064313,-0.109711,-0.056731,1.037330,700.666667,1.038880,93.130350,-0.159892,0.170066,0.233427,0.575922,
10521,231,2.997942,0.331279,-0.119893,1.120203,701.333333,1.126601,96.109010,-0.094744,0.124310,0.156299,0.558195,
10531,231,2.968398,0.786451,0.011716,1.050726,702.000000,1.050791,89.361173,0.197414,-0.104216,0.223233,0.532010,
10541,231,3.007314,1.171860,0.052529,0.970296,702.666667,0.971717,86.901185,0.061220,-0.120645,0.135289,0.578841,
10551,231,3.010422,1.562688,-0.015900,0.956374,703.333333,0.956506,90.952473,-0.102644,-0.020883,0.104747,0.590196,
10561,231,2.994594,1.936959,0.095763,0.936602,704.000000,0.941485,84.162068,0.167495,-0.029658,0.170100,0.437152,
10571,231,3.087032,2.311970,0.115476,0.883669,704.666667,0.891182,82.554889,0.029569,-0.079401,0.084728,0.367081,
10581,231,3.086975,2.643894,0.535306,0.781671,705.333333,0.947398,55.595763,0.629745,-0.152996,0.648064,0.479359,
10591,231,3.515277,2.937307,1.070756,0.733531,706.000000,1.297916,34.413466,0.803174,-0.072209,0.806414,0.520511,
10261,232,3.507198,-9.962979,-0.207666,1.144583,684.000000,1.163269,100.283524,,,,0.894874,0.514699
10271,232,3.424131,-9.505146,-0.079082,1.039609,684.666667,1.042612,94.350036,0.192876,-0.157461,0.248988,0.665712,0.210759
10281,232,3.443932,-9.131292,0.162090,0.952334,685.333333,0.966029,80.340652,0.361757,-0.130913,0.384716,0.646206,
10291,232,3.553803,-8.743279,0.143634,1.026013,686.000000,1.036018,82.030796,-0.027683,0.110519,0.113934,0.765519,
10301,232,3.558840,-8.310482,0.012587,1.081655,686.666667,1.081729,89.333265,-0.196570,0.083463,0.213556,0.655452,0.253370
10311,232,3.563873,-7.877955,0.101379,1.074612,687.333333,1.079383,84.610682,0.133187,-0.010565,0.133605,0.589234,
10321,232,3.639943,-7.450792,0.030893,1.005237,688.000000,1.005711,88.239751,-0.105729,-0.104063,0.148350,0.643031,1.370486
10331,232,3.588587,-7.073766,0.015082,1.127664,688.666667,1.127765,89.233753,-0.023716,0.183641,0.185167,0.556606,
10341,232,3.652008,-6.548661,0.056898,1.075111,689.333333,1.076615,86.970550,0.062725,-0.078830,0.100740,0.522975,
10351,232,3.634106,-6.213677,0.076316,1.022665,690.000000,1.025508,85.732252,0.029126,-0.078669,0.083888,0.618163,
10361,232,3.713061,-5.730529,-0.007079,1.127943,690.666667,1.127966,90.359609,-0.125093,0.157918,0.201460,0.676721,
10371,232,3.628442,-5.311322,-0.107270,0.915986,691.333333,0.922246,96.679422,-0.150286,-0.317935,0.351666,0.546031,
10381,232,3.627245,-4.997740,-0.000413,0.832508,692.000000,0.832508,90.028395,0.160286,-0.125217,0.203399,0.618405,
10391,232,3.628112,-4.645316,0.024311,0.878542,692.666667,0.878879,88.414897,0.037086,0.069051,0.078380,0.689091,
10401,232,3.646694,-4.294906,-0.064292,0.887691,693.333333,0.890016,94.142458,-0.132905,0.013723,0.133611,0.608288,0.055793
10411,232,3.576679,-3.935163,-0.224719,0.807453,694.000000,0.838140,105.552200,-0.240641,-0.120357,0.269061,0.568612,
10421,232,3.466918,-3.648944,-0.069483,0.790650,694.666667,0.793697,95.022330,0.232853,-0.025205,0.234213,0.560766,
10431,232,3.521092,-3.302643,0.226454,0.903082,695.333333,0.931041,75.922939,0.443906,0.168648,0.474863,0.525735,
10441,232,3.648082,-2.926478,0.162391,0.958012,696.000000,0.971678,80.379346,-0.096095,0.082396,0.126583,0.534991,
10451,232,3.651005,-2.536233,0.006019,0.951122,696.666667,0.951141,89.637442,-0.234558,-0.010336,0.234786,0.552899,
10461,232,3.652897,-2.165581,0.006015,0.950619,697.333333,0.950638,89.637459,-0.000005,-0.000754,0.000754,0.564478,
10471,232,3.655817,-1.775738,0.033248,1.043924,698.000000,1.044453,88.175827,0.040849,0.139957,0.145797,0.519680,
10481,232,3.679495,-1.330442,-0.010933,1.049456,698.666667,1.049512,90.596893,-0.066271,0.008297,0.066789,0.560430,
10491,232,3.647070,-0.936174,-0.039454,0.931070,699.333333,0.931906,92.426423,-0.042780,-0.177578,0.182658,0.628739,
10501,232,3.647932,-0.585586,-0.009637,1.072730,700.000000,1.072774,90.514731,0.044724,0.212490,0.217146,0.610833,0.139151
10511,232,3.639361,-0.077990,-0.122718,1.040892,700.666667,1.048101,96.723960,-0.169621,-0.047757,0.176216,0.575922,
10521,232,3.549757,0.247128,-0.196849,0.906582,701.333333,0.927707,102.250673,-0.111197,-0.201466,0.230116,0.558195,
10531,232,3.481881,0.647276,0.032048,1.017059,702.000000,1.017564,88.195174,0.343346,0.165716,0.381246,0.532010,
10541,232,3.575396,1.060775,0.116701,0.930264,702.666667,0.937555,82.849643,0.126979,-0.130193,0.181862,0.578841,
10551,232,3.575242,1.391487,-0.220409,0.887932,703.333333,0.914879,103.940585,-0.505664,-0.063497,0.509635,0.590196,
10561,232,3.399069,1.771121,-0.194318,0.956866,704.000000,0.976397,101.479383,0.039136,0.103400,0.110559,0.437152,
10571,232,3.419787,2.156979,0.183192,0.916740,704.666667,0.934864,78.699432,0.566265,-0.060189,0.569455,0.367081,
10581,232,3.545623,2.504513,-0.527703,1.043507,705.333333,1.169349,116.825789,-1.066343,0.190150,1.083164,0.479359,
10591,232,2.997625,2.991785,-1.369994,1.218179,706.000000,1.833260,138.356955,-1.263436,0.262009,1.290318,0.520511,
10261,233,-1.110740,-6.759679,0.000000,0.000000,684.000000,0.000000,0.000000,,,,3.329577,
10271,233,-1.110740,-6.759679,0.000000,0.000000,684.666667,0.000000,0.000000,0.000000,0.000000,0.000000,2.864854,
10281,233,-1.110740,-6.759679,0.000000,0.000000,685.333333,0.000000,0.000000,0.000000,0.000000,0.000000,2.520024,
10291,233,-1.110740,-6.759679,0.024445,-0.001838,686.000000,0.024514,355.699591,0.036668,-0.002757,0.036772,2.105551,
10301,233,-1.091184,-6.761150,0.024445,-0.001838,686.666667,0.024514,355.699591,0.000000,0.000000,0.000000,1.665815,
10311,233,-1.091184,-6.761150,0.000000,0.000000,687.333333,0.000000,0.000000,-0.036668,0.002757,0.036772,1.506898,
10321,233,-1.091184,-6.761150,0.000000,0.000000,688.000000,0.000000,0.000000,0.000000,0.000000,0.000000,1.564148,
10331,233,-1.091184,-6.761150,0.000000,0.000000,688.666667,0.000000,0.000000,0.000000,0.000000,0.000000,1.790358,
10341,233,-1.091184,-6.761150,0.000000,0.000000,689.333333,0.000000,0.000000,0.000000,0.000000,0.000000,2.309712,
10351,233,-1.091184,-6.761150,0.000000,0.000000,690.000000,0.000000,0.000000,0.000000,0.000000,0.000000,2.785856,
10361,233,-1.091184,-6.761150,0.000000,0.000000,690.666667,0.000000,0.000000,0.000000,0.000000,0.000000,3.015392,
10371,233,-1.091184,-6.761150,0.000000,0.000000,691.333333,0.000000,0.000000,0.000000,0.000000,0.000000,3.339218,
10381,233,-1.091184,-6.761150,0.000000,0.000000,692.000000,0.000000,0.000000,0.000000,0.000000,0.000000,4.435414,
10391,233,-1.091184,-6.761150,0.000000,0.000000,692.666667,0.000000,0.000000,0.000000,0.000000,0.000000,4.692309,
10401,233,-1.091184,-6.761150,0.000000,0.000000,693.333333,0.000000,0.000000,0.000000,0.000000,0.000000,4.734042,
10411,233,-1.091184,-6.761150,0.000000,0.000000,694.000000,0.000000,0.000000,0.000000,0.000000,0.000000,4.612766,
10421,233,-1.091184,-6.761150,0.000000,0.000000,694.666667,0.000000,0.000000,0.000000,0.000000,0.000000,4.430645,
10431,233,-1.091184,-6.761150,0.000000,0.000000,695.333333,0.000000,0.000000,0.000000,0.000000,0.000000,4.225932,
10441,233,-1.091184,-6.761150,0.000000,0.000000,696.000000,0.000000,0.000000,0.000000,0.000000,0.000000,3.885922,
10451,233,-1.091184,-6.761150,0.000000,0.000000,696.666667,0.000000,0.000000,0.000000,0.000000,0.000000,3.445900,
10461,233,-1.091184,-6.761150,0.000000,0.000000,697.333333,0.000000,0.000000,0.000000,0.000000,0.000000,2.884200,
10471,233,-1.091184,-6.761150,0.024436,-0.001838,698.000000,0.024505,355.699591,0.036654,-0.002756,0.036757,2.559696,
10481,233,-1.071635,-6.762620,0.024436,-0.001838,698.666667,0.024505,355.699591,0.000000,0.000000,0.000000,2.471727,
10491,233,-1.071635,-6.762620,0.000000,0.000000,699.333333,0.000000,0.000000,-0.036654,0.002756,0.036757,2.866272,
10501,233,-1.071635,-6.762620,-0.047383,0.029333,700.000000,0.055728,148.239638,-0.071074,0.044000,0.083592,4.684909,
10511,233,-1.109541,-6.739153,-0.166744,0.089922,700.666667,0.189445,151.662988,-0.179042,0.090882,0.200788,4.964984,
10521,233,-1.205030,-6.690683,-0.238723,0.121176,701.333333,0.267717,153.087493,-0.107968,0.046882,0.117707,4.809628,
10371,234,2.616447,2.315045,-0.247133,-2.021252,691.333333,2.036304,263.029192,,,,5.942896,
10381,234,2.517594,1.506544,-0.312812,-1.964901,692.000000,1.989645,260.954442,-0.098517,0.084526,0.129809,4.588971,
10391,234,2.366198,0.743124,-0.339158,-2.017179,692.666667,2.045492,260.455863,-0.039519,-0.078416,0.087812,3.321899,
10401,234,2.246268,-0.107199,-0.441431,-2.184490,693.333333,2.228645,258.575788,-0.153410,-0.250967,0.294142,2.022602,
10411,234,2.013053,-1.004468,-0.399801,-2.248607,694.000000,2.283873,259.918201,0.062445,-0.096176,0.114670,1.068830,
10421,234,1.926427,-1.906085,-0.349372,-2.141974,694.666667,2.170279,260.736200,0.075643,0.159951,0.176935,1.624177,
10431,234,1.733555,-2.718047,-0.327235,-2.152034,695.333333,2.176771,261.353932,0.033206,-0.015090,0.036474,1.372376,
10441,234,1.664639,-3.627712,-0.176639,-2.351611,696.000000,2.358236,265.704354,0.225894,-0.299366,0.375030,1.752623,
10451,234,1.592244,-4.599336,-0.220651,-2.303470,696.666667,2.314014,264.528303,-0.066018,0.072212,0.097841,2.517642,
10461,234,1.488119,-5.470488,-0.192448,-2.212007,697.333333,2.220363,265.027704,0.042304,0.137194,0.143569,1.377177,
10471,234,1.438286,-6.368942,-0.169832,-2.220096,698.000000,2.226582,265.625532,0.033924,-0.012133,0.036028,1.108767,
10481,234,1.352253,-7.246565,-0.007286,-2.235407,698.666667,2.235419,269.813245,0.243818,-0.022967,0.244898,2.471727,
10491,234,1.432457,-8.157267,0.200509,-2.276756,699.333333,2.285568,275.032933,0.311693,-0.062024,0.317804,2.866272,
10371,235,4.006233,-9.259646,0.051121,0.977358,691.333333,0.978694,87.005841,,,,0.612439,
10381,235,4.026682,-8.868703,0.048545,0.928112,692.000000,0.929380,87.005841,-0.003864,-0.073869,0.073970,0.680962,
10391,235,4.045070,-8.517157,-0.086167,0.887023,692.666667,0.891199,95.548422,-0.202069,-0.061633,0.211259,0.753756,2.964119
10401,235,3.957748,-8.159084,-0.154817,0.842493,693.333333,0.856599,100.412556,-0.102975,-0.066796,0.122742,0.637479,0.215739
10411,235,3.921216,-7.843162,0.042201,0.804934,694.000000,0.806039,86.998814,0.295528,-0.056339,0.300850,0.613173,
10421,235,3.991509,-7.515137,0.021487,0.830813,694.666667,0.831091,88.518521,-0.031072,0.038820,0.049723,0.743677,
10431,235,3.938405,-7.178512,-0.156154,0.819217,695.333333,0.833967,100.791934,-0.266462,-0.017395,0.267029,0.708929,0.487497
10441,235,3.866585,-6.859764,0.025297,0.902859,696.000000,0.903213,88.395039,0.272178,0.125463,0.299703,0.569947,
10451,235,3.958643,-6.456224,0.025370,0.903112,696.666667,0.903469,88.390871,0.000109,0.000380,0.000395,0.756885,
10461,235,3.886882,-6.137274,-0.199020,0.848494,697.333333,0.871522,103.200481,-0.336585,-0.081927,0.346413,0.749464,0.933529
10471,235,3.799427,-5.777429,-0.082355,0.960882,698.000000,0.964405,94.898715,0.174998,0.168582,0.242990,0.590053,
10481,235,3.820998,-5.368568,0.035690,1.096745,698.666667,1.097326,88.136164,0.177067,0.203795,0.269972,0.645494,
10491,235,3.827979,-4.900033,-0.074681,1.107167,699.333333,1.109682,93.858907,-0.165557,0.015632,0.166293,0.732443,
10501,235,3.761253,-4.482835,-0.012306,1.026874,700.000000,1.026948,90.686586,0.093563,-0.120439,0.152511,0.648735,
10511,235,3.818134,-4.078534,0.094177,0.942071,700.666667,0.946767,84.291209,0.159724,-0.127205,0.204188,0.688768,
10521,235,3.836594,-3.729178,-0.018708,0.904865,701.333333,0.905058,91.184424,-0.169328,-0.055809,0.178288,0.771331,9.427740
10531,235,3.803168,-3.354642,-0.017425,0.928598,702.000000,0.928762,91.075051,0.001924,0.035600,0.035652,0.789429,8.411178
10541,235,3.822654,-2.986300,0.026666,0.923164,702.666667,0.923549,88.345432,0.066138,-0.008152,0.066638,0.751614,6.528001
10551,235,3.824501,-2.616111,-0.038172,0.955028,703.333333,0.955790,92.288853,-0.097257,0.047796,0.108367,0.770676,7.573854
10561,235,3.792117,-2.222278,-0.104309,0.963381,704.000000,0.969012,96.179572,-0.099206,0.012530,0.099994,0.859378,
10571,235,3.741053,-1.845406,-0.057645,1.006090,704.666667,1.007740,93.279221,0.069997,0.064062,0.094887,0.733570,0.549784
10581,235,3.746001,-1.417406,-0.081025,0.985302,705.333333,0.988628,94.701058,-0.035070,-0.031182,0.046928,0.666319,0.832029
10591,235,3.676233,-1.057164,-0.131596,0.870597,706.000000,0.880487,98.595530,-0.075857,-0.172057,0.188037,0.664908,
10601,235,3.640724,-0.720928,-0.012223,1.024256,706.666667,1.024329,90.683689,0.179060,0.230488,0.291868,0.683024,
10611,235,3.666455,-0.237759,-0.039450,0.931021,707.333333,0.931857,92.426308,-0.040840,-0.139852,0.145693,0.633445,0.322379
10621,235,3.609164,0.023889,-0.157672,0.802715,708.000000,0.818054,101.112769,-0.177334,-0.192459,0.261702,0.585402,6.359984
10631,235,3.540318,0.404413,-0.039440,0.930805,708.666667,0.931641,92.426308,0.177348,0.192135,0.261473,0.526459,4.630632
10641,235,3.577612,0.768533,-0.044616,0.834704,709.333333,0.835895,93.059631,-0.007764,-0.144152,0.144361,0.649136,3.639250
10651,235,3.504625,1.072176,-0.250397,0.746326,710.000000,0.787211,108.546942,-0.308672,-0.132567,0.335935,0.557385,2.935680
10661,235,3.377294,1.365594,-0.108482,0.894074,710.666667,0.900631,96.918125,0.212873,0.221623,0.307297,0.503569,3.387965
10671,235,3.417839,1.787435,0.075270,0.985414,711.333333,0.988285,85.632003,0.275628,0.137010,0.307802,0.544209,
10681,235,3.437510,2.153925,-0.018581,0.903445,712.000000,0.903636,91.178247,-0.140777,-0.122953,0.186911,0.529208,
10691,235,3.402974,2.510191,0.047822,0.890984,712.666667,0.892267,86.927675,0.099606,-0.018691,0.101344,0.550222,
10701,235,3.475768,2.866713,0.137622,0.898543,713.333333,0.909022,81.292157,0.134700,0.011339,0.135176,0.716057,
10711,235,3.513072,3.229026,-0.018578,0.901925,714.000000,0.902117,91.180022,-0.234301,0.005073,0.234355,0.689950,0.582125
10721,235,3.460906,3.588253,0.011425,0.628731,714.666667,0.628835,88.959002,0.045004,-0.409791,0.412255,0.590805,4.561780
10731,235,3.522212,3.732011,0.153265,0.359395,715.333333,0.390711,66.903995,0.212761,-0.404004,0.456603,0.737576,
10371,236,3.411494,-9.405822,-0.089587,0.843556,691.333333,0.848300,96.062180,,,,0.612439,
10381,236,3.375659,-9.068399,-0.111948,0.845000,692.000000,0.852384,97.546738,-0.033541,0.002166,0.033611,0.680962,
10391,236,3.321936,-8.729822,-0.021307,0.864447,692.666667,0.864710,91.411939,0.135961,0.029170,0.139055,0.753756,2.964119
10401,236,3.358614,-8.376842,0.023380,0.861743,693.333333,0.862061,88.445855,0.067031,-0.004056,0.067154,0.637479,0.215739
10411,236,3.340640,-8.040427,-0.129105,0.945460,694.000000,0.954234,97.775775,-0.228728,0.125574,0.260932,0.613173,
10421,236,3.255330,-7.620474,-0.129117,0.945714,694.666667,0.954487,97.774459,-0.000019,0.000381,0.000381,0.743677,
10431,236,3.237346,-7.283856,0.052309,0.981842,695.333333,0.983235,86.950376,0.272139,0.054193,0.277483,0.708929,0.487497
10441,236,3.297177,-6.835000,-0.039716,0.939658,696.000000,0.940497,92.420245,-0.138037,-0.063276,0.151849,0.569947,
10451,236,3.205574,-6.532129,-0.196276,0.952172,696.666667,0.972191,101.647539,-0.234840,0.018770,0.235589,0.756885,
10461,236,3.140156,-6.073263,0.010272,1.033459,697.333333,1.033510,89.430524,0.309823,0.121931,0.332952,0.749464,0.933529
10471,236,3.213791,-5.705362,0.053765,1.004843,698.000000,1.006280,86.937253,0.065239,-0.042925,0.078094,0.590053,
10481,236,3.183168,-5.269388,-0.147670,1.023160,698.666667,1.033761,98.212641,-0.302153,0.027475,0.303399,0.645494,
10491,236,3.095655,-4.886834,-0.085757,0.918859,699.333333,0.922852,95.331989,0.092869,-0.156451,0.181939,0.732443,
10501,236,3.114562,-4.534302,0.048559,0.905421,700.000000,0.906722,86.930072,0.201475,-0.020157,0.202481,0.648735,
10511,236,3.134503,-4.162498,-0.060769,0.965826,700.666667,0.967736,93.600269,-0.163993,0.090608,0.187359,0.688768,
10521,236,3.065947,-3.761641,-0.150362,0.975622,701.333333,0.987141,98.761455,-0.134390,0.014695,0.135191,0.771331,
10531,236,3.014213,-3.382000,0.006433,0.957998,702.000000,0.958020,89.615270,0.235193,-0.026436,0.236674,0.789429,9.512122
10541,236,3.071093,-2.995242,0.049956,0.928198,702.666667,0.929542,86.919270,0.065285,-0.044700,0.079122,0.751614,6.528001
10551,236,3.054178,-2.639441,-0.172861,0.979577,703.333333,0.994712,100.007651,-0.334226,0.077068,0.342996,0.770676,
10561,236,2.932805,-2.211581,-0.058112,1.014220,704.000000,1.015884,93.279331,0.172122,0.051965,0.179796,0.859378,6.845480
10571,236,3.007688,-1.828065,0.185707,0.933467,704.666667,0.951761,78.748321,0.365729,-0.121129,0.385266,0.733570,0.549784
10581,236,3.081370,-1.464807,0.005153,0.931884,705.333333,0.931898,89.683193,-0.270831,-0.002376,0.270841,0.666319,0.832029
10591,236,3.011810,-1.082558,-0.154204,0.904233,706.000000,0.917288,99.677840,-0.239034,-0.041475,0.242606,0.664908,6.414457
10601,236,2.958007,-0.741420,0.047268,0.875841,706.666667,0.877116,86.910843,0.302207,-0.042589,0.305193,0.683024,5.087999
10611,236,3.049624,-0.381885,0.090782,0.844858,707.333333,0.849721,83.866970,0.065271,-0.046475,0.080127,0.633445,0.322379
10621,236,3.030633,-0.065534,-0.040915,0.912330,708.000000,0.913247,92.567820,-0.197546,0.101209,0.221963,0.585402,7.033006
10631,236,3.016892,0.347979,-0.126532,0.999153,708.666667,1.007133,97.217505,-0.128426,0.130234,0.182905,0.526459,
10641,236,2.929407,0.733788,-0.086991,0.895061,709.333333,0.899279,95.551170,0.059311,-0.156137,0.167023,0.649136,3.476389
10651,236,2.947299,1.064028,-0.067295,0.843598,710.000000,0.846278,94.560903,0.029545,-0.077195,0.082656,0.557385,3.540224
10661,236,2.875571,1.408667,-0.089679,0.847082,710.666667,0.851816,96.043306,-0.033576,0.005226,0.033981,0.503569,3.200092
10671,236,2.875555,1.741693,0.046088,0.848999,711.333333,0.850249,86.892711,0.203652,0.002875,0.203672,0.544209,
10681,236,2.912441,2.087865,-0.021133,0.860204,712.000000,0.860463,91.407360,-0.100833,0.016808,0.102224,0.529208,
10691,236,2.858649,2.429856,-0.180744,0.839015,712.666667,0.858262,102.157071,-0.239415,-0.031783,0.241516,0.550222,2.587872
10701,236,2.767847,2.759078,-0.023760,0.811373,713.333333,0.811721,91.677319,0.235476,-0.041462,0.239099,0.716057,
10711,236,2.839641,3.078955,0.139806,0.903945,714.000000,0.914692,81.208168,0.245348,0.138857,0.281917,0.689950,0.582125
10721,236,2.879691,3.482233,-0.063323,0.916270,714.666667,0.918456,93.953379,-0.304693,0.018488,0.305254,0.590805,6.291108
10731,236,2.788983,3.811971,-0.226771,0.824344,715.333333,0.854967,105.381210,-0.245173,-0.137889,0.281288,0.737576,
10421,237,2.712217,-9.668443,-0.346628,2.007460,694.666667,2.037167,99.796661,,,,2.118761,
10431,237,2.573566,-8.865459,-0.189204,1.974387,695.333333,1.983431,95.473899,0.236136,-0.049611,0.241291,1.715247,
10441,237,2.560854,-8.088934,-0.123959,1.922485,696.000000,1.926477,93.689235,0.097868,-0.077853,0.125057,1.454139,
10451,237,2.474399,-7.327471,-0.260426,1.932908,696.666667,1.950373,97.673418,-0.204701,0.015635,0.205297,1.080363,5.662797
10461,237,2.352513,-6.542607,-0.165478,2.001120,697.333333,2.007950,94.727196,0.142422,0.102318,0.175366,0.916878,5.193615
10471,237,2.342016,-5.726575,-0.185796,2.054802,698.000000,2.063185,95.166655,-0.030476,0.080523,0.086097,0.872033,4.782745
10481,237,2.203876,-4.898766,-0.275724,2.088956,698.666667,2.107074,97.519081,-0.134892,0.051231,0.144293,1.047079,4.029052
10491,237,2.121437,-4.055410,-0.187365,2.032464,699.333333,2.041082,95.266993,0.132538,-0.084738,0.157312,1.280768,3.813118
10501,237,2.053984,-3.272795,-0.238759,1.940683,700.000000,1.955315,97.013767,-0.077091,-0.137672,0.157786,1.648098,3.573418
10511,237,1.930430,-2.502864,-0.148561,1.905655,700.666667,1.911436,94.457641,0.135298,-0.052542,0.145142,2.050409,3.258189
10521,237,1.935135,-1.748271,-0.082626,1.848836,701.333333,1.850681,92.558886,0.098902,-0.085228,0.130558,2.309197,
10531,237,1.864329,-1.023795,-0.145931,1.956153,702.000000,1.961589,94.266412,-0.094957,0.160976,0.186896,2.120368,2.497612
10541,237,1.818391,-0.183348,-0.000179,2.083422,702.666667,2.083422,90.004935,0.218627,0.190904,0.290245,1.802811,
10551,237,1.864186,0.642943,-0.051441,1.991574,703.333333,1.992238,91.479588,-0.076893,-0.137772,0.157777,1.469622,
10561,237,1.777238,1.409911,0.030631,1.802054,704.000000,1.802314,89.026195,0.123108,-0.284281,0.309792,1.326550,
10571,237,1.888690,2.084586,0.141134,1.708182,704.666667,1.714002,85.276818,0.165755,-0.140808,0.217489,1.219724,
10581,237,1.890145,2.776456,-0.081066,1.867968,705.333333,1.869726,92.484954,-0.333300,0.239680,0.410530,1.204149,
10591,237,1.823838,3.578960,-0.165769,2.006260,706.000000,2.013097,94.723383,-0.127055,0.207438,0.243255,1.312460,
10441,238,0.664611,4.272265,0.002821,0.049432,696.000000,0.049513,86.733684,,,,0.474724,
10451,238,0.665739,4.292038,-0.022028,0.029152,696.666667,0.036538,127.075131,-0.037273,-0.030420,0.048111,0.455823,5.872684
10461,238,0.646989,4.295587,-0.023438,0.004436,697.333333,0.023854,169.282825,-0.002116,-0.037074,0.037134,0.496760,
10471,238,0.646989,4.295587,0.000000,0.000000,698.000000,0.000000,0.000000,0.035157,-0.006654,0.035781,0.455997,
10481,238,0.646989,4.295587,0.046867,-0.008870,698.666667,0.047699,349.282825,0.070301,-0.013305,0.071549,0.458980,4.118314
10491,238,0.684483,4.288490,0.070288,-0.013303,699.333333,0.071535,349.282825,0.035130,-0.006649,0.035754,0.401964,3.878048
10501,238,0.703219,4.284944,0.022011,-0.029139,700.000000,0.036519,307.066692,-0.072414,-0.023755,0.076211,0.401811,3.613634
10511,238,0.702092,4.265179,-0.023420,0.004433,700.666667,0.023836,169.282825,-0.068147,0.050358,0.084735,0.453332,
10521,238,0.684483,4.288490,-0.022011,0.029139,701.333333,0.036519,127.066692,0.002113,0.037060,0.037120,0.436747,
10531,238,0.684483,4.288490,0.000000,0.000000,702.000000,0.000000,0.000000,0.033017,-0.043709,0.054778,0.420859,
10541,238,0.684483,4.288490,-0.071727,-0.011417,702.666667,0.072630,189.044437,-0.107590,-0.017126,0.108945,0.401964,
10551,238,0.627101,4.279356,-0.143453,-0.022835,703.333333,0.145259,189.044437,-0.107590,-0.017126,0.108945,0.379892,
10441,239,1.131071,4.184077,-0.043651,0.057990,696.000000,0.072582,126.969906,,,,0.474724,
10451,239,1.113611,4.207273,0.000000,0.000000,696.666667,0.000000,0.000000,0.065476,-0.086985,0.108874,0.455823,5.662797
10461,239,1.131071,4.184077,-0.023225,0.004396,697.333333,0.023637,169.282825,-0.034837,0.006593,0.035455,0.496760,5.193615
10471,239,1.095031,4.210789,-0.046442,0.008780,698.000000,0.047265,169.294099,-0.034826,0.006577,0.035442,0.455997,4.782745
10481,239,1.093918,4.191101,-0.024626,-0.020218,698.666667,0.031862,219.385367,0.032724,-0.043497,0.054432,0.458980,4.029052
10491,239,1.075331,4.194615,0.000000,0.000000,699.333333,0.000000,0.000000,0.036939,0.030326,0.047793,0.401964,3.813118
10501,239,1.093918,4.191101,0.094273,0.007036,700.000000,0.094535,4.268314,0.141410,0.010554,0.141803,0.401811,3.573418
10511,239,1.150749,4.200244,0.024616,0.020215,700.666667,0.031853,39.392331,-0.104485,0.019768,0.106339,0.453332,3.258189
10521,239,1.113611,4.207273,-0.071039,-0.011429,701.333333,0.071952,189.139333,-0.143483,-0.047465,0.151130,0.436747,
10531,239,1.093918,4.191101,-0.047851,-0.015822,702.000000,0.050399,198.296728,0.034783,-0.006590,0.035401,0.420859,2.497612
10541,239,1.075331,4.194615,-0.145126,-0.072182,702.666667,0.162085,206.444504,-0.145912,-0.084539,0.168634,0.401964,
10551,239,0.977817,4.133356,-0.243783,-0.153148,703.333333,0.287897,212.137699,-0.147986,-0.121450,0.191442,0.379892,
10521,240,3.040329,-8.951090,0.121372,1.427822,701.333333,1.432972,85.141262,,,,4.809628,9.427740
10531,240,3.088878,-8.379962,0.055276,1.455776,702.000000,1.456825,87.825507,-0.099143,0.041931,0.107646,4.998520,8.411178
10541,240,3.084550,-7.786470,-0.076862,1.512861,702.666667,1.514812,92.908462,-0.198208,0.085627,0.215913,4.791246,
10551,240,3.027388,-7.169673,-0.008178,1.531490,703.333333,1.531512,90.305950,0.103026,0.027944,0.106749,4.530311,7.573854
10561,240,3.078008,-6.561277,-0.096692,1.563721,704.000000,1.566707,93.538372,-0.132772,0.048345,0.141300,4.352120,6.845480
10571,240,2.950034,-5.918697,-0.183845,1.619880,704.666667,1.630279,96.474953,-0.130728,0.084239,0.155519,3.717319,
10581,240,2.930932,-5.265373,-0.116568,1.615257,705.333333,1.619457,94.127690,0.100916,-0.006935,0.101154,3.634307,
10591,240,2.856780,-4.626491,-0.174849,1.374620,706.000000,1.385696,97.248977,-0.087422,-0.360955,0.371390,3.547322,6.414457
10601,240,2.791053,-4.165677,0.010536,1.453613,706.666667,1.453651,89.584708,0.278078,0.118488,0.302269,3.346007,5.087999
10611,240,2.865209,-3.463601,-0.094121,1.614028,707.333333,1.616770,93.337375,-0.156985,0.240624,0.287305,3.087229,
10621,240,2.715756,-2.874454,-0.194740,1.427666,708.000000,1.440886,97.767456,-0.150929,-0.279544,0.317686,2.826514,
10631,240,2.709417,-2.321469,0.054409,1.422186,708.666667,1.423226,87.809094,0.373723,-0.008220,0.373813,2.687097,4.630632
10641,240,2.759283,-1.736706,0.033210,1.448518,709.333333,1.448898,88.686625,-0.031799,0.039498,0.050707,2.476344,3.476389
10651,240,2.735985,-1.162654,0.002679,1.303396,710.000000,1.303399,89.882224,-0.045796,-0.217682,0.222447,2.236687,2.935680
10661,240,2.761427,-0.693989,-0.002602,1.205283,710.666667,1.205286,90.123704,-0.007922,-0.147169,0.147382,2.105751,2.101181
10671,240,2.733903,-0.198428,-0.116515,1.196971,711.333333,1.202629,95.559739,-0.170869,-0.012468,0.171323,1.945285,
10681,240,2.668215,0.263588,-0.113871,1.245939,712.000000,1.251132,95.221983,0.003965,0.073452,0.073559,1.840553,3.489593
10691,240,2.642806,0.798324,-0.068835,1.239376,712.666667,1.241286,93.178924,0.067555,-0.009845,0.068269,1.645748,2.587872
10701,240,2.613147,1.255089,-0.187036,1.160718,713.333333,1.175691,99.153856,-0.177302,-0.117988,0.212972,1.511924,3.739769
10711,240,2.493177,1.726898,0.034576,1.049864,714.000000,1.050433,88.113695,0.332419,-0.166281,0.371687,1.395742,3.255147
10721,240,2.640808,2.094981,0.136866,0.836295,714.666667,0.847421,80.705514,0.153434,-0.320354,0.355202,1.407670,2.070162
10731,240,2.602670,2.395934,-0.109939,0.902339,715.333333,0.909012,96.946559,-0.370208,0.099066,0.383233,1.261333,2.777312
10741,240,2.552857,2.816852,0.059728,1.092542,716.000000,1.094173,86.870815,0.254501,0.285304,0.382320,1.095184,
10751,240,2.650452,3.269968,0.243988,1.132790,716.666667,1.158768,77.844912,0.276391,0.060372,0.282907,1.194481,
10571,241,0.941664,4.160093,-0.224838,0.191989,704.666667,0.295655,139.505967,,,,2.281357,
10581,241,0.851729,4.236889,-0.224838,0.191989,705.333333,0.295655,139.505967,0.000000,0.000000,0.000000,1.791974,
10571,243,2.732465,-9.629643,0.008060,1.838027,704.666667,1.838045,89.748747,,,,3.717319,8.850199
10581,243,2.735689,-8.894432,0.095796,1.781993,705.333333,1.784566,86.922875,0.131603,-0.084051,0.156154,3.634307,8.212175
10591,243,2.809102,-8.204049,0.115658,1.728693,706.000000,1.732558,86.172333,0.029793,-0.079951,0.085321,3.577875,
10601,243,2.828216,-7.511478,-0.045157,1.688058,706.666667,1.688662,91.532349,-0.241223,-0.060952,0.248804,3.346007,
10611,243,2.772976,-6.853602,-0.001355,1.658225,707.333333,1.658226,90.046803,0.065704,-0.044750,0.079495,3.391255,8.795786
10621,243,2.827132,-6.184898,0.023914,1.705029,708.000000,1.705196,89.196457,0.037902,0.070205,0.079783,2.854490,6.359984
10631,243,2.792107,-5.489579,0.131004,2.012525,708.666667,2.016785,86.275629,0.160635,0.461245,0.488416,3.098887,4.677339
10641,243,2.931935,-4.574878,-0.018554,1.755415,709.333333,1.755513,90.605568,-0.224337,-0.385665,0.446166,2.843419,5.449399
10651,243,2.777264,-4.085247,-0.060940,1.805252,710.000000,1.806280,91.933409,-0.063579,0.074755,0.098136,2.922884,4.310115
10661,243,2.883183,-3.130676,-0.068898,2.079527,710.666667,2.080668,91.897614,-0.011937,0.411413,0.411586,2.439727,2.101181
10671,243,2.722145,-2.421626,-0.337967,1.717063,711.333333,1.750008,101.135100,-0.403603,-0.543695,0.677126,2.223229,3.872457
10681,243,2.612810,-1.757025,-0.181753,1.674820,712.000000,1.684653,96.193549,0.234321,-0.063365,0.242737,2.021373,3.489593
10691,243,2.576743,-1.081769,-0.163361,1.600049,712.666667,1.608367,95.829541,0.027588,-0.112156,0.115499,1.881254,3.877979
10701,243,2.482121,-0.476986,-0.238044,1.488455,713.333333,1.507370,99.086186,-0.112025,-0.167392,0.201419,1.737024,3.739769
10711,243,2.386308,0.108995,-0.059634,1.413343,714.000000,1.414601,92.416081,0.267615,-0.112668,0.290365,1.621430,3.255147
10721,243,2.434414,0.653689,0.070918,1.294686,714.666667,1.296627,86.864706,0.195827,-0.177986,0.264627,1.455995,2.070162
10731,243,2.443042,1.144743,0.064115,1.170962,715.333333,1.172716,86.865929,-0.010203,-0.185586,0.185867,1.261333,2.777312
10741,243,2.485706,1.590458,0.245880,1.163489,716.000000,1.189186,78.067258,0.272647,-0.011209,0.272877,1.228231,
10751,243,2.639746,2.075534,0.385100,1.212692,716.666667,1.272369,72.382335,0.208830,0.073804,0.221488,1.194481,
10601,247,0.820698,4.023224,-0.069216,-0.386420,706.666667,0.392570,259.844851,,,,5.222061,
10611,247,0.793011,3.868656,-0.041635,-0.316732,707.333333,0.319457,262.511261,0.041371,0.104532,0.112421,0.430543,
10621,247,0.787389,3.769838,0.036012,0.217897,708.000000,0.220853,80.615573,0.116471,0.801944,0.810357,0.517301,
10631,247,0.821821,4.042974,0.073412,0.460446,708.666667,0.466262,80.941249,0.056100,0.363824,0.368123,4.297828,
10641,247,0.846119,4.138195,-0.041634,-0.316712,709.333333,0.319437,262.511099,-0.172568,-1.165738,1.178442,3.991250,
10651,247,0.788514,3.789604,-0.030372,-0.119027,710.000000,0.122841,255.685188,0.016892,0.296528,0.297009,3.476941,
10661,247,0.821821,4.042974,0.114483,0.352955,710.666667,0.371058,72.029285,0.217283,0.707974,0.740567,3.340279,
10671,247,0.880100,4.071968,0.007019,0.123419,711.333333,0.123618,86.745123,-0.161196,-0.344305,0.380172,3.067902,3.872457
10681,247,0.827436,4.141708,-0.162671,-0.369046,712.000000,0.403308,246.212699,-0.254535,-0.738697,0.781321,2.926691,
10691,247,0.749963,3.776731,-0.021061,-0.370342,712.666667,0.370940,266.745123,0.212415,-0.001943,0.212424,2.502124,
10701,247,0.810587,3.845435,0.005629,0.098857,713.333333,0.099017,86.741314,0.040035,0.703798,0.704935,2.238535,
10711,247,0.754466,3.855816,-0.140302,0.025953,714.000000,0.142682,169.519816,-0.218896,-0.109355,0.244692,2.225190,
10611,251,0.587301,4.246875,0.000000,0.000000,707.333333,0.000000,0.000000,,,,0.430543,
10621,251,0.587301,4.246875,0.000000,0.000000,708.000000,0.000000,0.000000,0.000000,0.000000,0.000000,0.517301,
10621,252,3.506773,-8.957298,-0.165557,1.093586,708.000000,1.106047,98.608589,,,,0.528200,
10631,252,3.440551,-8.519864,-0.076432,1.088275,708.666667,1.090956,94.017397,0.133688,-0.007965,0.133925,0.556769,
10641,252,3.445628,-8.086678,-0.118497,1.141004,709.333333,1.147141,95.929099,-0.063098,0.079093,0.101178,0.557064,
10651,252,3.345753,-7.607060,-0.163103,1.144210,710.000000,1.155776,98.112670,-0.066909,0.004809,0.067082,0.663781,
10661,252,3.315145,-7.171310,0.058669,1.103372,710.666667,1.104930,86.956322,0.332658,-0.061257,0.338251,0.702541,0.684842
10671,252,3.392688,-6.724363,0.058711,1.102880,711.333333,1.104442,86.952756,0.000064,-0.000737,0.000740,0.542981,
10681,252,3.362114,-6.289005,-0.067309,1.259740,712.000000,1.261537,93.058477,-0.189031,0.235289,0.301817,0.577981,
10691,252,3.338840,-5.716571,0.113494,1.291845,712.666667,1.296821,84.979207,0.271206,0.048158,0.275448,0.615873,
10701,252,3.452910,-5.255529,0.104433,1.119784,713.333333,1.124643,84.671926,-0.013592,-0.258091,0.258449,0.613286,
10711,252,3.422386,-4.820744,-0.144428,1.069547,714.000000,1.079254,97.690519,-0.373291,-0.075356,0.380821,0.626038,
10721,252,3.337367,-4.399892,0.190281,1.058320,714.666667,1.075290,79.807404,0.502063,-0.016839,0.502346,0.685743,0.691850
10731,252,3.574611,-3.974087,0.322395,1.018612,715.333333,1.068414,72.437196,0.198171,-0.059563,0.206929,0.518980,
10741,252,3.595283,-3.585003,0.102359,1.088485,716.000000,1.093287,84.627809,-0.330054,0.104810,0.346296,0.569599,
10751,252,3.656498,-3.103299,0.287803,1.235321,716.666667,1.268403,76.885270,0.278166,0.220253,0.354806,0.519741,
10761,252,3.825526,-2.596746,0.422568,1.266383,717.333333,1.335024,71.547111,0.202148,0.046594,0.207448,0.584516,
10621,253,4.014415,-9.103226,-0.070833,1.180160,708.000000,1.182284,93.434745,,,,0.528200,
10631,253,3.986082,-8.631162,-0.029318,1.128532,708.666667,1.128913,91.488159,0.062272,-0.077441,0.099372,0.556769,
10641,253,3.990960,-8.200400,0.014748,1.125334,709.333333,1.125430,89.249160,0.066099,-0.004798,0.066273,0.557064,
10651,253,3.997880,-7.730895,0.013462,1.100261,710.000000,1.100343,89.299006,-0.001929,-0.037610,0.037659,0.663781,
10661,253,4.001730,-7.320192,-0.123839,1.012357,710.666667,1.019904,96.974213,-0.205952,-0.131855,0.244545,0.702541,0.684842
10671,253,3.898809,-6.921009,-0.122520,1.036705,711.333333,1.043920,96.740079,0.001979,0.036521,0.036575,0.542981,
10681,253,3.903714,-6.490828,-0.029273,1.127615,712.000000,1.127995,91.487048,0.139871,0.136366,0.195345,0.577981,
10691,253,3.875390,-6.018917,0.057576,1.094739,712.666667,1.096252,86.989421,0.130272,-0.049314,0.139294,0.615873,
10701,253,3.949774,-5.615037,0.101638,1.089918,713.333333,1.094647,84.672410,0.066094,-0.007231,0.066488,0.613286,
10711,253,3.956701,-5.146982,0.017311,1.169718,714.000000,1.169846,89.152131,-0.126491,0.119700,0.174149,0.626038,
10721,253,3.963623,-4.679262,0.106449,1.183777,714.666667,1.188554,84.861581,0.133708,0.021089,0.135361,0.685743,0.691850
10731,253,4.041861,-4.199960,0.189027,1.076010,715.333333,1.092488,80.036312,0.123866,-0.161650,0.203651,0.518980,
10741,253,4.114844,-3.818453,0.101059,1.083653,716.000000,1.088355,84.672124,-0.131951,0.011464,0.132448,0.569599,
10751,253,4.122708,-3.333038,0.331655,1.296543,716.666667,1.338290,75.651448,0.345894,0.319335,0.470762,0.519741,
10761,253,4.380168,-2.781219,0.643651,1.379547,717.333333,1.522312,64.987808,0.467993,0.124505,0.484272,0.584516,
10711,254,2.830382,-9.833036,-0.180858,1.697786,714.000000,1.707392,96.080537,,,,4.819512,
10721,254,2.758039,-9.153922,-0.066471,1.716288,714.666667,1.717575,92.217927,0.171580,0.027754,0.173810,4.634222,
10731,254,2.777205,-8.460005,0.021310,1.661158,715.333333,1.661294,89.265012,0.131672,-0.082696,0.155487,4.443798,
10741,254,2.775088,-7.824996,-0.027884,1.588624,716.000000,1.588869,91.005574,-0.073792,-0.108800,0.131464,4.224610,
10751,254,2.754898,-7.189106,0.042506,1.631473,716.666667,1.632027,88.507552,0.105586,0.064273,0.123610,4.091475,
10761,254,2.809093,-6.519817,0.045182,1.679522,717.333333,1.680129,88.459002,0.004014,0.072073,0.072185,4.052607,
10771,254,2.791044,-5.845489,-0.003987,1.607447,718.000000,1.607452,90.142127,-0.073755,-0.108112,0.130874,6.602341,
10781,254,2.805903,-5.233860,0.086140,1.597367,718.666667,1.599688,86.913253,0.135191,-0.015120,0.136034,3.848171,
10791,254,2.859956,-4.567595,0.092677,1.717927,719.333333,1.720425,86.912048,0.009806,0.180840,0.181106,3.014275,
10801,254,2.880044,-3.859518,0.154546,1.609365,720.000000,1.616768,84.514742,0.092803,-0.162844,0.187432,2.118444,
10811,254,2.983593,-3.280103,0.149134,1.508846,720.666667,1.516198,84.355245,-0.008119,-0.150778,0.150996,1.433911,
10821,254,2.999351,-2.652441,-0.005448,1.574039,721.333333,1.574048,90.198320,-0.231873,0.097789,0.251650,1.192885,
10831,254,2.979234,-2.020872,-0.004144,1.596996,722.000000,1.597001,90.148687,0.001956,0.034435,0.034491,1.760383,
10841,254,2.996036,-1.374844,-0.071376,1.605649,722.666667,1.607235,92.545309,-0.100848,0.012980,0.101680,1.262870,
10851,254,2.922133,-0.736353,-0.187471,1.548159,723.333333,1.559468,96.904476,-0.174141,-0.086235,0.194324,0.906177,1.114011
10861,254,2.846060,-0.136317,-0.208786,1.577244,724.000000,1.591003,97.540617,-0.031973,0.043628,0.054089,1.406814,
10871,254,2.755105,0.525442,-0.276568,1.589523,724.666667,1.613404,99.870322,-0.101673,0.018419,0.103328,1.437028,
10881,254,2.624805,1.135301,-0.189313,1.527975,725.333333,1.539658,97.062840,0.130882,-0.092322,0.160167,0.865434,
10891,254,2.603654,1.747822,-0.054200,1.506770,726.000000,1.507744,92.060093,0.202670,-0.031808,0.205151,1.338246,
10901,254,2.581445,2.340717,-0.035627,1.429447,726.666667,1.429891,91.427724,0.027859,-0.115984,0.119283,1.997901,
10911,254,2.575153,2.891380,-0.152452,1.376933,727.333333,1.385347,96.317955,-0.175237,-0.078771,0.192127,1.254984,
10921,254,2.459484,3.442264,-0.289171,1.377210,728.000000,1.407241,101.858065,-0.205079,0.000414,0.205079,1.326676,
10721,255,1.589826,4.037949,-0.361592,-1.469164,714.666667,1.513007,256.173107,,,,1.404483,
10731,255,1.445189,3.450283,-0.161160,-1.631346,715.333333,1.639287,264.358068,0.300648,-0.243274,0.386745,0.797995,
10741,255,1.460897,2.732872,-0.078974,-1.823925,716.000000,1.825634,267.520710,0.123280,-0.288869,0.314075,1.095184,
10751,255,1.382010,1.991143,-0.097948,-1.748087,716.666667,1.750828,266.792986,-0.028461,0.113758,0.117265,1.260565,
10761,255,1.382539,1.334403,0.043443,-1.723629,717.333333,1.724177,271.443815,0.212087,0.036686,0.215237,4.628403,
10771,255,1.416765,0.612240,0.059685,-1.851598,718.000000,1.852560,271.846260,0.024363,-0.191954,0.193493,6.602341,
10781,255,1.430287,-0.146876,0.150747,-1.889525,718.666667,1.895529,274.561404,0.136592,-0.056891,0.147966,3.143210,1.215173
10791,255,1.537362,-0.899380,0.173874,-1.892766,719.333333,1.900735,275.248603,0.034691,-0.004861,0.035030,2.323477,0.889736
10801,255,1.569387,-1.661088,0.017687,-1.772149,720.000000,1.772237,270.571830,-0.234281,0.180926,0.296009,1.566996,
10811,255,1.551512,-2.317099,0.031481,-1.525055,720.666667,1.525380,271.182565,0.020691,0.370641,0.371218,1.018343,
10821,255,1.594572,-2.881133,0.024601,-1.650441,721.333333,1.650625,270.853973,-0.010320,-0.188080,0.188363,0.875925,
10831,255,1.571192,-3.637453,0.012240,-1.874297,722.000000,1.874336,270.374160,-0.018542,-0.335783,0.336294,1.194064,
10841,255,1.604364,-4.380570,0.143946,-2.013693,722.666667,2.018831,274.088750,0.197559,-0.209094,0.287663,1.786990,
10851,255,1.686349,-5.248407,0.051598,-2.005783,723.333333,2.006447,271.473597,-0.138521,0.011865,0.139028,2.679902,
10861,255,1.645642,-5.985196,0.081571,-1.882826,724.000000,1.884593,272.480718,0.044959,0.184435,0.189836,4.575739,
10871,255,1.751606,-6.754668,0.303937,-2.050244,724.666667,2.072650,278.432361,0.333549,-0.251126,0.417515,4.964512,
10881,255,1.888792,-7.625391,0.096435,-2.034863,725.333333,2.037147,272.713296,-0.311253,0.023071,0.312107,5.539894,
10891,255,1.828754,-8.382559,-0.101350,-1.847371,726.000000,1.850149,266.859811,-0.296677,0.281239,0.408794,6.189829,
10901,255,1.807712,-9.103288,-0.052604,-1.801822,726.666667,1.802590,268.327716,0.073118,0.068322,0.100071,6.781423,
10731,256,0.711381,3.763848,-0.118017,0.421643,715.333333,0.437848,105.636777,,,,0.797995,
10741,256,0.664175,3.932505,0.024823,0.020414,716.000000,0.032139,39.434092,0.214259,-0.601843,0.638844,1.440100,
10751,256,0.731239,3.780179,0.167662,-0.380814,716.666667,0.416089,293.762560,0.214259,-0.601843,0.638844,1.903721,
10781,257,-0.201658,-2.833234,1.381425,-0.159663,718.666667,1.390621,353.407100,,,,3.143210,1.215173
10791,257,0.350912,-2.897100,1.388734,-0.311314,719.333333,1.423201,347.364819,0.010965,-0.227477,0.227741,2.323477,0.889736
10801,257,0.909330,-3.082286,1.499798,-0.547929,720.000000,1.596753,339.930984,0.166595,-0.354921,0.392075,1.566996,
10811,257,1.550750,-3.335442,1.597325,-0.554830,720.666667,1.690942,340.845361,0.146291,-0.010352,0.146657,1.018343,
10821,257,2.187190,-3.526150,1.509279,-0.539847,721.333333,1.602921,340.318613,-0.132070,0.022475,0.133969,0.875925,
10831,257,2.758173,-3.767320,1.425729,-0.477482,722.000000,1.503560,341.484128,-0.125324,0.093548,0.156389,1.194064,
10841,257,3.327773,-3.908135,1.557840,-0.170443,722.666667,1.567137,353.756118,0.198167,0.460558,0.501382,1.786990,
10851,257,4.004445,-3.903674,1.691680,0.011152,723.333333,1.691717,0.377714,0.200759,0.272393,0.338382,2.679902,
10791,258,1.724986,2.468852,-0.038815,-1.529248,719.333333,1.529740,268.546036,,,,3.373454,
10801,258,1.709460,1.857153,0.096183,-1.601191,720.000000,1.604077,273.437599,0.202497,-0.107914,0.229457,3.521029,
10811,258,1.801932,1.187900,0.166404,-1.587959,720.666667,1.596654,275.982260,0.105332,0.019847,0.107186,3.513934,
10821,258,1.842583,0.586786,0.161020,-1.263656,721.333333,1.273874,277.261706,-0.008077,0.486454,0.486521,3.439579,
10831,258,1.930748,0.176975,0.244271,-1.423531,722.000000,1.444337,279.736856,0.124877,-0.239812,0.270377,2.435129,
10841,258,2.038000,-0.552039,0.210322,-1.615373,722.666667,1.629007,277.418213,-0.050923,-0.287763,0.292234,1.262870,
10851,258,2.099006,-1.115323,0.152515,-1.408211,723.333333,1.416446,276.181254,-0.086712,0.310742,0.322613,0.906177,
10851,259,3.567264,2.908499,-0.301104,-1.452708,723.333333,1.483585,258.290062,,,,3.701505,1.114011
10861,259,3.446822,2.327416,-0.142470,-1.408794,724.000000,1.415979,264.225355,0.237951,0.065871,0.246900,2.535921,
10871,259,3.453288,1.781464,0.040900,-1.320583,724.666667,1.321216,271.773956,0.275056,0.132317,0.305227,1.437028,
10881,259,3.479542,1.270950,-0.004689,-1.338312,725.333333,1.338321,269.799257,-0.068384,-0.026595,0.073373,0.865434,
10891,259,3.449536,0.710814,-0.030711,-1.407968,726.000000,1.408303,268.750438,-0.039033,-0.104484,0.111537,1.338246,
10901,259,3.454973,0.144575,-0.030767,-1.409553,726.666667,1.409889,268.749587,-0.000083,-0.002378,0.002379,2.363491,
10911,259,3.424923,-0.416829,-0.076473,-1.428679,727.333333,1.430724,266.936057,-0.068559,-0.028688,0.074319,3.415605,
10921,259,3.393795,-0.998368,0.033195,-1.469615,728.000000,1.469989,271.293953,0.164502,-0.061403,0.175588,4.124101,
10931,259,3.451479,-1.592521,0.075022,-1.525129,728.666667,1.526973,272.816161,0.062741,-0.083271,0.104262,4.112773,
10941,259,3.453813,-2.218471,0.029336,-1.543786,729.333333,1.544065,271.088643,-0.068530,-0.027986,0.074024,4.021846,
10951,259,3.474948,-2.827549,-0.012485,-1.490998,730.000000,1.491050,269.520248,-0.062731,0.079182,0.101020,3.988863,
10961,259,3.443825,-3.411270,-0.191787,-1.497089,730.666667,1.509324,262.699802,-0.268953,-0.009137,0.269108,3.931246,
10971,259,3.321518,-4.025221,-0.283928,-1.539685,731.333333,1.565645,259.551672,-0.138211,-0.063893,0.152265,3.839275,
10981,259,3.216683,-4.643018,-0.373272,-1.511693,732.000000,1.557096,256.129791,-0.134017,0.041987,0.140440,3.808424,
10991,259,3.022900,-5.234575,-0.440551,-1.486412,732.666667,1.550325,253.490929,-0.100919,0.037922,0.107808,3.685002,
11001,259,2.864242,-5.832147,-0.330993,-1.527138,733.333333,1.562596,257.770830,0.164338,-0.061089,0.175325,3.592453,
11011,259,2.758106,-6.456286,-0.253764,-1.761970,734.000000,1.780150,261.804448,0.115843,-0.352247,0.370807,2.444218,
11021,259,2.661230,-7.241723,-0.049259,-1.755766,734.666667,1.756457,268.392969,0.306758,0.009305,0.306899,1.211199,
11031,259,2.718699,-7.860899,0.095753,-1.594334,735.333333,1.597207,273.436967,0.217518,0.242148,0.325499,0.814539,
11041,259,2.737833,-8.517190,0.184744,-1.623501,736.000000,1.633979,276.491958,0.133486,-0.043751,0.140473,1.555621,
11051,259,2.866494,-9.159700,0.431190,-1.659396,736.666667,1.714503,284.566023,0.369669,-0.053841,0.373569,2.306614,
11061,259,3.082785,-9.844707,0.540726,-1.712517,737.333333,1.795856,287.523475,0.164305,-0.079681,0.182606,3.488908,
10861,260,2.409404,-1.473649,0.898533,-1.054590,724.000000,1.385468,310.431693,,,,1.406814,
10871,260,2.768817,-1.895485,1.012289,-0.967473,724.666667,1.400262,316.296771,0.170634,0.130675,0.214923,2.420966,
10881,260,3.219235,-2.247628,1.172893,-0.736419,725.333333,1.384915,327.876712,0.240906,0.346582,0.422084,3.434757,
10891,260,3.707131,-2.484620,1.232999,-0.640429,726.000000,1.389401,332.552292,0.090159,0.143985,0.169883,3.205800,
10901,260,4.205634,-2.759971,1.246256,-0.688377,726.666667,1.423733,331.085687,0.019886,-0.071922,0.074620,2.999979,
10901,261,1.281309,3.857706,0.186314,-1.673144,726.666667,1.683486,276.354044,,,,1.997901,
10911,261,1.355835,3.188448,0.170045,-1.545532,727.333333,1.554859,276.278633,-0.024404,0.191418,0.192968,1.254984,
10921,261,1.417345,2.621280,0.150975,-1.466705,728.000000,1.474454,275.877025,-0.028605,0.118242,0.121652,1.326676,
10931,261,1.476614,2.015084,0.356661,-1.523937,728.666667,1.565117,283.172384,0.308530,-0.085849,0.320251,4.112773,
10941,261,1.702674,1.402130,0.402302,-1.528982,729.333333,1.581023,284.741406,0.068461,-0.007567,0.068878,4.021846,
10951,261,1.798456,0.791899,0.240664,-1.500032,730.000000,1.519215,279.114832,-0.242457,0.043425,0.246315,3.988863,
10961,261,1.895206,0.202105,0.333103,-1.486630,730.666667,1.523492,282.629428,0.138658,0.020102,0.140107,3.931246,
10971,261,2.064939,-0.397405,0.215858,-1.517617,731.333333,1.532891,278.095166,-0.175867,-0.046479,0.181906,3.839275,
10981,261,2.067892,-1.011988,0.097341,-1.573509,732.000000,1.576517,273.539928,-0.177776,-0.083839,0.196554,3.808424,
10991,261,2.142811,-1.656213,0.049015,-1.617583,732.666667,1.618325,271.735604,-0.072489,-0.066111,0.098108,3.685002,
11001,261,2.107104,-2.306055,-0.136433,-1.645169,733.333333,1.650816,265.259325,-0.278172,-0.041379,0.281233,3.606464,
11011,261,2.033664,-2.972348,-0.023559,-1.685269,734.000000,1.685433,269.199094,0.169312,-0.060150,0.179679,3.558461,
11021,261,2.088257,-3.654270,-0.003492,-1.739899,734.666667,1.739903,269.884996,0.030100,-0.081946,0.087300,3.632922,
11031,261,2.030871,-4.364267,0.020801,-1.717774,735.333333,1.717900,270.693791,0.036441,0.033188,0.049289,3.546927,
11041,261,2.104898,-5.028489,0.160793,-1.682669,736.000000,1.690334,275.458510,0.209987,0.052658,0.216489,2.305132,
11051,261,2.159505,-5.710402,-0.069420,-1.687703,736.666667,1.689130,267.644587,-0.345319,-0.007551,0.345402,1.334560,
11061,261,2.049362,-6.378651,-0.116495,-1.710037,737.333333,1.714000,266.102799,-0.070612,-0.033501,0.078156,0.838510,
11071,261,2.066309,-7.078432,-0.161535,-1.686156,738.000000,1.693876,264.527713,-0.067561,0.035821,0.076470,1.150308,
11081,261,1.920134,-7.727576,-0.387844,-1.599566,738.666667,1.645915,256.370637,-0.339462,0.129885,0.363462,2.239666,
11091,261,1.756034,-8.358085,-0.410248,-1.576271,739.333333,1.628783,255.411552,-0.033607,0.034943,0.048482,3.502057,
11001,262,3.394681,-9.385224,0.167383,1.470396,733.333333,1.479892,83.505660,,,,3.592453,
11011,262,3.461634,-8.797065,0.034886,1.501894,734.000000,1.502300,88.669375,-0.198746,0.047248,0.204285,2.444218,
11021,262,3.422590,-8.183708,0.034764,1.499562,734.666667,1.499965,88.671954,-0.000183,-0.003498,0.003503,1.211199,
11031,262,3.489446,-7.597415,-0.005828,1.575748,735.333333,1.575759,90.211908,-0.060888,0.114278,0.129487,0.814539,
11041,262,3.417927,-6.923110,-0.159164,1.635512,736.000000,1.643239,95.558389,-0.230005,0.089647,0.246857,1.733096,
11051,262,3.362114,-6.289005,-0.142172,1.536646,736.666667,1.543209,95.286024,0.025488,-0.148300,0.150475,1.334560,6.367160
11061,262,3.304190,-5.693793,-0.190846,1.468227,737.333333,1.480578,97.406011,-0.073011,-0.102629,0.125949,1.429554,3.685650
11071,262,3.209438,-5.114424,-0.104151,1.411259,738.000000,1.415097,94.220791,0.130042,-0.085451,0.155604,2.086647,3.373049
11081,262,3.220869,-4.564785,0.032486,1.446729,738.666667,1.447094,88.713662,0.204956,0.053204,0.211749,1.914488,2.985123
11091,262,3.235426,-3.957041,-0.073974,1.555749,739.333333,1.557507,92.722302,-0.159690,0.163530,0.228567,1.724633,
11101,262,3.161689,-3.320186,-0.051605,1.552147,740.000000,1.553005,91.904254,0.033553,-0.005403,0.033985,1.563294,
11111,262,3.194142,-2.715323,0.166320,1.426778,740.666667,1.436440,83.351037,0.326888,-0.188053,0.377120,1.437182,2.942949
11121,262,3.294745,-2.178764,0.111056,1.651762,741.333333,1.655491,86.153518,-0.082896,0.337475,0.347507,1.325675,
11131,262,3.282987,-1.393914,0.094960,1.772675,742.000000,1.775216,86.933664,-0.024144,0.181370,0.182970,1.375903,
11141,262,3.370713,-0.760624,0.123795,1.473258,742.666667,1.478450,85.196832,0.043252,-0.449125,0.451203,1.333838,3.802339
11151,262,3.382023,-0.215308,-0.012250,1.442071,743.333333,1.442124,90.486681,-0.204067,-0.046780,0.209360,1.221159,
11161,262,3.360914,0.393033,-0.030559,1.517079,744.000000,1.517387,91.153964,-0.027464,0.112511,0.115815,1.189849,4.539660
11171,262,3.357575,0.998356,-0.190082,1.469850,744.666667,1.482090,97.368649,-0.239285,-0.070844,0.249552,1.109089,1.843470
11181,262,3.208848,1.568913,-0.244995,1.284330,745.333333,1.307489,100.799842,-0.082369,-0.278280,0.290214,0.968923,1.523339
11191,262,3.161579,2.025819,-0.128731,1.363947,746.000000,1.370008,95.391676,0.174397,0.119426,0.211368,0.895395,3.360934
11201,262,3.105863,2.660071,-0.212860,1.477417,746.666667,1.492672,98.198525,-0.126194,0.170205,0.211883,0.874962,
11211,262,2.991291,3.207753,-0.286429,1.369205,747.333333,1.398844,101.815533,-0.110354,-0.162317,0.196278,0.850234,
11011,263,1.157511,-10.079188,0.095188,1.713494,734.000000,1.716136,86.820378,,,,2.636820,
11021,263,1.195587,-9.393791,0.138984,1.659216,734.666667,1.665027,85.211796,0.065695,-0.081417,0.104616,2.534530,
11031,263,1.268699,-8.751816,0.039943,1.561740,735.333333,1.562251,88.534929,-0.148562,-0.146214,0.208445,1.701832,
11041,263,1.227541,-8.144399,-0.031508,1.538898,736.000000,1.539221,91.172922,-0.107176,-0.034263,0.112519,1.555621,
11051,263,1.243493,-7.520697,0.138559,1.651510,736.666667,1.657312,85.204199,0.255101,0.168917,0.305956,2.028853,6.367160
11061,263,1.338388,-6.823191,0.189088,1.720250,737.333333,1.730611,83.727305,0.075793,0.103111,0.127970,0.838510,3.685650
11071,263,1.394763,-6.144497,0.277027,1.632673,738.000000,1.656009,80.369934,0.131909,-0.131366,0.186165,1.150308,3.373049
11081,263,1.560010,-5.517053,0.461092,1.610575,738.666667,1.675279,74.024104,0.276097,-0.033146,0.278079,1.914488,2.985123
11091,263,1.763636,-4.856036,0.413286,1.608432,739.333333,1.660680,75.589621,-0.071709,-0.003215,0.071781,1.724633,
11101,263,1.890639,-4.230307,0.407131,1.526905,740.000000,1.580251,75.070107,-0.009232,-0.122291,0.122639,1.563294,
11111,263,2.089341,-3.634512,0.431284,1.567742,740.666667,1.625983,74.618478,0.036230,0.061256,0.071168,1.437182,2.942949
11121,263,2.235666,-2.976113,0.227376,1.635172,741.333333,1.650905,82.083589,-0.305862,0.101145,0.322152,1.325675,
11131,263,2.271242,-2.326375,0.225115,1.605327,742.000000,1.621034,82.017484,-0.003393,-0.044767,0.044896,1.375903,
11141,263,2.415758,-1.691851,0.248815,1.623343,742.666667,1.642301,81.285895,0.035551,0.027024,0.044657,1.333838,3.802339
11151,263,2.470295,-1.027700,0.044358,1.647394,743.333333,1.647991,88.457626,-0.306687,0.036076,0.308801,1.221159,
11161,263,2.451244,-0.373936,0.044236,1.644843,744.000000,1.645437,88.459471,-0.000183,-0.003827,0.003831,1.189849,4.539660
11171,263,2.505683,0.288174,0.021639,1.647158,744.666667,1.647300,89.247347,-0.033896,0.003472,0.034073,1.109089,1.843470
11181,263,2.468555,0.943790,-0.140773,1.597711,745.333333,1.603900,95.035282,-0.243618,-0.074170,0.254658,0.924322,1.523339
11191,263,2.393065,1.566343,-0.078209,1.488972,746.000000,1.491024,93.006728,0.093846,-0.163108,0.188179,0.895395,3.360934
11201,263,2.405988,2.134967,-0.062276,1.363771,746.666667,1.365192,92.614573,0.023899,-0.187801,0.189316,0.874962,
11211,263,2.343244,2.657360,-0.156859,1.305980,747.333333,1.315367,96.848879,-0.141874,-0.086686,0.166261,0.850234,
11151,264,1.863521,3.295058,0.015373,-1.386352,743.333333,1.386437,270.635316,,,,3.824724,
11161,264,1.869671,2.740517,-0.170708,-1.404644,744.000000,1.414980,263.070750,-0.279122,-0.027439,0.280467,2.781094,
11171,264,1.726955,2.171342,-0.104625,-1.466837,744.666667,1.470563,265.920180,0.099125,-0.093289,0.136120,2.008687,
11181,264,1.785971,1.567048,-0.082090,-1.474258,745.333333,1.476542,266.812930,0.033802,-0.011131,0.035588,0.924322,
11191,264,1.661283,0.991936,-0.220021,-1.454071,746.000000,1.470623,261.395625,-0.206897,0.030281,0.209101,0.930295,
11201,264,1.609954,0.403791,-0.013206,-1.488361,746.666667,1.488419,269.491627,0.310222,-0.051435,0.314457,1.905424,
11211,264,1.650718,-0.198752,-0.085233,-1.530098,747.333333,1.532470,266.811687,-0.108040,-0.062605,0.124868,2.938872,
11221,264,1.541768,-0.820287,0.005697,-1.567981,748.000000,1.567991,270.208156,0.136394,-0.056825,0.147758,,
11231,264,1.655275,-1.453137,0.122371,-1.560606,748.666667,1.565396,274.483539,0.175012,0.011062,0.175361,,
11241,264,1.639665,-2.068772,-0.063497,-1.561925,749.333333,1.563216,267.672043,-0.278802,-0.001979,0.278809,,
11251,264,1.604478,-2.702678,0.073492,-1.604108,750.000000,1.605791,272.623158,0.205483,-0.063275,0.215004,,
11261,264,1.698458,-3.352059,-0.044675,-1.642878,750.666667,1.643485,268.442339,-0.177250,-0.058154,0.186546,,
11271,264,1.568738,-4.016980,-0.092066,-1.663132,751.333333,1.665678,266.831517,-0.071087,-0.030381,0.077306,,
11281,264,1.624805,-4.682564,0.089838,-1.734067,752.000000,1.736392,272.965701,0.272855,-0.106403,0.292868,,
11291,264,1.640608,-5.404233,-0.121033,-1.766117,752.666667,1.770260,266.079610,-0.316306,-0.048076,0.319939,,
11301,264,1.527979,-6.095458,-0.002557,-1.727208,753.333333,1.727210,269.915173,0.177714,0.058364,0.187053,,
11311,264,1.638562,-6.785999,0.001469,-1.655632,754.000000,1.655633,270.050832,0.006039,0.107363,0.107533,,
11321,264,1.529154,-7.419963,-0.041958,-1.602109,754.666667,1.602659,268.499805,-0.065141,0.080284,0.103387,,
11331,264,1.604996,-8.067687,0.165020,-1.642362,755.333333,1.650632,275.737651,0.310467,-0.060380,0.316284,,
11341,264,1.661170,-8.733853,0.140435,-1.665417,756.000000,1.671328,274.820029,-0.036877,-0.034582,0.050555,,
11351,265,0.778691,2.952083,0.067241,-1.311469,756.666667,1.313191,272.935085,,,,1.715258,
11361,265,0.805588,2.427496,0.020453,-1.303781,757.333333,1.303941,270.898730,-0.070183,0.011532,0.071124,1.260703,
11371,265,0.795053,1.909059,0.064439,-1.361180,758.000000,1.362705,272.710369,0.065979,-0.086100,0.108473,1.198745,
11381,265,0.857139,1.338551,0.064464,-1.361814,758.666667,1.363339,272.710168,0.000038,-0.000951,0.000952,1.133167,
11391,265,0.846624,0.819607,-0.074536,-1.315785,759.333333,1.317894,266.757787,-0.208500,0.069044,0.219635,1.136295,
11401,265,0.797510,0.285924,-0.030541,-1.373593,760.000000,1.373932,268.726291,0.065994,-0.086712,0.108968,1.120202,
11411,265,0.822192,-0.279267,-0.004354,-1.328729,760.666667,1.328737,269.812232,0.039279,0.067295,0.077919,1.070834,
11421,265,0.794026,-0.777060,-0.096746,-1.291974,761.333333,1.295591,265.717566,-0.138587,0.055134,0.149151,1.085013,
11431,265,0.744795,-1.312846,0.079551,-1.516940,762.000000,1.519025,273.001936,0.264445,-0.337449,0.428723,1.112590,
11441,265,0.857667,-1.990612,0.103067,-1.521037,762.666667,1.524525,273.876500,0.035274,-0.006145,0.035806,1.076705,
11451,265,0.827249,-2.529675,-0.055445,-1.401191,763.333333,1.402288,267.734003,-0.237768,0.179768,0.298077,1.125517,
11461,265,0.813311,-3.111565,-0.081839,-1.450358,764.000000,1.452665,266.770402,-0.039592,-0.073750,0.083705,1.212752,
11471,265,0.761778,-3.689962,-0.153896,-1.469933,764.666667,1.477967,264.023122,-0.108086,-0.029362,0.112003,1.342769,
11481,265,0.690194,-4.287511,-0.174894,-1.420114,765.333333,1.430843,262.979097,-0.031496,0.074728,0.081094,1.467727,
11491,265,0.621863,-4.826053,-0.015803,-1.538661,766.000000,1.538742,269.411562,0.238637,-0.177821,0.297603,1.634355,
11501,265,0.677552,-5.518440,-0.023000,-1.666731,766.666667,1.666890,269.209386,-0.010796,-0.192105,0.192408,1.607015,
11511,265,0.603462,-6.159438,-0.253576,-1.548416,767.333333,1.569042,260.699537,-0.345863,0.177472,0.388738,1.643087,
11521,265,0.474691,-6.757173,-0.131340,-1.484890,768.000000,1.490687,264.945278,0.183353,0.095289,0.206636,1.786726,
11531,265,0.498390,-7.347350,-0.007514,-1.395108,768.666667,1.395129,269.691414,0.185739,0.134673,0.229425,1.698348,
11541,265,0.468680,-7.873260,-0.074276,-1.314775,769.333333,1.316871,266.766622,-0.100143,0.120500,0.156681,1.884238,
11351,266,-0.831442,2.360830,0.000000,0.000000,756.666667,0.000000,0.000000,,,,1.715258,
11361,266,-0.831442,2.360830,0.000000,0.000000,757.333333,0.000000,0.000000,0.000000,0.000000,0.000000,1.638387,
11371,266,-0.831442,2.360830,0.000000,0.000000,758.000000,0.000000,0.000000,0.000000,0.000000,0.000000,1.688071,
11381,266,-0.831442,2.360830,0.000000,0.000000,758.666667,0.000000,0.000000,0.000000,0.000000,0.000000,1.973920,
11391,266,-0.831442,2.360830,0.000000,0.000000,759.333333,0.000000,0.000000,0.000000,0.000000,0.000000,2.278437,
11401,266,-0.831442,2.360830,0.000000,0.000000,760.000000,0.000000,0.000000,0.000000,0.000000,0.000000,2.637939,
11411,266,-0.831442,2.360830,0.000000,0.000000,760.666667,0.000000,0.000000,0.000000,0.000000,0.000000,3.115224,
11421,266,-0.831442,2.360830,0.000000,0.000000,761.333333,0.000000,0.000000,0.000000,0.000000,0.000000,3.533907,
11431,266,-0.831442,2.360830,0.000000,0.000000,762.000000,0.000000,0.000000,0.000000,0.000000,0.000000,3.997552,
11441,266,-0.831442,2.360830,0.000000,0.000000,762.666667,0.000000,0.000000,0.000000,0.000000,0.000000,4.667777,
11451,266,-0.831442,2.360830,0.000000,0.000000,763.333333,0.000000,0.000000,0.000000,0.000000,0.000000,5.164136,
11461,266,-0.831442,2.360830,0.000000,0.000000,764.000000,0.000000,0.000000,0.000000,0.000000,0.000000,4.979668,
11471,266,-0.831442,2.360830,0.000000,0.000000,764.666667,0.000000,0.000000,0.000000,0.000000,0.000000,4.792619,
11481,266,-0.831442,2.360830,0.000000,0.000000,765.333333,0.000000,0.000000,0.000000,0.000000,0.000000,4.640108,
11491,266,-0.831442,2.360830,0.000000,0.000000,766.000000,0.000000,0.000000,0.000000,0.000000,0.000000,7.332352,
11501,266,-0.831442,2.360830,0.000000,0.000000,766.666667,0.000000,0.000000,0.000000,0.000000,0.000000,8.022466,
11511,266,-0.831442,2.360830,0.000000,0.000000,767.333333,0.000000,0.000000,0.000000,0.000000,0.000000,8.640250,
11521,266,-0.831442,2.360830,0.000000,0.000000,768.000000,0.000000,0.000000,0.000000,0.000000,0.000000,9.211079,
11531,266,-0.831442,2.360830,0.000000,0.000000,768.666667,0.000000,0.000000,0.000000,0.000000,0.000000,9.798837,
11541,266,-0.831442,2.360830,0.000000,0.000000,769.333333,0.000000,0.000000,0.000000,0.000000,0.000000,10.316342,
11361,267,1.574221,3.426783,0.096288,-1.602873,757.333333,1.605763,273.437766,,,,0.506057,
11371,267,1.612737,2.785634,0.205674,-1.720405,758.000000,1.732656,276.817331,0.164078,-0.176299,0.240838,0.592685,2.977903
11381,267,1.738760,2.050459,0.166556,-1.589414,758.666667,1.598117,275.982244,-0.058676,0.196487,0.205061,0.659408,5.831354
11391,267,1.745982,1.514103,0.011226,-1.464142,759.333333,1.464185,270.439309,-0.232995,0.187909,0.299326,0.640256,
11401,267,1.747741,0.879146,0.067816,-1.696682,760.000000,1.698037,272.288887,0.084885,-0.348810,0.358990,0.752477,
11411,267,1.800235,0.156757,0.113735,-1.704011,760.666667,1.707803,273.818579,0.068879,-0.010994,0.069751,0.652868,0.346967
11421,267,1.838730,-0.484063,0.050361,-1.595794,761.333333,1.596588,271.807560,-0.095062,0.162326,0.188113,0.638451,
11431,267,1.840523,-1.119878,0.094870,-1.626615,762.000000,1.629379,273.337930,0.066765,-0.046232,0.081209,0.662961,0.915475
11441,267,1.914626,-1.785355,0.138022,-1.682153,762.666667,1.687806,274.690662,0.064728,-0.083308,0.105498,0.581696,
11451,267,1.950941,-2.465601,0.139296,-1.656540,763.333333,1.662387,274.806597,0.001910,0.038420,0.038467,0.575122,
11461,267,2.026063,-3.110588,0.182309,-1.710627,764.000000,1.720314,276.083300,0.064520,-0.081130,0.103658,0.486948,
11471,267,2.096788,-3.834102,0.129712,-1.828364,764.666667,1.832959,274.058023,-0.078895,-0.176606,0.193427,0.465072,
11481,267,2.129833,-4.573279,0.133710,-1.753398,765.333333,1.758489,274.360789,0.005996,0.112449,0.112608,0.546588,
11491,267,2.203756,-5.236821,0.110882,-1.751344,766.000000,1.754851,273.622717,-0.034241,0.003081,0.034379,0.528742,
11501,267,2.218538,-5.974354,-0.024809,-1.714970,766.666667,1.715150,269.171198,-0.203538,0.054561,0.210724,0.713107,
11511,267,2.183908,-6.608797,-0.097487,-1.786017,767.333333,1.788676,266.875694,-0.109017,-0.106571,0.152453,0.714480,
11521,267,2.140549,-7.403168,-0.166413,-1.784222,768.000000,1.791966,264.671481,-0.103389,0.002693,0.103424,0.760705,
11531,267,2.050778,-8.036175,0.000689,-1.672573,768.666667,1.672573,270.023605,0.250653,0.167474,0.301454,0.894150,
11541,267,2.141100,-8.741226,0.225805,-1.762628,769.333333,1.777033,277.300235,0.337674,-0.135084,0.363692,0.815884,
11361,268,1.997031,3.704859,0.369080,-1.644559,757.333333,1.685466,282.649021,,,,0.506057,
11371,268,2.144663,3.047035,0.348653,-1.589977,758.000000,1.627755,282.368144,-0.030642,0.081873,0.087419,0.522837,
11381,268,2.275953,2.432877,0.191914,-1.511140,758.666667,1.523277,277.237795,-0.235108,0.118257,0.263173,0.396504,2.863890
11391,268,2.298194,1.838123,0.210198,-1.585769,759.333333,1.599640,277.550707,0.027426,-0.111944,0.115255,0.421440,2.469815
11401,268,2.444111,1.164262,0.110247,-1.742331,760.000000,1.745816,273.620583,-0.149928,-0.234843,0.278621,0.393571,
11411,268,2.386391,0.444258,0.012927,-1.849366,760.666667,1.849412,270.400498,-0.145979,-0.160553,0.216995,0.545569,0.346967
11421,268,2.454453,-0.315231,0.111563,-1.717535,761.333333,1.721154,273.716456,0.147954,0.197747,0.246970,0.597667,
11431,268,2.475642,-0.929770,0.005005,-1.579602,762.000000,1.579610,270.181540,-0.159838,0.206899,0.261449,0.523710,0.915475
11441,268,2.458457,-1.578913,0.022331,-1.681346,762.666667,1.681494,270.760921,0.025988,-0.152616,0.154813,0.514152,
11451,268,2.493507,-2.274847,0.022330,-1.682802,763.333333,1.682950,270.760243,-0.000001,-0.002184,0.002184,0.575122,
11461,268,2.476321,-2.925155,0.062322,-1.786755,764.000000,1.787841,271.997658,0.059988,-0.155929,0.167070,0.486948,
11471,268,2.543364,-3.704250,0.218133,-1.853533,764.666667,1.866325,276.711972,0.233717,-0.100168,0.254278,0.465072,
11481,268,2.650827,-4.407981,0.221992,-1.778380,765.333333,1.792182,277.115312,0.005788,0.112730,0.112878,0.546588,
11491,268,2.720957,-5.126954,0.334306,-1.786150,766.000000,1.817167,280.601162,0.168472,-0.011656,0.168875,0.528742,1.628601
11501,268,2.918273,-5.836902,0.220221,-1.799410,766.666667,1.812836,276.977449,-0.171128,-0.019890,0.172280,0.615426,
11511,268,2.897134,-6.566482,-0.030346,-1.826792,767.333333,1.827044,269.048309,-0.375850,-0.041073,0.378088,0.696747,
11521,268,2.893996,-7.298336,0.059741,-1.834893,768.000000,1.835865,271.864782,0.135130,-0.012150,0.135675,0.760705,
11531,268,2.944926,-8.034396,0.069027,-1.663235,768.666667,1.664667,272.376522,0.013930,0.257486,0.257863,0.894150,
11541,268,2.949218,-8.628924,0.010728,-1.486318,769.333333,1.486357,270.413560,-0.087449,0.265376,0.279413,0.815884,
11361,269,2.557260,3.894842,0.142934,-1.545750,757.333333,1.552344,275.283059,,,,0.591566,
11371,269,2.614433,3.276542,0.093899,-1.610317,758.000000,1.613053,273.337198,-0.073552,-0.096851,0.121614,0.522837,3.227353
11381,269,2.632379,2.606588,0.113725,-1.662333,758.666667,1.666219,273.913685,0.029739,-0.078024,0.083499,0.396504,2.781509
11391,269,2.705414,1.946676,0.187806,-1.551951,759.333333,1.563273,276.899978,0.111121,0.165573,0.199405,0.421440,2.463348
11401,269,2.782624,1.365028,0.167854,-1.498550,760.000000,1.507921,276.391128,-0.029928,0.080101,0.085510,0.393571,2.070932
11411,269,2.839697,0.747836,0.161124,-1.618964,760.666667,1.626962,275.683514,-0.010096,-0.180621,0.180903,0.545569,1.684137
11421,269,2.911523,0.069857,0.087202,-1.730275,761.333333,1.732471,272.885148,-0.110882,-0.166966,0.200431,0.597667,
11431,269,2.909459,-0.636384,-0.024972,-1.714580,762.000000,1.714762,269.165558,-0.168262,0.023542,0.169901,0.523710,4.029991
11441,269,2.891545,-1.301808,0.114896,-1.635914,762.666667,1.639944,274.017499,0.209803,0.118000,0.240710,0.514152,
11451,269,3.001376,-1.945115,0.109702,-1.734422,763.333333,1.737887,273.619117,-0.007792,-0.147762,0.147967,0.605520,0.123669
11461,269,2.979306,-2.689345,0.151738,-1.786969,764.000000,1.793400,274.853550,0.063055,-0.078821,0.100939,0.555518,
11471,269,3.122766,-3.374690,0.268939,-1.701933,764.666667,1.723051,278.979616,0.175802,0.127554,0.217201,0.666571,
11481,269,3.194457,-4.050891,0.219878,-1.767674,765.333333,1.781296,277.090494,-0.073592,-0.098611,0.123045,0.650420,
11491,269,3.298668,-4.788829,0.306177,-1.823291,766.000000,1.848820,279.532484,0.129449,-0.083426,0.154003,0.669387,1.628601
11501,269,3.439399,-5.509524,0.282243,-1.843098,766.666667,1.864583,278.706346,-0.035902,-0.029710,0.046601,0.615426,
11511,269,3.524462,-6.263307,0.280393,-1.864258,767.333333,1.885226,278.553440,-0.002774,-0.031740,0.031861,0.696747,
11521,269,3.663714,-7.000931,0.308682,-1.741370,768.000000,1.768517,280.052052,0.042433,0.184333,0.189154,0.825176,
11531,269,3.771408,-7.656403,0.089530,-1.675304,768.666667,1.677694,273.059036,-0.328728,0.099099,0.343341,0.908818,
11541,269,3.735337,-8.341173,-0.090176,-1.711925,769.333333,1.714299,266.984714,-0.269559,-0.054933,0.275100,0.837129,
11371,270,3.473814,-5.198630,0.085591,1.609689,758.000000,1.611963,86.956323,,,,2.654770,
11381,270,3.508051,-4.554754,0.041147,1.613312,758.666667,1.613837,88.539004,-0.066666,0.005435,0.066887,2.612974,
11391,270,3.506732,-3.907980,0.085399,1.606077,759.333333,1.608346,86.956323,0.066377,-0.010853,0.067259,2.629149,
11401,270,3.576370,-3.269893,0.085369,1.604265,760.000000,1.606535,86.953945,-0.000044,-0.002718,0.002718,2.577903,
11411,270,3.575027,-2.624568,0.129343,1.595571,760.666667,1.600805,85.365514,0.065961,-0.013042,0.067238,2.554751,
11421,270,3.679844,-1.993436,0.172164,1.563287,761.333333,1.572739,83.715373,0.064231,-0.048425,0.080440,2.077969,
11431,270,3.712759,-1.373938,0.038121,1.553900,762.000000,1.554367,88.594669,-0.201064,-0.014081,0.201557,1.090540,
11441,270,3.710341,-0.750316,0.148133,1.535563,762.666667,1.542692,84.489818,0.165018,-0.027505,0.167295,0.987203,
11451,270,3.831265,-0.145488,0.106652,1.588461,763.333333,1.592037,86.158812,-0.062221,0.079347,0.100833,1.981760,
11461,270,3.795663,0.520452,-0.023005,1.654068,764.000000,1.654228,90.796809,-0.194485,0.098411,0.217966,2.316732,
11471,270,3.812862,1.177767,-0.025536,1.605464,764.666667,1.605667,90.911259,-0.003798,-0.072906,0.073005,2.391638,
11481,270,3.775234,1.804824,-0.094069,1.567642,765.333333,1.570462,93.434001,-0.102799,-0.056733,0.117415,2.311005,9.885712
11371,271,3.672498,-7.845955,-0.356032,1.695800,758.000000,1.732771,101.856986,,,,2.654770,2.977903
11381,271,3.530085,-7.167635,-0.203201,1.636035,758.666667,1.648606,97.080062,0.229246,-0.089646,0.246151,2.612974,2.781509
11391,271,3.509937,-6.537127,-0.090947,1.653237,759.333333,1.655736,93.148737,0.168381,0.025802,0.170347,2.629149,2.463348
11401,271,3.457328,-5.845046,-0.088332,1.701771,760.000000,1.704062,92.971326,0.003922,0.072802,0.072907,2.577903,2.070932
11411,271,3.439271,-5.175710,0.089491,1.683694,760.666667,1.686071,86.957511,0.266734,-0.027116,0.268109,2.554751,1.684137
11421,271,3.528920,-4.498090,0.114287,1.728261,761.333333,1.732036,86.216642,0.037194,0.066851,0.076501,2.509197,
11431,271,3.530701,-3.793100,0.043613,1.659307,762.000000,1.659881,88.494379,-0.106010,-0.103431,0.148108,2.426003,
11441,271,3.563811,-3.170644,0.087878,1.652051,762.666667,1.654386,86.955134,0.066396,-0.010885,0.067283,1.937889,
11451,271,3.601003,-2.471460,0.047381,1.728121,763.333333,1.728771,88.429475,-0.060745,0.114106,0.129268,0.797867,0.123669
11461,271,3.601716,-1.788147,0.039558,1.580485,764.000000,1.580979,88.566238,-0.011735,-0.221455,0.221766,1.095240,
11471,271,3.632649,-1.207072,-0.025488,1.612645,764.666667,1.612846,90.905485,-0.097569,0.048240,0.108843,2.226780,
11481,271,3.581326,-0.498032,-0.128309,1.772602,765.333333,1.777240,94.140110,-0.154232,0.239936,0.285231,2.311005,9.885712
11611,272,1.573725,2.752819,0.066760,-1.300885,774.000000,1.302596,272.937762,,,,11.055584,3.842782
11621,272,1.600429,2.232465,0.022098,-1.268758,774.666667,1.268950,270.997837,-0.066992,0.048190,0.082524,9.887904,3.767952
11631,272,1.591403,1.737813,0.068136,-1.276408,775.333333,1.278225,273.055607,0.069056,-0.011475,0.070003,8.658826,3.498266
11641,272,1.654937,1.211339,0.069533,-1.252306,776.000000,1.254235,273.178018,0.002095,0.036153,0.036213,7.486218,2.965789
11651,272,1.647030,0.735968,-0.067214,-1.206620,776.666667,1.208491,266.811687,-0.205120,0.068529,0.216264,6.340036,
11661,272,1.601166,0.246042,-0.069997,-1.257086,777.333333,1.259034,266.812930,-0.004176,-0.075699,0.075814,5.141122,
11671,272,1.591032,-0.269701,-0.093205,-1.255565,778.000000,1.259020,265.754510,-0.034812,0.002281,0.034886,4.082086,
11681,272,1.526602,-0.758410,-0.161228,-1.222943,778.666667,1.233525,262.489650,-0.102034,0.048934,0.113162,3.021884,
11691,272,1.462049,-1.248056,-0.071706,-1.286757,779.333333,1.288753,266.810444,0.134284,-0.095721,0.164908,2.284234,
11701,272,1.469238,-1.787815,-0.005165,-1.346888,780.000000,1.346898,269.780298,0.099811,-0.090197,0.134528,1.916099,
11711,272,1.457917,-2.325566,-0.005160,-1.347677,780.666667,1.347687,269.780633,0.000007,-0.001183,0.001183,1.217952,
11721,272,1.465110,-2.865957,0.106391,-1.436125,781.333333,1.440060,274.236837,0.167326,-0.132672,0.213541,0.672107,
11731,272,1.543030,-3.474466,0.194800,-1.521274,782.000000,1.533695,277.297059,0.132614,-0.127723,0.184119,1.558063,
11611,273,1.243497,-9.880853,0.012763,1.917485,774.000000,1.917527,89.618631,,,,3.081432,3.842782
11621,273,1.248602,-9.113859,-0.024537,1.666657,774.666667,1.666837,90.843479,-0.055951,-0.376242,0.380379,3.019977,3.767952
11631,273,1.223867,-8.547527,0.106939,1.505519,775.333333,1.509312,85.937046,0.197214,-0.241707,0.311954,3.027900,3.498266
11641,273,1.334153,-7.909444,0.206990,1.622850,776.000000,1.635997,82.731314,0.150078,0.175996,0.231296,2.960120,2.965789
11651,273,1.389459,-7.249247,0.248544,1.539883,776.666667,1.559812,80.831270,0.062331,-0.124451,0.139188,2.874365,
11661,273,1.532989,-6.677538,0.416699,1.646862,777.333333,1.698763,75.800684,0.252233,0.160470,0.298951,2.867474,
11671,273,1.722819,-5.931757,0.323151,1.649335,778.000000,1.680694,78.914566,-0.140322,0.003709,0.140371,2.667243,
11681,273,1.791510,-5.358070,0.245923,1.525124,778.666667,1.544824,80.840041,-0.115843,-0.186317,0.219394,2.664848,
11691,273,1.919557,-4.711658,0.229310,1.647679,779.333333,1.663559,82.076935,-0.024918,0.183833,0.185514,2.600650,
11701,273,1.974958,-4.039926,0.159893,1.650422,780.000000,1.658149,84.466441,-0.104126,0.004114,0.104207,2.308193,
11711,273,2.047471,-3.391321,0.163654,1.721001,780.666667,1.728765,84.567952,0.005641,0.105869,0.106019,1.217952,
11721,273,2.105881,-2.663125,0.003472,1.737556,781.333333,1.737559,89.885512,-0.240273,0.024832,0.241553,0.672107,
11731,273,2.050249,-2.001276,-0.139080,1.654623,782.000000,1.660458,94.804717,-0.213828,-0.124399,0.247381,1.558063,
11611,274,3.748742,-8.086703,-0.000945,1.668451,774.000000,1.668451,90.032463,,,,3.081432,
11621,274,3.748364,-7.419323,-0.174316,1.755125,774.666667,1.763760,95.671920,-0.260056,0.130011,0.290744,3.019977,
11631,274,3.609289,-6.682603,-0.174247,1.754948,775.333333,1.763577,95.670250,0.000104,-0.000265,0.000285,3.027900,
11641,274,3.608966,-6.015364,-0.110463,1.702237,776.000000,1.705817,93.712868,0.095676,-0.079067,0.124119,2.960120,
11651,274,3.520919,-5.320814,-0.192800,1.832562,776.666667,1.842676,96.005875,-0.123506,0.195488,0.231234,2.874365,
11661,274,3.454726,-4.549315,-0.084365,1.773291,777.333333,1.775297,92.723814,0.162653,-0.088905,0.185365,2.867474,
11671,274,3.453427,-3.902181,-0.155048,1.708301,778.000000,1.715323,95.186030,-0.106024,-0.097485,0.144029,2.667243,
11681,274,3.330688,-3.182674,-0.132732,1.705314,778.666667,1.710472,94.450590,0.033474,-0.004480,0.033773,2.664848,
11691,274,3.347242,-2.537929,0.067491,1.680932,779.333333,1.682287,87.700741,0.300334,-0.036573,0.302553,2.284234,
11701,274,3.384681,-1.837928,-0.152491,1.757987,780.000000,1.764588,94.957523,-0.329973,0.115582,0.349631,1.916099,
11711,274,3.225249,-1.131539,-0.136596,1.632435,780.666667,1.638140,94.783142,0.023843,-0.188328,0.189831,2.132876,
11721,274,3.275405,-0.531980,0.019240,1.611237,781.333333,1.611352,89.315863,0.233753,-0.031797,0.235906,2.430960,
11731,274,3.240641,0.157450,-0.071153,1.598896,782.000000,1.600478,92.548058,-0.135589,-0.018512,0.136847,2.465184,
11741,274,3.218482,0.747137,-0.055397,1.474217,782.666667,1.475257,92.151987,0.023635,-0.187019,0.188507,,
11771,275,3.067032,2.608370,-0.050127,1.570619,784.666667,1.571419,91.827988,,,,2.114231,
11781,275,3.046981,3.236618,-0.280306,1.491827,785.333333,1.517932,100.641505,-0.345270,-0.118189,0.364938,1.816529,
11791,275,2.842787,3.801832,-0.510486,1.413034,786.000000,1.502419,109.863244,-0.345270,-0.118189,0.364938,1.968850,
11771,276,2.108361,0.723982,-0.187134,1.611223,784.666667,1.622054,96.624870,,,,1.966291,
11781,276,2.033508,1.368471,-0.075784,1.543736,785.333333,1.545595,92.810451,0.167025,-0.101230,0.195307,1.876636,
11791,276,2.047734,1.958970,-0.012757,1.434553,786.000000,1.434610,90.509511,0.094539,-0.163774,0.189102,1.139718,
11801,276,2.023302,2.516113,-0.081186,1.445705,786.666667,1.447982,93.214149,-0.102642,0.016727,0.103996,0.986325,
11811,276,1.982786,3.115534,0.106541,1.509284,787.333333,1.513039,85.962151,0.281590,0.095368,0.297302,1.869384,
11821,276,2.108535,3.723540,0.314373,1.520015,788.000000,1.552184,78.314723,0.311747,0.016097,0.312162,3.039784,
11771,277,0.273798,1.431568,-0.127514,-1.390305,784.666667,1.396141,264.759671,,,,1.966291,9.486337
11781,277,0.222792,0.875446,-0.080187,-1.398506,785.333333,1.400803,266.718369,0.070990,-0.012300,0.072048,1.876636,
11791,277,0.209648,0.312763,-0.032876,-1.407358,786.000000,1.407742,268.661819,0.070968,-0.013279,0.072199,2.467501,9.659566
11801,277,0.196492,-0.250441,-0.101281,-1.348786,786.666667,1.352583,265.705681,-0.102608,0.087859,0.135084,2.506966,
11811,277,0.128623,-0.766265,-0.125134,-1.347320,787.333333,1.353119,264.693821,-0.035779,0.002198,0.035846,2.432523,
11821,277,0.096385,-1.328297,0.109533,-1.429860,788.000000,1.434049,274.380525,0.352000,-0.123810,0.373139,2.415131,
11831,277,0.216250,-1.910153,0.183721,-1.388926,788.666667,1.401025,277.535067,0.111281,0.061401,0.127097,2.288267,5.676679
11841,277,0.243361,-2.439438,0.041183,-1.370812,789.333333,1.371431,271.720801,-0.213806,0.027171,0.215526,2.176301,
11851,277,0.249196,-3.006803,0.134609,-1.406533,790.000000,1.412960,275.466694,0.140139,-0.053582,0.150033,2.091736,5.889851
11861,277,0.351048,-3.564665,0.220797,-1.567247,790.666667,1.582723,278.019157,0.129282,-0.241070,0.273548,1.967040,
11871,277,0.425833,-4.260600,-0.105412,-1.432602,791.333333,1.436475,265.791712,-0.489313,0.201967,0.529356,1.984098,
11881,277,0.266719,-4.710746,-0.123226,-1.330377,792.000000,1.336072,264.708105,-0.026720,0.153337,0.155647,1.874573,
11891,277,0.327253,-5.324902,0.008878,-1.522929,792.666667,1.522955,270.333998,0.198155,-0.288827,0.350266,1.814421,
11901,277,0.273821,-5.929089,-0.179874,-1.482774,793.333333,1.493644,263.083305,-0.283127,0.060233,0.289463,1.771759,
11911,277,0.183354,-6.511121,-0.079093,-1.391327,794.000000,1.393573,266.746392,0.151171,0.137171,0.204129,1.732862,
11921,277,0.210546,-7.042151,-0.131421,-1.466983,794.666667,1.472858,264.880790,-0.078491,-0.113485,0.137985,1.593324,
11931,277,0.078217,-7.684708,-0.192166,-1.694078,795.333333,1.704942,263.528386,-0.091118,-0.340642,0.352618,1.590778,
11941,277,0.056814,-8.397413,0.028313,-1.608504,796.000000,1.608753,271.008407,0.330717,0.128361,0.354754,1.626304,
11951,277,0.100867,-8.971511,0.157856,-1.437367,796.666667,1.446009,276.267263,0.194314,0.256705,0.321956,1.423510,2.231638
11961,277,0.183098,-9.547307,0.205577,-1.439489,797.333333,1.454094,278.127605,0.071582,-0.003182,0.071653,1.265383,1.730283
11771,278,1.326067,3.988381,-0.230254,-1.597114,784.666667,1.613627,261.796268,,,,2.221573,9.486337
11781,278,1.233966,3.349535,-0.159531,-1.586714,785.333333,1.594714,264.258686,0.106085,0.015600,0.107226,1.816529,
11791,278,1.198443,2.719010,-0.113495,-1.598279,786.000000,1.602304,265.938198,0.069053,-0.017347,0.071199,1.139718,9.659566
11801,278,1.143170,2.070912,-0.020682,-1.615762,786.666667,1.615895,269.266661,0.139220,-0.026225,0.141669,0.986325,
11811,278,1.181898,1.426400,0.053150,-1.554609,787.333333,1.555517,271.958089,0.110747,0.091730,0.143803,1.869384,
11821,278,1.185689,0.827225,-0.017936,-1.569251,788.000000,1.569353,269.345158,-0.106628,-0.021962,0.108867,2.415131,
11831,278,1.167549,0.170999,0.047621,-1.654642,788.666667,1.655327,271.648520,0.098335,-0.128087,0.161481,2.248755,5.676679
11841,278,1.223786,-0.496489,0.070884,-1.659037,789.333333,1.660551,272.446546,0.034896,-0.006593,0.035513,1.544597,
11851,278,1.224256,-1.156230,0.047658,-1.655924,790.000000,1.656610,271.648520,-0.034840,0.004670,0.035152,1.683079,5.889851
11861,278,1.261912,-1.821228,0.117358,-1.665306,790.666667,1.669436,274.031108,0.104551,-0.014073,0.105494,1.967040,
11871,278,1.318143,-2.488475,0.092753,-1.687378,791.333333,1.689925,273.146302,-0.036908,-0.033107,0.049581,1.984098,
11881,278,1.336114,-3.171130,0.136346,-1.741807,792.000000,1.747135,274.475890,0.065389,-0.081644,0.104601,1.874573,
11891,278,1.427219,-3.881921,0.111797,-1.764519,792.666667,1.768057,273.625336,-0.036822,-0.034068,0.050165,1.814421,
11901,278,1.425552,-4.582745,-0.027376,-1.750673,793.333333,1.750887,269.104122,-0.208760,0.020768,0.209790,1.771759,
11911,278,1.405319,-5.282459,-0.005559,-1.779297,794.000000,1.779306,269.820984,0.032725,-0.042937,0.053986,1.732862,
11921,278,1.421105,-6.006183,-0.054846,-1.827606,794.666667,1.828428,268.281086,-0.073930,-0.072462,0.103520,1.593324,
11931,278,1.361442,-6.744544,-0.053445,-1.804231,795.333333,1.805023,268.303271,0.002101,0.035062,0.035124,1.590778,
11941,278,1.378349,-7.449568,-0.056383,-1.857514,796.000000,1.858370,268.261382,-0.004406,-0.079924,0.080046,1.626304,
11951,278,1.316336,-8.230555,-0.124899,-1.830179,796.666667,1.834436,266.095957,-0.102774,0.041002,0.110651,1.423510,2.231638
11961,278,1.278430,-8.913711,-0.094765,-1.707891,797.333333,1.710518,266.824095,0.045200,0.183433,0.188919,1.265383,1.730283
11771,279,1.419168,-5.704993,0.388854,-1.386855,784.666667,1.440338,285.662729,,,,1.584957,
11781,279,1.574710,-6.259735,0.275619,-1.326308,785.333333,1.354643,281.739522,-0.169852,0.090821,0.192609,2.166887,
11791,279,1.639664,-6.766040,0.091623,-1.285259,786.000000,1.288521,274.077564,-0.275995,0.061573,0.282780,2.645908,
11801,279,1.648008,-7.287943,0.139128,-1.262801,786.666667,1.270442,276.287152,0.071258,0.033687,0.078820,2.020973,
11811,279,1.750966,-7.776281,0.255826,-1.244856,787.333333,1.270871,281.612977,0.175047,0.026917,0.177105,1.852371,
11821,279,1.852669,-8.283828,0.180933,-1.338921,788.000000,1.351091,277.695961,-0.112339,-0.141098,0.180357,2.347888,
11831,279,1.895713,-8.847418,0.223912,-1.389621,788.666667,1.407545,279.153497,0.064469,-0.076050,0.099698,3.215157,
11841,279,2.031799,-9.395524,0.340215,-1.370267,789.333333,1.411871,283.943656,0.174454,0.029031,0.176853,4.200248,
11771,280,2.885400,-5.103119,-0.013308,1.432386,784.666667,1.432447,90.532317,,,,0.656757,3.576329
11781,280,2.880077,-4.530164,0.013151,1.503061,785.333333,1.503119,89.498721,0.039688,0.106013,0.113199,0.649008,0.639507
11791,280,2.895920,-3.900670,-0.027856,1.580622,786.000000,1.580867,91.009648,-0.061510,0.116341,0.131601,0.596562,
11801,280,2.857792,-3.265667,-0.120480,1.541328,786.666667,1.546030,94.469497,-0.138935,-0.058940,0.150920,0.582980,
11811,280,2.799537,-2.667607,-0.099301,1.514255,787.333333,1.517507,93.751946,0.031768,-0.040610,0.051559,0.590251,
11821,280,2.778351,-2.054263,-0.099334,1.514720,788.000000,1.517973,93.752043,-0.000050,0.000697,0.000699,0.602395,
11831,280,2.720070,-1.455831,-0.080770,1.438185,788.666667,1.440452,93.214421,0.027846,-0.114801,0.118130,0.646699,
11841,280,2.713735,-0.903715,-0.037035,1.407592,789.333333,1.408079,91.507160,0.065603,-0.045891,0.080060,0.637750,1.921041
11851,280,2.690441,-0.329758,-0.101988,1.465949,790.000000,1.469493,93.979746,-0.097430,0.087536,0.130978,0.629377,
11861,280,2.632144,0.269045,-0.079431,1.462369,790.666667,1.464524,93.109068,0.033836,-0.005370,0.034259,0.641762,
11871,280,2.626896,0.840137,-0.035662,1.431000,791.333333,1.431444,91.427562,0.065654,-0.047054,0.080775,0.640029,
11881,280,2.603615,1.413844,-0.124566,1.469911,792.000000,1.475180,94.843887,-0.133356,0.058367,0.145570,0.619930,
11891,280,2.527244,2.016066,-0.080748,1.437789,792.666667,1.440055,93.214432,0.065726,-0.048183,0.081496,0.657562,
11901,280,2.539016,2.564075,0.029431,1.370024,793.333333,1.370340,88.769356,0.165269,-0.101647,0.194026,0.689447,
11771,281,3.442518,-5.450897,-0.011033,1.473368,784.666667,1.473409,90.429029,,,,0.656757,3.576329
11781,281,3.438105,-4.861550,-0.076477,1.504305,785.333333,1.506248,92.910346,-0.098167,0.046407,0.108583,0.649008,0.639507
11791,281,3.381336,-4.247452,-0.140651,1.559973,786.000000,1.566301,95.152008,-0.096261,0.083502,0.127431,0.596562,
11801,281,3.325584,-3.613571,-0.118421,1.558034,786.666667,1.562528,94.346518,0.033345,-0.002908,0.033472,0.582980,
11811,281,3.286599,-3.001025,-0.076475,1.504316,787.333333,1.506259,92.910258,0.062919,-0.080577,0.102233,0.590251,
11821,281,3.264403,-2.410118,-0.056787,1.452765,788.000000,1.453875,92.238500,0.029532,-0.077326,0.082774,0.602395,
11831,281,3.241169,-1.838813,-0.035786,1.425088,788.666667,1.425537,91.438475,0.031502,-0.041516,0.052114,0.646699,
11841,281,3.235774,-1.270048,-0.034466,1.448953,789.333333,1.449363,91.362629,0.001980,0.035798,0.035853,0.637750,1.921041
11851,281,3.213596,-0.679650,-0.101352,1.458165,790.000000,1.461683,93.976027,-0.100329,0.013817,0.101276,0.629377,
11861,281,3.154693,-0.103516,0.048027,1.728065,790.666667,1.728732,88.408015,0.224069,0.404850,0.462721,0.641762,
11871,281,3.252018,0.702802,0.071707,1.748219,791.333333,1.749689,87.651219,0.035519,0.030231,0.046642,0.640029,
11881,281,3.212058,1.295060,-0.099906,1.480740,792.000000,1.484107,93.859908,-0.257419,-0.401218,0.476698,0.619930,
11891,281,3.172093,1.887394,0.011416,1.461429,792.666667,1.461473,89.552430,0.166983,-0.028967,0.169477,0.657562,
11901,281,3.221191,2.464203,0.053350,1.404623,793.333333,1.405636,87.824847,0.062901,-0.085209,0.105911,0.689447,
11911,281,3.214774,3.011093,-0.016045,1.367225,794.000000,1.367319,90.672347,-0.104092,-0.056097,0.118246,4.300546,
11791,282,3.505593,-8.641977,0.033409,1.474774,786.000000,1.475152,88.702275,,,,2.645908,
11801,282,3.518956,-8.052067,0.080434,1.519826,786.666667,1.521953,86.970550,0.070538,0.067578,0.097685,2.020973,
11811,282,3.569940,-7.426116,0.131221,1.636760,787.333333,1.642012,85.416321,0.076181,0.175401,0.191230,1.852371,
11821,282,3.623933,-6.742659,0.063204,1.615076,788.000000,1.616312,87.758940,-0.102026,-0.032527,0.107085,2.347888,
11831,282,3.620503,-6.134055,-0.007280,1.545391,788.666667,1.545408,90.269914,-0.105726,-0.104528,0.148674,3.215157,
11841,282,3.618109,-5.506347,-0.005983,1.568718,789.333333,1.568729,90.218532,0.001945,0.034991,0.035045,4.200248,
11851,282,3.615717,-4.879081,0.012298,1.492294,790.000000,1.492345,89.527834,0.027422,-0.114635,0.117870,3.852128,
11861,282,3.627947,-4.312511,-0.252675,1.545104,790.666667,1.565628,99.287511,-0.397459,0.079215,0.405276,3.361152,
11871,282,3.413577,-3.642998,-0.362460,1.582772,791.333333,1.623744,102.898512,-0.164678,0.056501,0.174101,2.392439,
11881,282,3.337980,-3.046294,-0.257299,1.476341,792.000000,1.498595,99.886307,0.157741,-0.159646,0.224430,2.005754,
11891,282,3.207737,-2.461925,-0.303571,1.459521,792.666667,1.490757,101.749629,-0.069407,-0.025231,0.073851,2.277418,
11901,282,3.095123,-1.878677,-0.168521,1.468515,793.333333,1.478153,96.546397,0.202575,0.013491,0.203024,3.177963,
11911,282,3.072921,-1.287113,-0.055499,1.478731,794.000000,1.479772,92.149374,0.169533,0.015324,0.170225,4.300546,
11921,282,3.050724,-0.695692,-0.033118,1.475061,794.666667,1.475433,91.286193,0.033571,-0.005505,0.034019,5.554905,
11931,282,3.046426,-0.107064,0.041815,1.609797,795.333333,1.610340,88.512055,0.112400,0.202104,0.231257,6.848015,
11941,282,3.084176,0.592145,0.041808,1.608472,796.000000,1.609015,88.511073,-0.000010,-0.001988,0.001988,8.220644,
11951,282,3.079873,1.179713,0.031261,1.412582,796.666667,1.412928,88.732232,-0.015821,-0.293834,0.294260,8.583109,
11961,282,3.109185,1.722211,0.052248,1.383413,797.333333,1.384400,87.837098,0.031481,-0.043753,0.053902,8.490361,
11971,282,3.121671,2.286444,-0.013378,1.417901,798.000000,1.417964,90.540591,-0.098440,0.051731,0.111205,8.459492,
11981,282,3.098482,2.856531,-0.040899,1.324407,798.666667,1.325038,91.768789,-0.041281,-0.140240,0.146190,8.394855,
11991,282,3.088952,3.345969,-0.023825,1.223596,799.333333,1.223828,91.115460,0.025612,-0.151217,0.153370,8.244178,
11921,283,3.600058,-9.218479,0.033270,1.474531,794.666667,1.474906,88.707444,,,,3.881582,
11931,283,3.613366,-8.628666,-0.032080,1.502668,795.333333,1.503011,91.222991,-0.098025,0.042206,0.106725,2.936168,
11941,283,3.574394,-8.016344,-0.029482,1.550537,796.000000,1.550818,91.089291,0.003897,0.071804,0.071909,2.268006,
11951,283,3.589780,-7.388236,-0.028163,1.574677,796.666667,1.574929,91.024628,0.001978,0.036210,0.036264,2.424469,
11961,283,3.551864,-6.756602,-0.097388,1.530240,797.333333,1.533336,93.641507,-0.103837,-0.066655,0.123390,3.133947,
11971,283,3.511871,-6.164044,-0.119633,1.532377,798.000000,1.537040,94.464032,-0.033368,0.003205,0.033522,8.459492,
11981,283,3.456158,-5.530701,-0.183850,1.588064,798.666667,1.598671,96.603729,-0.096326,0.083531,0.127499,8.394855,
11991,283,3.364790,-4.893593,-0.228418,1.592769,799.333333,1.609065,98.161092,-0.066851,0.007058,0.067223,8.244178,
12441,284,0.950956,1.663463,0.181917,-1.778044,829.333333,1.787326,275.841766,,,,0.488849,
12451,284,1.023723,0.952245,0.085857,-1.813207,830.000000,1.815239,272.710994,-0.144089,-0.052744,0.153439,0.488479,
12461,284,1.019642,0.212897,0.040632,-1.781336,830.666667,1.781800,271.306683,-0.067838,0.047806,0.082990,0.491516,
12471,284,1.056229,-0.472824,-0.004617,-1.751551,831.333333,1.751557,269.848972,-0.067874,0.044677,0.081258,0.509800,
12481,284,1.015949,-1.188344,-0.051261,-1.746414,832.000000,1.747167,268.318725,-0.069966,0.007706,0.070389,0.510803,
12491,284,1.015220,-1.869956,-0.100953,-1.793300,832.666667,1.796139,266.777947,-0.074538,-0.070328,0.102479,0.497077,
12501,284,0.935186,-2.622984,-0.174079,-1.837576,833.333333,1.845803,264.588338,-0.109689,-0.066414,0.128228,0.549239,
12511,284,0.875956,-3.340016,-0.032365,-1.831677,834.000000,1.831963,268.987701,0.212571,0.008847,0.212755,0.536098,
12521,284,0.909294,-4.088325,0.010215,-1.914290,834.666667,1.914318,270.305742,0.063871,-0.123920,0.139411,0.532714,
12531,284,0.884128,-4.871448,-0.013204,-1.913164,835.333333,1.913209,269.604583,-0.035128,0.001690,0.035169,0.519842,
12541,284,0.898731,-5.618856,-0.058813,-1.886611,836.000000,1.887527,268.214446,-0.068414,0.039829,0.079163,0.525726,
12551,284,0.837078,-6.380737,-0.176426,-1.879857,836.666667,1.888117,264.638460,-0.176419,0.010131,0.176710,0.527518,
12561,284,0.757590,-7.122742,-0.136730,-2.013358,837.333333,2.017995,266.114940,0.059544,-0.200251,0.208917,0.533803,
12571,284,0.727694,-7.991423,-0.064862,-1.996516,838.000000,1.997569,268.139251,0.107801,0.025263,0.110722,0.602808,
12581,284,0.705701,-8.719954,0.133604,-1.831783,838.666667,1.836649,274.171587,0.297700,0.247099,0.386889,0.623006,0.434060
12591,284,0.834578,-9.456850,0.067225,-1.753834,839.333333,1.755122,272.195100,-0.099569,0.116923,0.153574,0.568666,
12601,284,0.759481,-10.123022,-0.187743,-1.665430,840.000000,1.675979,263.568239,-0.382452,0.132606,0.404789,8.185036,
12441,285,1.439402,1.683317,0.180594,-1.769077,829.333333,1.778271,275.828773,,,,0.488849,
12451,285,1.511639,0.975686,0.086889,-1.779362,830.000000,1.781482,272.795620,-0.140557,-0.015426,0.141401,0.488479,
12461,285,1.508913,0.259828,0.065182,-1.750907,830.666667,1.752120,272.131987,-0.032561,0.042681,0.053683,0.491516,
12471,285,1.563784,-0.425040,0.019033,-1.745720,831.333333,1.745824,270.624665,-0.069222,0.007781,0.069658,0.509800,
12481,285,1.524139,-1.136748,-0.071936,-1.709404,832.000000,1.710916,267.590258,-0.136455,0.054474,0.146926,0.510803,
12491,285,1.506235,-1.792563,-0.053069,-1.789292,832.666667,1.790079,268.301150,0.028301,-0.119833,0.123130,0.497077,
12501,285,1.481684,-2.568182,-0.125401,-1.833194,833.333333,1.837478,266.086746,-0.108497,-0.065853,0.126918,0.549239,
12511,285,1.405915,-3.259118,-0.054590,-1.818784,834.000000,1.819603,268.280823,0.106217,0.021616,0.108394,0.536098,
12521,285,1.438013,-4.023209,-0.012508,-1.901413,834.666667,1.901454,269.623094,0.063122,-0.123944,0.139092,0.532714,
12531,285,1.395908,-4.780248,-0.032905,-1.850609,835.333333,1.850901,268.981357,-0.030595,0.076206,0.082119,0.519842,
12541,285,1.411689,-5.503696,-0.056240,-1.851417,836.000000,1.852271,268.260081,-0.035003,-0.001212,0.035023,0.525726,
12551,285,1.350917,-6.261382,-0.154880,-1.946354,836.666667,1.952507,265.450320,-0.147960,-0.142406,0.205357,0.527518,
12561,285,1.287785,-7.060779,-0.041455,-2.008395,837.333333,2.008823,268.817541,0.170137,-0.093061,0.193925,0.533803,
12571,285,1.317753,-7.868098,0.014793,-1.838793,838.000000,1.838853,270.460945,0.084372,0.254402,0.268028,0.602808,
12581,285,1.299620,-8.531814,0.103793,-1.919933,838.666667,1.922736,273.094435,0.133499,-0.121709,0.180652,0.623006,0.434060
12591,285,1.400787,-9.404044,0.252918,-2.180575,839.333333,2.195193,276.615988,0.223687,-0.390963,0.450431,0.568666,
12451,286,-0.259808,-3.172473,-0.023061,1.274492,830.000000,1.274700,91.036594,,,,4.319809,
12461,286,-0.269033,-2.662676,0.005288,1.347000,830.666667,1.347010,89.775072,0.042523,0.108762,0.116780,3.151128,
12471,286,-0.255578,-2.094873,-0.036822,1.453319,831.333333,1.453785,91.451362,-0.063165,0.159478,0.171531,2.086116,
12481,286,-0.298490,-1.500021,0.009646,1.420744,832.000000,1.420777,89.610987,0.069702,-0.048862,0.085123,1.350886,
12491,286,-0.247861,-0.958277,0.151831,1.375026,832.666667,1.383383,83.698903,0.213277,-0.068577,0.224031,1.557732,
12501,286,-0.177026,-0.400000,0.103821,1.379581,833.333333,1.383482,85.696297,-0.072015,0.006832,0.072338,2.485693,9.804368
12511,286,-0.164804,0.145387,0.124534,1.323365,834.000000,1.329212,84.624054,0.031070,-0.084323,0.089865,3.637474,
12521,286,-0.077398,0.658692,0.172094,1.314210,834.666667,1.325430,82.539627,0.071340,-0.013733,0.072650,1.872546,
12531,286,-0.027129,1.196755,-0.010041,1.492288,835.333333,1.492322,90.385531,-0.273204,0.267116,0.382088,1.428646,1.377511
12541,286,-0.085431,1.852522,0.012280,1.461657,836.000000,1.461708,89.518650,0.033482,-0.045947,0.056852,0.920573,1.262279
12551,286,-0.017305,2.366081,0.144953,1.261807,836.666667,1.270106,83.446752,0.199009,-0.299774,0.359818,0.833492,
12561,286,0.030531,2.861968,0.048266,1.251480,837.333333,1.252411,87.791358,-0.145030,-0.015490,0.145855,1.012247,0.595361
12571,286,0.021308,3.367265,0.094171,1.216306,838.000000,1.219947,85.572782,0.068857,-0.052761,0.086747,0.800025,0.218105
12581,286,0.105868,3.835013,0.116436,1.185891,838.666667,1.191594,84.392440,0.033397,-0.045623,0.056540,0.558448,
12591,286,0.114457,4.315978,0.021472,1.202411,839.333333,1.202603,88.976954,-0.142446,0.024780,0.144585,0.587046,
12451,287,3.653394,-5.176552,-0.271977,1.594161,830.000000,1.617195,99.681916,,,,2.228047,
12461,287,3.544603,-4.538888,-0.142829,1.507878,830.666667,1.514628,95.411026,0.193722,-0.129423,0.232977,2.180712,
12471,287,3.539130,-3.970249,-0.034566,1.448042,831.333333,1.448454,91.367433,0.162395,-0.089755,0.185548,2.112138,
12481,287,3.516950,-3.380454,-0.012376,1.444673,832.000000,1.444726,90.490826,0.033285,-0.005054,0.033666,2.073023,
12491,287,3.529229,-2.814511,0.029391,1.389928,832.666667,1.390239,88.788630,0.062650,-0.082117,0.103288,2.014526,
12501,287,3.540463,-2.268512,-0.037116,1.397399,833.333333,1.397892,91.521445,-0.099760,0.011207,0.100387,1.913502,
12511,287,3.499537,-1.696592,-0.103619,1.405689,834.000000,1.409503,94.215878,-0.099755,0.012435,0.100527,1.831708,
12521,287,3.457568,-1.143961,-0.064445,1.302712,834.666667,1.304305,92.832087,0.058762,-0.154466,0.165265,1.857625,
12531,287,3.447981,-0.654422,-0.063151,1.327003,835.333333,1.328505,92.724589,0.001941,0.036437,0.036488,1.836202,
12541,287,3.407047,-0.082358,-0.057951,1.423416,836.000000,1.424595,92.331377,0.007799,0.144619,0.144829,1.918589,
12551,287,3.401620,0.484310,-0.038344,1.371505,836.666667,1.372041,91.601448,0.029410,-0.077866,0.083235,2.110151,
12561,287,3.376371,1.014846,0.052943,1.404383,837.333333,1.405381,87.841075,0.136930,0.049317,0.145541,2.224940,
12571,287,3.443974,1.607817,0.124581,1.488489,838.000000,1.493694,85.215697,0.107458,0.126160,0.165721,2.472226,
12581,287,3.476037,2.205637,-0.017450,1.340834,838.666667,1.340948,90.745627,-0.213047,-0.221483,0.307317,2.712097,
12591,287,3.430014,2.680484,-0.087745,1.279567,839.333333,1.282572,93.922866,-0.105443,-0.091901,0.139871,2.804900,
12601,287,3.405840,3.229291,-0.046045,1.223454,840.000000,1.224320,92.155335,0.062550,-0.084169,0.104866,3.034340,
12611,287,3.393178,3.659248,-0.031656,1.074892,840.666667,1.075358,91.686880,0.021584,-0.222843,0.223886,3.166319,
12451,288,3.090809,-7.332402,-0.179867,1.692814,830.000000,1.702343,96.065121,,,,2.228047,
12461,288,3.018862,-6.655277,-0.181251,1.668829,830.666667,1.678643,96.198583,-0.002075,-0.035978,0.036038,2.180712,
12471,288,2.945808,-5.997339,-0.139012,1.616704,831.333333,1.622670,94.914471,0.063359,-0.078187,0.100636,2.112138,
12481,288,2.907653,-5.361913,-0.050391,1.584118,832.000000,1.584919,91.821985,0.132931,-0.048880,0.141633,1.687133,
12491,288,2.905495,-4.730045,-0.070235,1.635310,832.666667,1.636818,92.459277,-0.029765,0.076788,0.082355,1.705983,
12501,288,2.851465,-4.053665,-0.180162,1.696339,833.333333,1.705879,96.062456,-0.164891,0.091543,0.188598,1.758863,9.804368
12511,288,2.761365,-3.372974,-0.345016,1.593603,834.000000,1.630524,102.216034,-0.247281,-0.154104,0.291369,1.360224,
12521,288,2.575452,-2.778783,-0.529635,1.570102,834.666667,1.657025,108.640548,-0.276928,-0.035252,0.279163,1.685931,
12531,288,2.337657,-2.116893,-0.554151,1.578372,835.333333,1.672824,109.345668,-0.036774,0.012405,0.038810,1.836202,
12541,288,2.132131,-1.516085,-0.587572,1.440288,836.000000,1.555529,112.193212,-0.050132,-0.207125,0.213106,1.872189,3.809640
12551,288,1.867600,-0.964662,-0.592457,1.396725,836.666667,1.517184,112.985501,-0.007329,-0.065345,0.065754,1.861069,3.469015
12561,288,1.658165,-0.398705,-0.504201,1.364691,837.333333,1.454854,110.277325,0.132385,-0.048051,0.140836,1.890552,
12571,288,1.464239,0.127091,-0.530659,1.348566,838.000000,1.449217,111.479564,-0.039687,-0.024187,0.046477,1.824247,2.538110
12581,288,1.233638,0.680147,-0.510584,1.324912,838.666667,1.419890,111.075279,0.030112,-0.035481,0.046536,1.844699,2.734108
12591,288,1.055772,1.187020,-0.519714,1.206209,839.333333,1.313409,113.309530,-0.013694,-0.178054,0.178580,1.840813,2.454160
12601,288,0.817867,1.645115,-0.503528,1.107261,840.000000,1.216375,114.453727,0.024278,-0.148423,0.150395,1.709732,1.822305
12611,288,0.652949,2.072829,-0.458578,1.103725,840.666667,1.195199,112.562014,0.067426,-0.005304,0.067634,1.531686,1.324864
12621,288,0.451005,2.528095,-0.538020,0.995051,841.333333,1.131191,118.399896,-0.119163,-0.163010,0.201921,1.312093,1.051560
12631,288,0.222534,2.868870,-0.342298,0.687317,842.000000,0.767837,116.474274,0.293582,-0.461601,0.547052,1.186113,1.080672
12641,288,0.177166,3.077948,-0.180302,0.610268,842.666667,0.636346,106.459580,0.242995,-0.115573,0.269080,1.206547,0.888931
12651,288,0.078292,3.357084,-0.197702,0.311803,843.333333,0.369198,122.377171,-0.026101,-0.447698,0.448458,0.870770,0.779592
12661,288,0.019005,3.327391,-0.094992,0.016971,844.000000,0.096496,169.870536,0.154065,-0.442248,0.468315,0.932911,7.521080
12671,288,0.002299,3.370661,-0.019442,0.079012,844.666667,0.081369,103.823938,0.113325,0.093062,0.146639,0.819542,1.153817
12681,288,0.003451,3.390601,0.001440,0.024924,845.333333,0.024966,86.692685,0.031324,-0.081132,0.086969,0.770706,2.339649
12691,288,0.003451,3.390601,0.000000,0.000000,846.000000,0.000000,0.000000,-0.002160,-0.037386,0.037449,0.754772,4.276003
12701,288,0.003451,3.390601,0.000000,0.000000,846.666667,0.000000,0.000000,0.000000,0.000000,0.000000,0.739036,7.751804
12711,288,0.003451,3.390601,0.000000,0.000000,847.333333,0.000000,0.000000,0.000000,0.000000,0.000000,0.739036,
12721,288,0.003451,3.390601,0.000000,0.000000,848.000000,0.000000,0.000000,0.000000,0.000000,0.000000,0.739036,
12731,288,0.003451,3.390601,0.000000,0.000000,848.666667,0.000000,0.000000,0.000000,0.000000,0.000000,0.739036,
12741,288,0.003451,3.390601,0.176174,0.144493,849.333333,0.227850,39.357498,0.264262,0.216739,0.341775,0.739036,
12751,288,0.144390,3.506195,0.352349,0.288985,850.000000,0.455699,39.357498,0.264262,0.216739,0.341775,0.748854,
12481,289,2.979775,-7.047504,-0.008099,1.532391,832.000000,1.532413,90.302813,,,,1.687133,
12491,289,2.976535,-6.434548,-0.143093,1.543788,832.666667,1.550405,95.295571,-0.202490,0.017095,0.203211,1.705983,
12501,289,2.865301,-5.812474,-0.211965,1.525441,833.333333,1.540097,97.910775,-0.103309,-0.027520,0.106911,1.758863,
12511,289,2.806964,-5.214195,-0.095465,1.589772,834.000000,1.592636,93.436448,0.174750,0.096497,0.199623,1.816723,
12521,289,2.788929,-4.540656,-0.209745,1.577783,834.666667,1.591663,97.572319,-0.171421,-0.017984,0.172362,1.446626,
12531,289,2.639167,-3.951969,-0.328204,1.492951,835.333333,1.528600,102.398427,-0.177687,-0.127249,0.218552,1.493901,
12541,289,2.526366,-3.346296,-0.328986,1.496274,836.000000,1.532015,102.400323,-0.001174,0.004986,0.005122,1.872189,
12551,289,2.375978,-2.754949,-0.495836,1.395983,836.666667,1.481426,109.554403,-0.250275,-0.150437,0.292008,1.861069,4.905588
12561,289,2.129698,-2.229509,-0.472858,1.421916,837.333333,1.498479,108.394524,0.034467,0.038899,0.051972,1.890552,
12571,289,1.997692,-1.617417,-0.357376,1.460986,838.000000,1.504061,103.745382,0.173222,0.058606,0.182867,1.824247,
12581,289,1.843797,-1.060720,-0.387970,1.344186,838.666667,1.399055,106.099617,-0.045890,-0.175201,0.181111,1.844699,
12591,289,1.687317,-0.542068,-0.264081,1.503338,839.333333,1.526356,99.963113,0.185833,0.238728,0.302531,1.840813,
12601,289,1.632532,0.141950,-0.215794,1.548512,840.000000,1.563476,97.933383,0.072431,0.067762,0.099187,1.709732,9.807152
12611,289,1.514682,0.696742,-0.131851,1.387074,840.666667,1.393326,95.430025,0.125915,-0.242158,0.272938,1.623637,
12621,289,1.527051,1.251609,0.006480,1.365741,841.333333,1.365756,89.728156,0.207496,-0.031999,0.209949,1.669518,4.393115
12631,289,1.519866,1.789335,-0.157829,1.343013,842.000000,1.352255,96.702580,-0.246463,-0.034092,0.248810,1.687740,
12641,289,1.400788,2.326019,-0.202642,1.375875,842.666667,1.390718,98.378416,-0.067219,0.049293,0.083356,1.436192,
12651,289,1.357752,2.890035,-0.250730,1.361631,843.333333,1.384523,100.433531,-0.072132,-0.021366,0.075230,1.362040,
12661,289,1.200204,3.415324,-0.582140,1.325028,844.000000,1.447269,113.717889,-0.497116,-0.054904,0.500138,1.184468,
12671,289,0.892040,3.950057,-0.770410,1.336833,844.666667,1.542937,119.954635,-0.282405,0.017708,0.282960,1.061763,
12501,290,3.583566,-7.505718,-0.003371,1.621297,833.333333,1.621301,90.119125,,,,1.839288,
12511,290,3.582217,-6.857199,0.154365,1.656329,834.000000,1.663506,84.675589,0.236603,0.052547,0.242368,1.816723,
12521,290,3.707057,-6.180655,0.262272,1.595163,834.666667,1.616581,80.663125,0.161861,-0.091748,0.186056,1.879509,
12531,290,3.792035,-5.581069,0.170645,1.550001,835.333333,1.559366,83.717397,-0.137440,-0.067744,0.153229,1.995763,
12541,290,3.843574,-4.940655,0.268361,1.731055,836.000000,1.751733,81.187736,0.146573,0.271582,0.308610,1.998893,
12551,290,4.006724,-4.196224,0.244698,1.705248,836.666667,1.722716,81.833976,-0.035494,-0.038710,0.052520,2.176374,
12561,290,4.039332,-3.576456,0.232184,1.481737,837.333333,1.499818,81.094321,-0.018771,-0.335268,0.335793,2.233309,
12571,290,4.192471,-3.010835,0.382848,1.414053,838.000000,1.464963,74.850635,0.225996,-0.101526,0.247753,2.265826,
12511,291,2.717601,-8.555701,-0.183702,1.650141,834.000000,1.660335,96.352311,,,,1.905904,
12521,291,2.644120,-7.895645,-0.384232,1.740020,834.666667,1.781938,102.452255,-0.300795,0.134819,0.329626,2.017678,
12531,291,2.410215,-7.163685,-0.217270,1.878135,835.333333,1.890661,96.598853,0.250444,0.207173,0.325027,2.100976,
12541,291,2.470304,-6.393136,-0.059791,1.843803,836.000000,1.844772,91.857339,0.236218,-0.051498,0.241766,1.382668,
12551,291,2.362382,-5.688643,-0.201628,1.755902,836.666667,1.767440,96.550499,-0.212755,-0.131853,0.250299,1.162365,
12561,291,2.309002,-4.988415,-0.063785,1.768412,837.333333,1.769561,92.065698,0.206764,0.018765,0.207614,2.233309,
12571,291,2.311355,-4.273913,0.007224,1.810087,838.000000,1.810101,89.771329,0.106513,0.062513,0.123503,2.265826,
12581,291,2.314781,-3.540346,0.142183,1.767701,838.666667,1.773410,85.401367,0.202439,-0.063579,0.212188,2.523959,
12591,291,2.425101,-2.859753,0.120763,1.792415,839.333333,1.796479,86.145565,-0.032131,0.037072,0.049058,1.274607,1.020125
12601,291,2.411392,-2.106414,-0.202692,1.732210,840.000000,1.744029,96.674033,-0.485182,-0.090307,0.493515,1.069257,2.137655
12611,291,2.262948,-1.473985,-0.024964,1.633502,840.666667,1.633693,90.875571,0.266591,-0.148062,0.304948,1.098777,2.011652
12621,291,2.391420,-0.799612,0.139461,1.709621,841.333333,1.715300,85.336485,0.246637,0.114179,0.271785,0.848174,0.584388
12631,291,2.374516,-0.106287,-0.022256,1.680524,842.000000,1.680672,90.758754,-0.242575,-0.043646,0.246470,0.757040,1.256351
12641,291,2.373615,0.544807,-0.071619,1.613608,842.666667,1.615196,92.541368,-0.074044,-0.100375,0.124731,0.747195,
12651,291,2.317221,1.184599,-0.006267,1.552721,843.333333,1.552734,90.231236,0.098029,-0.091329,0.133980,0.807967,
12661,291,2.368602,1.786984,0.129674,1.528963,844.000000,1.534452,85.152254,0.203911,-0.035637,0.207001,0.821788,
12671,291,2.420960,2.407770,0.130895,1.551963,844.666667,1.557473,85.178991,0.001832,0.034499,0.034548,0.793277,3.794732
12521,292,-0.850794,2.364063,0.000000,0.000000,834.666667,0.000000,0.000000,,,,1.680270,3.649674
12531,292,-0.850794,2.364063,0.000000,0.000000,835.333333,0.000000,0.000000,0.000000,0.000000,0.000000,1.428646,4.332491
12541,292,-0.850794,2.364063,0.000000,0.000000,836.000000,0.000000,0.000000,0.000000,0.000000,0.000000,0.920573,
12551,292,-0.850794,2.364063,0.000000,0.000000,836.666667,0.000000,0.000000,0.000000,0.000000,0.000000,0.833492,
12561,292,-0.850794,2.364063,0.000000,0.000000,837.333333,0.000000,0.000000,0.000000,0.000000,0.000000,1.012247,5.548704
12571,292,-0.850794,2.364063,0.000000,0.000000,838.000000,0.000000,0.000000,0.000000,0.000000,0.000000,1.329277,
12581,292,-0.850794,2.364063,0.000000,0.000000,838.666667,0.000000,0.000000,0.000000,0.000000,0.000000,1.680270,
12591,292,-0.850794,2.364063,0.000000,0.000000,839.333333,0.000000,0.000000,0.000000,0.000000,0.000000,1.680270,
12601,292,-0.850794,2.364063,0.000000,0.000000,840.000000,0.000000,0.000000,0.000000,0.000000,0.000000,1.680270,
12611,292,-0.850794,2.364063,0.000000,0.000000,840.666667,0.000000,0.000000,0.000000,0.000000,0.000000,1.531686,7.700434
12621,292,-0.850794,2.364063,0.000000,0.000000,841.333333,0.000000,0.000000,0.000000,0.000000,0.000000,1.312093,
12631,292,-0.850794,2.364063,0.000000,0.000000,842.000000,0.000000,0.000000,0.000000,0.000000,0.000000,1.186113,
12641,292,-0.850794,2.364063,0.000000,0.000000,842.666667,0.000000,0.000000,0.000000,0.000000,0.000000,1.251533,
12651,292,-0.850794,2.364063,0.000000,0.000000,843.333333,0.000000,0.000000,0.000000,0.000000,0.000000,1.359888,
12661,292,-0.850794,2.364063,0.000000,0.000000,844.000000,0.000000,0.000000,0.000000,0.000000,0.000000,1.297903,
12671,292,-0.850794,2.364063,0.000000,0.000000,844.666667,0.000000,0.000000,0.000000,0.000000,0.000000,1.319473,8.189133
12681,292,-0.850794,2.364063,0.000000,0.000000,845.333333,0.000000,0.000000,0.000000,0.000000,0.000000,1.335483,
12691,292,-0.850794,2.364063,0.000000,0.000000,846.000000,0.000000,0.000000,0.000000,0.000000,0.000000,1.335483,
12701,292,-0.850794,2.364063,0.000000,0.000000,846.666667,0.000000,0.000000,0.000000,0.000000,0.000000,1.335483,
12711,292,-0.850794,2.364063,0.000000,0.000000,847.333333,0.000000,0.000000,0.000000,0.000000,0.000000,1.335483,
12721,292,-0.850794,2.364063,0.000000,0.000000,848.000000,0.000000,0.000000,0.000000,0.000000,0.000000,1.335483,
12731,292,-0.850794,2.364063,0.000000,0.000000,848.666667,0.000000,0.000000,0.000000,0.000000,0.000000,1.335483,
12741,292,-0.850794,2.364063,0.000000,0.000000,849.333333,0.000000,0.000000,0.000000,0.000000,0.000000,1.335483,
12751,292,-0.850794,2.364063,0.000000,0.000000,850.000000,0.000000,0.000000,0.000000,0.000000,0.000000,1.514879,
12521,293,-0.810712,4.043855,0.000000,0.000000,834.666667,0.000000,0.000000,,,,0.488912,
12531,293,-0.810712,4.043855,0.000000,0.000000,835.333333,0.000000,0.000000,0.000000,0.000000,0.000000,0.422214,
12541,293,-0.810712,4.043855,0.000000,0.000000,836.000000,0.000000,0.000000,0.000000,0.000000,0.000000,0.408811,
12551,293,-0.810712,4.043855,0.000000,0.000000,836.666667,0.000000,0.000000,0.000000,0.000000,0.000000,0.433333,3.519956
12561,293,-0.810712,4.043855,0.000000,0.000000,837.333333,0.000000,0.000000,0.000000,0.000000,0.000000,0.395016,
12571,293,-0.810712,4.043855,0.000000,0.000000,838.000000,0.000000,0.000000,0.000000,0.000000,0.000000,0.388589,
12581,293,-0.810712,4.043855,0.000000,0.000000,838.666667,0.000000,0.000000,0.000000,0.000000,0.000000,0.388495,
12591,293,-0.810712,4.043855,0.000000,0.000000,839.333333,0.000000,0.000000,0.000000,0.000000,0.000000,0.396648,2.454160
12601,293,-0.810712,4.043855,0.000000,0.000000,840.000000,0.000000,0.000000,0.000000,0.000000,0.000000,0.420159,2.064143
12611,293,-0.810712,4.043855,0.000000,0.000000,840.666667,0.000000,0.000000,0.000000,0.000000,0.000000,0.433333,1.930662
12621,293,-0.810712,4.043855,0.000000,0.000000,841.333333,0.000000,0.000000,0.000000,0.000000,0.000000,0.362871,1.305327
12631,293,-0.810712,4.043855,0.000000,0.000000,842.000000,0.000000,0.000000,0.000000,0.000000,0.000000,0.392803,1.388513
12641,293,-0.810712,4.043855,0.000000,0.000000,842.666667,0.000000,0.000000,0.000000,0.000000,0.000000,0.380947,
12651,293,-0.810712,4.043855,0.000000,0.000000,843.333333,0.000000,0.000000,0.000000,0.000000,0.000000,0.370651,1.609538
12661,293,-0.810712,4.043855,0.000000,0.000000,844.000000,0.000000,0.000000,0.000000,0.000000,0.000000,0.410240,7.521080
12671,293,-0.810712,4.043855,0.000000,0.000000,844.666667,0.000000,0.000000,0.000000,0.000000,0.000000,0.391862,
12681,293,-0.810712,4.043855,0.000000,0.000000,845.333333,0.000000,0.000000,0.000000,0.000000,0.000000,0.388589,
12691,293,-0.810712,4.043855,0.000000,0.000000,846.000000,0.000000,0.000000,0.000000,0.000000,0.000000,0.388495,
12701,293,-0.810712,4.043855,0.000000,0.000000,846.666667,0.000000,0.000000,0.000000,0.000000,0.000000,0.389434,
12711,293,-0.810712,4.043855,0.000000,0.000000,847.333333,0.000000,0.000000,0.000000,0.000000,0.000000,0.389434,
12721,293,-0.810712,4.043855,0.000000,0.000000,848.000000,0.000000,0.000000,0.000000,0.000000,0.000000,0.389434,
12731,293,-0.810712,4.043855,0.000000,0.000000,848.666667,0.000000,0.000000,0.000000,0.000000,0.000000,0.389434,
12741,293,-0.810712,4.043855,0.000000,0.000000,849.333333,0.000000,0.000000,0.000000,0.000000,0.000000,0.389434,
12751,293,-0.810712,4.043855,0.000000,0.000000,850.000000,0.000000,0.000000,0.000000,0.000000,0.000000,0.389434,
12521,294,-0.387951,4.289431,-0.023313,-0.399820,834.666667,0.400500,266.662898,,,,0.488912,3.649674
12531,294,-0.397277,4.129503,-0.017487,-0.299894,835.333333,0.300403,266.662899,0.008740,0.149890,0.150145,0.422214,1.377511
12541,294,-0.401940,4.049516,-0.018122,0.104429,836.000000,0.105990,99.844692,-0.000953,0.606484,0.606485,0.408811,1.262279
12551,294,-0.411774,4.213046,-0.021041,0.054430,836.666667,0.058356,111.134682,-0.004378,-0.074998,0.075126,0.433333,3.469015
12561,294,-0.418773,4.093060,-0.013124,-0.224989,837.333333,0.225372,266.661597,0.011875,-0.419129,0.419297,0.395016,0.595361
12571,294,-0.422273,4.033055,-0.005834,-0.100012,838.000000,0.100182,266.661597,0.010935,0.187466,0.187785,0.388589,0.218105
12581,294,-0.423440,4.013051,-0.057324,0.263401,838.666667,0.269566,102.277757,-0.077234,0.545118,0.550563,0.388495,2.734108
12591,294,-0.468132,4.243775,-0.052944,0.338416,839.333333,0.342532,98.891697,0.006569,0.112523,0.112715,0.396648,2.865279
12601,294,-0.465796,4.283784,0.070448,-0.038411,840.000000,0.080239,331.398683,0.185088,-0.565241,0.594773,0.420159,1.822305
12611,294,-0.411774,4.213046,0.012299,-0.204517,840.666667,0.204887,273.441325,-0.087224,-0.249159,0.263985,0.433333,1.324864
12621,294,-0.455957,4.120170,-0.028337,-0.070534,841.333333,0.076013,248.112338,-0.060953,0.200975,0.210015,0.362871,1.051560
12631,294,-0.434443,4.156619,0.023974,-0.004444,842.000000,0.024382,349.497225,0.078465,0.099134,0.126429,0.392803,1.080672
12641,294,-0.436778,4.116615,-0.007296,-0.125024,842.666667,0.125236,266.660296,-0.046904,-0.180869,0.186851,0.380947,0.888931
12651,294,-0.440280,4.056601,0.026881,0.045554,843.333333,0.052893,59.455645,0.051265,0.255866,0.260951,0.370651,0.779592
12661,294,-0.415273,4.153058,0.025425,0.020574,844.000000,0.032707,38.979319,-0.002183,-0.037470,0.037533,0.410240,
12671,294,-0.419940,4.073060,-0.008750,-0.150003,844.666667,0.150258,266.661597,-0.051263,-0.255866,0.260951,0.391862,1.153817
12681,294,-0.422273,4.033055,-0.004376,-0.075011,845.333333,0.075138,266.661597,0.006562,0.112489,0.112681,0.388589,2.339649
12691,294,-0.423440,4.013051,-0.002917,-0.050011,846.000000,0.050096,266.661597,0.002187,0.037500,0.037564,0.388495,4.276003
12701,294,-0.424607,3.993046,-0.001459,-0.025006,846.666667,0.025048,266.661597,0.002188,0.037507,0.037571,0.389434,7.751804
12711,294,-0.424607,3.993046,0.000000,0.000000,847.333333,0.000000,0.000000,0.002188,0.037509,0.037573,0.389434,
12721,294,-0.424607,3.993046,0.000000,0.000000,848.000000,0.000000,0.000000,0.000000,0.000000,0.000000,0.389434,
12731,294,-0.424607,3.993046,0.000000,0.000000,848.666667,0.000000,0.000000,0.000000,0.000000,0.000000,0.389434,
12741,294,-0.424607,3.993046,0.000000,0.000000,849.333333,0.000000,0.000000,0.000000,0.000000,0.000000,0.389434,
12751,294,-0.424607,3.993046,0.000000,0.000000,850.000000,0.000000,0.000000,0.000000,0.000000,0.000000,0.389434,
12591,295,3.693754,-2.736694,-0.534736,1.678351,839.333333,1.761478,107.672298,,,,1.274607,1.020125
12601,295,3.479860,-2.065354,-0.421850,1.715017,840.000000,1.766137,103.818944,0.169329,0.054999,0.178037,1.069257,2.137655
12611,295,3.356274,-1.364680,-0.310542,1.728959,840.666667,1.756626,100.182434,0.166962,0.020913,0.168267,1.098777,2.011652
12621,295,3.231426,-0.682187,-0.290074,1.704453,841.333333,1.728960,99.658406,0.030701,-0.036759,0.047894,0.848174,0.584388
12631,295,3.124215,-0.001118,-0.155188,1.710700,842.000000,1.717724,95.183451,0.202330,0.009371,0.202546,0.757040,1.256351
12641,295,3.107276,0.686373,-0.039719,1.766768,842.666667,1.767215,91.287868,0.173203,0.084103,0.192542,0.747195,
12651,295,3.092440,1.412297,0.066573,1.650130,843.333333,1.651473,87.689698,0.159439,-0.174957,0.236708,0.807967,
12661,295,3.160535,2.006478,0.105903,1.543941,844.000000,1.547568,86.076070,0.058995,-0.159285,0.169859,0.821788,
12671,295,3.177162,2.647449,0.041568,1.602429,844.666667,1.602968,88.514045,-0.096503,0.087732,0.130421,0.793277,3.794732
12701,296,1.279584,3.162349,-0.132286,-1.518801,846.666667,1.524552,265.022161,,,,0.564244,
12711,296,1.226670,2.554829,-0.155633,-1.516322,847.333333,1.524288,264.139765,-0.035021,0.003720,0.035218,0.565437,
12721,296,1.155078,1.949292,-0.069873,-1.657680,848.000000,1.659152,267.586354,0.128640,-0.212037,0.248008,0.620716,
12731,296,1.170772,1.228685,-0.049588,-1.713609,848.666667,1.714327,268.342455,0.030427,-0.083895,0.089242,0.639202,
12741,296,1.115408,0.578404,-0.044002,-1.616008,849.333333,1.616607,268.440294,0.008379,0.146401,0.146641,0.661739,
12751,296,1.135570,-0.064122,-0.067430,-1.615239,850.000000,1.616645,267.609500,-0.035143,0.001155,0.035162,0.640977,
12761,296,1.061463,-0.713786,-0.160727,-1.604236,850.666667,1.612268,264.278681,-0.139945,0.016503,0.140915,0.782252,
12771,296,1.006989,-1.347511,-0.022313,-1.650258,851.333333,1.650409,269.225362,0.207621,-0.069033,0.218797,0.782985,4.489944
12781,296,1.043613,-2.033993,-0.049987,-1.724622,852.000000,1.725346,268.339779,-0.041512,-0.111545,0.119019,0.745227,
12791,296,0.966999,-2.727209,-0.026560,-1.728313,852.666667,1.728517,269.119588,0.035142,-0.005537,0.035575,0.765534,
12801,296,1.022365,-3.416644,0.042111,-1.763570,853.333333,1.764073,271.367867,0.103006,-0.052885,0.115789,0.746500,1.064660
12811,296,1.000688,-4.138065,-0.130125,-1.898167,854.000000,1.902622,266.078326,-0.258355,-0.201895,0.327885,0.655036,0.530140
12821,296,0.918265,-4.935177,-0.059924,-1.907360,854.666667,1.908301,268.200508,0.105302,-0.013790,0.106201,0.664750,0.781839
12831,296,0.952748,-5.663952,-0.102896,-1.832089,855.333333,1.834976,266.785475,-0.064457,0.112906,0.130009,0.560784,
12841,296,0.835949,-6.400848,-0.122091,-1.756566,856.000000,1.760803,266.024009,-0.028794,0.113286,0.116888,0.685261,
12851,296,0.855075,-7.069205,-0.022712,-1.666511,856.666667,1.666665,269.219186,0.149069,0.135083,0.201168,0.638488,0.316935
12861,296,0.817779,-7.734057,-0.165432,-1.684436,857.333333,1.692540,264.390842,-0.214080,-0.026888,0.215762,0.582217,
12871,296,0.722729,-8.416754,-0.074133,-1.743070,858.000000,1.744646,267.564655,0.136948,-0.087952,0.162759,0.620854,
12881,296,0.758472,-9.128513,-0.100885,-1.796294,858.666667,1.799125,266.785475,-0.040128,-0.079835,0.089352,0.694042,
12891,296,0.642021,-9.853789,-0.291127,-1.813189,859.333333,1.836412,260.878395,-0.285363,-0.025342,0.286486,0.732807,
12701,297,1.840864,3.220104,-0.130244,-1.509773,846.666667,1.515381,265.069443,,,,0.564244,
12711,297,1.788767,2.616195,-0.084473,-1.518839,847.333333,1.521186,266.816656,0.068656,-0.013599,0.069990,0.565437,
12721,297,1.773286,2.005033,0.023275,-1.662580,848.000000,1.662743,270.802062,0.161623,-0.215612,0.269464,0.620716,
12731,297,1.807387,1.286130,-0.001039,-1.684962,848.666667,1.684963,269.964678,-0.036471,-0.033573,0.049571,0.639202,
12741,297,1.772455,0.657063,-0.042819,-1.605219,849.333333,1.605790,268.471997,-0.062671,0.119615,0.135038,0.661739,
12751,297,1.773132,0.001955,0.085328,-1.799084,850.000000,1.801106,272.715427,0.192221,-0.290797,0.348586,0.640977,
12761,297,1.840717,-0.782204,0.017838,-1.766090,850.666667,1.766180,270.578679,-0.101235,0.049492,0.112686,0.782252,
12771,297,1.787402,-1.410917,-0.065790,-1.606642,851.333333,1.607988,267.655115,-0.125442,0.239171,0.270071,0.782985,4.489944
12781,297,1.788085,-2.067518,-0.068679,-1.658661,852.000000,1.660082,267.628964,-0.004333,-0.078029,0.078149,0.745227,
12791,297,1.732459,-2.737846,-0.024033,-1.690340,852.666667,1.690511,269.185418,0.066968,-0.047519,0.082114,0.765534,
12801,297,1.768858,-3.419790,-0.096057,-1.735231,853.333333,1.737887,266.831517,-0.108035,-0.067336,0.127302,0.746500,1.064660
12811,297,1.655614,-4.126030,-0.256293,-1.696015,854.000000,1.715271,261.406793,-0.240353,0.058823,0.247447,0.655036,0.530140
12821,297,1.563824,-4.776602,-0.191728,-1.782383,854.666667,1.792665,263.860396,0.096847,-0.129551,0.161749,0.664750,0.781839
12831,297,1.502231,-5.551936,-0.060008,-1.923068,855.333333,1.924004,268.212697,0.197579,-0.211028,0.289085,0.560784,
12841,297,1.515818,-6.315057,-0.011008,-1.879963,856.000000,1.879995,269.664507,0.073500,0.064657,0.097892,0.685261,
12851,297,1.493425,-7.055907,-0.144780,-1.772019,856.666667,1.777924,265.329108,-0.200658,0.161916,0.257838,0.638488,0.316935
12861,297,1.399994,-7.732672,-0.187312,-1.697024,857.333333,1.707330,263.701358,-0.063798,0.112493,0.129325,0.582217,
12871,297,1.343575,-8.413525,0.062778,-1.815332,858.000000,1.816417,271.980625,0.375136,-0.177463,0.414994,0.620854,
12881,297,1.450216,-9.184938,0.038142,-1.841504,858.666667,1.841899,271.186549,-0.036955,-0.039258,0.053915,0.694042,
12891,297,1.374088,-9.886729,-0.190321,-1.754478,859.333333,1.764771,263.808921,-0.342694,0.130539,0.366714,0.732807,
12741,298,3.567371,-4.110351,0.126982,1.551392,849.333333,1.556580,85.320744,,,,5.094110,
12751,298,3.618164,-3.489794,0.057924,1.509392,850.000000,1.510503,87.802314,-0.103587,-0.062999,0.121240,3.949235,
12761,298,3.613710,-2.902837,-0.012421,1.442693,850.666667,1.442746,90.493269,-0.105517,-0.100049,0.145409,2.764161,
12771,298,3.608227,-2.335640,0.282182,1.549047,851.333333,1.574539,79.675934,0.441904,0.159532,0.469819,2.042185,
12781,298,3.839456,-1.663599,0.306684,1.591597,852.000000,1.620875,79.093362,0.036754,0.063824,0.073650,2.090759,
12791,298,3.853575,-1.062363,-0.034547,1.439569,852.666667,1.439984,91.374740,-0.511848,-0.228041,0.560349,2.703031,
12801,298,3.811818,-0.511944,-0.016380,1.362937,853.333333,1.363036,90.688549,0.027251,-0.114948,0.118134,3.553766,
12811,298,3.840471,0.027987,0.015873,1.551826,854.000000,1.551907,89.413962,0.048379,0.283333,0.287433,4.693555,
12821,298,3.824517,0.729517,0.098539,1.439801,854.666667,1.443169,86.084807,0.123999,-0.168037,0.208835,5.548358,
12831,298,3.919303,1.179828,0.236966,1.125778,855.333333,1.150447,78.113303,0.207639,-0.471035,0.514770,5.260051,
12791,299,3.462013,-7.103539,0.103889,1.957637,852.666667,1.960392,86.962259,,,,1.634075,
12801,299,3.503569,-6.320484,0.080292,1.933486,853.333333,1.935153,87.622036,-0.035395,-0.036226,0.050647,1.640541,
12811,299,3.526247,-5.556750,0.010963,1.888040,854.000000,1.888072,89.667301,-0.103993,-0.068169,0.124345,1.641613,8.439194
12821,299,3.512339,-4.810052,-0.056967,1.868559,854.666667,1.869427,91.746235,-0.101895,-0.029222,0.106003,1.646826,
12831,299,3.480673,-4.061903,-0.329269,1.800771,855.333333,1.830627,100.362003,-0.408453,-0.101682,0.420920,1.597049,
12841,299,3.248924,-3.369435,-0.628026,1.691270,856.000000,1.804109,110.371666,-0.448135,-0.164252,0.477288,1.464721,
12851,299,2.978253,-2.708887,-0.881628,1.681312,856.666667,1.898441,117.671119,-0.380403,-0.014936,0.380696,1.249362,
12861,299,2.543622,-2.024385,-1.224343,1.388969,857.333333,1.851554,131.395398,-0.514072,-0.438515,0.675696,1.107907,
12871,299,1.998779,-1.597711,-1.317806,1.165270,858.000000,1.759110,138.515272,-0.140195,-0.335549,0.363658,0.943845,
12881,299,1.489377,-1.092169,-1.310278,1.149200,858.666667,1.742839,138.747110,0.011292,-0.024106,0.026619,1.178629,
12891,299,0.950556,-0.678351,-1.468216,1.131949,859.333333,1.853905,142.368895,-0.236907,-0.025877,0.238316,1.573315,
12901,299,0.314804,-0.186610,-1.603773,1.161666,860.000000,1.980292,144.082935,-0.203336,0.044576,0.208164,2.240000,
12911,299,-0.332462,0.250982,-1.607239,1.046771,860.666667,1.918058,146.924405,-0.005200,-0.172343,0.172421,1.562223,
12921,299,-0.970987,0.650807,-1.480535,1.037942,861.333333,1.808122,144.967288,0.190057,-0.013243,0.190518,1.268200,
12931,299,-1.516890,1.081335,-1.348726,1.052613,862.000000,1.710864,142.029755,0.197713,0.022007,0.198934,1.548136,
12941,299,-2.049968,1.492897,-1.265992,0.996577,862.666667,1.611180,141.790515,0.124101,-0.084054,0.149887,2.096979,
12951,299,-2.529684,1.878597,-1.334420,0.937699,863.333333,1.630937,144.904232,-0.102642,-0.088317,0.135408,2.694297,
12961,299,-3.117504,2.243056,-1.469551,0.911148,864.000000,1.729096,148.200332,-0.202697,-0.039826,0.206572,3.306223,
12791,300,2.365986,-8.315532,0.104995,1.934884,852.666667,1.937730,86.893923,,,,0.792146,
12801,300,2.407984,-7.541579,0.124947,1.881907,853.333333,1.886050,86.201480,0.029928,-0.079465,0.084914,0.804852,8.379535
12811,300,2.465944,-6.810007,0.160743,1.701657,854.000000,1.709232,84.603693,0.053694,-0.270375,0.275655,0.765294,0.663983
12821,300,2.536579,-6.180254,0.164426,1.771858,854.666667,1.779471,84.698199,0.005525,0.105302,0.105447,0.610849,0.064367
12831,300,2.597485,-5.392520,0.012298,1.906949,855.333333,1.906989,89.630516,-0.228193,0.202636,0.305178,0.601201,0.068303
12841,300,2.546417,-4.654694,-0.057028,1.886605,856.000000,1.887466,91.731398,-0.103988,-0.030517,0.108373,0.596281,
12851,300,2.551863,-3.883237,0.012273,1.903093,856.666667,1.903133,89.630516,0.103951,0.024732,0.106853,0.587688,
12861,300,2.556235,-3.132220,-0.128978,1.819760,857.333333,1.824325,94.054142,-0.211876,-0.124999,0.246001,0.580253,
12871,300,2.448681,-2.427429,-0.010366,1.902224,858.000000,1.902253,90.312213,0.177919,0.123697,0.216693,0.617469,
12881,300,2.547943,-1.610440,0.088315,2.037068,858.666667,2.038982,87.517559,0.148021,0.202266,0.250642,0.605862,
12891,300,2.519332,-0.797774,0.008250,1.822496,859.333333,1.822515,89.740626,-0.120097,-0.321858,0.343534,0.650931,
12901,300,2.554543,-0.152443,0.123822,1.852437,860.000000,1.856571,86.175873,0.173358,0.044911,0.179081,0.709377,
12911,300,2.618390,0.684175,0.107752,1.974840,860.666667,1.977778,86.876912,-0.024106,0.183605,0.185181,0.668595,
12921,300,2.640744,1.427429,0.119374,1.772464,861.333333,1.776480,86.146979,0.017434,-0.303564,0.304065,0.676523,
12931,300,2.713890,2.102147,0.160199,1.688806,862.000000,1.696387,84.581173,0.061237,-0.125488,0.139632,0.677066,
12941,300,2.768904,2.778474,0.137535,1.690818,862.666667,1.696402,85.349677,-0.033996,0.003018,0.034130,0.685251,
12791,301,3.013847,-8.771353,0.100237,1.874105,852.666667,1.876784,86.938448,,,,0.792146,
12801,301,3.053941,-8.021711,0.077709,1.874120,853.333333,1.875730,87.625643,-0.033792,0.000022,0.033792,0.804852,8.379535
12811,301,3.076013,-7.272057,0.063030,2.020210,854.000000,2.021193,88.212958,-0.022018,0.219135,0.220238,0.765294,0.663983
12821,301,3.104365,-6.405543,0.086654,2.039931,854.666667,2.041771,87.567603,0.035435,0.029582,0.046160,0.610849,0.064367
12831,301,3.145337,-5.640112,-0.010888,1.898386,855.333333,1.898418,90.328597,-0.146312,-0.212317,0.257849,0.601201,0.068303
12841,301,3.095655,-4.886834,-0.079394,1.878581,856.000000,1.880258,92.420045,-0.102760,-0.029708,0.106968,0.596281,
12851,301,3.081821,-4.137247,-0.035889,1.848963,856.666667,1.849311,91.111977,0.065259,-0.044428,0.078946,0.587688,
12861,301,3.066944,-3.407664,-0.025361,2.043066,857.333333,2.043224,90.711186,0.015791,0.291155,0.291583,0.580253,
12871,301,3.061532,-2.502794,0.089100,2.075884,858.000000,2.077795,87.542294,0.171691,0.049226,0.178609,0.617469,
12881,301,3.138224,-1.746957,0.102239,1.899617,858.666667,1.902366,86.919270,0.019708,-0.264400,0.265134,0.605862,
12891,301,3.143324,-0.983101,0.143884,1.840502,859.333333,1.846117,85.529922,0.062467,-0.088673,0.108467,0.650931,
12901,301,3.253331,-0.274555,0.117627,1.768324,860.000000,1.772232,86.194348,-0.039385,-0.108267,0.115208,0.709377,
12911,301,3.237425,0.431558,0.006058,1.781840,860.666667,1.781851,89.805191,-0.167353,0.020275,0.168577,0.668595,
12921,301,3.258178,1.150917,0.115896,1.737674,861.333333,1.741534,86.184251,0.164756,-0.066250,0.177577,0.676523,
12931,301,3.330142,1.821697,0.156239,1.654794,862.000000,1.662154,84.606337,0.060515,-0.124319,0.138265,0.677066,
12941,301,3.383170,2.474753,0.132569,1.632639,862.666667,1.638012,85.357813,-0.035506,-0.033234,0.048633,0.685251,
12871,302,2.760145,-10.128089,0.403922,1.620118,858.000000,1.669711,76.000610,,,,2.224050,
12881,302,2.921714,-9.480042,0.258860,1.872631,858.666667,1.890437,82.129700,-0.217594,0.378769,0.436822,1.500797,
12891,302,2.967233,-8.629984,0.100489,1.876616,859.333333,1.879305,86.934861,-0.237556,0.005979,0.237631,2.029167,
12901,302,3.002105,-7.978749,0.134660,1.672808,860.000000,1.678220,85.397667,0.051256,-0.305712,0.309979,7.708288,
12911,302,3.074960,-7.291737,0.093563,1.747270,860.666667,1.749773,86.934861,-0.061645,0.111692,0.127575,7.725004,
12921,302,3.076955,-6.580933,0.048504,1.747753,861.333333,1.748426,88.410315,-0.067587,0.000725,0.067591,7.733973,
12931,302,3.113764,-5.893535,0.048480,1.745868,862.000000,1.746541,88.409411,-0.000037,-0.002828,0.002828,7.224043,
12941,302,3.115739,-5.184238,-0.038544,1.801515,862.666667,1.801927,91.225674,-0.130535,0.083470,0.154941,6.521426,
12951,302,3.082929,-4.452323,0.052289,1.814811,863.333333,1.815564,88.349621,0.136250,0.019944,0.137702,5.871573,
12961,302,3.157570,-3.732390,0.074699,1.810806,864.000000,1.812346,87.637791,0.033614,-0.006008,0.034147,5.460210,
12971,302,3.142688,-3.003679,0.108635,1.606915,864.666667,1.610583,86.132417,0.050904,-0.305836,0.310043,4.919393,
12981,302,3.244478,-2.446858,0.218723,1.565993,865.333333,1.581194,82.048912,0.165132,-0.061383,0.176171,4.748420,
12991,302,3.317666,-1.750884,0.203664,1.710540,866.000000,1.722622,83.210076,-0.022588,0.216821,0.217994,4.617720,
13001,302,3.407410,-1.078425,0.127590,1.546484,866.666667,1.551738,85.283602,-0.114112,-0.246085,0.271255,3.675936,
13011,302,3.419738,-0.513697,0.166319,1.439513,867.333333,1.449089,83.409372,0.058093,-0.160456,0.170649,2.553969,
13021,302,3.540465,0.073185,0.063287,1.599616,868.000000,1.600868,87.734337,-0.154547,0.240155,0.285586,1.586382,
13031,302,3.470368,0.765996,0.212274,1.474433,868.666667,1.489635,81.807415,0.223481,-0.187775,0.291896,0.959890,
13041,302,3.710284,1.252731,0.274849,1.389317,869.333333,1.416243,78.809652,0.093862,-0.127673,0.158463,1.665790,
13051,302,3.690247,1.877450,-0.050094,1.561797,870.000000,1.562600,91.837103,-0.487414,0.258719,0.551823,2.644437,
12901,303,-1.987169,0.204659,0.272624,-0.451460,860.000000,0.527390,301.126627,,,,2.334988,
12911,303,-1.878119,0.024075,0.212302,-0.622914,860.666667,0.658099,288.820201,-0.090483,-0.257181,0.272634,1.562223,
12921,303,-1.817327,-0.293673,0.287341,-0.606616,861.333333,0.671229,295.345929,0.112558,0.024447,0.115183,1.268200,
12931,303,-1.648246,-0.461218,0.480145,-0.272073,862.000000,0.551872,330.462056,0.289206,0.501815,0.579187,1.548136,
12941,303,-1.433211,-0.511331,0.492092,-0.042061,862.666667,0.493887,355.114598,0.017921,0.345018,0.345483,2.096979,
12951,303,-1.254572,-0.494867,0.275140,0.064663,863.333333,0.282637,13.225557,-0.325428,0.160086,0.362672,2.694297,
12961,303,-1.213099,-0.459601,0.277123,0.115214,864.000000,0.300119,22.575196,0.002974,0.075827,0.075885,3.306223,
12971,303,-1.032874,-0.402696,0.226770,0.096487,864.666667,0.246444,23.048884,-0.075529,-0.028091,0.080584,4.919393,
12981,303,-1.031682,-0.382411,-0.071519,0.035517,865.333333,0.079853,153.590746,-0.447435,-0.091455,0.456686,4.748420,
12991,303,-1.090089,-0.374282,-0.146103,0.020335,866.000000,0.147512,172.076231,-0.111876,-0.022772,0.114170,4.617720,
13001,303,-1.148565,-0.366143,-0.118879,0.067747,866.666667,0.136828,150.321791,0.040836,0.071118,0.082009,4.521843,
13011,303,-1.185193,-0.320084,-0.090103,0.140585,867.333333,0.166981,122.656300,0.043164,0.109257,0.117474,4.144168,3.694026
13021,303,-1.220647,-0.253675,-0.042820,0.108408,868.000000,0.116558,111.553674,0.070923,-0.048266,0.085789,3.718337,3.402772
13031,303,-1.219449,-0.233358,0.001498,0.025397,868.666667,0.025441,86.624957,0.066477,-0.124517,0.141151,3.300246,
13041,303,-1.219449,-0.233358,0.000000,0.000000,869.333333,0.000000,0.000000,-0.002247,-0.038095,0.038161,2.980377,
13051,303,-1.219449,-0.233358,0.000000,0.000000,870.000000,0.000000,0.000000,0.000000,0.000000,0.000000,2.719453,
13061,303,-1.219449,-0.233358,0.000000,0.000000,870.666667,0.000000,0.000000,0.000000,0.000000,0.000000,2.435875,
13071,303,-1.219449,-0.233358,0.000000,0.000000,871.333333,0.000000,0.000000,0.000000,0.000000,0.000000,2.257812,
13081,303,-1.219449,-0.233358,0.000000,0.000000,872.000000,0.000000,0.000000,0.000000,0.000000,0.000000,2.233991,
13091,303,-1.219449,-0.233358,0.000000,0.000000,872.666667,0.000000,0.000000,0.000000,0.000000,0.000000,2.277728,
13101,303,-1.219449,-0.233358,0.000000,0.000000,873.333333,0.000000,0.000000,0.000000,0.000000,0.000000,2.637175,
13111,303,-1.219449,-0.233358,0.000000,0.000000,874.000000,0.000000,0.000000,0.000000,0.000000,0.000000,3.076511,
13121,303,-1.219449,-0.233358,0.000000,0.000000,874.666667,0.000000,0.000000,0.000000,0.000000,0.000000,3.473777,
13131,303,-1.219449,-0.233358,0.000000,0.000000,875.333333,0.000000,0.000000,0.000000,0.000000,0.000000,2.449252,
13141,303,-1.219449,-0.233358,0.000000,0.000000,876.000000,0.000000,0.000000,0.000000,0.000000,0.000000,2.449252,
13151,303,-1.219449,-0.233358,0.000000,0.000000,876.666667,0.000000,0.000000,0.000000,0.000000,0.000000,2.449252,
13161,303,-1.219449,-0.233358,0.000000,0.000000,877.333333,0.000000,0.000000,0.000000,0.000000,0.000000,2.449252,
13171,303,-1.219449,-0.233358,0.000000,0.000000,878.000000,0.000000,0.000000,0.000000,0.000000,0.000000,2.449252,
13181,303,-1.219449,-0.233358,0.000000,0.000000,878.666667,0.000000,0.000000,0.000000,0.000000,0.000000,2.449252,
13191,303,-1.219449,-0.233358,0.000000,0.000000,879.333333,0.000000,0.000000,0.000000,0.000000,0.000000,2.449252,
13201,303,-1.219449,-0.233358,0.000000,0.000000,880.000000,0.000000,0.000000,0.000000,0.000000,0.000000,2.449252,7.784813
13211,303,-1.219449,-0.233358,0.000000,0.000000,880.666667,0.000000,0.000000,0.000000,0.000000,0.000000,2.449252,6.984870
13221,303,-1.219449,-0.233358,0.000000,0.000000,881.333333,0.000000,0.000000,0.000000,0.000000,0.000000,2.449252,6.593816
13231,303,-1.219449,-0.233358,0.000000,0.000000,882.000000,0.000000,0.000000,0.000000,0.000000,0.000000,2.449252,
13241,303,-1.219449,-0.233358,0.000000,0.000000,882.666667,0.000000,0.000000,0.000000,0.000000,0.000000,2.449252,6.302155
13251,303,-1.219449,-0.233358,0.000000,0.000000,883.333333,0.000000,0.000000,0.000000,0.000000,0.000000,2.449252,5.756553
13261,303,-1.219449,-0.233358,0.000000,0.000000,884.000000,0.000000,0.000000,0.000000,0.000000,0.000000,2.449252,
13271,303,-1.219449,-0.233358,0.000000,0.000000,884.666667,0.000000,0.000000,0.000000,0.000000,0.000000,2.449252,
13281,303,-1.219449,-0.233358,0.000000,0.000000,885.333333,0.000000,0.000000,0.000000,0.000000,0.000000,2.374793,5.449857
13291,303,-1.219449,-0.233358,0.000000,0.000000,886.000000,0.000000,0.000000,0.000000,0.000000,0.000000,2.394248,
13301,303,-1.219449,-0.233358,0.000000,0.000000,886.666667,0.000000,0.000000,0.000000,0.000000,0.000000,2.449252,
13311,303,-1.219449,-0.233358,0.000000,0.000000,887.333333,0.000000,0.000000,0.000000,0.000000,0.000000,2.449252,
13321,303,-1.219449,-0.233358,0.000000,0.000000,888.000000,0.000000,0.000000,0.000000,0.000000,0.000000,2.449252,
13331,303,-1.219449,-0.233358,0.000000,0.000000,888.666667,0.000000,0.000000,0.000000,0.000000,0.000000,2.449252,
13341,303,-1.219449,-0.233358,0.000000,0.000000,889.333333,0.000000,0.000000,0.000000,0.000000,0.000000,2.449252,
13351,303,-1.219449,-0.233358,0.000000,0.000000,890.000000,0.000000,0.000000,0.000000,0.000000,0.000000,2.346920,
13361,303,-1.219449,-0.233358,0.000000,0.000000,890.666667,0.000000,0.000000,0.000000,0.000000,0.000000,2.449252,
13371,303,-1.219449,-0.233358,0.000000,0.000000,891.333333,0.000000,0.000000,0.000000,0.000000,0.000000,2.449252,
13381,303,-1.219449,-0.233358,0.000000,0.000000,892.000000,0.000000,0.000000,0.000000,0.000000,0.000000,2.449252,
13391,303,-1.219449,-0.233358,0.000000,0.000000,892.666667,0.000000,0.000000,0.000000,0.000000,0.000000,2.449252,
13401,303,-1.219449,-0.233358,0.000000,0.000000,893.333333,0.000000,0.000000,0.000000,0.000000,0.000000,2.449252,
12981,304,2.264566,3.556806,0.052886,-1.534440,865.333333,1.535351,271.973969,,,,5.136408,
12991,304,2.285720,2.943030,0.152904,-1.379744,866.000000,1.388190,276.323765,0.150028,0.232044,0.276320,4.732933,
13001,304,2.386890,2.453011,0.128931,-1.400063,866.666667,1.405987,275.261480,-0.035961,-0.030479,0.047140,3.675936,
13011,304,2.388865,1.822980,0.075536,-1.537750,867.333333,1.539604,272.812179,-0.080092,-0.206530,0.221516,1.787303,
13021,304,2.447319,1.222811,0.185964,-1.604628,868.000000,1.615367,276.610643,0.165641,-0.100316,0.193650,1.586382,
13031,304,2.537636,0.539278,0.147355,-1.474864,868.666667,1.482207,275.705540,-0.057913,0.194645,0.203077,0.959890,
13041,304,2.565202,0.042920,0.194961,-1.431193,869.333333,1.444411,277.757254,0.071409,0.065507,0.096905,1.665790,
13051,304,2.693605,-0.605677,0.159122,-1.671868,870.000000,1.679423,275.436820,-0.053759,-0.361012,0.364992,2.242051,
13061,304,2.692500,-1.294574,-0.042571,-1.619296,870.666667,1.619855,268.494046,-0.302540,0.078857,0.312648,2.377314,
13071,304,2.659548,-1.901114,-0.106368,-1.539173,871.333333,1.542844,266.046728,-0.095695,0.120184,0.153629,2.387534,2.126841
13081,304,2.607406,-2.525913,-0.267780,-1.572307,872.000000,1.594947,260.334668,-0.242118,-0.049700,0.247167,2.467279,1.644357
13091,304,2.445324,-3.158959,-0.360519,-1.590852,872.666667,1.631191,257.231282,-0.139109,-0.027818,0.141863,2.494998,1.360447
13101,304,2.318990,-3.798595,-0.357979,-1.523030,873.333333,1.564535,256.773049,0.003810,0.101732,0.101804,2.410011,0.918527
13111,304,2.158940,-4.377383,-0.400933,-1.449894,874.000000,1.504307,254.542516,-0.064430,0.109705,0.127226,1.880443,
13121,304,1.998244,-4.958509,-0.172908,-1.476435,874.666667,1.486525,263.320422,0.342037,-0.039812,0.344347,0.971265,
13131,304,2.020614,-5.558531,-0.018310,-1.593808,875.333333,1.593913,269.341785,0.231896,-0.176059,0.291157,0.573894,
13141,304,1.983596,-6.233555,0.092257,-1.678000,876.000000,1.680534,273.146984,0.165852,-0.126289,0.208460,1.456056,
13151,304,2.094420,-6.900932,0.157009,-1.758691,876.666667,1.765686,275.101618,0.097128,-0.121037,0.155189,2.201942,
13161,304,2.109203,-7.640509,0.065301,-1.751318,877.333333,1.752535,272.135392,-0.137562,0.011060,0.138006,2.188837,
13171,304,2.146661,-8.301986,0.115176,-1.679855,878.000000,1.683799,273.922221,0.074812,0.107194,0.130719,1.961381,
13181,304,2.201343,-8.984393,0.062628,-1.802193,878.666667,1.803281,271.990268,-0.078822,-0.183508,0.199720,1.198470,
13191,304,2.196763,-9.743741,-0.016728,-1.573863,879.333333,1.573952,269.391036,-0.119034,0.342495,0.362591,1.416173,
13201,304,2.187961,-10.243483,-0.022005,-1.249356,880.000000,1.249550,268.990929,-0.007916,0.486761,0.486825,2.155274,3.616405
13011,305,1.038937,-6.477645,-0.613582,1.665347,867.333333,1.774786,110.225870,,,,6.421595,3.694026
13021,305,0.793504,-5.811506,-0.691502,1.574793,868.000000,1.719927,113.706603,-0.116880,-0.135831,0.179195,5.911539,3.402772
13031,305,0.485735,-5.217810,-1.194854,1.224293,868.666667,1.710722,134.302774,-0.755027,-0.525750,0.920043,5.268057,
13041,305,-0.162378,-4.832071,-1.620285,0.964347,869.333333,1.885547,149.240099,-0.638147,-0.389919,0.747842,4.718640,
13011,306,1.145293,3.106717,0.023353,-1.249028,867.333333,1.249246,271.071141,,,,1.787303,
13021,306,1.154635,2.607105,-0.002654,-1.294755,868.000000,1.294758,269.882536,-0.039011,-0.068592,0.078910,1.894018,
13031,306,1.143170,2.070912,0.019195,-1.323886,868.666667,1.324025,270.830668,0.032774,-0.043695,0.054620,2.071338,
13041,306,1.169990,1.547997,0.045216,-1.278960,869.333333,1.279759,272.024795,0.039032,0.067388,0.077876,2.052285,
13051,306,1.179343,1.047744,-0.075200,-1.335818,870.000000,1.337933,266.777947,-0.180624,-0.085288,0.199747,2.242051,
13061,306,1.109831,0.479342,-0.178157,-1.496943,870.666667,1.507507,263.212914,-0.154437,-0.241687,0.286816,2.377314,
13071,306,1.036817,-0.149810,-0.175733,-1.450364,871.333333,1.460971,263.091466,0.003637,0.069868,0.069963,2.257812,
13081,306,0.969245,-0.680949,-0.291830,-1.413250,872.000000,1.443066,258.332648,-0.174147,0.055671,0.182829,2.233991,
13091,306,0.803353,-1.280410,-0.205568,-1.553398,872.666667,1.566941,262.461609,0.129394,-0.210222,0.246852,2.277728,
13101,306,0.804791,-1.923667,-0.019869,-1.605923,873.333333,1.606046,269.291151,0.278548,-0.078787,0.289476,2.410011,
13111,306,0.787457,-2.565148,-0.083280,-1.474171,874.000000,1.476521,266.766622,-0.095117,0.197628,0.219326,2.272699,
13121,306,0.738166,-3.103004,0.132162,-1.423752,874.666667,1.429873,275.303375,0.323164,0.075628,0.331895,2.242922,
13131,306,0.893187,-3.704150,0.338915,-1.521239,875.333333,1.558535,282.559730,0.310129,-0.146230,0.342875,2.170212,
13141,306,1.009298,-4.319995,0.266691,-1.536099,876.000000,1.559078,279.849288,-0.108335,-0.022290,0.110604,1.645379,
13151,306,1.106540,-4.933029,0.450998,-1.575300,876.666667,1.638588,285.976066,0.276460,-0.058803,0.282644,1.533700,
13161,306,1.370097,-5.580235,0.434075,-1.445241,877.333333,1.509021,286.717537,-0.025384,0.195089,0.196733,1.832670,
13171,306,1.453800,-6.089221,0.221255,-1.473317,878.000000,1.489837,278.540544,-0.319231,-0.042114,0.321997,2.318703,
13181,306,1.547100,-6.758888,0.328306,-1.629812,878.666667,1.662550,281.389126,0.160577,-0.234743,0.284410,2.319678,
13191,306,1.716445,-7.393071,0.254566,-1.697759,879.333333,1.716738,278.527533,-0.110610,-0.101920,0.150407,1.761834,
13201,306,1.750753,-8.117095,-0.001103,-1.704948,880.000000,1.704948,269.962931,-0.383503,-0.010783,0.383655,1.104959,3.616405
13211,306,1.715563,-8.757029,0.004430,-1.605663,880.666667,1.605669,270.158087,0.008300,0.148927,0.149158,1.096523,
13221,306,1.754297,-9.401625,-0.015974,-1.556276,881.333333,1.556358,269.411929,-0.030606,0.074080,0.080154,1.902308,
13231,306,1.702784,-10.002050,-0.128784,-1.501061,882.000000,1.506576,265.096313,-0.169215,0.082822,0.188396,2.858616,
13061,307,2.586416,-8.627457,-0.264424,1.010912,870.666667,1.044922,104.658449,,,,7.333650,
13071,307,2.480646,-8.223092,-0.141445,1.177608,871.333333,1.186073,96.849107,0.184469,0.250045,0.310727,6.324509,2.126841
13081,307,2.473260,-7.685370,0.022962,1.266385,872.000000,1.266593,88.961214,0.246611,0.133164,0.280267,5.161201,1.644357
13091,307,2.499016,-7.209984,-0.003777,1.193143,872.666667,1.193149,90.181394,-0.040110,-0.109862,0.116955,4.051381,1.360447
13101,307,2.470238,-6.730855,-0.047878,1.220663,873.333333,1.221601,92.246173,-0.066151,0.041279,0.077974,1.581691,0.918527
13111,307,2.460713,-6.233454,0.088345,1.208530,874.000000,1.211755,85.819055,0.204335,-0.018199,0.205144,1.525360,
13121,307,2.540913,-5.764031,0.107002,1.131404,874.666667,1.136453,84.597326,0.027986,-0.115689,0.119026,0.971265,
13131,307,2.546315,-5.328331,0.013500,1.088906,875.333333,1.088990,89.289711,-0.140254,-0.063746,0.154061,0.573894,
13141,307,2.551713,-4.892906,0.014827,1.112829,876.000000,1.112928,89.236641,0.001991,0.035884,0.035939,1.274869,
13151,307,2.558177,-4.438068,-0.106539,0.976517,876.666667,0.982312,96.226387,-0.182049,-0.204467,0.273768,1.353798,
13161,307,2.466482,-4.111692,-0.273542,0.846148,877.333333,0.889265,107.914957,-0.250505,-0.195554,0.317796,1.657144,8.751210
13171,307,2.339343,-3.761149,-0.224376,0.916359,878.000000,0.943428,103.758499,0.073750,0.105316,0.128571,2.002658,2.543650
13181,307,2.286982,-3.378605,-0.133642,0.907400,878.666667,0.917189,98.378311,0.136100,-0.013438,0.136762,2.408732,2.254427
13191,307,2.232429,-3.035229,-0.229084,0.845048,879.333333,0.875549,105.167758,-0.143163,-0.093527,0.171006,2.759807,1.965028
13201,307,2.103715,-2.702567,-0.203701,0.892481,880.000000,0.915432,102.856999,0.038075,0.071148,0.080696,3.467439,1.535504
13211,307,2.069469,-2.321245,-0.001002,0.818672,880.666667,0.818673,90.070125,0.304048,-0.110712,0.323577,3.183862,
13221,307,2.102913,-2.047629,0.043334,0.788035,881.333333,0.789226,86.852454,0.066505,-0.045955,0.080838,2.335875,
13231,307,2.104136,-1.690816,-0.101868,0.657898,882.000000,0.665737,98.801706,-0.217804,-0.195207,0.292479,1.415513,
13241,307,2.021419,-1.521311,-0.081699,0.605687,882.666667,0.611172,97.682097,0.030253,-0.078316,0.083956,0.717240,
13251,307,2.038777,-1.206267,0.005621,0.519920,883.333333,0.519950,89.380533,0.130981,-0.128651,0.183595,0.933783,
13261,307,2.025916,-1.105375,-0.024214,-0.021521,884.000000,0.032396,221.630424,-0.044753,-0.812161,0.813393,1.552458,
13271,307,2.019406,-1.223484,-0.006781,-0.123027,884.666667,0.123214,266.845080,0.026149,-0.152259,0.154488,2.089359,
13281,307,2.020491,-1.203797,0.001356,0.024609,885.333333,0.024646,86.845080,0.012206,0.221454,0.221791,1.399450,
13291,307,2.020491,-1.203797,-0.017438,0.101531,886.000000,0.103018,99.745459,-0.028192,0.115384,0.118778,0.994495,
13301,307,2.006540,-1.122572,-0.018795,0.076922,886.666667,0.079185,103.730431,-0.002035,-0.036913,0.036969,1.123143,
13311,307,2.005455,-1.142259,-0.002714,-0.049219,887.333333,0.049294,266.843849,0.024121,-0.189212,0.190743,1.719604,
13321,307,2.004369,-1.161947,-0.002714,-0.049221,888.000000,0.049296,266.843849,-0.000000,-0.000003,0.000003,2.488162,
13331,307,2.003284,-1.181636,-0.026947,-0.070752,888.666667,0.075709,249.149697,-0.036349,-0.032295,0.048624,3.231950,
13341,307,1.982811,-1.218548,-0.094269,-0.036877,889.333333,0.101225,201.364933,-0.100983,0.050812,0.113046,2.927006,
13351,307,1.927868,-1.211138,-0.244006,0.182011,890.000000,0.304412,143.279590,-0.224605,0.328333,0.397806,2.329802,
13361,307,1.787607,-1.072939,-0.350654,0.345496,890.666667,0.492266,135.424450,-0.159972,0.245227,0.292792,1.690350,
13101,308,3.136360,-8.165437,0.775125,1.919713,873.333333,2.070294,68.012548,,,,1.581691,
13111,308,3.446410,-7.397552,0.553243,1.979296,874.000000,2.055162,74.383528,-0.332823,0.089376,0.344615,1.525360,
13121,308,3.578955,-6.582000,0.376262,2.055445,874.666667,2.089599,79.626509,-0.265472,0.114222,0.289002,1.321591,
13131,308,3.747420,-5.753197,0.307432,2.029544,875.333333,2.052696,81.386407,-0.103244,-0.038851,0.110312,1.274034,
13141,308,3.824900,-4.958365,0.153241,2.061972,876.000000,2.067658,85.749724,-0.231287,0.048642,0.236346,1.274869,
13151,308,3.870012,-4.103619,0.068654,2.139855,876.666667,2.140956,88.162370,-0.126880,0.116825,0.172472,1.353798,
13161,308,3.879824,-3.246481,0.018122,2.020599,877.333333,2.020680,89.486159,-0.075799,-0.178884,0.194281,1.657144,
13171,308,3.884510,-2.487140,-0.000060,2.093507,878.000000,2.093507,90.001650,-0.027273,0.109361,0.112711,2.002658,
13181,308,3.879776,-1.571676,-0.022051,2.094598,878.666667,2.094714,90.603157,-0.032986,0.001637,0.033026,2.408732,
13191,308,3.866869,-0.811462,-0.032266,1.900535,879.333333,1.900808,90.972642,-0.015323,-0.291095,0.291498,2.759807,
13131,309,-1.542927,-6.727180,0.000000,0.000000,875.333333,0.000000,0.000000,,,,1.496014,
13141,309,-1.542927,-6.727180,0.000000,0.000000,876.000000,0.000000,0.000000,0.000000,0.000000,0.000000,1.496014,
13151,309,-1.542927,-6.727180,-0.023149,0.027628,876.666667,0.036044,129.958878,-0.034723,0.041441,0.054065,1.496014,
13161,309,-1.561446,-6.705078,-0.023149,0.027628,877.333333,0.036044,129.958878,0.000000,0.000000,0.000000,1.521049,
13171,309,-1.561446,-6.705078,0.000000,0.000000,878.000000,0.000000,0.000000,0.034723,-0.041441,0.054065,1.523515,
13181,309,-1.561446,-6.705078,-0.023157,0.027637,878.666667,0.036056,129.958878,-0.034735,0.041456,0.054084,1.482506,
13191,309,-1.579971,-6.682968,-0.023157,0.027637,879.333333,0.036056,129.958878,0.000000,0.000000,0.000000,1.444668,
13201,309,-1.579971,-6.682968,0.000000,0.000000,880.000000,0.000000,0.000000,0.034735,-0.041456,0.054084,1.444668,
13211,309,-1.579971,-6.682968,0.000000,0.000000,880.666667,0.000000,0.000000,0.000000,0.000000,0.000000,1.526505,
13221,309,-1.579971,-6.682968,0.000000,0.000000,881.333333,0.000000,0.000000,0.000000,0.000000,0.000000,1.605881,
13231,309,-1.579971,-6.682968,-0.024685,0.001866,882.000000,0.024755,175.676063,-0.037027,0.002800,0.037133,1.667507,
13241,309,-1.599719,-6.681475,-0.049379,0.003734,882.666667,0.049520,175.676062,-0.037042,0.002801,0.037148,1.649783,
13251,309,-1.619475,-6.679981,-0.024695,0.001867,883.333333,0.024765,175.676062,0.037027,-0.002800,0.037133,1.632363,
13261,309,-1.619475,-6.679981,0.000000,0.000000,884.000000,0.000000,0.000000,0.037042,-0.002801,0.037148,1.614937,
13271,309,-1.619475,-6.679981,0.000000,0.000000,884.666667,0.000000,0.000000,0.000000,0.000000,0.000000,1.618215,
13281,309,-1.619475,-6.679981,0.000000,0.000000,885.333333,0.000000,0.000000,0.000000,0.000000,0.000000,1.618215,
13291,309,-1.619475,-6.679981,0.000000,0.000000,886.000000,0.000000,0.000000,0.000000,0.000000,0.000000,1.618215,
13301,309,-1.619475,-6.679981,0.000000,0.000000,886.666667,0.000000,0.000000,0.000000,0.000000,0.000000,1.618215,
13311,309,-1.619475,-6.679981,0.071017,-0.057143,887.333333,0.091153,321.178435,0.106526,-0.085715,0.136729,1.618215,
13321,309,-1.562661,-6.725696,0.071017,-0.057143,888.000000,0.091153,321.178435,0.000000,0.000000,0.000000,1.567872,
13331,309,-1.562661,-6.725696,-0.001519,-0.025774,888.666667,0.025819,266.627587,-0.108804,0.047054,0.118543,1.567872,
13341,309,-1.563876,-6.746315,-0.001519,-0.025774,889.333333,0.025819,266.627587,0.000000,0.000000,0.000000,1.567878,
13351,309,-1.563876,-6.746315,0.001519,0.025774,890.000000,0.025819,86.627587,0.004556,0.077322,0.077456,1.588066,
13361,309,-1.562661,-6.725696,0.001519,0.025774,890.666667,0.025819,86.627587,0.000000,0.000000,0.000000,1.600471,
13371,309,-1.562661,-6.725696,0.000000,0.000000,891.333333,0.000000,0.000000,-0.002278,-0.038661,0.038728,1.673007,
13381,309,-1.562661,-6.725696,0.024667,-0.001855,892.000000,0.024737,355.699592,0.037001,-0.002782,0.037105,1.657174,
13391,309,-1.542927,-6.727180,0.024667,-0.001855,892.666667,0.024737,355.699592,0.000000,0.000000,0.000000,1.596558,7.281068
13401,309,-1.542927,-6.727180,0.000000,0.000000,893.333333,0.000000,0.000000,-0.037001,0.002782,0.037105,1.521418,
13131,310,-1.492230,-8.222335,0.000000,0.000000,875.333333,0.000000,0.000000,,,,1.496014,
13141,310,-1.492230,-8.222335,0.000000,0.000000,876.000000,0.000000,0.000000,0.000000,0.000000,0.000000,1.496014,
13151,310,-1.492230,-8.222335,0.024654,-0.001487,876.666667,0.024698,356.548290,0.036980,-0.002231,0.037048,1.496014,
13161,310,-1.472507,-8.223524,0.049298,-0.002973,877.333333,0.049387,356.548290,0.036966,-0.002230,0.037033,1.521049,
13171,310,-1.452792,-8.224713,0.027674,0.050135,878.000000,0.057266,61.101686,-0.032435,0.079662,0.086012,1.523515,
13181,310,-1.450368,-8.183416,0.007575,0.129044,878.666667,0.129266,86.640709,-0.030149,0.118364,0.122143,1.482506,
13191,310,-1.446732,-8.121478,0.004545,0.077423,879.333333,0.077556,86.640709,-0.004545,-0.077432,0.077565,1.444668,
13201,310,-1.446732,-8.121478,-0.006060,-0.103233,880.000000,0.103410,266.640709,-0.015906,-0.270983,0.271449,1.444668,
13211,310,-1.451580,-8.204064,-0.036767,-0.205014,880.666667,0.208284,259.832748,-0.046061,-0.152672,0.159469,1.526505,
13221,310,-1.476145,-8.285489,-0.035256,-0.179248,881.333333,0.182683,258.872582,0.002266,0.038648,0.038714,1.605881,
13231,310,-1.479785,-8.347463,-0.003033,-0.051644,882.000000,0.051733,266.639399,0.048336,0.191407,0.197416,1.667507,
13241,310,-1.478571,-8.326804,0.003033,0.051646,882.666667,0.051735,86.639399,0.009098,0.154935,0.155202,1.649783,
13251,310,-1.477358,-8.306146,0.027679,0.050172,883.333333,0.057301,61.115325,0.036970,-0.002211,0.037036,1.632363,
13261,310,-1.456428,-8.286666,0.050800,0.022879,884.000000,0.055714,24.245876,0.034681,-0.040940,0.053655,1.614937,
13271,310,-1.436719,-8.287843,0.024637,-0.001471,884.666667,0.024681,356.583719,-0.039244,-0.036525,0.053611,1.618215,
13281,310,-1.436719,-8.287843,0.000000,0.000000,885.333333,0.000000,0.000000,-0.036955,0.002206,0.037021,1.618215,
13291,310,-1.436719,-8.287843,0.000000,0.000000,886.000000,0.000000,0.000000,0.000000,0.000000,0.000000,1.618215,
13301,310,-1.436719,-8.287843,0.000000,0.000000,886.666667,0.000000,0.000000,0.000000,0.000000,0.000000,1.618215,
13311,310,-1.436719,-8.287843,0.149127,0.016967,887.333333,0.150089,6.491121,0.223691,0.025451,0.225134,1.618215,
13321,310,-1.317417,-8.274269,0.149127,0.016967,888.000000,0.150089,6.491121,0.000000,0.000000,0.000000,1.567872,
13331,310,-1.317417,-8.274269,-0.001509,-0.025780,888.666667,0.025824,266.649864,-0.225954,-0.064121,0.234876,1.567872,
13341,310,-1.318624,-8.294893,-0.003018,-0.051561,889.333333,0.051649,266.649864,-0.002264,-0.038671,0.038738,1.567878,
13351,310,-1.319832,-8.315517,-0.050678,-0.022856,890.000000,0.055594,204.275389,-0.071490,0.043057,0.083455,1.588066,
13361,310,-1.359167,-8.313177,0.020045,-0.078797,890.666667,0.081306,284.272526,0.106085,-0.083911,0.135259,1.600471,
13371,310,-1.303796,-8.378555,0.095284,-0.057393,891.333333,0.111234,328.937977,0.112860,0.032105,0.117337,1.673007,
13381,310,-1.282939,-8.359092,0.055143,0.100179,892.000000,0.114353,61.169778,-0.060212,0.236359,0.243908,1.657174,
13391,310,-1.259681,-8.298411,0.059634,0.177417,892.666667,0.187171,71.421210,0.006737,0.115856,0.116052,1.596558,7.281068
13401,310,-1.235232,-8.217159,0.061124,0.203132,893.333333,0.212129,73.253054,0.002235,0.038573,0.038638,1.521418,
13131,311,-1.363640,-2.678361,0.000000,0.000000,875.333333,0.000000,0.000000,,,,2.449252,
13141,311,-1.363640,-2.678361,0.000000,0.000000,876.000000,0.000000,0.000000,0.000000,0.000000,0.000000,2.449252,
13151,311,-1.363640,-2.678361,0.000000,0.000000,876.666667,0.000000,0.000000,0.000000,0.000000,0.000000,2.449252,
13161,311,-1.363640,-2.678361,0.000000,0.000000,877.333333,0.000000,0.000000,0.000000,0.000000,0.000000,2.449252,
13171,311,-1.363640,-2.678361,0.000000,0.000000,878.000000,0.000000,0.000000,0.000000,0.000000,0.000000,2.449252,
13181,311,-1.363640,-2.678361,0.000000,0.000000,878.666667,0.000000,0.000000,0.000000,0.000000,0.000000,2.449252,5.526832
13191,311,-1.363640,-2.678361,0.000000,0.000000,879.333333,0.000000,0.000000,0.000000,0.000000,0.000000,2.449252,5.271731
13201,311,-1.363640,-2.678361,0.000000,0.000000,880.000000,0.000000,0.000000,0.000000,0.000000,0.000000,2.449252,5.721807
13211,311,-1.363640,-2.678361,0.000000,0.000000,880.666667,0.000000,0.000000,0.000000,0.000000,0.000000,2.449252,
13221,311,-1.363640,-2.678361,0.000000,0.000000,881.333333,0.000000,0.000000,0.000000,0.000000,0.000000,2.449252,
13231,311,-1.363640,-2.678361,0.000000,0.000000,882.000000,0.000000,0.000000,0.000000,0.000000,0.000000,2.449252,
13241,311,-1.363640,-2.678361,0.000000,0.000000,882.666667,0.000000,0.000000,0.000000,0.000000,0.000000,2.449252,
13251,311,-1.363640,-2.678361,0.000000,0.000000,883.333333,0.000000,0.000000,0.000000,0.000000,0.000000,2.449252,
13261,311,-1.363640,-2.678361,0.000000,0.000000,884.000000,0.000000,0.000000,0.000000,0.000000,0.000000,2.449252,
13271,311,-1.363640,-2.678361,0.000000,0.000000,884.666667,0.000000,0.000000,0.000000,0.000000,0.000000,2.449252,
13281,311,-1.363640,-2.678361,0.000000,0.000000,885.333333,0.000000,0.000000,0.000000,0.000000,0.000000,2.449252,
13291,311,-1.363640,-2.678361,0.000000,0.000000,886.000000,0.000000,0.000000,0.000000,0.000000,0.000000,2.449252,2.833340
13301,311,-1.363640,-2.678361,0.000000,0.000000,886.666667,0.000000,0.000000,0.000000,0.000000,0.000000,2.342486,2.045554
13311,311,-1.363640,-2.678361,0.000000,0.000000,887.333333,0.000000,0.000000,0.000000,0.000000,0.000000,1.953932,2.794595
13321,311,-1.363640,-2.678361,0.000000,0.000000,888.000000,0.000000,0.000000,0.000000,0.000000,0.000000,1.534818,1.288369
13331,311,-1.363640,-2.678361,0.000000,0.000000,888.666667,0.000000,0.000000,0.000000,0.000000,0.000000,1.319951,
13341,311,-1.363640,-2.678361,0.007531,0.127693,889.333333,0.127915,86.624957,0.011296,0.191540,0.191872,1.209455,
13351,311,-1.357616,-2.576207,0.000000,0.000000,890.000000,0.000000,0.000000,-0.011296,-0.191540,0.191872,1.218285,
13361,311,-1.363640,-2.678361,-0.007531,-0.127693,890.666667,0.127915,266.624957,-0.011296,-0.191540,0.191872,1.146451,
13371,311,-1.363640,-2.678361,0.000000,0.000000,891.333333,0.000000,0.000000,0.011296,0.191540,0.191872,1.061912,2.411575
13381,311,-1.363640,-2.678361,0.000000,0.000000,892.000000,0.000000,0.000000,0.000000,0.000000,0.000000,0.901511,0.944945
13391,311,-1.363640,-2.678361,0.000000,0.000000,892.666667,0.000000,0.000000,0.000000,0.000000,0.000000,0.773006,0.729293
13401,311,-1.363640,-2.678361,0.000000,0.000000,893.333333,0.000000,0.000000,0.000000,0.000000,0.000000,0.712588,0.833404
13131,312,-1.043132,3.089049,0.048548,-0.008446,875.333333,0.049278,350.131411,,,,0.612328,0.332439
13141,312,-1.023713,3.085671,-0.266145,0.071816,876.000000,0.275664,164.899059,-0.472040,0.120393,0.487151,0.597518,
13151,312,-1.256048,3.146502,-0.580839,0.152078,876.666667,0.600418,165.327897,-0.472040,0.120393,0.487151,0.781968,
13131,313,-0.517250,3.402725,0.000000,0.000000,875.333333,0.000000,0.000000,,,,0.612328,0.332439
13141,313,-0.517250,3.402725,0.000000,0.000000,876.000000,0.000000,0.000000,0.000000,0.000000,0.000000,0.597518,
13151,313,-0.517250,3.402725,0.000000,0.000000,876.666667,0.000000,0.000000,0.000000,0.000000,0.000000,0.781968,
13161,313,-0.517250,3.402725,0.000000,0.000000,877.333333,0.000000,0.000000,0.000000,0.000000,0.000000,0.595296,8.751210
13171,313,-0.517250,3.402725,0.000000,0.000000,878.000000,0.000000,0.000000,0.000000,0.000000,0.000000,2.254525,
13181,313,-0.517250,3.402725,0.000000,0.000000,878.666667,0.000000,0.000000,0.000000,0.000000,0.000000,2.384332,
13191,313,-0.517250,3.402725,0.000000,0.000000,879.333333,0.000000,0.000000,0.000000,0.000000,0.000000,2.569050,
13201,313,-0.517250,3.402725,0.000000,0.000000,880.000000,0.000000,0.000000,0.000000,0.000000,0.000000,2.897953,
13211,313,-0.517250,3.402725,0.000000,0.000000,880.666667,0.000000,0.000000,0.000000,0.000000,0.000000,3.294176,
13221,313,-0.517250,3.402725,0.000000,0.000000,881.333333,0.000000,0.000000,0.000000,0.000000,0.000000,3.703266,
13231,313,-0.517250,3.402725,0.000000,0.000000,882.000000,0.000000,0.000000,0.000000,0.000000,0.000000,2.188812,9.544083
13241,313,-0.517250,3.402725,0.000000,0.000000,882.666667,0.000000,0.000000,0.000000,0.000000,0.000000,2.077089,
13251,313,-0.517250,3.402725,0.000000,0.000000,883.333333,0.000000,0.000000,0.000000,0.000000,0.000000,2.199667,
13261,313,-0.517250,3.402725,0.000000,0.000000,884.000000,0.000000,0.000000,0.000000,0.000000,0.000000,2.692824,7.751114
13271,313,-0.517250,3.402725,0.000000,0.000000,884.666667,0.000000,0.000000,0.000000,0.000000,0.000000,3.175510,8.408538
13281,313,-0.517250,3.402725,0.000000,0.000000,885.333333,0.000000,0.000000,0.000000,0.000000,0.000000,3.703266,
13291,313,-0.517250,3.402725,0.000000,0.000000,886.000000,0.000000,0.000000,0.000000,0.000000,0.000000,3.703266,
13301,313,-0.517250,3.402725,0.000000,0.000000,886.666667,0.000000,0.000000,0.000000,0.000000,0.000000,3.703266,
13311,313,-0.517250,3.402725,0.000000,0.000000,887.333333,0.000000,0.000000,0.000000,0.000000,0.000000,3.703266,
13321,313,-0.517250,3.402725,0.000000,0.000000,888.000000,0.000000,0.000000,0.000000,0.000000,0.000000,2.417517,
13331,313,-0.517250,3.402725,0.000000,0.000000,888.666667,0.000000,0.000000,0.000000,0.000000,0.000000,2.747186,
13341,313,-0.517250,3.402725,-0.064174,-0.267236,889.333333,0.274834,256.496781,-0.096261,-0.400855,0.412251,3.173242,
13351,313,-0.568589,3.188936,-0.064174,-0.267236,890.000000,0.274834,256.496781,0.000000,0.000000,0.000000,3.483635,
13361,313,-0.568589,3.188936,0.000000,0.000000,890.666667,0.000000,0.000000,0.096261,0.400855,0.412251,3.483635,
13371,313,-0.568589,3.188936,0.000000,0.000000,891.333333,0.000000,0.000000,0.000000,0.000000,0.000000,3.483635,
13381,313,-0.568589,3.188936,0.000000,0.000000,892.000000,0.000000,0.000000,0.000000,0.000000,0.000000,3.483635,
13391,313,-0.568589,3.188936,0.000000,0.000000,892.666667,0.000000,0.000000,0.000000,0.000000,0.000000,3.483635,
13401,313,-0.568589,3.188936,0.000000,0.000000,893.333333,0.000000,0.000000,0.000000,0.000000,0.000000,3.483635,
13161,314,-1.005489,3.062138,0.000000,0.000000,877.333333,0.000000,0.000000,,,,0.595296,
13171,315,1.125675,-9.976680,-0.026324,1.214566,878.000000,1.214852,91.241601,,,,1.961381,
13181,315,1.115145,-9.490854,-0.166915,1.221930,878.666667,1.233278,97.778444,-0.210887,0.011046,0.211176,0.535645,
13191,315,0.992142,-8.999136,-0.433980,1.085912,879.333333,1.169420,111.783925,-0.400598,-0.204027,0.449562,0.546609,5.271731
13201,315,0.767961,-8.622124,-0.274040,1.002822,880.000000,1.039592,105.283971,0.239911,-0.124634,0.270354,0.276669,5.721807
13211,315,0.772911,-8.196878,0.085794,1.108515,880.666667,1.111830,85.574375,0.539751,0.158538,0.562553,0.320958,3.193325
13221,315,0.836596,-7.735312,0.019438,1.188123,881.333333,1.188282,89.062709,-0.099534,0.119412,0.155455,0.504432,2.607956
13231,315,0.788461,-7.246380,-0.198149,1.102015,882.000000,1.119687,100.193208,-0.326380,-0.129162,0.351009,0.489983,9.544083
13241,315,0.678077,-6.853701,-0.059665,1.041201,882.666667,1.042909,93.279694,0.207726,-0.091221,0.226873,0.415696,3.176461
13251,315,0.740729,-6.413419,0.088753,1.155976,883.333333,1.159378,85.609604,0.222626,0.172163,0.281430,0.554279,2.515276
13261,315,0.749079,-5.928920,-0.173297,1.127141,884.000000,1.140385,98.740746,-0.393075,-0.043253,0.395447,0.615127,0.105943
13271,315,0.602091,-5.511707,-0.226109,1.031112,884.666667,1.055612,102.368442,-0.079218,-0.144043,0.164390,0.440202,
13281,315,0.568192,-5.104030,-0.008252,1.112904,885.333333,1.112934,90.424822,0.326786,0.122688,0.349058,0.505509,1.409608
13291,315,0.595490,-4.621384,-0.248991,1.061519,886.000000,1.090330,103.200717,-0.361109,-0.077077,0.369243,0.734431,
13301,315,0.368999,-4.254815,-0.570304,0.867938,886.666667,1.038539,123.308064,-0.481969,-0.290371,0.562681,0.734767,2.045554
13311,315,0.139247,-3.927033,-0.544472,0.944884,887.333333,1.090530,119.951891,0.038748,0.115418,0.121749,0.753226,
13321,315,-0.066579,-3.498908,-0.543231,0.591786,888.000000,0.803312,132.550440,0.001861,-0.529647,0.529650,1.018705,1.288369
13331,315,-0.295338,-3.453604,-0.506779,0.004223,888.666667,0.506796,179.522547,0.054678,-0.881344,0.883039,0.881793,0.937313
13341,315,-0.472002,-3.495529,-0.342879,-0.064686,889.333333,0.348927,190.683671,0.245850,-0.103364,0.266695,0.776171,2.127187
13351,315,-0.569641,-3.505354,-0.122050,-0.012280,890.000000,0.122666,185.745689,0.331244,0.078609,0.340444,0.797334,
13361,315,-0.569641,-3.505354,-0.042406,0.106761,890.666667,0.114875,111.663375,0.119465,0.178563,0.214840,0.806361,
13371,315,-0.603566,-3.419945,-0.084813,0.213522,891.333333,0.229750,111.663375,-0.063610,0.160142,0.172312,0.809315,2.411575
13171,316,1.736343,3.337902,0.047534,-1.641240,878.000000,1.641928,271.658959,,,,2.254525,2.543650
13181,316,1.755356,2.681407,-0.064503,-1.573161,878.666667,1.574483,267.652062,-0.168056,0.102118,0.196649,2.384332,2.254427
13191,316,1.684740,2.079373,-0.179477,-1.555925,879.333333,1.566242,263.419968,-0.172461,0.025855,0.174388,2.569050,1.965028
13201,316,1.611775,1.436667,-0.204314,-1.580378,880.000000,1.593530,262.633552,-0.037256,-0.036680,0.052282,2.897953,1.535504
13211,316,1.521289,0.815071,-0.274158,-1.573859,880.666667,1.597559,260.118518,-0.104766,0.009778,0.105221,2.180393,3.193325
13221,316,1.392448,0.177579,-0.183539,-1.616172,881.333333,1.626560,263.521028,0.135929,-0.063469,0.150017,2.335875,2.607956
13231,316,1.374458,-0.477867,-0.001431,-1.695340,882.000000,1.695341,269.951625,0.273161,-0.118752,0.297858,1.415513,
13241,316,1.391303,-1.178693,0.018956,-1.749537,882.666667,1.749640,270.620758,0.030581,-0.081295,0.086857,0.717240,
13251,316,1.389622,-1.877496,0.159233,-1.742426,883.333333,1.749687,275.221523,0.210416,0.010667,0.210686,0.933783,
13261,316,1.518689,-2.572634,0.160682,-1.717915,884.000000,1.725414,275.343521,0.002174,0.036766,0.036830,1.552458,
13271,316,1.518168,-3.251829,0.244457,-1.874533,884.666667,1.890406,277.429998,0.125663,-0.234927,0.266424,2.089359,
13281,316,1.714255,-4.072260,0.201176,-1.820103,885.333333,1.831187,276.307295,-0.064922,0.081645,0.104311,1.542080,
13291,316,1.679109,-4.707911,-0.228055,-1.602467,886.000000,1.618614,261.900333,-0.643847,0.326454,0.721880,1.087068,
13301,316,1.531811,-5.354234,-0.052846,-1.795946,886.666667,1.796724,268.314534,0.262813,-0.290219,0.391533,1.600267,
13311,316,1.636832,-6.144668,0.130684,-1.839608,887.333333,1.844244,274.063410,0.275296,-0.065493,0.282979,2.387208,
13321,316,1.636358,-6.825920,0.013677,-1.855319,888.000000,1.855369,270.422378,-0.175510,-0.023566,0.177085,3.185119,
13331,316,1.647774,-7.628923,0.024415,-2.083276,888.666667,2.083419,270.671450,0.016106,-0.341935,0.342314,3.034605,
13341,316,1.655890,-8.492541,-0.076177,-1.803108,889.333333,1.804716,267.580836,-0.150888,0.420252,0.446518,2.981074,7.024346
13351,316,1.586832,-9.071409,0.043746,-1.735419,890.000000,1.735970,271.443997,0.179884,0.101533,0.206561,2.873597,5.379672
13361,316,1.690887,-9.880876,0.260137,-2.023667,890.666667,2.040319,277.325058,0.324587,-0.432372,0.540650,2.830244,
13181,317,0.647714,-9.752432,-0.313034,1.184057,878.666667,1.224737,104.808701,,,,0.535645,5.526832
13191,317,0.522500,-9.278810,-0.122263,1.200029,879.333333,1.206241,95.817404,0.286156,0.023959,0.287158,0.546609,
13201,317,0.549903,-8.792409,-0.030488,1.145131,880.000000,1.145537,91.525105,0.137662,-0.082347,0.160411,0.276669,3.601771
13211,317,0.498109,-8.362705,-0.224427,1.080677,880.666667,1.103735,101.731990,-0.290908,-0.096681,0.306552,0.320958,6.984870
13221,317,0.370362,-7.927867,-0.175632,1.103737,881.333333,1.117623,99.041393,0.073192,0.034589,0.080954,0.504432,6.593816
13231,317,0.357604,-7.479715,-0.058511,1.071379,882.000000,1.072976,93.125959,0.175682,-0.048536,0.182264,0.489983,3.884443
13241,317,0.323553,-7.070764,-0.155037,1.053309,882.666667,1.064658,98.373262,-0.144789,-0.027106,0.147305,0.415696,6.302155
13251,317,0.233574,-6.637068,-0.153647,1.079116,883.333333,1.090000,98.103445,0.002085,0.038711,0.038767,0.554279,5.756553
13261,317,0.200636,-6.207471,-0.008079,1.118474,884.000000,1.118503,90.413849,0.218352,0.059037,0.226193,0.615127,0.105943
13271,317,0.227111,-5.742289,-0.061431,1.021574,884.666667,1.023420,93.441261,-0.080028,-0.145350,0.165925,0.440202,8.408538
13281,317,0.151491,-5.390211,-0.263635,0.836807,885.333333,0.877353,107.486972,-0.303306,-0.277152,0.410862,0.505509,5.449857
13291,317,0.016203,-5.072843,-0.319046,0.716134,886.000000,0.783988,114.013535,-0.083117,-0.181009,0.199180,0.734431,2.833340
13301,317,-0.103746,-4.817304,-0.255151,0.584183,886.666667,0.637473,113.594074,0.095842,-0.197926,0.219910,0.734767,3.049395
13311,317,-0.187918,-4.605497,-0.455529,0.477735,887.333333,0.660104,133.636931,-0.300566,-0.159671,0.340346,0.753226,2.794595
13321,317,-0.468169,-4.435116,-0.604204,0.442819,888.000000,0.749100,143.762456,-0.223013,-0.052375,0.229081,1.018705,
13331,317,-0.671281,-4.251242,-0.420556,0.297869,888.666667,0.515358,144.691056,0.275472,-0.217425,0.350939,0.881793,0.937313
13341,317,-0.804614,-4.196821,-0.409783,0.092624,889.333333,0.420121,167.263315,0.016159,-0.307867,0.308291,0.776171,2.127187
13351,317,-0.999108,-4.177142,-0.267482,0.027063,890.000000,0.268847,174.222582,0.213453,-0.098342,0.235017,0.797334,
13361,317,-1.018600,-4.175170,0.194570,-0.019686,890.666667,0.195563,354.222582,0.693078,-0.070124,0.696616,0.806361,
13371,317,-0.843452,-4.192891,0.437868,-0.044303,891.333333,0.440104,354.222582,0.364947,-0.036925,0.366810,0.809315,
13211,318,3.699171,0.710448,-0.107489,2.155035,880.666667,2.157714,92.855441,,,,2.180393,
13221,318,3.656175,1.572462,-0.052885,1.926955,881.333333,1.927681,91.572071,0.081907,-0.342119,0.351787,2.658977,
13231,318,3.656863,2.252012,-0.019037,1.726167,882.000000,1.726272,90.631856,0.050772,-0.301183,0.305432,2.555413,
13241,318,3.640946,2.953395,-0.039793,1.753457,882.666667,1.753909,91.300063,-0.031135,0.040936,0.051431,2.108670,
13231,319,1.632939,3.812098,-0.239512,-1.789119,882.000000,1.805080,262.375066,,,,2.188812,3.884443
13241,319,1.537134,3.096451,-0.316064,-1.902897,882.666667,1.928967,260.569489,-0.114828,-0.170667,0.205700,2.077089,3.176461
13251,319,1.380088,2.289781,-0.329415,-2.130915,883.333333,2.156227,261.212301,-0.020026,-0.342028,0.342614,2.199667,2.515276
13261,319,1.273602,1.391719,-0.299228,-1.994232,884.000000,2.016556,261.466617,0.045280,0.205026,0.209966,2.607959,2.170755
13271,319,1.140706,0.694396,-0.152062,-1.872750,884.666667,1.878914,265.357916,0.220748,0.182222,0.286242,2.109592,
13281,319,1.151952,-0.106482,-0.120021,-2.132850,885.333333,2.136224,266.779203,0.048061,-0.390149,0.393099,1.399450,1.409608
13291,319,1.044688,-1.011884,-0.004890,-2.175330,886.000000,2.175336,269.871202,0.172697,-0.063721,0.184078,0.994495,
13301,319,1.148040,-1.846746,0.234978,-2.083192,886.666667,2.096402,276.435601,0.359802,0.138208,0.385434,1.123143,
13311,319,1.232671,-2.678438,0.185484,-2.125655,887.333333,2.133733,274.986969,-0.074242,-0.063696,0.097821,1.659689,
13321,319,1.296427,-3.547271,0.179810,-2.223942,888.000000,2.231199,274.622411,-0.008511,-0.147430,0.147675,1.363863,
13331,319,1.376519,-4.457591,0.062276,-2.237434,888.666667,2.238300,271.594352,-0.176300,-0.020238,0.177458,1.950152,
13341,319,1.346248,-5.337217,0.018643,-2.183591,889.333333,2.183670,270.489154,-0.065451,0.080764,0.103955,2.434484,7.024346
13351,319,1.391433,-6.204464,0.043266,-2.163057,890.000000,2.163490,271.145882,0.036935,0.030801,0.048092,2.873597,5.379672
13361,319,1.380861,-7.067663,-0.099062,-2.204957,890.666667,2.207181,267.427613,-0.213491,-0.062850,0.222550,2.830244,
13371,319,1.312183,-7.968429,-0.166322,-2.154145,891.333333,2.160556,265.584930,-0.100891,0.076218,0.126444,2.647933,
13381,319,1.247803,-8.790979,-0.163935,-2.109121,892.000000,2.115482,265.555529,0.003581,0.067536,0.067631,2.567330,
13391,319,1.181035,-9.655726,-0.166919,-2.161867,892.666667,2.168302,265.584930,-0.004476,-0.079119,0.079246,2.792741,
13321,320,1.839582,2.864460,0.381165,-1.449930,888.000000,1.499194,284.728934,,,,2.417517,
13331,320,1.992048,2.284488,0.403450,-1.451891,888.666667,1.506904,285.529500,0.033428,-0.002942,0.033558,2.747186,
13341,320,2.162342,1.702946,0.377059,-1.493405,889.333333,1.540270,284.170061,-0.039586,-0.062270,0.073788,2.927006,
13351,320,2.293695,1.089764,0.395957,-1.541811,890.000000,1.591843,284.403035,0.028346,-0.072609,0.077946,2.329802,
13361,320,2.479108,0.469498,0.429624,-1.740174,890.666667,1.792424,283.868181,0.050501,-0.297545,0.301800,1.690350,
13371,320,2.637395,-0.302376,0.283996,-1.887466,891.333333,1.908712,278.556787,-0.218442,-0.220937,0.310693,3.857461,
13381,320,2.706305,-1.040475,0.066199,-1.707767,892.000000,1.709049,272.219862,-0.326697,0.269548,0.423541,1.355684,
13391,320,2.690354,-1.668589,-0.132902,-1.608897,892.666667,1.614377,265.277838,-0.298651,0.148305,0.333447,1.796667,
13401,320,2.599983,-2.327593,-0.251564,-1.696198,893.333333,1.714752,261.563932,-0.177993,-0.130952,0.220975,3.592358,
13411,320,2.489103,-3.025548,-0.343168,-1.690907,894.000000,1.725379,258.527678,-0.137407,0.007937,0.137636,,
13421,320,2.325449,-3.680318,-0.371096,-1.768579,894.666667,1.807093,258.149701,-0.041892,-0.116508,0.123811,,
13431,320,2.192226,-4.440412,-0.329599,-1.829430,895.333333,1.858884,259.786882,0.062246,-0.091276,0.110481,,
13441,320,2.061770,-5.143863,-0.256496,-1.742929,896.000000,1.761701,261.628239,0.109655,0.129752,0.169882,,
13451,320,1.987029,-5.834755,-0.142483,-1.757816,896.666667,1.763581,265.365924,0.171019,-0.022331,0.172471,,
13461,320,1.947783,-6.550116,-0.141474,-1.736746,897.333333,1.742498,265.343022,0.001514,0.031606,0.031642,,
13471,320,1.873850,-7.224151,-0.049592,-1.745995,898.000000,1.746699,268.373061,0.137823,-0.013873,0.138520,,
13481,320,1.908110,-7.946911,0.017983,-1.778071,898.666667,1.778162,270.579452,0.101362,-0.048115,0.112202,,
13491,320,1.888236,-8.646608,0.057207,-1.906067,899.333333,1.906925,271.719094,0.058835,-0.191994,0.200806,9.677211,
13501,320,1.953875,-9.471765,0.164097,-2.062892,900.000000,2.069408,274.548130,0.160336,-0.235238,0.284683,9.838781,
13381,321,1.376382,-0.777446,-0.453006,0.262708,892.000000,0.523670,149.889618,,,,1.355684,
13391,321,1.195180,-0.672363,-0.453006,0.262708,892.666667,0.523670,149.889618,0.000000,0.000000,0.000000,1.796667,
13381,322,-1.093052,-4.105984,0.000000,0.000000,892.000000,0.000000,0.000000,,,,0.860503,
13391,322,-1.093052,-4.105984,0.000000,0.000000,892.666667,0.000000,0.000000,0.000000,0.000000,0.000000,0.937438,
13401,322,-1.093052,-4.105984,0.000000,0.000000,893.333333,0.000000,0.000000,0.000000,0.000000,0.000000,0.925035,
13381,323,-0.734288,-3.323837,-0.179074,0.275585,892.000000,0.328655,123.015646,,,,0.860503,0.944945
13391,323,-0.805918,-3.213604,-0.186618,0.148574,892.666667,0.238538,141.475306,-0.011316,-0.190517,0.190852,0.773006,0.729293
13401,323,-0.883582,-3.204978,-0.194161,0.021563,893.333333,0.195355,173.662976,-0.011316,-0.190517,0.190852,0.712588,0.833404
13491,324,1.681872,1.028403,0.139535,-1.659406,899.333333,1.665262,274.806535,,,,9.677211,
13501,324,1.737686,0.364640,0.043503,-1.719795,900.000000,1.720346,271.449027,-0.144047,-0.090584,0.170162,9.838781,
13511,324,1.716675,-0.347434,-0.070097,-1.679443,900.666667,1.680905,267.609969,-0.170400,0.060529,0.180831,,
13521,324,1.681609,-0.978914,-0.001098,-1.690699,901.333333,1.690700,269.962782,0.103498,-0.016885,0.104866,,
13531,324,1.715796,-1.699993,-0.028296,-1.764010,902.000000,1.764237,269.081003,-0.040797,-0.109965,0.117289,,
13541,324,1.658972,-2.390122,-0.025509,-1.715555,902.666667,1.715744,269.148129,0.004181,0.072683,0.072803,,
13551,324,1.695389,-3.072437,0.206107,-1.718303,903.333333,1.730620,276.839837,0.347423,-0.004122,0.347448,,
13561,324,1.823857,-3.764764,-0.070344,-1.689558,904.000000,1.691022,267.615893,-0.414677,0.043116,0.416912,,
13571,324,1.639114,-4.424084,-0.143321,-1.757245,904.666667,1.763080,265.337273,-0.109465,-0.101530,0.149302,,
13581,324,1.709200,-5.170560,0.036763,-1.853738,905.333333,1.854103,271.136137,0.270126,-0.144739,0.306460,,
13591,324,1.668525,-5.907074,-0.101689,-1.841285,906.000000,1.844091,266.838922,-0.207679,0.018679,0.208517,,
13731,325,3.066481,-7.113305,-0.148159,1.443712,915.333333,1.451295,95.859389,,,,,
13741,325,3.007217,-6.535820,-0.004148,1.184978,916.000000,1.184985,90.200563,0.216017,-0.388102,0.444169,4.893477,
13751,325,3.063163,-6.165323,0.167400,1.021581,916.666667,1.035206,80.693991,0.257323,-0.245095,0.355368,3.764448,
13761,325,3.141138,-5.718555,0.150007,1.119918,917.333333,1.129920,82.370950,-0.026090,0.147505,0.149795,2.627383,
13771,325,3.183168,-5.269388,-0.025265,1.208835,918.000000,1.209100,91.197342,-0.262908,0.133376,0.294805,1.748732,
13781,325,3.120925,-4.751487,0.222841,1.230968,918.666667,1.250976,79.738945,0.372159,0.033199,0.373637,1.438301,
13791,325,3.361441,-4.284614,0.261166,1.102966,919.333333,1.133465,76.678582,0.057487,-0.192003,0.200424,2.418112,
13801,325,3.329858,-3.869114,-0.117033,1.165809,920.000000,1.171669,95.732612,-0.567299,0.094264,0.575077,1.314038,
13811,325,3.267814,-3.351967,-0.122285,1.068634,920.666667,1.075608,96.528008,-0.007877,-0.145763,0.145975,0.972977,
13821,325,3.232030,-3.014207,-0.065845,0.866204,921.333333,0.868703,94.347035,0.084659,-0.303645,0.315226,1.732854,
13831,325,3.215138,-2.659004,-0.227632,0.788410,922.000000,0.820614,106.104656,-0.242681,-0.116690,0.269278,2.823772,
13841,325,3.049924,-2.383478,-0.206517,0.344407,922.666667,0.401578,120.948190,0.031674,-0.666006,0.666759,3.776603,
13851,325,3.049924,-2.383478,-0.086956,-0.357907,923.333333,0.368319,256.344192,0.179341,-1.053471,1.068627,4.599956,
13861,325,2.980360,-2.669804,-0.173912,-0.715815,924.000000,0.736638,256.344192,-0.130434,-0.536861,0.552479,5.058288,
13741,326,1.915715,-1.765627,-0.114464,-2.073412,916.000000,2.076569,266.840155,,,,4.893477,
13751,326,1.869930,-2.594992,-0.115942,-2.100179,916.666667,2.103376,266.840155,-0.002217,-0.040150,0.040211,3.160061,
13761,326,1.822962,-3.445770,-0.188008,-2.146774,917.333333,2.154991,264.994971,-0.108100,-0.069894,0.128727,2.627383,
13771,326,1.719523,-4.312411,-0.096091,-2.160311,918.000000,2.162447,267.453145,0.137875,-0.020304,0.139363,1.748732,
13781,326,1.746089,-5.174019,0.017576,-2.200394,918.666667,2.200464,270.457656,0.170501,-0.060125,0.180792,1.438301,
13791,326,1.733584,-6.072727,0.084022,-2.256927,919.333333,2.258491,272.132052,0.099669,-0.084800,0.130862,2.418112,
13801,326,1.813306,-6.979560,0.180334,-2.190106,920.000000,2.197518,274.707146,0.144469,0.100232,0.175834,3.460463,
13811,326,1.877851,-7.824811,0.066525,-2.157392,920.666667,2.158417,271.766212,-0.170714,0.049071,0.177626,4.148993,
13821,326,1.866527,-8.705474,0.039426,-2.231405,921.333333,2.231753,271.012236,-0.040649,-0.111019,0.118227,4.217634,
13831,326,1.909392,-9.609935,0.107164,-2.261153,922.000000,2.263691,272.713424,0.101607,-0.044622,0.110974,4.283003,
13751,327,0.628555,0.311032,0.209810,2.025025,916.666667,2.035865,84.084758,,,,2.254055,
13761,327,0.712479,1.121042,0.158480,1.955674,917.333333,1.962085,85.367116,-0.076996,-0.104026,0.129421,2.168769,
13771,327,0.755338,1.875571,0.177193,1.872556,918.000000,1.880920,84.594415,0.028070,-0.124679,0.127799,2.977546,
13781,327,0.854233,2.619086,0.247237,1.858787,918.666667,1.875158,82.423572,0.105066,-0.020652,0.107077,4.198110,
13751,328,2.748771,1.076178,-0.058300,-1.905736,916.666667,1.906627,268.247748,,,,2.254055,
13761,328,2.725450,0.313884,-0.124639,-1.872931,917.333333,1.877073,266.192732,-0.099507,0.049208,0.111009,2.168769,
13771,328,2.649060,-0.422166,-0.124783,-1.876106,918.000000,1.880251,266.194762,-0.000217,-0.004763,0.004768,2.977546,
13781,328,2.625624,-1.187001,-0.197038,-1.945085,918.666667,1.955039,264.215638,-0.108383,-0.103468,0.149842,3.598734,
13791,328,2.491429,-1.978234,-0.230644,-2.142773,919.333333,2.155151,263.856437,-0.050409,-0.296533,0.300787,2.465017,
13801,328,2.441108,-2.901219,-0.163335,-2.157230,920.000000,2.163404,265.670108,0.100964,-0.021684,0.103267,1.314038,
13811,328,2.360761,-3.704018,-0.087323,-2.021162,920.666667,2.023047,267.526124,0.114018,0.204102,0.233790,0.972977,
13821,328,2.371250,-4.518149,0.002136,-2.058683,921.333333,2.058684,270.059459,0.134188,-0.056281,0.145513,1.732854,
13831,328,2.362471,-5.350964,0.119877,-1.995872,922.000000,1.999468,273.437194,0.176611,0.094217,0.200170,2.823772,
13841,328,2.467152,-6.114846,0.210808,-2.003900,922.666667,2.014958,276.005367,0.136397,-0.012042,0.136927,3.776603,
13851,328,2.531117,-6.954083,0.210569,-2.001855,923.333333,2.012899,276.004674,-0.000359,0.003067,0.003088,4.599956,
13861,328,2.635607,-7.716330,0.347484,-1.984023,924.000000,2.014223,279.934083,0.205373,0.026748,0.207107,5.058288,
13871,328,2.809104,-8.541302,0.492767,-2.211392,924.666667,2.265628,282.562052,0.217925,-0.341053,0.404732,,
13881,328,3.029820,-9.485443,0.551791,-2.360353,925.333333,2.423993,283.158000,0.088536,-0.223443,0.240344,,
14161,329,2.404437,-8.955634,0.238674,1.878078,944.000000,1.893184,82.757427,,,,9.083382,
14171,329,2.499907,-8.204403,0.242341,1.949567,944.666667,1.964571,82.914187,0.005500,0.107233,0.107374,7.775106,
14181,329,2.598310,-7.395980,0.333372,1.961486,945.333333,1.989614,80.354253,0.136546,0.017878,0.137711,2.708962,
14191,329,2.766604,-6.635214,0.327118,1.856414,946.000000,1.885014,80.006527,-0.009381,-0.157607,0.157886,2.815455,
14201,329,2.860004,-5.910849,0.178926,2.060250,946.666667,2.068005,85.036490,-0.222287,0.305754,0.378017,3.036885,
14211,329,2.909745,-4.987014,0.134808,2.084294,947.333333,2.088649,86.299369,-0.066177,0.036066,0.075367,2.593718,
14221,329,2.967851,-4.243414,0.013091,1.921140,948.000000,1.921185,89.609587,-0.182576,-0.244730,0.305331,1.406307,
14231,329,2.920218,-3.450102,-0.054325,1.926287,948.666667,1.927052,91.615422,-0.101124,0.007719,0.101418,1.556392,
14241,329,2.924391,-2.702385,-0.034475,1.874144,949.333333,1.874461,91.053854,0.029774,-0.078214,0.083690,2.956745,
14251,329,2.892638,-1.950787,-0.079374,1.878775,950.000000,1.880451,92.419183,-0.067348,0.006948,0.067705,4.299482,
14261,329,2.860892,-1.199364,-0.051609,1.972545,950.666667,1.973220,91.498715,0.041648,0.140654,0.146691,5.516278,
14271,329,2.851351,-0.372751,-0.051582,1.971833,951.333333,1.972508,91.498490,0.000040,-0.001068,0.001069,6.847757,
14281,329,2.819626,0.378102,0.014456,1.935375,952.000000,1.935429,89.572034,0.099058,-0.054687,0.113151,8.122256,
14291,329,2.862916,1.175549,0.108225,1.993618,952.666667,1.996554,86.892711,0.140653,0.087365,0.165577,9.541352,
14161,330,0.799353,-0.015190,-0.134292,-1.536490,944.000000,1.542348,265.004950,,,,1.918486,
14171,330,0.745637,-0.629786,-0.108096,-1.491127,944.666667,1.495040,265.853739,0.039294,0.068045,0.078576,1.791967,
14181,330,0.712877,-1.208092,-0.014289,-1.505644,945.333333,1.505712,269.456277,0.140710,-0.021776,0.142385,1.602079,
14191,330,0.734206,-1.834302,0.004931,-1.585092,946.000000,1.585100,270.178238,0.028829,-0.119172,0.122609,1.429379,
14201,330,0.716822,-2.476165,0.089008,-1.771618,946.666667,1.773853,272.876195,0.126116,-0.279789,0.306899,1.256251,1.776036
14211,330,0.805413,-3.251596,0.119594,-1.649996,947.333333,1.654324,274.145614,0.045878,0.182434,0.188114,1.052352,
14221,330,0.812497,-3.796162,0.038368,-1.414231,948.000000,1.414751,271.554069,-0.121838,0.353647,0.374047,0.904105,
14231,330,0.836107,-4.382981,0.145799,-1.601381,948.666667,1.608004,275.202213,0.161146,-0.280725,0.323689,0.896931,
14241,330,0.929136,-5.077267,0.137362,-1.751701,949.333333,1.757078,274.483767,-0.012655,-0.225480,0.225835,0.948231,
14251,330,0.945997,-5.784341,-0.157847,-1.550111,950.000000,1.558127,264.185635,-0.442814,0.302385,0.536210,0.947421,
14261,330,0.802859,-6.317355,-0.196404,-1.397731,950.666667,1.411462,262.001372,-0.057835,0.228570,0.235773,0.959137,
14271,330,0.788874,-6.902526,-0.127806,-1.431893,951.333333,1.437586,264.899494,0.102897,-0.051244,0.114951,0.898183,
14281,330,0.700614,-7.462870,-0.155759,-1.508125,952.000000,1.516147,264.103415,-0.041929,-0.114348,0.121793,1.805311,
14291,330,0.664267,-8.109026,-0.090867,-1.615390,952.666667,1.617944,266.780459,0.097338,-0.160898,0.188050,9.541352,
14161,331,1.914240,1.546096,-0.019928,-2.026423,944.000000,2.026521,269.436571,,,,1.918486,
14171,331,1.906269,0.735527,-0.067128,-2.045453,944.666667,2.046555,268.120334,-0.070800,-0.028545,0.076338,1.791967,
14181,331,1.860538,-0.090266,-0.091487,-2.069645,945.333333,2.071666,267.468922,-0.036539,-0.036287,0.051496,1.602079,
14191,331,1.833079,-0.920189,-0.117396,-2.119883,946.000000,2.123131,266.830281,-0.038863,-0.075357,0.084788,1.429379,
14201,331,1.766621,-1.786173,-0.169089,-2.217082,946.666667,2.223521,265.638706,-0.077539,-0.145799,0.165135,1.256251,1.776036
14211,331,1.697808,-2.693855,-0.081366,-2.306978,947.333333,2.308413,267.980035,0.131583,-0.134844,0.188407,1.052352,
14221,331,1.701528,-3.631755,0.040588,-2.199302,948.000000,2.199677,271.057260,0.182931,0.161514,0.244030,0.904105,
14231,331,1.730278,-4.453296,0.130024,-2.259391,948.666667,2.263129,273.293652,0.134155,-0.090133,0.161622,0.896931,
14241,331,1.805547,-5.439268,-0.013718,-2.348008,949.333333,2.348048,269.665261,-0.215614,-0.132925,0.253295,0.948231,
14251,331,1.719304,-6.331702,-0.055605,-2.270926,950.000000,2.271607,268.597361,-0.062830,0.115622,0.131590,0.947421,
14261,331,1.761063,-7.256009,-0.054473,-2.250879,950.666667,2.251538,268.613666,0.001698,0.030071,0.030119,1.341353,
14271,331,1.675725,-8.132406,-0.095135,-2.150260,951.333333,2.152364,267.466693,-0.060993,0.150928,0.162786,1.516281,
14281,331,1.684956,-8.976217,0.023076,-2.109529,952.000000,2.109656,270.626723,0.177316,0.061096,0.187546,1.805311,
14181,332,-0.044077,-6.799098,0.000000,0.000000,945.333333,0.000000,0.000000,,,,2.708962,
14191,332,-0.044077,-6.799098,0.000000,0.000000,946.000000,0.000000,0.000000,0.000000,0.000000,0.000000,2.815455,
14201,332,-0.044077,-6.799098,0.000000,0.000000,946.666667,0.000000,0.000000,0.000000,0.000000,0.000000,3.036885,
14211,332,-0.044077,-6.799098,-0.146659,-0.039961,947.333333,0.152006,195.241774,-0.219989,-0.059942,0.228009,3.465359,
14221,332,-0.161404,-6.831067,0.000000,0.000000,948.000000,0.000000,0.000000,0.219989,0.059942,0.228009,3.187339,
14231,332,-0.044077,-6.799098,-0.023992,0.001804,948.666667,0.024060,175.699591,-0.035988,0.002706,0.036090,2.571449,
14241,332,-0.180598,-6.829624,-0.119766,0.009056,949.333333,0.120108,175.676062,-0.143661,0.010877,0.144072,2.074190,
14251,332,-0.139890,-6.791854,0.151072,0.116130,950.000000,0.190549,37.549669,0.406257,0.160611,0.436854,1.481294,
14261,332,-0.059740,-6.736720,0.082054,0.172296,950.666667,0.190837,64.534233,-0.103526,0.084248,0.133475,0.959137,
14271,332,-0.074246,-6.654017,-0.036264,0.206757,951.333333,0.209913,99.948259,-0.177478,0.051692,0.184853,0.898183,
14341,333,0.506265,-4.855397,-0.422065,0.952382,956.000000,1.041715,113.901374,,,,5.947343,
14351,333,0.337439,-4.474444,-0.211032,0.476191,956.666667,0.520858,113.901373,0.316549,-0.714287,0.781286,5.028903,
14361,333,0.337439,-4.474444,-0.269355,0.305972,957.333333,0.407641,131.358347,-0.087484,-0.255329,0.269901,4.504759,
14371,333,0.121955,-4.229667,-0.486214,0.709276,958.000000,0.859928,124.430950,-0.325288,0.604956,0.686866,3.694557,
14381,333,-0.051532,-3.907024,-0.410436,0.805298,958.666667,0.903860,117.006571,0.113667,0.144034,0.183483,2.884574,
14391,333,-0.206394,-3.585428,-0.336069,0.442850,959.333333,0.555930,127.194118,0.111550,-0.543673,0.554999,2.131471,
14401,333,-0.320387,-3.552744,-0.428454,0.122846,960.000000,0.445717,164.001317,-0.138576,-0.480005,0.499608,1.772086,
14411,333,-0.549157,-3.487151,-0.376660,0.194021,960.666667,0.423694,152.746580,0.077690,0.106762,0.132038,1.737631,
14421,333,-0.621715,-3.397527,-0.273948,0.311137,961.333333,0.414553,131.363048,0.154068,0.175674,0.233663,1.719114,
14431,333,-0.768315,-3.238241,-0.446423,0.715174,962.000000,0.843070,121.973064,-0.258712,0.606054,0.658964,1.940459,
14441,333,-0.978854,-2.825388,-0.499465,0.671519,962.666667,0.836900,126.641270,-0.079563,-0.065482,0.103045,2.543383,
14451,333,-1.167887,-2.701026,-0.445935,0.359673,963.333333,0.572907,141.111761,0.080295,-0.467769,0.474610,2.887371,
14461,333,-1.335601,-2.537650,-0.298676,0.368984,964.000000,0.474717,128.988662,0.220888,0.013966,0.221329,2.967511,
14471,333,-1.406828,-2.405839,-0.039983,0.158953,964.666667,0.163905,104.119317,0.388040,-0.315046,0.499829,2.179583,
14481,333,-1.367588,-2.410488,0.179015,0.107200,965.333333,0.208658,30.914501,0.328497,-0.077630,0.337545,2.179700,
14491,333,-1.263616,-2.320080,0.129965,0.113010,966.000000,0.172227,41.008314,-0.073575,0.008715,0.074089,2.062561,
14501,333,-1.263616,-2.320080,0.000000,0.000000,966.666667,0.000000,0.000000,-0.194947,-0.169515,0.258340,2.062561,
14511,333,-1.263616,-2.320080,0.000000,0.000000,967.333333,0.000000,0.000000,0.000000,0.000000,0.000000,2.062561,
14521,333,-1.263616,-2.320080,0.000000,0.000000,968.000000,0.000000,0.000000,0.000000,0.000000,0.000000,2.062561,
14531,333,-1.263616,-2.320080,0.000000,0.000000,968.666667,0.000000,0.000000,0.000000,0.000000,0.000000,2.062561,
14341,334,0.653893,1.090113,0.111514,-1.371582,956.000000,1.376108,274.648107,,,,5.947343,
14351,334,0.698499,0.541481,0.136360,-1.349929,956.666667,1.356799,275.768032,0.037269,0.032479,0.049435,5.028903,
14361,334,0.762981,0.010170,0.108650,-1.420813,957.333333,1.424962,274.372902,-0.041565,-0.106327,0.114162,4.504759,
14371,334,0.785418,-0.595170,0.221371,-1.510521,958.000000,1.526656,278.337520,0.169083,-0.134561,0.216091,3.694557,
14381,334,0.940078,-1.198246,0.221368,-1.509866,958.666667,1.526008,278.340947,-0.000006,0.000982,0.000982,2.884574,
14391,334,0.962513,-1.803063,-0.007043,-1.379029,959.333333,1.379047,269.707396,-0.342616,0.196256,0.394844,2.131471,
14401,334,0.934444,-2.301469,0.197564,-1.503818,960.000000,1.516740,277.484369,0.306910,-0.187184,0.359488,1.772086,
14411,334,1.120564,-3.006118,0.193516,-1.578965,960.666667,1.590779,276.987256,-0.006072,-0.112719,0.112883,1.737631,
14421,334,1.089257,-3.564641,-0.221457,-1.432670,961.333333,1.449685,261.212950,-0.622460,0.219442,0.660009,1.719114,
14431,334,0.943398,-4.152254,-0.383170,-1.369149,962.000000,1.421755,254.365180,-0.242569,0.095282,0.260612,1.940459,
14441,334,0.782721,-4.659960,-0.684729,-1.220242,962.666667,1.399230,240.701407,-0.452338,0.223359,0.504479,2.543383,
14451,334,0.395615,-5.128448,-0.937882,-1.001144,963.333333,1.371828,226.868657,-0.379730,0.328647,0.502199,2.887371,
14461,334,0.032415,-5.460876,-0.945871,-1.010240,964.000000,1.383928,226.884710,-0.011984,-0.013643,0.018159,3.227494,
14471,334,-0.361082,-5.936640,-1.097566,-0.980367,964.666667,1.471655,221.771847,-0.227541,0.044809,0.231911,3.682409,
14481,334,-0.845638,-6.245169,-0.990958,-0.689634,965.333333,1.207308,214.835078,0.159911,0.436099,0.464494,3.870041,
14491,334,-1.153849,-6.488347,-1.112283,-0.895645,966.000000,1.428060,218.842094,-0.181988,-0.309017,0.358624,3.962593,
14501,334,-1.735464,-6.961685,-1.225499,-0.998234,966.666667,1.580607,219.164655,-0.169823,-0.153884,0.229173,4.284329,
14511,334,-2.134248,-7.286934,-0.903667,-0.875227,967.333333,1.258029,224.084078,0.482748,0.184511,0.516807,4.445421,
14521,334,-2.458398,-7.661867,-0.844780,-1.043637,968.000000,1.342696,231.011292,0.088330,-0.252615,0.267613,4.881105,
14531,334,-2.810072,-8.121844,-0.879186,-1.149942,968.666667,1.447527,232.600360,-0.051608,-0.159458,0.167601,5.239990,
14391,335,1.114466,2.893054,0.568778,-1.541709,959.333333,1.643281,290.250382,,,,4.698575,
14401,335,1.341977,2.276371,0.124181,-1.540687,960.000000,1.545684,274.608155,-0.666895,0.001532,0.666897,4.595944,
14411,335,1.213811,1.660504,-0.070991,-1.681147,960.666667,1.682646,267.581970,-0.292759,-0.210690,0.360691,4.667553,
14421,335,1.285184,0.931453,0.275085,-1.761731,961.333333,1.783079,278.874768,0.519114,-0.120876,0.533001,4.500361,
14431,335,1.433879,0.251119,0.136130,-1.740192,962.000000,1.745508,274.472960,-0.208433,0.032309,0.210922,3.918708,
14441,335,1.394088,-0.460701,0.206518,-1.722591,962.666667,1.734926,276.836462,0.105583,0.026401,0.108834,2.746263,
14451,335,1.599094,-1.126954,0.166051,-1.618273,963.333333,1.626770,275.858604,-0.060702,0.156477,0.167839,1.741128,
14461,335,1.526929,-1.755319,0.001532,-1.644799,964.000000,1.644800,270.053352,-0.246779,-0.039789,0.249966,1.640793,
14471,335,1.600319,-2.442793,0.180665,-1.767641,964.666667,1.776850,275.835765,0.268701,-0.184264,0.325811,2.226859,
14481,335,1.671461,-3.169432,0.315827,-1.830799,965.333333,1.857841,279.787620,0.202742,-0.094737,0.223784,3.132382,
14491,335,1.852980,-3.907432,0.330347,-1.979615,966.000000,2.006989,279.473914,0.021781,-0.223224,0.224284,3.497551,
14501,335,1.935739,-4.753124,0.098919,-1.979086,966.666667,1.981557,272.861398,-0.347142,0.000793,0.347143,4.019400,
14511,335,1.932116,-5.490701,0.317134,-1.772326,967.333333,1.800475,280.144950,0.327322,0.310141,0.450918,4.445421,
14521,335,2.189446,-6.170984,0.434188,-1.730636,968.000000,1.784270,284.083884,0.175581,0.062534,0.186385,4.512257,
14531,335,2.279467,-6.875210,0.469674,-1.875998,968.666667,1.933898,284.055619,0.053228,-0.218043,0.224446,4.605992,
14541,335,2.565185,-7.671783,0.491746,-1.873761,969.333333,1.937213,284.704963,0.033108,0.003355,0.033277,4.637707,
14551,335,2.672863,-8.374219,0.269195,-1.756090,970.000000,1.776603,278.715152,-0.333826,0.176506,0.377617,4.723403,
14401,336,3.152612,-5.168050,-0.002975,1.624181,960.000000,1.624183,90.104941,,,,3.624576,
14411,336,3.151422,-4.518378,-0.005595,1.574699,960.666667,1.574709,90.203561,-0.003930,-0.074223,0.074327,2.532058,
14421,336,3.148136,-3.908291,0.062753,1.590203,961.333333,1.591440,87.740166,0.102521,0.023256,0.105125,2.087362,
14431,336,3.201624,-3.246215,-0.024011,1.648340,962.000000,1.648515,90.834556,-0.130145,0.087207,0.156661,2.433206,
14441,336,3.128928,-2.589619,-0.118631,1.560362,962.666667,1.564865,94.347697,-0.141929,-0.131967,0.193802,2.746263,
14451,336,3.106720,-1.997926,-0.008186,1.521709,963.333333,1.521731,90.308200,0.165668,-0.057980,0.175521,1.741128,
14461,336,3.122379,-1.372251,-0.138453,1.612979,964.000000,1.618911,94.906051,-0.195401,0.136906,0.238589,1.640793,
14471,336,2.995957,-0.707542,-0.163381,1.567106,964.666667,1.575600,95.951962,-0.037393,-0.068809,0.078313,2.226859,
14481,336,2.991674,-0.118566,-0.076575,1.506628,965.333333,1.508573,92.909575,0.130209,-0.090718,0.158695,1.976153,
14491,336,2.934697,0.497760,-0.195269,1.819228,966.000000,1.829678,96.126463,-0.178042,0.468900,0.501563,1.676559,
14501,336,2.835459,1.336816,-0.172912,1.816444,966.666667,1.824655,95.437759,0.033535,-0.004176,0.033795,2.425410,
14511,336,2.796368,1.950915,-0.150616,1.397581,967.333333,1.405674,96.150962,0.033445,-0.628293,0.629183,3.233171,
14521,336,2.714966,2.454881,-0.198310,1.357690,968.000000,1.372097,98.310089,-0.071541,-0.059837,0.093266,4.432186,
14531,336,2.637720,3.037068,-0.077954,1.483674,968.666667,1.485720,93.007612,0.180534,0.188975,0.261350,5.045024,
14541,336,2.652603,3.641820,0.037208,1.511881,969.333333,1.512339,88.590208,0.172743,0.042311,0.177849,5.469798,
14451,337,1.341167,2.594732,0.006817,-1.542804,963.333333,1.542819,270.253154,,,,3.730612,
14461,337,1.343894,1.977610,-0.080297,-1.429711,964.000000,1.431964,266.785475,-0.130670,0.169639,0.214131,3.737414,
14471,337,1.276930,1.450963,-0.103511,-1.427636,964.666667,1.431384,265.853027,-0.034821,0.003112,0.034960,2.759384,
14481,337,1.261085,0.835501,0.006774,-1.546363,965.333333,1.546378,270.250988,0.165427,-0.178090,0.243068,1.976153,
14491,337,1.282349,0.213872,-0.045234,-1.640206,966.000000,1.640830,268.420288,-0.078012,-0.140765,0.160937,1.676559,
14501,337,1.224898,-0.476664,0.060113,-1.430876,966.666667,1.432138,272.405654,0.158020,0.313995,0.351515,2.416310,
14511,337,1.330439,-0.930829,0.098265,-1.587364,967.333333,1.590402,273.542344,0.057228,-0.234731,0.241606,2.600289,
14521,337,1.303510,-1.746555,-0.007045,-1.798012,968.000000,1.798026,269.775496,-0.157965,-0.315973,0.353259,2.630412,
14531,337,1.324803,-2.369239,0.275220,-1.757475,968.666667,1.778894,278.900230,0.423399,0.060806,0.427743,2.588886,
14541,337,1.523686,-3.152535,0.321451,-1.761598,969.333333,1.790686,280.341388,0.069346,-0.006185,0.069622,3.961093,
14551,337,1.581964,-3.778517,0.270312,-1.826877,970.000000,1.846766,278.416634,-0.076710,-0.097918,0.124388,4.723403,
14561,337,1.739936,-4.614036,0.398573,-2.011945,970.666667,2.051045,281.205415,0.192393,-0.277603,0.337755,,
14571,337,1.900823,-5.388073,0.139864,-1.661009,971.333333,1.666887,274.813204,-0.388064,0.526404,0.653984,,
14581,337,1.851827,-5.942843,0.055973,-1.502275,972.000000,1.503317,272.133778,-0.125837,0.238101,0.269309,,
14591,337,1.945601,-6.589893,0.170903,-1.512155,972.666667,1.521782,276.448190,0.172396,-0.014820,0.173032,,
14601,337,1.988550,-7.152567,0.107372,-1.406684,973.333333,1.410776,274.364906,-0.095297,0.158205,0.184690,,
14471,338,-1.199923,-0.236099,0.048795,-0.006852,964.666667,0.049274,352.007116,,,,2.179583,
14481,338,-1.180405,-0.238840,0.022902,-0.028813,965.333333,0.036806,308.479235,-0.038840,-0.032942,0.050929,2.179700,
14491,338,-1.181602,-0.259150,-0.001496,-0.025387,966.000000,0.025431,266.627587,-0.036596,0.005139,0.036955,2.062561,
14501,338,-1.181602,-0.259150,0.000000,0.000000,966.666667,0.000000,0.000000,0.002244,0.038080,0.038147,2.062561,
14511,338,-1.181602,-0.259150,0.000000,0.000000,967.333333,0.000000,0.000000,0.000000,0.000000,0.000000,2.062561,
14521,338,-1.181602,-0.259150,0.000000,0.000000,968.000000,0.000000,0.000000,0.000000,0.000000,0.000000,2.062561,
14531,338,-1.181602,-0.259150,0.000000,0.000000,968.666667,0.000000,0.000000,0.000000,0.000000,0.000000,2.062561,
14541,338,-1.181602,-0.259150,0.000000,0.000000,969.333333,0.000000,0.000000,0.000000,0.000000,0.000000,3.961093,
14801,340,2.414049,-9.115655,-0.179238,1.754763,986.666667,1.763894,95.832175,,,,0.810117,0.916085
14811,340,2.342354,-8.413750,-0.042463,1.746042,987.333333,1.746558,91.393141,0.205162,-0.013082,0.205579,0.718361,1.794567
14821,340,2.380079,-7.718822,0.159771,1.681299,988.000000,1.688874,84.571582,0.303351,-0.097114,0.318517,0.756376,
14831,340,2.470171,-7.068710,0.025869,1.738751,988.666667,1.738943,89.147611,-0.200853,0.086177,0.218559,0.771928,
14841,340,2.400774,-6.327821,-0.039736,1.791071,989.333333,1.791512,91.270929,-0.098408,0.078481,0.125870,0.754613,0.517023
14851,340,2.438382,-5.635853,-0.020991,1.714854,990.000000,1.714983,90.701294,0.028118,-0.114325,0.117732,0.535419,
14861,340,2.383982,-4.955938,0.137780,1.696432,990.666667,1.702018,85.356775,0.238156,-0.027634,0.239754,0.606592,
14871,340,2.548606,-4.278708,0.227212,1.660426,991.333333,1.675899,82.208063,0.134148,-0.054010,0.144612,0.770651,
14881,340,2.565751,-3.627597,0.138572,1.714317,992.000000,1.719908,85.378718,-0.132961,0.080837,0.155606,0.647926,0.624985
14891,340,2.659464,-2.907254,0.390125,1.754068,992.666667,1.796928,77.460867,0.377330,0.059626,0.382012,0.699864,
14901,340,2.877851,-2.224343,0.364041,1.702134,993.333333,1.740628,77.927833,-0.039125,-0.077901,0.087175,0.879153,
14911,340,2.950696,-1.545548,0.224027,1.640079,994.000000,1.655309,82.221807,-0.210021,-0.093082,0.229724,0.839803,
14921,340,3.057073,-0.912280,0.374384,1.515978,994.666667,1.561523,76.127895,0.225535,-0.186150,0.292435,0.855325,
14931,340,3.250203,-0.332765,0.220227,1.582885,995.333333,1.598132,82.079288,-0.231235,0.100360,0.252075,0.962226,7.129652
14941,340,3.233254,0.354028,0.088495,1.646831,996.000000,1.649207,86.924075,-0.197597,0.095918,0.219647,0.795788,0.870520
14951,340,3.320999,0.984700,0.170830,1.509585,996.666667,1.519220,83.543679,0.123502,-0.205868,0.240072,0.776100,7.190192
14961,340,3.369918,1.561696,0.083041,1.545326,997.333333,1.547556,86.924075,-0.131684,0.053612,0.142179,0.775367,2.150486
14971,340,3.387432,2.220961,-0.142847,1.510310,998.000000,1.517050,95.403022,-0.338831,-0.052524,0.342878,0.704407,0.352149
14981,340,3.255641,2.769944,-0.329478,1.372459,998.666667,1.411453,103.499211,-0.279947,-0.206777,0.348033,0.570941,
14801,341,1.604265,-9.092448,0.050284,1.755539,986.666667,1.756259,88.359314,,,,0.810117,0.916085
14811,341,1.624378,-8.390232,0.024362,1.706029,987.333333,1.706203,89.181875,-0.038883,-0.074265,0.083828,0.718361,1.794567
14821,341,1.623754,-7.727625,0.095018,1.723862,988.000000,1.726478,86.845080,0.105985,0.026749,0.109308,0.756376,
14831,341,1.700393,-7.011143,0.031196,1.827237,988.666667,1.827504,89.021886,-0.095733,0.155064,0.182235,0.771928,
14841,341,1.648711,-6.265835,0.254405,1.679189,989.333333,1.698352,81.384953,0.334812,-0.222072,0.401765,0.754613,0.517023
14851,341,1.903917,-5.667792,0.161207,1.660690,990.000000,1.668496,84.455550,-0.139797,-0.027749,0.142524,0.535419,
14861,341,1.777677,-4.937283,-0.154543,1.811154,990.666667,1.817735,94.877147,-0.473624,0.225696,0.524651,0.606592,
14871,341,1.780282,-4.218869,0.191643,1.799547,991.333333,1.809723,83.921186,0.519279,-0.017410,0.519571,0.770651,
14881,341,1.930991,-3.497645,0.237381,1.791105,992.000000,1.806767,82.450412,0.068606,-0.012663,0.069765,0.647926,0.624985
14891,341,1.970187,-2.785984,0.096550,1.753027,992.666667,1.755684,86.847540,-0.211245,-0.057117,0.218831,0.699864,
14901,341,2.008231,-2.095223,0.185023,1.688768,993.333333,1.698873,83.747551,0.132709,-0.096389,0.164020,0.879153,
14911,341,2.118205,-1.434970,0.249055,1.602197,994.000000,1.621438,81.164328,0.096047,-0.129857,0.161518,0.839803,
14921,341,2.207475,-0.813466,0.221541,1.527247,994.666667,1.543231,81.746309,-0.041271,-0.112425,0.119761,0.855325,
14931,341,2.295438,-0.213172,0.288931,1.512916,995.333333,1.540258,79.188053,0.101086,-0.021496,0.103346,0.866661,7.129652
14941,341,2.438620,0.396867,0.313472,1.553814,996.000000,1.585119,78.594037,0.036812,0.061347,0.071544,0.795788,0.870520
14951,341,2.546216,1.029879,0.195658,1.494008,996.666667,1.506766,82.538921,-0.176722,-0.089709,0.198188,0.776100,7.190192
14961,341,2.595146,1.592073,0.171225,1.469476,997.333333,1.479418,83.353815,-0.036649,-0.036798,0.051935,0.775367,2.150486
14971,341,2.683196,2.205460,0.163029,1.737499,998.000000,1.745131,84.639653,-0.012294,0.402034,0.402222,0.704407,0.352149
14981,341,2.725569,2.982073,0.105934,1.941531,998.666667,1.944419,86.876912,-0.085642,0.306048,0.317805,0.570941,
14821,342,3.799825,-6.443134,-0.311443,-1.691099,988.000000,1.719539,259.565004,,,,1.908680,
14831,342,3.675248,-7.119574,-0.200936,-1.701572,988.666667,1.713395,263.265213,0.165760,-0.015710,0.166502,1.206150,
14841,342,3.639076,-7.804392,-0.090430,-1.712045,989.333333,1.714432,266.976459,0.165760,-0.015710,0.166502,1.927084,
14881,343,1.597867,3.184696,-0.085063,-1.521700,992.000000,1.524075,266.800480,,,,6.690639,
14891,343,1.563842,2.576016,-0.086499,-1.547386,992.666667,1.549801,266.800480,-0.002154,-0.038529,0.038589,5.377375,
14901,343,1.528667,1.946787,-0.112461,-1.595174,993.333333,1.599133,265.967287,-0.038942,-0.071683,0.081578,4.070360,
14911,343,1.473873,1.299877,-0.043318,-1.608326,994.000000,1.608909,268.457194,0.103714,-0.019727,0.105574,2.809724,
14921,343,1.494013,0.660127,-0.020319,-1.614161,994.666667,1.614289,269.278817,0.034499,-0.008753,0.035592,1.637224,
14931,343,1.457618,0.008548,0.001431,-1.643140,995.333333,1.643141,270.049897,0.032624,-0.043469,0.054350,0.866661,
14941,343,1.495158,-0.654385,0.024523,-1.648101,996.000000,1.648284,270.852489,0.034639,-0.007442,0.035429,1.412534,
14951,343,1.477237,-1.309933,0.001433,-1.645660,996.666667,1.645661,270.049897,-0.034635,0.003661,0.034828,2.572438,
14961,343,1.496304,-1.970914,0.072174,-1.630743,997.333333,1.632339,272.534157,0.106111,0.022376,0.108445,3.728583,
14971,343,1.534976,-2.614527,-0.023090,-1.670412,998.000000,1.670572,269.208061,-0.142895,-0.059504,0.154790,4.954865,
14981,343,1.477833,-3.307243,-0.171734,-1.830644,998.666667,1.838682,264.640734,-0.222966,-0.240348,0.327843,5.464759,
14991,343,1.397589,-4.079043,-0.032820,-1.848039,999.333333,1.848330,268.982558,0.208370,-0.026092,0.209997,4.071208,
15001,343,1.451576,-4.785674,0.043602,-1.733013,1000.000000,1.733562,271.441221,0.114633,0.172538,0.207147,2.730208,
15011,343,1.432470,-5.465454,0.030126,-1.556503,1000.666667,1.556794,271.108816,-0.020213,0.264766,0.265537,1.607508,
15021,343,1.475677,-6.030876,-0.094343,-1.698949,1001.333333,1.701567,266.821618,-0.186703,-0.213670,0.283748,1.070912,
15031,343,1.356996,-6.824613,-0.296703,-1.984342,1002.000000,2.006401,261.496009,-0.303540,-0.428089,0.524783,1.973569,
14951,344,1.662261,4.004514,0.120754,-1.160120,996.666667,1.166388,275.942358,,,,3.103197,
14961,344,1.710562,3.540466,0.054636,-1.098543,997.333333,1.099901,272.847279,-0.099176,0.092366,0.135526,2.139795,4.997401
14971,344,1.705970,3.125679,-0.006017,-0.939199,998.000000,0.939218,269.632938,-0.090980,0.239016,0.255746,1.342302,
14981,344,1.705748,2.789106,0.018305,-0.919142,998.666667,0.919324,271.140935,0.036484,0.030086,0.047289,1.037916,
14991,344,1.720614,2.390366,0.056020,-1.074399,999.333333,1.075858,272.984758,0.056572,-0.232885,0.239658,6.477468,
15001,344,1.750565,1.929588,-0.007381,-0.965021,1000.000000,0.965049,269.561752,-0.095103,0.164066,0.189637,6.721915,
15011,344,1.714709,1.618349,0.108696,-0.958973,1000.666667,0.965113,276.466669,0.174116,0.009073,0.174352,1.315081,
15021,344,1.837522,1.162410,0.006016,-1.141795,1001.333333,1.141810,270.301866,-0.154021,-0.274233,0.314525,1.233978,
15031,344,1.719521,0.704914,-0.174869,-1.064148,1002.000000,1.078420,260.668139,-0.271326,0.116471,0.295268,1.309929,
15041,344,1.697627,0.311091,-0.012865,-1.065655,1002.666667,1.065733,269.308346,0.243006,-0.002261,0.243016,1.202709,
15051,344,1.709230,-0.147610,-0.221721,-1.061814,1003.333333,1.084716,258.205371,-0.313284,0.005762,0.313337,1.158376,
15061,344,1.520250,-0.538360,-0.378046,-0.942206,1004.000000,1.015219,248.137619,-0.234488,0.179412,0.295251,1.225020,
15071,344,1.406793,-0.901375,-0.292367,-1.057609,1004.666667,1.097276,254.547006,0.128519,-0.173105,0.215598,1.215058,
15081,344,1.286357,-1.384447,-0.346732,-1.178749,1005.333333,1.228687,253.608632,-0.081548,-0.181710,0.199170,1.270435,
15091,344,1.129407,-1.844374,-0.298281,-1.138528,1006.000000,1.176953,255.319151,0.072677,0.060332,0.094455,1.335850,
15101,344,1.047732,-2.295269,-0.183837,-1.181129,1006.666667,1.195350,261.153165,0.171665,-0.063902,0.183173,1.353613,
15111,344,0.982338,-2.789278,-0.257386,-1.225687,1007.333333,1.252421,258.140597,-0.110323,-0.066837,0.128990,1.276212,
15121,344,0.841824,-3.275819,-0.017772,-1.153703,1008.000000,1.153840,269.117464,0.359421,0.107976,0.375290,1.402946,
15131,344,0.968120,-3.712240,0.102141,-1.118139,1008.666667,1.122795,275.219411,0.179869,0.053346,0.187613,1.250701,
15141,344,0.923536,-4.170331,-0.016391,-1.130262,1009.333333,1.130381,269.169144,-0.177798,-0.018185,0.178725,1.226530,
15151,344,0.955007,-4.616450,-0.283382,-1.257893,1010.000000,1.289418,257.304175,-0.400486,-0.191446,0.443893,1.164709,
15161,344,0.696830,-5.176645,-0.229116,-1.137990,1010.666667,1.160825,258.616578,0.081399,0.179855,0.197417,1.468165,
15171,344,0.771714,-5.526842,0.053986,-1.141514,1011.333333,1.142790,272.707685,0.424653,-0.005286,0.424686,1.300028,8.856888
15181,344,0.740019,-6.089856,0.118810,-1.247087,1012.000000,1.252733,275.442169,0.097237,-0.158359,0.185830,1.423465,7.931903
15191,344,0.866762,-6.524511,0.316858,-1.086639,1012.666667,1.131893,286.256395,0.297071,0.240672,0.382327,1.300820,
14961,345,2.072593,-9.998276,0.084337,1.547515,997.333333,1.549811,86.880565,,,,8.048022,4.997401
14971,345,2.106328,-9.379270,0.155671,1.592274,998.000000,1.599865,84.416151,0.107001,0.067139,0.126320,6.788828,
14981,345,2.197129,-8.724457,0.228053,1.659696,998.666667,1.675290,82.176170,0.108574,0.101133,0.148378,5.464759,
14991,345,2.288770,-8.051514,0.207360,1.706504,999.333333,1.719056,83.071858,-0.031040,0.070213,0.076768,4.071208,
15001,345,2.363018,-7.359254,0.229517,1.700286,1000.000000,1.715707,82.312261,0.033236,-0.009327,0.034519,2.730208,
15011,345,2.472384,-6.691285,0.228994,1.695929,1000.666667,1.711319,82.310099,-0.000785,-0.006536,0.006583,1.607508,2.977445
15021,345,2.546213,-6.002511,0.163051,1.746650,1001.333333,1.754244,84.666846,-0.098914,0.076082,0.124790,1.070912,2.588958
15031,345,2.602825,-5.293965,0.231740,1.760466,1002.000000,1.775653,82.500939,0.103034,0.020724,0.105097,1.973569,
15041,345,2.731605,-4.594138,0.252516,1.729268,1002.666667,1.747608,81.692122,0.031163,-0.046796,0.056223,5.013022,
15051,345,2.804838,-3.910550,0.295181,1.694027,1003.333333,1.719552,80.115567,0.063998,-0.052862,0.083006,3.919193,
15061,345,2.967750,-3.238916,0.336690,1.634964,1004.000000,1.669272,78.363697,0.062263,-0.088594,0.108285,3.064027,
15071,345,3.074190,-2.602579,0.248604,1.688719,1004.666667,1.706920,81.625372,-0.132128,0.080632,0.154788,2.362606,
15081,345,3.166633,-1.887941,0.291073,1.653538,1005.333333,1.678961,80.016479,0.063703,-0.052772,0.082722,1.295763,
15091,345,3.307048,-1.279749,0.265487,1.603055,1006.000000,1.624891,80.596412,-0.038379,-0.075724,0.084894,0.933028,
15101,345,3.379023,-0.605497,0.134074,1.666143,1006.666667,1.671529,85.399348,-0.197120,0.094631,0.218658,1.670677,
15111,345,3.414307,0.053166,0.132451,1.638423,1007.333333,1.643768,85.378229,-0.002434,-0.041580,0.041651,2.815657,
15121,345,3.484984,0.705241,0.201169,1.672901,1008.000000,1.684953,83.143027,0.103077,0.051717,0.115323,3.982693,
15131,345,3.575242,1.391487,0.090347,1.687882,1008.666667,1.690298,86.936057,-0.166232,0.022471,0.167744,4.672474,
15141,345,3.557262,2.055547,-0.028004,1.559664,1009.333333,1.559915,91.028646,-0.177527,-0.192327,0.261735,3.003922,
15151,345,3.552839,2.639218,-0.011057,1.459178,1010.000000,1.459219,90.434172,0.025420,-0.150729,0.152858,2.738773,
15011,346,2.278205,2.806587,0.202325,-1.314664,1000.666667,1.330142,278.749092,,,,1.315081,2.977445
15021,346,2.359135,2.280721,0.160966,-1.233291,1001.333333,1.243751,277.436078,-0.062038,0.122060,0.136921,1.233978,2.588958
15031,346,2.406979,1.819954,0.046325,-1.238243,1002.000000,1.239109,272.142543,-0.171962,-0.007428,0.172122,1.309929,
15041,346,2.396196,1.290127,0.040980,-1.335737,1002.666667,1.336365,271.757249,-0.008018,-0.146241,0.146460,1.202709,
15051,346,2.439762,0.751365,0.045006,-1.263186,1003.333333,1.263988,272.040540,0.006040,0.108826,0.108993,1.158376,
15061,346,2.432200,0.279578,0.041004,-1.336526,1004.000000,1.337155,271.757249,-0.006004,-0.110010,0.110174,1.225020,
15071,346,2.472565,-0.317856,-0.006970,-1.379814,1004.666667,1.379831,269.710575,-0.071961,-0.064931,0.096925,1.215058,
15081,346,2.426624,-0.824273,-0.117625,-1.316081,1005.333333,1.321326,264.892768,-0.165982,0.095600,0.191544,1.270435,
15091,346,2.378466,-1.370721,-0.097776,-1.370165,1006.000000,1.373650,265.918230,0.029772,-0.081127,0.086417,0.933028,
15101,346,2.348403,-1.920405,-0.191699,-1.410392,1006.666667,1.423361,262.259870,-0.140883,-0.060341,0.153261,1.353613,
15111,346,2.225107,-2.499035,-0.147665,-1.442799,1007.333333,1.450336,264.156332,0.066050,-0.048610,0.082009,1.276212,1.548178
15121,346,2.230271,-3.074644,-0.009883,-1.436932,1008.000000,1.436966,269.605928,0.206673,0.008801,0.206860,1.402946,1.033729
15131,346,2.217200,-3.648580,-0.102532,-1.453105,1008.666667,1.456718,265.963863,-0.138973,-0.024260,0.141075,1.250701,0.700086
15141,346,2.148245,-4.237129,-0.151049,-1.499928,1009.333333,1.507514,264.249470,-0.072775,-0.070233,0.101138,1.226530,
15151,346,2.096361,-4.848522,-0.045043,-1.662064,1010.000000,1.662674,268.447640,0.159009,-0.243204,0.290572,0.634214,
15161,346,2.112211,-5.566780,-0.148922,-1.456201,1010.666667,1.463797,264.160811,-0.155819,0.308794,0.345880,1.468165,
15171,346,1.977224,-6.013484,-0.073314,-1.339482,1011.333333,1.341487,266.867151,0.113412,0.175079,0.208603,1.300028,
15181,346,2.053560,-6.638365,-0.088672,-1.616285,1012.000000,1.618715,266.859811,-0.023037,-0.415204,0.415843,1.398162,
15191,346,1.906286,-7.306511,-0.368185,-1.670364,1012.666667,1.710461,257.569528,-0.419269,-0.081120,0.427045,1.300820,
15101,347,3.772946,-4.933713,0.116041,1.356413,1006.666667,1.361367,85.110240,,,,2.982901,
15111,347,3.819363,-4.391147,-0.123012,1.454857,1007.333333,1.460048,94.833008,-0.358580,0.147667,0.387795,2.474216,
15121,347,3.674537,-3.769827,-0.193060,1.388776,1008.000000,1.402131,97.914206,-0.105072,-0.099122,0.144448,1.602867,
15131,347,3.664915,-3.280127,0.095407,1.380296,1008.666667,1.383589,86.045956,0.432700,-0.012720,0.432887,1.493866,
15141,347,3.750863,-2.665590,0.099259,1.451747,1009.333333,1.455136,86.088659,0.005777,0.107177,0.107332,2.244575,
15151,347,3.744322,-2.118729,-0.018914,1.318426,1010.000000,1.318562,90.821918,-0.177260,-0.199982,0.267234,2.823830,6.935161
15161,347,3.735731,-1.610849,-0.013771,1.414403,1010.666667,1.414470,90.557811,0.007716,0.143965,0.144172,2.648874,
15171,347,3.733306,-0.987207,-0.037100,1.392792,1011.333333,1.393286,91.525851,-0.034995,-0.032416,0.047701,2.734340,
15181,347,3.706051,-0.496616,-0.046076,1.223158,1012.000000,1.224025,92.157280,-0.013463,-0.254451,0.254807,2.537255,
15191,347,3.696445,-0.008680,0.180546,1.309188,1012.666667,1.321579,82.148044,0.339933,0.129045,0.363602,2.381957,
15201,347,3.850488,0.550735,0.114572,1.318253,1013.333333,1.323223,85.032785,-0.098961,0.013598,0.099891,2.358997,
15211,347,3.788103,1.045922,-0.158582,1.190310,1014.000000,1.200827,97.588690,-0.409731,-0.191915,0.452450,2.180040,
15221,347,3.723622,1.502983,-0.086186,1.300082,1014.666667,1.302935,93.792740,0.108594,0.164658,0.197243,1.908637,
15231,347,3.719154,2.085988,-0.040877,1.316898,1015.333333,1.317532,91.777932,0.067963,0.025224,0.072493,1.819406,
15241,347,3.690920,2.556501,-0.073154,1.128286,1016.000000,1.130655,93.709665,-0.048415,-0.282918,0.287030,1.726464,
15251,347,3.660631,2.988617,-0.075722,1.080290,1016.666667,1.082940,94.009553,-0.003852,-0.071995,0.072098,1.576442,
15101,348,3.837223,-8.092461,-0.193340,1.386480,1006.666667,1.399895,97.938534,,,,0.852643,
15111,348,3.759886,-7.537869,-0.301734,1.444553,1007.333333,1.475730,101.798158,-0.162591,0.087110,0.184456,0.873030,
15121,348,3.595835,-6.936818,-0.274654,1.542460,1008.000000,1.566722,100.096414,0.040620,0.146861,0.152375,0.833237,3.679740
15131,348,3.540163,-6.303901,-0.162744,1.560197,1008.666667,1.568662,95.954979,0.167866,0.026606,0.169961,0.821665,
15141,348,3.465640,-5.688660,-0.162821,1.561013,1009.333333,1.569481,95.954686,-0.000115,0.001223,0.001228,0.800471,2.269699
15151,348,3.409906,-5.055091,-0.047726,1.623831,1010.000000,1.624532,91.683490,0.172643,0.094227,0.196683,0.750941,1.239642
15161,348,3.427459,-4.389596,-0.066068,1.699443,1010.666667,1.700727,92.226317,-0.027513,0.113419,0.116708,0.700784,
15171,348,3.357052,-3.695536,-0.109246,1.727825,1011.333333,1.731275,93.617851,-0.064767,0.042572,0.077506,0.767102,
15181,348,3.340062,-3.007336,-0.111898,1.679791,1012.000000,1.683514,93.811079,-0.003978,-0.072051,0.072160,0.822629,
15191,348,3.267534,-2.351703,-0.182696,1.615361,1012.666667,1.625659,96.452688,-0.106197,-0.096645,0.143590,0.832635,3.549690
15201,348,3.193906,-1.715047,-0.114542,1.631638,1013.333333,1.635654,94.015620,0.102231,0.024416,0.105106,0.768945,
15211,348,3.175900,-1.046393,-0.173793,1.787984,1014.000000,1.796410,95.551735,-0.088876,0.234518,0.250794,0.872874,
15221,348,3.054871,-0.284660,-0.194822,1.815817,1014.666667,1.826239,96.123923,-0.031543,0.041750,0.052327,0.832971,
15231,348,3.020042,0.406261,-0.160811,1.616608,1015.333333,1.624587,95.680773,0.051016,-0.298813,0.303137,0.885391,
15241,348,2.926223,1.008626,-0.188515,1.523698,1016.000000,1.535315,97.052921,-0.041556,-0.139366,0.145430,0.802281,1.569365
15251,348,2.869230,1.625219,-0.142481,1.541483,1016.666667,1.548053,95.280898,0.069052,0.026677,0.074026,0.768837,
15101,349,3.028534,-7.822232,-0.188020,1.546229,1006.666667,1.557619,96.933079,,,,0.852643,
15111,349,2.953326,-7.203741,-0.233174,1.550490,1007.333333,1.567925,98.552472,-0.067731,0.006391,0.068032,0.873030,1.548178
15121,349,2.841995,-6.581840,-0.212145,1.525507,1008.000000,1.540188,97.917063,0.031544,-0.037474,0.048983,0.833237,1.033729
15131,349,2.783611,-5.983335,-0.145998,1.496644,1008.666667,1.503748,95.571599,0.099220,-0.043295,0.108254,0.821665,0.700086
15141,349,2.725197,-5.384525,-0.075639,1.539880,1009.333333,1.541736,92.812095,0.105540,0.064854,0.123873,0.800471,2.269699
15151,349,2.723100,-4.751431,0.087623,1.621706,1010.000000,1.624072,86.907225,0.244893,0.122740,0.273930,0.634214,1.239642
15161,349,2.795295,-4.087160,-0.144763,1.522592,1010.666667,1.529458,95.431153,-0.348579,-0.148671,0.378960,0.700784,
15171,349,2.607290,-3.533358,-0.324069,1.567245,1011.333333,1.600399,101.682755,-0.268959,0.066979,0.277174,0.767102,
15181,349,2.536040,-2.833365,-0.210225,1.581613,1012.000000,1.595523,97.571256,0.170766,0.021552,0.172121,0.822629,
15191,349,2.439110,-2.268068,-0.118304,1.595568,1012.666667,1.599947,94.240449,0.137881,0.020933,0.139461,0.832635,3.549690
15201,349,2.441397,-1.556911,-0.159808,1.676637,1013.333333,1.684236,95.444683,-0.062257,0.121605,0.136615,0.768945,
15211,349,2.311263,-0.926758,-0.264106,1.444469,1014.000000,1.468415,100.361497,-0.156447,-0.348252,0.381779,0.872874,
15221,349,2.230112,-0.401335,-0.177511,1.359890,1014.666667,1.371427,97.436946,0.129894,-0.126869,0.181571,0.832971,
15231,349,2.169255,0.161154,-0.081148,1.445017,1015.333333,1.447293,93.214176,0.144545,0.127690,0.192867,0.885391,
15241,349,2.165194,0.754678,-0.011498,1.458886,1016.000000,1.458931,90.451552,0.104475,0.020804,0.106526,0.802281,1.569365
15251,349,2.160057,1.328263,-0.012843,1.433962,1016.666667,1.434020,90.513145,-0.002018,-0.037386,0.037441,0.768837,
15101,350,2.515827,-8.921950,0.315232,0.777792,1006.666667,0.839245,67.937760,,,,1.213362,
15111,350,2.641920,-8.610834,0.265539,0.705235,1007.333333,0.753569,69.367384,-0.074540,-0.108836,0.131915,1.441140,
15121,350,2.728258,-8.357763,0.157152,0.809360,1008.000000,0.824475,79.011713,-0.162580,0.156187,0.225448,1.664864,
15131,350,2.767641,-7.963346,0.158130,0.832648,1008.666667,0.847530,79.246916,0.001467,0.034933,0.034964,1.830450,
15141,350,2.854762,-7.691644,0.402644,0.764080,1009.333333,0.863678,62.212329,0.366771,-0.102852,0.380919,2.094067,
15151,350,3.089756,-7.352082,0.488704,0.706168,1010.000000,0.858781,55.314787,0.129091,-0.086868,0.155597,2.319194,
15161,350,3.245725,-7.126710,0.349854,0.663904,1010.666667,0.750445,62.212329,-0.208275,-0.063395,0.217709,1.928272,
15171,350,3.369640,-6.820958,0.245172,0.817621,1011.333333,0.853589,73.308106,-0.157024,0.230575,0.278965,1.609608,
15181,350,3.441863,-6.472613,0.215745,0.695196,1012.000000,0.727903,72.758917,-0.044140,-0.183638,0.188868,1.398162,
15191,350,3.542236,-6.264802,0.250934,0.519528,1012.666667,0.576955,64.219317,0.052782,-0.263501,0.268736,1.939456,
15141,351,0.816519,3.285131,-0.004835,-1.747983,1009.333333,1.747990,269.841501,,,,3.003922,
15151,351,0.814584,2.585938,0.087273,-1.788931,1010.000000,1.791058,272.792962,0.138163,-0.061421,0.151200,2.738773,
15161,351,0.886337,1.853987,0.084503,-1.839405,1010.666667,1.841345,272.630346,-0.004155,-0.075712,0.075826,4.485993,
15171,351,0.882187,1.114414,0.084492,-1.838990,1011.333333,1.840930,272.630595,-0.000017,0.000622,0.000622,3.541989,8.856888
15181,351,0.953931,0.382794,0.076119,-1.989122,1012.000000,1.990578,272.191494,-0.012560,-0.225198,0.225548,2.889209,7.931903
15191,351,0.943082,-0.476884,0.074723,-2.013656,1012.666667,2.015042,272.125160,-0.002094,-0.036800,0.036859,2.333761,
15201,351,1.013709,-1.228130,0.150397,-1.924419,1013.333333,1.930287,274.468700,0.113512,0.133855,0.175506,1.465056,
15211,351,1.063400,-2.016419,0.124227,-1.970722,1014.000000,1.974634,273.606928,-0.039256,-0.069455,0.079781,1.656661,
15811,354,1.601293,-1.087415,-0.144582,-0.927251,1054.000000,0.938455,261.137488,,,,,
15821,354,1.543460,-1.458315,-0.146081,-0.952785,1054.666667,0.963918,261.283307,-0.002248,-0.038301,0.038367,1.775573,7.785467
15831,354,1.484428,-1.849643,-0.033396,-1.018226,1055.333333,1.018774,268.121496,0.169028,-0.098162,0.195464,2.058703,8.254940
15841,354,1.516744,-2.272896,-0.013097,-1.071844,1056.000000,1.071924,269.299949,0.030448,-0.080426,0.085997,2.453183,
15851,354,1.473951,-2.707118,-0.082509,-1.064124,1056.666667,1.067318,265.566321,-0.104119,0.011579,0.104761,2.840247,
15861,354,1.450736,-3.124196,-0.015878,-1.122874,1057.333333,1.122987,269.189887,0.099947,-0.088125,0.133250,3.229042,4.434475
15871,354,1.461249,-3.605417,-0.066434,-1.193559,1058.000000,1.195406,266.814173,-0.075835,-0.106027,0.130356,3.197865,3.708632
15881,354,1.397589,-4.079043,-0.063660,-1.144617,1058.666667,1.146386,266.816656,0.004161,0.073413,0.073531,3.010393,3.888296
15891,354,1.410321,-4.521111,0.005859,-1.152957,1059.333333,1.152972,270.291181,0.104280,-0.012510,0.105027,2.675231,
15901,354,1.402276,-5.001409,-0.088425,-1.169924,1060.000000,1.173261,265.677714,-0.141426,-0.025451,0.143698,2.637086,
15911,354,1.339581,-5.457050,-0.062441,-1.123141,1060.666667,1.124875,266.817897,0.038975,0.070176,0.080273,2.266346,8.873070
15921,354,1.352323,-5.899921,-0.014647,-1.103535,1061.333333,1.103632,269.239594,0.071692,0.029409,0.077490,2.171915,7.810255
15931,354,1.327864,-6.339878,-0.084465,-1.098666,1062.000000,1.101908,265.603795,-0.104727,0.007303,0.104981,1.931808,
15941,354,1.284752,-6.778854,0.033267,-1.083273,1062.666667,1.083784,271.758967,0.176597,0.023089,0.178100,1.582791,
15951,354,1.354477,-7.206497,0.082617,-1.037206,1063.333333,1.040492,274.554162,0.074025,0.069100,0.101264,1.279819,
15961,354,1.350845,-7.608619,-0.033755,-1.029170,1064.000000,1.029723,268.121471,-0.174557,0.012055,0.174973,1.278854,
15971,354,1.327473,-8.029832,0.079808,-1.086966,1064.666667,1.089892,274.199268,0.170344,-0.086695,0.191137,1.091734,
15981,354,1.414691,-8.478192,0.148224,-1.116359,1065.333333,1.126157,277.563181,0.102624,-0.044090,0.111694,1.178108,4.613360
15991,354,1.446052,-8.922920,0.078403,-1.111820,1066.000000,1.114581,274.033684,-0.104732,0.006809,0.104953,1.101575,4.574849
15821,355,1.186548,2.840560,-0.080620,-1.430424,1054.666667,1.432694,266.774177,,,,2.911228,2.059000
15831,355,1.154300,2.268390,0.035468,-1.450380,1055.333333,1.450813,271.400852,0.174132,-0.029934,0.176686,2.389784,8.254940
15841,355,1.214922,1.680256,0.216877,-1.554943,1056.000000,1.569994,277.940159,0.272113,-0.156844,0.314079,1.852035,
15851,355,1.327801,1.024436,0.147275,-1.543235,1056.666667,1.550246,275.451379,-0.104403,0.017562,0.105870,1.335144,
15861,355,1.332742,0.445668,-0.007040,-1.793768,1057.333333,1.793782,269.775123,-0.231473,-0.375800,0.441368,0.948922,4.434475
15871,355,1.322169,-0.410578,-0.012582,-1.894063,1058.000000,1.894105,269.619407,-0.008312,-0.150442,0.150672,0.891603,3.708632
15881,355,1.322677,-1.069582,-0.147841,-1.804097,1058.666667,1.810145,265.315230,-0.202889,0.134949,0.243670,1.313916,3.888296
15891,355,1.203896,-1.853856,-0.279286,-1.640261,1059.333333,1.663868,260.336969,-0.197167,0.245754,0.315071,1.946225,
15901,355,1.099248,-2.381791,-0.331222,-1.715682,1060.000000,1.747361,259.073150,-0.077904,-0.113130,0.137359,2.419624,
15911,355,0.938919,-3.226401,-0.358439,-1.767963,1060.666667,1.803933,258.539123,-0.040826,-0.078423,0.088413,2.266346,
15921,355,0.812497,-3.796162,-0.400020,-1.645580,1061.333333,1.693502,256.337110,-0.062372,0.183575,0.193881,2.171915,
15931,355,0.618903,-4.542865,-0.422718,-2.028902,1062.000000,2.072470,258.230899,-0.034046,-0.574982,0.575989,1.931808,
15941,355,0.474322,-5.419283,-0.349269,-1.968076,1062.666667,1.998827,259.936660,0.110174,0.091239,0.143048,1.582791,
15951,355,0.339488,-6.117326,-0.223064,-1.833120,1063.333333,1.846642,263.062052,0.189307,0.202433,0.277158,1.369010,
15961,355,0.295871,-6.885780,-0.008278,-1.827941,1064.000000,1.827960,269.740519,0.322178,0.007769,0.322272,1.200636,
15971,355,0.332865,-7.579679,-0.050178,-1.726101,1064.666667,1.726830,268.334876,-0.062849,0.152760,0.165184,1.091734,
15981,355,0.255729,-8.266660,0.018355,-1.781805,1065.333333,1.781899,270.590188,0.102799,-0.083555,0.132473,1.178108,
15991,355,0.347548,-9.005123,0.304889,-1.772378,1066.000000,1.798410,279.760651,0.429802,0.014140,0.430035,1.101575,
16001,355,0.499641,-9.684563,0.380230,-1.698600,1066.666667,1.740637,282.617607,0.113011,0.110667,0.158173,3.268407,
15821,356,0.535110,0.003153,-0.052803,-0.092921,1054.666667,0.106876,240.392163,,,,1.775573,2.059000
15831,356,0.513989,-0.034015,-0.026402,-0.046460,1055.333333,0.053438,240.392163,0.039602,0.069691,0.080157,2.058703,
15841,356,0.513989,-0.034015,0.000000,0.000000,1056.000000,0.000000,0.000000,0.039602,0.069691,0.080157,1.852035,
15851,356,0.513989,-0.034015,0.000000,0.000000,1056.666667,0.000000,0.000000,0.000000,0.000000,0.000000,1.335144,
15861,356,0.513989,-0.034015,0.000000,0.000000,1057.333333,0.000000,0.000000,0.000000,0.000000,0.000000,0.948922,
15871,356,0.513989,-0.034015,0.000000,0.000000,1058.000000,0.000000,0.000000,0.000000,0.000000,0.000000,0.891603,
15881,356,0.513989,-0.034015,0.000000,0.000000,1058.666667,0.000000,0.000000,0.000000,0.000000,0.000000,1.313916,
15891,356,0.513989,-0.034015,0.000000,0.000000,1059.333333,0.000000,0.000000,0.000000,0.000000,0.000000,1.487214,
15901,356,0.513989,-0.034015,0.000000,0.000000,1060.000000,0.000000,0.000000,0.000000,0.000000,0.000000,1.058817,6.761956
15911,356,0.513989,-0.034015,0.020722,-0.053294,1060.666667,0.057181,291.247101,0.031083,-0.079941,0.085772,0.870598,
15921,356,0.530566,-0.076651,0.020722,-0.053294,1061.333333,0.057181,291.247101,0.000000,0.000000,0.000000,1.193715,
15931,356,0.530566,-0.076651,-0.044293,0.056710,1062.000000,0.071958,127.991174,-0.097522,0.165007,0.191671,1.650318,
15941,356,0.495132,-0.031282,0.004260,0.074818,1062.666667,0.074939,86.741314,0.072829,0.027161,0.077729,2.318874,
15951,356,0.533974,-0.016796,0.044293,-0.056710,1063.333333,0.071958,307.991174,0.060049,-0.197292,0.206228,2.967798,
15961,356,0.530566,-0.076651,-0.004260,-0.074818,1064.000000,0.074939,266.741314,-0.072829,-0.027161,0.077729,3.596018,
15971,356,0.530566,-0.076651,0.004260,0.074818,1064.666667,0.074939,86.741314,0.012780,0.224453,0.224817,4.341686,
15981,356,0.533974,-0.016796,0.001420,0.024940,1065.333333,0.024981,86.741314,-0.004260,-0.074816,0.074937,5.105680,
15991,356,0.531702,-0.056698,-0.095722,-0.011272,1066.000000,0.096383,186.715910,-0.145712,-0.054318,0.155507,4.963037,
16001,356,0.457397,-0.025814,-0.080076,0.263176,1066.666667,0.275088,106.923256,0.023469,0.411671,0.412340,4.831929,
16011,356,0.467642,0.153842,0.019918,0.349291,1067.333333,0.349858,86.736229,0.149991,0.129172,0.197946,2.586985,
16021,356,0.473332,0.253619,0.001423,0.024946,1068.000000,0.024987,86.736229,-0.027744,-0.486516,0.487307,2.056836,
16031,356,0.468780,0.173800,-0.007112,-0.124720,1068.666667,0.124923,266.736229,-0.012802,-0.224500,0.224865,1.642748,
16041,356,0.467642,0.153842,-0.004268,-0.074843,1069.333333,0.074964,266.736229,0.004266,0.074817,0.074938,1.335071,
16051,356,0.465366,0.113925,-0.005691,-0.099797,1070.000000,0.099959,266.736229,-0.002135,-0.037432,0.037493,1.194521,
16061,356,0.463089,0.074005,0.063620,-0.135041,1070.666667,0.149277,295.225982,0.103967,-0.052866,0.116636,1.220975,2.002805
16071,356,0.516262,0.005892,0.066466,-0.085140,1071.333333,0.108012,307.977908,0.004268,0.074851,0.074973,0.725064,1.509575
16081,356,0.516262,0.005892,0.000000,0.000000,1072.000000,0.000000,0.000000,-0.099699,0.127710,0.162018,0.760077,
16091,356,0.516262,0.005892,0.000000,0.000000,1072.666667,0.000000,0.000000,0.000000,0.000000,0.000000,1.356426,
16101,356,0.516262,0.005892,0.000000,0.000000,1073.333333,0.000000,0.000000,0.000000,0.000000,0.000000,0.981100,
16111,356,0.516262,0.005892,0.000000,0.000000,1074.000000,0.000000,0.000000,0.000000,0.000000,0.000000,0.775130,
16121,356,0.516262,0.005892,0.000000,0.000000,1074.666667,0.000000,0.000000,0.000000,0.000000,0.000000,0.810900,
16131,356,0.516262,0.005892,0.000000,0.000000,1075.333333,0.000000,0.000000,0.000000,0.000000,0.000000,1.277060,
16141,356,0.516262,0.005892,-0.116512,0.042104,1076.000000,0.123886,160.131671,-0.174768,0.063156,0.185830,1.795772,
16151,356,0.423052,0.039576,-0.116512,0.042104,1076.666667,0.123886,160.131671,0.000000,0.000000,0.000000,1.807839,0.767509
16161,356,0.423052,0.039576,-0.121017,-0.032780,1077.333333,0.125378,195.155973,-0.006758,-0.112326,0.112529,1.033713,0.297800
16171,356,0.326238,0.013352,-0.169779,-0.050910,1078.000000,0.177247,196.692015,-0.073142,-0.027196,0.078034,0.582724,
16181,356,0.287229,-0.001153,-0.016513,0.128390,1078.666667,0.129447,97.328893,0.229899,0.268950,0.353818,0.952011,
16191,356,0.313028,0.116063,-0.006507,0.303404,1079.333333,0.303474,91.228602,0.015009,0.262522,0.262950,1.462514,
16201,356,0.282024,0.241571,0.053015,0.092992,1080.000000,0.107043,60.312558,0.089283,-0.315618,0.328003,1.037112,
16211,356,0.355440,0.190457,-0.155891,0.199595,1080.666667,0.253259,127.991173,-0.313359,0.159904,0.351800,0.915686,
16221,356,0.157311,0.401247,-0.134841,0.145868,1081.333333,0.198644,132.750402,0.031575,-0.080590,0.086555,1.290990,
16231,356,0.247567,0.307152,0.147306,-0.349560,1082.000000,0.379330,292.850730,0.423220,-0.743142,0.855205,1.488915,
16241,356,0.275155,0.121599,0.104054,-0.267302,1082.666667,0.286840,291.269747,-0.064878,0.123387,0.139404,1.681930,
16251,356,0.330810,0.093310,-0.091922,0.063885,1083.333333,0.111942,145.201201,-0.293964,0.496780,0.577239,2.181274,3.425170
16261,356,0.201618,0.172706,-0.115513,0.067291,1084.000000,0.133684,149.777424,-0.035387,0.005110,0.035754,1.979637,
16271,356,0.238400,0.147143,0.025143,0.021534,1084.666667,0.033104,40.578673,0.210985,-0.068636,0.221868,1.906566,
16281,356,0.221732,0.189934,-0.025135,-0.021542,1085.333333,0.033104,220.598923,-0.075417,-0.064615,0.099312,2.023410,
16291,356,0.218292,0.129909,-0.002867,-0.050019,1086.000000,0.050101,266.719648,0.033402,-0.042715,0.054224,2.004295,
16301,356,0.219439,0.149918,0.023702,-0.003464,1086.666667,0.023954,351.685021,0.039854,0.069832,0.080405,1.942442,
16311,356,0.237254,0.127138,0.025134,0.021537,1087.333333,0.033099,40.592174,0.002148,0.037501,0.037562,2.036639,
16321,356,0.239546,0.167148,0.051670,0.068064,1088.000000,0.085454,52.796248,0.039804,0.069791,0.080344,2.120558,
16331,356,0.278590,0.181589,0.048805,0.018052,1088.666667,0.052036,20.298132,-0.004298,-0.075018,0.075141,2.273180,
16341,356,0.278590,0.181589,0.023672,-0.003474,1089.333333,0.023926,351.650555,-0.037699,-0.032289,0.049636,2.526801,
16351,356,0.297528,0.178809,-0.027977,-0.071526,1090.000000,0.076803,248.637450,-0.077474,-0.102078,0.128149,2.709745,
16361,356,0.256208,0.124368,-0.097611,-0.036114,1090.666667,0.104078,200.303290,-0.104451,0.053119,0.117182,2.566184,
16371,356,0.219439,0.149918,-0.022260,0.028469,1091.333333,0.036139,128.022161,0.113026,0.096875,0.148861,2.003577,
16381,356,0.238400,0.147143,0.025134,0.021537,1092.000000,0.033099,40.592174,0.071092,-0.010399,0.071848,1.550767,
16391,356,0.239546,0.167148,0.001433,0.025005,1092.666667,0.025046,86.720926,-0.035552,0.005203,0.035931,1.587815,
16401,356,0.239546,0.167148,-0.030869,-0.121589,1093.333333,0.125446,255.754867,-0.048452,-0.219891,0.225166,1.822215,
16411,356,0.214851,0.069876,-0.002865,-0.050012,1094.000000,0.050094,266.720926,0.042005,0.107365,0.115290,2.221991,
16421,356,0.237254,0.127138,0.004301,0.075041,1094.666667,0.075164,86.719648,0.010750,0.187579,0.187887,1.723456,
16431,356,0.218292,0.129909,0.023693,-0.003463,1095.333333,0.023945,351.685021,0.029088,-0.117756,0.121295,1.308588,
16441,356,0.256208,0.124368,0.025135,0.021542,1096.000000,0.033104,40.598923,0.002163,0.037508,0.037570,1.044287,4.889389
16451,356,0.238400,0.147143,-0.047395,0.006927,1096.666667,0.047899,171.685021,-0.108796,-0.021923,0.110982,1.228716,4.295077
16461,356,0.218292,0.129909,0.047376,-0.006934,1097.333333,0.047880,351.673531,0.142156,-0.020791,0.143669,1.692198,3.795387
16471,356,0.276300,0.141596,0.025135,0.021542,1098.000000,0.033104,40.598923,-0.033361,0.042714,0.054198,2.212229,3.661721
16481,356,0.238400,0.147143,0.001431,0.024996,1098.666667,0.025037,86.723482,-0.035556,0.005180,0.035931,2.674537,3.352993
16491,356,0.277445,0.161593,0.071050,-0.010399,1099.333333,0.071807,351.673531,0.104428,-0.053092,0.117149,2.656307,2.795406
16501,356,0.295239,0.138824,0.017952,-0.103441,1100.000000,0.104988,279.845611,-0.079646,-0.139564,0.160691,2.604444,2.465800
16511,356,0.291807,0.078840,-0.029399,-0.096531,1100.666667,0.100908,253.061741,-0.071026,0.010366,0.071779,2.544073,
16521,356,0.271721,0.061600,-0.026539,-0.046552,1101.333333,0.053585,240.312558,0.004289,0.074968,0.075091,2.536103,
16531,356,0.270575,0.041598,-0.125702,-0.107890,1102.000000,0.165654,220.639391,-0.148744,-0.092007,0.174900,2.634369,
16541,356,0.171159,-0.024712,-0.166003,0.024126,1102.666667,0.167747,171.730990,-0.060452,0.198023,0.207044,2.045447,
16551,356,0.137773,0.060899,-0.125271,0.321227,1103.333333,0.344789,111.304583,0.061098,0.445652,0.449821,1.436334,6.688600
16561,356,0.070942,0.232270,-0.168617,0.403623,1104.000000,0.437428,112.673155,-0.065019,0.123593,0.139652,1.189322,4.841592
16571,356,0.002879,0.383797,-0.293918,0.321648,1104.666667,0.435712,132.420722,-0.187952,-0.122962,0.224601,1.007332,
16581,356,-0.164192,0.489588,-0.417679,0.264478,1105.333333,0.494373,147.657658,-0.185641,-0.085755,0.204491,1.222110,
15861,357,1.275152,3.083596,0.235435,-1.631976,1057.333333,1.648871,278.209082,,,,2.638556,
15871,357,1.369327,2.430805,0.142881,-1.615768,1058.000000,1.622073,275.053480,-0.138831,0.024313,0.140944,2.609012,
15881,357,1.389458,1.790982,0.095180,-1.631808,1058.666667,1.634581,273.338155,-0.071552,-0.024060,0.075489,2.024119,
15891,357,1.445471,1.125359,0.070708,-1.653248,1059.333333,1.654760,272.449013,-0.036707,-0.032161,0.048803,1.487214,
15901,357,1.446024,0.468383,-0.091171,-1.629675,1060.000000,1.632224,266.797984,-0.242818,0.035359,0.245379,1.058817,
15911,357,1.372534,-0.178381,-0.023130,-1.665883,1060.666667,1.666043,269.204521,0.102061,-0.054311,0.115612,0.870598,8.873070
15921,357,1.427520,-0.864323,-0.071019,-1.687312,1061.333333,1.688806,267.589853,-0.071833,-0.032144,0.078697,1.193715,7.810255
15931,357,1.315719,-1.528231,-0.211572,-1.695830,1062.000000,1.708977,262.888518,-0.210830,-0.012776,0.211217,1.650318,
15941,357,1.258263,-2.220987,-0.167066,-1.730919,1062.666667,1.738963,264.486960,0.066759,-0.052635,0.085012,2.318874,
15951,357,1.182066,-2.912967,-0.192117,-1.756967,1063.333333,1.767440,263.759744,-0.037576,-0.039072,0.054209,2.967798,
15961,357,1.104569,-3.626561,-0.150040,-1.840898,1064.000000,1.847002,265.340484,0.063115,-0.125896,0.140831,2.887276,
15971,357,1.062034,-4.385685,-0.150428,-1.845029,1064.666667,1.851151,265.338912,-0.000582,-0.006197,0.006224,2.278017,
15981,357,0.984227,-5.102584,0.135560,-1.772664,1065.333333,1.777840,274.373053,0.428982,0.108547,0.442502,1.612298,4.613360
15991,357,1.170483,-5.803816,0.255322,-1.733732,1066.000000,1.752431,278.377574,0.179642,0.058399,0.188896,1.482335,4.574849
16001,357,1.188485,-6.489570,-0.102144,-1.830114,1066.666667,1.832963,266.805465,-0.536199,-0.144574,0.555348,2.093060,
16011,357,1.088767,-7.267908,-0.249293,-1.945845,1067.333333,1.961749,262.699289,-0.220723,-0.173596,0.280810,2.057106,
15901,358,2.688734,-10.105104,-0.240054,1.454429,1060.000000,1.474107,99.372211,,,,5.263334,6.761956
15911,358,2.592712,-9.523332,0.006754,1.392022,1060.666667,1.392039,89.722015,0.370212,-0.093610,0.381864,1.005018,
15921,358,2.694137,-8.991486,0.008182,1.417183,1061.333333,1.417207,89.669208,0.002142,0.037741,0.037802,0.878198,
15931,358,2.599258,-8.389586,-0.151881,1.400572,1062.000000,1.408783,96.189093,-0.240095,-0.024916,0.241384,1.049608,
15941,358,2.572632,-7.871028,0.040179,1.586409,1062.666667,1.586918,88.549182,0.288090,0.278755,0.400875,0.990772,2.403873
15951,358,2.631401,-7.120459,-0.077204,1.520544,1063.333333,1.522502,92.906623,-0.176074,-0.098798,0.201899,0.899962,
15961,358,2.510870,-6.654593,-0.090497,1.272088,1064.000000,1.275303,94.069213,-0.019941,-0.372683,0.373216,1.099090,
15971,358,2.559003,-6.102788,0.029594,1.386586,1064.666667,1.386902,88.777320,0.180137,0.171747,0.248890,0.921730,1.414182
15981,358,2.534545,-5.545324,-0.197384,1.406691,1065.333333,1.420472,97.987462,-0.340466,0.030158,0.341799,0.915578,
15991,358,2.401096,-4.977435,-0.059793,1.417966,1066.000000,1.419226,92.414645,0.206385,0.016912,0.207077,1.066174,
16001,358,2.486710,-4.410951,0.172490,1.493142,1066.666667,1.503072,83.410327,0.348425,0.112764,0.366218,0.912526,
16011,358,2.539088,-3.782921,0.058924,1.502791,1067.333333,1.503945,87.754584,-0.170348,0.014473,0.170962,0.909082,2.014413
16021,358,2.533849,-3.208719,0.187671,1.361495,1068.000000,1.374368,82.151715,0.193119,-0.211944,0.286732,0.947505,1.540540
16031,358,2.689225,-2.693725,0.296352,1.271887,1068.666667,1.305956,76.883979,0.163023,-0.134411,0.211288,0.723465,0.383503
16041,358,2.770931,-2.191209,0.115386,1.291075,1069.333333,1.296221,84.892908,-0.271449,0.028782,0.272970,0.688988,3.664278
16051,358,2.781534,-1.660865,0.138870,1.309903,1070.000000,1.317244,83.948367,0.035225,0.028242,0.045149,0.706838,0.737439
16061,358,2.882027,-1.143286,0.184971,1.326111,1070.666667,1.338949,82.059406,0.069151,0.024312,0.073301,0.577252,
16071,358,2.929511,-0.599976,0.025011,1.297460,1071.333333,1.297701,88.895674,-0.239941,-0.042978,0.243759,0.662500,
16081,358,2.902036,-0.105319,0.135529,1.254368,1072.000000,1.261668,83.833361,0.165778,-0.064638,0.177934,0.709458,0.877922
16091,358,3.037934,0.403518,0.201338,1.218404,1072.666667,1.234927,80.616809,0.098714,-0.053946,0.112492,0.563704,
16101,358,3.063106,0.869405,0.062931,1.164716,1073.333333,1.166415,86.907225,-0.207610,-0.080531,0.222682,0.667675,
15911,359,3.572055,-9.749049,-0.115722,1.188461,1060.666667,1.194081,95.561446,,,,1.005018,
15921,359,3.525766,-9.273665,0.049049,1.351438,1061.333333,1.352328,87.921418,0.247157,0.244466,0.347635,0.878198,9.863539
15931,359,3.611295,-8.667899,0.009838,1.451997,1062.000000,1.452030,89.611783,-0.058816,0.150839,0.161900,1.049608,
15941,359,3.533637,-8.112068,-0.213911,1.440857,1062.666667,1.456649,98.444488,-0.335623,-0.016710,0.336039,0.990772,3.955834
15951,359,3.440166,-7.515214,0.003341,1.327388,1063.333333,1.327392,89.855802,0.325877,-0.170203,0.367648,0.899962,
15961,359,3.536310,-7.050157,-0.016244,1.378493,1064.000000,1.378589,90.675131,-0.029377,0.076658,0.082094,1.099090,4.227008
15971,359,3.427171,-6.412419,-0.216582,1.393907,1064.666667,1.410632,98.831843,-0.300506,0.023121,0.301395,0.921730,1.414182
15981,359,3.363044,-5.935032,-0.042395,1.305834,1065.333333,1.306522,91.859497,0.261280,-0.132110,0.292780,0.915578,
15991,359,3.393255,-5.367752,-0.058167,1.430538,1066.000000,1.431720,92.328413,-0.023658,0.187056,0.188546,1.066174,
16001,359,3.316511,-4.790601,-0.130224,1.338839,1066.666667,1.345158,95.555482,-0.108086,-0.137547,0.174934,0.912526,
16011,359,3.289076,-4.296681,0.051978,1.393204,1067.333333,1.394173,87.863398,0.273303,0.081547,0.285209,0.909082,
16021,359,3.358093,-3.676038,0.013975,1.519504,1068.000000,1.519569,89.473056,-0.057004,0.189451,0.197841,0.947505,1.540540
16031,359,3.300256,-3.081077,0.008686,1.419900,1068.666667,1.419927,89.649512,-0.007934,-0.149406,0.149617,0.723465,0.383503
16041,359,3.365042,-2.540118,0.140886,1.378179,1069.333333,1.385361,84.163125,0.198301,-0.062582,0.207942,0.688988,1.798381
16051,359,3.412965,-1.978534,-0.018759,1.323641,1070.000000,1.323774,90.811955,-0.239468,-0.081806,0.253056,0.706838,0.737439
16061,359,3.350035,-1.481205,0.066114,1.237079,1070.666667,1.238845,86.940837,0.127309,-0.129843,0.181843,0.577252,
16071,359,3.465856,-0.988871,0.201870,1.265975,1071.333333,1.281968,80.939990,0.203635,0.043343,0.208196,0.662500,
16081,359,3.511531,-0.468425,0.025544,1.313399,1072.000000,1.313648,88.885821,-0.264490,0.071137,0.273889,0.709458,0.877922
16091,359,3.486291,0.061849,0.180157,1.287673,1072.666667,1.300215,82.035498,0.231920,-0.038590,0.235109,0.563704,
16101,359,3.655656,0.561713,0.423414,1.249661,1073.333333,1.319443,71.282439,0.364885,-0.057019,0.369313,0.667675,
15921,360,3.774109,-6.930952,0.017520,1.174423,1061.333333,1.174554,89.145319,,,,2.326400,9.863539
15931,360,3.781117,-6.461183,-0.137349,1.187502,1062.000000,1.195419,96.597649,-0.232304,0.019618,0.233131,2.213241,
15941,360,3.664229,-5.980950,-0.323772,1.032894,1062.666667,1.082450,107.404153,-0.279634,-0.231911,0.363288,2.135115,2.403873
15951,360,3.522100,-5.634867,-0.146573,1.018218,1063.333333,1.028713,98.191467,0.265799,-0.022015,0.266709,1.732145,
15961,360,3.546971,-5.166376,-0.077562,1.062034,1064.000000,1.064862,94.177006,0.103515,0.065725,0.122618,1.813366,4.227008
15971,360,3.460050,-4.785240,-0.052714,1.107941,1064.666667,1.109194,92.724005,0.037272,0.068860,0.078301,1.596188,4.040054
15981,360,3.504800,-4.280024,0.282496,1.121066,1065.333333,1.156111,75.856538,0.502816,0.019687,0.503201,1.594485,
15991,360,3.686047,-3.888388,0.475445,0.998716,1066.000000,1.106111,64.542945,0.289422,-0.183524,0.342704,1.508060,
16001,360,3.885156,-3.481050,0.435903,1.120413,1066.666667,1.202222,68.741221,-0.059313,0.182546,0.191940,1.427684,
16011,360,4.034769,-2.992057,0.186711,1.024634,1067.333333,1.041507,79.672759,-0.373788,-0.143669,0.400447,1.502698,
16021,360,4.034524,-2.661343,0.152707,0.807295,1068.000000,0.821611,79.288545,-0.051006,-0.326010,0.329975,1.219494,
16031,360,4.156935,-2.346221,0.098449,1.031872,1068.666667,1.036558,84.550015,-0.081387,0.336867,0.346559,1.128677,
16041,360,4.113283,-1.835845,-0.109128,1.275940,1069.333333,1.280598,94.888453,-0.311365,0.366102,0.480603,1.027553,1.798381
15951,361,-0.892468,-6.714380,0.000000,0.000000,1063.333333,0.000000,0.000000,,,,1.369010,
15961,361,-0.892468,-6.714380,0.000000,0.000000,1064.000000,0.000000,0.000000,0.000000,0.000000,0.000000,1.200636,
15971,361,-0.892468,-6.714380,0.000000,0.000000,1064.666667,0.000000,0.000000,0.000000,0.000000,0.000000,1.500060,
15981,361,-0.892468,-6.714380,0.000000,0.000000,1065.333333,0.000000,0.000000,0.000000,0.000000,0.000000,1.930784,
15991,361,-0.892468,-6.714380,0.000000,0.000000,1066.000000,0.000000,0.000000,0.000000,0.000000,0.000000,2.254970,
16001,361,-0.892468,-6.714380,0.000000,0.000000,1066.666667,0.000000,0.000000,0.000000,0.000000,0.000000,2.093060,
16011,361,-0.892468,-6.714380,0.000000,0.000000,1067.333333,0.000000,0.000000,0.000000,0.000000,0.000000,2.057106,
16021,361,-0.892468,-6.714380,0.000000,0.000000,1068.000000,0.000000,0.000000,0.000000,0.000000,0.000000,4.901970,
16031,361,-0.892468,-6.714380,0.000000,0.000000,1068.666667,0.000000,0.000000,0.000000,0.000000,0.000000,5.384625,6.108874
16041,361,-0.892468,-6.714380,0.000000,0.000000,1069.333333,0.000000,0.000000,0.000000,0.000000,0.000000,5.820616,
16051,361,-0.892468,-6.714380,0.000000,0.000000,1070.000000,0.000000,0.000000,0.000000,0.000000,0.000000,6.247904,
16061,361,-0.892468,-6.714380,0.000000,0.000000,1070.666667,0.000000,0.000000,0.000000,0.000000,0.000000,6.729331,3.821617
16071,361,-0.892468,-6.714380,0.000000,0.000000,1071.333333,0.000000,0.000000,0.000000,0.000000,0.000000,6.323554,
16081,361,-0.892468,-6.714380,0.000000,0.000000,1072.000000,0.000000,0.000000,0.000000,0.000000,0.000000,5.766468,3.206144
16091,361,-0.892468,-6.714380,0.000000,0.000000,1072.666667,0.000000,0.000000,0.000000,0.000000,0.000000,5.304388,2.649596
16101,361,-0.892468,-6.714380,0.000000,0.000000,1073.333333,0.000000,0.000000,0.000000,0.000000,0.000000,4.815464,
16111,361,-0.892468,-6.714380,0.000000,0.000000,1074.000000,0.000000,0.000000,0.000000,0.000000,0.000000,4.191071,
16121,361,-0.892468,-6.714380,0.000000,0.000000,1074.666667,0.000000,0.000000,0.000000,0.000000,0.000000,3.556236,
16131,361,-0.892468,-6.714380,0.000000,0.000000,1075.333333,0.000000,0.000000,0.000000,0.000000,0.000000,2.856655,
16141,361,-0.892468,-6.714380,0.000000,0.000000,1076.000000,0.000000,0.000000,0.000000,0.000000,0.000000,2.072157,
16151,361,-0.892468,-6.714380,0.000000,0.000000,1076.666667,0.000000,0.000000,0.000000,0.000000,0.000000,1.687033,
16161,361,-0.892468,-6.714380,0.000000,0.000000,1077.333333,0.000000,0.000000,0.000000,0.000000,0.000000,1.430062,
16171,361,-0.892468,-6.714380,0.000000,0.000000,1078.000000,0.000000,0.000000,0.000000,0.000000,0.000000,1.613925,
16181,361,-0.892468,-6.714380,0.000000,0.000000,1078.666667,0.000000,0.000000,0.000000,0.000000,0.000000,2.132435,
16191,361,-0.892468,-6.714380,0.000000,0.000000,1079.333333,0.000000,0.000000,0.000000,0.000000,0.000000,2.779103,
16201,361,-0.892468,-6.714380,0.000000,0.000000,1080.000000,0.000000,0.000000,0.000000,0.000000,0.000000,2.373922,
16211,361,-0.892468,-6.714380,0.000000,0.000000,1080.666667,0.000000,0.000000,0.000000,0.000000,0.000000,2.247328,
16221,361,-0.892468,-6.714380,0.000000,0.000000,1081.333333,0.000000,0.000000,0.000000,0.000000,0.000000,2.141673,
16231,361,-0.892468,-6.714380,0.000000,0.000000,1082.000000,0.000000,0.000000,0.000000,0.000000,0.000000,2.242450,
16241,361,-0.892468,-6.714380,0.000000,0.000000,1082.666667,0.000000,0.000000,0.000000,0.000000,0.000000,2.069480,
16251,361,-0.892468,-6.714380,0.030288,0.100524,1083.333333,0.104988,73.232283,0.045432,0.150787,0.157482,1.970337,
16261,361,-0.868237,-6.633961,0.054613,0.098660,1084.000000,0.112767,61.033336,0.036487,-0.002796,0.036594,2.127577,
16271,361,-0.848777,-6.635452,0.015404,-0.155396,1084.666667,0.156158,275.661045,-0.058814,-0.381085,0.385596,2.521638,
16281,361,-0.855914,-6.758278,-0.014870,-0.255911,1085.333333,0.256343,266.674586,-0.045410,-0.150772,0.157462,2.573502,
16291,361,-0.860673,-6.840181,0.015402,-0.155380,1086.000000,0.156141,275.661045,0.045408,0.150797,0.157485,2.691338,
16301,361,-0.843592,-6.882582,0.204687,0.164381,1086.666667,0.262522,38.767331,0.283928,0.479641,0.557378,2.978903,
16311,361,-0.696923,-6.708677,0.237723,0.315844,1087.333333,0.395309,53.032644,0.049554,0.227194,0.232536,2.425771,
16321,361,-0.653414,-6.629907,-0.024252,0.001844,1088.000000,0.024322,175.652536,-0.392962,-0.471000,0.613400,2.214202,
16331,361,-0.716324,-6.707202,-0.078638,-0.096618,1088.666667,0.124576,230.857555,-0.081580,-0.147693,0.168726,2.137970,
16341,361,-0.716324,-6.707202,0.000000,0.000000,1089.333333,0.000000,0.000000,0.117958,0.144927,0.186863,2.057984,
16351,361,-0.716324,-6.707202,0.000000,0.000000,1090.000000,0.000000,0.000000,0.000000,0.000000,0.000000,2.105371,
16361,361,-0.716324,-6.707202,0.000000,0.000000,1090.666667,0.000000,0.000000,0.000000,0.000000,0.000000,2.422371,
16371,361,-0.716324,-6.707202,0.000000,0.000000,1091.333333,0.000000,0.000000,0.000000,0.000000,0.000000,2.769245,
16381,361,-0.716324,-6.707202,0.000000,0.000000,1092.000000,0.000000,0.000000,0.000000,0.000000,0.000000,3.247542,
16391,361,-0.716324,-6.707202,0.000000,0.000000,1092.666667,0.000000,0.000000,0.000000,0.000000,0.000000,3.727390,
16401,361,-0.716324,-6.707202,0.000000,0.000000,1093.333333,0.000000,0.000000,0.000000,0.000000,0.000000,3.427029,
16411,361,-0.716324,-6.707202,0.000000,0.000000,1094.000000,0.000000,0.000000,0.000000,0.000000,0.000000,3.164662,
16421,361,-0.716324,-6.707202,0.000000,0.000000,1094.666667,0.000000,0.000000,0.000000,0.000000,0.000000,2.969381,
16431,361,-0.716324,-6.707202,0.137989,-0.138688,1095.333333,0.195641,314.855113,0.206983,-0.208033,0.293461,2.894817,
16441,361,-0.605933,-6.818152,0.000000,0.000000,1096.000000,0.000000,0.000000,-0.206983,0.208033,0.293461,2.828645,
16451,361,-0.716324,-6.707202,-0.048427,0.003632,1096.666667,0.048563,175.711357,-0.072640,0.005447,0.072844,2.574845,
16461,361,-0.644675,-6.815247,0.000000,0.000000,1097.333333,0.000000,0.000000,0.072640,-0.005447,0.072844,1.775077,
16471,361,-0.716324,-6.707202,0.004433,0.076616,1098.000000,0.076744,86.688815,0.006649,0.114923,0.115115,1.501761,
16481,361,-0.641128,-6.753955,0.165138,-0.089455,1098.666667,0.187810,331.555776,0.241058,-0.249105,0.346644,1.305545,
16491,361,-0.584214,-6.778765,-0.093995,0.058441,1099.333333,0.110682,148.128653,-0.388699,0.221844,0.447551,1.544691,
16501,361,-0.716324,-6.707202,-0.165138,0.089455,1100.000000,0.187810,151.555776,-0.106715,0.046520,0.116414,2.194405,
16511,361,-0.716324,-6.707202,0.000000,0.000000,1100.666667,0.000000,0.000000,0.247707,-0.134182,0.281715,2.837614,
16521,361,-0.716324,-6.707202,0.000000,0.000000,1101.333333,0.000000,0.000000,0.000000,0.000000,0.000000,2.690414,
16531,361,-0.716324,-6.707202,0.000000,0.000000,1102.000000,0.000000,0.000000,0.000000,0.000000,0.000000,2.305943,
16541,361,-0.716324,-6.707202,0.000000,0.000000,1102.666667,0.000000,0.000000,0.000000,0.000000,0.000000,2.230991,
16551,361,-0.716324,-6.707202,0.000000,0.000000,1103.333333,0.000000,0.000000,0.000000,0.000000,0.000000,2.318977,
16561,361,-0.716324,-6.707202,0.000000,0.000000,1104.000000,0.000000,0.000000,0.000000,0.000000,0.000000,2.605917,
16571,361,-0.716324,-6.707202,0.000000,0.000000,1104.666667,0.000000,0.000000,0.000000,0.000000,0.000000,3.065271,
16581,361,-0.716324,-6.707202,0.000000,0.000000,1105.333333,0.000000,0.000000,0.000000,0.000000,0.000000,3.587145,
16591,361,-0.716324,-6.707202,0.000000,0.000000,1106.000000,0.000000,0.000000,0.000000,0.000000,0.000000,4.442018,5.107448
16601,361,-0.716324,-6.707202,0.000000,0.000000,1106.666667,0.000000,0.000000,0.000000,0.000000,0.000000,2.452586,
16611,361,-0.716324,-6.707202,0.000000,0.000000,1107.333333,0.000000,0.000000,0.000000,0.000000,0.000000,1.804528,
16621,361,-0.716324,-6.707202,0.000000,0.000000,1108.000000,0.000000,0.000000,0.000000,0.000000,0.000000,1.317898,
16631,361,-0.716324,-6.707202,0.000000,0.000000,1108.666667,0.000000,0.000000,0.000000,0.000000,0.000000,1.058987,
16641,361,-0.716324,-6.707202,0.000000,0.000000,1109.333333,0.000000,0.000000,0.000000,0.000000,0.000000,1.231955,
16651,361,-0.716324,-6.707202,0.000000,0.000000,1110.000000,0.000000,0.000000,0.000000,0.000000,0.000000,1.806349,
16661,361,-0.716324,-6.707202,0.098427,0.018163,1110.666667,0.100089,10.455473,0.147640,0.027245,0.150133,2.507816,
16671,361,-0.637583,-6.692671,0.098427,0.018163,1111.333333,0.100089,10.455473,0.000000,0.000000,0.000000,3.034015,
16681,361,-0.637583,-6.692671,0.000000,0.000000,1112.000000,0.000000,0.000000,-0.147640,-0.027245,0.150133,2.812810,
16691,361,-0.637583,-6.692671,0.000000,0.000000,1112.666667,0.000000,0.000000,0.000000,0.000000,0.000000,2.693098,
16701,361,-0.637583,-6.692671,-0.072695,0.005542,1113.333333,0.072906,175.640774,-0.109043,0.008312,0.109359,2.542466,
16711,361,-0.695739,-6.688238,-0.242649,0.018497,1114.000000,0.243353,175.640774,-0.254931,0.019433,0.255670,2.268947,
16721,361,-0.831702,-6.677873,-0.267279,0.020375,1114.666667,0.268055,175.640774,-0.036945,0.002816,0.037052,2.399008,
16731,361,-0.909562,-6.671938,-0.097325,0.007419,1115.333333,0.097608,175.640774,0.254931,-0.019433,0.255670,2.310196,
16741,361,-0.909562,-6.671938,0.000000,0.000000,1116.000000,0.000000,0.000000,0.145988,-0.011129,0.146412,2.226504,
16751,361,-0.909562,-6.671938,-0.010946,0.232273,1116.666667,0.232531,92.698085,-0.016419,0.348409,0.348796,2.253075,
16761,361,-0.918319,-6.486120,-0.088522,0.161142,1117.333333,0.183855,118.781815,-0.116364,-0.106696,0.157876,2.145860,
16771,361,-0.980380,-6.543024,-0.098978,-0.018004,1118.000000,0.100602,190.309601,-0.015683,-0.268719,0.269177,2.189782,
16781,361,-0.997501,-6.500523,-0.330268,0.231955,1118.666667,0.403584,144.918701,-0.346936,0.374939,0.510827,2.144952,
16791,361,-1.244594,-6.357460,-0.576036,0.251664,1119.333333,0.628611,156.399996,-0.368651,0.029563,0.369835,5.295188,
16801,361,-1.458330,-6.299192,-0.157803,-0.168314,1120.000000,0.230719,226.846069,0.627349,-0.629967,0.889058,4.712139,
16811,361,-1.370837,-6.492112,0.218733,-0.482298,1120.666667,0.529581,294.395301,0.564803,-0.470976,0.735406,4.192132,
16011,362,1.686060,2.435935,-0.025195,-1.284304,1067.333333,1.284552,268.876158,,,,0.571736,
16021,362,1.675982,1.922213,-0.098345,-1.347487,1068.000000,1.351071,265.825739,-0.109725,-0.094774,0.144989,0.626535,
16031,362,1.607384,1.357945,-0.033449,-1.433570,1068.666667,1.433960,268.663381,0.097344,-0.129123,0.161705,0.736836,
16041,362,1.649223,0.775357,0.059942,-1.424841,1069.333333,1.426101,272.408978,0.140087,0.013093,0.140697,0.646776,0.263200
16051,362,1.655338,0.218072,-0.030768,-1.386976,1070.000000,1.387317,268.729203,-0.136065,0.056798,0.147443,0.592885,
16061,362,1.624609,-0.334223,0.035580,-1.446864,1070.666667,1.447302,271.408669,0.099521,-0.089833,0.134068,0.609918,0.107409
16071,362,1.683802,-0.939419,0.077538,-1.528255,1071.333333,1.530220,272.904502,0.062938,-0.122085,0.137354,0.519024,
16081,362,1.686640,-1.556827,0.103262,-1.481366,1072.000000,1.484960,273.987480,0.038585,0.070333,0.080222,0.596534,
16091,362,1.766411,-2.124512,0.150650,-1.462480,1072.666667,1.470219,275.881289,0.071082,0.028328,0.076519,0.596119,
16101,362,1.807160,-2.726811,0.009903,-1.495266,1073.333333,1.495299,270.379466,-0.211120,-0.049179,0.216772,0.578462,
16111,362,1.774334,-3.320724,0.037026,-1.423774,1074.000000,1.424255,271.489681,0.040685,0.107238,0.114696,0.704420,
16121,362,1.836781,-3.865830,0.156066,-1.362321,1074.666667,1.371231,276.535264,0.178560,0.092179,0.200949,0.645389,0.267699
16131,362,1.899187,-4.410582,0.061401,-1.402210,1075.333333,1.403554,272.507316,-0.141998,-0.059833,0.154089,0.568592,
16141,362,1.885902,-4.987598,0.026157,-1.623211,1076.000000,1.623422,270.923215,-0.052866,-0.331501,0.335690,0.587346,
16151,362,1.920113,-5.709150,0.000439,-1.672223,1076.666667,1.672223,270.015034,-0.038578,-0.073518,0.083025,0.495291,5.845856
16161,362,1.886253,-6.325377,-0.060328,-1.518516,1077.333333,1.519714,267.724939,-0.091150,0.230561,0.247925,0.518005,
16171,362,1.871850,-6.923963,0.078994,-1.505226,1078.000000,1.507298,273.004111,0.208983,0.019934,0.209931,0.605865,
16181,362,1.949448,-7.529558,0.134555,-1.334515,1078.666667,1.341281,275.757517,0.083342,0.256067,0.269288,0.553885,
16191,362,1.979495,-7.991575,-0.008841,-1.425273,1079.333333,1.425300,269.644587,-0.215095,-0.136136,0.254556,0.616871,
16201,362,1.942375,-8.669776,-0.067116,-1.648034,1080.000000,1.649400,267.667927,-0.087412,-0.334141,0.345386,0.640827,
16211,362,1.925802,-9.310002,0.001862,-1.653518,1080.666667,1.653519,270.064523,0.103467,-0.008227,0.103794,0.642398,
16221,362,1.943864,-9.992591,0.045156,-1.706472,1081.333333,1.707069,271.515780,0.064941,-0.079431,0.102599,0.682649,
16011,363,2.257796,2.436021,0.111730,-1.299517,1067.333333,1.304312,274.914116,,,,0.571736,2.014413
16021,363,2.302488,1.916214,0.107692,-1.372554,1068.000000,1.376772,274.486278,-0.006058,-0.109555,0.109722,0.626535,1.700985
16031,363,2.343949,1.337977,-0.008432,-1.403320,1068.666667,1.403345,269.655728,-0.174186,-0.046149,0.180195,0.736836,
16041,363,2.295742,0.793558,-0.120617,-1.362180,1069.333333,1.367510,264.939814,-0.168278,0.061710,0.179236,0.646776,0.263200
16051,363,2.247456,0.248233,-0.076652,-1.395546,1070.000000,1.397649,266.856134,0.065948,-0.050048,0.082789,0.592885,
16061,363,2.234421,-0.322879,-0.056717,-1.449855,1070.666667,1.450964,267.759803,0.029903,-0.081465,0.086780,0.609918,0.107409
16071,363,2.202082,-0.911651,0.057059,-1.466453,1071.333333,1.467562,272.228220,0.170663,-0.024896,0.172469,0.519024,
16081,363,2.280068,-1.496041,0.196216,-1.435735,1072.000000,1.449081,277.782187,0.208737,0.046077,0.213762,0.596534,
16091,363,2.359056,-2.060239,0.126599,-1.450728,1072.666667,1.456241,274.987332,-0.104426,-0.022489,0.106820,0.596119,
16101,363,2.381347,-2.656623,0.146501,-1.501521,1073.333333,1.508651,275.572605,0.029852,-0.076191,0.081830,0.578462,
16111,363,2.476256,-3.261456,0.125168,-1.474269,1074.000000,1.479573,274.852857,-0.032000,0.040879,0.051914,0.704420,
16121,363,2.481481,-3.836038,-0.010961,-1.459178,1074.666667,1.459219,269.569604,-0.204193,0.022636,0.205444,0.645389,0.267699
16131,363,2.467487,-4.428799,-0.013640,-1.509481,1075.333333,1.509543,269.482291,-0.004017,-0.075455,0.075562,0.568592,
16141,363,2.470570,-5.043623,-0.065824,-1.630285,1076.000000,1.631613,267.687898,-0.078276,-0.181205,0.197389,0.587346,
16151,363,2.414828,-5.733027,-0.084556,-1.555784,1076.666667,1.558080,266.889072,-0.028098,0.111751,0.115230,0.495291,6.160145
16161,363,2.402925,-6.288251,0.078571,-1.496401,1077.333333,1.498463,273.005630,0.244690,0.089074,0.260398,0.518005,
16171,363,2.477684,-6.930148,0.114673,-1.673653,1078.000000,1.677577,273.919587,0.054154,-0.265877,0.271336,0.605865,
16181,363,2.494664,-7.627173,0.122643,-1.524236,1078.666667,1.529162,274.600211,0.011955,0.224125,0.224443,0.553885,
16191,363,2.575798,-8.149537,0.109337,-1.349504,1079.333333,1.353926,274.631999,-0.019958,0.262098,0.262857,0.616871,
16201,363,2.582133,-8.706776,-0.009544,-1.441923,1080.000000,1.441954,269.620763,-0.178322,-0.138628,0.225868,0.640827,
16211,363,2.568163,-9.303075,0.053221,-1.545282,1080.666667,1.546198,271.972549,0.094148,-0.155039,0.181386,0.642398,
16221,363,2.624710,-9.943002,0.141367,-1.599817,1081.333333,1.606050,275.049810,0.132219,-0.081802,0.155478,0.682649,
16021,364,1.906625,3.405741,-0.315947,-1.524856,1068.000000,1.557244,258.294087,,,,1.501350,
16031,364,1.780246,2.795799,-0.361106,-1.495067,1068.666667,1.538058,256.421318,-0.067739,0.044684,0.081150,1.448208,6.108874
16041,364,1.617740,2.209688,-0.242917,-1.445449,1069.333333,1.465719,260.460232,0.177284,0.074427,0.192273,1.434676,
16051,364,1.585913,1.639439,-0.346186,-1.608636,1070.000000,1.645465,257.854923,-0.154903,-0.244780,0.289676,1.423062,
16061,364,1.340792,0.922779,-0.435584,-1.948306,1070.666667,1.996404,257.397606,-0.134097,-0.509505,0.526856,1.220975,3.821617
16071,364,1.237446,0.080795,-0.359896,-1.818980,1071.333333,1.854242,258.808227,0.113531,0.193989,0.224768,0.725064,
16081,364,1.052875,-0.532405,-0.545435,-1.751356,1072.000000,1.834324,252.701530,-0.278308,0.101437,0.296218,0.760077,3.206144
16091,364,0.801098,-1.320290,-0.460885,-1.896207,1072.666667,1.951414,256.338808,0.126825,-0.217277,0.251583,1.256425,2.649596
16101,364,0.684167,-2.049371,-0.316389,-1.822920,1073.333333,1.850173,260.153729,0.216744,0.109930,0.243028,1.311503,
16111,364,0.547987,-2.778626,-0.240792,-1.736419,1074.000000,1.753035,262.105069,0.113397,0.129751,0.172320,1.340820,
16121,364,0.491534,-3.438506,-0.216583,-1.719421,1074.666667,1.733008,262.820691,0.036313,0.025497,0.044371,1.411487,
16131,364,0.374721,-4.154163,-0.163009,-2.032405,1075.333333,2.038932,265.414407,0.080360,-0.469476,0.476304,1.545881,
16141,364,0.361126,-5.064430,0.037754,-1.852325,1076.000000,1.852710,271.167631,0.301144,0.270121,0.404541,1.526710,
16151,364,0.404924,-5.636023,0.169077,-1.636415,1076.666667,1.645126,275.898959,0.196985,0.323865,0.379067,1.516953,5.845856
16161,364,0.496388,-6.373562,0.208611,-2.196326,1077.333333,2.206211,275.425788,0.059302,-0.839867,0.841958,1.390700,
16171,364,0.571813,-7.393083,0.255622,-2.197544,1078.000000,2.212361,276.634933,0.070517,-0.001828,0.070540,1.382090,
16181,364,0.700886,-8.131597,0.271058,-1.917832,1078.666667,1.936892,278.044651,0.023153,0.419569,0.420207,1.386131,
16191,364,0.788659,-8.927349,0.380979,-2.046641,1079.333333,2.081798,280.544839,0.164882,-0.193214,0.254003,1.514517,
16201,364,1.005669,-9.768910,0.542526,-2.103902,1080.000000,2.172726,284.459651,0.242320,-0.085893,0.257092,1.444130,
16041,365,1.286845,3.956005,0.121443,-1.164661,1069.333333,1.170975,275.952919,,,,0.642279,0.170493
16051,365,1.335422,3.490140,0.160718,-1.295508,1070.000000,1.305439,277.071849,0.058912,-0.196270,0.204921,0.544223,
16061,365,1.415419,2.919599,0.277285,-1.290042,1070.666667,1.319506,282.130745,0.174851,0.008198,0.175044,0.585028,
16071,365,1.557250,2.458106,0.301347,-1.267463,1071.333333,1.302794,283.374116,0.036093,0.033869,0.049496,0.680922,
16081,365,1.656497,1.905628,0.247942,-1.380224,1072.000000,1.402317,280.183914,-0.080109,-0.169142,0.187153,0.680114,
16091,365,1.755604,1.353927,0.178814,-1.367584,1072.666667,1.379224,277.449253,-0.103692,0.018961,0.105411,0.692594,1.318206
16101,365,1.799548,0.811561,0.085552,-1.376885,1073.333333,1.379540,273.555454,-0.139893,-0.013952,0.140587,0.624996,0.160503
16111,365,1.824045,0.252419,0.380086,-1.468654,1074.000000,1.517040,284.509720,0.441801,-0.137653,0.462749,0.576510,2.291692
16121,365,2.103616,-0.363362,0.121838,-1.555417,1074.666667,1.560182,274.478920,-0.387371,-0.130145,0.408649,0.895433,
16131,365,1.921515,-0.991915,-0.178179,-1.561582,1075.333333,1.571714,263.490619,-0.450026,-0.009247,0.450120,0.673695,0.283283
16141,365,1.961073,-1.612628,0.030195,-1.543168,1076.000000,1.543463,271.120963,0.312561,0.027622,0.313779,0.688119,
16151,365,1.945671,-2.226449,-0.038524,-1.535360,1076.666667,1.535843,268.562672,-0.103079,0.011711,0.103742,0.705891,6.355399
16161,365,1.930254,-2.840916,0.005942,-1.566820,1077.333333,1.566832,270.217290,0.066700,-0.047190,0.081705,0.709661,5.904224
16171,365,1.950425,-3.479906,0.004569,-1.592934,1078.000000,1.592941,270.164354,-0.002059,-0.039171,0.039225,0.761720,
16181,365,1.933909,-4.115263,0.049094,-1.623058,1078.666667,1.623800,271.732536,0.066787,-0.045185,0.080636,0.761678,
16191,365,1.989700,-4.778352,0.070689,-1.651135,1079.333333,1.652647,272.451485,0.032393,-0.042115,0.053132,0.835680,
16201,365,1.990461,-5.436171,0.026201,-1.622291,1080.000000,1.622503,270.925276,-0.066733,0.043265,0.079530,0.816579,2.808275
16211,365,2.010661,-6.076185,0.070717,-1.651781,1080.666667,1.653294,272.451485,0.066774,-0.044234,0.080096,0.780346,
16221,365,2.047034,-6.757595,-0.146868,-1.836830,1081.333333,1.842692,265.428522,-0.326377,-0.277574,0.428450,0.822817,
16231,365,1.893167,-7.545649,-0.119685,-1.765301,1082.000000,1.769354,266.121367,0.040774,0.107293,0.114780,0.641200,0.719778
16241,365,1.951286,-8.169837,0.074950,-1.581158,1082.666667,1.582934,272.713891,0.291952,0.276214,0.401908,0.770130,
16251,365,1.953126,-8.810576,-0.092966,-1.697866,1083.333333,1.700409,266.865929,-0.251873,-0.175061,0.306735,0.834569,1.660915
16261,365,1.876914,-9.528129,-0.190532,-1.793883,1084.000000,1.803973,263.937238,-0.146349,-0.144025,0.205332,0.634817,0.069882
16041,366,0.652195,4.054703,0.351018,-1.313801,1069.333333,1.359885,284.958719,,,,0.642279,0.170493
16051,366,0.792602,3.529183,0.233891,-1.291692,1070.000000,1.312697,280.263530,-0.175690,0.033164,0.178793,0.544223,
16061,366,0.839307,3.021350,0.108327,-1.417792,1070.666667,1.421924,274.369234,-0.188345,-0.189150,0.266930,0.585028,2.002805
16071,366,0.879264,2.394949,0.175482,-1.478431,1071.333333,1.488809,276.769045,0.100732,-0.090959,0.135723,0.680922,1.509575
16081,366,0.979693,1.838604,0.230407,-1.336680,1072.000000,1.356392,279.780106,0.082387,0.212628,0.228031,0.680114,
16091,366,1.063589,1.325605,0.250541,-1.387908,1072.666667,1.410340,280.232657,0.030201,-0.076842,0.082564,0.692594,1.318206
16101,366,1.180126,0.728278,0.284161,-1.615739,1073.333333,1.640537,279.974624,0.050430,-0.341747,0.345448,0.624996,0.160503
16111,366,1.290917,0.033014,0.036902,-1.428541,1074.000000,1.429017,271.479748,-0.370887,0.280798,0.465193,0.576510,
16121,366,1.209648,-0.414554,-0.051752,-1.340866,1074.666667,1.341865,267.789717,-0.132981,0.131512,0.187028,0.810900,
16131,366,1.249516,-1.039679,0.079223,-1.510102,1075.333333,1.512179,273.003116,0.196463,-0.253854,0.320997,0.673695,0.283283
16141,366,1.273026,-1.622636,-0.008138,-1.399209,1076.000000,1.399233,269.666775,-0.131042,0.166339,0.211756,0.688119,
16151,366,1.243006,-2.159046,-0.064363,-1.568557,1076.666667,1.569877,267.650270,-0.084339,-0.254022,0.267657,0.705891,
16161,366,1.221536,-2.877482,-0.064452,-1.570395,1077.333333,1.571717,267.649806,-0.000132,-0.002757,0.002760,0.709661,
16171,366,1.191445,-3.415363,-0.060341,-1.497696,1078.000000,1.498911,267.692838,0.006166,0.109049,0.109224,0.761720,4.193398
16181,366,1.173263,-4.075638,-0.045481,-1.651641,1078.666667,1.652267,268.422666,0.022291,-0.230918,0.231991,0.761678,
16191,366,1.155060,-4.736675,0.013283,-1.859977,1079.333333,1.860024,270.409156,0.088145,-0.312504,0.324697,0.835680,
16201,366,1.183889,-5.563620,0.099983,-1.567139,1080.000000,1.570326,273.650490,0.130050,0.439256,0.458104,0.816579,2.808275
16211,366,1.235046,-5.990387,0.069722,-1.690842,1080.666667,1.692279,272.361245,-0.045392,-0.185554,0.191025,0.780346,
16221,366,1.239666,-6.916293,0.026900,-2.039911,1081.333333,2.040089,270.755514,-0.064232,-0.523604,0.527529,0.822817,
16231,366,1.256566,-7.622316,-0.068835,-1.657839,1082.000000,1.659268,267.622407,-0.143602,0.573108,0.590825,0.641200,0.719778
16241,366,1.184598,-8.242565,-0.143140,-1.731126,1082.666667,1.737034,265.273181,-0.111459,-0.109930,0.156549,0.770130,
16251,366,1.142054,-9.007217,0.088987,-1.770869,1083.333333,1.773104,272.876709,0.348190,-0.059615,0.353257,0.834569,1.660915
16261,366,1.255788,-9.659260,0.284334,-1.630108,1084.000000,1.654720,279.894363,0.293021,0.211142,0.361168,0.634817,0.069882
16111,367,3.373811,-6.742551,-0.055589,1.480373,1074.000000,1.481416,92.150504,,,,0.806981,2.291692
16121,367,3.351575,-6.150402,-0.056887,1.455732,1074.666667,1.456843,92.237860,-0.001946,-0.036961,0.037013,0.863514,
16131,367,3.328301,-5.577966,0.030984,1.422295,1075.333333,1.422633,88.752051,0.131806,-0.050155,0.141026,0.874151,
16141,367,3.376362,-5.012566,-0.035861,1.428368,1076.000000,1.428818,91.438174,-0.100267,0.009109,0.100680,0.870359,
16151,367,3.299612,-4.435272,-0.080414,1.431745,1076.666667,1.434001,93.214654,-0.066830,0.005065,0.067022,0.977615,2.873536
16161,367,3.312030,-3.867171,0.031030,1.419582,1077.333333,1.419922,88.747795,0.167166,-0.018243,0.168159,0.765124,0.297644
16171,367,3.324436,-3.299606,-0.034518,1.450671,1078.000000,1.451082,91.363083,-0.098323,0.046633,0.108821,0.534144,
16181,367,3.284416,-2.706634,0.055816,1.462687,1078.666667,1.463752,87.814678,0.135501,0.018024,0.136694,0.410441,
16191,367,3.369089,-2.129456,0.076823,1.434660,1079.333333,1.436715,86.934861,0.031511,-0.042041,0.052540,0.418979,
16201,367,3.345874,-1.558906,-0.038391,1.374616,1080.000000,1.375152,91.599771,-0.172821,-0.090065,0.194882,0.533744,
16211,367,3.338376,-1.029763,0.025713,1.316124,1080.666667,1.316375,88.880774,0.096155,-0.087738,0.130168,0.552501,
16221,367,3.366444,-0.506006,-0.084160,1.356138,1081.333333,1.358747,93.551127,-0.164809,0.060021,0.175398,0.611444,7.057205
16231,367,3.271048,0.055147,-0.125989,1.410689,1082.000000,1.416304,95.103551,-0.062744,0.081826,0.103113,0.641257,
16241,367,3.265653,0.622545,-0.084169,1.356293,1082.666667,1.358903,93.551127,0.062729,-0.081593,0.102919,0.605531,
16251,367,3.203713,1.140182,-0.220515,1.329896,1083.333333,1.348055,99.414780,-0.204519,-0.039596,0.208317,0.697405,
16261,367,3.089241,1.686462,-0.173402,1.371843,1084.000000,1.382759,97.204045,0.070669,0.062920,0.094621,0.821467,
16271,367,3.064991,2.237656,-0.236868,1.458185,1084.666667,1.477298,99.226537,-0.095198,0.129513,0.160737,0.822879,
16281,367,2.899747,2.853010,-0.193429,1.426531,1085.333333,1.439585,97.721865,0.065158,-0.047482,0.080623,1.036222,
16291,367,2.910248,3.378881,0.026253,1.314678,1086.000000,1.314940,88.856015,0.329522,-0.167780,0.369777,0.878407,0.731461
16111,368,4.164767,-6.902569,0.073622,1.408631,1074.000000,1.410553,87.008179,,,,0.806981,
16121,368,4.194216,-6.339117,0.033584,1.484384,1074.666667,1.484763,88.703907,-0.060056,0.113629,0.128524,0.863514,
16131,368,4.191635,-5.715062,0.057934,1.529011,1075.333333,1.530108,87.830098,0.036525,0.066941,0.076258,0.874151,
16141,368,4.240563,-5.115908,0.097840,1.450471,1076.000000,1.453767,86.141001,0.059859,-0.117810,0.132145,0.870359,
16151,368,4.269907,-4.554686,-0.209893,1.457289,1076.666667,1.472327,98.195926,-0.461600,0.010228,0.461713,0.977615,2.873536
16161,368,4.072649,-3.950077,-0.514743,1.540912,1077.333333,1.624614,108.471958,-0.457276,0.125434,0.474168,0.765124,0.297644
16171,368,3.858112,-3.321956,-0.473619,1.516728,1078.000000,1.588956,107.341668,0.061687,-0.036275,0.071563,0.534144,1.950395
16181,368,3.693754,-2.736694,-0.181012,1.192035,1078.666667,1.205700,98.634460,0.438910,-0.487040,0.655630,0.410441,
16191,368,3.713303,-2.368328,0.149865,1.150931,1079.333333,1.160647,82.581156,0.496315,-0.061657,0.500130,0.418979,
16201,368,3.813646,-1.815950,0.188388,1.460475,1080.000000,1.472575,82.649964,0.057784,0.464317,0.467898,0.533744,
16211,368,3.864013,-1.199948,0.189110,1.480935,1080.666667,1.492961,82.722922,0.001084,0.030690,0.030709,0.552501,
16221,368,3.964934,-0.631202,0.057191,1.497606,1081.333333,1.498697,87.813022,-0.197878,0.025006,0.199452,0.611444,
16231,368,3.909766,-0.001864,-0.118530,1.522105,1082.000000,1.526713,94.452791,-0.263583,0.036749,0.266132,0.641257,
16241,368,3.870110,0.586482,-0.011296,1.456665,1082.666667,1.456709,90.444296,0.160852,-0.098160,0.188438,0.605531,
16251,368,3.900729,1.163468,0.050747,1.373198,1083.333333,1.374135,87.883596,0.093064,-0.125201,0.156000,0.697405,9.261067
16261,368,3.910707,1.685041,-0.024029,1.215058,1084.000000,1.215295,91.132945,-0.112164,-0.237211,0.262392,0.821467,
16271,368,3.881506,2.135515,0.028730,1.374125,1084.666667,1.374425,88.802260,0.079138,0.238600,0.251382,0.822879,
16281,368,3.933691,2.784341,-0.123577,1.425981,1085.333333,1.431326,94.952944,-0.228460,0.077785,0.241339,1.036222,
16291,368,3.782644,3.276299,-0.377616,1.229897,1086.000000,1.286561,107.068087,-0.381058,-0.294126,0.481369,0.878407,0.731461
16121,369,-0.589705,2.827652,0.000000,0.000000,1074.666667,0.000000,0.000000,,,,0.523060,
16131,369,-0.589705,2.827652,0.000000,0.000000,1075.333333,0.000000,0.000000,0.000000,0.000000,0.000000,0.523060,
16141,369,-0.589705,2.827652,0.000000,0.000000,1076.000000,0.000000,0.000000,0.000000,0.000000,0.000000,0.523060,
16151,369,-0.589705,2.827652,0.000000,0.000000,1076.666667,0.000000,0.000000,0.000000,0.000000,0.000000,0.523060,
16161,369,-0.589705,2.827652,0.000000,0.000000,1077.333333,0.000000,0.000000,0.000000,0.000000,0.000000,0.523060,
16171,369,-0.589705,2.827652,0.000000,0.000000,1078.000000,0.000000,0.000000,0.000000,0.000000,0.000000,0.523060,
16181,369,-0.589705,2.827652,0.000000,0.000000,1078.666667,0.000000,0.000000,0.000000,0.000000,0.000000,0.523060,
16191,369,-0.589705,2.827652,0.000000,0.000000,1079.333333,0.000000,0.000000,0.000000,0.000000,0.000000,0.523060,
16201,369,-0.589705,2.827652,0.000000,0.000000,1080.000000,0.000000,0.000000,0.000000,0.000000,0.000000,0.523060,
16211,369,-0.589705,2.827652,0.000000,0.000000,1080.666667,0.000000,0.000000,0.000000,0.000000,0.000000,0.523060,
16221,369,-0.589705,2.827652,0.000000,0.000000,1081.333333,0.000000,0.000000,0.000000,0.000000,0.000000,0.523060,
16231,369,-0.589705,2.827652,0.000000,0.000000,1082.000000,0.000000,0.000000,0.000000,0.000000,0.000000,0.523060,
16241,369,-0.589705,2.827652,0.000000,0.000000,1082.666667,0.000000,0.000000,0.000000,0.000000,0.000000,0.523060,
16251,369,-0.589705,2.827652,0.000000,0.000000,1083.333333,0.000000,0.000000,0.000000,0.000000,0.000000,0.523060,
16261,369,-0.589705,2.827652,0.000000,0.000000,1084.000000,0.000000,0.000000,0.000000,0.000000,0.000000,0.523060,8.118156
16271,369,-0.589705,2.827652,0.000000,0.000000,1084.666667,0.000000,0.000000,0.000000,0.000000,0.000000,0.523060,
16281,369,-0.589705,2.827652,0.000000,0.000000,1085.333333,0.000000,0.000000,0.000000,0.000000,0.000000,0.523060,
16291,369,-0.589705,2.827652,0.000000,0.000000,1086.000000,0.000000,0.000000,0.000000,0.000000,0.000000,0.523060,
16301,369,-0.589705,2.827652,0.000000,0.000000,1086.666667,0.000000,0.000000,0.000000,0.000000,0.000000,0.523060,
16311,369,-0.589705,2.827652,0.000000,0.000000,1087.333333,0.000000,0.000000,0.000000,0.000000,0.000000,0.523060,
16321,369,-0.589705,2.827652,-0.022598,0.029246,1088.000000,0.036960,127.692649,-0.033897,0.043870,0.055440,0.523060,
16331,369,-0.607783,2.851049,-0.046673,0.033395,1088.666667,0.057390,144.415594,-0.036112,0.006223,0.036644,0.497766,
16341,369,-0.627043,2.854368,-0.048158,0.008299,1089.333333,0.048868,170.222281,-0.002228,-0.037644,0.037710,0.497863,
16351,369,-0.646310,2.857688,-0.051118,-0.041936,1090.000000,0.066118,219.364467,-0.004439,-0.075352,0.075483,0.497961,
16361,369,-0.667937,2.820819,-0.027034,-0.046086,1090.666667,0.053430,239.604140,0.036126,-0.006226,0.036658,0.517959,
16371,369,-0.667937,2.820819,0.000000,0.000000,1091.333333,0.000000,0.000000,0.040551,0.069129,0.080145,0.517959,
16381,369,-0.667937,2.820819,0.000000,0.000000,1092.000000,0.000000,0.000000,0.000000,0.000000,0.000000,0.517959,
16391,369,-0.667937,2.820819,0.025564,0.020972,1092.666667,0.033066,39.364467,0.038347,0.031458,0.049599,0.364132,
16401,369,-0.647485,2.837597,0.025564,0.020972,1093.333333,0.033066,39.364467,0.000000,0.000000,0.000000,0.374180,
16411,369,-0.647485,2.837597,0.000000,0.000000,1094.000000,0.000000,0.000000,-0.038347,-0.031458,0.049599,0.503613,6.069144
16421,369,-0.647485,2.837597,0.067825,-0.087737,1094.666667,0.110896,307.705724,0.101737,-0.131605,0.166344,0.503613,5.322172
16431,369,-0.593226,2.767408,-0.082617,-0.163482,1095.333333,0.183172,243.189996,-0.225662,-0.113618,0.252650,0.523074,
16441,369,-0.713579,2.706812,-0.153386,-0.126021,1096.000000,0.198516,219.406257,-0.106155,0.056191,0.120110,0.540111,
16451,369,-0.715935,2.666591,0.194153,-0.007793,1096.666667,0.194310,357.701483,0.521310,0.177342,0.550649,0.580011,5.565370
16461,369,-0.558256,2.700577,0.197099,0.042483,1097.333333,0.201625,12.163526,0.004418,0.075414,0.075543,0.537278,5.268222
16471,369,-0.558256,2.700577,-0.148867,-0.050696,1098.000000,0.157263,198.806055,-0.518949,-0.139769,0.537442,0.537278,
16481,369,-0.677350,2.660020,-0.150338,-0.075826,1098.666667,0.168378,206.765046,-0.002207,-0.037695,0.037760,0.580382,
16491,369,-0.678527,2.639916,-0.027055,-0.046165,1099.333333,0.053509,239.627794,0.184925,0.044492,0.190202,0.629591,7.047594
16501,369,-0.698994,2.623088,0.150338,0.075826,1100.000000,0.168378,26.765046,0.266090,0.182987,0.322937,0.619961,0.159962
16511,369,-0.558256,2.700577,0.175922,0.096861,1100.666667,0.200825,28.836839,0.038376,0.031553,0.049682,0.537278,3.359131
16521,369,-0.558256,2.700577,-0.174450,-0.071725,1101.333333,0.188620,202.350031,-0.525559,-0.252880,0.583233,0.537278,
16531,369,-0.697816,2.643197,-0.174450,-0.071725,1102.000000,0.188620,202.350031,0.000000,0.000000,0.000000,0.599910,
16541,369,-0.697816,2.643197,0.000000,0.000000,1102.666667,0.000000,0.000000,0.261675,0.107588,0.282930,0.599910,
16551,369,-0.697816,2.643197,0.025583,0.021029,1103.333333,0.033117,39.420176,0.038374,0.031544,0.049675,0.599910,6.688600
16561,369,-0.677350,2.660020,0.001472,0.025135,1104.000000,0.025178,86.648558,-0.036167,0.006159,0.036687,0.580382,4.841592
16571,369,-0.696639,2.663305,-0.046759,0.033352,1104.666667,0.057434,144.500748,-0.072346,0.012325,0.073388,0.579866,
16581,369,-0.714757,2.686702,-0.025593,-0.021032,1105.333333,0.033127,219.413218,0.031748,-0.081576,0.087536,0.560054,
16591,369,-0.717113,2.646479,0.195626,0.017344,1106.000000,0.196393,5.066649,0.331829,0.057565,0.336785,0.599981,8.520005
16601,369,-0.558256,2.700577,0.025593,0.021032,1106.666667,0.033127,39.413218,-0.255049,0.005532,0.255109,0.537278,
16611,369,-0.696639,2.663305,-0.174450,-0.071725,1107.333333,0.188620,202.350031,-0.300065,-0.139136,0.330754,0.626517,
16621,369,-0.697816,2.643197,0.172978,0.046590,1108.000000,0.179143,15.074428,0.521143,0.177473,0.550533,0.599910,8.872160
16631,369,-0.558256,2.700577,0.174450,0.071725,1108.666667,0.188620,22.350031,0.002208,0.037702,0.037767,0.537278,4.850274
16641,369,-0.558256,2.700577,0.000000,0.000000,1109.333333,0.000000,0.000000,-0.261675,-0.107588,0.282930,0.537278,4.226769
16651,369,-0.558256,2.700577,-0.172978,-0.046590,1110.000000,0.179143,195.074428,-0.259468,-0.069886,0.268714,0.537278,
16661,369,-0.696639,2.663305,-0.126236,-0.079926,1110.666667,0.149411,212.339782,0.070114,-0.050003,0.086118,0.579866,
16671,369,-0.659245,2.636637,0.172978,0.046590,1111.333333,0.179143,15.074428,0.448821,0.189774,0.487293,0.601679,0.027337
16681,369,-0.558256,2.700577,0.126236,0.079926,1112.000000,0.149411,32.339782,-0.070114,0.050003,0.086118,0.537278,2.741106
16691,369,-0.558256,2.700577,-0.129177,-0.130180,1112.666667,0.183394,225.221709,-0.383119,-0.315159,0.496090,0.537278,
16701,369,-0.661597,2.596433,-0.172978,-0.046590,1113.333333,0.179143,195.074428,-0.065703,0.125385,0.141556,0.641932,
16711,369,-0.696639,2.663305,-0.073814,-0.012869,1114.000000,0.074927,189.889725,0.148747,0.050582,0.157112,0.579866,
16721,369,-0.720648,2.586138,0.172978,0.046590,1114.666667,0.179143,15.074428,0.370188,0.089189,0.380781,0.659963,1.244755
16731,369,-0.558256,2.700577,0.094969,-0.041469,1115.333333,0.103629,336.411259,-0.117013,-0.132089,0.176464,0.537278,0.806175
16741,369,-0.644672,2.552963,-0.024052,0.004111,1116.000000,0.024401,170.301847,-0.178533,0.068369,0.191176,0.684045,
16751,369,-0.577498,2.703866,-0.004986,0.330678,1116.666667,0.330716,90.863796,0.028600,0.489851,0.490686,0.532672,
16761,369,-0.648661,2.817505,-0.203627,0.263325,1117.333333,0.332872,127.714446,-0.297962,-0.101030,0.314624,0.513030,
16771,369,-0.740399,2.914526,-0.308041,0.154678,1118.000000,0.344695,153.337282,-0.156622,-0.162971,0.226031,0.513479,
16781,369,-0.895094,2.941247,-0.386737,0.066804,1118.666667,0.392464,170.199557,-0.118044,-0.131810,0.176941,0.510124,
16121,371,-0.656635,3.346411,0.000000,0.000000,1074.666667,0.000000,0.000000,,,,0.523060,
16131,371,-0.656635,3.346411,0.000000,0.000000,1075.333333,0.000000,0.000000,0.000000,0.000000,0.000000,0.523060,
16141,371,-0.656635,3.346411,0.000000,0.000000,1076.000000,0.000000,0.000000,0.000000,0.000000,0.000000,0.523060,
16151,371,-0.656635,3.346411,0.000000,0.000000,1076.666667,0.000000,0.000000,0.000000,0.000000,0.000000,0.523060,
16161,371,-0.656635,3.346411,0.000000,0.000000,1077.333333,0.000000,0.000000,0.000000,0.000000,0.000000,0.523060,
16171,371,-0.656635,3.346411,0.000000,0.000000,1078.000000,0.000000,0.000000,0.000000,0.000000,0.000000,0.523060,
16181,371,-0.656635,3.346411,0.000000,0.000000,1078.666667,0.000000,0.000000,0.000000,0.000000,0.000000,0.523060,
16191,371,-0.656635,3.346411,0.000000,0.000000,1079.333333,0.000000,0.000000,0.000000,0.000000,0.000000,0.523060,
16201,371,-0.656635,3.346411,0.000000,0.000000,1080.000000,0.000000,0.000000,0.000000,0.000000,0.000000,0.523060,
16211,371,-0.656635,3.346411,0.000000,0.000000,1080.666667,0.000000,0.000000,0.000000,0.000000,0.000000,0.523060,
16221,371,-0.656635,3.346411,0.000000,0.000000,1081.333333,0.000000,0.000000,0.000000,0.000000,0.000000,0.523060,
16231,371,-0.656635,3.346411,0.000000,0.000000,1082.000000,0.000000,0.000000,0.000000,0.000000,0.000000,0.523060,
16241,371,-0.656635,3.346411,0.000000,0.000000,1082.666667,0.000000,0.000000,0.000000,0.000000,0.000000,0.523060,
16251,371,-0.656635,3.346411,0.000000,0.000000,1083.333333,0.000000,0.000000,0.000000,0.000000,0.000000,0.523060,
16261,371,-0.656635,3.346411,0.000000,0.000000,1084.000000,0.000000,0.000000,0.000000,0.000000,0.000000,0.523060,9.316928
16271,371,-0.656635,3.346411,0.000000,0.000000,1084.666667,0.000000,0.000000,0.000000,0.000000,0.000000,0.523060,
16281,371,-0.656635,3.346411,0.000000,0.000000,1085.333333,0.000000,0.000000,0.000000,0.000000,0.000000,0.523060,
16291,371,-0.656635,3.346411,0.000000,0.000000,1086.000000,0.000000,0.000000,0.000000,0.000000,0.000000,0.523060,
16301,371,-0.656635,3.346411,0.000000,0.000000,1086.666667,0.000000,0.000000,0.000000,0.000000,0.000000,0.523060,
16311,371,-0.656635,3.346411,0.000000,0.000000,1087.333333,0.000000,0.000000,0.000000,0.000000,0.000000,0.523060,
16321,371,-0.656635,3.346411,0.000000,0.000000,1088.000000,0.000000,0.000000,0.000000,0.000000,0.000000,0.523060,
16331,371,-0.656635,3.346411,-0.024091,0.004270,1088.666667,0.024467,169.949873,-0.036137,0.006405,0.036700,0.497766,
16341,371,-0.675909,3.349827,-0.048192,0.008541,1089.333333,0.048943,169.949873,-0.036151,0.006407,0.036714,0.497863,
16351,371,-0.695189,3.353244,-0.049683,-0.016565,1090.000000,0.052371,198.438747,-0.002236,-0.037658,0.037725,0.497961,
16361,371,-0.715655,3.336575,-0.025582,-0.020836,1090.666667,0.032994,219.161856,0.036151,-0.006407,0.036714,0.517959,
16371,371,-0.715655,3.336575,0.000000,0.000000,1091.333333,0.000000,0.000000,0.038373,0.031254,0.049491,0.517959,
16381,371,-0.715655,3.336575,-0.085664,-0.213348,1092.000000,0.229904,248.123425,-0.128496,-0.320022,0.344856,0.517959,
16391,371,-0.784186,3.165897,-0.034433,-0.171559,1092.666667,0.174981,258.651176,0.076847,0.062683,0.099170,0.364132,
16401,371,-0.743201,3.199328,0.085664,0.213348,1093.333333,0.229904,68.123425,0.180146,0.577361,0.604813,0.374180,
16411,371,-0.715655,3.336575,0.034433,0.171559,1094.000000,0.174981,78.651176,-0.076847,-0.062683,0.099170,0.503613,
16421,371,-0.715655,3.336575,0.069365,-0.062993,1094.666667,0.093700,317.756526,0.052398,-0.351828,0.355709,0.503613,5.825155
16431,371,-0.660163,3.286181,0.138656,-0.125918,1095.333333,0.187299,317.756525,0.103937,-0.094388,0.140399,0.523074,5.814914
16441,371,-0.604730,3.235841,0.069291,-0.062925,1096.000000,0.093599,317.756526,-0.104048,0.094489,0.140549,0.540111,
16451,371,-0.604730,3.235841,0.000000,0.000000,1096.666667,0.000000,0.000000,-0.103937,0.094388,0.140399,0.580011,
16461,371,-0.604730,3.235841,0.000000,0.000000,1097.333333,0.000000,0.000000,0.000000,0.000000,0.000000,0.537278,
16471,371,-0.604730,3.235841,0.000000,0.000000,1098.000000,0.000000,0.000000,0.000000,0.000000,0.000000,0.537278,7.504034
16481,371,-0.604730,3.235841,-0.094856,0.042078,1098.666667,0.103770,156.078072,-0.142284,0.063117,0.155654,0.580382,6.811367
16491,371,-0.680614,3.269503,0.000000,0.000000,1099.333333,0.000000,0.000000,0.142284,-0.063117,0.155654,0.629591,6.322297
16501,371,-0.604730,3.235841,0.094856,-0.042078,1100.000000,0.103770,336.078072,0.142284,-0.063117,0.155654,0.619961,0.159962
16511,371,-0.604730,3.235841,0.000000,0.000000,1100.666667,0.000000,0.000000,-0.142284,0.063117,0.155654,0.537278,
16521,371,-0.604730,3.235841,0.000000,0.000000,1101.333333,0.000000,0.000000,0.000000,0.000000,0.000000,0.537278,
16531,371,-0.604730,3.235841,0.000000,0.000000,1102.000000,0.000000,0.000000,0.000000,0.000000,0.000000,0.599910,8.324804
16541,371,-0.604730,3.235841,0.000000,0.000000,1102.666667,0.000000,0.000000,0.000000,0.000000,0.000000,0.599910,
16551,371,-0.604730,3.235841,0.000000,0.000000,1103.333333,0.000000,0.000000,0.000000,0.000000,0.000000,0.599910,8.250396
16561,371,-0.604730,3.235841,0.000000,0.000000,1104.000000,0.000000,0.000000,0.000000,0.000000,0.000000,0.580382,6.307328
16571,371,-0.604730,3.235841,0.000000,0.000000,1104.666667,0.000000,0.000000,0.000000,0.000000,0.000000,0.579866,
16581,371,-0.604730,3.235841,0.000000,0.000000,1105.333333,0.000000,0.000000,0.000000,0.000000,0.000000,0.560054,9.446250
16591,371,-0.604730,3.235841,0.000000,0.000000,1106.000000,0.000000,0.000000,0.000000,0.000000,0.000000,0.599981,
16601,371,-0.604730,3.235841,-0.093385,0.067181,1106.666667,0.115039,144.268987,-0.140078,0.100771,0.172559,0.537278,9.572622
16611,371,-0.679438,3.289586,0.000000,0.000000,1107.333333,0.000000,0.000000,0.140078,-0.100771,0.172559,0.626517,
16621,371,-0.604730,3.235841,0.093385,-0.067181,1108.000000,0.115039,324.268987,0.140078,-0.100771,0.172559,0.599910,
16631,371,-0.604730,3.235841,0.000000,0.000000,1108.666667,0.000000,0.000000,-0.140078,0.100771,0.172559,0.537278,4.933343
16641,371,-0.604730,3.235841,0.000000,0.000000,1109.333333,0.000000,0.000000,0.000000,0.000000,0.000000,0.537278,4.494794
16651,371,-0.604730,3.235841,0.000000,0.000000,1110.000000,0.000000,0.000000,0.000000,0.000000,0.000000,0.537278,4.059237
16661,371,-0.604730,3.235841,0.000000,0.000000,1110.666667,0.000000,0.000000,0.000000,0.000000,0.000000,0.579866,3.725938
16671,371,-0.604730,3.235841,0.000000,0.000000,1111.333333,0.000000,0.000000,0.000000,0.000000,0.000000,0.601679,0.027337
16681,371,-0.604730,3.235841,0.000000,0.000000,1112.000000,0.000000,0.000000,0.000000,0.000000,0.000000,0.537278,2.940893
16691,371,-0.604730,3.235841,0.000000,0.000000,1112.666667,0.000000,0.000000,0.000000,0.000000,0.000000,0.537278,7.876881
16701,371,-0.604730,3.235841,0.000000,0.000000,1113.333333,0.000000,0.000000,0.000000,0.000000,0.000000,0.641932,
16711,371,-0.604730,3.235841,0.000000,0.000000,1114.000000,0.000000,0.000000,0.000000,0.000000,0.000000,0.579866,
16721,371,-0.604730,3.235841,0.000000,0.000000,1114.666667,0.000000,0.000000,0.000000,0.000000,0.000000,0.659963,1.244755
16731,371,-0.604730,3.235841,0.000000,0.000000,1115.333333,0.000000,0.000000,0.000000,0.000000,0.000000,0.537278,1.236079
16741,371,-0.604730,3.235841,0.000000,0.000000,1116.000000,0.000000,0.000000,0.000000,0.000000,0.000000,0.684045,
16751,371,-0.604730,3.235841,-0.090444,0.117383,1116.666667,0.148185,127.614380,-0.135666,0.176075,0.222278,0.532672,
16761,371,-0.677085,3.329748,-0.205147,0.239218,1117.333333,0.315136,130.615458,-0.172054,0.182753,0.251001,0.513030,
16771,371,-0.768847,3.427216,-0.283915,0.151928,1118.000000,0.322009,151.847886,-0.118151,-0.130935,0.176363,0.513479,
16781,371,-0.904216,3.451290,-0.338423,0.060186,1118.666667,0.343733,169.915865,-0.081763,-0.137614,0.160071,0.510124,
16141,372,2.020980,2.141268,-0.215676,-1.397360,1076.000000,1.413906,261.225891,,,,0.587087,
16151,372,1.934709,1.582325,-0.047829,-1.697753,1076.666667,1.698427,268.386289,0.251771,-0.450590,0.516159,0.527076,
16161,372,1.982716,0.783066,-0.095201,-1.718428,1077.333333,1.721063,266.829045,-0.071058,-0.031012,0.077531,0.643709,
16171,372,1.858548,0.207582,-0.198833,-1.506768,1078.000000,1.519831,262.482687,-0.155448,0.317489,0.353501,0.720903,
16181,372,1.823650,-0.422349,-0.131900,-1.545056,1078.666667,1.550676,265.120552,0.100400,-0.057431,0.115665,0.802179,
16191,372,1.753028,-1.028462,-0.061713,-1.531917,1079.333333,1.533160,267.693083,0.105280,0.019708,0.107108,0.824802,
16201,372,1.774279,-1.647882,-0.037498,-1.512657,1080.000000,1.513122,268.579954,0.036323,0.028890,0.046411,0.756615,
16211,372,1.723030,-2.238588,-0.064608,-1.585241,1080.666667,1.586557,267.666153,-0.040665,-0.108875,0.116221,0.736605,
16221,372,1.722593,-2.916075,0.042223,-1.749034,1081.333333,1.749543,271.382891,0.160246,-0.245689,0.293329,0.694554,
16231,372,1.756808,-3.637815,-0.028262,-1.767881,1082.000000,1.768107,269.084132,-0.105727,-0.028271,0.109442,0.725827,
16241,372,1.699983,-4.330380,-0.025475,-1.719280,1082.666667,1.719469,269.151113,0.004181,0.072902,0.073021,0.814056,
16251,372,1.736428,-5.013239,0.020580,-1.725960,1083.333333,1.726083,270.683164,0.069082,-0.010020,0.069805,0.797169,
16261,372,1.716448,-5.711148,-0.094799,-1.717188,1084.000000,1.719802,266.840155,-0.173068,0.013159,0.173568,0.833022,
16271,372,1.660590,-6.386989,-0.025568,-1.724777,1084.666667,1.724966,269.150702,0.103845,-0.011384,0.104467,0.817817,1.729248
16281,372,1.695993,-7.090970,-0.003915,-1.753871,1085.333333,1.753875,269.872120,0.032481,-0.043641,0.054402,0.729364,1.181869
16291,372,1.657458,-7.790086,-0.077404,-1.825666,1086.000000,1.827306,267.572238,-0.110235,-0.107693,0.154109,0.729048,
16301,372,1.634070,-8.551503,-0.073396,-1.753264,1086.666667,1.754800,267.602848,0.006012,0.108603,0.108770,0.857016,
16311,372,1.598741,-9.192697,-0.088321,-1.602986,1087.333333,1.605418,266.846310,-0.022387,0.225417,0.226526,0.867267,
16141,373,2.564468,2.363286,-0.313893,-1.568421,1076.000000,1.599523,258.682729,,,,0.587087,
16151,373,2.438910,1.735918,-0.018818,-1.593633,1076.666667,1.593744,269.323452,0.442612,-0.037818,0.444225,0.527076,
16161,373,2.549413,1.088380,0.118075,-1.593410,1077.333333,1.597779,274.237989,0.205340,0.000334,0.205340,0.643709,1.533226
16171,373,2.533370,0.461189,0.068837,-1.658630,1078.000000,1.660058,272.376555,-0.073857,-0.097829,0.122578,0.720903,
16181,373,2.604483,-0.238524,0.043612,-1.705460,1078.666667,1.706018,271.464855,-0.037838,-0.070245,0.079788,0.802179,
16191,373,2.568260,-0.903179,-0.093297,-1.711918,1079.333333,1.714459,266.880565,-0.205363,-0.009687,0.205592,0.824802,
16201,373,2.529845,-1.608059,-0.142780,-1.782569,1080.000000,1.788278,265.420514,-0.074225,-0.105976,0.129384,0.756615,
16211,373,2.454036,-2.329234,-0.169726,-1.856980,1080.666667,1.864721,264.777748,-0.040419,-0.111617,0.118710,0.736605,
16221,373,2.394065,-3.093643,0.014302,-1.831831,1081.333333,1.831887,270.447331,0.276042,0.037723,0.278607,0.694554,
16231,373,2.465478,-3.794699,0.134472,-1.722832,1082.000000,1.728072,274.463039,0.180254,0.163498,0.243358,0.725827,
16241,373,2.501642,-4.471909,0.066400,-1.715570,1082.666667,1.716855,272.216489,-0.102107,0.010893,0.102687,0.814056,
16251,373,2.518598,-5.167155,0.042400,-1.738529,1083.333333,1.739046,271.397063,-0.036001,-0.034438,0.049820,0.797169,
16261,373,2.535562,-5.862732,-0.071100,-1.730256,1084.000000,1.731716,267.646928,-0.170249,0.012409,0.170700,0.833022,
16271,373,2.461718,-6.551360,-0.163407,-1.750040,1084.666667,1.757652,264.665581,-0.138461,-0.029676,0.141605,0.817817,1.729248
16281,373,2.404836,-7.262764,-0.118208,-1.756995,1085.333333,1.760967,266.151022,0.067798,-0.010433,0.068596,0.729364,1.181869
16291,373,2.367152,-7.956957,0.054464,-1.944768,1086.000000,1.945530,271.604183,0.259009,-0.281658,0.382645,0.729048,
16301,373,2.448408,-8.818578,0.055832,-1.921876,1086.666667,1.922687,271.664031,0.002052,0.034337,0.034399,0.857016,
16311,373,2.411818,-9.494458,-0.091476,-1.689698,1087.333333,1.692173,266.901185,-0.220962,0.348267,0.412449,0.854861,
16151,374,0.789425,1.809901,0.165481,-2.078675,1076.666667,2.085252,274.551664,,,,1.167675,0.767509
16161,374,0.855618,0.978431,0.139270,-2.124502,1077.333333,2.129062,273.750606,-0.039317,-0.068741,0.079191,1.033713,0.297800
16171,374,0.900841,0.110299,-0.030124,-2.200820,1078.000000,2.201026,269.215806,-0.254091,-0.114476,0.278688,0.582724,4.193398
16181,374,0.831519,-0.782225,-0.238316,-2.125171,1078.666667,2.138491,263.601587,-0.312289,0.113473,0.332266,0.952011,
16191,374,0.710188,-1.589837,-0.187563,-2.061756,1079.333333,2.070270,264.801970,0.076130,0.095123,0.121837,1.184339,
16201,374,0.681468,-2.431629,-0.042651,-2.008608,1080.000000,2.009061,268.783568,0.217369,0.079721,0.231527,1.344803,
16211,374,0.676068,-3.196724,0.051427,-2.021374,1080.666667,2.022028,271.457371,0.141116,-0.019149,0.142409,1.419209,
16221,374,0.722610,-4.048728,-0.151344,-2.256159,1081.333333,2.261230,266.162340,-0.304155,-0.352178,0.465338,1.510917,
16231,374,0.554993,-5.001651,0.173217,-1.958511,1082.000000,1.966156,275.054279,0.486841,0.446473,0.660570,1.817804,
16241,374,0.861183,-5.615537,0.646111,-1.949058,1082.666667,2.053360,288.340328,0.709341,0.014180,0.709483,1.534671,
16251,374,1.071882,-6.560898,0.350410,-2.145791,1083.333333,2.174214,279.274603,-0.443552,-0.295101,0.532750,1.684301,
16261,374,1.141512,-7.332170,0.272900,-1.833185,1084.000000,1.853387,278.467254,-0.116265,0.468909,0.483108,1.719960,8.698424
16271,374,1.290202,-8.027446,0.483257,-1.818052,1084.666667,1.881183,284.885589,0.315534,0.022700,0.316350,1.681750,
16281,374,1.528117,-8.786611,0.594787,-1.897915,1085.333333,1.988932,287.400451,0.167295,-0.119794,0.205763,1.703932,
16161,375,1.118578,2.633272,-0.017568,-1.143364,1077.333333,1.143499,269.119727,,,,0.744032,
16171,375,1.111551,2.175926,0.030318,-1.126665,1078.000000,1.127073,271.541417,0.071828,0.025050,0.076071,0.739275,
16181,375,1.142832,1.731940,0.056354,-1.081471,1078.666667,1.082938,272.982926,0.039055,0.067791,0.078236,0.751479,
16191,375,1.156635,1.310750,0.005697,-1.148445,1079.333333,1.148459,270.284227,-0.075986,-0.100461,0.125961,0.747143,
16201,375,1.147390,0.813184,0.138107,-1.293433,1080.000000,1.300785,276.094715,0.198615,-0.217482,0.294528,0.748228,1.808661
16211,375,1.267121,0.276003,0.159987,-1.321706,1080.666667,1.331354,276.901836,0.032819,-0.042410,0.053626,0.674079,0.671906
16221,375,1.275380,-0.244181,-0.053179,-1.365476,1081.333333,1.366512,267.769713,-0.319749,-0.065655,0.326420,0.651672,
16231,375,1.224577,-0.816378,-0.047618,-1.267230,1082.000000,1.268124,267.848024,0.008341,0.147370,0.147605,0.676400,
16241,375,1.237285,-1.257965,0.042499,-1.330557,1082.666667,1.331236,271.829463,0.135177,-0.094990,0.165215,0.641759,0.370536
16251,375,1.258577,-1.880824,-0.079348,-1.416129,1083.333333,1.418351,266.792986,-0.182771,-0.128358,0.223341,0.590818,
16261,375,1.173807,-2.390868,-0.097032,-1.315077,1084.000000,1.318652,265.780113,-0.026527,0.151578,0.153882,0.616192,
16271,375,1.180951,-2.932885,0.108171,-1.415482,1084.666667,1.419609,274.370044,0.307805,-0.150607,0.342675,0.625865,0.663055
16281,375,1.260344,-3.523254,-0.012401,-1.478346,1085.333333,1.478398,269.519385,-0.180858,-0.094295,0.203964,0.586010,
16291,375,1.171030,-4.115562,-0.127415,-1.441828,1086.000000,1.447447,264.949870,-0.172521,0.054776,0.181008,0.711894,
16301,375,1.158412,-4.676716,0.084999,-1.414317,1086.666667,1.416869,273.439299,0.318621,0.041266,0.321283,0.746064,
16311,375,1.239030,-5.247016,0.234425,-1.252194,1087.333333,1.273948,280.603686,0.224138,0.243185,0.330722,0.698766,0.352366
16321,375,1.345952,-5.678471,0.164493,-1.244873,1088.000000,1.255694,277.527230,-0.104899,0.010981,0.105472,0.523679,
16331,375,1.370624,-6.242914,-0.009454,-1.430899,1088.666667,1.430931,269.621435,-0.260920,-0.279039,0.382024,0.507885,
16341,375,1.338388,-6.823191,-0.099756,-1.374833,1089.333333,1.378447,265.849981,-0.135452,0.084100,0.159436,0.535620,
16351,375,1.290819,-7.342781,-0.063020,-1.555509,1090.000000,1.556785,267.679993,0.055104,-0.271014,0.276559,0.582727,
16361,375,1.287972,-8.067598,-0.019282,-1.610527,1090.666667,1.610642,269.314072,0.065607,-0.082527,0.105428,0.738770,
16371,375,1.275394,-8.631202,0.231589,-1.297503,1091.333333,1.318009,280.120042,0.376306,0.469535,0.601722,0.789886,1.326319
16381,375,1.473244,-9.105601,0.494624,-1.185997,1092.000000,1.285006,292.638757,0.394553,0.167260,0.428542,0.625005,0.061995
16161,376,1.837405,2.825293,-0.019547,-1.183569,1077.333333,1.183731,269.053826,,,,0.589142,
16171,376,1.829586,2.351865,0.050510,-1.170934,1078.000000,1.172023,272.470002,0.105085,0.018952,0.106781,0.606290,0.262156
16181,376,1.877813,1.888545,0.076140,-1.126092,1078.666667,1.128663,273.868135,0.038445,0.067264,0.077476,0.569657,
16191,376,1.890498,1.450991,0.004744,-1.164056,1079.333333,1.164066,270.233506,-0.107094,-0.056947,0.121293,0.660272,
16201,376,1.881608,0.957300,0.024927,-1.217108,1080.000000,1.217363,271.173306,0.030275,-0.079577,0.085142,0.644762,0.567329
16211,376,1.910440,0.477305,0.022212,-1.266984,1080.666667,1.267179,271.004362,-0.004074,-0.074814,0.074925,0.594256,0.671906
16221,376,1.899377,-0.056287,-0.072155,-1.303459,1081.333333,1.305455,266.831517,-0.141551,-0.054713,0.151757,0.593899,
16231,376,1.852715,-0.565462,-0.049262,-1.307956,1082.000000,1.308883,267.843048,0.034339,-0.006746,0.034996,0.579067,
16241,376,1.859967,-1.102652,-0.073698,-1.331331,1082.666667,1.333370,266.831517,-0.036654,-0.035063,0.050724,0.575199,0.370536
16251,376,1.793757,-1.630527,-0.142682,-1.323883,1083.333333,1.331549,263.848656,-0.103476,0.011173,0.104077,0.590818,
16261,376,1.745821,-2.161758,-0.029232,-1.364880,1084.000000,1.365193,268.773077,0.170176,-0.061496,0.180946,0.616192,
16271,376,1.770371,-2.722431,0.061380,-1.401789,1084.666667,1.403133,272.507187,0.135917,-0.055364,0.146761,0.625865,0.663055
16281,376,1.794925,-3.283190,0.062756,-1.377232,1085.333333,1.378661,272.608988,0.002065,0.036836,0.036894,0.586010,1.348929
16291,376,1.820576,-3.824216,0.062765,-1.377431,1086.000000,1.378860,272.608982,0.000013,-0.000298,0.000298,0.670320,3.503782
16301,376,1.845137,-4.385134,0.061407,-1.402403,1086.666667,1.403747,272.507202,-0.002037,-0.037459,0.037515,0.708996,
16311,376,1.869702,-4.946139,-0.007564,-1.396380,1087.333333,1.396400,269.689633,-0.103457,0.009035,0.103850,0.689919,0.352366
16321,376,1.839086,-5.502238,-0.030549,-1.395048,1088.000000,1.395382,268.745510,-0.034478,0.001998,0.034536,0.523679,
16331,376,1.845262,-6.062177,0.012709,-1.449999,1088.666667,1.450055,270.502176,0.064888,-0.082427,0.104903,0.507885,
16341,376,1.849253,-6.662238,0.031632,-1.527197,1089.333333,1.527525,271.186559,0.028384,-0.115797,0.119225,0.535620,
16351,376,1.870568,-7.283935,0.173709,-1.462394,1090.000000,1.472675,276.774088,0.213116,0.097204,0.234237,0.582727,
16361,376,1.988220,-7.832153,0.180528,-1.337408,1090.666667,1.349537,277.687500,0.010227,0.187480,0.187758,0.738770,
16371,376,2.014990,-8.353861,0.108740,-1.381658,1091.333333,1.385930,274.500029,-0.107682,-0.066375,0.126495,0.774045,1.326319
16381,376,2.075212,-8.937479,0.150556,-1.459045,1092.000000,1.466792,275.891379,0.062724,-0.116081,0.131943,0.625005,0.061995
16161,377,2.426380,2.839319,0.023674,-1.232787,1077.333333,1.233014,271.100166,,,,0.589142,2.290812
16171,377,2.435849,2.346204,0.026350,-1.184296,1078.000000,1.184589,271.274610,0.004014,0.072736,0.072847,0.606290,0.262156
16181,377,2.447460,1.891882,0.139353,-1.203128,1078.666667,1.211172,276.606892,0.169504,-0.028249,0.171842,0.569657,
16191,377,2.547332,1.383702,0.088859,-1.293390,1079.333333,1.296439,273.930179,-0.075742,-0.135393,0.155139,0.660272,
16201,377,2.518547,0.857170,-0.070672,-1.292722,1080.000000,1.294652,266.870815,-0.239296,0.001003,0.239298,0.644762,0.567329
16211,377,2.490795,0.349525,-0.048124,-1.297632,1080.666667,1.298524,267.876085,0.033821,-0.007366,0.034614,0.594256,3.085679
16221,377,2.480048,-0.180936,-0.094846,-1.317149,1081.333333,1.320560,265.881338,-0.070082,-0.029276,0.075951,0.593899,
16231,377,2.414918,-0.704195,-0.070890,-1.297224,1082.000000,1.299159,266.872035,0.035933,0.029889,0.046739,0.579067,
16241,377,2.423336,-1.218714,0.063704,-1.341517,1082.666667,1.343028,272.718737,0.201891,-0.066440,0.212543,0.575199,
16251,377,2.465881,-1.777408,0.037037,-1.412696,1083.333333,1.413181,271.501792,-0.040001,-0.106769,0.114016,0.687987,
16261,377,2.452965,-2.348871,0.038390,-1.388233,1084.000000,1.388764,271.584030,0.002029,0.036694,0.036750,0.731480,
16271,377,2.496593,-2.887995,0.062409,-1.367103,1084.666667,1.368526,272.613762,0.036029,0.031696,0.047987,0.744855,
16281,377,2.502892,-3.442553,-0.028263,-1.357310,1085.333333,1.357604,268.807131,-0.136007,0.014689,0.136798,0.725682,1.348929
16291,377,2.473983,-3.973843,0.038429,-1.389788,1086.000000,1.390319,271.583871,0.100037,-0.048717,0.111269,0.670320,2.546989
16301,377,2.533635,-4.554384,0.082456,-1.419847,1086.666667,1.422240,273.323657,0.066041,-0.045089,0.079965,0.708996,2.010104
16311,377,2.539948,-5.109721,0.015786,-1.388712,1087.333333,1.388801,270.651275,-0.100005,0.046704,0.110373,0.689919,3.867106
16321,377,2.546264,-5.665353,0.057124,-1.467287,1088.000000,1.468398,272.229513,0.062008,-0.117863,0.133179,0.725746,
16331,377,2.585647,-6.283550,0.030457,-1.540216,1088.666667,1.540517,271.132864,-0.040000,-0.109394,0.116477,0.772772,
16341,377,2.570630,-6.897526,0.078468,-1.494263,1089.333333,1.496322,273.006015,0.072016,0.068929,0.099687,0.758779,
16351,377,2.648422,-7.478961,0.169100,-1.500909,1090.000000,1.510405,276.428115,0.135947,-0.009968,0.136312,0.801931,
16361,377,2.705910,-8.098253,0.051836,-1.567398,1090.666667,1.568255,271.894153,-0.175896,-0.099733,0.202203,0.765433,
16371,377,2.689891,-8.732880,-0.040047,-1.586567,1091.333333,1.587072,268.554072,-0.137825,-0.028754,0.140792,0.774045,
16171,378,-0.821442,-2.475182,0.000000,0.000000,1078.000000,0.000000,0.000000,,,,2.221633,
16181,378,-0.821442,-2.475182,-0.328458,0.243980,1078.666667,0.409159,143.394929,-0.492687,0.365969,0.613738,2.366090,
16191,378,-1.084208,-2.279998,-0.345367,0.374178,1079.333333,0.509203,132.707046,-0.025363,0.195298,0.196938,1.922545,
16201,378,-1.097735,-2.175839,-0.073632,0.419113,1080.000000,0.425532,99.964408,0.407601,0.067402,0.413137,1.797496,
16211,378,-1.143114,-1.944708,-0.069156,0.495546,1080.666667,0.500348,97.944662,0.006714,0.114649,0.114846,2.208385,
16221,378,-1.153060,-1.779403,-0.358403,0.609708,1081.333333,0.707246,120.448171,-0.433870,0.171244,0.466442,2.544072,
16231,378,-1.429837,-1.456941,-0.559573,0.559096,1082.000000,0.791018,135.024458,-0.301755,-0.075919,0.311159,2.434277,
16241,378,-1.600719,-1.332126,-0.004925,0.334656,1082.666667,0.334693,90.843168,0.831972,-0.336659,0.897506,2.373230,
16251,378,-1.433777,-1.189216,0.248272,0.430261,1083.333333,0.496753,60.013865,0.379796,0.143406,0.405969,0.920335,3.425170
16261,378,-1.402101,-0.987918,0.073135,0.401179,1084.000000,0.407791,79.668405,-0.262706,-0.043622,0.266303,0.887294,8.118156
16271,378,-1.375269,-0.868272,-0.358472,0.639625,1084.666667,0.733227,119.268033,-0.647410,0.357668,0.739640,0.933421,
16281,378,-1.688878,-0.476218,-0.453823,0.704525,1085.333333,0.838040,122.787768,-0.143027,0.097351,0.173014,0.898079,
16291,378,-1.738327,-0.304652,-0.021949,0.466241,1086.000000,0.466758,92.695294,0.647811,-0.357426,0.739873,0.947022,
16301,378,-1.706438,-0.103225,-0.097538,0.451449,1086.666667,0.461866,102.191645,-0.113383,-0.022188,0.115534,1.133526,
16311,378,-1.816357,0.056507,-0.350914,0.384854,1087.333333,0.520820,132.358886,-0.380065,-0.099892,0.392973,1.227504,
16321,378,-1.987169,0.204659,-0.381088,0.312574,1088.000000,0.492880,140.640859,-0.045261,-0.108420,0.117488,1.316832,
16331,378,-2.121228,0.306567,-0.306040,0.328356,1088.666667,0.448863,132.985381,0.112572,0.023672,0.115034,1.394292,
16341,378,-2.232001,0.467343,-0.334891,0.281416,1089.333333,0.437432,139.958943,-0.043276,-0.070409,0.082646,1.546342,
16351,378,-2.389140,0.531700,-0.377739,0.003275,1090.000000,0.377753,179.503267,-0.064272,-0.417212,0.422133,1.613175,
16361,378,-2.534192,0.469963,-0.281598,-0.062576,1090.666667,0.288467,192.528446,0.144211,-0.098776,0.174796,1.568020,
16371,378,-2.614419,0.481639,-0.122257,0.069698,1091.333333,0.140729,150.312929,0.239012,0.198410,0.310633,1.594185,
16381,378,-2.631998,0.525721,-0.020413,0.080826,1092.000000,0.083364,104.173741,0.152767,0.016693,0.153676,1.640969,
16391,378,-2.630749,0.546300,0.003122,0.051445,1092.666667,0.051540,86.527499,0.035302,-0.044071,0.056467,1.660827,
16401,378,-2.629501,0.566878,0.003122,0.051444,1093.333333,0.051539,86.527499,-0.000000,-0.000002,0.000002,1.680703,
16211,379,3.866975,-5.842143,-0.341468,1.939117,1080.666667,1.968953,99.987081,,,,1.871010,
16221,379,3.730388,-5.066496,-0.164765,1.922448,1081.333333,1.929495,94.898622,0.265054,-0.025004,0.266231,2.382836,7.057205
16231,379,3.735162,-4.304185,0.010646,1.880537,1082.000000,1.880567,89.675652,0.263117,-0.062866,0.270523,1.368092,
16241,379,3.738904,-3.562067,0.004211,1.757437,1082.666667,1.757442,89.862727,-0.009653,-0.184649,0.184902,1.535783,
16251,379,3.738531,-2.898235,0.048317,1.750135,1083.333333,1.750802,88.418591,0.066160,-0.010953,0.067061,1.695845,9.261067
16261,379,3.777558,-2.161959,0.189332,1.899618,1084.000000,1.909030,84.308202,0.211523,0.224224,0.308250,1.337716,
16271,379,3.889997,-1.378541,0.413289,1.960371,1084.666667,2.003463,78.095143,0.335934,0.091130,0.348075,2.054270,
16281,379,4.108189,-0.593662,0.229616,1.835342,1085.333333,1.849649,82.868886,-0.275509,-0.187544,0.333284,3.239164,
16291,379,4.073690,0.089732,0.051260,1.807453,1086.000000,1.808180,88.375499,-0.267534,-0.041833,0.270785,2.302720,
16301,379,4.149197,0.852301,0.188768,1.906421,1086.666667,1.915744,84.345166,0.206262,0.148452,0.254130,1.905856,
16251,380,1.823838,3.578960,0.206518,-1.272440,1083.333333,1.289090,279.218771,,,,2.491350,
16261,380,1.906445,3.069984,0.249330,-1.328558,1084.000000,1.351752,280.629060,0.064219,-0.084178,0.105877,1.820204,
16271,380,2.023302,2.516113,0.244991,-1.400244,1084.666667,1.421514,279.924203,-0.006509,-0.107528,0.107725,1.078265,
16281,380,2.102438,1.949789,0.199090,-1.390664,1085.333333,1.404843,278.147222,-0.068851,0.014370,0.070335,1.204786,
16291,380,2.182574,1.403582,0.176170,-1.385718,1086.000000,1.396872,277.245292,-0.034381,0.007419,0.035172,2.105068,4.862659
16301,380,2.243374,0.841215,0.106521,-1.398643,1086.666667,1.402693,274.355269,-0.104473,-0.019387,0.106256,1.905856,4.310388
16311,380,2.267791,0.284668,0.082422,-1.419265,1087.333333,1.421656,273.323628,-0.036150,-0.030933,0.047578,2.036639,
16321,380,2.309311,-0.294197,0.035649,-1.437564,1088.000000,1.438006,271.420531,-0.070159,-0.027449,0.075337,2.120558,
16331,380,2.296310,-0.865383,-0.053916,-1.401066,1088.666667,1.402103,267.796231,-0.134347,0.054747,0.145074,2.273180,
16341,380,2.266178,-1.415050,-0.100850,-1.421330,1089.333333,1.424904,265.941397,-0.070401,-0.030396,0.076683,2.549463,
16351,380,2.215630,-2.002447,-0.126481,-1.469785,1090.000000,1.475217,265.081574,-0.038447,-0.072682,0.082224,2.904651,
16361,380,2.164993,-2.590877,-0.078328,-1.428291,1090.666667,1.430437,266.861035,0.072230,0.062240,0.095347,3.319039,
16371,380,2.152968,-3.145080,-0.009948,-1.438001,1091.333333,1.438035,269.603654,0.102570,-0.014564,0.103599,3.599445,6.838251
16381,380,2.157035,-3.741278,0.010171,-1.490960,1092.000000,1.490995,270.390860,0.030178,-0.079439,0.084978,2.583575,9.665731
16391,380,2.161105,-4.337848,0.078670,-1.498511,1092.666667,1.500575,273.005214,0.102749,-0.011326,0.103371,1.587786,9.937028
16401,380,2.219972,-4.940087,0.078695,-1.499021,1093.333333,1.501086,273.005140,0.000037,-0.000766,0.000767,0.831717,
16411,380,2.224061,-5.537065,-0.034098,-1.464285,1094.000000,1.464682,268.666040,-0.169189,0.052104,0.177031,1.202776,
16421,380,2.192693,-6.111515,-0.056961,-1.463685,1094.666667,1.464793,267.771408,-0.034294,0.000900,0.034306,2.068289,6.828863
16431,380,2.178493,-6.708013,-0.011293,-1.468813,1095.333333,1.468857,269.559481,0.068501,-0.007692,0.068932,2.894817,5.039679
16441,380,2.183659,-7.286565,-0.082713,-1.515353,1096.000000,1.517609,266.875694,-0.107130,-0.069810,0.127868,2.689616,3.695548
16451,380,2.112322,-7.920296,-0.057103,-1.468389,1096.666667,1.469499,267.772989,0.038415,0.070446,0.080239,1.602160,3.398850
16461,380,2.137976,-8.461277,-0.091118,-1.669330,1097.333333,1.671815,266.875694,-0.051022,-0.301411,0.305699,1.536412,
16471,380,2.039428,-9.255760,-0.208701,-1.715146,1098.000000,1.727797,263.062304,-0.176374,-0.068725,0.189291,2.439882,
16481,380,1.971016,-9.833394,-0.171029,-1.444086,1098.666667,1.454179,263.245675,0.056507,0.406591,0.410499,1.469776,2.932182
16251,381,-2.343475,-1.049697,0.146686,-0.071000,1083.333333,0.162965,334.171845,,,,0.920335,
16261,381,-2.284801,-1.078097,0.073343,-0.035500,1084.000000,0.081483,334.171845,-0.110014,0.053250,0.122224,0.887294,
16271,381,-2.284801,-1.078097,-0.099876,0.013041,1084.666667,0.100724,172.560949,-0.259828,0.072811,0.269837,0.933421,
16281,381,-2.364701,-1.067665,0.000000,0.000000,1085.333333,0.000000,0.000000,0.149814,-0.019561,0.151086,0.898079,
16291,381,-2.284801,-1.078097,0.099876,-0.013041,1086.000000,0.100724,352.560949,0.149814,-0.019561,0.151086,0.947022,
16301,381,-2.284801,-1.078097,0.000000,0.000000,1086.666667,0.000000,0.000000,-0.149814,0.019561,0.151086,1.133526,
16311,381,-2.284801,-1.078097,0.000000,0.000000,1087.333333,0.000000,0.000000,0.000000,0.000000,0.000000,1.227504,
16321,381,-2.284801,-1.078097,0.000000,0.000000,1088.000000,0.000000,0.000000,0.000000,0.000000,0.000000,1.316832,
16331,381,-2.284801,-1.078097,0.000000,0.000000,1088.666667,0.000000,0.000000,0.000000,0.000000,0.000000,1.394292,
16341,381,-2.284801,-1.078097,0.000000,0.000000,1089.333333,0.000000,0.000000,0.000000,0.000000,0.000000,1.546342,
16351,381,-2.284801,-1.078097,0.000000,0.000000,1090.000000,0.000000,0.000000,0.000000,0.000000,0.000000,1.613175,
16361,381,-2.284801,-1.078097,0.000000,0.000000,1090.666667,0.000000,0.000000,0.000000,0.000000,0.000000,1.568020,
16371,381,-2.284801,-1.078097,0.000000,0.000000,1091.333333,0.000000,0.000000,0.000000,0.000000,0.000000,1.594185,
16381,381,-2.284801,-1.078097,0.000000,0.000000,1092.000000,0.000000,0.000000,0.000000,0.000000,0.000000,1.640969,
16391,381,-2.284801,-1.078097,0.000000,0.000000,1092.666667,0.000000,0.000000,0.000000,0.000000,0.000000,1.660827,
16401,381,-2.284801,-1.078097,0.000000,0.000000,1093.333333,0.000000,0.000000,0.000000,0.000000,0.000000,1.680703,
16291,382,3.289696,-10.012477,-0.089788,0.844680,1086.000000,0.849438,96.067638,,,,0.608112,2.546989
16301,382,3.253781,-9.674605,-0.063468,0.917609,1086.666667,0.919802,93.956677,0.039479,0.109394,0.116300,0.676938,2.010104
16311,382,3.238922,-9.278389,0.073428,0.959541,1087.333333,0.962346,85.624022,0.205344,0.062898,0.214761,0.695723,1.293711
16321,382,3.312524,-8.906972,0.220468,1.196477,1088.000000,1.216620,79.559561,0.220560,0.355405,0.418281,0.607814,0.033319
16331,382,3.415296,-8.321208,0.132218,1.224613,1088.666667,1.231730,83.837785,-0.132374,0.042203,0.138939,0.519476,
16341,382,3.418298,-7.927282,0.078225,1.053348,1089.333333,1.056249,85.752814,-0.080990,-0.256897,0.269361,0.411750,
16351,382,3.477876,-7.478529,0.083395,1.150432,1090.000000,1.153451,85.853851,0.007755,0.145625,0.145832,0.361605,
16361,382,3.485015,-7.006937,-0.115750,1.189404,1090.666667,1.195023,95.558389,-0.298718,0.058458,0.304384,0.365977,
16371,382,3.385276,-6.527006,-0.250843,1.176249,1091.333333,1.202699,102.038399,-0.202640,-0.019732,0.203599,0.465654,
16381,382,3.284340,-6.065937,-0.295989,1.182146,1092.000000,1.218638,104.056866,-0.067718,0.008846,0.068293,0.485436,3.371617
16391,382,3.148485,-5.581289,-0.320216,1.161815,1092.666667,1.205135,105.409104,-0.036341,-0.030497,0.047442,0.685981,2.982261
16401,382,3.028167,-5.136486,-0.118817,1.144154,1093.333333,1.150307,95.928733,0.302098,-0.026491,0.303258,0.733699,
16411,382,3.053432,-4.665966,0.038091,1.129071,1094.000000,1.129713,88.067792,0.235361,-0.022624,0.236446,0.715702,1.063683
16421,382,3.058640,-4.233229,-0.074034,1.140255,1094.666667,1.142656,93.714874,-0.168187,0.016776,0.169022,0.645361,
16431,382,2.994204,-3.753762,-0.093809,1.191407,1095.333333,1.195094,94.502052,-0.029662,0.076727,0.082261,0.704677,
16441,382,2.983593,-3.280103,-0.070090,1.213756,1096.000000,1.215778,93.304933,0.035579,0.033524,0.048884,0.714413,
16451,382,2.938133,-2.782757,-0.158616,1.249208,1096.666667,1.259238,97.236328,-0.132790,0.053178,0.143043,0.748632,0.909653
16461,382,2.856700,-2.280737,-0.137517,1.222535,1097.333333,1.230245,96.417961,0.031649,-0.040009,0.051013,0.582930,
16471,382,2.828119,-1.804729,-0.074100,1.141207,1098.000000,1.143610,93.715072,0.095126,-0.121992,0.154697,0.835341,
16481,382,2.797420,-1.367771,-0.050281,1.162531,1098.666667,1.163618,92.476563,0.035729,0.031985,0.047954,0.616456,0.049997
16491,382,2.787894,-0.874704,0.038345,1.125197,1099.333333,1.125851,88.048183,0.132939,-0.056000,0.144253,0.568311,
16501,382,2.828096,-0.467613,0.055529,1.023706,1100.000000,1.025211,86.895134,0.025776,-0.152238,0.154404,0.547761,
16511,382,2.832317,-0.055740,-0.054208,1.088350,1100.666667,1.089699,92.851389,-0.164605,0.096967,0.191043,0.536887,
16521,382,2.784730,0.403067,-0.054192,1.087999,1101.333333,1.089348,92.851497,0.000023,-0.000527,0.000528,0.536520,
16531,382,2.788964,0.814659,-0.009242,1.080927,1102.000000,1.080966,90.489884,0.067425,-0.010608,0.068255,0.589037,
16541,382,2.777336,1.267808,-0.074022,1.140194,1102.666667,1.142594,93.714443,-0.097169,0.088900,0.131701,0.580701,
16551,382,2.729746,1.726814,0.013224,1.076135,1103.333333,1.076217,89.295948,0.130869,-0.096087,0.162356,0.699956,
16561,382,2.787915,2.128717,0.101759,1.036003,1104.000000,1.040989,84.390251,0.132802,-0.060198,0.145809,0.695006,1.854788
16571,382,2.811154,2.555617,-0.047533,1.208093,1104.666667,1.209028,92.253162,-0.223938,0.258135,0.341734,0.654904,
16581,382,2.749889,3.095191,-0.153161,1.348937,1105.333333,1.357604,96.477732,-0.158442,0.211265,0.264077,0.698795,
16291,383,3.847932,-10.253669,0.201948,1.317399,1086.000000,1.332788,81.284787,,,,0.608112,
16301,383,3.928711,-9.726709,0.108384,1.222728,1086.666667,1.227522,84.934475,-0.140347,-0.142007,0.199658,0.676938,
16311,383,3.934639,-9.275486,-0.011096,1.055598,1087.333333,1.055656,90.602254,-0.179220,-0.250696,0.308169,0.695723,1.293711
16321,383,3.919834,-8.882231,-0.009814,1.079439,1088.000000,1.079484,90.520914,0.001923,0.035763,0.035814,0.607814,0.033319
16331,383,3.926788,-8.411935,-0.118941,1.110851,1088.666667,1.117201,96.111510,-0.163691,0.047118,0.170337,0.519476,
16341,383,3.824681,-7.993550,-0.121464,1.061897,1089.333333,1.068822,96.525362,-0.003784,-0.073431,0.073528,0.411750,
16351,383,3.829617,-7.562417,0.013619,1.101893,1090.000000,1.101977,89.291905,0.202624,0.059993,0.211319,0.361605,
16361,383,3.835576,-7.112035,0.018744,1.198699,1090.666667,1.198845,89.104139,0.007688,0.145209,0.145412,0.365977,
16371,383,3.844612,-6.603458,-0.083991,1.353551,1091.333333,1.356154,93.550766,-0.154102,0.232278,0.278748,0.465654,
16381,383,3.768384,-6.029195,-0.030547,1.103588,1092.000000,1.104011,91.585539,0.080165,-0.374944,0.383418,0.485436,
16391,383,3.820174,-5.720587,-0.012293,1.028778,1092.666667,1.028851,90.684586,0.027382,-0.112215,0.115508,0.685981,
16401,383,3.758549,-5.206172,-0.068271,1.228945,1093.333333,1.230840,93.179670,-0.083968,0.300251,0.311772,0.733699,
16411,383,3.765557,-4.737431,-0.068293,1.229355,1094.000000,1.231251,93.179641,-0.000033,0.000615,0.000616,0.715702,1.063683
16421,383,3.703915,-4.222688,-0.086512,1.304214,1094.666667,1.307080,93.795014,-0.027328,0.112288,0.115566,0.645361,
16431,383,3.696347,-3.694060,-0.018914,1.321254,1095.333333,1.321390,90.820122,0.101397,0.025561,0.104570,0.704677,
16441,383,3.688784,-3.165685,-0.021479,1.272132,1096.000000,1.272314,90.967293,-0.003848,-0.073683,0.073784,0.714413,
16451,383,3.679164,-2.676354,-0.315918,1.186825,1096.666667,1.228152,104.905791,-0.441659,-0.127961,0.459823,0.748632,0.909653
16461,383,3.436049,-2.216225,-0.025322,1.198405,1097.333333,1.198673,91.210457,0.435894,0.017371,0.436240,0.582930,
16471,383,3.658907,-1.717630,-0.046180,1.228236,1098.000000,1.229104,92.153237,-0.031288,0.044746,0.054599,0.835341,
16481,383,3.399105,-1.233636,-0.385065,1.150908,1098.666667,1.213616,108.498945,-0.508327,-0.115992,0.521393,0.616456,0.049997
16491,383,3.350855,-0.796903,-0.051356,1.130838,1099.333333,1.132003,92.600276,0.500563,-0.030106,0.501467,0.568311,
16501,383,3.358020,-0.328966,-0.006906,1.124358,1100.000000,1.124379,90.351924,0.066676,-0.009719,0.067380,0.547761,
16511,383,3.345330,0.102583,-0.074877,1.109840,1100.666667,1.112363,93.859679,-0.101956,-0.021777,0.104256,0.536887,
16521,383,3.298119,0.558906,-0.005601,1.147445,1101.333333,1.147458,90.279670,0.103914,0.056407,0.118236,0.536520,
16531,383,3.340849,1.020539,0.037564,1.115924,1102.000000,1.116556,88.072064,0.064747,-0.047282,0.080173,0.589037,
16541,383,3.328170,1.451645,0.081841,1.107090,1102.666667,1.110111,85.772112,0.066417,-0.013250,0.067725,0.580701,
16551,383,3.406322,1.906211,0.149608,1.118804,1103.333333,1.128763,82.383490,0.101651,0.017571,0.103158,0.699956,
16561,383,3.447856,2.346688,0.034788,1.064153,1104.000000,1.064722,88.127607,-0.172230,-0.081976,0.190744,0.695006,1.854788
16571,383,3.434153,2.757534,-0.009530,1.071070,1104.666667,1.071113,90.509767,-0.066477,0.010376,0.067282,0.654904,
16581,383,3.440233,3.203544,0.015199,1.115027,1105.333333,1.115130,89.219056,0.037093,0.065934,0.075652,0.698795,
16341,384,1.568983,3.665522,0.134053,-1.758100,1089.333333,1.763203,274.360287,,,,2.266980,
16351,384,1.622604,2.962282,0.089430,-1.725470,1090.000000,1.727786,272.966939,-0.066934,0.048945,0.082921,2.271323,
16361,384,1.640526,2.285146,0.193293,-1.940464,1090.666667,1.950067,275.688564,0.155795,-0.322491,0.358152,2.369799,
16371,384,1.777238,1.409911,0.073023,-2.020960,1091.333333,2.022279,272.069366,-0.180404,-0.120744,0.217083,2.003577,6.838251
16381,384,1.698945,0.668378,0.033953,-1.889766,1092.000000,1.890071,271.029295,-0.058606,0.196790,0.205331,1.550767,9.665731
16391,384,1.804400,-0.101902,0.081279,-1.874415,1092.666667,1.876176,272.482908,0.070989,0.023028,0.074630,1.587815,9.937028
16401,384,1.763968,-0.831154,-0.174346,-1.889786,1093.333333,1.897811,264.728987,-0.383437,-0.023057,0.384129,1.822215,
16411,384,1.664923,-1.613731,-0.131245,-1.948710,1094.000000,1.953125,266.146959,0.064651,-0.088386,0.109507,2.221991,
16421,384,1.658972,-2.390122,-0.063782,-1.986310,1094.666667,1.987333,268.160809,0.101194,-0.056399,0.115850,2.314328,6.828863
16431,384,1.613897,-3.202779,0.024367,-2.073007,1095.333333,2.073150,270.673459,0.132225,-0.130046,0.185460,1.486213,5.039679
16441,384,1.678465,-4.048527,0.062273,-2.229407,1096.000000,2.230276,271.600005,0.056859,-0.234600,0.241391,1.514540,3.695548
16451,384,1.663716,-4.986304,-0.004175,-2.173783,1096.666667,2.173787,269.889956,-0.099672,0.083436,0.129985,2.545537,3.398850
16461,384,1.675126,-5.787554,0.077452,-1.957652,1097.333333,1.959183,272.265642,0.122440,0.324196,0.346547,2.437368,
16471,384,1.725677,-6.552426,0.005450,-2.003623,1098.000000,2.003631,270.155856,-0.108002,-0.068957,0.128139,1.227379,
16481,384,1.679486,-7.390452,-0.091076,-2.073537,1098.666667,2.075536,267.485015,-0.144789,-0.104871,0.178779,1.363839,2.932182
16491,384,1.652816,-8.211255,-0.130704,-1.949571,1099.333333,1.953947,266.164477,-0.059443,0.185949,0.195219,2.008836,
16501,384,1.574922,-8.950109,-0.151310,-1.901824,1100.000000,1.907834,265.451102,-0.030908,0.071619,0.078004,1.759094,
16511,384,1.531769,-9.732715,-0.107884,-1.956516,1100.666667,1.959488,266.843849,0.065139,-0.082037,0.104753,2.316541,
16381,385,0.893161,3.969795,0.562471,-1.697473,1092.000000,1.788236,288.333014,,,,1.728946,3.371617
16391,385,1.118149,3.290806,0.378825,-1.612780,1092.666667,1.656674,283.218547,-0.275468,0.127039,0.303351,1.846887,2.982261
16401,385,1.196221,2.679571,0.171915,-1.523520,1093.333333,1.533189,276.438066,-0.310365,0.133891,0.338014,1.850466,
16411,385,1.255681,2.071990,0.036861,-1.425758,1094.000000,1.426235,271.480978,-0.202581,0.146642,0.250086,2.051389,
16421,385,1.225710,1.538964,0.012304,-1.446764,1094.666667,1.446816,270.487278,-0.036835,-0.031509,0.048473,1.723456,
16431,385,1.265525,0.914579,0.076347,-1.557431,1095.333333,1.559301,272.806443,0.096063,-0.166000,0.191792,1.308588,
16441,385,1.286787,0.293020,0.095370,-1.634996,1096.000000,1.637775,273.338300,0.028535,-0.116348,0.119796,1.044287,
16451,385,1.341821,-0.393418,0.186621,-1.672580,1096.666667,1.682959,276.366545,0.136877,-0.056376,0.148032,1.228716,
16461,385,1.436084,-1.045045,0.212413,-1.625116,1097.333333,1.638939,277.446700,0.038687,0.071197,0.081029,1.692198,
16471,385,1.511751,-1.693511,0.164627,-1.642456,1098.000000,1.650686,275.723763,-0.071679,-0.026010,0.076252,1.321058,
16481,385,1.567785,-2.359009,0.138685,-1.688225,1098.666667,1.693912,274.696223,-0.038912,-0.068654,0.078914,1.579416,
16491,385,1.622699,-3.044091,-0.054393,-1.816592,1099.333333,1.817407,268.284943,-0.289617,-0.192551,0.347785,2.462502,
16501,385,1.524271,-3.812283,-0.123684,-1.810438,1100.000000,1.814658,266.091784,-0.103937,0.009231,0.104346,1.466824,
16511,385,1.523752,-4.492441,-0.004061,-1.750908,1100.666667,1.750913,269.867117,0.179435,0.089296,0.200426,0.908564,
16521,385,1.521022,-5.213010,-0.077747,-1.821236,1101.333333,1.822894,267.555568,-0.110530,-0.105492,0.152792,1.915467,
16531,385,1.461554,-5.949430,-0.008215,-1.828851,1102.000000,1.828869,269.742622,0.104298,-0.011423,0.104921,1.814595,
16541,385,1.514450,-6.676090,0.066848,-1.736502,1102.666667,1.737788,272.204559,0.112595,0.138523,0.178512,1.479400,
16551,385,1.515032,-7.338631,0.023264,-1.683515,1103.333333,1.683676,270.791712,-0.065376,0.079480,0.102913,2.163419,
16561,385,1.533062,-8.022902,0.090059,-1.738749,1104.000000,1.741079,272.965000,0.100192,-0.082850,0.130010,2.605917,
16571,385,1.587080,-8.729630,0.014992,-1.836075,1104.666667,1.836136,270.467816,-0.112601,-0.145990,0.184369,2.228932,
16581,385,1.545055,-9.491762,-0.105062,-1.905330,1105.333333,1.908225,266.843849,-0.180080,-0.103883,0.207896,1.554403,
16411,386,3.417471,2.779963,-0.585124,-0.041570,1094.000000,0.586599,184.063765,,,,2.274766,6.069144
16421,386,3.183421,2.763335,-0.541861,-0.049619,1094.666667,0.544128,185.232045,0.064895,-0.012073,0.066008,2.309051,5.322172
16431,386,2.983982,2.740268,-0.384889,-0.029200,1095.333333,0.385995,184.338545,0.235458,0.030628,0.237442,2.507237,5.814914
16441,386,2.875510,2.739975,-0.333602,0.108244,1096.000000,0.350723,162.023225,0.076931,0.206167,0.220053,2.917470,6.453264
16451,386,2.717101,2.826863,-0.415229,0.294490,1096.666667,0.509057,144.654828,-0.122440,0.279369,0.305022,3.346912,6.626739
16461,386,2.543327,2.975566,-0.326109,0.279061,1097.333333,0.429211,139.445391,0.133680,-0.023143,0.135668,3.113750,6.233463
16471,386,2.456214,3.050112,-0.360670,0.089263,1098.000000,0.371552,166.099081,-0.051842,-0.284697,0.289379,3.034666,5.409727
16481,386,2.254791,3.046977,-0.481839,-0.011935,1098.666667,0.481987,181.418917,-0.181754,-0.151797,0.236805,2.865751,4.849294
16491,386,2.070742,3.040564,-0.369609,-0.032393,1099.333333,0.371026,185.008609,0.168345,-0.030686,0.171119,2.760865,4.256651
16501,386,1.959104,3.021063,-0.322493,0.008308,1100.000000,0.322600,178.524327,0.070674,0.061050,0.093392,2.572814,3.979063
16511,386,1.812748,3.047210,-0.454288,0.155487,1100.666667,0.480160,161.105724,-0.197693,0.220769,0.296347,2.396208,3.359131
16521,386,1.595673,3.145452,-0.408152,0.172130,1101.333333,0.442964,157.133415,0.069204,0.024964,0.073569,2.199392,
16531,386,1.486226,3.184914,-0.184316,0.033042,1102.000000,0.187254,169.836550,0.335754,-0.208631,0.395295,2.091576,2.900058
16541,386,1.448220,3.171886,-0.071964,-0.036718,1102.666667,0.080790,207.031496,0.168527,-0.104640,0.198371,2.053946,2.234052
16551,386,1.428654,3.155540,-0.024457,-0.020433,1103.333333,0.031869,219.876771,0.071261,0.024428,0.075331,1.932381,2.008115
16561,386,1.428654,3.155540,0.000000,0.000000,1104.000000,0.000000,0.000000,0.036686,0.030649,0.047804,1.703513,1.722588
16571,386,1.428654,3.155540,0.000000,0.000000,1104.666667,0.000000,0.000000,0.000000,0.000000,0.000000,1.507054,1.431035
16581,386,1.428654,3.155540,0.000000,0.000000,1105.333333,0.000000,0.000000,0.000000,0.000000,0.000000,1.322612,
16591,386,1.428654,3.155540,0.000000,0.000000,1106.000000,0.000000,0.000000,0.000000,0.000000,0.000000,1.526868,8.520005
16601,386,1.428654,3.155540,0.000000,0.000000,1106.666667,0.000000,0.000000,0.000000,0.000000,0.000000,1.022522,
16611,386,1.428654,3.155540,0.000000,0.000000,1107.333333,0.000000,0.000000,0.000000,0.000000,0.000000,0.677534,6.090609
16621,386,1.428654,3.155540,0.000000,0.000000,1108.000000,0.000000,0.000000,0.000000,0.000000,0.000000,0.754168,5.587759
16631,386,1.428654,3.155540,0.000000,0.000000,1108.666667,0.000000,0.000000,0.000000,0.000000,0.000000,1.174107,8.019983
16641,386,1.428654,3.155540,0.000000,0.000000,1109.333333,0.000000,0.000000,0.000000,0.000000,0.000000,1.717275,
16651,386,1.428654,3.155540,0.000000,0.000000,1110.000000,0.000000,0.000000,0.000000,0.000000,0.000000,2.034969,
16661,386,1.428654,3.155540,0.000000,0.000000,1110.666667,0.000000,0.000000,0.000000,0.000000,0.000000,2.034969,
16671,386,1.428654,3.155540,-0.001378,-0.024571,1111.333333,0.024610,266.789233,-0.002068,-0.036857,0.036914,2.034969,8.573639
16681,386,1.427552,3.135883,-0.165955,-0.044839,1112.000000,0.171906,195.119590,-0.246865,-0.030402,0.248730,1.749793,4.823450
16691,386,1.295890,3.119669,-0.189114,-0.040747,1112.666667,0.193454,192.159335,-0.034738,0.006137,0.035276,1.900920,2.233688
16701,386,1.276261,3.103285,-0.049074,-0.040959,1113.333333,0.063921,219.849251,0.210060,-0.000317,0.210060,1.885655,2.387210
16441,387,0.771243,-9.575477,0.013419,1.926064,1096.000000,1.926111,89.600822,,,,2.689616,4.889389
16451,387,0.776610,-8.805051,-0.126616,1.959346,1096.666667,1.963433,93.697398,-0.210052,0.049923,0.215903,1.602160,4.295077
16461,387,0.669950,-8.008000,-0.101549,1.981995,1097.333333,1.984595,92.933024,0.037600,0.033974,0.050676,1.536412,3.795387
16471,387,0.695371,-7.219455,-0.036467,1.876711,1098.000000,1.877065,91.113191,0.097623,-0.157926,0.185663,1.227379,3.661721
16481,387,0.640776,-6.506631,-0.157276,1.834715,1098.666667,1.841444,94.899541,-0.181213,-0.062994,0.191850,1.305545,3.352993
16491,387,0.569550,-5.751683,0.012152,1.895218,1099.333333,1.895257,89.632633,0.254141,0.090754,0.269859,1.544691,2.795406
16501,387,0.650498,-4.990457,0.107960,1.910286,1100.000000,1.913335,86.765362,0.143712,0.022603,0.145479,1.466824,2.465800
16511,387,0.655919,-4.223454,0.107643,1.906169,1100.666667,1.909206,86.767883,-0.000475,-0.006176,0.006194,0.908564,
16521,387,0.736612,-3.465522,0.151723,1.847978,1101.333333,1.854196,85.306419,0.066120,-0.087287,0.109503,1.915467,
16531,387,0.777297,-2.745071,0.154133,1.893517,1102.000000,1.899779,85.346375,0.003614,0.068308,0.068404,2.832366,2.900058
16541,387,0.859918,-1.950708,0.159513,1.989569,1102.666667,1.995953,85.416143,0.008070,0.144079,0.144305,2.045447,2.234052
16551,387,0.904907,-1.153416,0.197347,1.829109,1103.333333,1.839725,83.842031,0.056752,-0.240690,0.247290,1.436334,2.008115
16561,387,1.017796,-0.487421,0.124292,1.785766,1104.000000,1.790087,86.018548,-0.109583,-0.065014,0.127418,1.189322,1.722588
16571,387,1.004341,0.275197,-0.105037,1.892127,1104.666667,1.895041,93.177383,-0.343994,0.159542,0.379190,1.007332,1.431035
16581,387,0.933767,1.026281,-0.179294,1.828695,1105.333333,1.837464,95.599657,-0.111385,-0.095148,0.146492,1.222110,
16591,387,0.860906,1.738153,-0.165848,1.652465,1106.000000,1.660767,95.731232,0.020170,-0.264346,0.265114,1.526868,
16601,387,0.801088,2.348253,-0.136909,1.748386,1106.666667,1.753738,94.477467,0.043408,0.143881,0.150286,1.022522,
16611,387,0.751378,3.136862,-0.232167,1.741553,1107.333333,1.756960,97.593362,-0.142887,-0.010249,0.143255,0.677534,
16621,387,0.615355,3.741495,-0.340059,1.511583,1108.000000,1.549363,102.678692,-0.161838,-0.344954,0.381031,1.002397,
16481,388,3.440021,-9.880968,-0.284232,1.396266,1098.666667,1.424902,101.506229,,,,0.588627,
16491,388,3.326329,-9.322462,-0.164730,1.538637,1099.333333,1.547430,96.110936,0.179253,0.213556,0.278815,0.732441,
16501,388,3.308237,-8.650059,-0.230889,1.569380,1100.000000,1.586274,98.369395,-0.099239,0.046115,0.109431,0.717025,1.488510
16511,388,3.141617,-8.066957,-0.211074,1.519254,1100.666667,1.533846,97.909621,0.029723,-0.075189,0.080851,0.672375,
16521,388,3.139378,-7.434656,-0.120386,1.539776,1101.333333,1.544475,94.470507,0.136033,0.030783,0.139472,0.709569,
16531,388,3.045309,-6.835137,-0.259138,1.477035,1102.000000,1.499595,99.950953,-0.208128,-0.094112,0.228417,0.788083,
16541,388,2.932068,-6.253028,-0.214419,1.475019,1102.666667,1.490522,98.270995,0.067077,-0.003024,0.067145,0.769134,1.551491
16551,388,2.873773,-5.655121,-0.214755,1.477056,1103.333333,1.492587,98.272482,-0.000503,0.003056,0.003097,0.700943,5.575792
16561,388,2.760264,-5.071383,-0.240139,1.431392,1104.000000,1.451396,99.523579,-0.038076,-0.068496,0.078367,0.740498,5.329883
16571,388,2.681662,-4.510008,-0.127438,1.421405,1104.666667,1.427106,95.123236,0.169051,-0.014982,0.169713,0.721779,0.990942
16581,388,2.658314,-3.934259,-0.102249,1.468914,1105.333333,1.472468,93.981867,0.037783,0.071264,0.080660,0.631454,0.861780
16591,388,2.599863,-3.334876,-0.075629,1.539752,1106.000000,1.541609,92.811978,0.039930,0.106258,0.113513,0.686170,
16601,388,2.597811,-2.702457,0.034733,1.476786,1106.666667,1.477195,88.652705,0.165543,-0.094449,0.190591,0.650006,0.555093
16611,388,2.627649,-2.153447,0.008144,1.405049,1107.333333,1.405072,89.667915,-0.039883,-0.107606,0.114760,0.613742,1.804931
16621,388,2.604326,-1.578418,0.054561,1.421860,1108.000000,1.422907,87.802474,0.069626,0.025217,0.074052,0.671617,1.335814
16631,388,2.671298,-1.015959,0.058575,1.494139,1108.666667,1.495287,87.754962,0.006022,0.108419,0.108586,0.685005,
16641,388,2.651186,-0.383107,-0.030379,1.529689,1109.333333,1.529990,91.137715,-0.133431,0.053324,0.143692,0.691387,
16651,388,2.646995,0.207792,0.008079,1.400176,1110.000000,1.400200,89.669423,0.057686,-0.194269,0.202653,0.776889,
16661,388,2.657649,0.737034,0.042511,1.197229,1110.666667,1.197983,87.966401,0.051649,-0.304421,0.308771,0.833138,
16671,388,2.681004,1.165575,-0.060848,1.385128,1111.333333,1.386463,92.515377,-0.155039,0.281848,0.321676,0.831899,
16681,388,2.608970,1.845136,-0.180084,1.698904,1112.000000,1.708422,96.050752,-0.178853,0.470665,0.503502,0.877867,
16481,389,3.999549,-10.063754,0.069051,1.321187,1098.666667,1.322990,87.008179,,,,0.588627,
16491,389,4.027170,-9.535279,-0.036025,1.424267,1099.333333,1.424723,91.448927,-0.157615,0.154621,0.220794,0.732441,
16501,389,3.970729,-8.924340,-0.290655,1.635240,1100.000000,1.660870,100.078748,-0.381944,0.316459,0.496012,0.717025,1.488510
16511,389,3.794646,-8.227087,-0.206204,1.557413,1100.666667,1.571004,97.542202,0.126676,-0.116741,0.172265,0.672375,
16521,389,3.805765,-7.678409,0.010828,1.470359,1101.333333,1.470399,89.578066,0.325549,-0.130581,0.350761,0.709569,
16531,389,3.803308,-7.050800,-0.163583,1.532449,1102.000000,1.541155,96.093027,-0.261617,0.093136,0.277700,0.788083,
16541,389,3.674899,-6.452450,-0.321344,1.497368,1102.666667,1.531461,102.112286,-0.236641,-0.052621,0.242421,0.769134,1.551491
16551,389,3.546233,-5.852905,-0.227832,1.589561,1103.333333,1.605806,98.156661,0.140268,0.138290,0.196975,0.700943,
16561,389,3.492633,-5.180801,-0.178514,1.685088,1104.000000,1.694517,96.047206,0.073978,0.143290,0.161260,0.740498,4.742294
16571,389,3.403422,-4.504835,-0.255874,1.498070,1104.666667,1.519765,99.692712,-0.116040,-0.280527,0.303580,0.721779,0.990942
16581,389,3.287934,-3.982345,-0.149821,1.389780,1105.333333,1.397832,96.152829,0.159079,-0.162435,0.227357,0.631454,0.861780
16591,389,3.283566,-3.393011,-0.051598,1.551322,1106.000000,1.552180,91.904996,0.147334,0.242313,0.283589,0.686170,4.435729
16601,389,3.246656,-2.741287,-0.054191,1.501941,1106.666667,1.502918,92.066370,-0.003889,-0.074072,0.074174,0.650006,0.555093
16611,389,3.240213,-2.191458,0.025864,1.319701,1107.333333,1.319955,88.877250,0.120082,-0.273359,0.298571,0.613742,5.553207
16621,389,3.267347,-1.685526,0.142339,1.400514,1108.000000,1.407729,84.196763,0.174713,0.121219,0.212647,0.671617,5.255416
16631,389,3.354084,-1.071047,0.091117,1.698948,1108.666667,1.701390,86.930072,-0.076832,0.447651,0.454197,0.685005,2.165157
16641,389,3.340241,-0.326367,0.086942,1.622993,1109.333333,1.625320,86.933664,-0.006263,-0.113933,0.114105,0.691387,2.620580
16651,389,3.423638,0.227348,0.193853,1.530965,1110.000000,1.543189,82.783529,0.160367,-0.138043,0.211597,0.776889,2.633234
16661,389,3.495323,0.898404,0.110274,1.224919,1110.666667,1.229872,84.855793,-0.125369,-0.459069,0.475880,0.853076,3.840510
16671,389,3.511857,1.207283,-0.018772,1.317026,1111.333333,1.317160,90.816607,-0.193569,0.138161,0.237818,0.831899,
16681,389,3.480306,1.952025,-0.078878,1.861856,1112.000000,1.863526,92.425888,-0.090158,0.817245,0.822203,0.877867,0.544265
16541,390,3.840075,-2.656999,-0.029198,1.123997,1102.666667,1.124377,91.488030,,,,3.062708,
16551,390,3.828396,-2.207400,-0.031755,1.075486,1103.333333,1.075955,91.691244,-0.003836,-0.072768,0.072869,3.107679,
16561,390,3.814671,-1.796610,-0.297934,1.087029,1104.000000,1.127119,105.327265,-0.399268,0.017315,0.399643,3.088120,4.742294
16571,390,3.590049,-1.337777,-0.143259,1.066258,1104.666667,1.075839,97.652245,0.232012,-0.031157,0.234095,3.047552,
16581,390,3.700064,-0.943604,0.120369,1.006346,1105.333333,1.013519,83.179286,0.395441,-0.089867,0.405524,3.066561,
16591,390,3.686344,-0.532700,-0.122642,1.040302,1106.000000,1.047506,96.723598,-0.364516,0.050933,0.368057,2.888531,4.435729
16601,390,3.601950,-0.111363,-0.101827,1.012949,1106.666667,1.018054,95.740378,0.031223,-0.041030,0.051559,2.653816,4.193194
16611,390,3.604882,0.277659,0.007328,0.972295,1107.333333,0.972323,89.568159,0.163733,-0.060980,0.174720,2.495902,5.553207
16621,390,3.607813,0.666474,-0.012187,1.023549,1108.000000,1.023622,90.682168,-0.029273,0.076881,0.082266,2.376514,5.255416
16631,390,3.595133,1.096499,-0.014760,0.974907,1108.666667,0.975019,90.867391,-0.003860,-0.072963,0.073065,1.847426,2.165157
16641,390,3.596005,1.446400,0.209528,1.009286,1109.333333,1.030805,78.271982,0.336432,0.051567,0.340361,1.501385,2.620580
16651,390,3.762755,1.903927,0.191321,1.083947,1110.000000,1.100702,79.990182,-0.027311,0.111992,0.115274,1.710532,2.633234
16661,390,3.749061,2.313557,0.031741,1.012169,1110.666667,1.012667,88.203827,-0.239369,-0.107666,0.262468,1.437721,3.840510
16671,390,3.788148,2.713663,0.089992,0.855825,1111.333333,0.860543,83.997296,0.087376,-0.234517,0.250265,1.531509,
16681,390,3.821055,2.998217,0.082267,0.711386,1112.000000,0.716127,83.403409,-0.011587,-0.216659,0.216969,1.100286,0.544265
16571,391,3.319215,-10.132428,-0.556819,1.361555,1104.666667,1.471013,112.242489,,,,2.228932,
16581,391,3.096488,-9.587805,-0.357842,1.303872,1105.333333,1.352085,105.346736,0.298464,-0.086525,0.310753,1.554403,9.446250
16591,391,3.032941,-9.089330,-0.250370,1.227287,1106.000000,1.252565,101.530290,0.161209,-0.114878,0.197952,4.442018,9.342747
16601,391,2.896192,-8.605976,-0.454068,1.241755,1106.666667,1.322170,110.085749,-0.305547,0.021703,0.306316,2.239105,9.572622
16611,391,2.669687,-8.095926,-0.292402,1.308302,1107.333333,1.340579,102.598419,0.242498,0.099819,0.262239,1.979487,
16621,391,2.662270,-7.559335,-0.095853,1.173268,1108.000000,1.177177,94.670541,0.294824,-0.202550,0.357698,1.735259,3.499639
16631,391,2.593005,-7.157311,-0.220003,0.984362,1108.666667,1.008648,102.598419,-0.186225,-0.283358,0.339074,1.649664,3.217781
16641,391,2.486268,-6.771845,-0.154717,0.930500,1109.333333,0.943275,99.440367,0.097928,-0.080794,0.126955,1.814624,2.986364
16651,391,2.469231,-6.412911,-0.090740,0.851744,1110.000000,0.856564,96.081065,0.095965,-0.118134,0.152200,2.011090,2.583847
16661,391,2.413675,-6.090450,-0.161711,0.808474,1110.666667,0.824489,101.311034,-0.106456,-0.064904,0.124681,2.006284,2.243103
16671,391,2.339862,-5.766132,-0.027917,0.747282,1111.333333,0.747803,92.139501,0.200690,-0.091789,0.220685,1.528153,
16681,391,2.391341,-5.492624,0.198057,0.701550,1112.000000,0.728971,74.234883,0.338962,-0.068598,0.345834,1.553449,
16691,391,2.498308,-5.204892,0.269742,0.767643,1112.666667,0.813656,70.639058,0.107526,0.099139,0.146255,1.799699,
16701,391,2.607135,-4.878510,0.201268,0.772547,1113.333333,0.798334,75.397594,-0.102711,0.007356,0.102974,1.941445,
16711,391,2.659323,-4.586855,0.383491,0.800926,1114.000000,0.888002,64.414436,0.273335,0.042569,0.276630,1.352809,
16721,391,2.913928,-4.237769,0.405430,0.796623,1114.666667,0.893858,63.026831,0.032908,-0.006454,0.033535,1.152251,
16731,391,2.983667,-3.949556,0.042232,0.783754,1115.333333,0.784891,86.915661,-0.544798,-0.019304,0.545140,1.750470,
16741,391,2.947713,-3.610766,-0.007995,0.690090,1116.000000,0.690136,90.663783,-0.075340,-0.140496,0.159422,2.624379,
16751,391,2.977270,-3.397484,0.079124,0.630727,1116.666667,0.635671,82.849643,0.130679,-0.089044,0.158133,3.412262,
16761,391,3.011013,-3.106185,-0.011943,0.616414,1117.333333,0.616530,91.109947,-0.136601,-0.021469,0.138277,3.276499,
16771,391,2.967716,-2.904352,-0.067337,0.426029,1118.000000,0.431318,98.981645,-0.083091,-0.285578,0.297420,2.421737,
16781,391,2.957143,-2.765361,0.022387,0.415298,1118.666667,0.415901,86.914457,0.134585,-0.016097,0.135544,1.708400,
16791,391,2.985625,-2.572114,0.071206,0.483119,1119.333333,0.488338,81.615691,0.073228,0.101731,0.125346,1.163544,
16591,392,3.887634,-4.105507,-0.910096,-0.392237,1106.000000,0.991022,203.315308,,,,0.934104,5.107448
16601,392,3.523596,-4.262402,-0.965106,-0.093327,1106.666667,0.969608,185.523426,-0.082516,0.448365,0.455895,1.546120,2.437075
16611,392,3.115549,-4.180169,-0.917005,0.096367,1107.333333,0.922054,174.000857,0.072153,0.284542,0.293547,1.992615,2.033965
16621,392,2.789992,-4.185308,-0.824733,-0.160659,1108.000000,0.840236,191.023249,0.138407,-0.385540,0.409631,2.544952,1.416632
16631,392,2.455763,-4.308697,-0.783403,-0.141260,1108.666667,0.796037,190.221514,0.061995,0.029098,0.068484,2.851919,
16641,392,2.163270,-4.298317,-0.729374,0.100368,1109.333333,0.736247,172.164826,0.081044,0.362442,0.371393,2.334224,
16651,392,1.872264,-4.228402,-0.665902,0.068746,1110.000000,0.669442,174.105850,0.095207,-0.047434,0.106369,1.615585,
16661,392,1.630548,-4.243320,-0.661960,-0.207037,1110.666667,0.693581,197.367757,0.005914,-0.413673,0.413716,1.017401,
16671,392,1.342696,-4.394031,-0.760189,-0.223234,1111.333333,0.792288,196.365185,-0.147344,-0.024296,0.149334,0.951360,
16681,392,1.022396,-4.421907,-0.819877,0.057891,1112.000000,0.821918,175.961072,-0.089532,0.421688,0.431088,1.492514,
16691,392,0.686794,-4.347719,-0.823901,0.083021,1112.666667,0.828073,174.245937,-0.006035,0.037695,0.038176,2.004078,
16701,392,0.363276,-4.355490,-1.036748,-0.175035,1113.333333,1.051420,189.582924,-0.319271,-0.387085,0.501766,2.166048,
16711,392,-0.142605,-4.487747,-0.934182,0.043116,1114.000000,0.935177,177.357447,0.153849,0.327227,0.361590,2.159442,
16721,392,-0.384070,-4.320997,-0.669707,0.143009,1114.666667,0.684806,167.946151,0.396713,0.149839,0.424067,2.148456,
16731,392,-0.678370,-4.373340,-0.739467,-0.156772,1115.333333,0.755903,191.969842,-0.104641,-0.449671,0.461685,2.310196,
16741,392,-0.975644,-4.446415,-0.690470,-0.085667,1116.000000,0.695764,187.072593,0.073496,0.106657,0.129527,2.226504,
16751,392,-1.230747,-4.441873,-0.487434,0.073780,1116.666667,0.492986,171.392794,0.304555,0.239171,0.387242,2.253075,
16761,392,-1.365591,-4.387391,-0.168556,0.068104,1117.333333,0.181794,157.999244,0.478317,-0.008515,0.478393,2.145860,
16771,392,-1.365591,-4.387391,0.000000,0.000000,1118.000000,0.000000,0.000000,0.252834,-0.102155,0.272691,2.189782,
16781,392,-1.365591,-4.387391,0.000000,0.000000,1118.666667,0.000000,0.000000,0.000000,0.000000,0.000000,2.144952,
16601,393,0.751667,-9.249874,-0.039369,1.827427,1106.666667,1.827851,91.234142,,,,0.575658,2.437075
16611,393,0.735919,-8.518903,0.226452,1.935710,1107.333333,1.948911,83.327484,0.398731,0.162425,0.430545,0.560473,2.033965
16621,393,0.932829,-7.701306,0.274772,1.954311,1108.000000,1.973533,81.996805,0.072479,0.027903,0.077664,0.628915,1.416632
16631,393,0.955737,-6.955454,-0.199605,1.909810,1108.666667,1.920213,95.966648,-0.711565,-0.066752,0.714690,0.648245,0.612093
16641,393,0.773144,-6.173458,-0.267174,1.965829,1109.333333,1.983901,97.739606,-0.101354,0.084028,0.131656,0.566425,4.226769
16651,393,0.741997,-5.382791,-0.104230,1.928510,1110.000000,1.931324,93.093636,0.244417,-0.055978,0.250746,0.500001,
16661,393,0.689761,-4.630650,-0.172061,1.985875,1110.666667,1.993315,94.951882,-0.101747,0.086048,0.133254,0.586487,
16671,393,0.604348,-3.794091,-0.266540,1.997316,1111.333333,2.015022,97.601156,-0.141718,0.017162,0.142753,0.445287,2.990101
16681,393,0.476529,-3.032797,-0.049983,2.048382,1112.000000,2.048992,91.397818,0.324835,0.076599,0.333744,0.428021,2.784210
16691,393,0.564362,-2.155386,0.093053,2.056081,1112.666667,2.058186,87.408705,0.214555,0.011549,0.214865,0.496207,2.233688
16701,393,0.550971,-1.387932,0.027258,1.733546,1113.333333,1.733760,89.099169,-0.098693,-0.483803,0.493767,0.497522,2.387210
16711,393,0.586168,-0.768549,0.070074,1.650416,1114.000000,1.651903,87.568770,0.064224,-0.124695,0.140263,0.547446,
16721,393,0.607031,-0.067600,0.024369,1.680175,1114.666667,1.680352,89.169043,-0.068557,0.044639,0.081809,0.498964,0.814458
16731,393,0.605663,0.575591,-0.146034,1.604782,1115.333333,1.611413,95.199557,-0.255605,-0.113090,0.279505,0.544313,0.485792
16741,393,0.490203,1.216226,-0.125273,1.550967,1116.000000,1.556018,94.617808,0.031142,-0.080723,0.086522,0.567652,
16751,393,0.505445,1.816364,0.159861,1.554045,1116.666667,1.562246,84.126777,0.427701,0.004618,0.427726,0.411435,0.620240
16761,393,0.618092,2.459462,0.162567,1.601279,1117.333333,1.609510,84.203017,0.004059,0.070850,0.070966,0.678176,0.209862
16771,393,0.635498,3.097387,0.020039,1.598235,1118.000000,1.598360,89.281649,-0.213792,-0.004566,0.213840,0.499738,
16781,393,0.634123,3.738050,-0.003437,1.601657,1118.666667,1.601660,90.122953,-0.035214,0.005133,0.035586,0.686253,
16601,394,0.254677,-8.959385,0.008385,1.833296,1106.666667,1.833315,89.737932,,,,0.575658,
16611,394,0.258031,-8.226067,0.103474,1.825910,1107.333333,1.828840,86.756523,0.142633,-0.011078,0.143063,0.560473,2.237890
16621,394,0.337456,-7.498657,0.104853,1.848804,1108.000000,1.851775,86.753993,0.002069,0.034340,0.034403,0.628915,5.587759
16631,394,0.341914,-6.747024,-0.104750,1.938703,1108.666667,1.941531,93.092740,-0.314405,0.134848,0.342103,0.648245,0.612093
16641,394,0.253656,-5.947695,-0.080943,1.935533,1109.333333,1.937225,92.394684,0.035711,-0.004755,0.036026,0.566425,4.272923
16651,394,0.277160,-5.198597,-0.075198,2.037000,1110.000000,2.038387,92.114161,0.008618,0.152200,0.152444,0.500001,4.059237
16661,394,0.193498,-4.318095,-0.131324,1.889344,1110.666667,1.893902,93.976101,-0.084189,-0.221484,0.236946,0.586487,3.725938
16671,394,0.172100,-3.687123,-0.163861,1.741871,1111.333333,1.749562,95.374086,-0.048805,-0.221208,0.226528,0.445287,3.432674
16681,394,0.062410,-2.924598,-0.129932,1.915221,1112.000000,1.919623,93.881106,0.050892,0.260025,0.264958,0.428021,2.741106
16691,394,0.068155,-2.154946,-0.010890,1.901143,1112.666667,1.901174,90.328180,0.178564,-0.021117,0.179808,0.496207,
16701,394,0.053698,-1.403684,-0.009449,1.924500,1113.333333,1.924523,90.281298,0.002161,0.035036,0.035103,0.497522,
16711,394,0.060596,-0.615346,0.078466,1.784097,1114.000000,1.785822,87.481712,0.131872,-0.210605,0.248484,0.547446,
16721,394,0.116471,0.023594,0.079849,1.806709,1114.666667,1.808473,87.469417,0.002074,0.033918,0.033981,0.498964,1.967725
16731,394,0.124475,0.830021,-0.105955,1.909138,1115.333333,1.912076,93.176587,-0.278706,0.153644,0.318250,0.544313,0.806175
16741,394,0.031707,1.550904,0.090404,1.573003,1116.000000,1.575599,86.710684,0.294539,-0.504203,0.583929,0.567652,
16751,394,0.196799,2.088424,0.097804,1.697106,1116.666667,1.699922,86.701697,0.011099,0.186155,0.186486,0.411435,
16761,394,0.109950,2.908590,-0.093515,1.701819,1117.333333,1.704387,93.145253,-0.286979,0.007069,0.287066,0.678176,
16771,394,0.121986,3.449879,-0.004411,1.585223,1118.000000,1.585229,90.159442,0.133656,-0.174894,0.220118,0.622852,
16781,394,0.106421,4.176768,-0.038912,1.817222,1118.666667,1.817638,91.226694,-0.051752,0.347998,0.351825,0.686253,
16611,395,2.061312,3.535226,0.243083,-1.423751,1107.333333,1.444353,279.688915,,,,0.737846,1.804931
16621,395,2.158545,2.965725,0.068956,-1.664031,1108.000000,1.665459,272.372944,-0.261189,-0.360420,0.445110,0.754168,1.335814
16631,395,2.116477,2.204000,-0.073011,-1.738422,1108.666667,1.739954,267.595072,-0.212952,-0.111586,0.240416,1.174107,3.217781
16641,395,2.100136,1.574988,-0.116094,-1.685194,1109.333333,1.689188,266.059090,-0.064624,0.079842,0.102718,1.501385,2.986364
16651,395,2.023602,0.855845,-0.051747,-1.771390,1110.000000,1.772146,268.326718,0.096521,-0.129294,0.161348,0.899217,2.583847
16661,395,2.058739,0.157876,0.020708,-1.710706,1110.666667,1.710832,270.693522,0.108682,0.091026,0.141765,0.833138,2.243103
16671,395,2.040168,-0.512720,-0.185137,-1.683540,1111.333333,1.693689,263.724467,-0.308767,0.040750,0.311444,1.796481,
16681,395,1.910629,-1.188956,-0.148983,-1.865035,1112.000000,1.870976,265.432798,0.054231,-0.272243,0.277592,2.335892,
16691,395,1.920982,-2.004748,-0.152325,-1.919581,1112.666667,1.925615,265.462899,-0.005014,-0.081819,0.081973,1.364958,
16701,395,1.788769,-2.724621,-0.152354,-1.922530,1113.333333,1.928558,265.468963,-0.000044,-0.004424,0.004424,1.821780,
16711,395,1.799099,-3.542772,-0.033630,-1.865423,1114.000000,1.865726,268.967182,0.178087,0.085662,0.197618,1.352809,
16721,395,1.761865,-4.216960,-0.111000,-2.009874,1114.666667,2.012937,266.838922,-0.116055,-0.216678,0.245801,1.152251,
16731,395,1.710299,-5.150672,-0.048808,-2.143497,1115.333333,2.144053,268.695591,0.093288,-0.200434,0.221080,1.750470,
16741,395,1.722819,-5.931757,-0.039322,-1.972905,1116.000000,1.973297,268.858189,0.014229,0.255888,0.256283,2.624379,
16751,395,1.678841,-6.728996,-0.017590,-2.001363,1116.666667,2.001440,269.496433,0.032598,-0.042687,0.053710,2.589032,
16761,395,1.708747,-7.532848,0.054429,-1.958559,1117.333333,1.959315,271.591852,0.108028,0.064206,0.125668,2.827917,
16771,395,1.722384,-8.295843,0.008244,-1.956898,1118.000000,1.956915,270.241371,-0.069277,0.002492,0.069322,3.221383,
16781,395,1.715342,-9.098366,-0.017606,-2.006307,1118.666667,2.006384,269.497227,-0.038775,-0.074114,0.083644,3.756102,
16671,396,3.834546,-5.448057,-0.216658,1.781000,1111.333333,1.794130,96.935945,,,,1.528153,
16681,396,3.747883,-4.735657,0.027421,1.779951,1112.000000,1.780163,89.117395,0.366120,-0.001573,0.366123,1.553449,6.865949
16691,396,3.856483,-4.024096,-0.037399,1.811749,1112.666667,1.812135,91.182573,-0.097231,0.047697,0.108300,1.799699,
16701,396,3.717963,-3.286258,-0.173606,1.751996,1113.333333,1.760576,95.658989,-0.204310,-0.089630,0.223105,1.941445,
16711,396,3.717598,-2.622499,0.106791,1.596084,1114.000000,1.599652,86.172140,0.420596,-0.233869,0.481244,2.127803,
16721,396,3.803396,-2.009391,-0.028122,1.563697,1114.666667,1.563950,91.030313,-0.202370,-0.048580,0.208119,2.399338,
16731,396,3.695101,-1.371542,-0.089128,1.667301,1115.333333,1.669682,93.059924,-0.091509,0.155407,0.180348,2.674377,
16741,396,3.732094,-0.675550,0.086000,1.618015,1116.000000,1.620299,86.957511,0.262692,-0.073930,0.272897,2.603001,
16751,396,3.763901,-0.077130,0.018540,1.601652,1116.666667,1.601760,89.336788,-0.101189,-0.024543,0.104123,1.916957,
16761,396,3.746926,0.605772,-0.046273,1.634662,1117.333333,1.635317,91.621454,-0.097220,0.049515,0.109103,1.850582,
16771,396,3.726882,1.230600,0.062493,1.591184,1118.000000,1.592411,87.750899,0.163148,-0.065218,0.175701,2.511082,
16781,396,3.796920,1.878719,-0.070833,1.589202,1118.666667,1.590780,92.552078,-0.199989,-0.002973,0.200011,2.999054,
16791,396,3.670216,2.501961,-0.169078,1.411380,1119.333333,1.421471,96.831268,-0.147367,-0.266733,0.304735,4.838333,
16801,396,3.661658,3.007823,-0.021395,1.264654,1120.000000,1.264835,90.969211,0.221525,-0.220089,0.312270,5.291533,
16721,398,2.008300,2.577959,-0.188971,-1.746430,1114.666667,1.756624,263.824381,,,,0.928627,
16731,398,1.932711,1.879387,-0.070699,-1.693218,1115.333333,1.694693,267.609035,0.177408,0.079819,0.194537,1.147042,
16741,398,1.951741,1.223385,0.050296,-1.591233,1116.000000,1.592028,271.810399,0.181492,0.152976,0.237363,1.091448,
16751,398,1.972948,0.606400,0.054383,-1.518124,1116.666667,1.519098,272.051604,0.006131,0.109663,0.109835,1.065109,2.506358
16761,398,1.995247,0.008886,0.120219,-1.577374,1117.333333,1.581948,274.358345,0.098754,-0.088874,0.132857,0.942699,
16771,398,2.069123,-0.655499,0.022058,-1.688139,1118.000000,1.688284,270.748626,-0.147240,-0.166148,0.222002,0.919905,
16781,398,2.012894,-1.341626,-0.140713,-1.717026,1118.666667,1.722782,265.314982,-0.244158,-0.043330,0.247973,0.875072,1.946852
16791,398,1.956552,-2.029119,-0.095132,-1.725917,1119.333333,1.728537,266.845080,0.068372,-0.013337,0.069661,0.804942,2.125256
16801,398,1.936788,-2.722360,-0.029228,-1.786198,1120.000000,1.786437,269.062551,0.098856,-0.090420,0.133971,0.789057,
16811,398,1.933170,-3.458077,0.082664,-1.849711,1120.666667,1.851557,272.558861,0.167837,-0.095270,0.192992,0.756838,
16821,398,2.002920,-4.202128,0.150073,-1.882154,1121.333333,1.888128,274.558831,0.101114,-0.048666,0.112216,0.808971,
16831,398,2.053229,-4.963801,0.229253,-2.112270,1122.000000,2.124675,276.194303,0.118770,-0.345173,0.365036,0.806645,
16841,398,2.186323,-5.891944,0.347282,-2.045966,1122.666667,2.075230,279.633549,0.177042,0.099457,0.203065,1.029762,
16851,398,2.331054,-6.600573,0.207512,-1.658986,1123.333333,1.671913,277.129743,-0.209654,0.580470,0.617171,1.051398,
16861,398,2.352332,-7.219133,0.184386,-1.654856,1124.000000,1.665097,276.357726,-0.034690,0.006194,0.035238,0.970492,
16871,398,2.478563,-7.924459,0.200417,-1.779880,1124.666667,1.791128,276.424519,0.024047,-0.187535,0.189071,1.049245,
16881,398,2.512666,-8.643037,0.085257,-1.796445,1125.333333,1.798467,272.717139,-0.172740,-0.024848,0.174518,1.004065,
16721,399,0.888630,2.892812,0.020487,-1.302091,1114.666667,1.302252,270.901394,,,,0.437679,0.814458
16731,399,0.896824,2.371976,0.208421,-1.308392,1115.333333,1.324889,279.050913,0.281902,-0.009452,0.282060,0.930937,0.485792
16741,399,1.055366,1.846098,0.272693,-1.418036,1116.000000,1.444018,280.885298,0.096409,-0.164466,0.190640,0.846255,
16751,399,1.114979,1.237547,0.188506,-1.651776,1116.666667,1.662498,276.510598,-0.126282,-0.350611,0.372659,0.840572,2.506358
16761,399,1.206171,0.524677,0.178681,-1.824058,1117.333333,1.832789,275.594738,-0.014736,-0.258423,0.258843,0.942699,
16771,399,1.257924,-0.221700,0.037901,-1.828290,1118.000000,1.828682,271.187577,-0.211171,-0.006347,0.211266,0.919905,
16781,399,1.236491,-0.937955,-0.031759,-1.819629,1118.666667,1.819906,269.000077,-0.104490,0.012990,0.105294,0.875072,1.946852
16791,399,1.232517,-1.677403,-0.033202,-1.846677,1119.333333,1.846976,268.969965,-0.002164,-0.040572,0.040629,0.804942,2.125256
16801,399,1.209930,-2.415296,-0.012736,-1.901069,1120.000000,1.901111,269.616156,0.030699,-0.081587,0.087172,0.789057,
16811,399,1.222328,-3.198258,0.033790,-1.908197,1120.666667,1.908496,271.014492,0.069790,-0.010693,0.070604,0.756838,
16821,399,1.236962,-3.941854,0.081740,-1.889046,1121.333333,1.890814,272.477664,0.071924,0.028727,0.077448,0.808971,
16831,399,1.287719,-4.709495,-0.016930,-1.981362,1122.000000,1.981434,269.510450,-0.148004,-0.138473,0.202682,0.806645,
16841,399,1.223418,-5.526943,0.109184,-1.816803,1122.666667,1.820081,273.439154,0.189170,0.246838,0.310989,1.029762,
16851,399,1.375067,-6.162937,0.252987,-1.754232,1123.333333,1.772381,278.206358,0.215705,0.093856,0.235240,1.051398,
16861,399,1.425808,-6.930329,0.105017,-1.891737,1124.000000,1.894650,273.177421,-0.221956,-0.206257,0.302996,0.970492,
16871,399,1.459080,-7.676327,0.128210,-1.893014,1124.666667,1.897351,273.874614,0.034790,-0.001916,0.034843,1.049245,
16881,399,1.528376,-8.444740,0.173241,-1.921033,1125.333333,1.928829,275.153055,0.067546,-0.042028,0.079554,1.004065,
16721,400,1.258840,3.126281,-0.215201,0.336994,1114.666667,0.399845,122.561965,,,,0.437679,1.952672
16731,400,1.172759,3.261078,-0.149856,0.250755,1115.333333,0.292121,120.863303,0.098019,-0.129359,0.162300,0.930937,1.824485
16741,400,1.138955,3.326884,-0.094282,-0.007960,1116.000000,0.094618,184.825757,0.083360,-0.388072,0.396924,1.483144,
16751,400,1.097333,3.254710,-0.032967,-0.168331,1116.666667,0.171529,258.919175,0.091974,-0.240557,0.257540,1.473495,0.620240
16761,400,1.112582,3.192220,0.040900,-0.106914,1117.333333,0.114470,290.934263,0.110800,0.092126,0.144096,0.883998,0.209862
16771,400,1.130053,3.169179,-0.024632,-0.020498,1118.000000,0.032045,219.766574,-0.098297,0.129624,0.162680,0.499738,
16781,400,1.092876,3.175821,-0.092941,0.016605,1118.666667,0.094413,169.870536,-0.102464,0.055654,0.116603,0.725642,
16801,401,2.841885,-2.219824,-1.057471,0.627131,1120.000000,1.229446,149.330016,,,,1.035249,
16811,401,2.418896,-1.968972,-1.103733,0.709711,1120.666667,1.312218,147.258601,-0.069394,0.123870,0.141983,1.566322,
16821,401,1.958898,-1.652055,-1.149996,0.792291,1121.333333,1.396501,145.435065,-0.069394,0.123870,0.141983,2.400910,
17261,402,2.230845,-1.390548,0.018296,-1.338849,1150.666667,1.338974,270.782937,,,,0.820460,2.314122
17271,402,2.238164,-1.926087,0.045109,-1.268163,1151.333333,1.268965,272.037190,0.040220,0.106029,0.113401,0.844548,1.970559
17281,402,2.266933,-2.405078,0.229650,-1.240815,1152.000000,1.261888,280.485655,0.276811,0.041021,0.279834,0.884281,1.680462
17291,402,2.421884,-2.918740,0.320282,-1.250241,1152.666667,1.290614,284.368817,0.135948,-0.014139,0.136681,0.719765,0.368411
17301,402,2.523159,-3.405271,0.134476,-1.301555,1153.333333,1.308483,275.898845,-0.278709,-0.076971,0.289142,0.623662,0.340277
17311,402,2.529465,-3.959984,0.083720,-1.394038,1154.000000,1.396550,273.436802,-0.076135,-0.138725,0.158244,0.664187,
17321,402,2.590134,-4.520502,0.151674,-1.401295,1154.666667,1.409480,276.177545,0.101931,-0.010885,0.102511,0.755954,
17261,403,3.024467,-1.182414,0.102902,-1.436656,1150.666667,1.440337,274.096872,,,,0.820460,
17271,403,3.065628,-1.757076,0.133114,-1.293098,1151.333333,1.299931,275.877422,0.045318,0.215338,0.220055,0.844548,
17281,403,3.130958,-2.216892,0.068641,-1.235784,1152.000000,1.237688,273.179184,-0.096710,0.085971,0.129398,0.884281,1.847440
17291,403,3.120540,-2.745703,-0.002373,-1.300753,1152.666667,1.300755,269.895471,-0.106521,-0.097453,0.144374,0.719765,0.368411
17301,403,3.129059,-3.257494,0.064715,-1.309091,1153.333333,1.310690,272.830110,0.100632,-0.012508,0.101406,0.623662,0.340277
17311,403,3.172312,-3.792976,0.122502,-1.069792,1154.000000,1.076783,276.532483,0.086680,0.358948,0.369266,0.664187,
17321,403,3.227061,-4.113328,0.136872,-0.800879,1154.666667,0.812491,279.698271,0.021555,0.403370,0.403945,0.755954,
17261,404,1.925242,-8.308331,0.122414,1.392760,1150.666667,1.398129,84.977015,,,,0.565342,2.314122
17271,404,1.974207,-7.751227,-0.012767,1.451464,1151.333333,1.451520,90.503941,-0.202770,0.088056,0.221065,0.652784,0.261066
17281,404,1.915029,-7.147160,0.123465,1.414099,1152.000000,1.419479,85.010144,0.204348,-0.056047,0.211895,0.403311,1.680462
17291,404,2.072980,-6.619947,0.234096,1.329016,1152.666667,1.349476,80.010275,0.165946,-0.127624,0.209346,0.636117,1.285493
17301,404,2.102305,-6.083946,-0.157211,1.335033,1153.333333,1.344257,96.716096,-0.586959,0.009024,0.587029,0.735385,1.108396
17311,404,1.947211,-5.551921,-0.227294,1.316435,1154.000000,1.335913,99.796058,-0.105126,-0.027897,0.108764,0.530532,
17321,404,1.920470,-5.030799,-0.066854,1.302806,1154.666667,1.304521,92.937582,0.240661,-0.020442,0.241527,0.705639,
17261,405,1.419416,-8.055841,-0.108225,1.415493,1150.666667,1.419624,94.372179,,,,0.565342,
17271,405,1.376126,-7.489643,0.141643,1.296455,1151.333333,1.304170,83.764926,0.374802,-0.178557,0.415162,0.652784,0.261066
17281,405,1.532730,-7.018676,0.092595,1.249102,1152.000000,1.252529,85.760477,-0.073573,-0.071030,0.102265,0.403311,
17291,405,1.450201,-6.490362,-0.179038,1.394451,1152.666667,1.405898,97.316343,-0.407448,0.218024,0.462113,0.636117,
17301,405,1.389500,-5.903116,0.009337,1.428658,1153.333333,1.428689,89.625560,0.282561,0.051311,0.287183,0.735385,1.108396
17311,405,1.457671,-5.347435,-0.154665,1.419440,1154.000000,1.427842,96.218519,-0.246002,-0.013827,0.246391,0.530532,
17321,405,1.265768,-4.767563,-0.479756,1.449679,1154.666667,1.527002,108.311423,-0.487637,0.045358,0.489742,0.705639,
17551,408,0.989451,-3.332592,0.040180,1.552290,1170.000000,1.552810,88.517267,,,,6.722647,
17561,408,1.005523,-2.711676,0.064904,1.573456,1170.666667,1.574794,87.637913,0.037087,0.031749,0.048820,5.421101,
17571,408,1.041374,-2.073827,0.042914,1.599565,1171.333333,1.600140,88.463200,-0.032985,0.039164,0.051204,4.079576,
17581,408,1.039854,-1.432024,-0.007995,1.529396,1172.000000,1.529417,90.299503,-0.076363,-0.105253,0.130037,2.769386,
17591,408,1.034978,-0.850310,0.015324,1.524963,1172.666667,1.525040,89.424264,0.034978,-0.006649,0.035604,1.718365,
17601,408,1.052113,-0.212053,0.018119,1.573481,1173.333333,1.573585,89.340258,0.004192,0.072776,0.072897,1.152870,
17611,408,1.049473,0.408474,0.037186,1.493996,1174.000000,1.494459,88.574173,0.028601,-0.119227,0.122610,1.794275,
17621,408,1.081862,0.983144,0.109739,1.530791,1174.666667,1.534720,85.899621,0.108829,0.055193,0.122024,2.877524,
17631,408,1.137264,1.633107,0.087765,1.557198,1175.333333,1.559669,86.774177,-0.032961,0.039609,0.051530,1.895429,
17641,408,1.152074,2.228902,0.128403,1.447846,1176.000000,1.453529,84.931955,0.060957,-0.164027,0.174988,1.278586,
17651,408,1.239987,2.791385,0.219781,1.406206,1176.666667,1.423278,81.116892,0.137068,-0.062460,0.150628,1.614498,
17551,409,2.483888,3.221845,-0.277076,-1.719357,1170.000000,1.741539,260.845438,,,,6.722647,
17561,409,2.373058,2.534102,-0.166769,-1.789800,1170.666667,1.797553,264.676697,0.165460,-0.105665,0.196322,5.421101,
17571,409,2.350473,1.790005,-0.147312,-1.847088,1171.333333,1.852953,265.440106,0.029186,-0.085932,0.090753,4.079576,
17581,409,2.255209,1.056431,-0.099319,-1.808235,1172.000000,1.810960,266.856134,0.071989,0.058281,0.092624,2.769386,
17591,409,2.271018,0.343417,-0.074195,-1.766612,1172.666667,1.768169,267.595089,0.037687,0.062434,0.072927,1.718365,
17601,409,2.195853,-0.356858,-0.257970,-1.768025,1173.333333,1.786746,261.698625,-0.275664,-0.002121,0.275672,1.152870,
17611,409,2.064642,-1.071003,-0.215526,-1.827966,1174.000000,1.840628,263.275603,0.063667,-0.089911,0.110170,1.626837,
17621,409,2.023432,-1.819230,-0.220442,-1.907751,1174.666667,1.920445,263.408653,-0.007375,-0.119678,0.119905,1.840141,
17631,409,1.888288,-2.597204,-0.130315,-1.947073,1175.333333,1.951429,266.170978,0.135191,-0.058982,0.147497,1.954660,
17641,409,1.919180,-3.376889,0.009760,-1.917526,1176.000000,1.917551,270.291623,0.210112,0.044320,0.214736,1.736251,
17651,409,1.896096,-4.131225,-0.034773,-1.889364,1176.666667,1.889684,268.945623,-0.066799,0.042243,0.079035,2.348337,
17661,409,1.891362,-4.888380,0.057078,-1.899965,1177.333333,1.900823,271.720741,0.137776,-0.015902,0.138691,3.356862,
17671,409,1.941758,-5.651198,0.055740,-1.926173,1178.000000,1.926979,271.657567,-0.002007,-0.039311,0.039362,4.474476,
17681,409,1.935954,-6.429318,-0.042974,-2.044239,1178.666667,2.044691,268.795710,-0.148070,-0.177100,0.230844,5.559852,
17691,409,1.907379,-7.286589,0.034177,-1.901495,1179.333333,1.901802,271.029710,0.115726,0.214117,0.243390,6.552251,
17701,409,1.963295,-7.950514,0.016640,-1.802533,1180.000000,1.802610,270.528894,-0.026306,0.148442,0.150755,6.624260,
17711,409,1.920691,-8.728616,-0.106511,-1.945254,1180.666667,1.948168,266.865929,-0.184726,-0.214081,0.282762,6.807482,
17591,410,3.699572,-1.956980,-0.026605,1.173323,1172.666667,1.173625,91.298960,,,,2.707876,
17601,410,3.688929,-1.487651,-0.010952,1.049178,1173.333333,1.049235,90.598078,0.023479,-0.186218,0.187693,1.872958,9.444456
17611,410,3.690810,-1.117638,-0.301185,1.041536,1174.000000,1.084209,106.128518,-0.435350,-0.011464,0.435501,1.626837,
17621,410,3.447981,-0.654422,-0.341587,1.121370,1174.666667,1.172242,106.941558,-0.060602,0.119751,0.134212,1.840141,
17631,410,3.417540,-0.220542,-0.053912,1.081395,1175.333333,1.082738,92.854050,0.431513,-0.059962,0.435659,2.826152,
17641,410,3.404852,0.210693,-0.073519,1.133266,1176.000000,1.135649,93.711794,-0.029411,0.077807,0.083181,2.259032,
17651,410,3.358725,0.686071,-0.052607,1.105418,1176.666667,1.106669,92.724656,0.031369,-0.041773,0.052239,1.372422,
17661,410,3.362766,1.095028,-0.035597,1.005283,1177.333333,1.005913,92.027987,0.025515,-0.150203,0.152354,1.088531,9.080275
17671,410,3.330248,1.490297,-0.240951,0.942096,1178.000000,0.972421,104.346474,-0.308031,-0.094781,0.322284,1.553317,
17681,410,3.170005,1.848705,-0.233120,0.673202,1178.666667,0.712422,109.100190,0.011747,-0.403341,0.403512,2.233491,
17691,410,3.143752,2.028859,-0.065634,0.450386,1179.333333,0.455143,98.291234,0.251229,-0.334224,0.418117,2.930102,
17591,411,3.627574,-5.664034,-0.018904,1.324652,1172.666667,1.324787,90.817610,,,,3.707753,
17601,411,3.620013,-5.134174,-0.016317,1.373025,1173.333333,1.373122,90.680854,0.003881,0.072559,0.072663,3.647174,9.444456
17611,411,3.614521,-4.565614,0.005841,1.369967,1174.000000,1.369979,89.755712,0.033237,-0.004588,0.033552,3.448820,
17621,411,3.624686,-4.038200,0.003263,1.320478,1174.666667,1.320482,89.858398,-0.003866,-0.074233,0.074333,2.736392,
17631,411,3.617132,-3.509232,-0.018880,1.322105,1175.333333,1.322239,90.818137,-0.033215,0.002439,0.033304,1.954660,
17641,411,3.609582,-2.980517,-0.001899,1.221707,1176.000000,1.221708,90.089080,0.025471,-0.150597,0.152735,1.736251,
17651,411,3.615612,-2.531867,-0.001894,1.221035,1176.666667,1.221037,90.088854,0.000009,-0.001007,0.001007,2.348337,
17661,411,3.608067,-2.003689,-0.020149,1.295914,1177.333333,1.296070,90.890754,-0.027383,0.112318,0.115608,3.108411,9.080275
17671,411,3.599493,-1.495135,-0.008337,1.098650,1178.000000,1.098682,90.434773,0.017718,-0.295895,0.296425,2.450164,
17681,411,3.601397,-1.124768,0.132137,0.810233,1178.666667,0.820937,80.737437,0.210711,-0.432627,0.481212,1.771881,
17691,411,3.705203,-0.846949,0.259514,0.694547,1179.333333,0.741447,69.512022,0.191066,-0.173528,0.258105,1.625891,
17621,412,2.712900,3.415225,-0.304604,-1.414802,1174.666667,1.447221,257.849803,,,,2.928362,
17631,412,2.591058,2.849305,-0.352993,-1.458032,1175.333333,1.500154,256.390432,-0.072583,-0.064845,0.097331,1.895429,
17641,412,2.430506,2.248800,-0.264788,-1.502398,1176.000000,1.525553,260.004624,0.132307,-0.066549,0.148101,1.278586,
17651,412,2.379228,1.647386,-0.195062,-1.469623,1176.666667,1.482512,262.439363,0.104589,0.049163,0.115568,1.372422,
17661,412,2.274456,1.073101,-0.286429,-1.458804,1177.333333,1.486657,258.891557,-0.137051,0.016229,0.138008,1.088531,
17671,412,2.150084,0.480343,-0.174531,-1.504390,1178.000000,1.514480,263.382442,0.167847,-0.068380,0.181241,1.553317,
17681,412,2.134831,-0.130411,-0.083787,-1.521296,1178.666667,1.523601,266.847540,0.136115,-0.025358,0.138457,1.771881,
17691,412,2.083054,-0.736693,-0.105349,-1.495522,1179.333333,1.499228,265.970568,-0.032342,0.038661,0.050405,1.625891,
17701,412,2.050552,-1.326829,-0.035584,-1.482196,1180.000000,1.482623,268.624722,0.104647,0.019988,0.106539,6.624260,
17711,412,2.054587,-1.922450,-0.129956,-1.522198,1180.666667,1.527736,265.120272,-0.141558,-0.060003,0.153749,6.807482,
17721,412,1.946587,-2.544587,-0.219015,-1.464017,1181.333333,1.480308,261.491737,-0.133588,0.087272,0.159569,,
17731,412,1.879375,-3.093664,-0.149312,-1.450916,1182.000000,1.458578,264.124442,0.104554,0.019652,0.106385,,
17741,412,1.827138,-3.705320,-0.156479,-1.577788,1182.666667,1.585529,264.336142,-0.010751,-0.190309,0.190612,,
17751,412,1.754192,-4.355894,-0.042910,-1.616660,1183.333333,1.617230,268.479597,0.170354,-0.058308,0.180056,5.127676,
17761,412,1.792810,-4.998648,-0.068879,-1.667145,1184.000000,1.668568,267.634142,-0.038954,-0.075728,0.085159,3.896576,
17771,412,1.699089,-5.689611,-0.181499,-1.608909,1184.666667,1.619114,263.563727,-0.168931,0.087355,0.190180,2.626281,
17781,412,1.647610,-6.285775,-0.010464,-1.450639,1185.333333,1.450676,269.586701,0.256553,0.237405,0.349543,1.500728,
17791,412,1.690718,-6.850122,-0.035035,-1.475860,1186.000000,1.476275,268.640133,-0.036856,-0.037831,0.052816,0.797726,
17801,412,1.619582,-7.466462,-0.224413,-1.539598,1186.666667,1.555867,261.706924,-0.284067,-0.095608,0.299725,1.263306,
17811,412,1.511187,-8.081800,-0.178427,-1.545949,1187.333333,1.556212,263.416302,0.068980,-0.009527,0.069634,1.261537,
17821,412,1.476841,-8.703221,-0.177600,-1.524817,1188.000000,1.535125,263.356516,0.001240,0.031699,0.031723,2.230925,
17831,412,1.369107,-9.301653,-0.269335,-1.496080,1188.666667,1.520130,259.794530,-0.137602,0.043105,0.144196,3.386303,
17751,413,0.669333,-9.367495,0.088080,1.568300,1183.333333,1.570771,86.785475,,,,5.127676,
17761,413,0.704565,-8.740175,0.086599,1.541921,1184.000000,1.544351,86.785475,-0.002222,-0.039569,0.039631,3.896576,
17771,413,0.738612,-8.133959,0.132130,1.511239,1184.666667,1.517005,85.003259,0.068296,-0.046022,0.082355,2.626281,
17781,413,0.810269,-7.531184,0.201018,1.478394,1185.333333,1.491998,82.256952,0.103332,-0.049268,0.114477,1.500728,
17791,413,0.899426,-6.951243,0.248844,1.496331,1186.000000,1.516882,80.557950,0.071740,0.026906,0.076619,0.797726,
17801,413,1.009344,-6.334118,0.344407,1.534384,1186.666667,1.572562,77.349085,0.143344,0.057079,0.154291,1.286310,2.417337
17811,413,1.174952,-5.723736,0.435015,1.495686,1187.333333,1.557663,73.783100,0.135912,-0.058048,0.147789,2.293692,2.051522
17821,413,1.357357,-5.137570,0.431858,1.464476,1188.000000,1.526824,73.569789,-0.004736,-0.046815,0.047054,2.147727,1.703404
17831,413,1.520439,-4.552155,0.429935,1.458127,1188.666667,1.520190,73.571618,-0.002884,-0.009523,0.009950,2.033223,1.368546
17841,413,1.701305,-3.971068,0.429569,1.476829,1189.333333,1.538036,73.781734,-0.000549,0.028053,0.028059,1.850204,3.907072
17851,413,1.864094,-3.370692,0.498950,1.511666,1190.000000,1.591881,71.733681,0.104071,0.052255,0.116453,1.741583,
17861,413,2.100465,-2.761736,0.521052,1.526685,1190.666667,1.613153,71.155412,0.033153,0.022528,0.040083,0.957949,
17871,413,2.280935,-2.149344,0.382154,1.536542,1191.333333,1.583352,76.033323,-0.208347,0.014786,0.208871,0.913165,
17881,413,2.406188,-1.532502,0.315276,1.588454,1192.000000,1.619440,78.773849,-0.100317,0.077867,0.126991,1.430561,
17891,413,2.533156,-0.878581,0.269107,1.589765,1192.666667,1.612381,80.392364,-0.069254,0.001968,0.069282,1.565474,
17901,413,2.621473,-0.260689,0.265520,1.535876,1193.333333,1.558659,80.191730,-0.005380,-0.080834,0.081013,1.336221,
17911,413,2.745572,0.350120,0.332159,1.520918,1194.000000,1.556766,77.680412,0.099958,-0.022437,0.102445,1.228459,
17921,413,2.887200,0.956045,0.352104,1.487782,1194.666667,1.528879,76.685160,0.029918,-0.049705,0.058014,1.908939,
17931,413,3.027255,1.540345,0.438539,1.442817,1195.333333,1.507991,73.093550,0.129653,-0.067447,0.146147,1.879669,
17941,413,3.238031,2.110299,0.600998,1.577843,1196.000000,1.688428,69.148232,0.243689,0.202540,0.316870,1.881116,
17951,413,3.508054,2.802620,0.675057,1.730803,1196.666667,1.857789,68.692957,0.111088,0.229440,0.254918,2.028624,
17771,414,2.782507,-10.049515,-0.244996,1.353860,1184.666667,1.375849,100.257308,,,,2.801225,
17781,414,2.684509,-9.507971,-0.194440,1.451460,1185.333333,1.464426,97.630023,0.075834,0.146400,0.164875,2.724052,
17791,414,2.626955,-8.888346,-0.023864,1.666085,1186.000000,1.666256,90.820620,0.255864,0.321937,0.411230,2.242967,
17801,414,2.665417,-8.175102,0.002845,1.738608,1186.666667,1.738610,89.906242,0.040064,0.108783,0.115926,1.263306,2.974815
17811,414,2.629231,-7.497460,0.022764,1.685290,1187.333333,1.685443,89.226138,0.029878,-0.079977,0.085376,1.261537,
17821,414,2.683628,-6.826871,0.110607,1.627473,1188.000000,1.631227,86.112019,0.131765,-0.086725,0.157744,2.147727,
17831,414,2.717716,-6.195482,0.066567,1.653199,1188.666667,1.654538,87.694199,-0.066060,0.038589,0.076505,2.033223,
17841,414,2.736882,-5.504312,0.138067,1.717984,1189.333333,1.723523,85.405249,0.107250,0.097178,0.144728,1.850204,3.907072
17851,414,2.828170,-4.821095,0.088922,1.646386,1190.000000,1.648785,86.908431,-0.073718,-0.107398,0.130263,1.741583,
17861,414,2.808019,-4.187203,-0.005324,1.579433,1190.666667,1.579442,90.193135,-0.141369,-0.100429,0.173410,1.591412,
17871,414,2.823911,-3.557548,0.111125,1.638678,1191.333333,1.642441,86.120508,0.174673,0.088866,0.195979,1.509259,
17881,414,2.896919,-2.876261,0.009243,1.427684,1192.000000,1.427714,89.629079,-0.152823,-0.316490,0.351456,1.430561,
17891,414,2.831305,-2.415401,-0.119080,1.146849,1192.666667,1.153015,95.927916,-0.192484,-0.421252,0.463146,1.565474,
17901,414,2.801655,-1.958782,-0.026478,1.184441,1193.333333,1.184737,91.280621,0.138903,0.056388,0.149912,1.707625,
17911,414,2.810123,-1.467848,-0.067507,1.263745,1194.000000,1.265547,93.057742,-0.061544,0.118957,0.133934,1.819114,
17921,414,2.747649,-0.947786,-0.080715,1.437193,1194.666667,1.439457,93.214456,-0.019812,0.260171,0.260924,0.950855,
17931,414,2.745550,-0.318094,0.038415,1.542488,1195.333333,1.542966,88.573377,0.178695,0.157943,0.238491,1.376459,
17941,414,2.778381,0.286205,0.015924,1.544662,1196.000000,1.544744,89.409367,-0.033737,0.003261,0.033894,1.881116,
17951,414,2.758290,0.917635,0.060781,1.535520,1196.666667,1.536723,87.733208,0.067287,-0.013712,0.068670,2.028624,
17961,414,2.827006,1.514621,0.171606,1.490854,1197.333333,1.500698,83.433812,0.166237,-0.067000,0.179231,4.357378,
17971,414,2.895574,2.110318,0.171421,1.489242,1198.000000,1.499076,83.433812,-0.000278,-0.002417,0.002433,5.062520,
17801,415,2.186885,1.481828,-0.035351,-1.475119,1186.666667,1.475542,268.627175,,,,7.904152,2.417337
17811,415,2.172745,0.891780,-0.102384,-1.441022,1187.333333,1.444655,265.935998,-0.100549,0.051145,0.112809,6.690339,2.051522
17821,415,2.104978,0.329010,-0.170948,-1.432958,1188.000000,1.443119,263.196905,-0.102847,0.012096,0.103556,5.517466,1.703404
17831,415,2.035986,-0.254586,-0.235908,-1.352547,1188.666667,1.372966,260.106122,-0.097440,0.120616,0.155057,4.328382,1.368546
17841,415,1.916252,-0.753028,-0.395854,-1.309752,1189.333333,1.368266,253.183299,-0.239919,0.064193,0.248358,3.225211,
17851,415,1.719303,-1.302388,-0.359174,-1.468573,1190.000000,1.511857,256.256738,0.055019,-0.238231,0.244502,2.073366,
17861,415,1.628912,-1.927886,-0.360942,-1.474617,1190.666667,1.518148,256.246129,-0.002651,-0.009066,0.009445,0.957949,
17871,415,1.430549,-2.482081,-0.451974,-1.419039,1191.333333,1.489279,252.332938,-0.136549,0.083366,0.159986,0.913165,
17881,415,1.267332,-3.063118,-0.292321,-1.468229,1192.000000,1.497047,258.739793,0.239480,-0.073785,0.250589,1.640265,
17891,415,1.196693,-3.656665,-0.224868,-1.505662,1192.666667,1.522361,261.505759,0.101179,-0.056149,0.115715,2.052485,
17901,415,1.087438,-4.267647,-0.134644,-1.568212,1193.333333,1.573982,265.092710,0.135336,-0.093826,0.164678,2.875656,
17911,415,1.088977,-4.911234,-0.012516,-1.482271,1194.000000,1.482324,269.516203,0.183192,0.128911,0.224003,3.849578,
17921,415,1.077425,-5.453464,-0.034500,-1.456429,1194.666667,1.456837,268.643021,-0.032976,0.038764,0.050892,4.805287,
17931,415,1.061377,-6.076377,0.100113,-1.568976,1195.333333,1.572166,273.650979,0.201920,-0.168821,0.263196,2.938150,
17941,415,1.157515,-6.708645,0.078199,-1.542974,1196.000000,1.544954,272.901298,-0.032872,0.039003,0.051007,3.396282,
17951,415,1.123936,-7.310756,0.008113,-1.537541,1196.666667,1.537562,270.302311,-0.105129,0.008150,0.105445,2.782319,
17961,415,1.164006,-7.938677,0.104362,-1.494319,1197.333333,1.497959,273.995007,0.144374,0.064833,0.158263,2.156720,
17971,415,1.207426,-8.506211,0.108550,-1.418836,1198.000000,1.422982,274.374987,0.006282,0.113224,0.113399,2.312417,
17881,416,1.622747,1.633408,-0.114673,-1.222749,1192.000000,1.228115,264.642324,,,,3.261405,
17891,416,1.576878,1.144308,-0.025299,-1.287115,1192.666667,1.287364,268.873985,0.134061,-0.096549,0.165209,2.237532,
17901,416,1.602508,0.603716,-0.029491,-1.362620,1193.333333,1.362940,268.760141,-0.006289,-0.113258,0.113433,1.336221,
17911,416,1.553285,0.054212,-0.049780,-1.310637,1194.000000,1.311582,267.824877,-0.030433,0.077975,0.083704,1.228459,
17921,416,1.562684,-0.444794,-0.003702,-1.318751,1194.666667,1.318757,269.839162,0.069117,-0.012172,0.070180,1.287301,3.880496
17931,416,1.550323,-1.000789,-0.077127,-1.384582,1195.333333,1.386728,266.811687,-0.110137,-0.098746,0.147922,1.376459,3.816341
17941,416,1.500983,-1.552459,-0.054059,-1.389008,1196.000000,1.390060,267.771216,0.034602,-0.006639,0.035233,1.887457,2.795175
17951,416,1.507076,-2.111995,-0.101874,-1.410239,1196.666667,1.413914,265.868217,-0.071722,-0.031846,0.078474,1.582359,
17961,416,1.419484,-2.680650,-0.168676,-1.354067,1197.333333,1.364532,262.899247,-0.100204,0.084258,0.130920,1.523988,
17971,416,1.372135,-3.195249,-0.100794,-1.389612,1198.000000,1.393263,265.851377,0.101823,-0.053318,0.114938,1.471792,4.152723
17981,416,1.338849,-3.792340,-0.128393,-1.464111,1198.666667,1.469730,264.988373,-0.041398,-0.111749,0.119170,1.343420,
17991,416,1.269421,-4.366538,-0.077823,-1.395996,1199.333333,1.398163,266.809200,0.075854,0.102173,0.127252,1.345380,
18001,416,1.276590,-4.909136,-0.006741,-1.379711,1200.000000,1.379727,269.720052,0.106623,0.024427,0.109386,1.290814,5.524051
18011,416,1.264028,-5.470307,-0.075236,-1.349585,1200.666667,1.351680,266.809200,-0.102742,0.045189,0.112241,1.220381,
18021,416,1.216401,-5.988804,-0.051971,-1.352933,1201.333333,1.353931,267.800167,0.034898,-0.005023,0.035258,1.293557,
18031,416,1.222452,-6.552653,-0.076824,-1.378068,1202.000000,1.380208,266.809200,-0.037280,-0.037702,0.053022,1.330095,
18041,416,1.154942,-7.091259,-0.094602,-1.277306,1202.666667,1.280804,265.764207,-0.026667,0.151144,0.153478,1.386836,
18051,416,1.146770,-7.574498,-0.027438,-1.334231,1203.333333,1.334513,268.821896,0.100746,-0.085387,0.132063,1.477411,
18061,416,1.132991,-8.158643,-0.034447,-1.460363,1204.000000,1.460769,268.648765,-0.010513,-0.189198,0.189490,1.568295,
17921,417,3.696979,-1.001607,-0.423412,-1.258509,1194.666667,1.327826,251.405025,,,,0.950855,3.880496
17931,417,3.527615,-1.505011,-0.443949,-1.209693,1195.333333,1.288583,249.847225,-0.030805,0.073224,0.079440,1.421406,1.154690
17941,417,3.341821,-1.969362,-0.573413,-1.076475,1196.000000,1.219672,241.956829,-0.194196,0.199827,0.278645,1.887457,0.867222
17951,417,3.068884,-2.366191,-0.508566,-1.090073,1196.666667,1.202871,244.988933,0.097270,-0.020397,0.099386,1.456052,
17961,417,2.934968,-2.841420,-0.292980,-1.244213,1197.333333,1.278242,256.749704,0.323378,-0.231210,0.397532,0.960209,
17971,417,2.834500,-3.361561,-0.319233,-1.294809,1198.000000,1.333582,256.150020,-0.039380,-0.075894,0.085502,1.217464,4.152723
17981,417,2.679581,-3.877267,-0.276156,-1.327978,1198.666667,1.356388,258.252647,0.064616,-0.049754,0.081552,1.343420,
17991,417,2.613576,-4.423944,-0.141187,-1.345644,1199.333333,1.353030,264.010363,0.202454,-0.026498,0.204180,1.345380,
18001,417,2.566632,-4.953782,-0.161499,-1.296849,1200.000000,1.306866,262.901405,-0.030468,0.073192,0.079281,0.999635,5.524051
18011,417,2.484377,-5.461423,-0.070897,-1.307012,1200.666667,1.308933,266.895134,0.135903,-0.015244,0.136756,0.992493,
18021,417,2.509915,-5.999392,0.085196,-1.371520,1201.333333,1.374164,273.554533,0.234139,-0.096763,0.253346,1.293557,
18031,417,2.552534,-6.558639,0.039826,-1.368172,1202.000000,1.368751,271.667367,-0.068054,0.005023,0.068240,1.330095,
18041,417,2.541776,-7.093929,0.081178,-1.445568,1202.666667,1.447846,273.214164,0.062028,-0.116095,0.131627,1.101278,
18051,417,2.617476,-7.715094,0.191838,-1.502773,1203.333333,1.514968,277.274816,0.165990,-0.085807,0.186857,1.477411,
18061,417,2.695246,-8.296147,0.194425,-1.452633,1204.000000,1.465587,277.623356,0.003881,0.075210,0.075310,1.568295,
17931,418,3.692761,-4.769263,-0.339340,1.160439,1195.333333,1.209037,106.300158,,,,2.938150,1.154690
17941,418,3.557025,-4.305087,-0.222174,1.271316,1196.000000,1.290584,99.912863,0.175748,0.166315,0.241967,2.345618,0.867222
17951,418,3.515021,-3.752210,0.315373,1.333498,1196.666667,1.370283,76.693998,0.806321,0.093273,0.811698,1.456052,
17961,418,3.809323,-3.238289,0.526838,1.135221,1197.333333,1.251513,65.104739,0.317197,-0.297416,0.434822,0.960209,
17971,418,3.936491,-2.844034,0.197231,1.217946,1198.000000,1.233812,80.801501,-0.494410,0.124088,0.509744,1.217464,
17981,418,3.967108,-2.263932,-0.002121,1.216614,1198.666667,1.216616,90.099867,-0.299028,-0.001998,0.299035,2.064116,
17991,418,3.934795,-1.870742,-0.080783,0.982975,1199.333333,0.986289,94.698145,-0.117994,-0.350458,0.369788,2.874797,5.492103
17941,419,3.363241,-9.640363,-0.047851,1.631637,1196.000000,1.632338,91.679842,,,,3.668814,
17951,419,3.344100,-8.987709,-0.089928,1.683285,1196.666667,1.685685,93.058072,-0.063115,0.077472,0.099927,2.782319,
17961,419,3.291298,-8.293736,-0.018956,1.751918,1197.333333,1.752021,90.619917,0.106458,0.102950,0.148095,2.156720,
17971,419,3.328936,-7.586174,0.046782,1.721875,1198.000000,1.722510,88.443701,0.098607,-0.045065,0.108416,2.312417,
17981,419,3.328724,-6.916236,-0.000529,1.674176,1198.666667,1.674176,90.018108,-0.070967,-0.071548,0.100774,3.107526,
17991,419,3.328512,-6.246834,0.021771,1.670806,1199.333333,1.670948,89.253460,0.033450,-0.005055,0.033830,1.958076,5.492103
18001,419,3.346141,-5.579591,-0.043830,1.700317,1200.000000,1.700881,91.476620,-0.098402,0.044266,0.107900,0.999635,
18011,419,3.293448,-4.886580,-0.064808,1.725705,1200.666667,1.726921,92.150692,-0.031466,0.038083,0.049401,0.992493,
18021,419,3.294295,-4.199027,0.002115,1.718157,1201.333333,1.718158,89.929467,0.100384,-0.011322,0.101021,1.963814,
18031,419,3.295141,-3.512055,-0.018869,1.743734,1202.000000,1.743836,90.619973,-0.031476,0.038365,0.049625,3.135785,
18041,419,3.279200,-2.804040,0.071493,1.755385,1202.666667,1.756841,87.667751,0.135543,0.017477,0.136665,4.008979,
18051,419,3.352335,-2.107746,0.092444,1.726377,1203.333333,1.728850,86.934861,0.031426,-0.043513,0.053675,4.093488,
18061,419,3.353155,-1.422939,0.002049,1.712019,1204.000000,1.712020,89.931422,-0.135592,-0.021537,0.137292,4.150202,
18011,420,3.504553,-8.661615,0.036007,1.523871,1200.666667,1.524296,88.646427,,,,3.358868,
18021,420,3.518956,-8.052067,0.103945,1.542777,1201.333333,1.546275,86.145520,0.101906,0.028360,0.105779,2.287278,
18031,420,3.587709,-7.427393,0.105155,1.565191,1202.000000,1.568719,86.156429,0.001816,0.033620,0.033669,1.351415,
18041,420,3.603080,-6.799915,0.037115,1.543437,1202.666667,1.543884,88.622463,-0.102060,-0.032630,0.107149,1.101278,
18051,420,3.617401,-6.192644,0.014910,1.543804,1203.333333,1.543876,89.446675,-0.033309,0.000550,0.033313,1.821457,
18061,420,3.615008,-5.564871,-0.005983,1.569430,1204.000000,1.569442,90.218424,-0.031339,0.038439,0.049596,2.881984,
